date,open,high,low,close,adj_close,volume,adj_open,adj_high,adj_low
2010-01-04,24.65999984741211,25.190000534057617,24.65999984741211,24.850000381469727,19.878210067749023,26795000,19.72622332847323,20.15018569561455,19.72622332847323
2010-01-05,24.719999313354492,24.850000381469727,24.350000381469727,24.81999969482422,19.854209899902344,28669900,19.774216806099677,19.878208285765552,19.478244342493575
2010-01-06,24.770000457763672,24.920000076293945,24.3799991607666,24.459999084472656,19.566240310668945,24560700,19.814219116616645,19.934208024732964,19.502246124624126
2010-01-07,24.459999084472656,24.610000610351562,24.079999923706055,24.3799991607666,19.502246856689453,30469700,19.566241045136454,19.686231483498656,19.262269031448653
2010-01-08,24.280000686645508,24.75,24.25,24.68000030517578,19.742225646972656,23542400,19.422254713825158,19.79822036955575,19.398256321685935
2010-01-11,24.690000534057617,24.799999237060547,24.3700008392334,24.690000534057617,19.75022315979004,19002400,19.75022315979004,19.8382142041239,19.494246438561337
2010-01-12,24.559999465942383,24.610000610351562,24.309999465942383,24.559999465942383,19.64622688293457,26204600,19.64622688293457,19.686224189483024,19.44624492741602
2010-01-13,24.6299991607666,24.989999771118164,24.549999237060547,24.799999237060547,19.838212966918945,24912300,19.702225151529337,19.990199707822978,19.638230975213144
2010-01-14,25.1299991607666,25.579999923706055,25.049999237060547,25.34000015258789,20.311124801635742,44685200,20.142799768973347,20.5034951755186,20.078676311012394
2010-01-15,25.469999313354492,25.639999389648438,24.989999771118164,25.239999771118164,20.23097038269043,42296200,20.41532513582874,20.55158767702311,20.03058438262952
2010-01-19,25.31999969482422,25.5,25.1200008392334,25.329999923706055,20.303110122680664,22732200,20.295094498959724,20.43937266828888,20.134786611012583
2010-01-20,25.049999237060547,25.1299991607666,24.510000228881836,25.059999465942383,20.086700439453125,39971500,20.078684812711057,20.14280829782312,19.64585167041076
2010-01-21,25.190000534057617,25.540000915527344,24.59000015258789,24.829999923706055,19.902341842651367,41756100,20.19089823543409,20.471439002992383,19.709971423737613
2010-01-22,24.940000534057617,25.049999237060547,24.110000610351562,24.149999618530273,19.357284545898438,33681500,19.990504949829596,20.07867373771122,19.325223585438838
2010-01-25,24.239999771118164,24.270000457763672,23.81999969482422,24.030000686645508,19.2611026763916,26366600,19.429426180860908,19.453473050995314,19.092777643098454
2010-01-26,23.93000030517578,24.1299991607666,23.700000762939453,23.8799991607666,19.140872955322266,28746000,19.180951078705505,19.341258985766203,18.996596297614865
2010-01-27,23.899999618530273,24.049999237060547,23.540000915527344,23.860000610351562,19.12483787536621,28819300,19.15689883626415,19.277130115072822,18.868344072888068
2010-01-28,24.079999923706055,24.18000030517578,23.290000915527344,23.469999313354492,18.812246322631836,41245700,19.30118889078776,19.38134363572187,18.66796961633996
2010-01-29,23.649999618530273,23.829999923706055,22.979999542236328,23.059999465942383,18.48360252380371,49957800,18.95651356291819,19.10079171435294,18.41947907081312
2010-02-01,23.360000610351562,23.3799991607666,22.860000610351562,23.219999313354492,18.611852645874023,29572800,18.724069854616236,18.740099574016,18.323297821966566
2010-02-02,23.329999923706055,23.850000381469727,23.239999771118164,23.760000228881836,19.0446834564209,32150600,18.700019331027388,19.116822530518316,18.627880256929974
2010-02-03,23.75,23.84000015258789,23.520000457763672,23.75,19.036666870117188,23101100,19.036666870117188,19.108805940562466,18.852312147345295
2010-02-04,23.610000610351562,23.780000686645508,23.100000381469727,23.110000610351562,18.523683547973633,33254900,18.924455574342087,19.06071812446032,18.515667923987387
2010-02-05,23.350000381469727,23.670000076293945,23.06999969482422,23.549999237060547,18.876373291015625,45919600,18.716065300433307,18.97255930842492,18.49163227902821
2010-02-08,23.540000915527344,23.649999618530273,23.100000381469727,23.1200008392334,18.53170394897461,32929200,18.86835259905676,18.956521427985276,18.51567269686966
2010-02-09,23.469999313354492,23.719999313354492,23.25,23.510000228881836,18.84429931640625,34084100,18.812236823093233,19.012622819828106,18.63589769634312
2010-02-10,23.510000228881836,23.610000610351562,22.920000076293945,23.110000610351562,18.523683547973633,40139200,18.844300863303605,18.924455574342087,18.371389749882912
2010-02-11,23.059999465942383,23.510000228881836,22.829999923706055,23.350000381469727,18.71605110168457,28159000,18.48360262777138,18.844298008387117,18.299247890489433
2010-02-12,23.110000610351562,23.5,22.969999313354492,23.40999984741211,18.76415252685547,33657700,18.52368984087358,18.83629163841493,18.411472595767485
2010-02-16,23.690000534057617,23.850000381469727,23.440000534057617,23.809999465942383,19.084762573242188,21582200,18.98857814756258,19.116825067684644,18.78819214376887
2010-02-17,23.950000762939453,24.280000686645508,23.940000534057617,24.18000030517578,19.381332397460938,26147200,19.196977661187756,19.461487095917366,19.188962038459742
2010-02-18,24.110000610351562,24.56999969482422,24.059999465942383,24.520000457763672,19.65385627746582,31679100,19.325223409424044,19.69393285988121,19.285145298185036
2010-02-19,24.40999984741211,24.540000915527344,24.18000030517578,24.31999969482422,19.493547439575195,25941000,19.565686513015002,19.66988807634969,19.381331782590454
2010-02-22,24.59000015258789,24.979999542236328,24.440000534057617,24.809999465942383,19.88630485534668,37081800,19.70996573775258,20.022567387204223,19.58973445171916
2010-02-23,24.809999465942383,24.889999389648438,24.3799991607666,24.479999542236328,19.621801376342773,25098300,19.886310897513173,19.950434371468898,19.541646651692062
2010-02-24,24.6299991607666,24.829999923706055,24.459999084472656,24.770000457763672,19.854236602783203,24530400,19.74201945204007,19.902328793774153,19.605756970213054
2010-02-25,24.450000762939453,24.899999618530273,24.209999084472656,24.8700008392334,19.934398651123047,29145200,19.597750131950594,19.95844399110581,19.405378239145975
2010-02-26,24.959999084472656,24.959999084472656,24.540000915527344,24.649999618530273,19.75806427001953,21048700,20.00654254452453,20.00654254452453,19.6698954474157
2010-03-01,24.600000381469727,24.90999984741211,24.540000915527344,24.739999771118164,19.8301944732666,19744300,19.717978824578193,19.966456987598335,19.669886622115094
2010-03-02,24.790000915527344,24.950000762939453,24.520000457763672,24.579999923706055,19.701946258544922,23535000,19.87027124910417,19.99851813294767,19.65385405930947
2010-03-03,24.510000228881836,24.690000534057617,24.399999618530273,24.5,19.637828826904297,20726400,19.64584445070068,19.79012262138772,19.557674117764392
2010-03-04,24.469999313354492,24.860000610351562,24.280000686645508,24.760000228881836,19.846235275268555,20925500,19.61378671523642,19.926390003859783,19.4614944126198
2010-03-05,24.860000610351562,25.0,24.84000015258789,24.950000762939453,19.99852752685547,19312900,19.926388429704673,20.03860412357295,19.910357179488013
2010-03-08,24.969999313354492,24.969999313354492,24.68000030517578,24.700000762939453,19.79813575744629,16843600,20.014551457459188,20.014551457459188,19.782104511867935
2010-03-09,24.600000381469727,25.100000381469727,24.559999465942383,24.8799991607666,19.942413330078125,21835800,19.71798199659718,20.118753982183208,19.685919503914878
2010-03-10,24.790000915527344,25.020000457763672,24.68000030517578,24.8700008392334,19.934398651123047,23095900,19.870275196462757,20.054629937508118,19.782104872995955
2010-03-11,24.799999237060547,25.25,24.799999237060547,25.139999389648438,20.150815963745117,24214600,19.87829087747702,20.23898629425064,19.87829087747702
2010-03-12,25.1200008392334,25.190000534057617,24.729999542236328,25.049999237060547,20.078676223754883,35344700,20.134785586947732,20.190893421316755,19.822182393025738
2010-03-15,24.920000076293945,25.3799991607666,24.8799991607666,25.280000686645508,20.263029098510742,22025300,19.97447282300048,20.343182260531535,19.942410335133307
2010-03-16,25.3799991607666,25.40999984741211,24.899999618530273,25.209999084472656,20.20691680908203,25478300,20.343179305074155,20.367226167481004,19.95843867950464
2010-03-17,25.229999542236328,25.700000762939453,25.139999389648438,25.469999313354492,20.415313720703125,30309400,20.22294345166644,20.599669899583407,20.150804409674805
2010-03-18,25.43000030517578,25.600000381469727,25.270000457763672,25.3799991607666,20.343189239501953,29185800,20.38326736308519,20.519529925620002,20.25502042526702
2010-03-19,25.549999237060547,25.729999542236328,24.950000762939453,25.190000534057617,20.190889358520508,45881000,20.479444095616106,20.623722228575666,19.99851902418227
2010-03-22,25.190000534057617,25.700000762939453,25.15999984741211,25.559999465942383,20.487464904785156,24945500,20.19089447089694,20.599682108180396,20.166847599707122
2010-03-23,25.670000076293945,26.0,25.540000915527344,25.989999771118164,20.832128524780273,25834200,20.575634687566907,20.840144148296172,20.471434639507926
2010-03-24,25.979999542236328,26.0,25.700000762939453,25.760000228881836,20.647775650024414,28837000,20.8241147969554,20.84014604544658,20.599683433374874
2010-03-25,25.950000762939453,26.25,25.719999313354492,26.040000915527344,20.872203826904297,54350900,20.80006475381591,21.040527311561434,20.61570849546577
2010-03-26,25.700000762939453,26.0,25.3700008392334,25.690000534057617,20.591676712036133,58562200,20.599692339747318,20.84015505578419,20.33518274057689
2010-03-29,25.649999618530273,25.850000381469727,25.40999984741211,25.56999969482422,20.495473861694336,28975300,20.559597301851703,20.719906666656826,20.3672269813796
2010-03-30,25.479999542236328,25.579999923706055,25.219999313354492,25.540000915527344,20.471431732177734,29819400,20.42333799791255,20.50349269286421,20.214936402567687
2010-03-31,25.329999923706055,25.790000915527344,25.299999237060547,25.709999084472656,20.607698440551758,27196400,20.303112349863397,20.67182343735359,20.27906547606271
2010-04-01,25.780000686645508,25.950000762939453,25.190000534057617,25.459999084472656,20.40730857849121,26562700,20.66380393104351,20.800066466002253,20.190892870235142
2010-04-05,25.510000228881836,25.739999771118164,25.350000381469727,25.579999923706055,20.50349235534668,19390200,20.447384528451227,20.631739253628748,20.31913763016916
2010-04-06,25.3700008392334,25.940000534057617,25.299999237060547,25.829999923706055,20.703876495361328,26937600,20.335167077590075,20.792046803447274,20.279057726829528
2010-04-07,25.760000228881836,25.989999771118164,25.75,25.90999984741211,20.768014907836914,29833200,20.647783555766193,20.832138397529608,20.639767928451533
2010-04-08,25.8799991607666,26.079999923706055,25.719999313354492,25.829999923706055,20.703876495361328,28266100,20.743953074223946,20.904262447321397,20.615706187275382
2010-04-09,25.799999237060547,26.139999389648438,25.649999618530273,26.1299991607666,20.94434928894043,19663700,20.67983976389609,20.952364914405315,20.559608439571253
2010-04-12,26.059999465942383,26.280000686645508,25.850000381469727,26.200000762939453,21.040721893310547,24773300,20.92828951662967,21.10496830923303,20.75964324924142
2010-04-13,26.010000228881836,26.6299991607666,26.0,26.350000381469727,21.161184310913086,33933000,20.888136652829917,21.386046006918928,20.880105659150363
2010-04-14,26.34000015258789,26.5,26.200000762939453,26.3799991607666,21.18526268005371,27920000,21.153140256923848,21.28163301295226,21.040709478337607
2010-04-15,26.290000915527344,26.399999618530273,26.139999389648438,26.200000762939453,21.040721893310547,23828200,21.112999302692764,21.201337167239064,20.99253593255215
2010-04-16,26.09000015258789,26.3700008392334,25.90999984741211,25.950000762939453,20.839941024780273,42289300,20.952371812371826,21.17723491930953,20.807817067322915
2010-04-19,25.979999542236328,26.299999237060547,25.8700008392334,26.190000534057617,21.03268051147461,27078800,20.864032795628777,21.12101833238945,20.775694974713932
2010-04-20,26.3799991607666,26.40999984741211,26.020000457763672,26.149999618530273,21.000564575195312,23703400,21.185272808826667,21.209365786508883,20.896164735416132
2010-04-21,26.1200008392334,26.329999923706055,25.979999542236328,26.290000915527344,21.112993240356445,24276800,20.976469454252875,21.145115673216438,20.864037109855563
2010-04-22,26.139999389648438,26.309999465942383,25.860000610351562,26.239999771118164,21.072837829589844,27275800,20.992529451541454,21.129053234697246,20.767667831111844
2010-04-23,26.170000076293945,26.520000457763672,26.15999984741211,26.479999542236328,21.265579223632812,27478900,21.016624604439308,21.297703190886203,21.008593612625962
2010-04-26,26.5,26.610000610351562,26.25,26.469999313354492,21.257549285888672,20080500,21.28164226252338,21.3699816450955,21.080872052499572
2010-04-27,26.34000015258789,26.520000457763672,25.899999618530273,25.979999542236328,20.864038467407227,26235700,21.153148040733207,21.297702827396197,20.799792065752012
2010-04-28,26.020000457763672,26.110000610351562,25.780000686645508,25.860000610351562,20.767663955688477,31820300,20.896156723886094,20.96843409746658,20.703417571589668
2010-04-29,25.989999771118164,26.139999389648438,25.709999084472656,25.969999313354492,20.856006622314453,18620100,20.87206860500977,20.992530411714682,20.647205442540283
2010-04-30,26.06999969482422,26.100000381469727,25.690000534057617,25.8700008392334,20.775691986083984,25567400,20.936307157577243,20.960400122590713,20.63113725951197
2010-05-03,26.049999237060547,26.149999618530273,25.709999084472656,26.010000228881836,20.88813591003418,19357000,20.92025835185468,21.000566754038985,20.647210703481264
2010-05-04,25.579999923706055,25.670000076293945,24.709999084472656,24.969999313354492,20.052915573120117,48382700,20.542795071530417,20.615072424796008,19.844114500547764
2010-05-05,24.850000381469727,25.1200008392334,24.6299991607666,24.940000534057617,20.028833389282227,33663600,19.956556002650608,20.17338816254546,19.77987726566003
2010-05-06,24.860000610351562,24.969999313354492,22.200000762939453,23.90999984741211,19.201663970947266,56242000,19.964591429689232,20.05292928605818,17.82839638331801
2010-05-07,23.920000076293945,24.25,23.110000610351562,23.40999984741211,18.800127029418945,63592900,19.209698543750722,19.47471522575887,18.55920333004991
2010-05-10,24.030000686645508,25.1299991607666,23.989999771118164,24.389999389648438,19.587129592895508,38947200,19.298021703373156,20.18140887859964,19.265897753562765
2010-05-11,24.25,24.610000610351562,24.110000610351562,24.190000534057617,19.4265193939209,29469800,19.474703799171884,19.76381329418705,19.36227300966804
2010-05-12,24.209999084472656,24.700000762939453,24.190000534057617,24.600000381469727,19.755794525146484,27116300,19.442591867888865,19.836102938078067,19.426531410707007
2010-05-13,24.420000076293945,24.549999237060547,24.200000762939453,24.239999771118164,19.466672897338867,22780300,19.61122764549745,19.71562744597052,19.434550470945087
2010-05-14,24.100000381469727,24.1200008392334,23.540000915527344,23.780000686645508,19.097261428833008,28736600,19.354247032396795,19.370309015558288,18.904522226160168
2010-05-17,23.889999389648438,23.889999389648438,23.329999923706055,23.739999771118164,19.065139770507812,22401200,19.185601595291892,19.185601595291892,18.735876734612233
2010-05-18,23.799999237060547,23.950000762939453,23.309999465942383,23.43000030517578,18.816181182861328,29926200,19.113320186238592,19.233783517518177,18.719810824188638
2010-05-19,23.219999313354492,23.5,23.020000457763672,23.190000534057617,18.623441696166992,29806500,18.64753313662949,18.872396282060258,18.486917917111683
2010-05-20,22.950000762939453,23.030000686645508,22.34000015258789,22.350000381469727,17.9488582611084,40313300,18.43070710315763,18.494953513313845,17.940827268369468
2010-05-21,21.6200008392334,22.360000610351562,21.549999237060547,22.15999984741211,17.7962703704834,63119700,17.36260753584834,17.956887142869753,17.306390593284572
2010-05-24,22.040000915527344,22.670000076293945,21.850000381469727,22.280000686645508,17.89263916015625,32817400,17.69989996936658,18.205840153720104,17.54731420224999
2010-05-25,21.770000457763672,22.200000762939453,21.6299991607666,22.200000762939453,17.828393936157227,41173900,17.48306895553202,17.828393936157227,17.370636604691587
2010-05-26,22.31999969482422,22.6200008392334,21.75,21.90999984741211,17.59549903869629,43317600,17.924762022322348,18.16568716539956,17.467006241757094
2010-05-27,22.350000381469727,22.610000610351562,22.270000457763672,22.579999923706055,18.133563995361328,29881400,17.948855783131993,18.157656970251907,17.884609381845486
2010-05-28,22.479999542236328,22.850000381469727,22.280000686645508,22.56999969482422,18.125524520874023,35878200,18.05324716178357,18.35038758601702,17.892631999613698
2010-06-01,22.420000076293945,22.84000015258789,22.149999618530273,22.200000762939453,17.828393936157227,32336200,18.005071156399296,18.342365145410543,17.78823897808742
2010-06-02,22.299999237060547,22.670000076293945,21.899999618530273,22.639999389648438,18.18174171447754,28371600,17.908694226673166,18.205834680491265,17.58746233859581
2010-06-03,22.709999084472656,22.950000762939453,22.540000915527344,22.84000015258789,18.34236717224121,28583600,18.237965801478392,18.43070655800126,18.101443524220425
2010-06-04,22.540000915527344,22.959999084472656,22.040000915527344,22.1299991607666,17.77216911315918,35094700,18.101433496287495,18.438725803959443,17.699893284196868
2010-06-07,22.1299991607666,22.290000915527344,21.690000534057617,21.700000762939453,17.426855087280273,25656900,17.772178566692048,17.900672912124886,17.418824094956022
2010-06-08,21.649999618530273,21.780000686645508,21.299999237060547,21.760000228881836,17.475040435791016,29552600,17.386701047296715,17.491102421290933,17.105622428069143
2010-06-09,21.770000457763672,22.09000015258789,21.479999542236328,21.540000915527344,17.29836082458496,22198300,17.483069037304922,17.74005464313357,17.250174874675814
2010-06-10,21.8799991607666,22.239999771118164,21.729999542236328,22.200000762939453,17.828393936157227,25018200,17.57140679977554,17.860516370858047,17.450944989076174
2010-06-11,22.030000686645508,22.75,21.989999771118164,22.690000534057617,18.221893310546875,30179600,17.691860409645486,18.27007770196859,17.659736460861552
2010-06-14,23.020000457763672,23.079999923706055,22.65999984741211,22.690000534057617,18.221893310546875,22318600,18.486909760997573,18.535094152419283,18.19780034895893
2010-06-15,22.790000915527344,23.239999771118164,22.65999984741211,23.200000762939453,18.631473541259766,24304500,18.302210564631682,18.66359597393437,18.19780921199062
2010-06-16,23.059999465942383,23.219999313354492,22.8799991607666,23.18000030517578,18.61540985107422,20702000,18.51903949838256,18.647532280801578,18.374484735222467
2010-06-17,23.110000610351562,23.18000030517578,22.920000076293945,23.06999969482422,18.527063369750977,22376600,18.55918731888954,18.615402698127816,18.40660162398978
2010-06-18,23.260000228881836,23.260000228881836,22.969999313354492,23.200000762939453,18.631473541259766,29538900,18.679657956149136,18.679657956149136,18.446763809299796
2010-06-21,23.3700008392334,23.65999984741211,22.979999542236328,23.09000015258789,18.543136596679688,19526100,18.767999781838647,19.000892427400487,18.45479721469668
2010-06-22,23.239999771118164,23.489999771118164,22.8799991607666,22.889999389648438,18.38251495361328,19107800,18.663593477758948,18.864363633326604,18.37448396358001
2010-06-23,22.969999313354492,23.010000228881836,22.6299991607666,22.68000030517578,18.2138671875,23533600,18.44675975136246,18.478883708725334,18.173712240796405
2010-06-24,22.489999771118164,22.700000762939453,22.139999389648438,22.219999313354492,17.84445571899414,30313500,18.06128791348374,18.229935686449583,17.78020931304409
2010-06-25,23.139999389648438,23.25,22.559999465942383,22.65999984741211,18.197805404663086,62583800,18.58328370663852,18.67162305858254,18.11749704214622
2010-06-28,22.84000015258789,22.850000381469727,22.389999389648438,22.450000762939453,18.02916145324707,24643100,18.34236242089456,18.350393411315622,17.980975510720686
2010-06-29,22.020000457763672,22.100000381469727,21.579999923706055,21.75,17.467008590698242,34229000,17.683840789100564,17.748087196209937,17.330484784121428
2010-06-30,21.639999389648438,21.959999084472656,21.389999389648438,21.459999084472656,17.234107971191406,35301600,17.37866271613971,17.635648248601324,17.177892577434754
2010-07-01,21.459999084472656,21.68000030517578,21.239999771118164,21.549999237060547,17.306386947631836,38318200,17.234109568458972,17.410788287216967,17.05743238145572
2010-07-02,21.709999084472656,22.030000686645508,21.489999771118164,21.829999923706055,17.531253814697266,31784000,17.434883444659253,17.691870587508937,17.258206219970468
2010-07-06,22.0,22.709999084472656,22.0,22.31999969482422,17.924766540527344,39642400,17.66778088187188,18.237967620544268,17.66778088187188
2010-07-07,22.700000762939453,23.1200008392334,22.600000381469727,23.09000015258789,18.543136596679688,36663500,18.22993556129285,18.567229573153725,18.14962717146786
2010-07-08,23.139999389648438,23.34000015258789,22.959999084472656,23.219999313354492,18.647531509399414,27335600,18.583285120847616,18.743901858104472,18.438730363667396
2010-07-09,23.25,23.389999389648438,23.139999389648438,23.3700008392334,18.76799201965332,16258800,18.671621685369754,18.784052465571833,18.583282339922697
2010-07-12,23.209999084472656,23.479999542236328,23.110000610351562,23.3799991607666,18.816280364990234,19312200,18.67946388883807,18.896760915968947,18.598984872898193
2010-07-13,23.5,23.860000610351562,23.459999084472656,23.709999084472656,19.081871032714844,22207700,18.912863204725525,19.20259266418071,18.880670360324146
2010-07-14,23.850000381469727,24.190000534057617,23.719999313354492,23.940000534057617,19.266971588134766,34781800,19.194539242931942,19.46817220591175,19.08991406206613
2010-07-15,23.829999923706055,23.899999618530273,23.5,23.829999923706055,19.17844581604004,26060700,19.17844581604004,19.23478175219714,18.912861020557184
2010-07-16,23.799999237060547,23.950000762939453,23.25,23.270000457763672,18.727758407592773,30343000,19.154302838178694,19.275024466118897,18.71166198586218
2010-07-19,23.479999542236328,23.670000076293945,23.399999618530273,23.59000015258789,18.985292434692383,19688200,18.89676366224598,19.04967657782457,18.832379519113793
2010-07-20,23.270000457763672,23.969999313354492,23.040000915527344,23.920000076293945,19.250879287719727,38192700,18.7277578766211,19.291118805866077,18.542653637085145
2010-07-21,23.860000610351562,23.969999313354492,23.459999084472656,23.559999465942383,18.961139678955078,38740000,19.2025812635023,19.29110846296839,18.880659150772672
2010-07-22,23.719999313354492,24.40999984741211,23.700000762939453,24.309999465942383,19.56474494934082,32726500,19.08991143395445,19.64522549237962,19.073816553377632
2010-07-23,24.200000762939453,24.579999923706055,24.149999618530273,24.5,19.71765899658203,29755500,19.476218888190413,19.78204312782238,19.43597784676596
2010-07-26,24.450000762939453,24.670000076293945,24.350000381469727,24.639999389648438,19.83032989501953,27093000,19.677418550028886,19.854474518720593,19.596938006064036
2010-07-27,24.600000381469727,24.68000030517578,24.31999969482422,24.56999969482422,19.77400016784668,23800600,19.79814479910969,19.862528947438534,19.57279951243914
2010-07-28,24.549999237060547,24.59000015258789,24.170000076293945,24.280000686645508,19.540605545043945,21200100,19.757901056666224,19.790093893966695,19.452076777506626
2010-07-29,24.25,24.389999389648438,23.6299991607666,23.700000762939453,19.073820114135742,39976700,19.516460880924633,19.629132741189665,19.017482648964258
2010-07-30,23.56999969482422,23.829999923706055,23.399999618530273,23.639999389648438,19.02553367614746,48321700,18.969197737671024,19.178446605611498,18.832381229211453
2010-08-02,23.8700008392334,24.389999389648438,23.719999313354492,24.290000915527344,19.54865264892578,26652000,19.210635551580012,19.62913166754806,19.089913953568825
2010-08-03,24.309999465942383,24.34000015258789,24.059999465942383,24.209999084472656,19.484272003173828,16366100,19.564752577591815,19.588897210428996,19.363551909066487
2010-08-04,24.290000915527344,24.59000015258789,24.170000076293945,24.489999771118164,19.709619522094727,19989600,19.548659890188226,19.790100105567703,19.452082883012764
2010-08-05,24.280000686645508,24.440000534057617,24.139999389648438,24.290000915527344,19.54865264892578,18723600,19.540604440055777,19.66937271189808,19.427931050914598
2010-08-06,24.010000228881836,24.399999618530273,23.899999618530273,24.3799991607666,19.62109375,33734300,19.323317540819744,19.63719017618263,19.234788731854955
2010-08-09,24.399999618530273,24.59000015258789,24.239999771118164,24.260000228881836,19.524507522583008,20551400,19.63717937380145,19.79009226833994,19.50841110525499
2010-08-10,24.100000381469727,24.43000030517578,23.920000076293945,24.290000915527344,19.54865264892578,28063400,19.395739750473464,19.661324503028077,19.25087506089115
2010-08-11,23.90999984741211,23.940000534057617,23.559999465942383,23.65999984741211,19.0416259765625,25666300,19.24282659046112,19.266971216742945,18.961145423995276
2010-08-12,23.239999771118164,23.389999389648438,22.729999542236328,22.940000534057617,18.462173461914062,33737300,18.70361364605141,18.82433373812008,18.293164104986516
2010-08-13,22.760000228881836,22.940000534057617,22.510000228881836,22.65999984741211,18.23682403564453,29793400,18.31730459048306,18.462169282184636,18.11610397090619
2010-08-16,22.510000228881836,23.0,22.350000381469727,22.719999313354492,18.285112380981445,19511700,18.11610459156533,18.51045763524189,17.98733631342763
2010-08-17,22.860000610351562,23.239999771118164,22.719999313354492,23.049999237060547,18.550701141357422,22483000,18.397789737539252,18.703614080214884,18.28511631862567
2010-08-18,22.90999984741211,23.25,22.799999237060547,23.09000015258789,18.5828857421875,18984200,18.43802107858699,18.71165399093493,18.34949233193365
2010-08-19,22.860000610351562,23.15999984741211,22.81999969482422,23.0,18.510456085205078,26754800,18.3977842350293,18.63922435255992,18.365591400671175
2010-08-20,22.950000762939453,23.079999923706055,22.770000457763672,23.020000457763672,18.52655601501465,21985400,18.47022007924548,18.574843740668346,18.32535536724526
2010-08-23,23.059999465942383,23.299999237060547,22.829999923706055,22.84000015258789,18.38168716430664,18250200,18.558743141864785,18.751895536029693,18.373638956003255
2010-08-24,22.610000610351562,22.790000915527344,22.3799991607666,22.40999984741211,18.03561782836914,23293400,18.19657888817811,18.341443534998493,18.01147320888627
2010-08-25,22.219999313354492,22.549999237060547,22.030000686645508,22.420000076293945,18.043670654296875,18685900,17.882709553279604,18.148294295430926,17.729798195855903
2010-08-26,22.540000915527344,22.729999542236328,22.190000534057617,22.25,17.9068660736084,18884700,18.140259671611634,18.293171130607018,17.85857832524353
2010-08-27,22.3799991607666,22.549999237060547,21.950000762939453,22.510000228881836,18.116107940673828,21375200,18.011482735945634,18.14829924863995,17.66541888387341
2010-08-30,22.34000015258789,22.6200008392334,22.0,22.020000457763672,17.721755981445312,23318300,17.979292602150164,18.204637912786584,17.705659558891423
2010-08-31,21.920000076293945,21.93000030517578,21.65999984741211,21.84000015258789,17.576889038085938,41712400,17.64127318516526,17.649321395430068,17.43202432339767
2010-09-01,22.149999618530273,22.649999618530273,22.100000381469727,22.6200008392334,18.204631805419922,29085400,17.826373677499877,18.228774896111787,17.786134169654215
2010-09-02,22.610000610351562,22.719999313354492,22.350000381469727,22.479999542236328,18.091957092285156,18057800,18.196582261065657,18.285109478835256,17.98733345854337
2010-09-03,22.790000915527344,22.940000534057617,22.56999969482422,22.920000076293945,18.446073532104492,21256900,18.341449881553423,18.462169950662798,18.16439234748998
2010-09-07,24.559999465942383,24.690000534057617,24.010000228881836,24.260000228881836,19.524507522583008,113824400,19.76594764234791,19.87057281994119,19.32330691109931
2010-09-08,24.06999969482422,24.229999542236328,23.8799991607666,24.139999389648438,19.42793846130371,54705500,19.371602512764373,19.500370833722712,19.218689555986536
2010-09-09,24.31999969482422,24.5,24.209999084472656,24.329999923706055,19.580846786499023,25963700,19.57279857646289,19.71766328703512,19.484269801104503
2010-09-10,24.420000076293945,25.149999618530273,24.3799991607666,25.049999237060547,20.160306930541992,44266700,19.653281907233893,20.24078750718881,19.621089062559435
2010-09-13,25.139999389648438,25.420000076293945,25.110000610351562,25.110000610351562,20.20859718322754,46816700,20.23274028287164,20.458085601466074,20.20859718322754
2010-09-14,25.040000915527344,25.579999923706055,25.040000915527344,25.3799991607666,20.42589569091797,31261800,20.152264133707842,20.586856875196506,20.152264133707842
2010-09-15,25.270000457763672,25.790000915527344,25.170000076293945,25.739999771118164,20.715621948242188,37563600,20.337365220271668,20.755863005498227,20.256884640798962
2010-09-16,25.68000030517578,25.709999084472656,25.209999084472656,25.360000610351562,20.409793853759766,52951000,20.667330432917513,20.691473527814118,20.28907223912036
2010-09-17,26.440000534057617,27.6299991607666,26.399999618530273,27.479999542236328,22.115978240966797,150976500,21.27898421554275,22.236698341215348,21.246791370122146
2010-09-20,27.350000381469727,27.56999969482422,27.030000686645508,27.489999771118164,22.124027252197266,49729800,22.01135535923031,22.188411410326868,21.753818726711895
2010-09-21,27.329999923706055,27.360000610351562,26.700000762939453,26.81999969482422,21.584806442260742,82733900,21.99525597064189,22.019400602325206,21.488230985605888
2010-09-22,26.65999984741211,27.329999923706055,26.639999389648438,27.200000762939453,21.890634536743164,51969100,21.45604033234071,21.995258214632997,21.439943909576318
2010-09-23,26.959999084472656,27.489999771118164,26.959999084472656,27.1200008392334,21.826244354248047,33123300,21.697474542727086,22.124020417973124,21.697474542727086
2010-09-24,27.440000534057617,27.5,26.739999771118164,26.959999084472656,21.69747543334961,58136200,22.08378181369145,22.13206953559455,21.520419429678892
2010-09-27,26.860000610351562,27.1200008392334,26.780000686645508,26.950000762939453,21.68943214416504,34142900,21.616999782485703,21.826248656777196,21.55261563155288
2010-09-28,27.059999465942383,27.399999618530273,26.790000915527344,27.190000534057617,21.88258934020996,43256700,21.77796411286614,22.05159719740287,21.560668515766622
2010-09-29,27.06999969482422,27.299999237060547,26.93000030517578,27.170000076293945,21.866483688354492,36626800,21.78600313244368,21.971107336511302,21.673331275191895
2010-09-30,27.280000686645508,27.40999984741211,26.809999465942383,26.850000381469727,21.60894775390625,42880900,21.955013079667655,22.05963673080905,21.576754916607992
2010-10-01,27.18000030517578,27.610000610351562,27.139999389648438,27.239999771118164,21.92281723022461,33690400,21.874529515950815,22.220594794163645,21.84233668307578
2010-10-04,27.020000457763672,27.360000610351562,26.889999389648438,26.899999618530273,21.689002990722656,36791900,21.785757585441296,22.059893809638304,21.68093997967426
2010-10-05,27.209999084472656,27.350000381469727,27.059999465942383,27.299999237060547,22.01151466369629,42520100,21.938949105682134,22.051829716960835,21.81800702161256
2010-10-06,27.299999237060547,27.860000610351562,27.239999771118164,27.579999923706055,22.237274169921875,50631600,22.011514487038383,22.463033852805363,21.963137961371217
2010-10-07,27.6299991607666,27.889999389648438,27.540000915527344,27.690000534057617,22.32596206665039,40611400,22.27758401109945,22.487217638234874,22.205020003496582
2010-10-08,27.59000015258789,28.079999923706055,27.309999465942383,28.0,22.575910568237305,33162900,22.245334857945636,22.640413108346365,22.019575198632992
2010-10-11,27.899999618530273,28.100000381469727,27.729999542236328,27.850000381469727,22.454965591430664,22649500,22.49527909708287,22.65653619541503,22.358211024859038
2010-10-12,27.75,28.0,27.40999984741211,27.950000762939453,22.535600662231445,27552500,22.374343517232674,22.575914179550086,22.100207293452026
2010-10-13,28.0,28.90999984741211,26.979999542236328,28.600000381469727,23.059680938720703,49145300,22.575911107417937,23.30962809538007,21.75350254798943
2010-10-14,28.65999984741211,28.700000762939453,28.110000610351562,28.329999923706055,22.841978073120117,38136000,23.108051177310895,23.140303208297162,22.664596516280092
2010-10-15,28.469999313354492,28.90999984741211,28.15999984741211,28.899999618530273,23.30156135559082,54775500,22.954859673022224,23.30962436423912,22.704912556371564
2010-10-18,28.729999542236328,29.229999542236328,28.579999923706055,29.229999542236328,23.567636489868164,35810300,23.164495250406056,23.567636489868164,23.04355318613978
2010-10-19,28.940000534057617,29.239999771118164,28.450000762939453,29.1299991607666,23.48700714111328,44673600,23.33381458255235,23.575698702915094,22.938736365766935
2010-10-20,29.010000228881836,29.18000030517578,28.600000381469727,28.639999389648438,23.09193229675293,39081700,23.390257524106374,23.52732562242629,23.059681793663398
2010-10-21,28.799999237060547,29.139999389648438,28.56999969482422,28.81999969482422,23.237060546875,30191100,23.220934528382948,23.495070691300757,23.035489929309655
2010-10-22,28.84000015258789,29.030000686645508,28.729999542236328,28.989999771118164,23.374134063720703,16499800,23.253191972630155,23.40638610820465,23.16450038816143
2010-10-25,29.149999618530273,29.290000915527344,28.809999465942383,28.84000015258789,23.253190994262695,30650400,23.503138177048367,23.616018790130653,23.22900196191748
2010-10-26,28.709999084472656,28.84000015258789,28.540000915527344,28.6299991607666,23.08386993408203,28045400,23.14837247993253,23.253190078103337,23.01130591562947
2010-10-27,28.549999237060547,28.81999969482422,28.360000610351562,28.700000762939453,23.140308380126953,33890100,23.01936477475919,23.237061418986976,22.866172206920517
2010-10-28,28.81999969482422,29.479999542236328,28.5,29.360000610351562,23.672456741333008,35130600,23.237063415469304,23.769209788505858,22.979053239192424
2010-10-29,29.360000610351562,29.709999084472656,29.299999237060547,29.3799991607666,23.688583374023438,35074300,23.672458889939076,23.95465658469157,23.62408082409971
2010-11-01,29.520000457763672,29.549999237060547,28.93000030517578,29.1299991607666,23.48700714111328,21100000,23.80145834301893,23.825645832338164,23.325751573492024
2010-11-02,29.489999771118164,29.56999969482422,29.260000228881836,29.530000686645508,23.809524536132812,24201900,23.777272495578448,23.841775038825237,23.591827875976673
2010-11-03,29.549999237060547,29.56999969482422,28.989999771118164,29.200000762939453,23.543445587158203,30003800,23.825643183588294,23.841769199916172,23.374125491438587
2010-11-04,29.610000610351562,29.81999969482422,29.100000381469727,29.469999313354492,23.761154174804688,35709700,23.874034815460575,24.04335346965075,23.46283039231844
2010-11-05,29.299999237060547,29.5,28.979999542236328,29.25,23.58376693725586,28312700,23.624080453627705,23.78533759483924,23.366070257978908
2010-11-08,29.079999923706055,29.190000534057617,28.84000015258789,29.040000915527344,23.41444969177246,27179000,23.446700199182757,23.535391785819854,23.253192541134492
2010-11-09,29.059999465942383,29.25,28.610000610351562,28.739999771118164,23.172565460205078,34625800,23.430575687575075,23.58376983677436,23.067749382034364
2010-11-10,28.639999389648438,28.84000015258789,28.360000610351562,28.690000534057617,23.132240295410156,27841000,23.091925256512003,23.253182336381652,22.86616719012828
2010-11-11,28.190000534057617,28.579999923706055,27.68000030517578,28.56999969482422,23.03549575805664,37211000,22.729109018490455,23.043558769342877,22.317904670065356
2010-11-12,28.5,28.610000610351562,28.09000015258789,28.31999969482422,22.83392333984375,25818800,22.97905445615105,23.067746035641523,22.648478708056437
2010-11-15,28.350000381469727,28.770000457763672,28.280000686645508,28.399999618530273,22.89842987060547,21636700,22.858116348112752,23.196755165783397,22.80167680147803
2010-11-16,28.010000228881836,28.100000381469727,27.5,27.579999923706055,22.237274169921875,31206600,22.583975935904295,22.656541493336057,22.172771623078308
2010-11-17,27.510000228881836,28.110000610351562,27.489999771118164,27.90999984741211,22.503345489501953,24642700,22.180832782204668,22.664602612081545,22.16470676237433
2010-11-18,28.3700008392334,28.59000015258789,28.15999984741211,28.309999465942383,22.825855255126953,32649200,22.874233308383268,23.051614890071324,22.704913197709562
2010-11-19,28.31999969482422,28.3700008392334,28.030000686645508,28.149999618530273,22.69685173034668,25890900,22.833919814825492,22.87423486194385,22.600098692986222
2010-11-22,27.889999389648438,28.09000015258789,27.790000915527344,28.049999237060547,22.61621856689453,27618000,22.487213518118594,22.64847059801926,22.406586516029748
2010-11-23,27.75,27.81999969482422,27.079999923706055,27.190000534057617,21.922821044921875,31294200,22.374338802772932,22.43077833027159,21.83412948007439
2010-11-24,27.670000076293945,27.8799991607666,27.6200008392334,27.739999771118164,22.366275787353516,34983800,22.309836259870206,22.47915484232014,22.269522751056922
2010-11-26,27.579999923706055,27.6200008392334,27.34000015258789,27.489999771118164,22.164714813232422,12887500,22.23728039096494,22.269532442340484,22.043772696299044
2010-11-29,27.170000076293945,27.34000015258789,26.90999984741211,27.219999313354492,21.947010040283203,32610700,21.9066965286941,22.0437646211037,21.6970628851346
2010-11-30,26.920000076293945,27.1299991607666,26.809999465942383,27.049999237060547,21.80994415283203,38931000,21.705128089386452,21.87444670061286,21.616436509489546
2010-12-01,27.540000915527344,27.690000534057617,27.40999984741211,27.649999618530273,22.293710708618164,34781300,22.205020679797077,22.325962746634428,22.100203094106043
2010-12-02,27.809999465942383,28.18000030517578,27.690000534057617,28.100000381469727,22.656538009643555,32129900,22.42271535212468,22.721040546569142,22.325962315667187
2010-12-03,28.079999923706055,28.899999618530273,28.059999465942383,28.809999465942383,23.229001998901367,34454600,22.64041605165584,23.30156755819049,22.62429003006669
2010-12-06,28.850000381469727,28.959999084472656,28.639999389648438,28.729999542236328,23.16449737548828,21150300,23.261251958494515,23.349941993566482,23.091931822699085
2010-12-07,29.059999465942383,29.3700008392334,28.940000534057617,29.049999237060547,23.422513961791992,32190500,23.4305769740728,23.68052574119085,23.33382390242778
2010-12-08,29.260000228881836,29.280000686645508,29.0,29.229999542236328,23.567636489868164,14874800,23.591825517866134,23.607951536531445,23.38219188880242
2010-12-09,29.350000381469727,29.489999771118164,29.040000915527344,29.260000228881836,23.591825485229492,18260200,23.66439103126123,23.777270086038694,23.414443893741794
2010-12-10,29.440000534057617,29.979999542236328,29.420000076293945,29.940000534057617,24.140106201171875,28562000,23.73696482223783,24.172356711798194,23.720838797993515
2010-12-13,29.989999771118164,30.719999313354492,29.56999969482422,30.420000076293945,24.527111053466797,45575200,24.180409369981597,24.768995162108645,23.841770695166012
2010-12-14,30.360000610351562,30.75,30.360000610351562,30.510000228881836,24.59968376159668,25351800,24.47874167203511,24.793191412467607,24.47874167203511
2010-12-15,30.59000015258789,30.700000762939453,30.260000228881836,30.489999771118164,24.583555221557617,30537600,24.66418378562755,24.752875359890673,24.398110600700136
2010-12-16,30.700000762939453,30.770000457763672,30.25,30.270000457763672,24.406164169311523,47435600,24.75286578418654,24.809305295843153,24.390038155163534
2010-12-17,31.920000076293945,32.27000045776367,31.3700008392334,31.459999084472656,25.365644454956055,92487100,25.736535171644757,26.018734329108874,25.293080451245206
2010-12-20,31.540000915527344,31.940000534057617,31.110000610351562,31.670000076293945,25.53497314453125,33568100,25.430157070297277,25.752669842396664,25.083455263592114
2010-12-21,31.649999618530273,32.0,31.59000015258789,31.760000228881836,25.60753059387207,20002800,25.51883903295827,25.801038195797144,25.47046251694243
2010-12-22,31.68000030517578,31.8799991607666,31.559999465942383,31.65999984741211,25.526905059814453,14019200,25.543031079680112,25.70428666475099,25.446276498348066
2010-12-23,31.530000686645508,31.700000762939453,31.40999984741211,31.540000915527344,25.430150985717773,13049400,25.422087976111722,25.559156063690953,25.32533339870092
2010-12-27,31.399999618530273,31.799999237060547,31.239999771118164,31.65999984741211,25.526905059814453,13822100,25.317271415146603,25.63978412315026,25.188266331945137
2010-12-28,31.65999984741211,31.760000228881836,31.40999984741211,31.56999969482422,25.454343795776367,9736000,25.526909359532773,25.607537934580133,25.325338690845456
2010-12-29,31.530000686645508,31.690000534057617,31.420000076293945,31.5,25.397897720336914,9769000,25.42208674798652,25.551091819727542,25.333395184466404
2010-12-30,31.450000762939453,31.579999923706055,31.209999084472656,31.290000915527344,25.22857666015625,12989400,25.3575817192148,25.462397753001767,25.164072592765365
2010-12-31,31.219999313354492,31.329999923706055,30.93000030517578,31.299999237060547,25.23664093017578,11716300,25.172138393491352,25.26082995813061,24.938317274708456
2011-01-03,31.59000015258789,31.940000534057617,31.520000457763672,31.6200008392334,25.494651794433594,20970400,25.470462767257096,25.752661932869323,25.414023241706996
2011-01-04,31.600000381469727,31.75,31.139999389648438,31.479999542236328,25.381772994995117,22870800,25.47852757266099,25.599469641346957,25.10763681911395
2011-01-05,31.31999969482422,31.440000534057617,30.979999542236328,31.040000915527344,25.02701187133789,36339600,25.252770008152815,25.349524593832047,24.97863380956729
2011-01-06,31.190000534057617,31.200000762939453,31.020000457763672,31.170000076293945,25.13182830810547,21859400,25.147954328938635,25.156017339355216,25.010886227580702
2011-01-07,31.239999771118164,31.34000015258789,30.93000030517578,31.030000686645508,25.018951416015625,27697900,25.188270035917892,25.268898609240832,24.938322842692685
2011-01-10,30.850000381469727,31.219999313354492,30.799999237060547,31.040000915527344,25.02701187133789,29719600,24.87381775145493,25.172141443063786,24.83350269997943
2011-01-11,31.079999923706055,31.100000381469727,30.860000610351562,30.989999771118164,24.9866943359375,26395300,25.059259883517697,25.07538590250481,24.88187828824489
2011-01-12,31.219999313354492,31.229999542236328,30.940000534057617,30.940000534057617,24.94639015197754,33963700,25.172148350744486,25.18021136325222,24.94639015197754
2011-01-13,30.969999313354492,31.389999389648438,30.899999618530273,31.18000030517578,25.139894485473633,43412400,24.97057432111957,25.30921311196551,24.914134778955614
2011-01-14,31.020000457763672,31.34000015258789,30.940000534057617,31.25,25.236801147460938,37934100,25.051058660695332,25.309483257992195,24.986452511371116
2011-01-18,31.260000228881836,31.549999237060547,31.229999542236328,31.530000686645508,25.46292495727539,26975900,25.244878612691,25.479075340319568,25.22065072762645
2011-01-19,31.360000610351562,31.610000610351562,31.270000457763672,31.600000381469727,25.519451141357422,26939000,25.325632712273528,25.527527101777412,25.25295060882557
2011-01-20,31.469999313354492,32.349998474121094,31.469999313354492,32.310001373291016,26.092832565307617,47750700,25.414465738540606,26.12513332701293,25.414465738540606
2011-01-21,32.470001220703125,32.66999816894531,32.34000015258789,32.5099983215332,26.25434684753418,34482100,26.222046084313497,26.383559142409254,26.117060132019965
2011-01-24,32.58000183105469,32.650001525878906,32.06999969482422,32.400001525878906,26.16550636291504,20170200,26.310870526760578,26.367400692626845,25.899004368977224
2011-01-25,32.38999938964844,32.439998626708984,31.940000534057617,32.290000915527344,26.076675415039062,25926600,26.157431924104415,26.197810178637088,25.794023012315314
2011-01-26,32.310001373291016,32.72999954223633,32.15999984741211,32.560001373291016,26.294723510742188,21485600,26.09282914340724,26.432010201811437,25.971691290740846
2011-01-27,32.619998931884766,33.09000015258789,32.15999984741211,32.91999816894531,26.58544921875,25635600,26.343176590373595,26.722738992583587,25.971691688152195
2011-01-28,33.20000076293945,33.29999923706055,31.829999923706055,32.0,25.842483520507812,30820300,26.811577268659676,26.892333797395622,25.705195265191833
2011-01-31,31.950000762939453,32.20000076293945,31.84000015258789,32.029998779296875,25.866708755493164,20820100,25.80210415140332,26.003998545263027,25.713270125198814
2011-02-01,32.16999816894531,33.43000030517578,32.11000061035156,33.2400016784668,26.843887329101562,32573400,25.979776252057153,26.99732600149983,25.931323555860235
2011-02-02,33.09000015258789,33.560001373291016,33.0,33.13999938964844,26.76312255859375,19358200,26.7227442926332,27.102306770123636,26.65006218163853
2011-02-03,32.97999954223633,33.15999984741211,32.720001220703125,32.9900016784668,26.641977310180664,17600900,26.633899811758486,26.779263976727563,26.42393106272705
2011-02-04,32.91999816894531,32.97999954223633,32.529998779296875,32.619998931884766,26.343181610107422,38691800,26.585454284649263,26.63391005182331,26.27049949967845
2011-02-07,32.70000076293945,33.290000915527344,32.54999923706055,32.97999954223633,26.6339054107666,22785100,26.407784698018485,26.88425554321178,26.28664684152419
2011-02-08,33.02000045776367,33.15999984741211,32.720001220703125,33.029998779296875,26.674283981323242,15418400,26.666209561772238,26.779269919468497,26.423936926614008
2011-02-09,33.040000915527344,33.099998474121094,32.61000061035156,32.88999938964844,26.561229705810547,17112700,26.682367591460544,26.730820281189022,26.335108938639248
2011-02-10,32.779998779296875,33.2599983215332,32.65999984741211,33.2599983215332,26.860027313232422,17237600,26.4723904682101,26.860027313232422,26.37548202712047
2011-02-11,33.06999969482422,33.59000015258789,33.029998779296875,33.470001220703125,27.02962303161621,17402300,26.706590762053867,27.1265314802193,26.674286918964825
2011-02-14,33.290000915527344,33.540000915527344,33.2400016784668,33.290000915527344,26.884252548217773,16438000,26.884252548217773,27.086146899440802,26.84387429410583
2011-02-15,33.119998931884766,33.150001525878906,32.61000061035156,32.7599983215332,26.45624542236328,19332100,26.74697390183946,26.771203328905543,26.335110609691274
2011-02-16,32.849998474121094,33.13999938964844,32.61000061035156,33.11000061035156,26.738889694213867,15829000,26.52891783336307,26.763116031749163,26.335100971753768
2011-02-17,32.970001220703125,33.20000076293945,32.7599983215332,33.0099983215332,26.65812873840332,14568900,26.625827983562157,26.811570416717938,26.4562343874953
2011-02-18,33.02000045776367,33.709999084472656,32.90999984741211,33.68000030517578,27.1992130279541,25539900,26.666211950593052,27.223439369441067,26.577377924255547
2011-02-22,33.290000915527344,33.65999984741211,32.52000045776367,32.529998779296875,26.27050018310547,24887800,26.884260927286924,27.18306379763974,26.262425762031835
2011-02-23,32.54999923706055,32.650001525878906,32.02000045776367,32.18000030517578,25.987850189208984,22154100,26.286653070526608,26.367412687547855,25.858637882639382
2011-02-24,32.099998474121094,32.40999984741211,31.639999389648438,32.25,26.044370651245117,23416200,25.92323281129961,26.173582909544145,25.55174795377281
2011-02-25,32.290000915527344,33.08000183105469,32.27000045776367,32.95000076293945,26.609683990478516,20850400,26.076682868574036,26.714669946802434,26.060530946011568
2011-02-28,33.060001373291016,33.22999954223633,32.68000030517578,32.900001525878906,26.569303512573242,19406700,26.698515801652132,26.835802511007962,26.39163545984078
2011-03-01,33.02000045776367,33.08000183105469,31.610000610351562,31.670000076293945,25.57598304748535,30423200,26.666213132341383,26.714668898126668,25.52752882203212
2011-03-02,31.579999923706055,32.36000061035156,31.549999237060547,32.119998931884766,25.939395904541016,23091500,25.503304729976797,26.13321591582765,25.479076843482897
2011-03-03,32.470001220703125,33.189998626708984,32.43000030517578,33.029998779296875,26.674283981323242,24169800,26.2220425505382,26.803496258785213,26.189738711006786
2011-03-04,32.9900016784668,33.099998474121094,32.220001220703125,32.7599983215332,26.45624542236328,19148900,26.64199101365664,26.730821977350274,26.020155783813614
2011-03-07,32.970001220703125,33.060001373291016,31.889999389648438,32.099998474121094,25.923240661621094,20474300,26.625835417010247,26.698517526855188,25.753650098870953
2011-03-08,32.34000015258789,33.0099983215332,32.189998626708984,32.7400016784668,26.440099716186523,21891800,26.117067349397704,26.658143021004268,25.995929441685654
2011-03-09,32.630001068115234,33.13999938964844,32.41999816894531,32.790000915527344,26.480466842651367,17217800,26.35125456647179,26.76311773408679,26.18166095094687
2011-03-10,32.369998931884766,32.459999084472656,31.510000228881836,31.799999237060547,25.68096923828125,29054200,26.14128826280345,26.213970376184026,25.44677251542441
2011-03-11,31.729999542236328,32.400001525878906,31.34000015258789,31.90999984741211,25.769804000854492,23705900,25.62443976999725,26.165518425002418,25.309484963361353
2011-03-14,31.520000457763672,31.860000610351562,31.270000457763672,31.59000015258789,25.511381149291992,18656500,25.454850953458852,25.72942751064752,25.252956516722023
2011-03-15,30.239999771118164,31.299999237060547,29.81999969482422,31.170000076293945,25.172189712524414,34600300,24.421142421626435,25.277174105507285,24.08195982381224
2011-03-16,30.920000076293945,31.059999465942383,29.6200008392334,30.200000762939453,24.388843536376953,45026200,24.97029883955862,25.083359207872057,23.92044860150872
2011-03-17,30.690000534057617,31.049999237060547,30.34000015258789,30.549999237060547,24.671489715576172,31529500,24.78455160249237,25.075278428042765,24.50189919569942
2011-03-18,30.979999542236328,31.190000534057617,30.610000610351562,30.760000228881836,24.841081619262695,34862100,25.01874809710912,25.188340156248987,24.71994531435233
2011-03-21,31.450000762939453,31.850000381469727,31.299999237060547,31.420000076293945,25.374086380004883,23199400,25.398314260735443,25.721344968816627,25.277176397414568
2011-03-22,31.389999389648438,31.540000915527344,31.059999465942383,31.1299991607666,25.139896392822266,20051900,25.34986680696983,25.47100470999019,25.083366192923386
2011-03-23,31.219999313354492,31.709999084472656,30.829999923706055,31.40999984741211,25.366008758544922,23159700,25.21256860463066,25.60828138865643,24.89761387741934
2011-03-24,31.780000686645508,32.33000183105469,31.5,32.13999938964844,25.955543518066406,38277500,25.664816630086147,26.108985233377926,25.438694348028584
2011-03-25,33.7400016784668,34.099998474121094,32.58000183105469,32.63999938964844,26.35933494567871,64967600,27.247672240843368,27.53839761748146,26.31088225657121
2011-03-28,32.83000183105469,32.88999938964844,32.400001525878906,32.560001373291016,26.294723510742188,31399500,26.512769797143555,26.561222473679262,26.165511238874362
2011-03-29,32.400001525878906,33.15999984741211,32.36000061035156,33.15999984741211,26.779268264770508,29950300,26.16551075491632,26.779268264770508,26.133206917380964
2011-03-30,33.27000045776367,33.43000030517578,33.0,33.04999923706055,26.69043731689453,25718200,26.868105363078104,26.99731764739419,26.65005905567023
2011-03-31,33.0,33.630001068115234,32.95000076293945,33.43000030517578,26.997312545776367,38234200,26.65005401967302,27.158828640816132,26.6096757660789
2011-04-01,33.70000076293945,34.099998474121094,33.61000061035156,34.02000045776367,27.473777770996094,43176800,27.21535330350374,27.538382347537855,27.1426712294801
2011-04-04,34.09000015258789,34.43000030517578,34.0099983215332,34.13999938964844,27.57069206237793,26743000,27.530313808335894,27.804890248750375,27.465706137337985
2011-04-05,34.290000915527344,34.400001525878906,33.90999984741211,33.91999816894531,27.393033981323242,30286100,27.6918399470495,27.780673986553822,27.38495955985214
2011-04-06,34.20000076293945,34.20000076293945,33.4900016784668,33.58000183105469,27.118452072143555,24782200,27.619149225279152,27.619149225279152,27.04576997889295
2011-04-07,33.599998474121094,34.06999969482422,33.29999923706055,33.720001220703125,27.23151206970215,22723600,27.134600559510993,27.51416293943445,26.892327945359963
2011-04-08,33.880001068115234,33.93000030517578,33.310001373291016,33.540000915527344,27.086158752441406,16136500,27.36073531348695,27.40111358526857,26.900416237714225
2011-04-11,33.540000915527344,33.849998474121094,33.540000915527344,33.779998779296875,27.328853607177734,15960300,27.134689405815696,27.385485089757026,27.134689405815696
2011-04-12,33.56999969482422,33.630001068115234,33.08000183105469,33.400001525878906,27.021434783935547,16948600,27.158967545183625,27.207510153604574,26.762547044727746
2011-04-13,33.56999969482422,33.970001220703125,33.4900016784668,33.70000076293945,27.264135360717773,24345500,27.158961276507384,27.482572418915705,27.094240899736466
2011-04-14,33.33000183105469,33.880001068115234,33.20000076293945,33.79999923706055,27.345029830932617,17962100,26.96479038188555,27.409753277858645,26.859616323722662
2011-04-15,33.97999954223633,34.29999923706055,33.68000030517578,34.18000030517578,27.652467727661133,25468400,27.490662151496366,27.749549838886125,27.247955330341554
2011-04-18,33.66999816894531,33.779998779296875,33.279998779296875,33.630001068115234,27.207502365112305,20226500,27.239861008611243,27.32885422214823,26.92434185965967
2011-04-19,33.540000915527344,33.84000015258789,33.47999954223633,33.66999816894531,27.239870071411133,20452400,27.134699044226114,27.377405925231795,27.0861564335508
2011-04-20,34.18000030517578,34.369998931884766,33.83000183105469,34.11000061035156,27.59583854675293,24798400,27.65247004021895,27.806183653028878,27.369312572888845
2011-04-21,34.11000061035156,34.790000915527344,34.099998474121094,34.75,28.113616943359375,21125800,27.5958414704224,28.14597868196425,27.58774949267855
2011-04-25,34.70000076293945,34.86000061035156,34.560001373291016,34.83000183105469,28.178340911865234,12163000,28.07316680265828,28.202610673149408,27.959903801751707
2011-04-26,34.810001373291016,35.279998779296875,34.720001220703125,34.970001220703125,28.291603088378906,30391000,28.162159221659657,28.542398844168257,28.089346853743507
2011-04-27,35.04999923706055,35.290000915527344,34.83000183105469,35.25,28.51813316345215,21990200,28.35632753535855,28.550494906308,28.178344122022686
2011-04-28,35.029998779296875,35.349998474121094,34.709999084472656,35.290000915527344,28.55048942565918,22995700,28.340141223660957,28.599028944439485,28.08125350288243
2011-04-29,35.290000915527344,36.04999923706055,35.209999084472656,35.959999084472656,29.092531204223633,94242100,28.550486067041447,29.16534356001367,28.48576260136821
2011-05-02,35.84000015258789,36.439998626708984,35.83000183105469,36.369998931884766,29.424226760864258,30058600,28.995444667848002,29.4808582415953,28.987355778965384
2011-05-03,36.45000076293945,36.5,35.869998931884766,36.13999938964844,29.238157272338867,24946200,29.48895608418168,29.529406709011848,29.019720194834132
2011-05-04,36.119998931884766,36.16999816894531,34.95000076293945,35.25,28.51813316345215,38886400,29.22198409654579,29.262434732022772,28.27542626440458
2011-05-05,35.04999923706055,35.369998931884766,34.56999969482422,34.66999816894531,28.04889678955078,23245400,28.356327170352774,28.615214937495836,27.967995519638183
2011-05-06,35.119998931884766,35.560001373291016,34.83000183105469,34.869998931884766,28.210695266723633,23885400,28.41295147643725,28.768924380691516,28.17833661866993
2011-05-09,34.88999938964844,35.45000076293945,34.810001373291016,35.20000076293945,28.47767448425293,16272500,28.226875677238482,28.679930690694807,28.162155295993173
2011-05-10,35.4900016784668,35.65999984741211,35.22999954223633,35.619998931884766,28.817462921142578,17015600,28.712291917701886,28.849824654286515,28.50194373845103
2011-05-11,35.529998779296875,35.70000076293945,34.720001220703125,34.97999954223633,28.299699783325195,20854300,28.744663004982122,28.88219888727525,28.08935459922438
2011-05-12,34.900001525878906,35.75,34.810001373291016,35.72999954223633,28.90645408630371,23096900,28.23496514538733,28.92263495172374,28.162152794089458
2011-05-13,35.77000045776367,35.91999816894531,35.13999938964844,35.189998626708984,28.46959114074707,20438800,28.938827163350343,29.060179072302905,28.429140504429547
2011-05-16,35.08000183105469,35.09000015258789,34.02000045776367,34.18000030517578,27.652467727661133,31350300,28.38059127731024,28.38868016733538,27.523023883966257
2011-05-17,34.029998779296875,34.290000915527344,33.709999084472656,33.939998626708984,27.45830535888672,27856100,27.53111772695087,27.741465939662962,27.272229992986162
2011-05-18,34.0,34.22999954223633,33.54999923706055,33.90999984741211,27.434032440185547,30005900,27.506844799867885,27.69292014434834,27.14278300145619
2011-05-19,34.04999923706055,34.56999969482422,33.9900016784668,34.5,27.911361694335938,22741400,27.547299837607525,27.967993195806425,27.498760314167313
2011-05-20,34.459999084472656,34.599998474121094,34.040000915527344,34.27000045776367,27.72528648376465,16484100,27.879000119208595,27.992263122818382,27.53921110837923
2011-05-23,33.68000030517578,33.7400016784668,32.959999084472656,33.15999984741211,26.82725715637207,29985800,27.247950342923634,27.296492932743313,26.66545160982391
2011-05-24,33.27000045776367,33.41999816894531,32.91999816894531,33.040000915527344,26.730180740356445,21893400,26.916256078244437,27.037607949292383,26.633095540096374
2011-05-25,33.0,33.380001068115234,32.93000030517578,32.9900016784668,26.689729690551758,23042300,26.697818580685237,27.005248870897574,26.64118709119674
2011-05-26,33.13999938964844,33.59000015258789,33.0099983215332,33.400001525878906,27.021434783935547,20948100,26.8110865669634,27.175148414657276,26.70591245847733
2011-05-27,33.41999816894531,33.849998474121094,33.400001525878906,33.70000076293945,27.264135360717773,16918600,27.03760632655812,27.385487224482464,27.021428547003822
2011-05-31,33.90999984741211,34.22999954223633,33.31999969482422,34.220001220703125,27.68483543395996,30783300,27.434036582478008,27.692924325730516,26.956711727196446
2011-06-01,34.22999954223633,34.29999923706055,32.83000183105469,32.880001068115234,26.600732803344727,31762600,27.69291490579126,27.749546387477565,26.560282185880833
2011-06-02,32.869998931884766,32.880001068115234,32.08000183105469,32.720001220703125,26.471298217773438,38255500,26.592650112533157,26.600742090561692,25.953522726620424
2011-06-03,32.2400016784668,32.7599983215332,32.209999084472656,32.33000183105469,26.155773162841797,23808200,26.082960807679825,26.50365098618825,26.05868796516938
2011-06-06,32.150001525878906,32.58000183105469,32.06999969482422,32.189998626708984,26.042505264282227,21677600,26.010146620188994,26.35802750521307,25.945423159633602
2011-06-07,32.2400016784668,32.29999923706055,31.829999923706055,31.84000015258789,25.759353637695312,28218700,26.082964840941333,26.131504361098624,25.7512632033049
2011-06-08,31.75,31.850000381469727,31.139999389648438,31.25,25.282028198242188,36607500,25.686540649414063,25.767443448266945,25.193034965194762
2011-06-09,31.360000610351562,31.93000030517578,31.280000686645508,31.6299991607666,25.589454650878906,21647100,25.3710191198967,25.832163025325933,25.306297195329307
2011-06-10,31.420000076293945,31.649999618530273,31.1200008392334,31.18000030517578,25.225393295288086,23747000,25.41955906045743,25.60563439252484,25.176852239768834
2011-06-13,31.25,31.850000381469727,31.1200008392334,31.6299991607666,25.589454650878906,26716600,25.282025894956885,25.76744110075854,25.176853346194523
2011-06-14,31.989999771118164,32.20000076293945,31.829999923706055,32.08000183105469,25.953519821166992,23067400,25.880705914895728,26.050601943343658,25.7512620565985
2011-06-15,31.729999542236328,31.989999771118164,31.059999465942383,31.15999984741211,25.20920753479004,34512600,25.670351330424044,25.880697920959072,25.1283047625701
2011-06-16,31.15999984741211,31.270000457763672,30.649999618530273,30.799999237060547,24.917964935302734,29868500,25.209214377109017,25.298207605014817,24.796611515580935
2011-06-17,31.350000381469727,31.809999465942383,31.18000030517578,31.18000030517578,25.225393295288086,42812400,25.36292757183625,25.735078235971073,25.225393295288086
2011-06-20,31.350000381469727,31.989999771118164,31.25,31.90999984741211,25.81597900390625,23408300,25.362925587293972,25.880700920565143,25.2820228056973
2011-06-21,32.09000015258789,32.709999084472656,31.75,32.650001525878906,26.41465950012207,26941600,25.961604526040112,26.463199010291355,25.68653598573759
2011-06-22,32.58000183105469,32.58000183105469,32.13999938964844,32.20000076293945,26.05059814453125,25940800,26.35802842047572,26.35802842047572,26.0020555474291
2011-06-23,31.899999618530273,32.54999923706055,31.329999923706055,32.459999084472656,26.26094627380371,54354600,25.807892783253664,26.333758634814384,25.34674885891438
2011-06-24,31.489999771118164,31.709999084472656,30.950000762939453,31.139999389648438,25.193037033081055,75120900,25.47619608076204,25.65418101837365,25.0393234000453
2011-06-27,30.979999542236328,31.829999923706055,30.860000610351562,31.579999923706055,25.549007415771484,29585600,25.063592145579275,25.75126364976052,24.966510017396395
2011-06-28,31.690000534057617,32.369998931884766,31.3700008392334,32.34000015258789,26.16386604309082,32746800,25.638000153571788,26.18813580311792,25.379112425998887
2011-06-29,32.400001525878906,32.68000030517578,32.209999084472656,32.43000030517578,26.236675262451172,27305700,26.21240550533506,26.438931468244853,26.058688813773603
2011-06-30,32.630001068115234,32.939998626708984,32.5099983215332,32.90999984741211,26.625009536743164,22182400,26.398483550610656,26.649279296347334,26.30139833982378
2011-07-01,32.88999938964844,33.20000076293945,32.47999954223633,33.04999923706055,26.738277435302734,25382300,26.608833550023792,26.859632427957965,26.277133401109907
2011-07-05,33.0099983215332,33.13999938964844,32.790000915527344,33.060001373291016,26.746362686157227,21406400,26.705908974657696,26.811083069423674,26.527925606036295
2011-07-06,33.0,33.25,32.869998931884766,33.209999084472656,26.867717742919922,22363900,26.697823244774003,26.900079481476837,26.59264913755666
2011-07-07,33.470001220703125,34.130001068115234,33.400001525878906,34.09000015258789,27.579652786254883,29886000,27.078058324750234,27.61201451568986,27.021426841331213
2011-07-08,33.7400016784668,33.939998626708984,33.41999816894531,33.939998626708984,27.45830535888672,23909600,27.2965028397977,27.45830535888672,27.037612019647764
2011-07-11,33.61000061035156,33.65999984741211,32.900001525878906,33.13999938964844,26.858564376831055,21943300,27.239480438265478,27.28000269994671,26.664056284100994
2011-07-12,33.31999969482422,33.470001220703125,32.52000045776367,32.599998474121094,26.420917510986328,35092400,27.004447994127545,27.12601787533213,26.356082508220922
2011-07-13,32.86000061035156,33.290000915527344,32.59000015258789,32.689998626708984,26.49384880065918,36497800,26.631628153355717,26.980125049903656,26.4128043049431
2011-07-14,32.79999923706055,33.099998474121094,31.860000610351562,32.04999923706055,25.975162506103516,32194500,26.583005636940495,26.826142270945276,25.821176692618828
2011-07-15,32.150001525878906,32.2599983215332,31.84000015258789,32.09000015258789,26.00758171081543,25404600,26.056210274580064,26.145358004006805,25.804967332604544
2011-07-18,31.829999923706055,31.940000534057617,31.200000762939453,31.489999771118164,25.52130889892578,25253300,25.796864598606543,25.886015426687127,25.28627700556581
2011-07-19,31.90999984741211,32.66999816894531,31.889999389648438,32.63999938964844,26.453338623046875,26835500,25.861704877748117,26.477651364525354,25.84549535287888
2011-07-20,32.439998626708984,32.599998474121094,32.060001373291016,32.08000183105469,25.999479293823242,23074700,26.291241410413775,26.42091449278184,25.983269772070965
2011-07-21,32.189998626708984,32.75,32.060001373291016,32.470001220703125,26.31555938720703,24516200,26.08862915579926,26.5424865269644,25.983271893283572
2011-07-22,32.369998931884766,32.66999816894531,32.099998474121094,32.54999923706055,26.38039207458496,21378100,26.23450947134743,26.477646112859937,26.015685566491133
2011-07-25,32.25,32.439998626708984,32.040000915527344,32.209999084472656,26.104843139648438,20806100,26.137262191339346,26.291248049394763,25.967066807438478
2011-07-26,32.25,32.52000045776367,31.84000015258789,32.150001525878906,26.05621910095215,33568300,26.137263643029783,26.356087616620723,25.80497607386971
2011-07-27,31.809999465942383,31.84000015258789,30.6200008392334,30.709999084472656,24.889158248901367,43084500,25.780662136379327,25.80497642683052,24.816218469198937
2011-07-28,30.700000762939453,31.149999618530273,30.6299991607666,30.670000076293945,24.856735229492188,29323100,24.881049514552355,25.24575451550347,24.8243161827453
2011-07-29,30.520000457763672,31.190000534057617,30.260000228881836,30.579999923706055,24.78379249572754,38200600,24.7351654742272,25.27817210942729,24.524446319958862
2011-08-01,30.969999313354492,31.209999084472656,29.559999465942383,30.110000610351562,24.402877807617188,38566100,25.099870263235896,25.294379893582406,23.95712521880945
2011-08-02,29.790000915527344,30.399999618530273,29.520000457763672,29.549999237060547,23.949026107788086,40691000,24.14353732984949,24.63791551059787,23.92471336439953
2011-08-03,29.5,30.350000381469727,29.149999618530273,30.190000534057617,24.467716217041016,44046200,23.908500021006738,24.59738931382791,23.62483954210093
2011-08-04,29.84000015258789,29.8700008392334,28.84000015258789,28.8799991607666,23.406021118164062,49433400,24.184061427754955,24.208375718807222,23.373603609253315
2011-08-05,29.329999923706055,29.420000076293945,27.5,28.350000381469727,22.976472854614258,82201300,23.770720917286067,23.843662223636045,22.287583597878434
2011-08-08,27.469999313354492,28.040000915527344,25.959999084472656,26.020000457763672,21.088111877441406,80848500,22.26327473489392,22.72523696953928,21.039483297483656
2011-08-09,26.459999084472656,27.600000381469727,25.809999465942383,27.600000381469727,22.368619918823242,82425600,21.44469762291583,22.368619918823242,20.91790073112863
2011-08-10,26.799999237060547,27.510000228881836,26.110000610351562,26.479999542236328,21.460920333862305,82821600,21.72026656030498,22.295692352821934,21.1610518392225
2011-08-11,26.5,28.030000686645508,26.3700008392334,27.700000762939453,22.449678421020508,58279300,21.477128583801253,22.717129394382,21.37176976525142
2011-08-12,27.829999923706055,27.829999923706055,26.989999771118164,27.389999389648438,22.19843292236328,43238500,22.555034695226897,22.555034695226897,21.874250195135073
2011-08-15,27.420000076293945,27.860000610351562,27.15999984741211,27.639999389648438,22.401046752929688,38334100,22.222746643924904,22.579348407759607,22.01202749010554
2011-08-16,27.420000076293945,27.959999084472656,27.229999542236328,27.56999969482422,22.344316482543945,37615100,22.222748147912064,22.660394461751892,22.06876076627155
2011-08-17,27.649999618530273,28.049999237060547,27.06999969482422,27.469999313354492,22.26327133178711,34073800,22.409153957710025,22.733336712080227,21.939088577416907
2011-08-18,26.459999084472656,26.489999771118164,24.719999313354492,25.190000534057617,20.415420532226562,78449700,21.44470016431654,21.46901444066185,20.034504598606752
2011-08-19,24.81999969482422,25.600000381469727,24.75,24.780000686645508,20.083141326904297,46790600,20.11555882940348,20.747716359303237,20.05882704066093
2011-08-22,25.40999984741211,25.6200008392334,24.809999465942383,25.059999465942383,20.31006622314453,37825100,20.593726681136033,20.763923574260986,20.10745183112562
2011-08-23,25.190000534057617,26.209999084472656,25.15999984741211,26.200000762939453,21.233997344970703,36867400,20.41543469023853,21.242100563547343,20.391120397031365
2011-08-24,26.110000610351562,26.729999542236328,26.010000228881836,26.68000030517578,21.623001098632812,31588800,21.16104068309963,21.66352334546657,21.07999464360749
2011-08-25,26.850000381469727,27.049999237060547,25.729999542236328,25.899999618530273,20.99085235595703,38264000,21.76078772455223,21.922878323428677,20.85307449670816
2011-08-26,25.8799991607666,26.829999923706055,25.479999542236328,26.649999618530273,21.598695755004883,34449300,20.97464300241542,21.744578377254395,20.650460256208316
2011-08-29,27.049999237060547,27.959999084472656,27.020000457763672,27.90999984741211,22.61986541748047,28945400,21.922871574002997,22.66038766826762,21.898558841860616
2011-08-30,27.809999465942383,28.040000915527344,27.459999084472656,27.8700008392334,22.58745002746582,29944300,22.538821467007285,22.72522785711516,22.255161047632182
2011-08-31,27.860000610351562,28.610000610351562,27.709999084472656,28.06999969482422,22.749540328979492,31444600,22.579345006813515,23.187188093106126,22.457775152895067
2011-09-01,28.030000686645508,28.670000076293945,27.75,27.84000015258789,22.563133239746094,34199100,22.71712057243533,23.235812793083596,22.49019195298934
2011-09-02,27.229999542236328,27.450000762939453,26.780000686645508,26.969999313354492,21.85803985595703,30297500,22.06875900724166,22.2470606599268,21.704054032415474
2011-09-06,26.030000686645508,26.81999969482422,25.709999084472656,26.489999771118164,21.469017028808594,30907700,21.096207354852037,21.73646791755021,20.836859680044377
2011-09-07,26.979999542236328,27.6299991607666,26.75,27.6299991607666,22.392934799194336,26106200,21.86613785676382,22.392934799194336,21.67973304642796
2011-09-08,27.450000762939453,27.530000686645508,26.3700008392334,26.719999313354492,21.655418395996094,50386300,22.247053396994954,22.311889918852067,21.371759579011606
2011-09-09,26.420000076293945,26.600000381469727,25.770000457763672,26.0,21.071895599365234,38961600,21.41228782088029,21.55817042236175,20.88549074006117
2011-09-12,25.920000076293945,26.770000457763672,25.899999618530273,26.75,21.679733276367188,37358200,21.007053763643732,21.69594279373996,20.99084424627096
2011-09-13,26.81999969482422,27.790000915527344,26.760000228881836,27.719999313354492,22.46588706970215,42359400,21.736475442951665,22.52262040765558,21.687848413388405
2011-09-14,28.020000457763672,28.579999923706055,27.65999984741211,28.149999618530273,22.81437873840332,34972000,22.709019941614866,23.16287571719019,22.417254741546785
2011-09-15,28.610000610351562,29.0,28.260000228881836,28.950000762939453,23.462753295898438,28846400,23.18719752765992,23.503275566475942,22.903536996140794
2011-09-16,29.040000915527344,29.299999237060547,28.799999237060547,29.229999542236328,23.689668655395508,58059500,23.535682867430914,23.746400424206122,23.341171737473427
2011-09-19,28.739999771118164,29.239999771118164,28.170000076293945,29.020000457763672,23.519481658935547,34514300,23.29255295768921,23.69778178759854,22.830592338924625
2011-09-20,29.239999771118164,29.360000610351562,28.219999313354492,28.350000381469727,22.976472854614258,50913400,23.697779610936088,23.795035201344447,22.8711125028531
2011-09-21,29.809999465942383,30.959999084472656,29.469999313354492,29.540000915527344,23.9409122467041,83318400,24.15973456904283,25.091760266323853,23.884178930427595
2011-09-22,28.739999771118164,29.030000686645508,27.829999923706055,28.34000015258789,22.968372344970703,61371400,23.29255512996658,23.5275886152295,22.555038714416412
2011-09-23,28.100000381469727,29.079999923706055,27.809999465942383,28.899999618530273,23.42222023010254,43991700,22.773854881947592,23.56810281989363,22.53882147710085
2011-09-26,29.059999465942383,29.790000915527344,28.649999618530273,29.709999084472656,24.078691482543945,37762600,23.551894418906826,24.143529566265435,23.21960696895918
2011-09-27,30.25,30.579999923706055,29.760000228881836,30.1299991607666,24.419082641601562,38514400,24.516338217171494,24.78378911770764,24.119214246425393
2011-09-28,30.239999771118164,30.40999984741211,29.420000076293945,29.450000762939453,23.867977142333984,31357100,24.508237847977306,24.646015702987924,23.843662857629095
2011-09-29,29.979999542236328,30.6200008392334,29.079999923706055,29.649999618530273,24.03006935119629,44358800,24.297520317623622,24.816214272077627,23.568108731533197
2011-09-30,29.260000228881836,29.739999771118164,28.739999771118164,28.739999771118164,23.29254722595215,42188000,23.713985476350082,24.10300468633667,23.29254722595215
2011-10-03,28.59000015258789,29.010000228881836,27.920000076293945,27.940000534057617,22.64418601989746,45214600,23.17098315638715,23.51137541387398,22.627976496725417
2011-10-04,27.440000534057617,28.770000457763672,27.0,28.690000534057617,23.252025604248047,50300200,22.23895375118875,23.316862141010844,21.882352026080884
2011-10-05,28.649999618530273,29.59000015258789,28.389999389648438,29.510000228881836,23.916603088378906,43277100,23.219609083159906,23.98143963217892,23.00888992935358
2011-10-06,29.459999084472656,30.100000381469727,28.979999542236328,30.06999969482422,24.37045669555664,34994100,23.87607712755835,24.39477097697172,23.487057899867075
2011-10-07,30.049999237060547,30.34000015258789,29.549999237060547,29.90999984741211,24.289247512817383,37977000,24.40293791215413,24.638441223826554,23.996899001476585
2011-10-10,30.43000030517578,31.030000686645508,30.219999313354492,30.969999313354492,25.150049209594727,27708200,24.71152799777892,25.19877499339743,24.540990852300467
2011-10-11,30.899999618530273,31.200000762939453,30.729999542236328,30.93000030517578,25.11756706237793,25382700,25.093204170321645,25.336828444137986,24.955150879833703
2011-10-12,31.3700008392334,31.549999237060547,31.079999923706055,31.110000610351562,25.26374626159668,30322800,25.47488672066315,25.6210594548638,25.239383364772
2011-10-13,30.959999084472656,31.299999237060547,30.56999969482422,31.139999389648438,25.288105010986328,27161500,25.14193074289023,25.418037349534934,24.82522086129246
2011-10-14,31.559999465942383,31.860000610351562,31.270000457763672,31.850000381469727,25.864683151245117,23613200,25.629179801045794,25.87280411665707,25.39367799976225
2011-10-17,31.59000015258789,31.75,30.950000762939453,31.229999542236328,25.36119270324707,25074700,25.653541245874003,25.783473587282487,25.133811880240067
2011-10-18,31.139999389648438,32.0,30.770000457763672,31.8799991607666,25.889039993286133,29754800,25.288102597620277,25.986490012355286,24.9876346742451
2011-10-19,31.829999923706055,32.18000030517578,31.25,31.489999771118164,25.57233428955078,25586300,25.848440914627684,26.132668505020465,25.37743576871693
2011-10-20,31.59000015258789,31.75,30.8799991607666,31.530000686645508,25.604812622070312,25102300,25.65353685452901,25.783469173695817,25.076960832925305
2011-10-21,31.940000534057617,32.25,31.81999969482422,32.119998931884766,26.083940505981445,32837700,25.937767789411563,26.189511497239035,25.840317762782682
2011-10-24,32.0099983215332,32.91999816894531,32.0099983215332,32.869998931884766,26.69300079345703,27941900,25.994613275341845,26.73360407054551,25.994613275341845
2011-10-25,32.91999816894531,32.95000076293945,32.27000045776367,32.369998931884766,26.286964416503906,30540900,26.733606704139998,26.757971151058467,26.20575785432708
2011-10-26,32.72999954223633,32.7599983215332,31.559999465942383,32.400001525878906,26.311321258544922,33683500,26.57930531453725,26.60366665658268,25.629174251879626
2011-10-27,33.09000015258789,33.810001373291016,32.95000076293945,33.65999984741211,27.334535598754883,35578800,26.871651551812445,27.456348494405262,26.75796116804842
2011-10-28,33.5,33.79999923706055,33.400001525878906,33.689998626708984,27.358898162841797,26333800,27.204604506234464,27.448227210604742,27.123397970721292
2011-10-31,33.25,33.369998931884766,32.7599983215332,32.77000045776367,26.611801147460938,28859900,27.00159828479479,27.099046794670187,26.603678631235827
2011-11-01,31.959999084472656,32.209999084472656,31.6200008392334,31.690000534057617,25.73474884033203,31480100,25.954008694074137,26.157028167146365,25.67790363569831
2011-11-02,31.959999084472656,32.63999938964844,31.799999237060547,32.279998779296875,26.21387481689453,26470800,25.954010124862805,26.506223369888097,25.824077778846938
2011-11-03,32.2599983215332,33.150001525878906,32.18000030517578,33.11000061035156,26.887897491455078,27467100,26.19762947611397,26.9203813481883,26.13266486047861
2011-11-04,32.81999969482422,32.880001068115234,32.119998931884766,32.54999923706055,26.43313980102539,23837800,26.652401245378424,26.701127043400845,26.083945993111143
2011-11-07,32.38999938964844,32.91999816894531,31.799999237060547,32.869998931884766,26.69300079345703,23980000,26.303203757310953,26.73360407054551,25.82407765287134
2011-11-08,33.130001068115234,33.7599983215332,32.849998474121094,33.61000061035156,27.293941497802734,30171400,26.904144437795082,27.415751336524817,26.67676049608354
2011-11-09,32.84000015258789,32.84000015258789,31.440000534057617,31.59000015258789,25.65353775024414,36933000,26.668634997249953,26.668634997249953,25.531726390386538
2011-11-10,31.940000534057617,32.029998779296875,31.299999237060547,31.729999542236328,25.767230987548828,25303800,25.937768149286594,26.01085373412775,25.41803724824757
2011-11-11,32.02000045776367,32.7599983215332,32.0,32.369998931884766,26.286964416503906,21664700,26.00273835105324,26.603674345958012,25.98649641905152
2011-11-14,32.29999923706055,32.5099983215332,32.08000183105469,32.29999923706055,26.230121612548828,16781600,26.230121612548828,26.400657267482266,26.05146653978468
2011-11-15,32.209999084472656,33.15999984741211,32.13999938964844,32.959999084472656,26.766080856323242,21397300,26.15702256749278,26.928497019577495,26.10017737502839
2011-11-16,32.599998474121094,33.060001373291016,31.989999771118164,31.989999771118164,25.978376388549805,24295200,26.47374294111366,26.847301194941764,25.978376388549805
2011-11-17,31.850000381469727,32.0,30.469999313354492,30.81999969482422,25.028242111206055,41500400,25.86468295531163,25.986494337736616,24.74401451960391
2011-11-18,30.729999542236328,30.889999389648438,30.290000915527344,30.600000381469727,24.84958267211914,26601000,24.955152111743462,25.085084444626744,24.59783897077223
2011-11-21,30.190000534057617,30.350000381469727,29.540000915527344,29.90999984741211,24.289247512817383,25360400,24.516629860406397,24.646562187909968,23.988779586308695
2011-11-22,29.579999923706055,29.920000076293945,29.270000457763672,29.809999465942383,24.208036422729492,25437400,24.021258918689973,24.297365467668104,23.769515258944736
2011-11-23,29.5,29.59000015258789,28.989999771118164,29.0,23.55025863647461,24399700,23.956297578482793,24.029384711957515,23.542137671764568
2011-11-25,28.68000030517578,29.329999923706055,28.610000610351562,28.739999771118164,23.339120864868164,13641400,23.2903966199618,23.81824699504223,23.233551409418403
2011-11-28,29.450000762939453,30.059999465942383,29.360000610351562,29.8700008392334,24.25676918029785,21067200,23.91569637748131,24.41106287641988,23.842609237669496
2011-11-29,29.93000030517578,30.15999984741211,29.690000534057617,29.739999771118164,24.151195526123047,20155800,24.305490754213455,24.492268291477018,24.1105922524277
2011-11-30,30.690000534057617,31.459999084472656,30.649999618530273,31.350000381469727,25.458646774291992,31879500,24.922675393689293,25.547974305115154,24.89019152872383
2011-12-01,31.399999618530273,31.780000686645508,31.139999389648438,31.670000076293945,25.718505859375,22197000,25.499244465680633,25.80783491952802,25.28810403644705
2011-12-02,32.0,32.04999923706055,31.200000762939453,31.200000762939453,25.336828231811523,22391200,25.986489858713153,26.027093129551194,25.336828231811523
2011-12-05,31.809999465942383,32.2400016784668,31.549999237060547,31.899999618530273,25.905284881591797,19992200,25.832197746166827,26.181393042353882,25.621057304818653
2011-12-06,32.040000915527344,32.11000061035156,31.540000915527344,31.729999542236328,25.767230987548828,21049900,26.01897624778478,26.075821452058822,25.61293730420948
2011-12-07,31.290000915527344,31.809999465942383,30.81999969482422,31.540000915527344,25.612947463989258,31366000,25.4099279116707,25.832207403316943,25.0282501620054
2011-12-08,31.239999771118164,31.5,30.649999618530273,30.739999771118164,24.96327781677246,24494300,25.369316821369768,25.58045728963027,24.890190672031675
2011-12-09,30.84000015258789,31.850000381469727,30.809999465942383,31.690000534057617,25.73474884033203,22621000,25.044482322103324,25.864681179185006,25.02011942772502
2011-12-12,31.399999618530273,31.399999618530273,30.770000457763672,31.31999969482422,25.434280395507812,22536100,25.499246567633772,25.499246567633772,24.98763815575629
2011-12-13,31.690000534057617,31.899999618530273,30.600000381469727,30.829999923706055,25.03636932373047,25309900,25.734757028974652,25.905292697139217,24.849591720812285
2011-12-14,30.670000076293945,30.75,29.75,29.8700008392334,24.25676918029785,26644600,24.906430924274222,24.97139709867186,24.159319144243508
2011-12-15,30.139999389648438,30.200000762939453,28.809999465942383,29.030000686645508,23.574628829956055,43170300,24.47603450705149,24.524760310398577,23.395970648848973
2011-12-16,29.260000228881836,30.06999969482422,28.959999084472656,29.209999084472656,23.72079849243164,46100600,23.76140332324629,24.41918609328445,23.51777898510614
2011-12-19,29.40999984741211,29.440000534057617,28.5,28.610000610351562,23.233549118041992,24849700,23.883210815774262,23.9075737102826,23.14422005376043
2011-12-20,29.059999465942383,29.489999771118164,28.8700008392334,29.170000076293945,23.688312530517578,46428300,23.59898346539107,23.948177212068494,23.44468977879251
2011-12-21,25.670000076293945,25.989999771118164,24.90999984741211,25.770000457763672,20.92725372314453,183503900,20.846045600589076,21.105910353633647,20.228866037650164
2011-12-22,25.860000610351562,25.8700008392334,25.3799991607666,25.690000534057617,20.862285614013672,44203700,21.00033894497202,21.00845991137145,20.610540302379295
2011-12-23,25.799999237060547,26.079999923706055,25.75,26.059999465942383,21.162752151489258,32292800,20.951611686565315,21.178994083156297,20.911008406313574
2011-12-27,26.059999465942383,26.200000762939453,25.559999465942383,25.6299991607666,20.813560485839844,21312400,21.162754307679908,21.27644629201696,20.756715268129327
2011-12-28,25.68000030517578,25.760000228881836,25.329999923706055,25.510000228881836,20.716110229492188,25412300,20.854163553205616,20.919129732075707,20.569935939805514
2011-12-29,25.670000076293945,25.84000015258789,25.5,25.799999237060547,20.951614379882812,19249800,20.846044908307878,20.984098247392673,20.707991569223083
2011-12-30,25.729999542236328,25.8799991607666,25.6200008392334,25.649999618530273,20.829792022705078,19168800,20.894758174650967,21.0165695159351,20.805430683797397
2012-01-03,26.329999923706055,26.65999984741211,25.829999923706055,25.860000610351562,21.000337600708008,37911800,21.382013703553664,21.649999381916757,20.97597470306923
2012-01-04,25.950000762939453,26.229999542236328,25.549999237060547,26.010000228881836,21.122148513793945,45418500,21.073424268533227,21.300805112360457,20.748591836352904
2012-01-05,26.010000228881836,26.899999618530273,25.90999984741211,26.59000015258789,21.593154907226562,50873400,21.12214971253327,21.84489866242921,21.040941599879407
2012-01-06,26.670000076293945,27.149999618530273,26.360000610351562,26.93000030517578,21.869258880615234,55685000,21.658118433158823,22.04791546742494,21.406374708809757
2012-01-09,26.899999618530273,27.1200008392334,26.65999984741211,27.030000686645508,21.99948501586914,38481100,21.89367826494808,22.072735365776143,21.698344515987625
2012-01-10,27.18000030517578,27.600000381469727,26.850000381469727,26.969999313354492,21.95064353942871,48976300,22.12156148647193,22.463395828184215,21.85297747172472
2012-01-11,26.989999771118164,27.100000381469727,26.75,26.889999389648438,21.88553237915039,30836000,21.966921804076357,22.056450326732335,21.771588115678533
2012-01-12,27.020000457763672,27.260000228881836,26.6200008392334,27.170000076293945,22.113422393798828,31775700,21.991339032953984,22.186672720780564,21.66578288657635
2012-01-13,27.040000915527344,27.3700008392334,26.850000381469727,27.34000015258789,22.251789093017578,31482600,22.00762231489466,22.276206391779677,21.852982527483736
2012-01-17,27.68000030517578,27.8799991607666,27.479999542236328,27.65999984741211,22.51223373413086,35769400,22.528511933062504,22.691289265255456,22.36573304849506
2012-01-18,27.709999084472656,28.450000762939453,27.610000610351562,28.34000015258789,23.065677642822266,35343800,22.552925297249228,23.155206175116614,22.47153741593545
2012-01-19,28.479999542236328,28.799999237060547,28.25,28.559999465942383,23.24474334716797,36353100,23.179632082142987,23.44007714224291,22.992437389243047
2012-01-20,28.389999389648438,28.950000762939453,28.270000457763672,28.709999084472656,23.366819381713867,37014000,23.10637440401949,23.562154667359167,23.008708313571358
2012-01-23,28.729999542236328,28.90999984741211,28.280000686645508,28.389999389648438,23.106374740600586,27438400,23.383097921525405,23.529598611706135,23.016847748448114
2012-01-24,28.329999923706055,28.739999771118164,28.25,28.510000228881836,23.20404624938965,23700900,23.05754553480979,23.391240916963998,22.99243427859372
2012-01-25,28.260000228881836,28.639999389648438,27.959999084472656,28.510000228881836,23.20404624938965,39274500,23.00057337966758,23.30985145860021,22.756405004576216
2012-01-26,28.559999465942383,28.84000015258789,28.149999618530273,28.290000915527344,23.024982452392578,34646400,23.24473189333606,23.472621984818247,22.911036630464363
2012-01-27,28.239999771118164,28.6299991607666,28.1299991607666,28.420000076293945,23.13078498840332,24561500,22.984284342882884,23.30170137326112,22.894755825648378
2012-01-30,28.190000534057617,28.690000534057617,28.020000457763672,28.600000381469727,23.277286529541016,23294900,22.943591291849227,23.350536855119614,22.805229738242332
2012-01-31,28.729999542236328,28.739999771118164,28.049999237060547,28.209999084472656,22.959877014160156,32744000,23.383100939896913,23.39124004066586,22.8296545066065
2012-02-01,28.479999542236328,28.940000534057617,28.110000610351562,28.8799991607666,23.50518035888672,38240800,23.17962414523514,23.554014955215315,22.87848522974786
2012-02-02,28.8700008392334,29.25,28.709999084472656,28.809999465942383,23.448209762573242,27334400,23.49704436212377,23.806322397404205,23.366820315696945
2012-02-03,29.1299991607666,29.219999313354492,28.780000686645508,29.110000610351562,23.6923828125,26277200,23.70865946321088,23.78190982472195,23.423798671084374
2012-02-06,29.030000686645508,29.06999969482422,28.809999465942383,29.0,23.602842330932617,16582600,23.627259623233087,23.65981446059294,23.448202584444516
2012-02-07,28.90999984741211,29.0,28.75,28.950000762939453,23.56215476989746,20291700,23.529598371356727,23.602848715698855,23.39937588194283
2012-02-08,28.920000076293945,28.989999771118164,28.3799991607666,28.729999542236328,23.383102416992188,29842600,23.53774223662118,23.594714393227957,23.098240081583466
2012-02-09,28.850000381469727,28.899999618530273,28.350000381469727,28.889999389648438,23.51331901550293,31795300,23.48076417093804,23.52145811473776,23.073818523443013
2012-02-10,28.549999237060547,28.639999389648438,28.280000686645508,28.5,23.195899963378906,30232000,23.23659390376844,23.309844238369056,23.016844452340912
2012-02-13,28.59000015258789,28.670000076293945,28.350000381469727,28.43000030517578,23.138933181762695,20015200,23.26915568400048,23.334266935119373,23.0738219306438
2012-02-14,28.31999969482422,28.450000762939453,28.030000686645508,28.239999771118164,22.98428726196289,30267900,23.04939849575531,23.1552052209019,22.813370855398144
2012-02-15,28.100000381469727,28.350000381469727,27.920000076293945,27.979999542236328,22.77267837524414,34620600,22.870346015034357,23.073818841587375,22.723845331536268
2012-02-16,28.15999984741211,29.0,28.1299991607666,28.950000762939453,23.56215476989746,36380600,22.91917987008865,23.602848715698855,22.8947625711831
2012-02-17,29.030000686645508,29.030000686645508,28.639999389648438,28.790000915527344,23.431930541992188,34061000,23.62726426162058,23.62726426162058,23.309845608896833
2012-02-21,28.799999237060547,28.979999542236328,28.489999771118164,28.739999771118164,23.391237258911133,20612200,23.4400703053427,23.586570997011957,23.187764421009287
2012-02-22,28.719999313354492,29.079999923706055,28.5,28.549999237060547,23.236595153808594,25207600,23.37495673190038,23.667958086065198,23.19590121122988
2012-02-23,28.610000610351562,28.8799991607666,28.31999969482422,28.809999465942383,23.448209762573242,25319100,23.285432421195228,23.505181909674278,23.04940318049142
2012-02-24,29.059999465942383,29.540000915527344,28.84000015258789,29.25,23.80632209777832,24952400,23.651682305897104,24.042351335511466,23.472626766922502
2012-02-27,29.0,29.3799991607666,28.760000228881836,29.260000228881836,23.81446647644043,30419400,23.60285449126821,23.912132591212284,23.407520709349598
2012-02-28,29.239999771118164,29.389999389648438,29.0,29.389999389648438,23.92026138305664,29889400,23.798178016023066,23.92026138305664,23.602844318294505
2012-02-29,29.399999618530273,29.440000534057617,29.020000457763672,29.25,23.80632209777832,33160700,23.928405490368938,23.960961889659533,23.61912745898107
2012-03-01,29.399999618530273,29.969999313354492,29.229999542236328,29.829999923706055,24.278379440307617,32909600,23.9284059037603,24.39232373504411,23.790044309134025
2012-03-02,29.850000381469727,30.25,29.760000228881836,29.959999084472656,24.38418197631836,28177200,24.294654991233354,24.620211192393423,24.221404651925535
2012-03-05,30.239999771118164,30.420000076293945,29.920000076293945,30.239999771118164,24.61207389831543,33786600,24.61207389831543,24.758574587675117,24.351628918286885
2012-03-06,29.940000534057617,30.399999618530273,29.709999084472656,29.940000534057617,24.367904663085938,28971600,24.367904663085938,24.74229389607161,24.180708494218724
2012-03-07,30.049999237060547,30.280000686645508,29.829999923706055,30.219999313354492,24.595800399780273,23691100,24.45743878364928,24.644635007149915,24.278383213751745
2012-03-08,30.399999618530273,30.440000534057617,29.850000381469727,30.06999969482422,24.473709106445312,30927300,24.742293151004557,24.774849545435654,24.29465359419726
2012-03-09,30.049999237060547,30.290000915527344,29.899999618530273,30.1299991607666,24.522544860839844,30056300,24.457433617142897,24.65276890060824,24.335350229257934
2012-03-12,29.719999313354492,29.920000076293945,29.200000762939453,29.709999084472656,24.180715560913086,40933900,24.188854662144564,24.35163358202451,23.76563226473141
2012-03-13,29.989999771118164,30.229999542236328,29.90999984741211,30.1299991607666,24.522544860839844,32329200,24.40860057246381,24.603934303554656,24.343489328766864
2012-03-14,30.0,30.15999984741211,29.690000534057617,29.84000015258789,24.286518096923828,30994400,24.416740589209645,24.546963081495466,24.16443470445269
2012-03-15,29.959999084472656,30.1299991607666,29.739999771118164,30.059999465942383,24.46556854248047,35528500,24.384179113651847,24.522540676948235,24.20512361212826
2012-03-16,30.110000610351562,30.15999984741211,29.579999923706055,29.739999771118164,24.205129623413086,38651200,24.50627011915423,24.546964067487664,24.07490712589654
2012-03-19,29.59000015258789,29.889999389648438,29.43000030517578,29.760000228881836,24.221405029296875,32519400,24.08304344760136,24.327210214181942,23.95282096510845
2012-03-20,29.700000762939453,30.139999389648438,29.549999237060547,30.100000381469727,24.498123168945312,46126400,24.172567029473687,24.53067800670541,24.050482118844467
2012-03-21,30.8700008392334,31.149999618530273,29.34000015258789,29.40999984741211,23.936546325683594,94678000,25.12482859557791,25.35271719763665,23.87957417516891
2012-03-22,29.329999923706055,29.329999923706055,28.559999465942383,28.6299991607666,23.301706314086914,59763200,23.871430822497107,23.871430822497107,23.244734173720776
2012-03-23,28.690000534057617,28.889999389648438,28.520000457763672,28.549999237060547,23.236595153808594,36696300,23.350540987302914,23.513318309992165,23.212179409211128
2012-03-26,28.780000686645508,29.190000534057617,28.649999618530273,29.15999984741211,23.733074188232422,30044300,23.423796125093467,23.757491490207094,23.31798936891126
2012-03-27,29.170000076293945,29.520000457763672,29.0,29.350000381469727,23.88770294189453,31710000,23.74120230258946,24.026064484307767,23.602840760176225
2012-03-28,29.3799991607666,29.549999237060547,29.139999389648438,29.360000610351562,23.895851135253906,29405300,23.912127782859635,24.050489377943173,23.71679404021957
2012-03-29,29.209999084472656,29.579999923706055,29.100000381469727,29.299999237060547,23.847009658813477,34035400,23.773759332399017,24.074899735700036,23.684232363072347
2012-03-30,29.459999084472656,29.489999771118164,29.040000915527344,29.15999984741211,23.733074188232422,32006100,23.977240998480294,24.00165830045497,23.63540808508316
2012-04-02,29.1200008392334,29.68000030517578,29.0,29.530000686645508,24.034210205078125,28525300,23.700514902415673,24.156293587354117,23.60284726517022
2012-04-03,29.610000610351562,29.700000762939453,29.1200008392334,29.389999389648438,23.92026138305664,29995400,24.099318436921834,24.172568767616823,23.700511943345905
2012-04-04,29.190000534057617,29.479999542236328,28.93000030517578,29.15999984741211,23.733074188232422,31154000,23.757491490207094,23.993519199796744,23.5458795302174
2012-04-05,29.149999618530273,29.6299991607666,29.1299991607666,29.559999465942383,24.058622360229492,43273500,23.724927107358987,24.115594493298964,23.708648911517937
2012-04-09,29.100000381469727,29.25,29.0,29.010000228881836,23.659011840820312,21528500,23.732411174117544,23.854742877768935,23.65085618650595
2012-04-10,28.8799991607666,28.959999084472656,28.079999923706055,28.350000381469727,23.120752334594727,41175000,23.552991147606175,23.61823483007198,22.900554322948086
2012-04-11,28.489999771118164,28.549999237060547,28.040000915527344,28.139999389648438,22.949485778808594,30390100,23.23492746151424,23.28385983252514,22.867932345634433
2012-04-12,28.31999969482422,28.719999313354492,28.15999984741211,28.700000762939453,23.40619468688965,29414300,23.096286019813352,23.422504441315663,22.96579865121243
2012-04-13,28.700000762939453,28.770000457763672,28.489999771118164,28.559999465942383,23.29201316833496,16685800,23.406190763370574,23.463278783122448,23.23492514858309
2012-04-16,28.579999923706055,28.770000457763672,28.309999465942383,28.639999389648438,23.357257843017578,21476800,23.308325474779956,23.46327978898636,23.08812748441274
2012-04-17,28.719999313354492,29.440000534057617,28.700000762939453,29.280000686645508,23.87921142578125,24985300,23.422504087053518,24.00969879240857,23.406194332874186
2012-04-18,29.1299991607666,29.350000381469727,29.100000381469727,29.1299991607666,23.756874084472656,21151400,23.756874084472656,23.936295349465816,23.732408679633114
2012-04-19,28.989999771118164,29.459999084472656,28.670000076293945,29.010000228881836,23.659011840820312,26462100,23.64270053219159,24.026006951774477,23.381725816260094
2012-04-20,29.1200008392334,29.530000686645508,28.8799991607666,28.8799991607666,23.552989959716797,35727900,23.748722552774588,24.083096602989293,23.552989959716797
2012-04-23,28.600000381469727,28.65999984741211,28.260000228881836,28.479999542236328,23.226770401000977,23045500,23.324636692630232,23.373569060678893,23.0473506811346
2012-04-24,28.530000686645508,28.850000381469727,28.520000457763672,28.690000534057617,23.39803695678711,20486900,23.267549599758837,23.528524313815378,23.25939394550307
2012-04-25,28.68000030517578,28.989999771118164,28.600000381469727,28.8700008392334,23.54483413696289,26902800,23.389879826942863,23.64269887079414,23.32463615254473
2012-04-26,28.84000015258789,29.219999313354492,28.739999771118164,29.020000457763672,23.66716766357422,20548300,23.52036899593498,23.830276084426245,23.43881400774296
2012-04-27,29.059999465942383,29.440000534057617,29.059999465942383,29.239999771118164,23.846588134765625,16847800,23.69978946256116,24.009698116222154,23.69978946256116
2012-04-30,29.229999542236328,29.420000076293945,29.200000762939453,29.399999618530273,23.97707176208496,18568500,23.83842876610714,23.993383068795723,23.813963361572824
2012-05-01,29.450000762939453,29.780000686645508,29.290000915527344,29.56999969482422,24.115713119506836,19965400,24.01784839695539,24.28697871726944,23.887361063198988
2012-05-02,29.420000076293945,29.790000915527344,29.190000534057617,29.709999084472656,24.229890823364258,22579000,23.993383097898647,24.295136050286445,23.805807737092845
2012-05-03,29.739999771118164,29.81999969482422,29.34000015258789,29.3799991607666,23.960756301879883,19175800,24.254353549652464,24.319597209653974,23.928135249644903
2012-05-04,29.100000381469727,29.149999618530273,28.40999984741211,28.40999984741211,23.169689178466797,33934300,23.73241702052792,23.77319374661294,23.169689178466797
2012-05-07,28.34000015258789,28.450000762939453,27.850000381469727,27.920000076293945,22.770069122314453,33670500,23.112598876700467,23.202309531942497,22.712981089172157
2012-05-08,27.709999084472656,28.020000457763672,27.530000686645508,27.93000030517578,22.77821922302246,24660200,22.59879795629302,22.851618549315074,22.452000859239647
2012-05-09,27.6200008392334,27.90999984741211,27.40999984741211,27.780000686645508,22.6558895111084,25521100,22.525402154191035,22.76190990527926,22.354136526029496
2012-05-10,27.700000762939453,27.75,26.739999771118164,27.020000457763672,22.036069869995117,52653300,22.590641816057612,22.631418524519738,21.80771625822476
2012-05-11,26.969999313354492,27.309999465942383,26.770000457763672,27.0,22.01976776123047,25588900,21.995300792615225,22.272586881458494,21.83219233511072
2012-05-14,26.729999542236328,27.309999465942383,26.65999984741211,26.959999084472656,21.987138748168945,22485200,21.79956337654818,22.272580410283805,21.74247535523159
2012-05-15,27.020000457763672,27.530000686645508,26.940000534057617,27.059999465942383,22.068693161010742,26392900,22.03607210204318,22.45200110371977,21.970828428576176
2012-05-16,27.15999984741211,27.40999984741211,26.68000030517578,26.719999313354492,21.791406631469727,29672800,22.150247604602583,22.35413427368437,21.758785573293196
2012-05-17,26.700000762939453,26.719999313354492,26.25,26.25,21.408098220825195,29440600,21.77509481253773,21.791404562311417,21.408098220825195
2012-05-18,26.290000915527344,26.290000915527344,25.329999923706055,25.610000610351562,20.886150360107422,68182500,21.44072233513032,21.44072233513032,20.65779673641217
2012-05-21,25.540000915527344,26.459999084472656,25.530000686645508,26.260000228881836,21.416257858276367,30712700,20.829064757812397,21.579366275083704,20.820909103642233
2012-05-22,26.329999923706055,26.489999771118164,26.06999969482422,26.360000610351562,21.497802734375,22122800,21.47333578337092,21.603823077663506,21.261293541262663
2012-05-23,26.1200008392334,26.850000381469727,26.040000915527344,26.68000030517578,21.758787155151367,33179600,21.302081418754693,21.897430162427565,21.2368377421266
2012-05-24,26.6200008392334,26.649999618530273,25.899999618530273,26.1200008392334,21.302078247070312,34232000,21.709851554165187,21.73431695705058,21.122656996408267
2012-05-25,26.18000030517578,26.329999923706055,26.040000915527344,26.139999389648438,21.318389892578125,18642900,21.351012506701434,21.47334419860012,21.23683646833357
2012-05-29,26.40999984741211,26.780000686645508,26.15999984741211,26.459999084472656,21.579362869262695,24139900,21.53858616037955,21.84033909492272,21.334699504900357
2012-05-30,26.190000534057617,26.34000015258789,25.979999542236328,26.170000076293945,21.342859268188477,21538300,21.35917057709581,21.48150228283675,21.187904944632866
2012-05-31,26.219999313354492,26.719999313354492,26.170000076293945,26.469999313354492,21.587520599365234,32192300,21.38363392426742,21.79140727446305,21.34285721146061
2012-06-01,25.979999542236328,26.280000686645508,25.899999618530273,26.0,21.204208374023438,30739700,21.187897071177407,21.432561947273474,21.12265341532475
2012-06-04,26.040000915527344,26.34000015258789,25.84000015258789,26.200000762939453,21.367319107055664,28945200,21.236831790369372,21.48149512027329,21.073721866745753
2012-06-05,26.06999969482422,26.940000534057617,26.06999969482422,26.709999084472656,21.78325653076172,28412000,21.261307022633606,21.970833496335963,21.261307022633606
2012-06-06,26.989999771118164,27.56999969482422,26.8799991607666,27.530000686645508,22.451995849609375,27639000,22.01159999011757,22.484616900943113,21.921889376769645
2012-06-07,27.75,27.760000228881836,27.18000030517578,27.18000030517578,22.166561126708984,32896100,22.63142252978706,22.6395781840292,22.166561126708984
2012-06-08,27.040000915527344,27.270000457763672,26.799999237060547,27.15999984741211,22.150243759155273,22343200,22.05237904608389,22.239954375747015,21.856646508877983
2012-06-11,27.3799991607666,27.420000076293945,26.770000457763672,26.809999465942383,21.864805221557617,20470800,22.329666562547605,22.36228917515901,21.832184164478
2012-06-12,27.0,27.149999618530273,26.729999542236328,27.030000686645508,22.044231414794922,26186900,22.019764449859068,22.14209616347408,21.799566432032762
2012-06-13,26.8799991607666,27.3799991607666,26.790000915527344,27.020000457763672,22.036069869995117,19638800,21.92189228634408,22.329665593092184,21.8484945222186
2012-06-14,27.09000015258789,27.350000381469727,26.510000228881836,26.90999984741211,21.946361541748047,34311700,22.093160196427064,22.305202524793216,21.620143173312385
2012-06-15,27.110000610351562,27.760000228881836,26.989999771118164,27.700000762939453,22.59064292907715,40136400,22.10947027896493,22.63957529274889,22.01160399608965
2012-06-18,27.43000030517578,27.43000030517578,26.690000534057617,27.1200008392334,22.117626190185547,38322000,22.37044522022598,22.37044522022598,21.766940876128142
2012-06-19,28.389999389648438,28.75,27.530000686645508,27.959999084472656,22.802684783935547,81048700,23.153370110723152,23.446967417900098,22.45200101267981
2012-06-20,28.040000915527344,28.579999923706055,27.940000534057617,28.489999771118164,23.23492431640625,29281700,22.86792925020335,23.308323640753194,22.786374272536545
2012-06-21,28.489999771118164,28.639999389648438,27.75,27.809999465942383,22.68035316467285,32721900,23.23492516645802,23.357256859667835,22.631420798495302
2012-06-22,27.90999984741211,28.139999389648438,27.790000915527344,28.0,22.835309982299805,22163000,22.761910647199848,22.949486034441048,22.66404590408794
2012-06-25,27.540000915527344,27.75,27.239999771118164,27.6200008392334,22.525413513183594,24918800,22.46016980182417,22.631433960817866,22.21550471757674
2012-06-26,27.6299991607666,27.950000762939453,27.520000457763672,27.829999923706055,22.696664810180664,20614200,22.533554846448666,22.794531099526242,22.443845766374775
2012-06-27,27.760000228881836,28.459999084472656,27.760000228881836,28.170000076293945,22.973949432373047,19388200,22.63957542682758,23.210457154463636,22.63957542682758
2012-06-28,28.030000686645508,28.260000228881836,27.729999542236328,28.170000076293945,22.973949432373047,27175800,22.859773397952196,23.047348756081252,22.615108467080912
2012-06-29,28.809999465942383,29.709999084472656,28.790000915527344,29.700000762939453,24.221738815307617,35545300,23.495901158493545,24.229892913844573,23.47959140588767
2012-07-02,29.530000686645508,29.799999237060547,29.149999618530273,29.799999237060547,24.30329132080078,24445300,24.08309489144081,24.30329132080078,23.773186270734048
2012-07-03,29.6299991607666,29.979999542236328,29.610000610351562,29.969999313354492,24.441936492919922,14468000,24.164650462638523,24.450092147402557,24.148340709205296
2012-07-05,29.829999923706055,29.93000030517578,29.709999084472656,29.719999313354492,24.238054275512695,19244600,24.32776493586398,24.409319940225842,24.229898619523276
2012-07-06,29.3700008392334,29.479999542236328,28.940000534057617,29.18000030517578,23.79764747619629,25259400,23.95260174907168,24.0423108076572,23.601916499921252
2012-07-09,29.229999542236328,29.360000610351562,29.020000457763672,29.100000381469727,23.732402801513672,21873200,23.838423159133196,23.944445072284182,23.667159145548244
2012-07-10,29.360000610351562,29.600000381469727,28.850000381469727,29.049999237060547,23.691625595092773,23424100,23.944446134261863,24.140177110839158,23.528517225710793
2012-07-11,28.979999542236328,29.31999969482422,28.90999984741211,29.229999542236328,23.88776206970215,27247300,23.683453461732576,23.96131329327127,23.62624730090125
2012-07-12,29.450000762939453,29.469999313354492,28.610000610351562,28.81999969482422,23.552703857421875,23562000,24.06756259247739,24.083906101862915,23.381085318237695
2012-07-13,28.8700008392334,29.65999984741211,28.75,29.579999923706055,24.173797607421875,22026800,23.59356183278478,24.239176308208467,23.495493002229303
2012-07-16,29.43000030517578,29.75,29.280000686645508,29.520000457763672,24.1247615814209,16819600,24.051210355478982,24.31272513271644,23.928625498492803
2012-07-17,29.709999084472656,30.049999237060547,29.3700008392334,29.920000076293945,24.45166015625,23897100,24.280040073649868,24.55789997214429,24.00218173390679
2012-07-18,29.84000015258789,30.760000228881836,29.81999969482422,30.5,24.925655364990234,24988700,24.386280652283993,25.138136548594403,24.36993558614106
2012-07-19,30.600000381469727,31.110000610351562,30.559999465942383,30.8700008392334,25.2280330657959,26180000,25.007379347264575,25.42416918490664,24.974689214703794
2012-07-20,30.65999984741211,30.829999923706055,30.100000381469727,30.1200008392334,24.6151123046875,25013000,25.056418276147664,25.19534825135305,24.598767234957066
2012-07-23,29.530000686645508,29.799999237060547,29.110000610351562,29.649999618530273,24.231008529663086,23403200,24.13294123861891,24.353593422844053,23.789702602461308
2012-07-24,29.59000015258789,29.670000076293945,29.06999969482422,29.31999969482422,23.961326599121094,23707500,24.18198039235867,24.247359120864044,23.757017877697823
2012-07-25,29.299999237060547,29.559999465942383,29.1200008392334,29.260000228881836,23.91228675842285,22389100,23.944975334845953,24.157456537226164,23.797874402814827
2012-07-26,29.790000915527344,30.360000610351562,29.700000762939453,30.0,24.51703453063965,26746600,24.345416037125688,24.81123944380767,24.271864808833683
2012-07-27,30.299999237060547,30.84000015258789,30.040000915527344,30.770000457763672,25.14630699157715,23852100,24.762205762900216,25.203513159571287,24.54972615570804
2012-07-30,30.690000534057617,31.0,30.399999618530273,30.579999923706055,24.991039276123047,20919700,25.080935599882103,25.33427794286025,24.843936767699727
2012-07-31,30.559999465942383,30.690000534057617,30.170000076293945,30.200000762939453,24.680484771728516,20951600,24.974688158577738,25.08092952615624,24.655967173344727
2012-08-01,30.34000015258789,30.520000457763672,30.030000686645508,30.31999969482422,24.77855110168457,17344400,24.79489616664969,24.941998633833364,24.54155389469513
2012-08-02,29.8700008392334,30.399999618530273,29.739999771118164,29.920000076293945,24.45166015625,22103400,24.4107990483102,24.84393240397695,24.304557673664558
2012-08-03,30.530000686645508,30.8700008392334,30.3799991607666,30.719999313354492,25.10544204711914,17767200,24.950168622038007,25.228028463105655,24.827582206051492
2012-08-06,30.920000076293945,31.25,30.780000686645508,31.0,25.334270477294922,18658400,25.268891777122917,25.538579110176332,25.1544794415097
2012-08-07,31.219999313354492,31.700000762939453,31.149999618530273,31.5,25.742891311645508,21692700,25.51406504994705,25.90633886410889,25.45685887421028
2012-08-08,31.34000015258789,31.809999465942383,31.06999969482422,31.15999984741211,25.46503448486328,22436100,25.612136988105686,25.996236756431845,25.39148323324208
2012-08-09,31.15999984741211,31.549999237060547,31.149999618530273,31.3700008392334,25.63665199279785,14578500,25.46503190349484,25.783752922377186,25.456859369837417
2012-08-10,31.190000534057617,31.6200008392334,31.079999923706055,31.610000610351562,25.832782745361328,13848800,25.489544196976624,25.840955277317047,25.39964790421482
2012-08-13,31.450000762939453,31.549999237060547,31.200000762939453,31.360000610351562,25.628480911254883,14362100,25.702032159587684,25.783754383289462,25.497723482830235
2012-08-14,31.5,31.6299991607666,31.239999771118164,31.350000381469727,25.620309829711914,13806800,25.7428947309662,25.84913456305282,25.530413508041367
2012-08-15,31.329999923706055,31.690000534057617,31.329999923706055,31.549999237060547,25.783750534057617,16230100,25.60395948650244,25.898164435912065,25.60395948650244
2012-08-16,31.639999389648438,32.209999084472656,31.540000915527344,32.029998779296875,26.17601776123047,20333700,25.857296832745607,26.323120207839168,25.77557463685275
2012-08-17,32.09000015258789,32.29999923706055,31.90999984741211,32.20000076293945,26.31496238708496,20814500,26.22506605617278,26.3966846238214,26.077963536044386
2012-08-20,32.099998474121094,32.150001525878906,31.899999618530273,32.040000915527344,26.184206008911133,11189200,26.233238105957334,26.27410234350067,26.069792067046684
2012-08-21,32.02000045776367,32.27000045776367,31.719999313354492,31.75,25.94720458984375,19673100,26.1678583573066,26.372167054864423,25.922686984986214
2012-08-22,31.739999771118164,31.850000381469727,31.520000457763672,31.700000762939453,25.906333923339844,18087900,25.939022492347437,26.028918784932713,25.759231465927964
2012-08-23,31.559999465942383,31.75,31.309999465942383,31.59000015258789,25.816444396972656,14201700,25.791926794727843,25.94720182477534,25.58761811894221
2012-08-24,31.34000015258789,32.0,31.25,31.950000762939453,26.110647201538086,14811400,25.61213357558263,26.151508309771557,25.538582333761287
2012-08-27,32.06999969482422,32.06999969482422,31.75,31.829999923706055,26.01258087158203,14708300,26.208717015796182,26.208717015796182,25.947202156843982
2012-08-28,31.719999313354492,32.0,31.559999465942383,31.579999923706055,25.808265686035156,15993500,25.922678018291602,26.151504241555617,25.791920621783913
2012-08-29,31.649999618530273,31.889999389648438,31.459999084472656,31.489999771118164,25.734722137451172,15845300,25.86547957298986,26.061615726297887,25.710204533755824
2012-08-30,31.299999237060547,31.3799991607666,31.15999984741211,31.170000076293945,25.473201751708984,17984700,25.579441560552585,25.644820264168164,25.46502921891313
2012-08-31,31.459999084472656,31.760000228881836,31.1299991607666,31.649999618530273,25.865476608276367,21240300,25.710201586840032,25.9553729194371,25.440514212109242
2012-09-04,31.6299991607666,31.799999237060547,31.219999313354492,31.56999969482422,25.800100326538086,16654700,25.849133974172425,25.988063941429342,25.514067857626596
2012-09-05,31.649999618530273,32.11000061035156,31.610000610351562,32.06999969482422,26.208715438842773,22994600,25.865476817432473,26.24140557362062,25.832788241406046
2012-09-06,32.18000030517578,32.790000915527344,32.15999984741211,32.630001068115234,26.666366577148438,22699700,26.298610373908048,26.79712399191139,26.282265307374846
2012-09-07,32.63999938964844,32.63999938964844,32.27000045776367,32.599998474121094,26.641847610473633,19068700,26.674537743775478,26.674537743775478,26.37216180449017
2012-09-10,32.59000015258789,32.75,32.29999923706055,32.310001373291016,26.404855728149414,18589900,26.633680459104195,26.764437893578805,26.39668163489923
2012-09-11,32.290000915527344,32.459999084472656,32.15999984741211,32.31999969482422,26.413026809692383,21554800,26.388510764849926,26.527439175628043,26.282269374694028
2012-09-12,32.5,32.5,32.2400016784668,32.2599983215332,26.363985061645508,20602100,26.560122724233203,26.560122724233203,26.347643114140386
2012-09-13,32.31999969482422,32.790000915527344,32.09000015258789,32.619998931884766,26.6581974029541,27451700,26.413027594733215,26.79712893536466,26.225063971180425
2012-09-14,32.650001525878906,33.0,32.599998474121094,32.95000076293945,26.92788314819336,23162900,26.682713369344686,26.96874425841766,26.641849141617506
2012-09-17,32.810001373291016,33.130001068115234,32.75,33.099998474121094,27.050458908081055,25017900,26.813463288108448,27.074978061355605,26.76442809906135
2012-09-18,33.099998474121094,33.27000045776367,32.939998626708984,33.02000045776367,26.985084533691406,25285000,27.050461674939296,27.189393166032342,26.91970427494119
2012-09-19,33.0099983215332,33.08000183105469,32.560001373291016,32.779998779296875,26.788949966430664,20913400,26.976913555775347,27.03412284753499,26.609160469124223
2012-09-20,32.599998474121094,32.880001068115234,32.189998626708984,32.2599983215332,26.363985061645508,38005700,26.64184493176835,26.870672724371058,26.306778892870426
2012-09-21,33.029998779296875,33.290000915527344,32.279998779296875,32.470001220703125,26.535606384277344,62905800,26.993255729283383,27.205738454466772,26.38032982721971
2012-09-24,32.25,32.439998626708984,32.08000183105469,32.220001220703125,26.331296920776367,18511200,26.355812958485863,26.511086393149778,26.216884588129037
2012-09-25,32.18000030517578,32.22999954223633,31.25,31.299999237060547,25.579437255859375,30757800,26.298604433355347,26.339465531706963,25.53857615750776
2012-09-26,31.020000457763672,31.079999923706055,30.56999969482422,30.729999542236328,25.113628387451172,29234500,25.3506272593374,25.399660917442457,24.982870926669765
2012-09-27,30.760000228881836,31.420000076293945,30.700000762939453,31.219999313354492,25.514057159423828,23400200,25.138130087269868,25.677504661339142,25.089096460195634
2012-09-28,31.1299991607666,31.610000610351562,31.06999969482422,31.459999084472656,25.710201263427734,27014800,25.44051389208938,25.83278770755994,25.391480249687334
2012-10-01,31.709999084472656,32.0,31.540000915527344,31.670000076293945,25.881820678710938,28412900,25.914509253214053,26.151508043054886,25.775580863136618
2012-10-02,31.790000915527344,32.0099983215332,31.399999618530273,31.649999618530273,25.865476608276367,21859900,25.97989052032223,26.15968002514088,25.66116794382118
2012-10-03,31.809999465942383,32.04999923706055,31.690000534057617,31.81999969482422,26.004411697387695,19700800,25.99623916214554,26.192375331702156,25.898171856743087
2012-10-04,31.850000381469727,31.979999542236328,31.649999618530273,31.899999618530273,26.069787979125977,25156900,26.028926865493567,26.13516669618877,25.8654792934608
2012-10-05,32.04999923706055,32.09000015258789,31.280000686645508,31.389999389648438,25.652990341186523,31239000,26.192364984068192,26.22505511212216,25.563095606540312
2012-10-08,31.200000762939453,31.3799991607666,30.860000610351562,31.18000030517578,25.481374740600586,22261500,25.497719806484856,25.644820723189465,25.21985992145736
2012-10-09,31.059999465942383,31.100000381469727,30.440000534057617,30.649999618530273,25.048236846923828,23311300,25.38330286366114,25.415992991514095,24.876618351949094
2012-10-10,30.579999923706055,30.719999313354492,30.43000030517578,30.579999923706055,25.040056228637695,23103700,25.040056228637695,25.1546930042269,24.91723088881941
2012-10-11,30.729999542236328,31.09000015258789,30.6200008392334,30.719999313354492,25.15468978881836,20436300,25.162878352000728,25.457660379331116,25.07280728061212
2012-10-12,30.68000030517578,31.190000534057617,30.68000030517578,31.0,25.383960723876953,18639800,25.121932992100483,25.53954027529741,25.121932992100483
2012-10-15,31.059999465942383,31.3799991607666,31.020000457763672,31.299999237060547,25.629610061645508,26143200,25.433089272553616,25.695116991342804,25.400336588609168
2012-10-16,31.399999618530273,31.889999389648438,31.280000686645508,31.8700008392334,26.09635353088379,22024500,25.71149888098003,26.112729094987746,25.613239249121527
2012-10-17,31.530000686645508,31.700000762939453,31.209999084472656,31.229999542236328,25.572296142578125,28326200,25.817948343039046,25.957150788090964,25.55591901685233
2012-10-18,31.139999389648438,31.239999771118164,30.760000228881836,31.1200008392334,25.482223510742188,26013900,25.49859907365427,25.580483135448972,25.18744151300468
2012-10-19,31.06999969482422,31.25,30.399999618530273,30.479999542236328,24.958162307739258,26239700,25.441276474111685,25.588667448504403,24.89265538154342
2012-10-22,30.59000015258789,30.889999389648438,30.309999465942383,30.799999237060547,25.220199584960938,17338400,25.048244424108635,25.293895100128754,24.81896931449666
2012-10-23,30.520000457763672,30.84000015258789,30.450000762939453,30.59000015258789,25.04824447631836,21384700,24.99092608924812,25.25295389403145,24.93360770217788
2012-10-24,30.899999618530273,30.950000762939453,30.3700008392334,30.600000381469727,25.056427001953125,21642700,25.30207761928453,25.343020430045453,24.86809475787848
2012-10-25,30.8700008392334,31.219999313354492,30.709999084472656,30.860000610351562,25.26932716369629,20696000,25.277515726571504,25.56410761816057,25.146500282376778
2012-10-26,30.809999465942383,31.100000381469727,30.610000610351562,30.989999771118164,25.375770568847656,19815600,25.228379588525026,25.465843181668905,25.064613047350843
2012-10-31,31.239999771118164,31.389999389648438,30.860000610351562,31.079999923706055,25.4494686126709,21844400,25.580482483479848,25.70330779213717,25.269324930760725
2012-11-01,31.200000762939453,31.520000457763672,30.93000030517578,31.479999542236328,25.777000427246094,22886100,25.547726959694728,25.80975467221535,25.326640491577315
2012-11-02,31.799999237060547,31.809999465942383,31.18000030517578,31.209999084472656,25.55592155456543,17251200,26.039035878789146,26.047224442465172,25.53135742534618
2012-11-05,30.950000762939453,31.350000381469727,30.770000457763672,31.25,25.58867835998535,13590100,25.343027672453083,25.6705624430991,25.195636635210132
2012-11-06,31.43000030517578,31.90999984741211,31.329999923706055,31.6299991607666,25.899822235107422,15018800,25.736055717735766,26.129097233597523,25.65417167814586
2012-11-07,31.299999237060547,31.350000381469727,30.760000228881836,30.790000915527344,25.21200942993164,22295700,25.629615214582987,25.670558030005765,25.187443740677974
2012-11-08,30.729999542236328,30.979999542236328,30.40999984741211,30.420000076293945,24.909034729003906,17902800,25.162873895465612,25.367583253343092,24.900846167271794
2012-11-09,30.399999618530273,30.729999542236328,30.270000457763672,30.350000381469727,24.851716995239258,15537900,24.89265824314004,25.162874539987293,24.786210061512907
2012-11-12,30.40999984741211,30.549999237060547,30.09000015258789,30.299999237060547,24.810775756835938,10964600,24.9008483820923,25.015485132921413,24.638820630592267
2012-11-13,30.079999923706055,30.5,29.889999389648438,30.020000457763672,24.58150863647461,20901000,24.63063846218269,24.974550365757285,24.47505885866326
2012-11-14,30.100000381469727,30.149999618530273,29.520000457763672,29.579999923706055,24.221214294433594,22562900,24.647010188726465,24.68795144087404,24.172084479494774
2012-11-15,29.579999923706055,30.06999969482422,29.559999465942383,29.950000762939453,24.524181365966797,26295000,24.221210833219832,24.62244098180313,24.20483370997763
2012-11-16,30.030000686645508,30.1299991607666,29.780000686645508,30.0,24.56512451171875,25491700,24.58969019848155,24.6715726974071,24.38498082755056
2012-11-19,30.25,30.260000228881836,29.850000381469727,30.139999389648438,24.679763793945312,22551100,24.76983642618295,24.778024989278073,24.44230171142161
2012-11-20,30.020000457763672,30.200000762939453,29.780000686645508,30.200000762939453,24.7288875579834,17448200,24.581496591273325,24.7288875579834,24.384975822929306
2012-11-21,30.190000534057617,30.530000686645508,30.1299991607666,30.399999618530273,24.89266586303711,17423900,24.720710695046414,24.99911563905809,24.671579308355664
2012-11-23,30.649999618530273,31.059999465942383,30.579999923706055,30.920000076293945,25.318456649780273,8211500,25.097370140451595,25.433093404924634,25.040051762879415
2012-11-26,30.719999313354492,30.969999313354492,30.579999923706055,30.959999084472656,25.351211547851562,15644900,25.15469070970645,25.35940011133371,25.040053944573998
2012-11-27,31.200000762939453,31.770000457763672,31.15999984741211,31.219999313354492,25.564102172851562,24696300,25.547726612397906,26.01446366420647,25.51497236787391
2012-11-28,31.149999618530273,31.81999969482422,30.989999771118164,31.799999237060547,26.039031982421875,21603200,25.506787917593517,26.055409107323324,25.375774041999108
2012-11-29,31.920000076293945,32.13999938964844,31.809999465942383,31.84000015258789,26.071786880493164,22205300,26.13729381991918,26.31743751288857,26.04722119253017
2012-11-30,31.850000381469727,32.2400016784668,31.75,32.18000030517578,26.35019302368164,26610600,26.07997669040037,26.399324401957294,25.998092621749652
2012-12-03,32.369998931884766,32.5,32.209999084472656,32.310001373291016,26.456645965576172,22159300,26.50577422614709,26.61222399674706,26.37476032526166
2012-12-04,32.220001220703125,32.470001220703125,32.0099983215332,32.380001068115234,26.513959884643555,17391100,26.38294600583269,26.587655386700746,26.210987751954402
2012-12-05,31.950000762939453,32.119998931884766,31.309999465942383,32.0,26.202802658081055,30775300,26.1618614036513,26.30106229343596,25.637804288459733
2012-12-06,31.989999771118164,32.11000061035156,31.899999618530273,32.029998779296875,26.22736167907715,25132600,26.19460899427263,26.292870172303065,26.120913501201912
2012-12-07,32.150001525878906,32.16999816894531,31.770000457763672,31.920000076293945,26.137292861938477,18421100,26.325626672468044,26.342000673559305,26.01446755024255
2012-12-10,31.920000076293945,32.22999954223633,31.920000076293945,32.06999969482422,26.2601261138916,20712600,26.137300765057056,26.391140027556325,26.137300765057056
2012-12-11,32.18000030517578,32.5,32.02000045776367,32.34000015258789,26.481210708618164,25716300,26.350196804701167,26.61222461253516,26.21918290078417
2012-12-12,32.209999084472656,32.380001068115234,31.829999923706055,31.940000534057617,26.300048828125,20205300,26.522371149374393,26.662354255070035,26.209472078751286
2012-12-13,31.93000030517578,32.0099983215332,31.389999389648438,31.610000610351562,26.028324127197266,20608200,26.291818452305296,26.35769046303224,25.847170600772948
2012-12-14,31.540000915527344,32.11000061035156,31.440000534057617,31.959999084472656,26.31652069091797,21930800,25.9706855588836,26.440035032987502,25.888343187687276
2012-12-17,32.0,32.470001220703125,31.799999237060547,32.31999969482422,26.61295509338379,24047300,26.34946073729884,26.736469447030075,26.184775979470626
2012-12-18,32.4900016784668,32.95000076293945,32.349998474121094,32.880001068115234,27.074068069458008,37797600,26.7529345633941,27.131707255618192,26.637653049973668
2012-12-19,33.86000061035156,34.349998474121094,33.83000183105469,34.09000015258789,28.07041358947754,60937600,27.8810271932597,28.284501603127868,27.85632557582721
2012-12-20,34.09000015258789,34.25,33.93000030517578,33.939998626708984,27.946895599365234,28119900,28.07040995272718,28.20215713046636,27.938662774987996
2012-12-21,33.5099983215332,33.91999816894531,33.20000076293945,33.7599983215332,27.79868507385254,45601600,27.592829872016512,27.930432277383552,27.337571432044545
2012-12-24,33.459999084472656,33.63999938964844,33.41999816894531,33.61000061035156,27.675167083740234,6451900,27.551652736339832,27.699868696780182,27.51871515821968
2012-12-26,33.66999816894531,33.849998474121094,33.34000015258789,33.61000061035156,27.675167083740234,13282100,27.724570309820127,27.872786270260477,27.45284314307971
2012-12-27,33.540000915527344,33.619998931884766,33.0,33.27000045776367,27.39520263671875,21600200,27.617526566705852,27.683398578683406,27.17287870673165
2012-12-28,33.040000915527344,33.4900016784668,33.0,33.02000045776367,27.18934440612793,16792100,27.205813192526414,27.576353033742688,27.17287561972945
2012-12-31,32.90999984741211,33.459999084472656,32.689998626708984,33.31999969482422,27.43637466430664,25320000,27.098772337507864,27.551653047930557,26.917618796898637
2013-01-02,34.08000183105469,34.7400016784668,33.93000030517578,34.689998626708984,28.564451217651367,33758400,28.062167435518976,28.605624748617437,27.938653124819574
2013-01-03,34.630001068115234,34.75,34.13999938964844,34.310001373291016,28.251558303833008,21819500,28.5150526108479,28.613862190703504,28.11157518636265
2013-01-04,34.45000076293945,34.75,34.400001525878906,34.61000061035156,28.49858856201172,21687300,28.366841386600846,28.61386694785868,28.32567098324128
2013-01-07,34.439998626708984,34.52000045776367,34.209999084472656,34.43000030517578,28.35037612915039,14008300,28.358608954407842,28.42448412087074,28.16922256247824
2013-01-08,34.150001525878906,34.5099983215332,34.060001373291016,34.439998626708984,28.358612060546875,17408900,28.11982240871612,28.416251266964764,28.04571440887867
2013-01-09,34.5,34.79999923706055,34.380001068115234,34.459999084472656,28.375072479248047,18932700,28.40801005636586,28.655035602548995,28.309200466112657
2013-01-10,34.560001373291016,34.91999816894531,34.40999984741211,34.90999984741211,28.74561882019043,17843600,28.457422808482942,28.753851645767384,28.333908437122048
2013-01-11,34.959999084472656,35.0,34.779998779296875,34.86000061035156,28.704442977905273,15105200,28.786783782495913,28.81972136077231,28.638567821352485
2013-01-14,34.83000183105469,35.0,34.599998474121094,34.959999084472656,28.78678321838379,14589400,28.679740802733658,28.819720796014735,28.49035130190588
2013-01-15,34.56999969482422,34.880001068115234,34.52000045776367,34.70000076293945,28.57269859313965,16263600,28.465653023849345,28.720914568741403,28.42448261753789
2013-01-16,34.630001068115234,34.869998931884766,34.560001373291016,34.63999938964844,28.523292541503906,17608200,28.51505971658934,28.712678925545795,28.45742051888532
2013-01-17,34.7599983215332,34.810001373291016,34.599998474121094,34.619998931884766,28.50682258605957,17827100,28.62210097675845,28.66327452295139,28.490353795802505
2013-01-18,34.59000015258789,35.130001068115234,34.40999984741211,35.11000061035156,28.910308837890625,30088900,28.482129585015308,28.92677763312831,28.33391356897764
2013-01-22,34.95000076293945,34.97999954223633,34.529998779296875,34.93000030517578,28.7620849609375,19309500,28.77855375167413,28.803255367228747,28.432715428406205
2013-01-23,34.959999084472656,35.20000076293945,34.689998626708984,34.689998626708984,28.564451217651367,17235800,28.786775092250657,28.984397361149824,28.564451217651367
2013-01-24,34.880001068115234,35.400001525878906,34.810001373291016,34.939998626708984,28.77031898498535,18662000,28.720915751816847,29.149094905515007,28.6632765523864
2013-01-25,35.0,35.400001525878906,34.880001068115234,35.380001068115234,29.13261604309082,18061300,28.819715396421753,29.14908482882074,28.720905823141937
2013-01-28,35.40999984741211,35.790000915527344,35.380001068115234,35.540000915527344,29.264371871948242,20119500,29.157326303488155,29.47022704300961,29.13262468811299
2013-01-29,35.36000061035156,35.869998931884766,35.06999969482422,35.779998779296875,29.46198272705078,18284800,29.116147645412386,29.536090693273255,28.87735496079555
2013-01-30,35.7599983215332,35.880001068115234,35.290000915527344,35.380001068115234,29.13261604309082,14249900,29.445513548660184,29.5443262630397,29.058508077856033
2013-01-31,35.27000045776367,35.689998626708984,35.25,35.5099983215332,29.239662170410156,19077700,29.042042998629295,29.387878119795854,29.02557421079754
2013-02-01,35.869998931884766,36.310001373291016,35.810001373291016,36.209999084472656,29.816064834594727,27725700,29.53610165178206,29.898408794893104,29.48669841670394
2013-02-04,35.810001373291016,36.0,35.029998779296875,35.130001068115234,28.926769256591797,23595800,29.486695568125132,29.64314436592686,28.844425304248304
2013-02-05,35.209999084472656,35.720001220703125,35.13999938964844,35.47999954223633,29.21497344970703,16662700,28.99264942753267,29.412595849784733,28.935010215239483
2013-02-06,35.310001373291016,35.41999816894531,35.0099983215332,35.099998474121094,28.902070999145508,15603500,29.07499176739883,29.165565423691806,28.82796299592303
2013-02-07,35.150001525878906,35.189998626708984,34.45000076293945,34.560001373291016,28.457412719726562,26869300,28.943230925158435,28.976165356891233,28.36683596498675
2013-02-08,34.7599983215332,34.97999954223633,34.5,34.900001525878906,28.737377166748047,19255700,28.622095656377553,28.803249174431205,28.408007705032315
2013-02-11,34.97999954223633,35.040000915527344,34.54999923706055,34.959999084472656,28.78678321838379,12648800,28.803252007199262,28.852658373645678,28.449180900417343
2013-02-12,34.88999938964844,35.25,34.849998474121094,35.11000061035156,28.910308837890625,14666300,28.729155231377582,29.025587263452916,28.69621764090221
2013-02-13,35.209999084472656,35.2599983215332,34.880001068115234,34.9900016784668,28.811491012573242,13176800,28.992641426459276,29.03381183229244,28.720914235079917
2013-02-14,34.869998931884766,35.06999969482422,34.689998626708984,34.900001525878906,28.737377166748047,15886800,28.712672415404377,28.877357146262245,28.5644564717423
2013-02-15,34.79999923706055,34.9900016784668,34.650001525878906,34.810001373291016,28.66327476501465,18406000,28.655038799266283,28.81149073747935,28.531527582946094
2013-02-19,34.93000030517578,35.40999984741211,34.81999969482422,35.400001525878906,29.14908790588379,16446000,28.762079253126167,29.15732072906798,28.671502492599913
2013-02-20,35.5,35.59000015258789,35.0,35.0099983215332,28.82794952392578,16263700,29.231426939827042,29.305534908417076,28.81971670123793
2013-02-21,34.95000076293945,34.95000076293945,34.16999816894531,34.279998779296875,28.226858139038086,20923100,28.77855159348987,28.77855159348987,28.136281367329556
2013-02-22,34.5099983215332,34.779998779296875,34.130001068115234,34.75,28.613876342773438,13754700,28.416253944220717,28.638577964679477,28.10335626307265
2013-02-25,35.06999969482422,35.43000030517578,34.27000045776367,34.279998779296875,28.226858139038086,19992900,28.877361189398986,29.17379311822676,28.218625314837503
2013-02-26,34.279998779296875,34.56999969482422,34.08000183105469,34.31999969482422,28.25978660583496,15839500,28.22684903745231,28.465641696577404,28.06216747773788
2013-02-27,34.25,34.970001220703125,34.060001373291016,34.68000030517578,28.556230545043945,15671400,28.2021593875761,28.795023305401468,28.045710583083622
2013-02-28,34.70000076293945,34.86000061035156,34.220001220703125,34.2400016784668,28.193925857543945,23816400,28.57269862174963,28.70444580673859,28.17745706678274
2013-03-01,34.119998931884766,34.83000183105469,34.0,34.630001068115234,28.51505470275879,20376000,28.09510846063968,28.67973944199961,27.996298873535242
2013-03-04,34.529998779296875,35.08000183105469,34.400001525878906,35.04999923706055,28.860881805419922,14750500,28.43270285885912,28.885586551153708,28.325660478043368
2013-03-05,35.220001220703125,35.68000030517578,35.209999084472656,35.459999084472656,29.1984920501709,15410100,29.00087287650315,29.37964557694978,28.992636911958584
2013-03-06,35.5,35.93000030517578,35.47999954223633,35.86000061035156,29.527868270874023,21340800,29.231436301577663,29.58550747144822,29.214967509827773
2013-03-07,35.939998626708984,36.130001068115234,35.7599983215332,35.939998626708984,29.59372901916504,15098100,29.59372901916504,29.750180910617747,29.445513090999135
2013-03-08,35.939998626708984,36.09000015258789,35.66999816894531,35.709999084472656,29.404348373413086,14985000,29.593734731268892,29.71724907561411,29.37141079610766
2013-03-11,35.70000076293945,35.97999954223633,35.63999938964844,35.880001068115234,29.544336318969727,14111600,29.39612033805226,29.626677134545755,29.34671396404618
2013-03-12,35.849998474121094,35.849998474121094,35.15999984741211,35.43000030517578,29.173789978027344,18411100,29.51962509703457,29.51962509703457,28.951466055336947
2013-03-13,35.81999969482422,35.849998474121094,35.349998474121094,35.58000183105469,29.297311782836914,21228800,29.4949310037537,29.519632621093074,29.10792224623208
2013-03-14,35.79999923706055,36.33000183105469,35.619998931884766,36.29999923706055,29.890159606933594,21040700,29.4784494108571,29.914864354645857,29.330233488981598
2013-03-15,36.11000061035156,36.43000030517578,36.099998474121094,36.34000015258789,29.923093795776367,56178100,29.73370750390996,29.99720174834141,29.725471541903197
2013-03-18,36.099998474121094,36.41999816894531,36.0,36.040000915527344,29.676076889038086,20654800,29.725480110923563,29.98897443131302,29.643139313714386
2013-03-19,36.18000030517578,36.22999954223633,35.40999984741211,35.689998626708984,29.38789176940918,20548800,29.791369405937708,29.832539824089217,29.15733491487948
2013-03-20,35.97999954223633,36.06999969482422,35.400001525878906,35.77000045776367,29.453754425048828,41088100,29.626671992406592,29.70077997000281,29.149089690975586
2013-03-21,32.779998779296875,32.939998626708984,32.18000030517578,32.29999923706055,26.596487045288086,132669500,26.99172859043911,27.12347577215612,26.497677444275475
2013-03-22,32.400001525878906,32.5,31.639999389648438,31.979999542236328,26.33299446105957,64333500,26.678832799621368,26.761173615845188,26.053031288357467
2013-03-25,32.04999923706055,32.20000076293945,31.15999984741211,31.25,25.731901168823242,39694400,26.390637210524872,26.51415159257571,25.657793167812983
2013-03-26,31.40999984741211,31.790000915527344,31.40999984741211,31.540000915527344,25.970691680908203,29420300,25.86364610195429,26.17654687214983,25.86364610195429
2013-03-27,31.40999984741211,32.11000061035156,31.290000915527344,31.950000762939453,26.308284759521484,35028500,25.86363694991722,26.440031909652397,25.764827372593988
2013-03-28,31.889999389648438,32.38999938964844,31.790000915527344,32.33000183105469,26.621191024780273,23676700,26.25888392980219,26.670594253295107,26.176543121543805
2013-04-01,32.36000061035156,32.459999084472656,32.040000915527344,32.40999984741211,26.687063217163086,18677600,26.645892812765467,26.728233621560705,26.38239845530009
2013-04-02,32.650001525878906,32.939998626708984,32.529998779296875,32.7400016784668,26.958797454833984,22619600,26.884689459716903,27.123479096337753,26.78587670549348
2013-04-03,32.93000030517578,32.939998626708984,32.20000076293945,32.400001525878906,26.678834915161133,25545200,27.115246929734784,27.123479755569683,26.51415012855376
2013-04-04,32.36000061035156,32.5099983215332,32.22999954223633,32.369998931884766,26.654125213623047,18163800,26.64589238931456,26.769403600544607,26.538846826701487
2013-04-05,31.770000457763672,32.119998931884766,31.670000076293945,32.029998779296875,26.37415885925293,24415300,26.160070901195056,26.448266833407594,26.077728533184317
2013-04-08,32.06999969482422,32.36000061035156,31.899999618530273,32.36000061035156,26.645891189575195,14134400,26.40709846107485,26.645891189575195,26.267116895879855
2013-04-09,32.5,33.08000183105469,32.459999084472656,33.040000915527344,27.20582389831543,30087400,26.761175913882056,27.23876148407369,26.72823832812379
2013-04-10,33.150001525878906,33.95000076293945,33.150001525878906,33.72999954223633,27.773977279663086,35941000,27.296394950959243,27.955130822154405,27.296394950959243
2013-04-11,33.619998931884766,33.91999816894531,33.560001373291016,33.619998931884766,27.68340301513672,23080700,27.68340301513672,27.930428596565406,27.633999783511396
2013-04-12,33.63999938964844,33.66999816894531,33.02000045776367,33.459999084472656,27.55165672302246,18408200,27.69987270490944,27.72457432152367,27.18935273457696
2013-04-15,33.38999938964844,33.5,32.79999923706055,32.79999923706055,27.008201599121094,19617500,27.494019996537432,27.584596787071153,27.008201599121094
2013-04-16,32.95000076293945,33.4900016784668,32.90999984741211,33.41999816894531,27.518718719482422,17310600,27.131713120338496,27.576361059202487,27.098775537955813
2013-04-17,33.099998474121094,33.130001068115234,32.45000076293945,32.4900016784668,26.752941131591797,25277000,27.255225142719283,27.27992990078189,26.720003548242207
2013-04-18,32.650001525878906,32.79999923706055,31.899999618530273,32.119998931884766,26.44826316833496,24892500,26.884678129480623,27.008189308556094,26.26711124025452
2013-04-19,31.75,32.459999084472656,31.670000076293945,32.369998931884766,26.654125213623047,30391400,26.143605296784518,26.72823319680126,26.077731708465024
2013-04-22,32.4900016784668,32.65999984741211,32.15999984741211,32.52000045776367,26.777637481689453,18754900,26.752935869586214,26.892915859638205,26.481205572049685
2013-04-23,32.720001220703125,33.0,32.369998931884766,32.459999084472656,26.728233337402344,23964900,26.942324463754694,27.172881238810632,26.654125353834296
2013-04-24,32.4900016784668,32.83000183105469,32.439998626708984,32.5099983215332,26.7694034576416,22601800,26.752937809112527,27.032900950613413,26.711764264488515
2013-04-25,32.560001373291016,32.58000183105469,32.209999084472656,32.27000045776367,26.5717830657959,25910200,26.81057579300272,26.827044581889428,26.522376699135773
2013-04-26,32.20000076293945,32.529998779296875,32.16999816894531,32.36000061035156,26.645891189575195,22376200,26.514144018868162,26.78587118422003,26.489439264854123
2013-04-29,32.38999938964844,32.5,32.13999938964844,32.2400016784668,26.547075271606445,31381300,26.670586447847086,26.7611631950833,26.464731346346444
2013-04-30,32.220001220703125,32.869998931884766,32.220001220703125,32.779998779296875,26.991731643676758,50028100,26.530618026057493,27.065839638094275,26.530618026057493
2013-05-01,32.75,33.619998931884766,32.720001220703125,33.15999984741211,27.304624557495117,32712000,26.967022266972442,27.683397246159576,26.942320656307377
2013-05-02,33.11000061035156,33.779998779296875,32.97999954223633,33.689998626708984,27.741043090820312,22992700,27.263460703755275,27.815151081704638,27.156415130011077
2013-05-03,33.93000030517578,33.95000076293945,33.279998779296875,33.380001068115234,27.485788345336914,23976800,27.938669176260042,27.955137969888312,27.403444377195576
2013-05-06,33.439998626708984,33.5099983215332,33.08000183105469,33.5099983215332,27.59282875061035,17964500,27.53518954772688,27.59282875061035,27.238760707655157
2013-05-07,33.529998779296875,33.790000915527344,33.189998626708984,33.2599983215332,27.38697052001953,17955000,27.60929448124409,27.823385617727276,27.32933132352805
2013-05-08,33.09000015258789,33.56999969482422,33.09000015258789,33.459999084472656,27.55165672302246,21382700,27.246991934077364,27.642233505409035,27.246991934077364
2013-05-09,33.29999923706055,34.0,33.279998779296875,33.70000076293945,27.749265670776367,18722100,27.41989628326774,27.996291140858204,27.40342749978238
2013-05-10,33.83000183105469,34.029998779296875,33.650001525878906,34.02000045776367,28.012767791748047,17364100,27.856319016347303,28.021000615253282,27.708103064451798
2013-05-13,33.95000076293945,34.0,33.650001525878906,33.779998779296875,27.815153121948242,12193400,27.955136288820093,27.996306699864395,27.70811068145326
2013-05-14,33.650001525878906,34.25,33.54999923706055,33.66999816894531,27.724571228027344,23560400,27.70810557952228,28.20215670328565,27.625761631494758
2013-05-15,33.7400016784668,34.099998474121094,33.709999084472656,33.9900016784668,27.988069534301758,18360500,27.782214369898863,28.078643168114585,27.757509614222155
2013-05-16,34.09000015258789,34.61000061035156,34.09000015258789,34.369998931884766,28.300966262817383,25526300,28.070409490842632,28.49858859672462,28.070409490842632
2013-05-17,34.59000015258789,35.029998779296875,34.439998626708984,35.029998779296875,28.84442710876465,26986800,28.48212311908924,28.84442710876465,28.358608753397206
2013-05-20,34.810001373291016,35.029998779296875,34.560001373291016,34.900001525878906,28.737377166748047,18326400,28.663269194917007,28.844419571870674,28.45741406661967
2013-05-21,34.900001525878906,35.31999969482422,34.900001525878906,35.099998474121094,28.902070999145508,19682900,28.737389339630056,29.08322459393408,28.737389339630056
2013-05-22,35.06999969482422,35.150001525878906,33.91999816894531,34.119998931884766,28.095104217529297,33742400,28.877354254957474,28.943229397144954,27.93041950316026
2013-05-23,33.95000076293945,34.40999984741211,33.86000061035156,34.22999954223633,28.185693740844727,20442500,27.955136920902785,28.333909736836283,27.881028922907003
2013-05-24,33.689998626708984,34.13999938964844,33.41999816894531,34.04999923706055,28.037464141845703,22642500,27.741032293683176,28.111572103886335,27.51870840756128
2013-05-28,34.66999816894531,34.779998779296875,34.2599983215332,34.529998779296875,28.432710647583008,21432200,28.547989022255262,28.638565785526357,28.21038672167218
2013-05-29,34.400001525878906,34.560001373291016,34.119998931884766,34.400001525878906,28.325672149658203,16004800,28.325672149658203,28.457419330494265,28.095112227369675
2013-05-30,34.4900016784668,34.790000915527344,34.34000015258789,34.34000015258789,28.27626609802246,17928400,28.399780455681594,28.64680602989926,28.276266098022464
2013-05-31,34.119998931884766,34.459999084472656,33.75,33.779998779296875,27.815153121948242,24412100,28.095116314590925,28.37507950723361,27.790451503541863
2013-06-03,33.849998474121094,34.400001525878906,33.72999954223633,34.38999938964844,28.31743812561035,19782700,27.872790181888046,28.32567409184638,27.773980574761126
2013-06-04,34.34000015258789,34.75,33.959999084472656,34.15999984741211,28.128049850463867,20324900,28.276265821766533,28.613868169489145,27.963365088894175
2013-06-05,34.099998474121094,34.61000061035156,34.0,34.119998931884766,28.095104217529297,22005600,28.078635431982423,28.498581610678453,27.99629464534774
2013-06-06,33.97999954223633,33.97999954223633,33.130001068115234,33.349998474121094,27.461082458496094,29158700,27.979838442664366,27.979838442664366,27.27993201821436
2013-06-07,33.59000015258789,34.029998779296875,33.31999969482422,33.810001373291016,27.83985137939453,20548900,27.6586978437872,28.021001773901574,27.436373906751008
2013-06-10,33.97999954223633,34.09000015258789,33.81999969482422,34.04999923706055,28.037464141845703,16901500,27.979824964825163,28.07040171188589,27.848077825763994
2013-06-11,33.65999984741211,34.150001525878906,33.4900016784668,33.56999969482422,27.642230987548828,15274500,27.716338971742008,28.119816472593882,27.57635896887739
2013-06-12,33.83000183105469,33.869998931884766,33.5,33.52000045776367,27.601058959960938,13731100,27.85632047741394,27.88925491426246,27.58459017098652
2013-06-13,33.470001220703125,34.31999969482422,33.40999984741211,34.25,28.2021541595459,15727400,27.559887128363762,28.259793347416082,27.51048076400354
2013-06-14,34.150001525878906,34.31999969482422,33.70000076293945,33.77000045776367,27.806913375854492,17551400,28.11981407590122,28.259794066835138,27.74927418651697
2013-06-17,34.029998779296875,34.630001068115234,34.0,34.27000045776367,28.218629837036133,19398200,28.02100747244735,28.515061813368845,27.9963058547866
2013-06-18,34.2599983215332,34.59000015258789,34.209999084472656,34.400001525878906,28.325672149658203,16949300,28.210390617963657,28.4821209453071,28.169220212908744
2013-06-19,34.43000030517578,34.59000015258789,34.08000183105469,34.09000015258789,28.07041358947754,19408400,28.350376771082367,28.48212396589047,28.062180764033673
2013-06-20,33.880001068115234,34.02000045776367,33.029998779296875,33.209999084472656,27.345800399780273,35222400,27.89749389623427,28.012772290421495,27.197584424082223
2013-06-21,30.709999084472656,30.84000015258789,29.979999542236328,30.139999389648438,24.817899703979492,140813500,25.287249257526756,25.394294829365826,24.686152515985533
2013-06-24,30.1200008392334,30.440000534057617,30.030000686645508,30.170000076293945,24.842599868774414,78919200,24.801429466490752,25.064923810426613,24.727321485940017
2013-06-25,30.5,30.530000686645508,29.889999389648438,29.959999084472656,24.669681549072266,64051500,25.114329447248313,25.139032631774835,24.612042355727272
2013-06-26,30.190000534057617,30.229999542236328,29.860000610351562,30.139999389648438,24.817899703979492,52429800,24.859071681821582,24.892007693544887,24.58734291026525
2013-06-27,30.309999465942383,31.139999389648438,30.290000915527344,30.450000762939453,25.073158264160156,43014900,24.957878310503553,25.641317355656266,24.94141109188133
2013-06-28,30.280000686645508,30.809999465942383,30.25,30.709999084472656,25.28724479675293,39787100,24.933175273072468,25.36958716736121,24.908472090724956
2013-07-01,30.889999389648438,30.979999542236328,30.06999969482422,30.110000610351562,24.793190002441406,33962900,25.435456941822714,25.509564907220536,24.76025243090911
2013-07-02,30.09000015258789,30.350000381469727,29.950000762939453,30.100000381469727,24.78496742248535,33114500,24.77673302567763,24.990822631026674,24.66145461147068
2013-07-03,30.049999237060547,30.799999237060547,30.040000915527344,30.700000762939453,25.279008865356445,18629700,24.743784307478784,25.361349655291566,24.73555148492519
2013-07-05,30.989999771118164,31.200000762939453,30.540000915527344,31.190000534057617,25.682485580444336,22193800,25.51780085385507,25.690719973828795,25.147262574854143
2013-07-08,31.350000381469727,31.649999618530273,31.25,31.649999618530273,26.061262130737305,28904300,25.814236574646028,26.061262130737305,25.731894199098875
2013-07-09,31.5,31.600000381469727,31.229999542236328,31.520000457763672,25.9542179107666,28854300,25.937749121693805,26.02009149650763,25.71542518086153
2013-07-10,31.360000610351562,31.440000534057617,31.049999237060547,31.229999542236328,25.813697814941406,28458600,25.921152452697893,25.98727777725877,25.664915440541407
2013-07-11,31.56999969482422,32.0,31.56999969482422,31.860000610351562,26.334442138671875,33193000,26.094736797058182,26.450161088939197,26.094736797058182
2013-07-12,31.899999618530273,32.0,31.239999771118164,31.25,25.830238342285156,157674700,26.367506984494163,26.4501640625,25.82197247682931
2013-07-15,31.479999542236328,32.04999923706055,31.31999969482422,32.0099983215332,26.45842170715332,36543400,26.020341983872612,26.4914851606738,25.88809132289516
2013-07-16,31.989999771118164,32.150001525878906,31.860000610351562,32.0,26.450159072875977,22531400,26.441893208979423,26.57414545477195,26.33444013142889
2013-07-17,32.06999969482422,32.439998626708984,32.04999923706055,32.15999984741211,26.582412719726562,22357000,26.508021512877033,26.81385062854509,26.491489783232137
2013-07-18,31.959999084472656,32.459999084472656,31.809999465942383,32.0099983215332,26.45842170715332,23615600,26.417093966804956,26.83037767649754,26.29310916920763
2013-07-19,32.029998779296875,32.029998779296875,31.510000228881836,31.860000610351562,26.334442138671875,28512000,26.474957105966507,26.474957105966507,26.04514318645111
2013-07-22,31.790000915527344,31.899999618530273,31.700000762939453,31.8700008392334,26.34270477294922,16760100,26.276579441397526,26.36750078693594,26.202188246332838
2013-07-23,31.8700008392334,32.189998626708984,31.809999465942383,32.06999969482422,26.508024215698242,16771000,26.342711632051135,26.607211450575974,26.293116438059595
2013-07-24,32.380001068115234,32.560001373291016,32.29999923706055,32.38999938964844,26.772518157958984,20003600,26.764253871146977,26.913036258598854,26.698126964233044
2013-07-25,32.40999984741211,32.40999984741211,31.969999313354492,32.369998931884766,26.755990982055664,21050300,26.78905444113627,26.78905444113627,26.425364274012132
2013-07-26,32.36000061035156,32.599998474121094,32.15999984741211,32.540000915527344,26.896503448486328,17308500,26.747721067027364,26.946095473569752,26.58240695950581
2013-07-29,32.38999938964844,32.560001373291016,32.16999816894531,32.47999954223633,26.84690284729004,16119300,26.77251167158739,26.913029738182924,26.590665874735656
2013-07-30,32.599998474121094,32.709999084472656,32.4900016784668,32.54999923706055,26.904773712158203,18340700,26.94610145994392,27.03702439693553,26.85518167605736
2013-07-31,32.58000183105469,32.75,31.950000762939453,32.349998474121094,26.739463806152344,30540500,26.929577151688953,27.070092147053227,26.408838618357002
2013-08-01,32.619998931884766,32.83000183105469,32.400001525878906,32.75,27.070087432861328,15797000,26.962632767815688,27.136214350767876,26.78079004978267
2013-08-02,32.619998931884766,32.70000076293945,32.47999954223633,32.56999969482422,26.92130470275879,18998100,26.96263244940984,27.028759366535482,26.846913497544918
2013-08-05,32.59000015258789,32.900001525878906,32.54999923706055,32.779998779296875,27.094886779785156,11151300,26.937840060117615,27.194077168832912,26.904776597101694
2013-08-06,32.75,33.220001220703125,32.70000076293945,33.0,27.276723861694336,18620900,27.07008201425726,27.45856969643236,27.028754275390714
2013-08-07,32.77000045776367,33.0,32.68000030517578,32.81999969482422,27.12794303894043,17416900,27.086615297697858,27.276725429897326,27.01222410221941
2013-08-08,32.90999984741211,33.099998474121094,32.7599983215332,33.02000045776367,27.29325294494629,14204600,27.202330036381706,27.359376690108856,27.078343678683815
2013-08-09,32.90999984741211,33.11000061035156,32.70000076293945,32.91999816894531,27.210603713989258,11646000,27.202339425405498,27.36765357502701,27.028760987200222
2013-08-12,32.810001373291016,33.34000015258789,32.75,33.25,27.48337173461914,11746400,27.119683138511924,27.55776294213028,27.070087949136145
2013-08-13,33.38999938964844,33.459999084472656,33.11000061035156,33.25,27.48337173461914,12738700,27.599090690057572,27.656950167776785,27.367652779180712
2013-08-14,33.2599983215332,33.650001525878906,33.22999954223633,33.56999969482422,27.74787139892578,19684400,27.491634332563944,27.81399831402749,27.466838315953233
2013-08-15,33.2400016784668,33.2400016784668,32.540000915527344,32.72999954223633,27.05354881286621,19574600,27.475099924389212,27.475099924389212,26.89650215249532
2013-08-16,32.599998474121094,32.849998474121094,32.29999923706055,32.40999984741211,26.789052963256836,19504100,26.94609965556836,27.152741533764758,26.69813003235365
2013-08-19,32.400001525878906,32.70000076293945,32.0099983215332,32.060001373291016,26.499752044677734,13385600,26.780785087497186,27.02875467748978,26.45842115209196
2013-08-20,32.060001373291016,32.41999816894531,32.0,32.20000076293945,26.615478515625,13870200,26.499759551056613,26.797321251473047,26.45016435776789
2013-08-21,32.189998626708984,32.619998931884766,32.099998474121094,32.29999923706055,26.69813346862793,11955400,26.607210526022197,26.962634854514487,26.532819314172524
2013-08-22,32.41999816894531,32.529998779296875,32.130001068115234,32.400001525878906,26.780790328979492,10271600,26.79731890552345,26.88824184204035,26.557616708375743
2013-08-23,32.380001068115234,32.65999984741211,31.770000457763672,31.770000457763672,26.260053634643555,27128400,26.7642603867427,26.995698311074673,26.260053634643555
2013-08-26,31.760000228881836,32.599998474121094,31.760000228881836,32.34000015258789,26.731197357177734,18888600,26.251788193461515,26.94610355422928,26.251788193461515
2013-08-27,31.649999618530273,32.20000076293945,31.600000381469727,31.780000686645508,26.268314361572266,16061600,26.160859709249802,26.615472756713828,26.11953196700412
2013-08-28,31.790000915527344,31.90999984741211,31.65999984741211,31.65999984741211,26.169124603271484,15919100,26.27657925161205,26.375766459947066,26.169124603271484
2013-08-29,31.56999969482422,31.979999542236328,31.559999465942383,31.700000762939453,26.202184677124023,14012100,26.09473004264461,26.43362251775282,26.086464180257575
2013-08-30,31.739999771118164,32.099998474121094,31.709999084472656,31.860000610351562,26.334442138671875,14044300,26.23525334090527,26.532816581100167,26.210455747325508
2013-09-03,32.16999816894531,32.369998931884766,31.81999969482422,32.02000045776367,26.466690063476562,14647300,26.590673288814486,26.7559874090363,26.301375943254744
2013-09-04,32.0099983215332,32.4900016784668,31.959999084472656,32.31999969482422,26.71466064453125,13040800,26.458423591158557,26.855178755446826,26.417095847867397
2013-09-05,32.380001068115234,32.52000045776367,32.15999984741211,32.2599983215332,26.66506576538086,11437900,26.764256134138574,26.879975077917845,26.582410277854162
2013-09-06,32.29999923706055,32.459999084472656,31.850000381469727,32.20000076293945,26.615478515625,12625400,26.698134018000903,26.83038471366553,26.326179527651384
2013-09-09,32.310001373291016,32.88999938964844,32.25,32.75,27.070087432861328,12400500,26.7063988436903,27.185806386092793,26.656803655260394
2013-09-10,32.79999923706055,32.9900016784668,32.75,32.86000061035156,27.161006927490234,15918900,27.111411745343375,27.268461578922793,27.07008400343996
2013-09-11,32.869998931884766,33.22999954223633,32.7400016784668,33.02000045776367,27.29325294494629,19692300,27.169266587248394,27.466831323240093,27.061815107221214
2013-09-12,33.0099983215332,33.11000061035156,32.7400016784668,32.790000915527344,27.103147506713867,16250100,27.284990202035285,27.367648839094652,27.06181976473648
2013-09-13,32.84000015258789,32.869998931884766,32.349998474121094,32.459999084472656,26.83038330078125,17638400,27.144479868858948,27.169275887644904,26.739460361092565
2013-09-16,32.84000015258789,33.150001525878906,32.779998779296875,32.970001220703125,27.251930236816406,25316900,27.1444755838647,27.400712632255804,27.094880401016688
2013-09-17,32.9900016784668,33.43000030517578,32.93000030517578,33.2599983215332,27.49163246154785,20282300,27.26846202103019,27.632150570023224,27.218866838079236
2013-09-18,33.209999084472656,33.90999984741211,33.130001068115234,33.869998931884766,27.995840072631836,39152100,27.45030565400755,28.028903529058702,27.38418189425857
2013-09-19,33.63999938964844,34.0,33.25,33.88999938964844,28.01236915588379,63316300,27.805727302384376,28.103292075920244,27.483366515422002
2013-09-20,33.939998626708984,34.130001068115234,33.66999816894531,34.04999923706055,28.14461326599121,53470400,28.05369036711496,28.210740157211657,27.830516838901538
2013-09-23,33.79999923706055,34.34000015258789,33.75,33.939998626708984,28.05369758605957,26293100,27.937978649750026,28.384325821033585,27.896650908654408
2013-09-24,33.83000183105469,33.88999938964844,33.59000015258789,33.63999938964844,27.80573081970215,18958300,27.96278066621475,28.01237269934096,27.764403074395354
2013-09-25,33.7599983215332,34.09000015258789,33.70000076293945,33.869998931884766,27.995840072631836,19653100,27.90491714401033,28.177685929874848,27.85532511247478
2013-09-26,33.97999954223633,34.2599983215332,33.689998626708984,33.810001373291016,27.946247100830078,15621000,28.08676205625943,28.31819993725114,27.84705673488679
2013-09-27,33.630001068115234,33.95000076293945,33.5099983215332,33.779998779296875,27.921451568603516,14068700,27.79746832468681,28.06196969543518,27.69827794582738
2013-09-30,33.4900016784668,33.529998779296875,33.040000915527344,33.16999816894531,27.417238235473633,25132600,27.681742695559866,27.714802994104385,27.309786747271424
2013-10-01,33.20000076293945,33.54999923706055,33.060001373291016,33.5,27.690004348754883,16300300,27.442034791177875,27.731332082833717,27.32631587451554
2013-10-02,33.310001373291016,33.72999954223633,33.2599983215332,33.68000030517578,27.83878517150879,19451600,27.532956172545127,27.880112903297853,27.49162528765224
2013-10-03,33.529998779296875,33.66999816894531,33.08000183105469,33.2400016784668,27.475116729736328,15480100,27.714819009948698,27.83053800448697,27.342865999820287
2013-10-04,33.18000030517578,33.4900016784668,33.060001373291016,33.209999084472656,27.549766540527344,15054900,27.524880681180356,27.782046164373742,27.425334079262996
2013-10-07,32.86000061035156,33.2400016784668,32.790000915527344,32.84000015258789,27.24282455444336,14150100,27.259416179270783,27.574650721934102,27.20134707463923
2013-10-08,32.83000183105469,32.91999816894531,32.27000045776367,32.369998931884766,26.85293197631836,23780400,27.23453305657517,27.30919062899524,26.769977008387716
2013-10-09,32.45000076293945,32.459999084472656,32.0,32.189998626708984,26.703611373901367,19656000,26.91929936080677,26.92759359205885,26.545995663877637
2013-10-10,32.47999954223633,33.0,32.34000015258789,32.9900016784668,27.36726188659668,21580700,26.9441833381026,27.37555611726973,26.8280451215055
2013-10-11,33.08000183105469,33.380001068115234,32.939998626708984,33.2599983215332,27.591238021850586,14018800,27.44191973374126,27.690787766628446,27.325778364833756
2013-10-14,33.0099983215332,33.349998474121094,32.88999938964844,33.279998779296875,27.60783576965332,12882400,27.383853541014904,27.66590488472297,27.28430693868542
2013-10-15,33.13999938964844,33.2599983215332,32.70000076293945,32.75,27.168169021606445,20677000,27.491697856302387,27.591244459778952,27.126691533868662
2013-10-16,32.90999984741211,33.20000076293945,32.88999938964844,33.02000045776367,27.392141342163086,16398300,27.300889003438005,27.54146277561716,27.28429738143996
2013-10-17,32.619998931884766,33.04999923706055,32.52000045776367,32.869998931884766,27.267709732055664,22821900,27.06031917365801,27.41703118726428,26.97736421611046
2013-10-18,32.75,32.9900016784668,32.54999923706055,32.900001525878906,27.29258918762207,17472700,27.16815363037417,27.367249889065274,27.002240608886197
2013-10-21,33.22999954223633,33.400001525878906,32.83000183105469,32.95000076293945,27.33407974243164,16568800,27.566356185037755,27.707383428426603,27.234533147676046
2013-10-22,33.09000015258789,33.13999938964844,32.849998474121094,32.900001525878906,27.29258918762207,19741200,27.450204817545423,27.491682281785497,27.25110855885432
2013-10-23,32.86000061035156,32.88999938964844,32.439998626708984,32.70000076293945,27.126693725585938,24610300,27.259423595788505,27.284309457535947,26.91100570867569
2013-10-24,32.7400016784668,33.25,32.72999954223633,33.06999969482422,27.433629989624023,26573600,27.15987602646701,27.582951483902256,27.15157862982399
2013-10-25,33.209999084472656,33.4900016784668,33.0099983215332,33.150001525878906,27.49999237060547,19820600,27.549764084863007,27.782043688005032,27.38385098676989
2013-10-28,33.2400016784668,33.459999084472656,33.09000015258789,33.13999938964844,27.491687774658203,17632800,27.574645884241157,27.757147396267044,27.450210302130877
2013-10-29,33.2400016784668,33.72999954223633,33.2400016784668,33.709999084472656,27.964542388916016,15954700,27.574650287465754,27.98113401348202,27.574650287465754
2013-10-30,33.81999969482422,33.95000076293945,33.41999816894531,33.529998779296875,27.815221786499023,14959100,28.055795603300396,28.163639584026686,27.723969430848232
2013-10-31,33.5,33.90999984741211,33.439998626708984,33.5,27.79033088684082,16171500,27.79033088684082,28.130451227829976,27.740556020649112
2013-11-01,33.70000076293945,33.81999969482422,33.43000030517578,33.529998779296875,27.815221786499023,15115800,27.95624901737631,28.055795603300396,27.732266825650434
2013-11-04,33.70000076293945,33.7599983215332,33.459999084472656,33.709999084472656,27.964542388916016,12725000,27.95624815889742,28.00601986806662,27.75715182863418
2013-11-05,33.54999923706055,33.689998626708984,33.40999984741211,33.5,27.79033088684082,11161500,27.831808359736407,27.947946549655388,27.71567016981743
2013-11-06,33.65999984741211,34.34000015258789,33.619998931884766,34.06999969482422,28.2631893157959,25184600,27.923068875213204,28.4871715324522,27.88988562136873
2013-11-07,34.18000030517578,34.459999084472656,33.939998626708984,34.0,28.205121994018555,17101200,28.35444348126689,28.58671994386232,28.15534711009262
2013-11-08,33.91999816894531,34.349998474121094,33.7599983215332,34.349998474121094,28.49545669555664,14028300,28.13874474156794,28.49545669555664,28.006014932957836
2013-11-11,34.310001373291016,34.630001068115234,34.279998779296875,34.369998931884766,28.512056350708008,11415100,28.462284636285784,28.72774432830147,28.437395614545526
2013-11-12,34.459999084472656,34.849998474121094,34.27000045776367,34.70000076293945,28.78581428527832,16145000,28.58671792814282,28.910246739524922,28.42910222028543
2013-11-13,34.599998474121094,35.0,34.59000015258789,35.0,29.034687042236328,14815800,28.702860781656014,29.034687042236328,28.694566549179893
2013-11-14,34.16999816894531,34.56999969482422,34.060001373291016,34.380001068115234,28.520347595214844,25790900,28.34613713872118,28.677963264441196,28.254887960450215
2013-11-15,34.36000061035156,34.93000030517578,34.310001373291016,34.91999816894531,28.96831512451172,21477700,28.50376224372928,28.976612519970924,28.46228476002073
2013-11-18,34.880001068115234,35.130001068115234,34.81999969482422,34.93000030517578,28.976613998413086,15093200,28.935136512588272,29.142527106241655,28.885361630880904
2013-11-19,34.9900016784668,34.9900016784668,34.630001068115234,34.7599983215332,28.83557891845703,14532900,29.026380997588895,29.026380997588895,28.727738117504103
2013-11-20,34.84000015258789,34.970001220703125,34.66999816894531,34.75,28.827299118041992,12165500,28.90195987543251,29.00980389489216,28.760932593903732
2013-11-21,34.84000015258789,35.04999923706055,34.709999084472656,34.939998626708984,28.98491096496582,11773000,28.901955985488037,29.07616334110915,28.794111980543228
2013-11-22,34.81999969482422,34.970001220703125,34.68000030517578,34.83000183105469,28.89365577697754,13826300,28.885358382028222,29.009793990036208,28.769220168969554
2013-11-25,34.91999816894531,34.959999084472656,34.599998474121094,34.779998779296875,28.852182388305664,14753800,28.968320630575892,29.001503889661603,28.702860886949725
2013-11-26,34.689998626708984,35.15999984741211,34.61000061035156,34.93000030517578,28.976613998413086,28403700,28.777517636112936,29.167412964830678,28.7111542916991
2013-11-27,35.060001373291016,35.400001525878906,35.02000045776367,35.290000915527344,29.275251388549805,16120200,29.084452458441042,29.366503738716762,29.0512692102842
2013-11-29,35.099998474121094,35.41999816894531,35.040000915527344,35.290000915527344,29.275251388549805,11851500,29.117632542069163,29.383092198266464,29.06786083436262
2013-12-02,35.369998931884766,35.38999938964844,34.959999084472656,35.08000183105469,29.101049423217773,20284400,29.34162010518322,29.35821173230658,29.001499660477624
2013-12-03,34.9900016784668,35.11000061035156,34.84000015258789,35.06999969482422,29.092742919921875,16545300,29.02637959673275,29.12592616378059,28.90194401452671
2013-12-04,34.900001525878906,35.18000030517578,34.81999969482422,35.06999969482422,29.092742919921875,20004000,28.951718880314786,29.183995258269192,28.88535239259735
2013-12-05,35.16999816894531,35.16999816894531,34.81999969482422,34.849998474121094,28.910253524780273,20839500,29.17571328691169,29.17571328691169,28.885367660996074
2013-12-06,35.150001525878906,35.5099983215332,35.099998474121094,35.47999954223633,29.432878494262695,15995300,29.159124502038615,29.4577643577749,29.117643843478348
2013-12-09,35.47999954223633,35.75,35.400001525878906,35.599998474121094,29.53241729736328,16795000,29.432870705128593,29.65685291105347,29.366507365148507
2013-12-10,35.41999816894531,35.470001220703125,34.77000045776367,34.79999923706055,28.868772506713867,25491700,29.383100337500874,29.42458099145159,28.843886645967114
2013-12-11,34.95000076293945,35.060001373291016,34.41999816894531,34.560001373291016,28.66967010498047,17184000,28.993198849137453,29.08445119534144,28.55352874147539
2013-12-12,33.849998474121094,33.900001525878906,33.290000915527344,33.599998474121094,27.873291015625,30946000,28.08068158319521,28.122162228332392,27.616128737136446
2013-12-13,33.65999984741211,33.70000076293945,33.220001220703125,33.22999954223633,27.566354751586914,18221200,27.923066792485383,27.95625004385478,27.55806052100908
2013-12-16,33.400001525878906,33.880001068115234,33.349998474121094,33.540000915527344,27.823524475097656,22756300,27.707386242001224,28.10557582598735,27.665905589155773
2013-12-17,33.630001068115234,33.790000915527344,33.380001068115234,33.630001068115234,27.898189544677734,21782100,27.898189544677734,28.030919426582336,27.69079890641867
2013-12-18,33.869998931884766,34.7599983215332,33.70000076293945,34.599998474121094,28.702844619750977,40179900,28.09726472503016,28.835574416340087,27.956240700635217
2013-12-19,35.52000045776367,36.959999084472656,35.5,36.599998474121094,30.36198616027832,62855300,29.466060308014754,30.660629165876106,29.44946867831157
2013-12-20,36.650001525878906,36.79999923706055,36.369998931884766,36.369998931884766,30.171173095703125,40783000,30.403452638698575,30.52788505665097,30.171173095703125
2013-12-23,36.529998779296875,37.02000045776367,36.52000045776367,36.93000030517578,30.6357364654541,18002800,30.3039102745161,30.710397200188694,30.295616043780736
2013-12-24,36.959999084472656,37.380001068115234,36.880001068115234,37.31999969482422,30.959266662597656,9670100,30.660623710140246,31.0090415428503,30.59426036766595
2013-12-26,37.33000183105469,37.75,37.29999923706055,37.689998626708984,31.266199111938477,11516900,30.967559369229367,31.31597398465437,30.942670350607045
2013-12-27,37.88999938964844,38.220001220703125,37.779998779296875,37.97999954223633,31.506778717041016,15373100,31.432117976486417,31.705875080029717,31.34086560863865
2013-12-30,37.95000076293945,38.11000061035156,37.810001373291016,37.9900016784668,31.51506805419922,11683000,31.481884808098208,31.61461462797374,31.36574661127318
2013-12-31,37.939998626708984,38.34000015258789,37.880001068115234,38.2599983215332,31.739049911499023,11746400,31.47359024784885,31.80541640967597,31.42381853874495
2014-01-02,37.779998779296875,38.029998779296875,37.54999923706055,37.84000015258789,31.39064598083496,18162100,31.340871090249678,31.54826172089353,31.15007208980092
2014-01-03,37.650001525878906,37.86000061035156,37.560001373291016,37.619998931884766,31.30742073059082,11693900,31.332388935265264,31.507150495001834,31.257490670435747
2014-01-06,37.63999938964844,37.79999923706055,37.41999816894531,37.470001220703125,31.18259048461914,15329400,31.324063212472375,31.45721532234465,31.140977870924228
2014-01-07,37.65999984741211,37.93000030517578,37.5,37.849998474121094,31.498823165893555,16792200,31.340706035491003,31.565400804755605,31.20755393236345
2014-01-08,37.790000915527344,37.90999984741211,37.560001373291016,37.720001220703125,31.390642166137695,16111600,31.448896018228236,31.548759311155333,31.25749005070262
2014-01-09,37.849998474121094,37.849998474121094,37.459999084472656,37.650001525878906,31.33237648010254,13623500,31.49881418058679,31.49881418058679,31.174256220208598
2014-01-10,37.75,38.13999938964844,37.59000015258789,38.11000061035156,31.715198516845703,15402900,31.415605479831054,31.740163545064703,31.282453371668616
2014-01-13,37.95000076293945,38.20000076293945,37.70000076293945,37.75,31.415605545043945,20848300,31.58204647424166,31.790096842089632,31.373996106393687
2014-01-14,37.779998779296875,38.25,37.709999084472656,38.209999084472656,31.798423767089844,13486400,31.440576809445872,31.83171259445145,31.38232294886172
2014-01-15,38.20000076293945,38.56999969482422,38.119998931884766,38.40999984741211,31.96485137939453,17010900,31.790089870630048,32.09800345863356,31.723512243712538
2014-01-16,38.38999938964844,38.77000045776367,38.16999816894531,38.290000915527344,31.8649959564209,13463000,31.948214835954136,32.26445229245462,31.765129491464894
2014-01-17,38.119998931884766,38.470001220703125,38.029998779296875,38.209999084472656,31.798423767089844,14051100,31.72352549282489,32.01479797034296,31.648627218559934
2014-01-21,38.52000045776367,38.52000045776367,37.79999923706055,38.11000061035156,31.715198516845703,13540000,32.056400992424244,32.056400992424244,31.45721491839494
2014-01-22,38.029998779296875,38.279998779296875,37.95000076293945,37.97999954223633,31.607017517089844,14006300,31.648626963658067,31.856677371096467,31.582052484068367
2014-01-23,38.16999816894531,38.2599983215332,37.93000030517578,38.150001525878906,31.748489379882812,14174200,31.765130616701544,31.840028880773335,31.56540402890802
2014-01-24,37.91999816894531,37.959999084472656,37.11000061035156,37.11000061035156,30.88298797607422,26815600,31.55706893676605,31.59035774767807,30.88298797607422
2014-01-27,37.2599983215332,37.369998931884766,36.4900016784668,36.4900016784668,30.367042541503906,19073800,31.007835080316283,31.099377778603102,30.367042541503906
2014-01-28,36.599998474121094,37.130001068115234,36.58000183105469,37.099998474121094,30.87467384338379,13899900,30.458573100617986,30.899642046675513,30.441931864552476
2014-01-29,37.18000030517578,37.25,36.709999084472656,36.970001220703125,30.766489028930664,16553600,30.941250573836843,30.9995044221389,30.55011487129732
2014-01-30,37.189998626708984,37.560001373291016,37.08000183105469,37.400001525878906,31.12432289123535,12975500,30.94955824483988,31.257474942310992,30.858018789084067
2014-01-31,37.029998779296875,37.20000076293945,36.68000030517578,36.900001525878906,30.708242416381836,17039700,30.81642634609314,30.957902278588723,30.525157035951338
2014-02-03,37.09000015258789,37.09000015258789,35.81999969482422,35.84000015258789,29.82609748840332,21272600,30.866349209993007,30.866349209993007,29.80945307990633
2014-02-04,35.650001525878906,36.02000045776367,35.439998626708984,35.959999084472656,29.925966262817383,16228000,29.66798582020836,29.975899497482146,29.49322108618014
2014-02-05,35.52000045776367,36.25,35.470001220703125,35.95000076293945,29.917644500732422,11458400,29.559797602472617,30.167304315319157,29.518188162474292
2014-02-06,36.119998931884766,36.83000183105469,36.11000061035156,36.720001220703125,30.55843734741211,14762200,30.059114587563666,30.64998001211415,30.050793970134617
2014-02-07,36.880001068115234,37.22999954223633,36.709999084472656,37.189998626708984,30.94957733154297,13114700,30.691596859196395,30.98286615849003,30.550120931970007
2014-02-10,37.2400016784668,37.439998626708984,37.06999969482422,37.29999923706055,31.04111671447754,10976900,30.991186653968533,31.15762442179446,30.84971074180018
2014-02-11,37.5,37.900001525878906,37.38999938964844,37.84000015258789,31.490514755249023,12066100,31.207566029596766,31.540448003751578,31.116023327974304
2014-02-12,37.79999923706055,38.25,37.65999984741211,38.06999969482422,31.681913375854492,12343200,31.457218571996307,31.83170991175995,31.34071086064696
2014-02-13,37.84000015258789,38.4900016784668,37.779998779296875,38.41999816894531,31.97317123413086,11683200,31.490496148856092,32.031428243594476,31.44056292985695
2014-02-14,38.33000183105469,38.33000183105469,37.91999816894531,37.97999954223633,31.607017517089844,15641400,31.898289992261972,31.898289992261972,31.557084276449608
2014-02-18,38.060001373291016,38.119998931884766,37.72999954223633,37.970001220703125,31.598697662353516,10560300,31.673595937827887,31.72352600507923,31.39896786955607
2014-02-19,37.83000183105469,38.29999923706055,37.79999923706055,37.869998931884766,31.515470504760742,12491400,31.48218485683259,31.87331741041237,31.457216652640415
2014-02-20,37.84000015258789,38.349998474121094,37.70000076293945,38.27000045776367,31.848346710205078,11786000,31.490499868268238,31.91492116880462,31.37399218477183
2014-02-21,38.33000183105469,38.4900016784668,38.08000183105469,38.099998474121094,31.70686149597168,13243600,31.898270547781888,32.03142260039203,31.69022026716634
2014-02-24,38.15999984741211,38.459999084472656,38.040000915527344,38.13999938964844,31.740148544311523,10388100,31.75679294679008,32.00645263477807,31.656929706513914
2014-02-25,38.11000061035156,38.43000030517578,37.88999938964844,38.25,31.831716537475586,11766400,31.71520880187536,31.981513104560936,31.53212340330489
2014-02-26,38.41999816894531,38.83000183105469,38.349998474121094,38.5,32.03974914550781,11482900,31.97317151958123,32.31437709056107,31.914917684193433
2014-02-27,38.5,39.099998474121094,38.36000061035156,38.95000076293945,32.41425704956055,14055700,32.03976564733453,32.53908540057084,31.923257916552558
2014-02-28,38.95000076293945,39.369998931884766,38.650001525878906,39.11000061035156,32.54738998413086,19257800,32.41423791688837,32.76376090292652,32.16457818763316
2014-03-03,38.720001220703125,38.9900016784668,38.380001068115234,38.5099983215332,32.04807662963867,13293700,32.22284134785162,32.447536121614036,31.939892726217103
2014-03-04,39.13999938964844,39.5,39.060001373291016,39.40999984741211,32.79705810546875,13682100,32.57236333926565,32.87195636086978,32.50578887590724
2014-03-05,39.40999984741211,39.70000076293945,39.29999923706055,39.5,32.87195587158203,11929200,32.797057617295835,33.03839678939541,32.705514953768656
2014-03-06,39.68000030517578,39.849998474121094,39.41999816894531,39.459999084472656,32.83866500854492,13081900,33.02175032420028,33.16322303204578,32.80537619213554
2014-03-07,39.56999969482422,39.59000015258789,38.599998474121094,38.83000183105469,32.314388275146484,13821500,32.93021565513654,32.94686006737911,32.122979121655405
2014-03-10,38.81999969482422,38.95000076293945,38.650001525878906,38.86000061035156,32.3393440246582,8670300,32.30605520972711,32.41424227095509,32.16458250816416
2014-03-11,39.0,39.02000045776367,38.619998931884766,38.900001525878906,32.37263870239258,12841500,32.45585758019543,32.47250199067533,32.13962013027055
2014-03-12,38.81999969482422,38.81999969482422,38.279998779296875,38.52000045776367,32.05640411376953,13226200,32.306063944059,32.306063944059,31.856674344779773
2014-03-13,38.619998931884766,38.65999984741211,37.52000045776367,37.650001525878906,31.33237648010254,15361200,32.13960948615722,32.17289829609233,31.22418943511126
2014-03-14,37.689998626708984,38.0,37.5,37.599998474121094,31.29078483581543,14308300,31.36568312103096,31.62366680890618,31.207565929841625
2014-03-17,37.79999923706055,38.47999954223633,37.79999923706055,38.220001220703125,31.80673599243164,14981300,31.457209781459657,32.02310694238866,31.457209781459657
2014-03-18,38.369998931884766,38.939998626708984,38.15999984741211,38.84000015258789,32.32271194458008,29707200,31.93157615645687,32.4059308390501,31.756814573311434
2014-03-19,37.79999923706055,38.959999084472656,37.400001525878906,38.54999923706055,32.081363677978516,45154900,31.457212621307352,32.42256612864156,31.124333962507265
2014-03-20,38.5,38.689998626708984,38.0099983215332,38.369998931884766,31.93157196044922,18960200,32.03975904872165,32.19787619727604,31.631978900369823
2014-03-21,38.70000076293945,38.849998474121094,37.5,37.5,31.207542419433594,33897900,32.206184411774544,32.33101267669505,31.207542419433594
2014-03-24,37.4900016784668,38.34000015258789,37.380001068115234,38.18000030517578,31.773462295532227,22539000,31.199244244865138,31.906614445307103,31.107701546657847
2014-03-25,38.130001068115234,38.5,38.099998474121094,38.400001525878906,31.956541061401367,19750600,31.7318462600403,32.03975994726976,31.70687805460218
2014-03-26,38.400001525878906,39.459999084472656,38.36000061035156,39.08000183105469,32.52242660522461,31357500,31.95652949723021,32.83866079676583,31.92324068509034
2014-03-27,38.9900016784668,39.560001373291016,38.79999923706055,39.2400016784668,32.655574798583984,26283600,32.44752450932709,32.92187891486517,32.289404257750746
2014-03-28,39.52000045776367,39.86000061035156,39.189998626708984,39.56999969482422,32.930206298828125,18405100,32.88859686734251,33.17154544587931,32.61396890526437
2014-03-31,39.75,41.43000030517578,39.630001068115234,40.90999984741211,34.04536819458008,48340300,33.08001444102097,34.47811341853379,32.98015113536927
2014-04-01,41.040000915527344,42.0,40.959999084472656,41.4900016784668,34.528045654296875,35431800,34.15355430074974,34.95246707191885,34.08697664918707
2014-04-02,41.369998931884766,41.619998931884766,40.849998474121094,41.130001068115234,34.22844696044922,22754900,34.428173533202084,34.636223898334364,33.99542839277535
2014-04-03,41.040000915527344,41.13999938964844,40.34000015258789,40.369998931884766,33.595970153808594,22497000,34.15354675130685,34.23676562276798,33.571005127289546
2014-04-04,40.599998474121094,40.72999954223633,39.65999984741211,39.97999954223633,33.37059783935547,23836200,33.88809997176293,33.99660956186877,33.10349975914128
2014-04-07,39.79999923706055,39.91999816894531,39.040000915527344,39.470001220703125,32.94490051269531,27311900,33.22034392495899,33.32050487632222,32.58598698757958
2014-04-08,39.439998626708984,40.349998474121094,39.36000061035156,40.2400016784668,33.58762741088867,22197600,32.91987881970524,33.6794398173182,32.85310587102365
2014-04-09,40.470001220703125,40.91999816894531,40.18000030517578,40.880001068115234,34.12181091308594,20314000,33.77959132154337,34.15519578284955,33.53753270741178
2014-04-10,40.88999938964844,41.04999923706055,39.47999954223633,39.790000915527344,33.21202850341797,26397800,34.130178285665636,34.2637274027937,32.95327569595517
2014-04-11,39.5099983215332,39.880001068115234,38.970001220703125,38.97999954223633,32.535926818847656,18655800,32.97830757050973,33.28714241984115,32.52758139397501
2014-04-14,39.08000183105469,39.75,39.08000183105469,39.56999969482422,33.02838897705078,16022000,32.61939630160679,33.17863209408854,32.61939630160679
2014-04-15,39.70000076293945,39.97999954223633,39.2400016784668,39.72999954223633,33.16193389892578,14553400,33.13689444391562,33.370604514839535,32.75294127480895
2014-04-16,39.939998626708984,40.150001525878906,39.5099983215332,40.130001068115234,33.495811462402344,13614800,33.3372197408637,33.512505495409634,32.97830599136004
2014-04-17,39.959999084472656,40.18000030517578,39.38999938964844,40.08000183105469,33.45407485961914,14644100,33.35391067089386,33.53754183282928,32.87814191866205
2014-04-21,40.2400016784668,40.439998626708984,40.060001373291016,40.2400016784668,33.58762741088867,8593600,33.58762741088867,33.75456137462327,33.43738429627853
2014-04-22,40.27000045776367,40.619998931884766,40.13999938964844,40.459999084472656,33.771244049072266,10396100,33.61265556324009,33.904793085578355,33.50414597606008
2014-04-23,40.279998779296875,40.34000015258789,39.75,39.790000915527344,33.21202850341797,10048500,33.62102128159549,33.6711033945418,33.178640428120424
2014-04-24,39.7599983215332,39.86000061035156,39.02000045776367,39.75,33.17864227294922,13966400,33.18698770020658,33.270457893091624,32.5693241931687
2014-04-25,39.810001373291016,39.810001373291016,39.22999954223633,39.45000076293945,32.92823028564453,11647800,33.22871654093923,33.22871654093923,32.744599088728535
2014-04-28,39.75,40.279998779296875,39.650001525878906,40.130001068115234,33.495811462402344,20141200,33.17863120338629,33.62101193386518,33.095164222411064
2014-04-29,40.25,40.61000061035156,40.06999969482422,40.11000061035156,33.479122161865234,14996300,33.59597722537319,33.89646349385745,33.44573409113106
2014-04-30,40.09000015258789,40.93000030517578,40.02000045776367,40.880001068115234,34.12181091308594,16480900,33.46241117833853,34.1635443883355,33.40398367617712
2014-05-01,40.720001220703125,41.189998626708984,40.63999938964844,40.970001220703125,34.19694137573242,13945500,33.98827076091162,34.38056935161332,33.921494635819734
2014-05-02,41.15999984741211,41.209999084472656,40.810001373291016,40.810001373291016,34.06340408325195,10710100,34.35554177135091,34.39727527192761,34.06340408325195
2014-05-05,41.130001068115234,41.2599983215332,40.77000045776367,41.209999084472656,34.397274017333984,13722700,34.330501055659106,34.43900751638852,34.03001476796744
2014-05-06,41.0,41.290000915527344,40.970001220703125,41.0099983215332,34.23031997680664,12647500,34.22197455473105,34.46403318770728,34.19693510444396
2014-05-07,41.150001525878906,41.279998779296875,40.4900016784668,41.060001373291016,34.272056579589844,12570400,34.3471781143804,34.455684521475405,33.7962879206031
2014-05-08,41.09000015258789,41.2599983215332,40.54999923706055,40.869998931884766,34.113460540771484,10212900,34.297091643230914,34.43898608854236,33.846362492135896
2014-05-09,40.79999923706055,41.2599983215332,40.540000915527344,41.040000915527344,34.255367279052734,10262400,34.055042097277244,34.438995246281124,33.83802606907614
2014-05-12,41.220001220703125,42.13999938964844,41.189998626708984,41.95000076293945,35.01492691040039,18751400,34.40560914755991,35.17351541829784,34.38056651068932
2014-05-13,42.02000045776367,42.09000015258789,41.63999938964844,41.88999938964844,34.9648551940918,10319200,35.07336482856197,35.131792358493236,34.756184534605396
2014-05-14,41.97999954223633,42.02000045776367,41.709999084472656,41.880001068115234,34.956504821777344,14015200,35.03997180013532,35.07335986510296,34.81460713769543
2014-05-15,41.84000015258789,42.16999816894531,41.63999938964844,41.93000030517578,34.998233795166016,19267000,34.92311225071225,35.19855579100224,34.75617513147492
2014-05-16,41.88999938964844,41.970001220703125,41.31999969482422,41.689998626708984,34.79792022705078,15497400,34.96485740199368,35.031633545595554,34.48908852304656
2014-05-19,41.47999954223633,42.20000076293945,41.40999984741211,42.15999984741211,35.190223693847656,11929700,34.62263918394189,35.2236117671508,34.56421164769235
2014-05-20,42.06999969482422,42.099998474121094,41.45000076293945,41.560001373291016,34.68939971923828,10580200,35.11508631806442,35.14012576974228,34.597584151005464
2014-05-21,41.66999816894531,41.790000915527344,41.47999954223633,41.68000030517578,34.78956604003906,11151700,34.78121743216038,34.881381622338736,34.62262890713611
2014-05-22,41.599998474121094,41.939998626708984,41.5099983215332,41.52000045776367,34.656028747558594,12276200,34.7228017129744,35.00659398013121,34.64768013684284
2014-05-23,41.650001525878906,42.22999954223633,41.4900016784668,42.150001525878906,35.1818733215332,12044200,34.76453201610131,35.24864627469034,34.63098292572556
2014-05-27,42.2599983215332,42.349998474121094,41.72999954223633,41.90999984741211,34.98154830932617,12680200,35.27368595130265,35.34880751410539,34.8313051837207
2014-05-28,41.9900016784668,42.189998626708984,41.560001373291016,41.56999969482422,34.69774627685547,11308800,35.04831453211626,35.21524846084363,34.689400854043335
2014-05-29,41.790000915527344,42.209999084472656,41.61000061035156,42.20000076293945,35.223594665527344,9629500,34.88137504047807,35.23194008777033,34.73113196762128
2014-05-30,42.08000183105469,42.20000076293945,41.849998474121094,42.02000045776367,35.07335662841797,13496500,35.12343872124769,35.223599722846295,34.93145895743084
2014-06-02,41.959999084472656,42.02000045776367,41.61000061035156,41.970001220703125,35.031620025634766,11284900,35.02327141887567,35.0733535072486,34.731133863518295
2014-06-03,41.84000015258789,41.91999816894531,41.58000183105469,41.810001373291016,34.898067474365234,10968400,34.923106924010405,34.98987985108426,34.706090930945074
2014-06-04,41.790000915527344,41.790000915527344,41.33000183105469,41.70000076293945,34.80626678466797,8936300,34.88138834975962,34.88138834975962,34.49743509887412
2014-06-05,41.849998474121094,42.33000183105469,41.7400016784668,42.099998474121094,35.14012908935547,10647800,34.9314584814993,35.332108850556644,34.839646088653645
2014-06-06,42.290000915527344,42.630001068115234,42.25,42.630001068115234,35.58251190185547,11447800,35.29871975611377,35.58251190185547,35.26533169565929
2014-06-09,42.650001525878906,42.810001373291016,42.40999984741211,42.70000076293945,35.64094543457031,10307400,35.59921194398471,35.732761024295364,35.398886731488126
2014-06-10,42.56999969482422,42.880001068115234,42.4900016784668,42.65999984741211,35.6075553894043,13457200,35.53243383690099,35.79118655864815,35.465660892487534
2014-06-11,42.45000076293945,42.880001068115234,42.36000061035156,42.560001373291016,35.52409362792969,9622700,35.432278029828915,35.79119181291655,35.35715646629752
2014-06-12,42.529998779296875,42.619998931884766,41.84000015258789,42.0,35.056671142578125,11060900,35.499051926191896,35.57417349171703,34.92312204654029
2014-06-13,42.04999923706055,42.18000030517578,41.709999084472656,42.13999938964844,35.17353057861328,10324600,35.09840900374426,35.206918652791074,34.814616741357064
2014-06-16,42.0,42.22999954223633,41.77000045776367,42.150001525878906,35.1818733215332,8150200,35.05666965627905,35.24864627469034,34.86469303786775
2014-06-17,42.189998626708984,42.70000076293945,41.97999954223633,42.31999969482422,35.32377243041992,12792400,35.215262785360174,35.64095275533048,35.03998017846035
2014-06-18,42.380001068115234,42.86000061035156,42.29999923706055,42.810001373291016,35.732749938964844,10307000,35.37383629996387,35.77448341660351,35.3070601884938
2014-06-19,42.93000030517578,43.189998626708984,42.43000030517578,42.5099983215332,35.482357025146484,27255800,35.83292538372783,36.0499414654694,35.41558407078813
2014-06-20,40.2599983215332,40.939998626708984,39.93000030517578,40.81999969482422,34.07174301147461,65103700,33.60431961560271,34.171904030568086,33.3288760170803
2014-06-23,40.93000030517578,41.33000183105469,40.75,41.099998474121094,34.30544662475586,16956600,34.163552139900055,34.497426385771384,34.01330904766404
2014-06-24,40.9900016784668,41.38999938964844,40.65999984741211,40.7599983215332,34.02165222167969,16459200,34.21363197000268,34.54750300973971,33.93818525776058
2014-06-25,40.72999954223633,40.84000015258789,40.38999938964844,40.459999084472656,33.771244049072266,13889400,33.99660864518758,34.0884242047968,33.712816544604614
2014-06-26,40.54999923706055,40.54999923706055,39.97999954223633,40.150001525878906,33.51249694824219,16642500,33.846367971052445,33.846367971052445,33.37059929590101
2014-06-27,40.029998779296875,40.65999984741211,40.029998779296875,40.529998779296875,33.82966613769531,15320500,33.41232506741904,33.93817570750385,33.41232506741904
2014-06-30,40.599998474121094,40.81999969482422,40.4900016784668,40.529998779296875,33.82966613769531,14098200,33.888093632809216,34.071724722629874,33.79628127195857
2014-07-01,40.40999984741211,40.90999984741211,40.40999984741211,40.77000045776367,34.03001022338867,13147000,33.7295239758258,34.14686527876057,33.7295239758258
2014-07-02,40.93000030517578,41.20000076293945,40.77000045776367,40.95000076293945,34.18024826049805,13400200,34.16355422877767,34.38891888091127,34.03000515907565
2014-07-03,40.97999954223633,41.36000061035156,40.970001220703125,41.34000015258789,34.505775451660156,7863600,34.20528923546758,34.52246948412209,34.196943811267175
2014-07-07,41.0099983215332,41.11000061035156,40.75,40.88999938964844,34.22952651977539,11959400,34.32997911656203,34.41369227499296,34.11233129130257
2014-07-08,40.689998626708984,40.849998474121094,40.380001068115234,40.560001373291016,33.95328140258789,12350600,34.0621037195854,34.19604158101585,33.80260090931233
2014-07-09,40.61000061035156,40.720001220703125,39.9900016784668,40.2599983215332,33.70214080810547,14711600,33.995132037928904,34.08721490463542,33.47612329042781
2014-07-10,39.88999938964844,40.52000045776367,39.88999938964844,40.31999969482422,33.75236511230469,9566900,33.392406595227655,33.91978819823141,33.392406595227655
2014-07-11,40.4900016784668,40.4900016784668,39.97999954223633,40.130001068115234,33.593318939208984,11942300,33.894679891114336,33.894679891114336,33.46775081147171
2014-07-14,40.43000030517578,40.68000030517578,40.2599983215332,40.4900016784668,33.89468002319336,13586800,33.84445213323669,34.0537302180609,33.70214137502456
2014-07-15,40.380001068115234,40.810001373291016,40.36000061035156,40.540000915527344,33.936553955078125,11813800,33.80261603371943,34.16257479612066,33.7858733943831
2014-07-16,40.810001373291016,40.880001068115234,40.130001068115234,40.2599983215332,33.70214080810547,14722600,34.162555141638,34.22115274893667,33.593318505025145
2014-07-17,40.209999084472656,40.709999084472656,39.86000061035156,39.90999984741211,33.40915298461914,24447800,33.66028604511888,34.07884221039516,33.36729800675754
2014-07-18,39.97999954223633,40.15999984741211,39.88999938964844,40.0,33.48448181152344,19123500,33.46773918741819,33.618419611036366,33.392398975609105
2014-07-21,40.029998779296875,40.2400016784668,39.91999816894531,40.0099983215332,33.49287414550781,15864700,33.509616780919785,33.68541285607994,33.41753388281951
2014-07-22,40.13999938964844,40.70000076293945,39.959999084472656,40.43000030517578,33.84446334838867,13728100,33.60169992314804,34.070484138095686,33.45101939667669
2014-07-23,40.43000030517578,40.650001525878906,40.2400016784668,40.310001373291016,33.74400329589844,9191700,33.844455893642746,34.028621650616074,33.68540568110338
2014-07-24,40.349998474121094,40.66999816894531,40.349998474121094,40.470001220703125,33.87794494628906,10797700,33.77748914397913,34.045364896810554,33.77748914397913
2014-07-25,40.27000045776367,40.63999938964844,40.27000045776367,40.33000183105469,33.7607536315918,7483800,33.71052572459291,34.020256501091296,33.71052572459291
2014-07-28,40.310001373291016,40.81999969482422,40.22999954223633,40.54999923706055,33.944915771484375,9658200,33.744010532908014,34.17093655988118,33.67703999116176
2014-07-29,40.709999084472656,40.91999816894531,40.5,40.630001068115234,34.01188659667969,9450400,34.07885394565284,34.25464682920498,33.9030610621007
2014-07-30,40.709999084472656,41.029998779296875,40.58000183105469,40.959999084472656,34.288124084472656,11406300,34.07884597869341,34.34672169862441,33.970023662886135
2014-07-31,40.650001525878906,40.939998626708984,40.349998474121094,40.38999938964844,33.81096267700195,13689500,34.02861364647145,34.27137376780775,33.77747742118669
2014-08-01,40.189998626708984,40.529998779296875,39.56999969482422,39.61000061035156,33.158016204833984,15074700,33.643539641562356,33.92815792975822,33.12453094896864
2014-08-04,39.630001068115234,40.220001220703125,39.529998779296875,40.099998474121094,33.56819534301758,12356200,33.17475481095127,33.66865109843523,33.09104168143657
2014-08-05,40.0099983215332,40.380001068115234,39.810001373291016,39.959999084472656,33.45101547241211,8806600,33.492870459670385,33.80260439070943,33.325450510637296
2014-08-06,39.849998474121094,40.349998474121094,39.779998779296875,40.15999984741211,33.618438720703125,8184800,33.358932689554834,33.777488950118034,33.30033506854245
2014-08-07,40.29999923706055,40.43000030517578,39.59000015258789,39.66999816894531,33.208255767822266,9180500,33.735637607238374,33.844463140874026,33.141288419429614
2014-08-08,39.72999954223633,39.970001220703125,39.560001373291016,39.939998626708984,33.43428039550781,8862000,33.258487493292655,33.45939594820395,33.11617986578464
2014-08-11,39.9900016784668,40.13999938964844,39.810001373291016,39.91999816894531,33.41752624511719,10292800,33.47612705233126,33.601691999225956,33.32544656139326
2014-08-12,39.7400016784668,40.040000915527344,39.72999954223633,39.900001525878906,33.40078353881836,6704300,33.26684569257067,33.517978755118826,33.25847278093198
2014-08-13,40.119998931884766,40.29999923706055,40.02000045776367,40.2400016784668,33.68541717529297,10629700,33.58496134994046,33.735641894637624,33.501251355478296
2014-08-14,40.290000915527344,40.400001525878906,39.97999954223633,40.220001220703125,33.668663024902344,9707000,33.727260639655015,33.819343518075065,33.46775463622855
2014-08-15,40.2400016784668,40.59000015258789,39.97999954223633,40.279998779296875,33.7188835144043,13418800,33.6854014482505,33.97838948540938,33.467750454935235
2014-08-18,40.45000076293945,40.77000045776367,40.400001525878906,40.63999938964844,34.020259857177734,7633600,33.861209592654525,34.12908540307864,33.81935459602543
2014-08-19,40.720001220703125,41.58000183105469,40.63999938964844,41.40999984741211,34.66482925415039,14378600,34.08722276613781,34.80714004278965,34.02025223187678
2014-08-20,41.58000183105469,41.58000183105469,41.09000015258789,41.25,34.530887603759766,9627100,34.80713623738848,34.80713623738848,34.396949743211735
2014-08-21,41.15999984741211,41.810001373291016,41.15999984741211,41.58000183105469,34.80713653564453,9569200,34.455547652861696,34.99967201224897,34.455547652861696
2014-08-22,41.34000015258789,41.79999923706055,41.27000045776367,41.630001068115234,34.84899139404297,9260700,34.60622802267189,34.99129897450363,34.54763040797274
2014-08-25,41.7400016784668,42.040000915527344,41.63999938964844,41.7400016784668,34.941070556640625,8856700,34.941070556640625,35.1922036205494,34.85735740645092
2014-08-26,41.849998474121094,42.0,41.779998779296875,41.84000015258789,35.02479934692383,7320800,35.03316906977826,35.158737265917864,34.974571429801614
2014-08-27,41.75,41.79999923706055,41.41999816894531,41.63999938964844,34.85737228393555,8440000,34.94945519178107,34.991310188074976,34.6732064682445
2014-08-28,41.66999816894531,41.66999816894531,41.209999084472656,41.27000045776367,34.54763412475586,8737100,34.88247721715625,34.88247721715625,34.497406223896924
2014-08-29,41.2400016784668,41.72999954223633,41.2400016784668,41.529998779296875,34.76528549194336,8970900,34.52252526322842,34.9327086517452,34.52252526322842
2014-09-02,41.599998474121094,41.68000030517578,41.459999084472656,41.65999984741211,34.87411117553711,8538600,34.823883269380126,34.89085381092277,34.70668801501168
2014-09-03,41.79999923706055,41.95000076293945,41.619998931884766,41.900001525878906,35.075008392333984,10041600,34.991295242171205,35.116863370750295,34.840614765208365
2014-09-04,41.88999938964844,42.09000015258789,41.369998931884766,41.54999923706055,34.78203201293945,12248100,35.06665045839945,35.234073636905016,34.6313514716176
2014-09-05,41.61000061035156,41.7599983215332,41.2599983215332,41.27000045776367,34.54763412475586,15155600,34.832252509628155,34.95781747177924,34.53926121128062
2014-09-08,41.0099983215332,41.18000030517578,40.27000045776367,40.63999938964844,34.020259857177734,19658500,34.32999066423095,34.472301484767755,33.71052905012452
2014-09-09,40.5099983215332,40.90999984741211,40.43000030517578,40.709999084472656,34.078834533691406,14044100,33.91141146662911,34.2462576007537,33.84444415580183
2014-09-10,40.70000076293945,40.810001373291016,40.56999969482422,40.709999084472656,34.078834533691406,9134500,34.07046481733652,34.16254766388725,33.961639344746615
2014-09-11,40.25,40.689998626708984,40.20000076293945,40.68000030517578,34.05373001098633,12389100,33.69377145181113,34.06209972926314,33.65191647376683
2014-09-12,40.7400016784668,40.7400016784668,40.400001525878906,40.5,33.90304946899414,11912300,34.103957833875654,34.103957833875654,33.819339513069416
2014-09-15,40.5,40.77000045776367,40.209999084472656,40.65999984741211,34.03700256347656,14018100,33.90306465799306,34.12908547224614,33.660301206388105
2014-09-16,40.810001373291016,41.33000183105469,40.5,41.189998626708984,34.48065948486328,13220100,34.16255906395693,34.59785790624667,33.90305306374657
2014-09-17,41.189998626708984,41.33000183105469,40.77000045776367,41.13999938964844,34.438819885253906,14083300,34.48067488634954,34.59787336008198,34.129089045147914
2014-09-18,41.349998474121094,41.77000045776367,41.20000076293945,41.54999923706055,34.78203201293945,26454500,34.614608834433895,34.96619782862872,34.48904384555336
2014-09-19,40.58000183105469,40.65999984741211,39.279998779296875,39.79999923706055,33.31706237792969,86679100,33.97001201554805,34.036979325904404,32.88176368396057
2014-09-22,39.68000030517578,39.7400016784668,39.2400016784668,39.58000183105469,33.13291931152344,24572600,33.21662929689615,33.26685720411853,32.848300890592455
2014-09-23,39.5,39.59000015258789,38.79999923706055,38.83000183105469,32.50507736206055,34353300,33.06594116033595,33.14128140716867,32.47996181756263
2014-09-24,38.77000045776367,39.560001373291016,38.56999969482422,39.41999816894531,32.99897003173828,18937000,32.45484887526195,33.116168452822706,32.28742575275752
2014-09-25,39.349998474121094,39.349998474121094,38.650001525878906,38.7599983215332,32.44648361206055,13287800,32.940380183552946,32.940380183552946,32.35440390663926
2014-09-26,38.77000045776367,39.0099983215332,38.52000045776367,38.95000076293945,32.605533599853516,16006400,32.45485308936744,32.65575830779496,32.24557495739576
2014-09-29,38.56999969482422,38.630001068115234,38.27000045776367,38.439998626708984,32.1785888671875,16586000,32.287414337339015,32.337642214331105,32.03628133903725
2014-09-30,38.459999084472656,38.56999969482422,38.13999938964844,38.279998779296875,32.0446662902832,21143300,32.195346799568554,32.28742968783525,31.9274710482459
2014-10-01,38.31999969482422,38.40999984741211,37.95000076293945,38.09000015258789,31.885623931884766,17452400,32.07815947609255,32.153499749333136,31.76842866091756
2014-10-02,38.150001525878906,38.54999923706055,37.91999816894531,38.27000045776367,32.03628158569336,14808100,31.935829024265107,32.270671960135736,31.743290424311038
2014-10-03,38.5,39.119998931884766,38.400001525878906,38.88999938964844,32.555294036865234,15289500,32.228820778869185,32.74782946611086,32.14511083339882
2014-10-06,38.970001220703125,39.2400016784668,38.95000076293945,39.08000183105469,32.815608978271484,14168000,32.72324109578588,32.94996138828306,32.70644664413267
2014-10-07,38.939998626708984,39.08000183105469,38.43000030517578,38.459999084472656,32.29499816894531,14309200,32.698055493610596,32.81561668278432,32.26980808715838
2014-10-08,38.81999969482422,39.04999923706055,38.040000915527344,39.02000045776367,32.76524353027344,16005500,32.59730212517159,32.79043361991316,31.942334168811833
2014-10-09,38.9900016784668,39.209999084472656,38.5099983215332,38.7400016784668,32.530113220214844,15004900,32.74003908373317,32.924771665443465,32.336978606949245
2014-10-10,38.65999984741211,39.099998474121094,38.09000015258789,38.099998474121094,31.9926815032959,18234100,32.46291631417855,32.832384463521116,31.984285883107184
2014-10-13,38.11000061035156,38.779998779296875,37.86000061035156,38.22999954223633,32.10185241699219,20723700,32.001088931570074,32.5636885286581,31.791163135066167
2014-10-14,38.65999984741211,39.040000915527344,38.41999816894531,38.459999084472656,32.29499816894531,19508500,32.462939521692896,32.78202777159183,32.26140925775282
2014-10-15,37.97999954223633,38.43000030517578,37.18000030517578,38.29999923706055,32.16063690185547,24561500,31.89193209248336,32.269799231667264,31.220170069053086
2014-10-16,37.9900016784668,38.18000030517578,37.52000045776367,37.560001373291016,31.53926658630371,21419300,31.900339370150167,32.05988189197413,31.505677675430817
2014-10-17,37.689998626708984,38.02000045776367,37.34000015258789,37.869998931884766,31.799571990966797,21122700,31.648425098326832,31.925528802571698,31.354530142201774
2014-10-20,36.310001373291016,37.810001373291016,35.81999969482422,37.79999923706055,31.74079704284668,16654100,30.489640409440845,31.74919587307139,30.078184215240185
2014-10-21,38.290000915527344,38.470001220703125,38.040000915527344,38.349998474121094,32.2026252746582,15381900,32.152245118891244,32.30339199262088,31.942319261290564
2014-10-22,38.369998931884766,38.43000030517578,37.58000183105469,37.63999938964844,31.6064510345459,16810200,32.219434434149214,32.26981781612795,31.556070855783005
2014-10-23,38.08000183105469,38.5,38.0099983215332,38.22999954223633,32.10185241699219,9659100,31.97589886101791,32.328572661602024,31.917116691040444
2014-10-24,38.31999969482422,38.7400016784668,38.25,38.72999954223633,32.5217170715332,8975900,32.17743875512456,32.53011590056607,32.11865976475344
2014-10-27,38.5,38.720001220703125,38.349998474121094,38.43000030517578,32.269805908203125,7525300,32.32858489721362,32.51332069308353,32.20262809035419
2014-10-28,38.34000015258789,38.72999954223633,38.34000015258789,38.650001525878906,32.45452880859375,11631800,32.19421967268232,32.521703396536886,32.19421967268232
2014-10-29,38.72999954223633,38.7400016784668,38.459999084472656,38.58000183105469,32.395755767822266,10923800,32.5217093444564,32.53010817149372,32.29498906265819
2014-10-30,38.400001525878906,38.65999984741211,38.38999938964844,38.5,32.328575134277344,9644400,32.244606090538724,32.46292752618735,32.23620726423665
2014-10-31,38.880001068115234,39.04999923706055,38.83000183105469,39.04999923706055,32.79041290283203,16142800,32.64766488077441,32.79041290283203,32.60568035682886
2014-11-03,39.02000045776367,39.040000915527344,38.7599983215332,38.9900016784668,32.74004364013672,10318600,32.76523372223597,32.78202817804044,32.54690899999274
2014-11-04,38.93000030517578,39.150001525878906,38.900001525878906,39.130001068115234,32.85759735107422,12671000,32.68965601810229,32.87439180469286,32.66446593928158
2014-11-05,39.34000015258789,39.5099983215332,39.11000061035156,39.290000915527344,32.991939544677734,12280300,33.033924064096,33.176672070760794,32.84079271220118
2014-11-06,39.220001220703125,39.86000061035156,39.11000061035156,39.810001373291016,33.42860412597656,11603400,32.93317883447284,33.47058866867038,32.84081091861727
2014-11-07,39.689998626708984,39.970001220703125,39.61000061035156,39.939998626708984,33.537757873535156,13728500,33.327831990794216,33.562951157650105,33.26065737398879
2014-11-10,39.970001220703125,40.4900016784668,39.88999938964844,40.45000076293945,33.96601104736328,11058100,33.56295370627996,33.99959995992398,33.49577588115858
2014-11-11,40.529998779296875,40.59000015258789,40.349998474121094,40.470001220703125,33.98279571533203,7061000,34.033175866446705,34.08355922077546,33.882029006674514
2014-11-12,40.560001373291016,40.59000015258789,40.04999923706055,40.13999938964844,33.70569610595703,10965100,34.05837322204604,34.08356330061866,33.6301226670247
2014-11-13,40.16999816894531,40.77000045776367,39.88999938964844,40.720001220703125,34.19272232055664,11868700,33.73088290355161,34.234706848498696,33.495766984504804
2014-11-14,40.86000061035156,41.06999969482422,40.630001068115234,40.84000015258789,34.29347610473633,11476500,34.310270551794105,34.4866074410809,34.117139215449534
2014-11-17,40.709999084472656,41.20000076293945,40.630001068115234,41.15999984741211,34.56221008300781,11987600,34.18434271265103,34.59579900553196,34.117168070818686
2014-11-18,41.189998626708984,41.47999954223633,41.11000061035156,41.2599983215332,34.64617156982422,9328200,34.58739256993634,34.83090739988055,34.52021794287102
2014-11-19,41.150001525878906,41.27000045776367,40.810001373291016,40.91999816894531,34.36065673828125,9202600,34.55379131183667,34.654554808707545,34.26829206802434
2014-11-20,40.709999084472656,41.0099983215332,40.61000061035156,40.91999816894531,34.36065673828125,9062200,34.184319817953764,34.43623016173786,34.100350771097
2014-11-21,41.31999969482422,41.5,41.16999816894531,41.439998626708984,34.797298431396484,12641400,34.696534947259885,34.847681775071486,34.57057818967908
2014-11-24,41.4900016784668,41.63999938964844,41.36000061035156,41.43000030517578,34.78890609741211,9542100,34.8392894458495,34.96524301212242,34.73012712584201
2014-11-25,41.5099983215332,41.63999938964844,41.150001525878906,41.150001525878906,34.553802490234375,12404200,34.856093078640136,34.965255437439765,34.553802490234375
2014-11-26,41.18000030517578,41.90999984741211,41.18000030517578,41.869998931884766,35.15838623046875,11590000,34.5789919425493,35.191975140752,34.5789919425493
2014-11-28,41.97999954223633,42.5099983215332,41.88999938964844,42.40999984741211,35.61182403564453,11890100,35.250751287276486,35.695793101361254,35.17517784684563
2014-12-01,42.0099983215332,42.380001068115234,42.0099983215332,42.08000183105469,35.334716796875,10802400,35.27593461826056,35.58662714905065,35.27593461826056
2014-12-02,41.900001525878906,42.36000061035156,41.86000061035156,42.18000030517578,35.418701171875,9083200,35.18358516854038,35.56984808922305,35.14999625285964
2014-12-03,41.939998626708984,42.13999938964844,41.63999938964844,42.060001373291016,35.317935943603516,10326000,35.21716920136722,35.38511056854589,34.96525875220678
2014-12-04,42.119998931884766,42.119998931884766,41.4900016784668,41.88999938964844,35.175167083740234,9177100,35.36829843836484,35.36829843836484,34.839287720433184
2014-12-05,42.02000045776367,42.02000045776367,41.59000015258789,41.93000030517578,35.208770751953125,8925300,35.28434420096445,35.28434420096445,34.92327141160091
2014-12-08,41.90999984741211,42.029998779296875,41.33000183105469,41.369998931884766,34.73854064941406,12766500,35.191981409363166,35.29274495494674,34.704954936363116
2014-12-09,40.97999954223633,41.93000030517578,40.88999938964844,41.869998931884766,35.15838623046875,13897500,34.411050594347856,35.20876959589362,34.33547714781795
2014-12-10,41.70000076293945,41.810001373291016,40.880001068115234,40.91999816894531,34.36065673828125,12547600,35.01562747597648,35.10799534944721,34.32707104146683
2014-12-11,41.119998931884766,41.63999938964844,40.709999084472656,40.7599983215332,34.22631072998047,12395800,34.52860448023232,34.96525065246116,34.18432619871536
2014-12-12,40.2400016784668,40.779998779296875,39.91999816894531,39.95000076293945,33.5461540222168,14108200,33.78966879551034,34.24310623155667,33.52096074011485
2014-12-15,41.209999084472656,41.650001525878906,40.77000045776367,41.11000061035156,34.52021408081055,22343100,34.604183156051704,34.97365477482853,34.234714740489764
2014-12-16,40.88999938964844,41.36000061035156,40.61000061035156,40.630001068115234,34.11715316772461,16424500,34.33547466233222,34.73013632155451,34.100358713798705
2014-12-17,41.060001373291016,41.630001068115234,40.68000030517578,41.15999984741211,34.56221008300781,18151000,34.478240979913394,34.95687191462667,34.159152622365895
2014-12-18,43.83000183105469,45.369998931884766,43.56999969482422,45.349998474121094,38.08055114746094,54495600,36.804204689736366,38.097345601275016,36.58587999336788
2014-12-19,45.099998474121094,46.150001525878906,44.97999954223633,46.0,38.62636947631836,41782200,37.87063487919121,38.75232631024467,37.769871333979374
2014-12-22,45.56999969482422,46.04999923706055,45.40999984741211,45.650001525878906,38.33245086669922,21264400,38.26527307577601,38.66833021167515,38.13092069714296
2014-12-23,45.529998779296875,46.5,45.459999084472656,46.0099983215332,38.634742736816406,14042400,38.231685586096816,39.046198713316905,38.17290661848439
2014-12-24,46.36000061035156,46.709999084472656,46.150001525878906,46.22999954223633,38.819488525390625,10238200,38.92865086633716,39.22254578056131,38.752313917802674
2014-12-26,46.189998626708984,46.5,46.06999969482422,46.099998474121094,38.71033477783203,6901500,38.785908230154135,39.04621749997807,38.685144694796335
2014-12-29,46.02000045776367,46.09000015258789,45.599998474121094,45.61000061035156,38.29888153076172,9701400,38.64315987703525,38.701938872505245,38.29048270100028
2014-12-30,45.54999923706055,45.65999984741211,45.290000915527344,45.34000015258789,38.07215881347656,9968400,38.248495788946805,38.34086369130212,38.0301742769191
2014-12-31,45.45000076293945,45.560001373291016,44.970001220703125,44.970001220703125,37.76145553588867,13269200,38.164512704654314,38.256880573099,37.76145553588867
2015-01-02,45.02000045776367,45.189998626708984,43.970001220703125,44.33000183105469,37.224063873291016,15070200,37.80345823133739,37.94620631249649,36.921770050583284
2015-01-05,44.15999984741211,44.25,43.58000183105469,43.59000015258789,36.702022552490234,18369400,37.181952389175706,37.25773095348966,36.69360413952593
2015-01-06,44.060001373291016,44.18000030517578,42.9900016784668,43.13999938964844,36.32312774658203,19229500,37.0977533852411,37.19879039483711,36.19683228756418
2015-01-07,43.33000183105469,43.52000045776367,43.0099983215332,43.150001525878906,36.33155822753906,13502200,36.48311538483247,36.64309095668246,36.21367794038131
2015-01-08,43.630001068115234,43.939998626708984,43.380001068115234,43.40999984741211,36.550472259521484,17516900,36.735709498467244,36.99672210398965,36.52521380399593
2015-01-09,43.97999954223633,44.099998474121094,43.2599983215332,43.38999938964844,36.53361892700195,15957500,37.030388713697576,37.131425710950246,36.42416030636509
2015-01-12,43.2599983215332,43.77000045776367,42.86000061035156,43.27000045776367,36.432594299316406,16055700,36.42417267307291,36.85358567803015,36.08738149724751
2015-01-13,43.66999816894531,43.95000076293945,42.56999969482422,42.93000030517578,36.14632034301758,12878200,36.769385790183144,37.00514314838115,35.8432060338411
2015-01-14,42.459999084472656,43.16999816894531,42.459999084472656,43.060001373291016,36.255767822265625,12707400,35.75057639211116,36.348383199814336,35.75057639211116
2015-01-15,43.47999954223633,43.63999938964844,42.56999969482422,42.630001068115234,35.893733978271484,13431000,36.60941819942105,36.744135342646025,35.843213845095846
2015-01-16,42.4900016784668,43.619998931884766,42.25,43.5099983215332,36.6346549987793,17786700,35.77583572596499,36.72727358221625,35.57375852465635
2015-01-20,43.560001373291016,44.029998779296875,43.22999954223633,43.900001525878906,36.96303176879883,16308400,36.67675760012723,37.072487177476035,36.39890184292764
2015-01-21,43.689998626708984,43.93000030517578,43.209999084472656,43.4900016784668,36.61783218383789,15876600,36.786226168785426,36.9883034473956,36.382074823474454
2015-01-22,43.95000076293945,45.33000183105469,43.18000030517578,44.04999923706055,37.08934783935547,17969100,37.005150830176824,38.16708818592021,36.356823581389214
2015-01-23,43.97999954223633,44.540000915527344,43.91999816894531,44.189998626708984,37.20719909667969,14150300,37.03038357305638,37.50189484795964,36.979863475489246
2015-01-26,44.16999816894531,44.209999084472656,43.540000915527344,43.900001525878906,36.96303176879883,12059500,37.19036420953347,37.224044279237944,36.659917565274995
2015-01-27,43.0099983215332,43.869998931884766,42.58000183105469,43.400001525878906,36.542049407958984,14984100,36.21367346645204,36.937779081416195,35.85162387087898
2015-01-28,43.939998626708984,43.97999954223633,42.66999816894531,42.689998626708984,35.94422149658203,15132500,36.99669932080517,37.03037938203809,35.92738146596557
2015-01-29,42.81999969482422,43.02000045776367,42.31999969482422,42.86000061035156,36.08738708496094,12805100,36.05370699859063,36.22210421853235,35.632715554691245
2015-01-30,42.09000015258789,42.52000045776367,41.81999969482422,41.88999938964844,35.2706298828125,22590000,35.43902694628109,35.80107950857115,35.21169139238452
2015-02-02,42.209999084472656,42.709999084472656,41.560001373291016,42.68000030517578,35.935813903808594,16889500,35.54008109497583,35.9610723513823,34.99279438879246
2015-02-03,42.939998626708984,43.13999938964844,42.540000915527344,43.040000915527344,36.23894119262695,12657100,36.154740983832134,36.32313818951222,35.8179497843815
2015-02-04,42.970001220703125,43.15999984741211,42.31999969482422,42.41999816894531,35.71689987182617,12912000,36.17999286514963,36.339968400719485,35.63270289771755
2015-02-05,42.5,43.2400016784668,42.5,43.15999984741211,36.3399658203125,9630300,35.78425747969244,36.40732596434327,35.78425747969244
2015-02-06,43.2599983215332,43.470001220703125,42.880001068115234,42.97999954223633,36.18840408325195,9522100,36.42415813341324,36.60097688294225,36.10420712588236
2015-02-09,42.630001068115234,43.630001068115234,42.630001068115234,43.400001525878906,36.542049407958984,12705700,35.89372236227966,36.73570503792932,35.89372236227966
2015-02-10,43.790000915527344,44.060001373291016,43.560001373291016,43.9900016784668,37.03882598876953,12714800,36.87042878091578,37.097764529731904,36.676773116052324
2015-02-11,43.959999084472656,44.0,43.09000015258789,43.36000061035156,36.508358001708984,12836900,37.01354616557774,37.04722623301114,36.28102236439563
2015-02-12,43.47999954223633,44.060001373291016,43.40999984741211,43.88999938964844,36.954620361328125,12519700,36.60940758119556,37.09775909118798,36.550469048873595
2015-02-13,43.79999923706055,44.22999954223633,43.79999923706055,43.93000030517578,36.98830032348633,10155700,36.87884167298744,37.24089449148375,36.87884167298744
2015-02-17,43.66999816894531,43.900001525878906,43.540000915527344,43.84000015258789,36.912532806396484,10118600,36.769394034121895,36.96305293988929,36.659938562752586
2015-02-18,43.709999084472656,44.11000061035156,43.650001525878906,44.099998474121094,37.13144302368164,8661100,36.80307022057373,37.13986465099246,36.752553304347735
2015-02-19,44.130001068115234,44.369998931884766,44.0,44.11000061035156,37.13985824584961,8465700,37.156698285657285,37.35877233953103,37.04723963286199
2015-02-20,44.060001373291016,44.09000015258789,43.459999084472656,43.77000045776367,36.85358428955078,14731200,37.09776005086353,37.12301850482375,36.592568488294816
2015-02-23,43.459999084472656,43.880001068115234,43.29999923706055,43.779998779296875,36.862003326416016,10995500,36.59256910659048,36.94620352755478,36.45785199667772
2015-02-24,43.790000915527344,43.959999084472656,43.380001068115234,43.880001068115234,36.946205139160156,10522500,36.870426560784416,37.01356209110004,36.52521375083033
2015-02-25,43.83000183105469,44.09000015258789,43.380001068115234,43.72999954223633,36.81991195678711,11785400,36.90411217421938,37.123026315723514,36.525219225548874
2015-02-26,43.79999923706055,44.150001525878906,43.709999084472656,43.88999938964844,36.954620361328125,8519300,36.87884178949858,37.17353766301753,36.803063217669035
2015-02-27,43.77000045776367,44.11000061035156,43.68000030517578,43.81999969482422,36.89567947387695,9549500,36.8535809837498,37.13985521328691,36.77780241675736
2015-03-02,43.810001373291016,44.040000915527344,43.47999954223633,44.029998779296875,37.07249450683594,11091000,36.887260510656375,37.08091613188115,36.60940469852373
2015-03-03,43.83000183105469,43.880001068115234,43.16999816894531,43.380001068115234,36.525203704833984,10058700,36.90409649250095,36.94619497737317,36.348384929317056
2015-03-04,43.20000076293945,43.65999984741211,42.81999969482422,43.61000061035156,36.718868255615234,14697600,36.37365545645801,36.76096675074967,36.053701111999594
2015-03-05,43.65999984741211,43.88999938964844,43.2599983215332,43.79999923706055,36.87881851196289,10983500,36.76094152172172,36.954597035961804,36.42414736796944
2015-03-06,43.61000061035156,43.61000061035156,42.29999923706055,42.380001068115234,35.6832160949707,15086600,36.71885409299225,36.71885409299225,35.61585595920928
2015-03-09,42.25,42.790000915527344,42.189998626708984,42.689998626708984,35.94422149658203,11474200,35.573750458742154,36.02842164966433,35.523230366892776
2015-03-10,42.2400016784668,42.54999923706055,41.779998779296875,41.81999969482422,35.21171569824219,13960700,35.56535009682279,35.82636267405873,35.178035619918504
2015-03-11,41.93000030517578,42.15999984741211,41.40999984741211,41.470001220703125,34.91701889038086,11108800,35.304330109317384,35.49798571878564,34.866498778903136
2015-03-12,41.459999084472656,41.7599983215332,41.2599983215332,41.619998931884766,35.0433235168457,13716700,34.908606396244984,35.16120059588264,34.74020919251671
2015-03-13,41.540000915527344,42.470001220703125,41.5099983215332,42.380001068115234,35.6832160949707,18405400,34.975950729015985,35.75899464174829,34.95068907215142
2015-03-16,42.81999969482422,43.529998779296875,42.7400016784668,43.40999984741211,36.550472259521484,17423200,36.05370229209282,36.65150929353308,35.98634534005489
2015-03-17,43.11000061035156,43.34000015258789,42.86000061035156,42.869998931884766,36.09577941894531,21509000,36.297856579242854,36.49151211807811,36.08736100939052
2015-03-18,44.29999923706055,44.939998626708984,43.349998474121094,44.130001068115234,37.15671157836914,37900300,37.29984715007697,37.838715769064635,36.4999626385564
2015-03-19,44.0,44.4900016784668,44.0,44.15999984741211,37.181949615478516,15729600,37.04723253473763,37.45980540120515,37.04723253473763
2015-03-20,44.130001068115234,44.72999954223633,44.060001373291016,44.40999984741211,37.39244842529297,20724700,37.156694316984556,37.66188260961939,37.09775578990745
2015-03-23,44.34000015258789,44.619998931884766,44.15999984741211,44.25,37.25774383544922,10749200,37.33352242596382,37.569276613382605,37.181965244934624
2015-03-24,44.33000183105469,44.5,43.709999084472656,43.709999084472656,36.80306625366211,14913400,37.32509788573361,37.46823341549202,36.80306625366211
2015-03-25,43.68000030517578,43.75,42.93000030517578,42.93000030517578,36.14632034301758,17491000,36.777807416498796,36.83674595307096,36.14632034301758
2015-03-26,42.779998779296875,43.22999954223633,42.459999084472656,42.9900016784668,36.196842193603516,14065600,36.02002336353447,36.39891626809742,35.750589122936255
2015-03-27,42.93000030517578,43.119998931884766,42.41999816894531,42.63999938964844,35.90214157104492,18030800,36.14631732325009,36.306292878879816,35.71690435048802
2015-03-30,43.22999954223633,43.630001068115234,43.119998931884766,43.439998626708984,36.57571792602539,12730100,36.39890237535286,36.73569665350763,36.306283788264885
2015-03-31,43.310001373291016,43.56999969482422,43.130001068115234,43.150001525878906,36.33155822753906,13264200,36.46627534380994,36.68518945328409,36.31471818651653
2015-04-01,42.9900016784668,43.119998931884766,42.720001220703125,42.939998626708984,36.15473556518555,12050900,36.19683726922779,36.306292706392234,35.96950155741776
2015-04-02,42.9900016784668,43.11000061035156,42.47999954223633,42.619998931884766,36.01109313964844,11183900,36.3237211007703,36.4251122978857,35.8928028724858
2015-04-06,42.279998779296875,43.099998474121094,42.209999084472656,42.959999084472656,36.29837417602539,9766500,35.723818634984816,36.41666445391581,35.664673496039605
2015-04-07,42.9900016784668,43.47999954223633,42.939998626708984,42.959999084472656,36.29837417602539,8075400,36.323724394979294,36.73774036759574,36.28147510444557
2015-04-08,42.849998474121094,43.34000015258789,42.849998474121094,43.11000061035156,36.425113677978516,6947100,36.20542898220892,36.61944815613275,36.20542898220892
2015-04-09,42.970001220703125,43.310001373291016,42.7400016784668,43.20000076293945,36.50115966796875,9399500,36.30682518031915,36.59410294970732,36.11249069266956
2015-04-10,43.08000183105469,43.88999938964844,43.08000183105469,43.5099983215332,36.76308059692383,12542800,36.39976190591775,37.084156451507894,36.39976190591775
2015-04-13,43.54999923706055,43.790000915527344,43.029998779296875,43.08000183105469,36.39976501464844,10943400,36.796881876509275,36.99966749229389,36.357515728282635
2015-04-14,43.040000915527344,43.060001373291016,42.5099983215332,42.72999954223633,36.104026794433594,10510500,36.36595747562976,36.382856541174725,35.91814029660617
2015-04-15,42.95000076293945,44.189998626708984,42.83000183105469,43.9900016784668,37.16865539550781,18188700,36.28992308895347,37.33763965024145,36.18853189147968
2015-04-16,43.689998626708984,43.959999084472656,43.25,43.459999084472656,36.72085189819336,11960800,36.915186442717776,37.14331914016016,36.54341643012793
2015-04-17,43.060001373291016,43.400001525878906,42.86000061035156,43.0,36.3321647644043,12473500,36.382861968601965,36.67013967938675,36.21387451111074
2015-04-20,43.310001373291016,43.810001373291016,43.25,43.31999969482422,36.6025505065918,10426300,36.59410258250412,37.016569696590516,36.54340536847317
2015-04-21,43.5099983215332,43.869998931884766,43.400001525878906,43.41999816894531,36.68703842163086,9312900,36.76308262234909,37.06725942522202,36.67014257539829
2015-04-22,43.5099983215332,43.75,43.34000015258789,43.54999923706055,36.7968864440918,7343900,36.76308830007101,36.96587394102732,36.61945102273529
2015-04-23,43.5099983215332,43.630001068115234,42.9900016784668,43.38999938964844,36.66169738769531,11311000,36.76308859740931,36.864483030291744,36.32372561425918
2015-04-24,43.40999984741211,43.58000183105469,42.75,43.08000183105469,36.39976501464844,17767100,36.678591610288265,36.822232092962366,36.1209351958406
2015-04-27,43.099998474121094,43.95000076293945,43.06999969482422,43.61000061035156,36.847591400146484,12916000,36.41667303128589,37.134869238330516,36.39132602953024
2015-04-28,43.709999084472656,44.58000183105469,43.45000076293945,44.5,37.599571228027344,18287700,36.9320724483964,37.66716750994001,36.7123909785165
2015-04-29,44.400001525878906,44.900001525878906,43.68000030517578,44.72999954223633,37.79389572143555,36608700,37.51506919011139,37.937536170976756,36.90671570625174
2015-04-30,44.04999923706055,44.40999984741211,43.5099983215332,43.619998931884766,36.856040954589844,20196300,37.21936303726097,37.52353996444324,36.76309764648757
2015-05-01,43.439998626708984,44.380001068115234,43.439998626708984,44.369998931884766,37.4897346496582,11942000,36.703945478947034,37.49818579778164,36.703945478947034
2015-05-04,44.54999923706055,44.849998474121094,44.2400016784668,44.59000015258789,37.67561721801758,9168200,37.641819075460475,37.8952986983022,37.37989152856361
2015-05-05,44.470001220703125,44.619998931884766,43.88999938964844,43.91999816894531,37.10951232910156,11410200,37.574228765375956,37.70096697449473,37.08416533191151
2015-05-06,44.20000076293945,44.2400016784668,43.0,43.2599983215332,36.55184555053711,12732100,37.34608561961974,37.37988375514828,36.33216411593682
2015-05-07,43.16999816894531,43.65999984741211,43.02000045776367,43.47999954223633,36.73774719238281,8787100,36.475816368989086,36.8898356416864,36.34907814334871
2015-05-08,43.83000183105469,44.2400016784668,43.689998626708984,44.0099983215332,37.18556594848633,9582900,37.03348070371344,37.37990371998864,36.91518716618223
2015-05-11,43.970001220703125,44.20000076293945,43.599998474121094,43.84000015258789,37.04191589355469,7429400,37.15175824333654,37.346092724847054,36.83913026497037
2015-05-12,43.650001525878906,43.689998626708984,43.279998779296875,43.56999969482422,36.813785552978516,8515100,36.8813818410878,36.915176761974024,36.56875384333498
2015-05-13,43.7599983215332,44.06999969482422,43.619998931884766,43.790000915527344,36.99967575073242,7451200,36.974325528621094,37.23625633597995,36.856035235997325
2015-05-14,44.11000061035156,44.400001525878906,44.0,44.380001068115234,37.4981803894043,7293000,37.270047770504526,37.515079460045186,37.17710449356371
2015-05-15,44.40999984741211,44.439998626708984,43.939998626708984,44.150001525878906,37.303855895996094,9369500,37.523537426788124,37.54888442794939,37.12641721836017
2015-05-18,43.939998626708984,44.40999984741211,43.880001068115234,44.2400016784668,37.37989044189453,6070900,37.12640760325351,37.52352770883413,37.07571361405986
2015-05-19,44.41999816894531,44.459999084472656,44.15999984741211,44.31999969482422,37.44749069213867,8640000,37.53198283913016,37.56578098719427,37.31230132305101
2015-05-20,44.220001220703125,44.599998474121094,44.09000015258789,44.290000915527344,37.4221305847168,9055700,37.36298545790593,37.68405808254558,37.25314312675675
2015-05-21,44.220001220703125,44.45000076293945,43.95000076293945,44.279998779296875,37.4136848449707,8036400,37.3629908564753,37.55732533310001,37.13485823874156
2015-05-22,44.20000076293945,44.27000045776367,43.880001068115234,43.93000030517578,37.117958068847656,7484300,37.34609067982469,37.4052358134297,37.07571200529666
2015-05-26,43.7400016784668,43.83000183105469,43.150001525878906,43.33000183105469,36.61100769042969,10440400,36.95743065217352,37.03347487417431,36.45891924642812
2015-05-27,43.540000915527344,44.25,43.40999984741211,44.13999938964844,37.295387268066406,11096800,36.78842814341714,37.38833052632452,36.67858581791505
2015-05-28,44.08000183105469,44.25,43.63999938964844,43.86000061035156,37.058815002441406,7273200,37.244701560236486,37.388338828955796,36.87292844464633
2015-05-29,43.790000915527344,43.84000015258789,43.36000061035156,43.4900016784668,36.74618911743164,10358700,36.99966872825378,37.041914792862784,36.63634677091373
2015-06-01,43.84000015258789,44.060001373291016,43.63999938964844,43.790000915527344,36.99967575073242,9764300,37.041921823359665,37.227808410722,36.87293430968197
2015-06-02,43.5099983215332,44.0099983215332,43.13999938964844,43.70000076293945,36.92362594604492,8275900,36.76308638190676,37.18555349061856,36.450461623947135
2015-06-03,43.7400016784668,44.09000015258789,43.59000015258789,43.970001220703125,37.151771545410156,9220900,36.957436994318776,37.253162784421015,36.83069552817817
2015-06-04,43.7400016784668,44.11000061035156,43.5099983215332,43.77000045776367,36.982784271240234,13783100,36.957437267092786,37.270062136532474,36.76309949139767
2015-06-05,43.83000183105469,44.02000045776367,43.4900016784668,43.810001373291016,37.016571044921875,12850700,37.03347011688108,37.19400646574087,36.74619233991148
2015-06-08,43.810001373291016,43.88999938964844,43.08000183105469,43.099998474121094,36.41666793823242,9112200,37.01657375562539,37.084166825243585,36.39977208820435
2015-06-09,43.349998474121094,43.369998931884766,42.81999969482422,43.06999969482422,36.391319274902344,7634200,36.62789984249403,36.64479891491751,36.180085704361616
2015-06-10,43.279998779296875,44.04999923706055,43.060001373291016,43.939998626708984,37.12641143798828,15518400,36.56875493708122,37.21935472533421,36.382871585557886
2015-06-11,44.16999816894531,44.41999816894531,44.029998779296875,44.279998779296875,37.4136848449707,12519300,37.32074156850494,37.53197511568417,37.20245129779148
2015-06-12,43.97999954223633,44.38999938964844,43.900001525878906,44.34000015258789,37.46438217163086,11742300,37.160205347052205,37.50662823656275,37.09261228779481
2015-06-15,43.900001525878906,43.9900016784668,43.40999984741211,43.720001220703125,36.94053649902344,16727800,37.092624963285246,37.16866919541616,36.67860564986826
2015-06-16,43.90999984741211,44.880001068115234,43.7599983215332,44.63999938964844,37.717857360839844,18271600,37.1010558603019,37.92064296116563,36.97431445720231
2015-06-17,44.86000061035156,45.2400016784668,44.369998931884766,44.90999984741211,37.94600296020508,27080800,37.90375688574608,38.22483285333846,37.48973762044256
2015-06-18,41.90999984741211,42.97999954223633,40.970001220703125,42.7400016784668,36.112483978271484,79138400,35.41118714512233,36.31526635239018,34.616950270683276
2015-06-19,42.900001525878906,43.099998474121094,41.560001373291016,41.59000015258789,35.14080810546875,37430200,36.24767289767423,36.41665713316529,35.115461114778626
2015-06-22,41.79999923706055,41.959999084472656,41.45000076293945,41.4900016784668,35.05632400512695,22368300,35.31825156394171,35.45344091715306,35.02252586103201
2015-06-23,41.939998626708984,42.060001373291016,41.47999954223633,41.709999084472656,35.24220657348633,17394300,35.43654106299049,35.53793549303746,35.04787208398217
2015-06-24,41.540000915527344,41.77000045776367,41.20000076293945,41.20000076293945,34.811309814453125,17768200,35.09858773749979,35.292922329094594,34.811309814453125
2015-06-25,41.2400016784668,41.470001220703125,41.060001373291016,41.060001373291016,34.692989349365234,13587200,34.84507771910425,35.03941214195584,34.692989349365234
2015-06-26,41.099998474121094,41.369998931884766,40.970001220703125,40.9900016784668,34.63385772705078,39687300,34.72679779084989,34.95493043436081,34.6169586545868
2015-06-29,40.630001068115234,40.900001525878906,40.380001068115234,40.41999816894531,34.152225494384766,18195500,34.3296640567753,34.55779658856291,34.11843058917569
2015-06-30,40.599998474121094,40.75,40.11000061035156,40.29999923706055,34.050846099853516,16691500,34.304325703938176,34.431067117564524,33.89030976933911
2015-07-01,40.61000061035156,40.70000076293945,39.93000030517578,40.2400016784668,34.000152587890625,13948600,34.31277732985654,34.38882153446101,33.73822183354897
2015-07-02,40.380001068115234,40.41999816894531,40.150001525878906,40.36000061035156,34.101539611816406,11644100,34.11843868001185,34.15223359323504,33.92410423051582
2015-07-06,39.93000030517578,40.290000915527344,39.77000045776367,40.150001525878906,34.05065155029297,12434100,33.864071609518305,34.169383063443725,33.72837798946157
2015-07-07,40.040000915527344,40.27000045776367,39.84000015258789,40.15999984741211,34.05912399291992,16437100,33.95735460757107,34.15241394415238,33.78773680852936
2015-07-08,39.900001525878906,40.2400016784668,39.70000076293945,39.77000045776367,33.72838592529297,14598700,33.83863802852711,34.12698744339125,33.66902015474963
2015-07-09,40.2400016784668,40.47999954223633,40.150001525878906,40.18000030517578,34.07609176635742,13348300,34.12697808509418,34.330516889659265,34.05065022458453
2015-07-10,40.560001373291016,40.650001525878906,40.209999084472656,40.36000061035156,34.228759765625,10470900,34.39837765373376,34.4747055416231,34.10154554074539
2015-07-13,40.52000045776367,40.86000061035156,40.380001068115234,40.79999923706055,34.60190963745117,10717000,34.36444658252478,34.65279596430318,34.245715055061574
2015-07-14,40.810001373291016,40.900001525878906,40.58000183105469,40.779998779296875,34.58494186401367,9298800,34.61038664086795,34.68671450104888,34.41532727267024
2015-07-15,40.630001068115234,40.91999816894531,40.630001068115234,40.790000915527344,34.59342956542969,9326700,34.45773593150718,34.70367841879762,34.45773593150718
2015-07-16,41.02000045776367,41.02000045776367,40.560001373291016,40.959999084472656,34.73760223388672,14861000,34.78848855921528,34.78848855921528,34.39836977060377
2015-07-17,40.75,40.86000061035156,40.15999984741211,40.400001525878906,34.26266860961914,14574400,34.55949735416762,34.652787312508764,34.059126588221126
2015-07-20,40.36000061035156,40.38999938964844,39.869998931884766,39.93000030517578,33.86408615112305,17488100,34.22876351822025,34.254205071908544,33.81319980855397
2015-07-21,39.7599983215332,39.9900016784668,39.38999938964844,39.56999969482422,33.55876159667969,14679100,33.71989676641934,33.91495938661895,33.406105863161606
2015-07-22,39.36000061035156,39.66999816894531,39.25,39.41999816894531,33.43156433105469,16797000,33.380681217584296,33.64358593102899,33.287391195964744
2015-07-23,39.54999923706055,39.599998474121094,38.959999084472656,39.0,33.07536315917969,18083800,33.541809941309154,33.58421360601324,33.04143893333952
2015-07-24,39.099998474121094,39.16999816894531,38.79999923706055,39.0,33.07536315917969,12030300,33.160170488587866,33.21953626621204,32.905745265171085
2015-07-27,38.720001220703125,38.81999969482422,38.470001220703125,38.5099983215332,32.659786224365234,15756800,32.837886720140936,32.92269401512676,32.625865247485464
2015-07-28,38.790000915527344,39.369998931884766,38.439998626708984,39.279998779296875,33.312828063964844,14289200,32.89726759821279,33.38915595862026,32.600435458911775
2015-07-29,39.369998931884766,39.869998931884766,39.2599983215332,39.790000915527344,33.7453498840332,13016400,33.389152006076486,33.81319509614418,33.29586200863087
2015-07-30,40.029998779296875,40.099998474121094,39.54999923706055,39.650001525878906,33.62662124633789,13634200,33.94889169333888,34.00825747227023,33.54181067987002
2015-07-31,39.7599983215332,40.119998931884766,39.70000076293945,39.939998626708984,33.872562408447266,13706100,33.719906630273826,34.0252181866207,33.66902352767747
2015-08-03,39.95000076293945,40.0099983215332,39.459999084472656,39.709999084472656,33.67750930786133,12444500,33.88105146215033,33.93193457432799,33.465487713273646
2015-08-04,39.59000015258789,40.0,39.529998779296875,39.65999984741211,33.635101318359375,9697300,33.57573553831083,33.9234507793919,33.524849197472484
2015-08-05,39.900001525878906,40.02000045776367,39.630001068115234,39.63999938964844,33.618133544921875,11982000,33.83863774957238,33.94040717892316,33.609654107139235
2015-08-06,39.630001068115234,39.84000015258789,39.150001525878906,39.31999969482422,33.34675216674805,10613000,33.60966007739709,33.78775741919527,33.2025790524902
2015-08-07,39.36000061035156,39.689998626708984,39.22999954223633,39.560001373291016,33.55029296875,10655100,33.380675072954816,33.66054185110343,33.2704229554091
2015-08-10,39.7599983215332,40.04999923706055,39.70000076293945,39.88999938964844,33.83016586303711,9525800,33.71991372555897,33.965859557166795,33.669030612255874
2015-08-11,39.529998779296875,39.68000030517578,39.02000045776367,39.16999816894531,33.21953582763672,10600500,33.52484738578293,33.652061613407916,33.09232483520393
2015-08-12,38.7400016784668,39.36000061035156,38.5,39.279998779296875,33.312828063964844,11062300,32.85486393122477,33.38067651929962,32.65132180041286
2015-08-13,39.220001220703125,39.560001373291016,38.9900016784668,39.310001373291016,33.338260650634766,7785700,33.26193278391506,33.55028214316825,33.06687339900719
2015-08-14,39.33000183105469,39.5,39.18000030517578,39.40999984741211,33.42307662963867,7185000,33.355231416715924,33.49940451617181,33.22801719409667
2015-08-17,39.40999984741211,39.72999954223633,39.09000015258789,39.720001220703125,33.68597412109375,7631200,33.4230663185446,33.69445355689614,33.151679080193055
2015-08-18,39.52000045776367,40.029998779296875,39.5099983215332,39.83000183105469,33.779266357421875,9950600,33.51635853723194,33.948880966379214,33.5078758656693
2015-08-19,39.70000076293945,39.939998626708984,39.310001373291016,39.529998779296875,33.52485275268555,11112900,33.66902911608748,33.872568030640814,33.33827595354378
2015-08-20,39.189998626708984,39.5,38.599998474121094,38.630001068115234,32.76157760620117,13071200,33.23650390617208,33.49941184736511,32.7361328149936
2015-08-21,38.31999969482422,38.77000045776367,37.54999923706055,37.54999923706055,31.845630645751953,19411300,32.49865729483908,32.88029666575903,31.845630645751953
2015-08-24,35.72999954223633,36.599998474121094,35.13999938964844,36.08000183105469,30.598953247070312,32522300,30.30212112045156,31.039955247134717,29.80175010690958
2015-08-25,36.970001220703125,37.209999084472656,35.380001068115234,35.45000076293945,30.064653396606445,21393600,31.353744678463972,31.55728353417255,30.005287627425464
2015-08-26,36.029998779296875,37.02000045776367,35.599998474121094,36.90999984741211,31.302873611450195,20554300,30.55655656113778,31.39616364713842,30.191879095371107
2015-08-27,37.349998474121094,37.5099983215332,36.0099983215332,36.81999969482422,31.22652244567871,28218200,31.676006935495874,31.811700549508092,30.539571704946958
2015-08-28,36.86000061035156,37.4900016784668,36.779998779296875,37.459999084472656,31.769302368164062,21559100,31.260452036859835,31.79474714936333,31.192603600583798
2015-08-31,37.15999984741211,37.5099983215332,36.93000030517578,37.09000015258789,31.455516815185547,15352800,31.514882589478958,31.811711460946007,31.319823154630317
2015-09-01,36.33000183105469,36.54999923706055,35.88999938964844,36.0099983215332,30.53957748413086,19948700,30.810967998703067,30.997544731282535,30.43780806316101
2015-09-02,36.369998931884766,36.75,36.11000061035156,36.75,31.16716194152832,15049300,30.844888340769103,31.16716194152832,30.624387394054793
2015-09-03,36.810001373291016,37.27000045776367,36.77000045776367,36.900001525878906,31.294382095336914,11787800,31.218054207877376,31.6081730836963,31.184129983408223
2015-09-04,36.349998474121094,36.68000030517578,36.09000015258789,36.27000045776367,30.760086059570312,13147900,30.827931271500066,31.10780126308936,30.60743028873834
2015-09-08,36.72999954223633,37.81999969482422,36.72999954223633,37.68000030517578,31.95587921142578,18949600,31.150196902896568,32.07461072812018,31.150196902896568
2015-09-09,37.900001525878906,38.18000030517578,37.0099983215332,37.09000015258789,31.455516815185547,14710200,32.14246779154194,32.37993088871558,31.387668367311903
2015-09-10,37.029998779296875,37.939998626708984,37.029998779296875,37.61000061035156,31.89651107788086,16930600,31.404619705128923,32.17637774136414,31.404619705128923
2015-09-11,37.45000076293945,37.959999084472656,37.400001525878906,37.91999816894531,32.159427642822266,12948600,31.76082932265837,32.19335186778707,31.718425659048446
2015-09-14,37.810001373291016,37.939998626708984,37.369998931884766,37.560001373291016,31.854110717773438,15021500,32.06613221373393,32.17638106229566,31.692972310321043
2015-09-15,37.77000045776367,38.18000030517578,37.400001525878906,37.9900016784668,32.218788146972656,14877900,32.032208194123456,32.37992332022068,31.718417284033595
2015-09-16,38.2599983215332,38.52000045776367,37.93000030517578,38.27000045776367,32.45626449584961,19574000,32.44778182077418,32.66828608003844,32.16791501194509
2015-09-17,38.27000045776367,38.27000045776367,36.5,36.7400016784668,31.158681869506836,37299000,32.45625244781157,32.45625244781157,30.955139800757355
2015-09-18,36.290000915527344,36.97999954223633,36.2599983215332,36.380001068115234,30.853382110595703,34919800,30.777054210203204,31.362232623083923,30.75160941994393
2015-09-21,36.599998474121094,37.060001373291016,36.41999816894531,36.83000183105469,31.235015869140625,14964400,31.03995319885537,31.43007530423382,30.88729742614034
2015-09-22,36.34000015258789,36.4900016784668,35.970001220703125,36.189998626708984,30.692222595214844,19979700,30.819436753728226,30.94665091224161,30.505645927303107
2015-09-23,36.189998626708984,36.220001220703125,35.83000183105469,35.9900016784668,30.522621154785156,16991600,30.692235792146008,30.7176805759036,30.38692750378138
2015-09-24,35.849998474121094,36.22999954223633,35.38999938964844,36.060001373291016,30.581985473632812,18059500,30.403884936548746,30.726158555586174,30.01376611282494
2015-09-25,36.20000076293945,36.31999969482422,35.90999984741211,36.04999923706055,30.573511123657227,19387000,30.700725365462525,30.80249481779123,30.454779556741645
2015-09-28,35.720001220703125,36.13999938964844,35.400001525878906,35.439998626708984,30.056171417236328,21742700,30.293637734631055,30.64983235793536,30.022250430630102
2015-09-29,35.310001373291016,35.65999984741211,35.2400016784668,35.5099983215332,30.115543365478516,19785900,29.945928692078247,30.242757605721238,29.88656290934965
2015-09-30,35.88999938964844,36.189998626708984,35.779998779296875,36.119998931884766,30.63287925720215,16215000,30.43781977727736,30.692245045214353,30.344529757488814
2015-10-01,36.22999954223633,36.41999816894531,35.849998474121094,36.2400016784668,30.734636306762695,18331300,30.726153635540392,30.88728880166139,30.403880068107235
2015-10-02,35.709999084472656,36.90999984741211,35.63999938964844,36.88999938964844,31.285900115966797,18772800,30.28515811826161,31.30286222857782,30.225792341719114
2015-10-05,37.2599983215332,37.72999954223633,37.02000045776367,37.59000015258789,31.87956428527832,12741700,31.599694252166785,31.99829585016473,31.396155350987943
2015-10-06,37.52000045776367,37.849998474121094,37.5099983215332,37.72999954223633,31.998279571533203,12427300,31.820182314807823,32.10004897034901,31.811699644378507
2015-10-07,37.75,37.97999954223633,37.349998474121094,37.65999984741211,31.938926696777344,16335700,32.015254585461626,32.21031402650098,31.676018805711
2015-10-08,37.38999938964844,37.9900016784668,37.34000015258789,37.88999938964844,32.13397979736328,13247600,31.709936773940296,32.218790343162794,31.6675331186363
2015-10-09,37.97999954223633,38.20000076293945,37.65999984741211,38.099998474121094,32.44051742553711,14656400,32.33834347286628,32.525665092805625,32.0658774337098
2015-10-12,37.91999816894531,38.119998931884766,37.689998626708984,38.040000915527344,32.389427185058594,11022500,32.28724999975682,32.45754206054222,32.091415266671426
2015-10-13,37.90999984741211,38.20000076293945,37.7400016784668,37.81999969482422,32.20210647583008,11575600,32.27873774288091,32.525661075383674,32.133991598479895
2015-10-14,37.16999816894531,37.58000183105469,37.13999938964844,37.2599983215332,31.725282669067383,14069700,31.648651418135206,31.99775186530982,31.623108750507914
2015-10-15,37.54999923706055,37.66999816894531,37.2599983215332,37.54999923706055,31.97219467163086,12205500,31.97219467163086,32.0743685541491,31.72527147816671
2015-10-16,37.79999923706055,37.79999923706055,37.13999938964844,37.369998931884766,31.81893539428711,19694700,32.185062028511815,32.185062028511815,31.623100746593575
2015-10-19,36.86000061035156,37.099998474121094,36.56999969482422,36.869998931884766,31.393224716186523,18100500,31.384711573692098,31.589059474071504,31.13778821668661
2015-10-20,36.619998931884766,37.0,36.619998931884766,36.86000061035156,31.384695053100586,13678100,31.180344012238223,31.50389847358296,31.180344012238223
2015-10-21,36.97999954223633,37.119998931884766,36.56999969482422,36.619998931884766,31.18035125732422,11062600,31.48687626581731,31.60607971399787,31.137779061266926
2015-10-22,36.849998474121094,37.86000061035156,36.849998474121094,37.790000915527344,32.17654800415039,14701400,31.376176663923744,32.236149710586496,31.376176663923744
2015-10-23,38.119998931884766,38.15999984741211,37.790000915527344,38.06999969482422,32.41495895385742,16469100,32.45753114272093,32.49159019303166,32.176552097781915
2015-10-26,37.939998626708984,38.619998931884766,37.939998626708984,38.369998931884766,32.6703987121582,12330600,32.30427200359662,32.883262926528886,32.30427200359662
2015-10-27,38.33000183105469,38.45000076293945,38.040000915527344,38.34000015258789,32.644859313964844,14110500,32.63634617367981,32.73852009735257,32.3894228807577
2015-10-28,38.630001068115234,38.88999938964844,38.369998931884766,38.880001068115234,33.104652404785156,14020000,32.89178813333884,33.11316554650056,32.6704074721261
2015-10-29,38.529998779296875,38.90999984741211,38.529998779296875,38.86000061035156,33.08761215209961,11432900,32.8066298457712,33.13018434298423,32.8066298457712
2015-10-30,38.91999816894531,39.040000915527344,38.5,38.84000015258789,33.07058334350586,16471500,33.13869820078881,33.24087535878829,32.78108789194074
2015-11-02,39.04999923706055,39.779998779296875,38.900001525878906,39.75,33.84541702270508,19789700,33.2493964506825,33.87095969428935,33.12167984471033
2015-11-03,39.689998626708984,40.27000045776367,39.58000183105469,40.20000076293945,34.22855758666992,17153100,33.794312881247365,34.288159291641755,33.700655379184
2015-11-04,40.349998474121094,40.56999969482422,40.060001373291016,40.47999954223633,34.466976165771484,16863300,34.35628585532379,34.54360741945828,34.10936581393337
2015-11-05,40.15999984741211,40.599998474121094,40.150001525878906,40.349998474121094,34.35628890991211,16358800,34.194513247990166,34.56915316151764,34.18600010706826
2015-11-06,40.31999969482422,40.63999938964844,40.130001068115234,40.619998931884766,34.586177825927734,16481800,34.330741409545304,34.6032073534266,34.1689657703815
2015-11-09,40.40999984741211,40.5,39.779998779296875,40.099998474121094,34.1434211730957,14604900,34.40737398744167,34.48400524011951,33.870955218696814
2015-11-10,39.83000183105469,40.16999816894531,39.790000915527344,39.91999816894531,33.99016571044922,11294000,33.91353768994456,34.203029984431645,33.879478626575114
2015-11-11,39.2400016784668,39.599998474121094,38.97999954223633,39.040000915527344,33.240875244140625,18861500,33.41116725883571,33.71768898762685,33.18978666531709
2015-11-12,38.650001525878906,39.099998474121094,38.5099983215332,38.630001068115234,32.89178466796875,14591600,32.908814197656405,33.29196724745121,32.78960748984284
2015-11-13,38.47999954223633,38.599998474121094,37.220001220703125,37.29999923706055,31.75934410095215,23987600,32.7640635781062,32.866237504310696,31.691229232832672
2015-11-16,37.689998626708984,38.38999938964844,37.560001373291016,38.119998931884766,32.4575309753418,16741000,32.09140430651402,32.68742469167899,31.980717265649655
2015-11-17,38.22999954223633,38.52000045776367,37.970001220703125,38.130001068115234,32.466064453125,14820000,32.55120887523582,32.7981322466293,32.32983142891679
2015-11-18,38.189998626708984,38.72999954223633,38.150001525878906,38.70000076293945,32.95137405395508,11958900,32.517129329718806,32.976916714892695,32.483073531151796
2015-11-19,38.66999816894531,39.31999969482422,38.619998931884766,39.02000045776367,33.22384262084961,12306100,32.92583081090037,33.479278995056305,32.883258623207546
2015-11-20,39.25,39.58000183105469,39.20000076293945,39.34000015258789,33.49631881713867,12023200,33.41968755651381,33.700669928155214,33.37711535573349
2015-11-23,39.439998626708984,39.529998779296875,39.04999923706055,39.13999938964844,33.32603073120117,9111900,33.58146721432643,33.65809848406912,33.24939946145848
2015-11-24,38.779998779296875,39.619998931884766,38.779998779296875,39.459999084472656,33.59849166870117,13766300,33.0195006621567,33.734724655649835,33.0195006621567
2015-11-25,39.470001220703125,39.599998474121094,39.2400016784668,39.2599983215332,33.428192138671875,8014700,33.60700053304921,33.717687577128174,33.41116586115964
2015-11-27,39.13999938964844,39.34000015258789,39.08000183105469,39.18000030517578,33.360084533691406,6869900,33.326025475166055,33.49631751974221,33.27494013542862
2015-11-30,39.11000061035156,39.290000915527344,38.970001220703125,38.970001220703125,33.18128204345703,18969800,33.300485509926744,33.453748037688044,33.18128204345703
2015-12-01,39.09000015258789,39.279998779296875,38.90999984741211,39.22999954223633,33.40266418457031,12718200,33.28346070118926,33.44523639319907,33.130198151684674
2015-12-02,39.150001525878906,39.38999938964844,38.650001525878906,38.70000076293945,32.95137405395508,13694200,33.334530208266656,33.53887799186653,32.90880186970923
2015-12-03,38.959999084472656,38.959999084472656,37.75,37.810001373291016,32.19359588623047,20322500,33.17276965611096,33.17276965611096,32.14250728812969
2015-12-04,38.02000045776367,39.2400016784668,37.880001068115234,39.15999984741211,33.343048095703125,18206600,32.37238786520693,33.41116619863966,32.25318443311791
2015-12-07,39.15999984741211,39.2400016784668,38.5,38.81999969482422,33.05356216430664,13798500,33.343057688979094,33.41117581151419,32.781096170267965
2015-12-08,38.290000915527344,38.869998931884766,38.2599983215332,38.72999954223633,32.97692108154297,15219700,32.602281263302174,33.0961245124355,32.576735350932424
2015-12-09,38.630001068115234,39.349998474121094,38.33000183105469,38.58000183105469,32.84920883178711,17516100,32.891781027268706,33.50482778791436,32.63634460632882
2015-12-10,38.61000061035156,38.81999969482422,38.11000061035156,38.189998626708984,32.51714324951172,18358300,32.87475689597132,33.05356209517571,32.44902837516994
2015-12-11,37.619998931884766,37.849998474121094,37.029998779296875,37.209999084472656,31.68270492553711,20346800,32.03180206352908,32.22763672649533,31.529442450511393
2015-12-14,37.150001525878906,37.68000030517578,36.849998474121094,37.650001525878906,32.057350158691406,20142700,31.631621754183154,32.082892823585915,31.376182113038233
2015-12-15,38.099998474121094,38.529998779296875,37.95000076293945,38.209999084472656,32.5341682434082,19262900,32.440507462204216,32.806634198883216,32.31279087260365
2015-12-16,38.66999816894531,39.13999938964844,38.349998474121094,38.90999984741211,33.130184173583984,23478000,32.925833111112745,33.32601884909186,32.6533671931844
2015-12-17,38.09000015258789,38.20000076293945,36.540000915527344,36.93000030517578,31.444299697875977,42879900,32.43198945011258,32.525650217246636,31.112232067527877
2015-12-18,36.88999938964844,37.08000183105469,36.310001373291016,36.349998474121094,30.950462341308594,28726800,31.410249925954574,31.572028843543457,30.916406527966974
2015-12-21,36.720001220703125,36.84000015258789,36.099998474121094,36.41999816894531,31.010053634643555,15042300,31.26549326103813,31.367667162766097,30.737587731335797
2015-12-22,36.38999938964844,36.709999084472656,36.25,36.59000015258789,31.15480613708496,13924800,30.984514118209223,31.256980049190364,30.865310679411238
2015-12-23,36.65999984741211,37.220001220703125,36.650001525878906,36.93000030517578,31.444299697875977,12832300,31.21440597346962,31.6912229479476,31.205892834661938
2015-12-24,36.72999954223633,37.22999954223633,36.72999954223633,37.0099983215332,31.512413024902344,4953900,31.274006173245233,31.69973455008993,31.274006173245233
2015-12-28,36.83000183105469,36.86000061035156,36.470001220703125,36.790000915527344,31.325103759765625,10921900,31.35916281924368,31.384705489826878,31.05263778004255
2015-12-29,37.02000045776367,37.209999084472656,36.97999954223633,37.040000915527344,31.537965774536133,10708600,31.520936246003878,31.682711894984624,31.486877188939367
2015-12-30,37.08000183105469,37.15999984741211,36.83000183105469,36.91999816894531,31.435775756835938,9585600,31.572011929419865,31.640126767662707,31.359147781831165
2015-12-31,36.84000015258789,36.95000076293945,36.43000030517578,36.529998779296875,31.10371208190918,10332400,31.367664827106225,31.46132558340355,31.01856771148408
2016-01-04,36.0099983215332,36.0099983215332,35.36000061035156,35.75,30.565086364746094,18784400,30.78737646690977,30.78737646690977,30.231649580779585
2016-01-05,35.86000061035156,36.119998931884766,35.4900016784668,35.63999938964844,30.471036911010742,25340700,30.659130778331612,30.881420862167587,30.342793760835203
2016-01-06,35.5,36.13999938964844,35.36000061035156,35.81999969482422,30.624950408935547,18165700,30.35136093745707,30.898539880414027,30.231665951365706
2016-01-07,35.25,35.68000030517578,34.880001068115234,35.040000915527344,29.958059310913086,22591400,30.137601687154334,30.50523794028178,29.82126465357091
2016-01-08,35.130001068115234,35.279998779296875,34.61000061035156,34.650001525878906,29.6246337890625,21962200,30.03501791695492,30.16326112235954,29.59043429637735
2016-01-11,34.75,35.119998931884766,34.52000045776367,34.939998626708984,29.87256622314453,18726600,29.71012355623693,30.02646064924332,29.513481403209035
2016-01-12,35.31999969482422,35.54999923706055,34.9900016784668,35.369998931884766,30.240211486816406,18457300,30.197463747247564,30.39410595841901,29.915326056938436
2016-01-13,35.189998626708984,35.400001525878906,33.869998931884766,34.08000183105469,29.13729476928711,28322900,30.086305980855535,30.265851639504625,28.95774911063802
2016-01-14,34.189998626708984,35.09000015258789,34.0099983215332,34.790000915527344,29.74433135986328,19523600,29.231348708939453,30.000821054603488,29.077454239806645
2016-01-15,33.79999923706055,34.5099983215332,33.65999984741211,34.119998931884766,29.171489715576172,25425000,28.897900380910954,29.50492651335927,28.77820545467519
2016-01-19,34.540000915527344,34.75,34.2400016784668,34.54999923706055,29.53912353515625,21423100,29.5305752960409,29.71011767043996,29.274085723836265
2016-01-20,33.880001068115234,34.22999954223633,33.130001068115234,33.939998626708984,29.017602920532227,25278700,28.96630694522524,29.265544339325952,28.325081162344016
2016-01-21,33.90999984741211,34.560001373291016,33.59000015258789,34.119998931884766,29.171489715576172,20380300,28.991947326222522,29.54767749682244,28.71835799155731
2016-01-22,34.54999923706055,34.9900016784668,34.529998779296875,34.79999923706055,29.752880096435547,15892700,29.53913813703379,29.915326072904705,29.522038388908435
2016-01-25,34.58000183105469,34.939998626708984,34.29999923706055,34.34000015258789,29.35958480834961,16793600,29.564778448471397,29.872564016490674,29.3253853247556
2016-01-26,34.31999969482422,35.22999954223633,34.119998931884766,35.22999954223633,30.120506286621094,19728900,29.342485949381523,30.120506286621094,29.171491787709034
2016-01-27,35.029998779296875,35.54999923706055,34.72999954223633,34.90999984741211,29.84693145751953,20567600,29.94952669987401,30.39411043200203,29.693036963265833
2016-01-28,35.16999816894531,35.54999923706055,34.939998626708984,35.33000183105469,30.206008911132812,15472800,30.069210954919814,30.39409957804011,29.872568785027813
2016-01-29,35.650001525878906,36.310001373291016,35.5099983215332,36.310001373291016,31.043882369995117,19059300,30.47960374558428,31.043882369995117,30.35990551251488
2016-02-01,35.900001525878906,36.540000915527344,35.849998474121094,36.31999969482422,31.052427291870117,14144000,30.693342415397733,31.24052123370404,30.6505914202951
2016-02-02,35.849998474121094,35.939998626708984,35.25,35.349998474121094,30.223100662231445,17404500,30.650584424138213,30.727531631739122,30.137605214427005
2016-02-03,35.560001373291016,35.790000915527344,34.939998626708984,35.689998626708984,30.5137996673584,13855300,30.402656201380953,30.59929840439105,29.87257381610851
2016-02-04,35.70000076293945,36.540000915527344,35.65999984741211,36.45000076293945,31.1635684967041,16925900,30.522342820893083,31.240515708259124,30.488143335436977
2016-02-05,36.130001068115234,36.2400016784668,35.369998931884766,35.70000076293945,30.522336959838867,17312200,30.889973204290538,30.98402014051424,30.24019615116776
2016-02-08,35.130001068115234,35.70000076293945,34.47999954223633,35.61000061035156,30.445383071899414,20118800,30.034999199749933,30.52233025176751,29.479269204986895
2016-02-09,35.130001068115234,35.61000061035156,34.619998931884766,35.08000183105469,29.992267608642578,17819800,30.035015340109922,30.445399432793565,29.59897999939159
2016-02-10,35.41999816894531,36.13999938964844,35.13999938964844,35.20000076293945,30.094858169555664,13368700,30.282948811257786,30.89852648595435,30.04355894285017
2016-02-11,34.59000015258789,35.11000061035156,34.470001220703125,34.84000015258789,29.787073135375977,18889700,29.573331222309683,30.0179147928607,29.47073601724184
2016-02-12,35.2400016784668,35.54999923706055,34.90999984741211,35.540000915527344,30.38554573059082,15837900,30.12905613289745,30.39409397055565,29.846915292425212
2016-02-16,35.7599983215332,35.90999984741211,35.41999816894531,35.70000076293945,30.522336959838867,19676300,30.573632916730478,30.70187933184313,30.282943869058037
2016-02-17,35.970001220703125,36.77000045776367,35.970001220703125,36.630001068115234,31.317462921142578,13186500,30.753184456862645,31.43715785880159,30.753184456862645
2016-02-18,36.709999084472656,36.869998931884766,36.400001525878906,36.630001068115234,31.317462921142578,12866600,31.385858630615253,31.52265331100304,31.120820771925285
2016-02-19,36.52000045776367,36.790000915527344,36.41999816894531,36.779998779296875,31.44571876525879,13203400,31.22342854313473,31.454270270788804,31.13792979505336
2016-02-22,37.11000061035156,37.4900016784668,36.900001525878906,37.11000061035156,31.727840423583984,10109900,31.727840423583984,32.052728945590324,31.548298054096964
2016-02-23,37.11000061035156,37.11000061035156,36.380001068115234,36.54999923706055,31.24906349182129,9417100,31.727846496876296,31.727846496876296,31.10372057292243
2016-02-24,36.09000015258789,36.72999954223633,35.77000045776367,36.630001068115234,31.317462921142578,10978200,30.855779651792876,31.40295837334403,30.582190291017294
2016-02-25,36.790000915527344,37.29999923706055,36.5,37.290000915527344,31.881750106811523,11566000,31.45426620597933,31.890298349793103,31.206324760750256
2016-02-26,37.43000030517578,37.650001525878906,36.84000015258789,36.959999084472656,31.59960174560547,16551100,32.00143756167849,32.18953147753268,31.497006546704352
2016-02-29,37.0,37.33000183105469,36.630001068115234,36.779998779296875,31.44571876525879,22300200,31.633812749594053,31.915953726096948,31.317475535302364
2016-03-01,37.150001525878906,37.9900016784668,37.040000915527344,37.9900016784668,32.4802131652832,13030800,31.762040414309368,32.4802131652832,31.667993477887276
2016-03-02,37.7599983215332,37.88999938964844,37.43000030517578,37.7599983215332,32.2835693359375,12791200,32.2835693359375,32.39471601715572,32.00143177461983
2016-03-03,37.61000061035156,37.90999984741211,37.400001525878906,37.88999938964844,32.39472198486328,8832200,32.15533209947042,32.41182172831171,31.97578968542578
2016-03-04,38.0,38.15999984741211,37.77000045776367,37.88999938964844,32.39472198486328,10638400,32.488768943108354,32.625563629253215,32.29212678561528
2016-03-07,37.540000915527344,38.45000076293945,37.52000045776367,38.36000061035156,32.79655838012695,13011000,32.09548519360225,32.87350559627931,32.07838544985255
2016-03-08,38.11000061035156,38.45000076293945,37.939998626708984,38.150001525878906,32.61701583862305,12384400,32.58281635125396,32.87350547100592,32.43747016065667
2016-03-09,38.43000030517578,38.61000061035156,38.119998931884766,38.47999954223633,32.8991584777832,16786500,32.85641074276783,33.01030519797767,32.59136956736352
2016-03-10,38.77000045776367,38.77000045776367,37.5099983215332,38.04999923706055,32.531524658203125,17620600,33.147102527714,33.147102527714,32.06984125606997
2016-03-11,38.45000076293945,38.970001220703125,38.279998779296875,38.95000076293945,33.300994873046875,13143300,32.87351099344792,33.31809461960401,32.72816477843383
2016-03-14,38.90999984741211,38.939998626708984,38.54999923706055,38.70000076293945,33.08724594116211,14704500,33.26678834990592,33.292436333600044,32.95899949980654
2016-03-15,38.349998474121094,38.869998931884766,38.130001068115234,38.7400016784668,33.1214485168457,17502900,32.788008390504125,33.23259196418344,32.59991772346337
2016-03-16,39.54999923706055,40.95000076293945,39.529998779296875,40.220001220703125,34.38679504394531,49082300,33.81396510383346,35.01092094845009,33.796865361888386
2016-03-17,40.150001525878906,40.959999084472656,40.06999969482422,40.61000061035156,34.7202262878418,22163500,34.32694207052958,35.01946357026593,34.25854311372306
2016-03-18,40.869998931884766,41.4900016784668,40.650001525878906,41.47999954223633,35.464046478271484,34354000,34.94251585541662,35.472597978466126,34.754425249876796
2016-03-21,41.41999816894531,42.0,41.369998931884766,41.61000061035156,35.5752067565918,17275100,35.41276080518263,35.90864363998939,35.37001307218552
2016-03-22,41.31999969482422,41.75,41.189998626708984,41.380001068115234,35.378562927246094,11970500,35.32726369317398,35.69490005041706,35.216116983405826
2016-03-23,41.29999923706055,41.349998474121094,40.56999969482422,40.75,34.83993148803711,13666800,35.31016303988158,35.35291076978694,34.68603705122361
2016-03-24,40.599998474121094,41.06999969482422,40.34000015258789,40.970001220703125,35.028011322021484,11956200,34.7116710728075,35.11350674743847,34.48938100985848
2016-03-28,41.11000061035156,41.11000061035156,40.560001373291016,40.619998931884766,34.72877502441406,14647000,35.147710487253306,35.147710487253306,34.677479067515826
2016-03-29,40.40999984741211,40.79999923706055,40.369998931884766,40.70000076293945,34.79717254638672,15159200,34.54923122680316,34.88266797865058,34.51503174932094
2016-03-30,40.959999084472656,41.11000061035156,40.849998474121094,40.970001220703125,35.028011322021484,9803600,35.019459822614934,35.14770622218184,34.92541289779139
2016-03-31,41.130001068115234,41.2400016784668,40.79999923706055,40.90999984741211,34.97673034667969,10196500,35.16482429439845,35.25887126825783,34.88268337282031
2016-04-01,40.68000030517578,41.220001220703125,40.619998931884766,41.15999984741211,35.19047546386719,9574100,34.78009130020454,35.241774707366304,34.72879205670543
2016-04-04,41.150001525878906,41.279998779296875,40.900001525878906,41.06999969482422,35.113525390625,10243500,35.18192437642751,35.29306783619185,34.9681824379594
2016-04-05,40.849998474121094,41.060001373291016,40.459999084472656,40.529998779296875,34.6518440246582,9111300,34.92543346080325,35.104979178196146,34.591996539341686
2016-04-06,40.400001525878906,40.790000915527344,40.189998626708984,40.75,34.83993148803711,12516200,34.54069411725683,34.87413097653849,34.361148433345925
2016-04-07,40.59000015258789,40.59000015258789,39.810001373291016,39.970001220703125,34.173057556152344,12838600,34.70313657884391,34.70313657884391,34.036262864443465
2016-04-08,40.130001068115234,40.540000915527344,40.130001068115234,40.36000061035156,34.50648880004883,8011000,34.309846666546015,34.66038321086705,34.309846666546015
2016-04-11,40.59000015258789,41.08000183105469,40.380001068115234,40.38999938964844,34.532142639160156,10399600,34.7031368203469,35.12207240118229,34.52359439775005
2016-04-12,40.310001373291016,40.52000045776367,39.9900016784668,40.41999816894531,34.686607360839844,9245000,34.592213104663394,34.77242478500026,34.31760389455006
2016-04-13,40.81999969482422,41.38999938964844,40.630001068115234,41.310001373291016,35.45036315917969,12752300,35.029866018710294,35.51901381610555,34.86681784411174
2016-04-14,41.310001373291016,41.459999084472656,41.18000030517578,41.2400016784668,35.39030456542969,9150500,35.45037513813798,35.579096390969724,35.338814100136574
2016-04-15,41.119998931884766,41.380001068115234,41.02000045776367,41.02000045776367,35.20150375366211,10340300,35.287317908290376,35.510439948084134,35.20150375366211
2016-04-18,40.84000015258789,41.25,40.79999923706055,41.2400016784668,35.39030456542969,8849300,35.04704134401031,35.398884672844865,35.012714367148234
2016-04-19,41.40999984741211,41.4900016784668,40.970001220703125,41.060001373291016,35.23582458496094,9884400,35.53617734742229,35.60483127804179,35.15859054981379
2016-04-20,41.189998626708984,41.38999938964844,41.08000183105469,41.099998474121094,35.270164489746094,8481200,35.347398560396385,35.5190301922416,35.253004272802556
2016-04-21,41.029998779296875,41.29999923706055,40.880001068115234,40.9900016784668,35.17575454711914,11954100,35.21007823933149,35.441780348162915,35.081357027936
2016-04-22,40.790000915527344,41.43000030517578,40.66999816894531,40.70000076293945,34.92688751220703,15003300,35.004121545292875,35.55333988119243,34.90114065211208
2016-04-25,40.59000015258789,40.83000183105469,40.470001220703125,40.779998779296875,34.99553680419922,10876200,34.832488640080165,35.038447144819465,34.7295110245102
2016-04-26,40.81999969482422,40.849998474121094,40.43000030517578,40.650001525878906,34.88398742675781,8365800,35.02987214423525,35.05561573588417,34.69519235839863
2016-04-27,40.5099983215332,41.0,40.5099983215332,40.849998474121094,35.05562210083008,8742100,34.76384933929873,35.18434662964714,34.76384933929873
2016-04-28,40.36000061035156,40.970001220703125,40.16999816894531,40.33000183105469,34.609378814697266,9233800,34.63512240680056,35.15859727023579,34.472070927212414
2016-04-29,40.16999816894531,40.16999816894531,39.369998931884766,39.86000061035156,34.2060432434082,12883300,34.472069077132225,34.472069077132225,33.785546044554046
2016-05-02,39.900001525878906,40.43000030517578,39.83000183105469,40.29999923706055,34.5836296081543,10454200,34.24036973347683,34.695190622384466,34.18029917356827
2016-05-03,40.029998779296875,40.11000061035156,39.529998779296875,39.68000030517578,34.051578521728516,11439600,34.35193135520531,34.42058530205736,33.92285400818111
2016-05-04,39.38999938964844,39.56999969482422,39.130001068115234,39.290000915527344,33.71688461303711,9046200,33.8026987371108,33.957166779322655,33.579580050359795
2016-05-05,39.439998626708984,39.459999084472656,39.130001068115234,39.22999954223633,33.66543197631836,8962700,33.84564380338687,33.86280730219378,33.579617755886495
2016-05-06,38.970001220703125,39.41999816894531,38.970001220703125,39.40999984741211,33.81987380981445,7587400,33.44228695141799,33.828453915723415,33.44228695141799
2016-05-09,39.34000015258789,39.72999954223633,39.220001220703125,39.36000061035156,33.77696228027344,7949400,33.75979879711805,34.09447853464886,33.656821171785424
2016-05-10,39.58000183105469,40.060001373291016,39.58000183105469,40.02000045776367,34.343353271484375,9290200,33.96576636235921,34.377680246932265,33.96576636235921
2016-05-11,39.86000061035156,40.08000183105469,39.63999938964844,39.650001525878906,34.02583312988281,7180100,34.206044820443054,34.39483989070627,34.017249750179836
2016-05-12,39.88999938964844,40.029998779296875,39.59000015258789,39.81999969482422,34.17171096801758,10006700,34.23178151944185,34.35192262229041,33.97433583139502
2016-05-13,39.779998779296875,40.08000183105469,39.5099983215332,39.61000061035156,33.99149703979492,9392600,34.13738171960896,34.39483066403261,33.905679633787265
2016-05-16,39.77000045776367,40.099998474121094,39.459999084472656,39.970001220703125,34.300453186035156,7797100,34.128821547384554,34.41201096859701,33.86279234379605
2016-05-17,39.79999923706055,40.02000045776367,39.470001220703125,39.599998474121094,33.9829216003418,9483700,34.15455317884859,34.34334824256607,33.87136385687245
2016-05-18,39.59000015258789,39.79999923706055,39.15999984741211,39.470001220703125,33.871360778808594,10379700,33.97433840711453,34.154550075049876,33.605331692618485
2016-05-19,39.15999984741211,39.2400016784668,38.560001373291016,38.84000015258789,33.330718994140625,15124400,33.60532815646026,33.67398208383989,33.0904367955108
2016-05-20,39.08000183105469,39.58000183105469,38.95000076293945,39.40999984741211,33.81987380981445,16153200,33.53668448441714,33.965761799067714,33.42512346599995
2016-05-23,39.310001373291016,39.439998626708984,39.13999938964844,39.18000030517578,33.62250518798828,8904800,33.734066228138936,33.84562399468884,33.58817821046489
2016-05-24,39.41999816894531,40.08000183105469,39.25,39.900001525878906,34.24037170410156,11329800,33.82845459302168,34.39483980235647,33.68256987444771
2016-05-25,40.04999923706055,40.290000915527344,40.04999923706055,40.130001068115234,34.43773651123047,7972200,34.36908258885452,34.57504108238318,34.36908258885452
2016-05-26,40.11000061035156,40.20000076293945,39.91999816894531,39.95000076293945,34.28327560424805,7574000,34.42058020401556,34.49781424598477,34.25752874119172
2016-05-27,39.83000183105469,40.08000183105469,39.79999923706055,40.06999969482422,34.38625717163086,8240600,34.18030188520526,34.39484055149874,34.15455501920187
2016-05-31,40.08000183105469,40.220001220703125,39.95000076293945,40.20000076293945,34.49782180786133,12567400,34.394844153863104,34.51498529579447,34.28328311909801
2016-06-01,40.060001373291016,40.29999923706055,39.81999969482422,40.2599983215332,34.54929733276367,9268800,34.37766905858242,34.58362429703972,34.17171054652564
2016-06-02,38.70000076293945,39.04999923706055,38.08000183105469,38.65999984741211,33.17626190185547,51063400,33.21058887689652,33.51094172450442,32.678533858162304
2016-06-03,38.7400016784668,39.209999084472656,38.689998626708984,39.099998474121094,33.553836822509766,20740000,33.24490397827946,33.64823433335764,33.20199363800363
2016-06-06,39.189998626708984,39.63999938964844,39.119998931884766,39.439998626708984,33.84561538696289,16116900,33.631076742404964,34.01724695732922,33.571006183816735
2016-06-07,39.54999923706055,39.7400016784668,39.04999923706055,39.130001068115234,33.57958984375,20009500,33.94001319829474,34.10306466462685,33.51093590558912
2016-06-08,39.15999984741211,39.34000015258789,38.900001525878906,39.279998779296875,33.70831298828125,11671000,33.605335348771675,33.75980344483611,33.38221658423423
2016-06-09,39.189998626708984,39.209999084472656,38.75,39.04999923706055,33.51093292236328,12316100,33.63107402984961,33.64823751286189,33.25348722437835
2016-06-10,38.779998779296875,38.9900016784668,38.61000061035156,38.7400016784668,33.24491500854492,10441700,33.27923870911469,33.459453686708066,33.13335397929197
2016-06-13,38.5,38.88999938964844,38.380001068115234,38.619998931884766,33.141937255859375,13036300,33.038959597099996,33.37363944326853,32.935981938340625
2016-06-14,38.630001068115234,38.97999954223633,38.56999969482422,38.83000183105469,33.32215118408203,12092200,33.150519575909655,33.45087243501083,33.09902911137775
2016-06-15,38.79999923706055,38.91999816894531,38.40999984741211,38.439998626708984,32.98746109008789,14476100,33.296397264662275,33.39937489832042,32.96171750007334
2016-06-16,38.36000061035156,38.79999923706055,38.08000183105469,38.63999938964844,33.15909194946289,17916500,32.918809718223265,33.29639654925695,32.67852748698364
2016-06-17,39.4900016784668,39.959999084472656,38.91999816894531,39.68000030517578,34.051578521728516,34512400,33.88853030835545,34.29186078850995,33.39937912103553
2016-06-20,39.900001525878906,40.349998474121094,39.70000076293945,39.72999954223633,34.09447479248047,17149200,34.24036274648892,34.626529617500985,34.068731207372814
2016-06-21,39.93000030517578,40.119998931884766,39.75,39.9900016784668,34.31761169433594,20111100,34.26612122813682,34.42916946069958,34.1116531031402
2016-06-22,40.150001525878906,40.34000015258789,39.869998931884766,40.0099983215332,34.33477020263672,12643400,34.45491461779545,34.61796284225285,34.214629061078575
2016-06-23,40.400001525878906,40.869998931884766,40.2599983215332,40.83000183105469,35.0384635925293,15430000,34.66945675045224,35.07278729809856,34.54931232335664
2016-06-24,39.380001068115234,39.88999938964844,39.02000045776367,39.22999954223633,33.66543197631836,44204500,33.794156580568824,34.23181434253559,33.48522014924985
2016-06-27,38.869998931884766,38.880001068115234,38.18000030517578,38.47999954223633,33.02178955078125,22506100,33.3564693304878,33.365052709947,32.76434381820699
2016-06-28,38.720001220703125,39.189998626708984,38.58000183105469,39.130001068115234,33.57958984375,14750900,33.22774659467539,33.63107702377071,33.1076054764938
2016-06-29,39.7599983215332,40.70000076293945,39.4900016784668,40.54999923706055,34.79817581176758,23009700,34.120232747224854,34.92690033871644,33.888533836478025
2016-06-30,40.47999954223633,41.15999984741211,40.470001220703125,40.93000030517578,35.124271392822266,20100900,34.73810113123877,35.32164657683154,34.729521024803724
2016-07-01,40.779998779296875,41.04999923706055,40.689998626708984,40.86000061035156,35.193172454833984,11381600,35.124265988976106,35.35682038278475,35.046747857706556
2016-07-05,40.33000183105469,40.58000183105469,40.150001525878906,40.400001525878906,34.796958923339844,12501400,34.736667427957485,34.95199513593449,34.58163121536284
2016-07-06,40.20000076293945,40.56999969482422,40.02000045776367,40.529998779296875,34.90894317626953,12124300,34.624712178286195,34.9433964140983,34.46967589369834
2016-07-07,40.650001525878906,40.83000183105469,40.41999816894531,40.529998779296875,34.90894317626953,11676700,35.01230288975584,35.167339174343695,34.81419841506122
2016-07-08,40.880001068115234,41.18000030517578,40.7400016784668,40.869998931884766,35.201786041259766,14235600,35.210400992782695,35.468793682568354,35.08981795659215
2016-07-11,40.900001525878906,41.13999938964844,40.75,40.779998779296875,35.124271392822266,12912000,35.22763110751091,35.43434396560492,35.09843310697092
2016-07-12,41.22999954223633,41.58000183105469,41.060001373291016,41.41999816894531,35.675506591796875,13321000,35.5118586545869,35.8133195313101,35.365437334816086
2016-07-13,41.560001373291016,41.650001525878906,41.25,41.459999084472656,35.709957122802734,9612700,35.79609020347671,35.873608333262744,35.529082581848996
2016-07-14,41.56999969482422,41.869998931884766,41.5,41.66999816894531,35.89083480834961,9259800,35.8047050057704,36.06309769914938,35.744413486836685
2016-07-15,41.90999984741211,41.90999984741211,41.459999084472656,41.77000045776367,35.976959228515625,11666300,36.09754223733057,36.09754223733057,35.70995164782498
2016-07-18,41.709999084472656,41.84000015258789,41.58000183105469,41.63999938964844,35.864994049072266,8738900,35.92528556384428,36.03725692798135,35.813317485348335
2016-07-19,41.29999923706055,41.45000076293945,41.0099983215332,41.08000183105469,35.382652282714844,12723000,35.57213844076852,35.70133638613078,35.32235749874295
2016-07-20,41.47999954223633,41.5,41.25,41.25,35.52907943725586,11409700,35.72718057681094,35.74440719142105,35.52907943725586
2016-07-21,41.34000015258789,41.5099983215332,40.939998626708984,41.06999969482422,35.37405014038086,11424700,35.60660455483978,35.753025879327936,35.26207876623958
2016-07-22,41.119998931884766,41.209999084472656,40.95000076293945,41.08000183105469,35.382652282714844,10426300,35.4171022205899,35.49462033067921,35.270680949110236
2016-07-25,40.90999984741211,41.15999984741211,40.88999938964844,41.15999984741211,35.45157241821289,8974400,35.236244596604294,35.45157241821289,35.21901797659859
2016-07-26,41.060001373291016,41.2400016784668,40.810001373291016,40.939998626708984,35.2620735168457,11031900,35.365433209423664,35.52046946264968,35.15010544501431
2016-07-27,41.029998779296875,41.11000061035156,40.75,40.93000030517578,35.253475189208984,9566900,35.33960501330139,35.40851150108905,35.09843887732892
2016-07-28,41.349998474121094,41.400001525878906,40.720001220703125,41.189998626708984,35.477413177490234,17048600,35.61522286149673,35.65829105733292,35.0725990788948
2016-07-29,41.31999969482422,41.380001068115234,40.91999816894531,41.040000915527344,35.34821319580078,13230800,35.58937928557553,35.6410591415165,35.244853483918845
2016-08-01,40.90999984741211,41.27000045776367,40.90999984741211,41.150001525878906,35.44296646118164,12435400,35.23625027345133,35.54632291222562,35.23625027345133
2016-08-02,41.119998931884766,41.119998931884766,40.58000183105469,40.709999084472656,35.063968658447266,10268200,35.41710602329456,35.41710602329456,34.952000598460984
2016-08-03,40.619998931884766,40.849998474121094,40.599998474121094,40.709999084472656,35.063968658447266,12350500,34.98645054003491,35.18455166805747,34.96922392642765
2016-08-04,40.61000061035156,40.95000076293945,40.61000061035156,40.900001525878906,35.227630615234375,9142100,34.977849570023096,35.270695519598696,34.977849570023096
2016-08-05,41.06999969482422,41.220001220703125,40.959999084472656,41.130001068115234,35.42573165893555,9615300,35.374051802524775,35.50324980073092,35.27930704192581
2016-08-08,41.18000030517578,41.400001525878906,41.119998931884766,41.15999984741211,35.45157241821289,11427800,35.46879903821859,35.658288572639535,35.41711917820148
2016-08-09,41.09000015258789,41.27000045776367,41.04999923706055,41.099998474121094,35.3998908996582,9533700,35.391279232879725,35.54631552002557,35.356825994482506
2016-08-10,41.130001068115234,41.25,40.86000061035156,41.09000015258789,35.39127731323242,11077400,35.42573054976088,35.52908697370477,35.19317613165602
2016-08-11,41.130001068115234,41.40999984741211,41.130001068115234,41.279998779296875,35.55491638183594,9473700,35.425721705570474,35.66688772977853,35.425721705570474
2016-08-12,41.130001068115234,41.20000076293945,41.0,41.09000015258789,35.39127731323242,6301200,35.42573054976088,35.48602207086494,35.313759173864135
2016-08-15,41.0,41.63999938964844,41.0,41.38999938964844,35.649658203125,12774900,35.31374747238284,35.86498593161514,35.31374747238284
2016-08-16,41.29999923706055,41.45000076293945,41.2400016784668,41.31999969482422,35.589378356933594,8109100,35.5721517387361,35.70134973239656,35.520475169785094
2016-08-17,41.380001068115234,41.380001068115234,41.06999969482422,41.209999084472656,35.494632720947266,9876400,35.641057329180256,35.641057329180256,35.3740496821915
2016-08-18,40.95000076293945,41.33000183105469,40.95000076293945,41.13999938964844,35.434349060058594,8544600,35.27070108340277,35.59800032235653,35.27070108340277
2016-08-19,41.040000915527344,41.34000015258789,41.0099983215332,41.31999969482422,35.589378356933594,9109900,35.34821227345165,35.606604975131084,35.32237070333468
2016-08-22,41.11000061035156,41.38999938964844,41.11000061035156,41.220001220703125,35.50324249267578,9834700,35.40849775157926,35.649663793904296,35.40849775157926
2016-08-23,41.369998931884766,41.63999938964844,41.36000061035156,41.5,35.74441909790039,10631800,35.63244770845736,35.86500215469663,35.62383604110415
2016-08-24,41.349998474121094,41.470001220703125,40.97999954223633,41.06999969482422,35.37405014038086,9830300,35.61521622101614,35.71857592898106,35.296532002227885
2016-08-25,41.119998931884766,41.20000076293945,41.0,41.099998474121094,35.3998908996582,7567200,35.41711751885681,35.486023995651266,35.3137610893068
2016-08-26,41.11000061035156,41.58000183105469,41.06999969482422,41.2599983215332,35.537696838378906,9228200,35.40850213640913,35.813319430991974,35.37404890162733
2016-08-29,41.47999954223633,41.529998779296875,41.2599983215332,41.310001373291016,35.58075714111328,9168500,35.72717842803166,35.77024331914644,35.53768896435792
2016-08-30,41.38999938964844,41.400001525878906,41.150001525878906,41.310001373291016,35.58075714111328,6840300,35.64966030976881,35.65827525937612,35.44294751816163
2016-08-31,41.27000045776367,41.31999969482422,41.09000015258789,41.220001220703125,35.50324249267578,9694700,35.546307387999406,35.58937228332304,35.39127113632163
2016-09-01,40.97999954223633,41.2599983215332,40.779998779296875,41.15999984741211,35.45157241821289,10652500,35.29653612380336,35.5377022325996,35.12427320938812
2016-09-02,41.2599983215332,41.41999816894531,41.029998779296875,41.25,35.52907943725586,9020200,35.53769110174052,35.67550073298061,35.33958996218544
2016-09-06,41.369998931884766,41.369998931884766,41.06999969482422,41.25,35.52907943725586,8308300,35.63243583927573,35.63243583927573,35.37404319140566
2016-09-07,41.13999938964844,41.310001373291016,40.95000076293945,41.25,35.52907943725586,10415300,35.43433469972065,35.58075928108618,35.27068678938579
2016-09-08,40.93000030517578,41.0,40.599998474121094,40.720001220703125,35.072593688964844,16732100,35.25346825536882,35.31375977750348,34.96923397761269
2016-09-09,40.33000183105469,40.7400016784668,40.029998779296875,40.029998779296875,34.4782829284668,14477500,34.73667889182763,35.08981631802745,34.4782829284668
2016-09-12,39.959999084472656,40.75,39.68000030517578,40.68000030517578,35.03813171386719,14927200,34.41798674297515,35.098423220966055,34.17682071457968
2016-09-13,40.369998931884766,40.529998779296875,39.970001220703125,40.18000030517578,34.60746383666992,13395200,34.77111168517432,34.908921264346326,34.42658938006408
2016-09-14,40.02000045776367,40.560001373291016,40.02000045776367,40.25,34.66777801513672,11626900,34.469676820755794,34.93478568702841,34.469676820755794
2016-09-15,40.18000030517578,41.029998779296875,40.09000015258789,40.86000061035156,35.193172454833984,18403700,34.60748063760655,35.33959376632028,34.529962506337
2016-09-16,39.61000061035156,39.95000076293945,38.709999084472656,38.91999816894531,33.52223205566406,50703500,34.116538917123556,34.40938487165155,33.34135748289015
2016-09-19,39.130001068115234,39.54999923706055,39.04999923706055,39.22999954223633,33.78923797607422,19801900,33.70310817034521,34.06485729717682,33.63420169724882
2016-09-20,39.54999923706055,39.599998474121094,39.060001373291016,39.06999969482422,33.65141296386719,12121300,34.06484175691634,34.10790664013479,33.64280130147949
2016-09-21,39.189998626708984,39.58000183105469,39.189998626708984,39.5099983215332,34.030399322509766,10994000,33.75478003978217,34.09069412089488,33.75478003978217
2016-09-22,39.68000030517578,39.79999923706055,39.47999954223633,39.5099983215332,34.030399322509766,9679300,34.176823914631875,34.28018032424447,34.00456104151687
2016-09-23,39.38999938964844,39.41999816894531,39.029998779296875,39.22999954223633,33.78923797607422,14017300,33.92704763662552,33.95288592121592,33.61697507897472
2016-09-26,39.0,39.099998474121094,38.7599983215332,39.029998779296875,33.61696243286133,9840900,33.591124157990826,33.67725393131932,33.3844081021061
2016-09-27,38.900001525878906,39.4900016784668,38.86000061035156,39.29999923706055,33.849525451660156,10644600,33.50500298427851,34.01317666288444,33.470549751848026
2016-09-28,39.22999954223633,39.5,39.15999984741211,39.439998626708984,33.97011947631836,8103500,33.78924487596727,34.02179934169388,33.7289533425169
2016-09-29,39.25,39.619998931884766,39.08000183105469,39.119998931884766,33.69447708129883,8795200,33.806448403633986,34.12513247497569,33.660027146891004
2016-09-30,39.25,39.439998626708984,39.09000015258789,39.279998779296875,33.83229446411133,12861900,33.80645618594746,33.97010409038638,33.66864655967241
2016-10-03,39.20000076293945,39.2599983215332,38.86000061035156,38.9900016784668,33.582515716552734,10403500,33.76339022927838,33.81506678397681,33.47054437197186
2016-10-04,39.040000915527344,39.20000076293945,38.7599983215332,38.869998931884766,33.47916030883789,9199300,33.625584898999676,33.76339453851849,33.38441556561102
2016-10-05,39.11000061035156,39.34000015258789,38.88999938964844,39.150001525878906,33.7203369140625,8269200,33.685883675342666,33.88398486951919,33.49639414802527
2016-10-06,39.11000061035156,39.2400016784668,38.630001068115234,38.869998931884766,33.47916030883789,9789100,33.685876410936594,33.797847769808435,33.27244749238016
2016-10-07,38.84000015258789,39.0,38.61000061035156,38.709999084472656,33.470523834228516,11442000,33.58292899960532,33.72127254992661,33.384060352166614
2016-10-10,38.86000061035156,39.0,38.59000015258789,38.619998931884766,33.39269256591797,9475400,33.6002094609464,33.72125960872584,33.36675419092785
2016-10-11,38.560001373291016,38.650001525878906,37.810001373291016,38.0099983215332,32.865264892578125,14964000,33.34082387142466,33.41864231356592,32.69233795303751
2016-10-12,37.93000030517578,38.150001525878906,37.63999938964844,38.04999923706055,32.899845123291016,8944900,32.79608832031784,32.98631187440974,32.545339689627475
2016-10-13,37.86000061035156,38.189998626708984,37.619998931884766,38.029998779296875,32.8825569152832,14117600,32.73556836294906,33.0209004403382,32.52805142618165
2016-10-14,38.2599983215332,38.59000015258789,38.189998626708984,38.40999984741211,33.21112060546875,11601200,33.081422121043886,33.3667574674308,33.0208970412108
2016-10-17,38.540000915527344,38.540000915527344,38.209999084472656,38.290000915527344,33.10736846923828,9419000,33.32353044153934,33.32353044153934,33.038195054884376
2016-10-18,38.599998474121094,38.689998626708984,38.36000061035156,38.41999816894531,33.219764709472656,7121900,33.37540156711327,33.45321999593357,33.16788795583871
2016-10-19,38.52000045776367,38.63999938964844,38.310001373291016,38.349998474121094,33.15924072265625,8310900,33.30623255898546,33.40998936803758,33.12465731855187
2016-10-20,38.119998931884766,38.349998474121094,38.0099983215332,38.09000015258789,32.93443298339844,11197000,32.96037136046273,33.159239947484245,32.86525958006778
2016-10-21,37.9900016784668,38.119998931884766,37.77000045776367,37.93000030517578,32.79608917236328,13413400,32.84796922438237,32.96037105620297,32.657745665348436
2016-10-24,38.119998931884766,38.41999816894531,38.119998931884766,38.27000045776367,33.09006118774414,13550500,32.96036273960678,33.21975633751295,32.96036273960678
2016-10-25,38.27000045776367,38.43000030517578,38.099998474121094,38.36000061035156,33.167884826660156,11627100,33.090066405181524,33.22840989910253,32.94307458755785
2016-10-26,38.150001525878906,38.63999938964844,38.150001525878906,38.310001373291016,33.12466049194336,9723100,32.98631696716385,33.40999256876431,32.98631696716385
2016-10-27,38.40999984741211,38.560001373291016,38.150001525878906,38.220001220703125,33.046836853027344,7588900,33.2111187321119,33.340817209220795,32.98631177660833
2016-10-28,38.29999923706055,38.45000076293945,38.029998779296875,38.16999816894531,33.003597259521484,7803300,33.11600237089698,33.24570083005093,32.88254712344118
2016-10-31,38.310001373291016,38.5099983215332,38.20000076293945,38.41999816894531,33.219764709472656,10485300,33.124656228353956,33.297583138292964,33.02954444886587
2016-11-01,38.58000183105469,38.58000183105469,38.22999954223633,38.459999084472656,33.25435256958008,12018200,33.358112677202335,33.358112677202335,33.05548397752499
2016-11-02,38.459999084472656,38.4900016784668,37.97999954223633,38.029998779296875,32.8825569152832,9488400,33.25435575731286,33.28029743588992,32.83932518214786
2016-11-03,37.9900016784668,38.380001068115234,37.9900016784668,38.310001373291016,33.12466049194336,12393100,32.847973442384344,33.18518557788628,32.847973442384344
2016-11-04,38.310001373291016,38.58000183105469,38.16999816894531,38.279998779296875,33.098724365234375,14288900,33.1246660481111,33.358121403779506,33.00361255755054
2016-11-07,38.72999954223633,39.150001525878906,38.720001220703125,39.09000015258789,33.79907989501953,9506900,33.48780618450452,33.85095994622848,33.4791611584877
2016-11-08,39.15999984741211,39.349998474121094,38.97999954223633,39.130001068115234,33.83367156982422,7574700,33.85960995005731,34.023891855483264,33.70397307191912
2016-11-09,38.560001373291016,39.7400016784668,38.38999938964844,39.54999923706055,34.19682693481445,19497300,33.34082728206506,34.36111216190172,33.19383541037489
2016-11-10,39.650001525878906,40.060001373291016,39.29999923706055,39.58000183105469,34.22276306152344,26707200,34.283288146402754,34.63779362856866,33.98065942363641
2016-11-11,39.540000915527344,39.810001373291016,39.18000030517578,39.45000076293945,34.1103515625,12217700,34.18816998546783,34.42162525437132,33.876896293596516
2016-11-14,39.38999938964844,39.66999816894531,39.11000061035156,39.29999923706055,33.98066329956055,15417100,34.058481745905816,34.3005821130377,33.81638137877393
2016-11-15,38.88999938964844,39.220001220703125,38.68000030517578,39.16999816894531,33.868255615234375,13594300,33.62615526617951,33.91149064759693,33.44458000438836
2016-11-16,39.099998474121094,39.79999923706055,38.91999816894531,39.70000076293945,34.326515197753906,12597000,33.807724585915,34.41297865054241,33.65208773220025
2016-11-17,39.79999923706055,40.290000915527344,39.66999816894531,40.25,34.80207443237305,13316600,34.412982257306126,34.83666113646114,34.30057711820465
2016-11-18,40.279998779296875,40.4900016784668,39.66999816894531,39.86000061035156,34.464866638183594,12890600,34.82801718156874,35.00959575163137,34.30058142233502
2016-11-21,39.970001220703125,40.029998779296875,39.66999816894531,39.88999938964844,34.49080276489258,8073100,34.55997617722543,34.61185293810523,34.30057917934707
2016-11-22,40.09000015258789,40.119998931884766,39.810001373291016,40.09000015258789,34.66372299194336,10993100,34.66372299194336,34.68966136489635,34.4216227153984
2016-11-23,40.04999923706055,40.099998474121094,39.84000015258789,40.099998474121094,34.67238235473633,11070100,34.62915061581427,34.67238235473633,34.44757533331944
2016-11-25,40.040000915527344,40.349998474121094,40.040000915527344,40.27000045776367,34.81937026977539,4013100,34.62050165462836,34.888540384519196,34.62050165462836
2016-11-28,40.130001068115234,40.529998779296875,40.04999923706055,40.29999923706055,34.845306396484375,12118300,34.6983178506808,35.044174998767275,34.62914444204171
2016-11-29,40.34000015258789,40.7400016784668,40.130001068115234,40.54999923706055,35.06147766113281,10157400,34.87990236279428,35.22576290109004,34.69832706445576
2016-11-30,40.65999984741211,40.70000076293945,40.189998626708984,40.189998626708984,34.750186920166016,14374600,35.156572360082045,35.19115905674914,34.750186920166016
2016-12-01,40.11000061035156,40.18000030517578,38.459999084472656,38.70000076293945,33.46186447143555,22740200,34.68101751713861,34.74154258832913,33.25434758566164
2016-12-02,38.459999084472656,38.83000183105469,37.63999938964844,38.5,33.2889404296875,19120300,33.25435372594405,33.57427578801652,32.545342791051446
2016-12-05,38.599998474121094,39.11000061035156,38.540000915527344,38.970001220703125,33.695316314697266,13681500,33.375394344133795,33.816366444805105,33.32351760172682
2016-12-06,39.0099983215332,39.47999954223633,38.880001068115234,39.470001220703125,34.127647399902344,13524700,33.72990693219824,34.13629242603163,33.61750510067063
2016-12-07,39.5,40.369998931884766,39.4900016784668,40.31999969482422,34.86259460449219,15170600,34.15358376240794,34.90582632932773,34.144938736788504
2016-12-08,40.31999969482422,40.4900016784668,40.08000183105469,40.349998474121094,34.88854217529297,10109700,34.8626037932289,35.0095956544554,34.65509013997625
2016-12-09,40.40999984741211,40.77000045776367,40.279998779296875,40.52000045776367,35.0355224609375,11219100,34.940410693633694,35.25168436903926,34.82800557787747
2016-12-12,40.349998474121094,40.70000076293945,40.349998474121094,40.5099983215332,35.026878356933594,10891400,34.88853485101809,35.191163537837184,34.88853485101809
2016-12-13,40.470001220703125,41.0,40.470001220703125,40.7599983215332,35.2430419921875,12493100,34.9922966432416,35.45055891026186,34.9922966432416
2016-12-14,40.869998931884766,41.09000015258789,40.619998931884766,40.880001068115234,35.346797943115234,25102400,35.33814961926248,35.528373163593486,35.12198770011148
2016-12-15,40.95000076293945,41.13999938964844,40.7400016784668,40.86000061035156,35.32952117919922,17783500,35.40733963856017,35.5716215868241,35.225764332841514
2016-12-16,40.220001220703125,40.220001220703125,38.7599983215332,39.099998474121094,33.8077278137207,46224200,34.7761357289314,34.7761357289314,33.51374742845489
2016-12-19,39.029998779296875,39.189998626708984,38.59000015258789,38.900001525878906,33.634796142578125,15135100,33.74719796639039,33.8855414635486,33.36675417379759
2016-12-20,38.959999084472656,39.11000061035156,38.79999923706055,39.0,33.72127151489258,14006400,33.68668480378125,33.81638332126358,33.54834125770625
2016-12-21,39.060001373291016,39.060001373291016,38.61000061035156,38.83000183105469,33.574283599853516,11966400,33.77315224509533,33.77315224509533,33.38405998337423
2016-12-22,38.93000030517578,39.2400016784668,38.599998474121094,38.959999084472656,33.68667984008789,11226300,33.66074145976154,33.92878348382319,33.375406082692386
2016-12-23,38.790000915527344,39.02000045776367,38.630001068115234,38.779998779296875,33.531044006347656,8143600,33.53969233230584,33.738560950534975,33.40134880230428
2016-12-27,38.77000045776367,39.040000915527344,38.7599983215332,38.81999969482422,33.565643310546875,5073700,33.52241155964097,33.75586697257824,33.51376323043709
2016-12-28,38.869998931884766,38.91999816894531,38.630001068115234,38.68000030517578,33.44457244873047,8264100,33.6088543201367,33.65208604436264,33.40134072450453
2016-12-29,38.61000061035156,38.84000015258789,38.61000061035156,38.689998626708984,33.453224182128906,5711800,33.38405406917152,33.58292267918247,33.38405406917152
2016-12-30,38.75,38.86000061035156,38.34000015258789,38.45000076293945,33.24571228027344,10820200,33.505105989550806,33.6002177859055,33.150600483918744
2017-01-03,38.45000076293945,38.689998626708984,38.29999923706055,38.54999923706055,33.46271514892578,11051300,33.37591306018217,33.584239397681806,33.245706615779326
2017-01-04,38.54999923706055,38.91999816894531,38.54999923706055,38.7400016784668,33.62765121459961,9545500,33.4627225735902,33.78389434674764,33.4627225735902
2017-01-05,38.66999816894531,38.95000076293945,38.40999984741211,38.63999938964844,33.54084777832031,12064700,33.56688775000317,33.809939627100455,33.341200269078925
2017-01-06,38.75,38.75,38.380001068115234,38.45000076293945,33.37591552734375,14829700,33.63632512411159,33.63632512411159,33.31515339847417
2017-01-09,38.529998779296875,39.45000076293945,38.470001220703125,39.029998779296875,33.87936019897461,15587900,33.44534327278211,34.243936138845214,33.393263360862285
2017-01-10,39.0,39.06999969482422,38.65999984741211,38.65999984741211,33.55821228027344,11316600,33.853344130788265,33.91410627842761,33.55821228027344
2017-01-11,38.63999938964844,39.130001068115234,38.63999938964844,39.11000061035156,33.948829650878906,10403100,33.54085237835664,33.96619073814462,33.54085237835664
2017-01-12,39.029998779296875,39.31999969482422,38.59000015258789,39.20000076293945,34.026939392089844,11526900,33.879371864504236,34.131102563081896,33.49743803000839
2017-01-13,39.15999984741211,39.33000183105469,39.029998779296875,39.2599983215332,34.07902526855469,9455300,33.99222316279605,34.13979071613143,33.879377776279355
2017-01-17,39.06999969482422,39.279998779296875,38.88999938964844,39.099998474121094,33.94013214111328,11081400,33.914092177605816,34.096378544732715,33.75784577398638
2017-01-18,39.279998779296875,39.34000015258789,39.029998779296875,39.189998626708984,34.018245697021484,10394000,34.096368876679314,34.14845210021332,33.879360412217174
2017-01-19,39.119998931884766,39.380001068115234,39.099998474121094,39.209999084472656,34.03562927246094,12232400,33.9575060411559,34.18319684772092,33.94014495516717
2017-01-20,39.459999084472656,40.029998779296875,39.45000076293945,39.869998931884766,34.6085205078125,25439100,34.25262664005485,34.747405838857254,34.243947755552824
2017-01-23,39.7599983215332,40.09000015258789,39.43000030517578,39.68000030517578,34.443603515625,13251200,34.51304454224445,34.79949746918143,34.22659492659575
2017-01-24,39.849998474121094,40.20000076293945,39.75,40.099998474121094,34.80817413330078,12216500,34.591165558127365,34.89497955014299,34.50436345257322
2017-01-25,40.31999969482422,40.380001068115234,39.95000076293945,40.150001525878906,34.85157012939453,13164800,34.99913433566355,35.05121757326353,34.677962648681884
2017-01-26,40.209999084472656,40.25,39.95000076293945,40.130001068115234,34.8342170715332,10556500,34.903658093036206,34.938380259431725,34.677970634041394
2017-01-27,40.20000076293945,40.38999938964844,40.130001068115234,40.22999954223633,34.92101287841797,9232700,34.89497291396152,35.059898207664794,34.8342107893715
2017-01-30,40.11000061035156,40.25,39.810001373291016,40.22999954223633,34.92101287841797,10589600,34.81684970930471,34.93837395848475,34.55644013087784
2017-01-31,40.209999084472656,40.25,39.66999816894531,40.11000061035156,34.81685256958008,10766700,34.90365466575752,34.938376828743586,34.43491539930881
2017-02-01,40.220001220703125,40.220001220703125,39.709999084472656,39.84000015258789,34.58247756958008,11837000,34.91233144418298,34.91233144418298,34.46963221303144
2017-02-02,39.77000045776367,40.0,39.68000030517578,39.97999954223633,34.70401382446289,10120300,34.52172740089841,34.72137490927213,34.44360417490102
2017-02-03,40.06999969482422,40.43000030517578,39.95000076293945,40.43000030517578,35.094635009765625,12941200,34.78214206076202,35.094635009765625,34.67797884819043
2017-02-06,40.439998626708984,40.439998626708984,40.08000183105469,40.099998474121094,34.80817413330078,7871300,35.103305927988146,35.103305927988146,34.79081636122041
2017-02-07,40.15999984741211,40.29999923706055,40.040000915527344,40.06999969482422,34.782127380371094,8848700,34.86025058464876,34.98177483323904,34.75608741604101
2017-02-08,40.060001373291016,40.349998474121094,40.0099983215332,40.02000045776367,34.738739013671875,8883300,34.7734611863085,35.02518865970245,34.7300568148684
2017-02-09,40.02000045776367,40.45000076293945,40.02000045776367,40.22999954223633,34.92101287841797,10977100,34.73872650464791,35.11198144786515,34.73872650464791
2017-02-10,40.33000183105469,40.91999816894531,40.209999084472656,40.790000915527344,35.40711975097656,13168700,35.00782476927278,35.51996182540064,34.90365826955939
2017-02-13,40.88999938964844,41.189998626708984,40.79999923706055,41.09000015258789,35.66753387451172,12779800,35.49392633105636,35.75433599059516,35.41580310206587
2017-02-14,40.91999816894531,41.16999816894531,40.75,41.099998474121094,35.67620849609375,9623000,35.51996205679388,35.73697063234503,35.37239781483737
2017-02-15,40.959999084472656,41.47999954223633,40.88999938964844,41.40999984741211,35.945289611816406,9243600,35.55467362995212,36.006051729963396,35.49391151180513
2017-02-16,41.459999084472656,41.7400016784668,41.369998931884766,41.59000015258789,36.10153579711914,10132700,35.98869044494297,36.23174222742142,35.91056724901901
2017-02-17,41.540000915527344,42.060001373291016,41.5,42.060001373291016,36.50952911376953,18545300,36.05815081533819,36.50952911376953,36.02342864362303
2017-02-21,41.9900016784668,42.380001068115234,41.93000030517578,42.27000045776367,36.691810607910156,12394700,36.448762061206864,36.78729491162591,36.396678810646975
2017-02-22,42.2599983215332,42.52000045776367,42.130001068115234,42.5099983215332,36.90013885498047,11602800,36.68313026693091,36.90882105282388,36.570288185272695
2017-02-23,42.560001373291016,42.9900016784668,42.5,42.959999084472656,37.29075622558594,15484000,36.94354445984225,37.31679950870079,36.89146120490093
2017-02-24,42.7400016784668,43.189998626708984,42.68000030517578,43.16999816894531,37.47303009033203,11426700,37.09977847787239,37.4903911694932,37.04769524038889
2017-02-27,43.2599983215332,43.2599983215332,42.52000045776367,42.70000076293945,37.065067291259766,13876500,37.551164406514,37.551164406514,36.90882084384569
2017-02-28,42.619998931884766,42.75,42.41999816894531,42.59000015258789,36.96957778930664,14450300,36.995617756454486,37.10846313290811,36.82201024913069
2017-03-01,42.75,43.0,42.689998626708984,42.91999816894531,37.256019592285156,11402200,37.10845539417059,37.32546390524761,37.05637215944875
2017-03-02,42.83000183105469,42.93000030517578,42.630001068115234,42.88999938964844,37.22998046875,9431600,37.17790054414275,37.26470262601295,37.00429306911518
2017-03-03,42.77000045776367,42.88999938964844,42.59000015258789,42.689998626708984,37.056373596191406,8917100,37.12581791184634,37.22998107404152,36.969571512909965
2017-03-06,42.459999084472656,42.7400016784668,42.29999923706055,42.56999969482422,36.952213287353516,9196000,36.85672900159854,37.09978081387143,36.717843670851515
2017-03-07,42.58000183105469,42.75,42.52000045776367,42.599998474121094,36.978248596191406,9492900,36.960890829410076,37.10845502606083,36.90880759520489
2017-03-08,42.68000030517578,42.790000915527344,42.5099983215332,42.61000061035156,36.9869384765625,9217100,37.0477006067844,37.14318490035818,36.90013306818282
2017-03-09,42.630001068115234,42.630001068115234,42.25,42.439998626708984,36.83937454223633,10308400,37.00430317865007,37.00430317865007,36.67444921711066
2017-03-10,42.619998931884766,42.689998626708984,42.349998474121094,42.68000030517578,37.0477180480957,12244500,36.99563477854815,37.056396937375645,36.76126503251813
2017-03-13,42.75,42.779998779296875,42.529998779296875,42.58000183105469,36.960899353027344,12440800,37.108463583708144,37.13450355117232,36.917494992203274
2017-03-14,42.58000183105469,42.84000015258789,42.40999984741211,42.790000915527344,37.143184661865234,10291000,36.960898272369974,37.186585710132526,36.813330734715905
2017-03-15,42.900001525878906,43.20000076293945,42.63999938964844,43.04999923706055,37.36886978149414,18393200,37.23866664476926,37.49907622950654,37.01297590971944
2017-03-16,46.38999938964844,46.9900016784668,45.650001525878906,45.72999954223633,39.6952018737793,67535400,40.26810428886657,40.78892677340163,39.62576086261382
2017-03-17,45.25,45.97999954223633,45.11000061035156,45.65999984741211,39.63444137573242,31688700,39.278547486756956,39.91221205438217,39.15702322875866
2017-03-20,45.66999816894531,45.95000076293945,45.15999984741211,45.22999954223633,39.261192321777344,21452600,39.6431262346532,39.886178098563455,39.200430183621826
2017-03-21,45.310001373291016,45.400001525878906,44.709999084472656,44.84000015258789,38.92265319824219,21974500,39.330630327009494,39.40875353653328,38.80980782642168
2017-03-22,45.130001068115234,45.45000076293945,44.630001068115234,44.790000915527344,38.87925720214844,14339700,39.17438899743831,39.452159709324285,38.74037184620545
2017-03-23,44.68000030517578,45.060001373291016,44.66999816894531,44.95000076293945,39.01813507080078,16190500,38.78376545675426,39.11361935555538,38.77508326107433
2017-03-24,44.91999816894531,45.09000015258789,44.58000183105469,44.650001525878906,38.75773239135742,13110200,38.992098735834865,39.13966628707448,38.69697025593171
2017-03-27,44.5099983215332,44.93000030517578,44.36000061035156,44.84000015258789,38.92265319824219,8933100,38.63620032622575,39.000776407765976,38.50599718454453
2017-03-28,44.83000183105469,45.029998779296875,44.65999984741211,44.689998626708984,38.792449951171875,14008800,38.91397752925371,39.08758173250905,38.76640998294116
2017-03-29,44.52000045776367,44.72999954223633,44.470001220703125,44.52000045776367,38.644893646240234,10636200,38.644893646240234,38.827180083837035,38.60149258652032
2017-03-30,44.45000076293945,44.75,44.369998931884766,44.68000030517578,38.783756256103516,7792500,38.58410884956409,38.84451836629871,38.514664545748644
2017-03-31,44.5,44.849998474121094,44.459999084472656,44.61000061035156,38.72300338745117,10652800,38.6275191025602,38.93132972604288,38.592796942365766
2017-04-03,44.68000030517578,45.04999923706055,44.400001525878906,44.61000061035156,38.72300338745117,16044300,38.78376551214771,39.10493721572761,38.54071701336156
2017-04-04,44.61000061035156,44.7400016784668,44.380001068115234,44.59000015258789,38.70564270019531,9161300,38.72300378046874,38.83584914660225,38.523356324255595
2017-04-05,44.7400016784668,44.970001220703125,44.40999984741211,44.4900016784668,38.61883544921875,9445100,38.835843956705,39.0354913862379,38.54939113740537
2017-04-06,44.529998779296875,44.529998779296875,44.13999938964844,44.18000030517578,38.349754333496094,11557800,38.653565003639294,38.653565003639294,38.31503216796888
2017-04-07,44.09000015258789,44.38999938964844,43.9900016784668,44.290000915527344,38.44523239135742,13446600,38.271624903195,38.53203447979492,38.184822814757496
2017-04-10,44.209999084472656,44.45000076293945,43.959999084472656,44.0,38.358062744140625,11668600,38.5411345181955,38.75036177822569,38.323190979876514
2017-04-11,43.88999938964844,44.45000076293945,43.7599983215332,44.16999816894531,38.506256103515625,15422400,38.262160446933564,38.75035508565159,38.14882889542593
2017-04-12,44.33000183105469,44.40999984741211,44.029998779296875,44.18000030517578,38.514976501464844,8457000,38.645743934794474,38.715484127164025,38.38420906813522
2017-04-13,44.189998626708984,44.45000076293945,43.97999954223633,44.0,38.358062744140625,11838300,38.52369863606344,38.75036177822569,38.34062686200857
2017-04-17,44.119998931884766,44.36000061035156,44.0,44.290000915527344,38.61087417602539,10999300,38.462670855537375,38.67189809459276,38.35805889878676
2017-04-18,44.209999084472656,44.58000183105469,44.13999938964844,44.52000045776367,38.81137466430664,10446700,38.541123556455425,38.86368229582564,38.480099649126686
2017-04-19,44.439998626708984,44.540000915527344,44.08000183105469,44.189998626708984,38.523685455322266,10712000,38.74162891907267,38.828808299904836,38.427793124736894
2017-04-20,44.2599983215332,44.630001068115234,44.16999816894531,44.529998779296875,38.82009506225586,10880900,38.58471568375672,38.907274457378065,38.506255890923676
2017-04-21,44.59000015258789,44.7400016784668,44.400001525878906,44.43000030517578,38.73291778564453,11556000,38.87240148793942,39.00316891377066,38.7067656306998
2017-04-24,44.970001220703125,44.9900016784668,44.619998931884766,44.84000015258789,39.0903434753418,10848900,39.203675018327814,39.22111089613748,38.89855214498911
2017-04-25,44.97999954223633,44.97999954223633,44.599998474121094,44.720001220703125,38.98574447631836,12436800,39.21240431198206,39.21240431198206,38.881129174730724
2017-04-26,44.75,45.040000915527344,44.63999938964844,44.689998626708984,38.95957946777344,10122400,39.011887105785085,39.26470236784379,38.91599143220737
2017-04-27,44.880001068115234,44.939998626708984,44.650001525878906,44.77000045776367,39.02932357788086,8221000,39.12521925291499,39.17752356616706,38.92471162582272
2017-04-28,44.7400016784668,44.959999084472656,44.52000045776367,44.959999084472656,39.19496154785156,12962700,39.00317351305143,39.19496154785156,38.81138215269712
2017-05-01,45.0099983215332,45.18000030517578,44.869998931884766,45.04999923706055,39.27341842651367,9118300,39.238546668033,39.386749978798875,39.1164988389046
2017-05-02,45.0,45.349998474121094,44.970001220703125,45.130001068115234,39.34317398071289,11649600,39.22984239375333,39.53496205992721,39.20369022966841
2017-05-03,45.04999923706055,45.15999984741211,44.77000045776367,44.88999938964844,39.13394546508789,10695900,39.27342921176158,39.36932491114128,39.02933348647134
2017-05-04,44.959999084472656,45.779998779296875,44.95000076293945,45.470001220703125,39.63957214355469,15505200,39.19496545937299,39.90982000496464,39.186249181011654
2017-05-05,45.709999084472656,45.779998779296875,45.36000061035156,45.58000183105469,39.735469818115234,8443400,39.848798070245934,39.90982199848698,39.5436784290407
2017-05-08,45.47999954223633,45.709999084472656,45.41999816894531,45.560001373291016,39.71803283691406,7559600,39.648289306249765,39.84879696857774,39.595981658251546
2017-05-09,45.5,45.68000030517578,45.380001068115234,45.47999954223633,39.64828109741211,6530600,39.66571697646823,39.822636562419454,39.561105027685386
2017-05-10,45.52000045776367,45.560001373291016,45.290000915527344,45.529998779296875,39.69187545776367,6906100,39.68315917962349,39.718030943293066,39.482651526855044
2017-05-11,45.40999984741211,45.40999984741211,44.970001220703125,45.15999984741211,39.36931610107422,8996400,39.58725961432763,39.58725961432763,39.2036802282011
2017-05-12,45.0099983215332,45.150001525878906,44.91999816894531,45.08000183105469,39.29958724975586,7965100,39.23855998891992,39.36061118503675,39.160100168479474
2017-05-15,45.2400016784668,45.36000061035156,45.09000015258789,45.31999969482422,39.50880432128906,9694000,39.43906411838439,39.543676085518634,39.30829666530073
2017-05-16,45.36000061035156,45.369998931884766,45.150001525878906,45.290000915527344,39.482643127441406,7944500,39.543667038103926,39.552383314389836,39.36059530611637
2017-05-17,45.290000915527344,45.290000915527344,44.20000076293945,44.22999954223633,38.55857849121094,18489200,39.482660484786436,39.482660484786436,38.53242632530249
2017-05-18,44.060001373291016,44.40999984741211,43.599998474121094,44.16999816894531,38.506256103515625,12777600,38.4103637566826,38.71548332741018,38.009345188014194
2017-05-19,44.209999084472656,44.52000045776367,44.16999816894531,44.310001373291016,38.628318786621094,11519200,38.54113936499743,38.81139058369845,38.50626759634796
2017-05-22,44.33000183105469,44.650001525878906,44.279998779296875,44.630001068115234,38.90727615356445,9805800,38.64574460790397,38.924712033349024,38.60215324566553
2017-05-23,44.68000030517578,44.84000015258789,44.52000045776367,44.560001373291016,38.846256256103516,6873700,38.95086822007999,39.09035194723341,38.811384492926564
2017-05-24,44.650001525878906,44.880001068115234,44.5,44.83000183105469,39.08163070678711,7653600,38.92471111797023,39.12521874244647,38.79394368543819
2017-05-25,44.9900016784668,45.29999923706055,44.83000183105469,45.20000076293945,39.4041862487793,7597600,39.22111450327131,39.49136232029149,39.08163079351942
2017-05-26,45.209999084472656,45.45000076293945,45.060001373291016,45.2599983215332,39.45649337768555,6899700,39.41290533881834,39.62213258115682,39.282141222216715
2017-05-30,45.11000061035156,45.459999084472656,45.11000061035156,45.41999816894531,39.59597396850586,10769800,39.32572615355172,39.630845727065726,39.32572615355172
2017-05-31,45.41999816894531,45.54999923706055,45.2599983215332,45.38999938964844,39.56982421875,14757600,39.59597637648334,39.709307935918055,39.45649265931529
2017-06-01,45.52000045776367,45.79999923706055,45.36000061035156,45.790000915527344,39.91853713989258,8138900,39.68315773204085,39.92725341771481,39.54367400800511
2017-06-02,45.880001068115234,46.06999969482422,45.47999954223633,45.65999984741211,39.805198669433594,11794600,39.99699000379344,40.16262585811549,39.648279091421664
2017-06-05,45.689998626708984,46.0,45.66999816894531,45.91999816894531,40.0318603515625,8617300,39.83135273129098,40.1016038675981,39.81391685228208
2017-06-06,45.72999954223633,45.84000015258789,45.599998474121094,45.61000061035156,39.7616081237793,7449500,39.8662200606577,39.96211572177687,39.75288852246654
2017-06-07,45.619998931884766,45.650001525878906,45.13999938964844,45.400001525878906,39.578548431396484,7688700,39.77033648636871,39.79649197270251,39.35188528612768
2017-06-08,45.400001525878906,45.86000061035156,45.310001373291016,45.41999816894531,39.59597396850586,12889500,39.57854141477986,39.979556661556536,39.500081620797125
2017-06-09,45.400001525878906,45.66999816894531,44.68000030517578,45.029998779296875,39.2559814453125,12188400,39.578540213873175,39.813916263125584,38.95086188105654
2017-06-12,44.650001525878906,44.849998474121094,43.7400016784668,44.849998474121094,39.09906005859375,16189900,38.924707930234845,39.09906005859375,38.13139377420856
2017-06-13,45.06999969482422,45.2400016784668,44.619998931884766,44.97999954223633,39.21240234375,10705800,39.29086215322513,39.4390654935913,38.89856310584948
2017-06-14,45.15999984741211,45.279998779296875,44.4900016784668,44.810001373291016,39.06419372558594,12024600,39.36931329214938,39.47392523989201,38.785226314569684
2017-06-15,44.54999923706055,44.81999969482422,44.369998931884766,44.68000030517578,38.95085906982422,10394600,38.83752752889993,39.072906886717945,38.68060795702126
2017-06-16,44.75,45.099998474121094,44.529998779296875,45.09000015258789,39.30830383300781,15930900,39.01190043411746,39.31702011287735,38.820109021436906
2017-06-19,45.27000045776367,45.75,45.209999084472656,45.72999954223633,39.866233825683594,12787700,39.46521849122574,39.88366970877585,39.41291084194898
2017-06-20,45.7599983215332,46.31999969482422,45.599998474121094,45.84000015258789,39.96212387084961,15299600,39.89238034833957,40.38057502924727,39.752896628873685
2017-06-21,46.150001525878906,46.540000915527344,46.08000183105469,46.33000183105469,40.38929748535156,30757300,40.2323778741737,40.572369256540924,40.171353950443915
2017-06-22,46.33000183105469,51.849998474121094,46.33000183105469,50.29999923706055,43.850223541259766,63193900,40.38928365354474,45.20147232982454,40.38928365354474
2017-06-23,50.2400016784668,51.84000015258789,50.06999969482422,50.95000076293945,44.41688537597656,42812500,43.797926642319204,45.19276369359689,43.649723334996914
2017-06-26,50.9900016784668,51.70000076293945,50.77000045776367,50.86000061035156,44.33842849731445,29453400,44.45176005441295,45.07071882873987,44.25996870017766
2017-06-27,50.75,51.45000076293945,50.52000045776367,50.75,44.24253845214844,17876400,44.24253845214844,44.85278102694414,44.042030795175684
2017-06-28,51.06999969482422,51.09000015258789,50.810001373291016,50.869998931884766,44.34714889526367,15981600,44.521504385719226,44.53894026732022,44.294844576015066
2017-06-29,50.7599983215332,50.88999938964844,49.97999954223633,50.20000076293945,43.76306915283203,13929100,44.25126061716858,44.36459220377025,43.57127774866842
2017-06-30,50.18000030517578,50.52000045776367,50.08000183105469,50.13999938964844,43.71075439453125,13146400,43.74562615790293,44.04202949545344,43.65845007502812
2017-07-03,50.04999923706055,50.130001068115234,49.31999969482422,49.36000061035156,43.03074645996094,10883200,43.632269061186534,43.70201254712411,42.99587471699215
2017-07-05,49.79999923706055,50.029998779296875,49.40999984741211,49.459999084472656,43.117942810058594,15775300,43.41434611386089,43.614853742086844,43.07435477358408
2017-07-06,49.25,49.41999816894531,48.77000045776367,48.849998474121094,42.586151123046875,14411900,42.934861992291886,43.083061950111365,42.51641094452986
2017-07-07,48.83000183105469,49.439998626708984,48.83000183105469,49.349998474121094,43.02204132080078,10889400,42.568721812059316,43.10050110607403,42.568721812059316
2017-07-10,49.27000045776367,49.83000183105469,49.220001220703125,49.619998931884766,43.257442474365234,10098500,42.95232278096919,43.44051761595811,42.908734728420505
2017-07-11,49.529998779296875,49.88999938964844,49.40999984741211,49.880001068115234,43.48409652709961,9751100,43.178973572292534,43.49281280555488,43.0743616030566
2017-07-12,50.02000045776367,50.47999954223633,49.959999084472656,50.45000076293945,43.98099899291992,14461400,43.606135906638585,44.00715114875921,43.55382826940611
2017-07-13,50.54999923706055,50.68000030517578,50.25,50.349998474121094,43.89381408691406,11959900,44.068169530245754,44.181501067244376,43.806638028024956
2017-07-14,50.27000045776367,50.650001525878906,50.27000045776367,50.560001373291016,44.07688903808594,9875900,43.82407381206827,44.1553488211413,43.82407381206827
2017-07-17,50.310001373291016,50.58000183105469,50.2400016784668,50.439998626708984,44.138160705566406,8093600,44.02440495975228,44.260672285680386,43.963150838744916
2017-07-18,50.34000015258789,50.70000076293945,50.15999984741211,50.45000076293945,44.14689636230469,14104800,44.050638969409896,44.365661950484494,43.8931274788726
2017-07-19,50.459999084472656,51.099998474121094,50.36000061035156,51.0,44.628177642822266,13312800,44.15564319604891,44.71568253825535,44.06813830061583
2017-07-20,51.13999938964844,51.2599983215332,50.84000015258789,51.130001068115234,44.741947174072266,8772500,44.75069633042906,44.85570289720344,44.488178244443816
2017-07-21,50.869998931884766,51.150001525878906,50.650001525878906,50.79999923706055,44.45317840576172,8791900,44.51443251932674,44.75945231168565,44.32192102159331
2017-07-24,50.79999923706055,50.900001525878906,50.61000061035156,50.7599983215332,44.41816711425781,7639100,44.45317041231472,44.54067865745699,44.286909753691745
2017-07-25,50.90999984741211,51.22999954223633,50.790000915527344,51.16999816894531,44.77693557739258,10536200,44.54942085176987,44.82944051627369,44.44441431210536
2017-07-26,51.150001525878906,51.189998626708984,51.02000045776367,51.16999816894531,44.77693557739258,5724500,44.75943726919659,44.79443722368628,44.64567823733638
2017-07-27,51.29999923706055,51.36000061035156,50.189998626708984,50.45000076293945,44.14689636230469,16508800,44.89069802687685,44.94320296975527,43.91937828126283
2017-07-28,50.189998626708984,50.4900016784668,50.040000915527344,50.29999923706055,44.01563262939453,8996400,43.919375243158306,44.18189660129264,43.78811790218887
2017-07-31,50.47999954223633,50.5,49.900001525878906,49.93000030517578,43.691871643066406,10066600,44.17315535871948,44.19065700959214,43.66562083580671
2017-08-01,50.150001525878906,50.220001220703125,49.81999969482422,50.15999984741211,43.893131256103516,6066200,43.884382100586514,43.94563620350026,43.59560989705181
2017-08-02,50.2599983215332,50.310001373291016,49.58000183105469,49.77000045776367,43.551856994628906,8720700,43.980635710608105,44.02439150203711,43.38559633673263
2017-08-03,49.91999816894531,50.40999984741211,49.72999954223633,50.22999954223633,43.95438766479492,9490100,43.683117096162036,44.1118991771497,43.516856427831286
2017-08-04,50.18000030517578,50.209999084472656,49.869998931884766,49.959999084472656,43.71812057495117,7025300,43.91063538819353,43.93688619432715,43.63936481845189
2017-08-07,50.0,50.09000015258789,49.529998779296875,49.63999938964844,43.4380989074707,8280300,43.753121919386004,43.83187767236483,43.341841505152324
2017-08-08,49.540000915527344,49.83000183105469,48.970001220703125,49.099998474121094,42.96556091308594,14684300,43.35059049120519,43.604359378947784,42.851805208730724
2017-08-09,48.97999954223633,49.38999938964844,48.86000061035156,49.060001373291016,42.930572509765625,15872400,42.8605658992302,43.21934143297695,42.75555932152599
2017-08-10,48.959999084472656,48.959999084472656,48.04999923706055,48.099998474121094,42.09049987792969,13391100,42.84305407196978,42.84305407196978,42.04674742578511
2017-08-11,48.18000030517578,48.439998626708984,47.97999954223633,48.2400016784668,42.2130126953125,11704600,42.160507748290485,42.388022509189426,41.98549459631533
2017-08-14,48.47999954223633,48.959999084472656,48.470001220703125,48.849998474121094,42.746803283691406,9229100,42.423031082043686,42.84306069615121,42.414281925501264
2017-08-15,48.88999938964844,49.060001373291016,48.77000045776367,48.83000183105469,42.729305267333984,10663500,42.78180688315037,42.930569250193656,42.676800313418944
2017-08-16,48.970001220703125,49.31999969482422,48.7599983215332,49.25,43.09683609008789,9881200,42.85181961299587,43.15809020936089,42.66805391707771
2017-08-17,49.16999816894531,49.310001373291016,48.54999923706055,48.54999923706055,42.484275817871094,9661600,43.02681353245197,43.14932506370382,42.484275817871094
2017-08-18,48.45000076293945,48.880001068115234,48.310001373291016,48.619998931884766,42.545536041259766,10248400,42.396777024750044,42.77305415110784,42.27426881395418
2017-08-21,48.650001525878906,48.959999084472656,48.540000915527344,48.900001525878906,42.790550231933594,7293400,42.571784644527185,42.843051836528446,42.475527251972686
2017-08-22,49.119998931884766,49.349998474121094,48.9900016784668,49.2599983215332,43.10557174682617,9233000,42.98306354665101,43.184327495238506,42.86930783968727
2017-08-23,49.060001373291016,49.43000030517578,48.939998626708984,49.06999969482422,42.939308166503906,6895400,42.930559011987256,43.25433113866924,42.82554912920023
2017-08-24,49.06999969482422,49.2599983215332,48.880001068115234,49.189998626708984,43.044315338134766,7365500,42.93930879191619,43.105569434937095,42.773048148895285
2017-08-25,49.439998626708984,49.439998626708984,49.150001525878906,49.2400016784668,43.08808135986328,7853300,43.26309119909634,43.26309119909634,43.00932559696892
2017-08-28,49.38999938964844,49.38999938964844,49.040000915527344,49.2400016784668,43.08808135986328,6211300,43.21933873928807,43.21933873928807,42.91306818253152
2017-08-29,48.880001068115234,49.56999969482422,48.75,49.45000076293945,43.27183532714844,7245900,42.773050037959045,43.376841878004605,42.65929099397432
2017-08-30,49.5,49.95000076293945,49.36000061035156,49.79999923706055,43.57810592651367,6957400,43.3155878797108,43.70936661896415,43.193079680409326
2017-08-31,49.880001068115234,50.52000045776367,49.84000015258789,50.33000183105469,44.04188919067383,12958100,43.64811046990952,44.208149833619686,43.613107175153154
2017-09-01,50.349998474121094,50.880001068115234,50.349998474121094,50.619998931884766,44.2956657409668,8716800,44.059398449790024,44.52318387532906,44.059398449790024
2017-09-05,50.529998779296875,51.08000183105469,50.470001220703125,50.93000030517578,44.56692886352539,15610700,44.216902563852756,44.698189560427174,44.16440095557059
2017-09-06,51.08000183105469,51.22999954223633,50.79999923706055,51.0099983215332,44.636924743652344,15615600,44.698182173354766,44.82943951046604,44.45316246883798
2017-09-07,51.189998626708984,51.779998779296875,51.029998779296875,51.72999954223633,45.266971588134766,11516800,44.79443715324104,45.31072403475136,44.65442732120932
2017-09-08,51.79999923706055,51.880001068115234,51.380001068115234,51.58000183105469,45.1357307434082,10356500,45.32824224649524,45.398248857144296,44.960717554884496
2017-09-11,51.880001068115234,52.61000061035156,51.810001373291016,52.4900016784668,45.93203353881836,16526300,45.39824486292922,46.03704010745436,45.33699075305
2017-09-12,52.63999938964844,52.88999938964844,52.470001220703125,52.77000045776367,46.17703628540039,13352400,46.06327725588697,46.28204282289867,45.91451827260588
2017-09-13,52.52000045776367,52.97999954223633,52.45000076293945,52.79999923706055,46.20328903198242,14463000,45.958272654797035,46.36080051391525,45.89701856050069
2017-09-14,52.7599983215332,53.13999938964844,52.31999969482422,52.790000915527344,46.19454574584961,21901600,46.16829160346052,46.500816256237286,45.783265342101984
2017-09-15,50.650001525878906,50.70000076293945,48.47999954223633,48.7400016784668,42.65053939819336,66367900,44.321908313606905,44.36566076245166,42.42302132324403
2017-09-18,48.880001068115234,49.060001373291016,48.09000015258789,48.33000183105469,42.291770935058594,29434700,42.773054627733224,42.93056613996833,42.08175447271231
2017-09-19,48.4900016784668,48.5,47.880001068115234,48.040000915527344,42.03800964355469,23070700,42.43178849558508,42.440537653141746,41.89799975595488
2017-09-20,48.0,48.189998626708984,47.689998626708984,47.970001220703125,41.976749420166016,21257300,42.00300022711643,42.16926090129996,41.73172964893416
2017-09-21,47.81999969482422,48.189998626708984,47.81999969482422,47.970001220703125,41.976749420166016,15656300,41.84548870921686,42.16926090129996,41.84548870921686
2017-09-22,47.91999816894531,48.43000030517578,47.91999816894531,48.15999984741211,42.14300537109375,15341900,41.9329889247328,42.379272621463016,41.9329889247328
2017-09-25,48.52000045776367,48.540000915527344,47.63999938964844,47.970001220703125,41.976749420166016,15663600,42.458033130148685,42.47553478081514,41.68797719131729
2017-09-26,48.099998474121094,48.209999084472656,47.88999938964844,47.91999816894531,41.93299102783203,18679900,42.09050253597801,42.1867599396337,41.906740222507146
2017-09-27,48.04999923706055,48.36000061035156,47.95000076293945,48.15999984741211,42.14300537109375,14499200,42.046747972265734,42.31801852004485,41.95924306683927
2017-09-28,48.20000076293945,48.25,48.0099983215332,48.08000183105469,42.073001861572266,12997700,42.17800841507272,42.22176086752306,42.011744422424
2017-09-29,48.189998626708984,48.75,47.959999084472656,48.349998474121094,42.30928039550781,44896600,42.169270496417106,42.65930681228422,41.968006475105426
2017-10-02,48.720001220703125,49.0,48.56999969482422,48.79999923706055,42.70305252075195,26097300,42.63304925133648,42.87806570143881,42.50178853129665
2017-10-03,48.95000076293945,48.959999084472656,48.540000915527344,48.689998626708984,42.60678482055664,12710800,42.83430290196361,42.84305205674173,42.4755274702969
2017-10-04,48.9900016784668,49.189998626708984,48.7599983215332,48.900001525878906,42.790550231933594,15204500,42.869305976923826,43.04431577637059,42.66803869898372
2017-10-05,48.959999084472656,49.029998779296875,48.5,48.90999984741211,42.7993049621582,13886100,42.84305741771956,42.90431152312512,42.44052948559771
2017-10-06,48.63999938964844,48.70000076293945,48.220001220703125,48.400001525878906,42.353031158447266,16340400,42.563044313028605,42.6155492707234,42.1955196234618
2017-10-09,48.36000061035156,48.58000183105469,48.16999816894531,48.36000061035156,42.31801223754883,10173000,42.31801223754883,42.51052700662428,42.15174826858451
2017-10-10,48.15999984741211,48.459999084472656,48.0,48.209999084472656,42.35315704345703,15630500,42.30923201587991,42.57278553260742,42.16866991687425
2017-10-11,48.15999984741211,48.470001220703125,48.15999984741211,48.279998779296875,42.41465759277344,12588300,42.309236844304536,42.58157740838646,42.309236844304536
2017-10-12,48.27000045776367,48.47999954223633,48.11000061035156,48.22999954223633,42.3707389831543,11715600,42.40588035505939,42.59036753066262,42.26531821870469
2017-10-13,48.369998931884766,48.709999084472656,48.33000183105469,48.61000061035156,42.704559326171875,10142300,42.493714524942156,42.79240937178001,42.45857651745756
2017-10-16,48.61000061035156,48.90999984741211,48.4900016784668,48.86000061035156,42.924198150634766,9378100,42.70456963234561,42.96812318403955,42.59914888192108
2017-10-17,48.81999969482422,49.29999923706055,48.709999084472656,49.189998626708984,43.21410369873047,14191300,42.88905444771858,43.31074077771739,42.79241736873165
2017-10-18,49.5,49.7599983215332,49.15999984741211,49.58000183105469,43.55673599243164,12064100,43.48645324726285,43.71486546652993,43.187758282826984
2017-10-19,49.439998626708984,49.66999816894531,49.189998626708984,49.349998474121094,43.35466003417969,10048600,43.43372641997742,43.63578421673504,43.21409794290201
2017-10-20,49.540000915527344,49.790000915527344,49.15999984741211,49.25,43.266815185546875,15501500,43.5215850538872,43.74121355736713,43.187748790243496
2017-10-23,49.279998779296875,49.65999984741211,49.220001220703125,49.310001373291016,43.31952667236328,14633400,43.2931689734265,43.62700523275098,43.24046027808288
2017-10-24,49.33000183105469,50.13999938964844,49.25,49.97999954223633,43.90812683105469,17562400,43.3370947741548,44.04868892904317,43.26681204952817
2017-10-25,49.88999938964844,50.650001525878906,49.63999938964844,49.70000076293945,43.66214370727539,20635800,43.8290601502574,44.49673262471489,43.60943166415567
2017-10-26,50.11000061035156,50.29999923706055,49.77000045776367,50.150001525878906,44.057472229003906,16952900,44.022330869654766,44.18924729966645,43.72363601771607
2017-10-27,50.290000915527344,50.970001220703125,50.029998779296875,50.880001068115234,44.698787689208984,15099500,44.18046435973772,44.777854073408484,43.95204887148826
2017-10-30,50.630001068115234,50.75,50.2400016784668,50.68000030517578,44.52307891845703,9049800,44.47915389943366,44.58457461534258,44.136534059281566
2017-10-31,50.72999954223633,51.279998779296875,50.45000076293945,50.900001525878906,44.71635437011719,14453100,44.56700527942375,45.050187205758064,44.321022484474845
2017-11-01,51.099998474121094,51.16999816894531,50.56999969482422,50.63999938964844,44.487937927246094,10128000,44.89205346759487,44.95354916498429,44.42644222985668
2017-11-02,50.540000915527344,50.70000076293945,50.119998931884766,50.279998779296875,44.171669006347656,10389800,44.40008445148177,44.54064651338587,44.03110694444356
2017-11-03,50.36000061035156,50.439998626708984,50.15999984741211,50.18000030517578,44.08383560180664,15814500,44.24196840000086,44.31224778182875,44.06626491853337
2017-11-06,50.099998474121094,50.54999923706055,50.02000045776367,50.400001525878906,44.277095794677734,9678000,44.01353898001066,44.408870850747164,43.94325962035979
2017-11-07,50.43000030517578,50.58000183105469,50.08000183105469,50.4900016784668,44.35618209838867,6796500,44.30347004151851,44.4352485080611,43.9959914212733
2017-11-08,50.33000183105469,50.7400016784668,50.20000076293945,50.540000915527344,44.40009689331055,7977900,44.21560976372627,44.575800357742416,44.101402009155834
2017-11-09,50.13999938964844,50.220001220703125,48.540000915527344,49.2400016784668,43.25802230834961,16195400,44.04868274175054,44.11896545650491,42.643061959306024
2017-11-10,49.0,49.369998931884766,48.75,49.31999969482422,43.328311920166016,9944200,43.047187697183574,43.372236951644815,42.827559188524475
2017-11-13,49.099998474121094,49.43000030517578,49.060001373291016,49.400001525878906,43.39859390258789,6566700,43.13503701573327,43.42494825076734,43.099899001915674
2017-11-14,49.31999969482422,49.33000183105469,48.900001525878906,49.20000076293945,43.2228889465332,8498900,43.32830968690166,43.33709670350356,42.959335419979595
2017-11-15,48.880001068115234,49.08000183105469,48.72999954223633,48.81999969482422,42.88905334472656,9425100,42.9417653913452,43.117468862142346,42.809986950431096
2017-11-16,49.11000061035156,49.619998931884766,49.0099983215332,49.20000076293945,43.2228889465332,11738500,43.14382255344063,43.59186321345526,43.055969143746154
2017-11-17,49.0,49.22999954223633,48.849998474121094,48.939998626708984,42.99448013305664,10035100,43.04719218708822,43.2492500339778,42.91541372764198
2017-11-20,49.040000915527344,49.15999984741211,48.91999816894531,49.02000045776367,43.064762115478516,11525100,43.08233279984714,43.18775355479351,42.976908693635394
2017-11-21,49.0,49.099998474121094,48.5,48.630001068115234,42.72213363647461,18313300,43.047182854367755,43.135032907442216,42.60792588646605
2017-11-22,48.560001373291016,48.83000183105469,48.41999816894531,48.58000183105469,42.67821502685547,10618900,42.66064434334578,42.89784354382875,42.537649558777964
2017-11-24,48.880001068115234,49.130001068115234,48.689998626708984,49.0099983215332,43.05596160888672,6008300,42.94175722316721,43.161385682070716,42.77483744959138
2017-11-27,48.939998626708984,49.220001220703125,48.75,48.880001068115234,42.941768646240234,13395600,42.99447734558911,43.24046356385634,42.82756087887564
2017-11-28,48.880001068115234,49.20000076293945,48.849998474121094,49.0099983215332,43.05596160888672,13930600,42.94175722316721,43.222881382462546,42.915399529239046
2017-11-29,48.849998474121094,48.86000061035156,48.20000076293945,48.52000045776367,42.625492095947266,14377600,42.9153999216936,42.92418693683812,42.34436793408109
2017-11-30,48.88999938964844,49.33000183105469,48.88999938964844,49.060001373291016,43.099910736083984,24701100,42.950561569454294,43.33710998807282,42.950561569454294
2017-12-01,49.04999923706055,50.0,48.900001525878906,49.61000061035156,43.58307647705078,15899500,43.09110747122289,43.925696372554356,42.959332392864034
2017-12-04,49.81999969482422,49.81999969482422,48.36000061035156,48.400001525878906,42.52006912231445,13473900,43.767557105653275,43.767557105653275,42.48492776612525
2017-12-05,48.439998626708984,48.650001525878906,47.970001220703125,47.9900016784668,42.1599006652832,17858900,42.555229399895104,42.73971994081538,42.14232997799242
2017-12-06,48.2599983215332,48.59000015258789,47.630001068115234,48.41999816894531,42.53764724731445,12974500,42.3970851381402,42.68699637339868,41.84362371835316
2017-12-07,48.619998931884766,48.810001373291016,48.29999923706055,48.52000045776367,42.625492095947266,13482800,42.71334213980631,42.880261914908594,42.432217977940134
2017-12-08,48.900001525878906,49.689998626708984,48.70000076293945,49.599998474121094,43.57429122924805,14732300,42.959334136089986,43.65335761997763,42.78363067321705
2017-12-11,49.61000061035156,50.5,49.560001373291016,50.470001220703125,44.33860397338867,15852800,43.58308137467693,44.364958321769066,43.53915634362126
2017-12-12,50.0,50.709999084472656,49.95000076293945,50.38999938964844,44.268306732177734,17464000,43.925686910478234,44.54943086030367,43.881761893820546
2017-12-13,50.33000183105469,50.5099983215332,50.0099983215332,50.04999923706055,43.9696159362793,17196900,44.21560208426645,44.37373148839955,43.93447457924338
2017-12-14,50.13999938964844,50.400001525878906,49.939998626708984,50.189998626708984,44.092620849609375,22259300,44.04869581548301,44.27711135496457,43.87299232771226
2017-12-15,48.47999954223633,48.47999954223633,47.0,48.29999923706055,42.4322395324707,75176000,42.59037237275605,42.59037237275605,41.29017162583901
2017-12-18,48.43000030517578,48.849998474121094,47.68000030517578,47.709999084472656,41.91390609741211,25156800,42.546437309603945,42.91541161587234,41.88755174732587
2017-12-19,47.959999084472656,48.349998474121094,47.7400016784668,47.81999969482422,42.01054000854492,28664300,42.13353143467482,42.47615136496953,41.94026062986999
2017-12-20,47.880001068115234,48.04999923706055,47.790000915527344,47.900001525878906,42.080810546875,11432200,42.06323986948057,42.212585600437144,41.98417349683766
2017-12-21,48.11000061035156,48.11000061035156,47.22999954223633,47.279998779296875,41.5361442565918,18396800,42.26531254504402,42.26531254504402,41.49221922323973
2017-12-22,47.16999816894531,47.400001525878906,47.099998474121094,47.36000061035156,41.60642623901367,11197300,41.43950642352124,41.64156760556631,41.378010707686705
2017-12-26,47.369998931884766,47.58000183105469,47.25,47.43000030517578,41.66790771484375,7650200,41.61519568302913,41.79968611874829,41.509774970663905
2017-12-27,47.25,47.470001220703125,47.150001525878906,47.380001068115234,41.62399673461914,8132200,41.509788969470584,41.7030631333735,41.421938904750256
2017-12-28,47.29999923706055,47.54999923706055,47.29999923706055,47.52000045776367,41.74698257446289,7777600,41.55370843644563,41.773336920096256,41.55370843644563
2017-12-29,47.529998779296875,47.880001068115234,47.279998779296875,47.279998779296875,41.5361442565918,9750000,41.75577277461738,42.06325471061231,41.5361442565918
2018-01-02,47.56999969482422,47.79999923706055,46.16999816894531,46.630001068115234,40.96510696411133,25380000,41.7909088814864,41.99296669048462,40.56098799485009
2018-01-03,47.529998779296875,48.06999969482422,47.439998626708984,47.709999084472656,41.91390609741211,24165000,41.75577329436415,42.23017170350803,41.676706892840166
2018-01-04,47.9900016784668,48.189998626708984,47.720001220703125,48.18000030517578,42.326805114746094,19815100,42.15988865991335,42.3355887802573,41.92268947593104
2018-01-05,48.41999816894531,48.630001068115234,48.279998779296875,48.470001220703125,42.58156967163086,14496400,42.537641295757204,42.722131761138684,42.41464988634593
2018-01-08,48.29999923706055,49.06999969482422,47.939998626708984,48.97999954223633,43.02961349487305,15075000,42.43222373208062,43.10867988557395,42.11595816927701
2018-01-09,49.25,49.36000061035156,48.91999816894531,49.060001373291016,43.26774597167969,14153700,43.4353124634305,43.53232588235006,43.14427220667183
2018-01-10,48.86000061035156,49.27000045776367,48.58000183105469,48.79999923706055,43.03842544555664,13476600,43.09134275439658,43.45293595401563,42.8444020417733
2018-01-11,48.869998931884766,49.02000045776367,48.439998626708984,48.95000076293945,43.17072677612305,11687800,43.100170348416796,43.2324619682082,42.720937960284786
2018-01-12,49.18000030517578,49.83000183105469,49.060001373291016,49.5099983215332,43.664608001708984,15978200,43.37357115028333,43.946830346207626,43.26773987379361
2018-01-16,49.849998474121094,50.060001373291016,49.439998626708984,49.59000015258789,43.735172271728516,17152600,43.96447397262842,44.14968294509259,43.602880629156424
2018-01-17,49.90999984741211,50.290000915527344,49.849998474121094,50.27000045776367,44.33488845825195,23183100,44.01739120821216,44.35252756817819,43.96447387843345
2018-01-18,50.189998626708984,50.68000030517578,50.099998474121094,50.22999954223633,44.299598693847656,17119200,44.26432048318875,44.69647015297201,44.18494619136388
2018-01-19,50.5,50.599998474121094,50.27000045776367,50.58000183105469,44.6082878112793,14011500,44.53773137442828,44.62592355617597,44.334886664955754
2018-01-22,50.43000030517578,50.7400016784668,50.27000045776367,50.709999084472656,44.722923278808594,16840000,44.475982554084965,44.74938361668259,44.33487308791217
2018-01-23,50.75,51.27000045776367,50.56999969482422,51.119998931884766,45.084510803222656,14141400,44.75819583471167,45.216802382942724,44.59944728477343
2018-01-24,51.36000061035156,52.0,51.209999084472656,51.45000076293945,45.37556838989258,17205600,45.29619408438636,45.86063209495682,45.163902453770696
2018-01-25,51.540000915527344,52.04999923706055,51.540000915527344,51.599998474121094,45.50785446166992,13904300,45.454940503428055,45.90472597006269,45.454940503428055
2018-01-26,51.86000061035156,52.75,51.7599983215332,52.75,46.5220832824707,14909200,45.73716146774895,46.5220832824707,45.648965926349035
2018-01-29,52.66999816894531,52.790000915527344,51.880001068115234,51.939998626708984,45.80771255493164,12234900,46.45152483987841,46.55735948497995,45.75479859669663
2018-01-30,51.7400016784668,51.9900016784668,50.75,50.959999084472656,44.94340896606445,16863500,45.63132058706665,45.85180434772942,44.758203414543374
2018-01-31,50.86000061035156,51.849998474121094,50.86000061035156,51.59000015258789,45.49904251098633,16806800,44.85523014217506,45.72834420994418,44.85523014217506
2018-02-01,51.36000061035156,51.97999954223633,51.2599983215332,51.630001068115234,45.53431701660156,11674100,45.29619410000083,45.84299300238997,45.20799855812134
2018-02-02,51.25,51.40999984741211,50.040000915527344,50.130001068115234,44.2114143371582,17562200,45.199180859793024,45.34029036302657,44.13204003131959
2018-02-05,50.040000915527344,50.70000076293945,48.060001373291016,48.09000015258789,42.412254333496094,19725800,44.1320282583429,44.71410522444174,42.38579736004638
2018-02-06,47.33000183105469,49.5099983215332,46.810001373291016,49.400001525878906,43.56759262084961,25921200,41.7419873446607,43.664602649890895,41.28338071699421
2018-02-07,49.20000076293945,49.849998474121094,48.81999969482422,48.869998931884766,43.10016632080078,15138000,43.39120651141855,43.96446229354198,43.056070239762875
2018-02-08,49.09000015258789,49.119998931884766,46.810001373291016,46.84000015258789,41.309844970703125,21255400,43.29419917397583,43.32065615343841,41.283387991240545
2018-02-09,47.58000183105469,48.150001525878906,45.91999816894531,47.72999954223633,42.09476852416992,23191000,41.962480257002454,42.465183073733904,40.49846453154799
2018-02-12,48.220001220703125,48.4900016784668,47.720001220703125,48.150001525878906,42.465179443359375,16261600,42.52691463562294,42.76503753334623,42.08594705413142
2018-02-13,48.0099983215332,48.68000030517578,47.77000045776367,48.4900016784668,42.765037536621094,12633100,42.341705697759046,42.93260400644707,42.13004314264367
2018-02-14,48.189998626708984,49.52000045776367,48.13999938964844,49.45000076293945,43.611698150634766,14271400,42.5004578677909,43.67343334809099,42.45636177879587
2018-02-15,49.70000076293945,50.689998626708984,49.43000030517578,50.63999938964844,44.66119384765625,14132500,43.83217604769628,44.70528993070345,43.59405316206283
2018-02-16,50.54999923706055,51.13999938964844,50.4900016784668,50.709999084472656,44.722923278808594,11098800,44.5818138126358,45.10215559995706,44.52889986551791
2018-02-20,50.20000076293945,50.310001373291016,49.65999984741211,49.88999938964844,43.999752044677734,14144900,44.27315320172694,44.37016662404493,43.796907327247496
2018-02-21,49.869998931884766,50.34000015258789,49.43000030517578,49.43000030517578,43.594058990478516,13050800,43.98210928321688,44.39661992077364,43.594058990478516
2018-02-22,49.59000015258789,50.060001373291016,49.40999984741211,49.59000015258789,43.735172271728516,9513200,43.735172271728516,44.14968294509259,43.5764236463685
2018-02-23,49.790000915527344,50.56999969482422,49.619998931884766,50.5,44.5377197265625,8866800,43.911546652694,44.59945491050361,43.761615945754734
2018-02-26,50.59000015258789,51.2599983215332,50.5,51.16999816894531,45.12861251831055,12956000,44.61709196567805,45.20798680320534,44.53771768078326
2018-02-27,51.06999969482422,51.400001525878906,50.540000915527344,50.72999954223633,44.740562438964844,14339600,45.04042047549905,45.33146064227419,44.572995999022076
2018-02-28,51.060001373291016,51.5,50.66999816894531,50.66999816894531,44.687660217285156,14947900,45.0316178117051,45.419668134124365,44.687660217285156
2018-03-01,50.959999084472656,50.959999084472656,49.41999816894531,49.709999084472656,43.84099197387695,16539800,44.943410822733135,44.943410822733135,43.585229993506644
2018-03-02,49.33000183105469,50.400001525878906,49.15999984741211,50.31999969482422,44.37898254394531,17291000,43.5058685101372,44.44953898045946,43.355937764702674
2018-03-05,49.900001525878906,51.4900016784668,49.849998474121094,51.290000915527344,45.23445510864258,18771500,44.00856577602886,45.410842813290486,43.96446632663015
2018-03-06,51.560001373291016,51.790000915527344,51.220001220703125,51.5,45.419654846191406,13907100,45.47257216007831,45.67541681683862,45.17271411001628
2018-03-07,51.060001373291016,51.810001373291016,51.029998779296875,51.720001220703125,45.61369323730469,11727300,45.031616093724246,45.69306754617093,45.00515574789146
2018-03-08,51.939998626708984,52.15999984741211,51.470001220703125,52.130001068115234,45.97526931762695,15864400,45.80769952603526,46.001726289219405,45.39319239238929
2018-03-09,52.349998474121094,53.0,52.20000076293945,52.970001220703125,46.716102600097656,16218600,46.16930042425878,46.74255957610699,46.03701217989675
2018-03-12,52.97999954223633,53.439998626708984,52.66999816894531,52.900001525878906,46.65436553955078,14108400,46.7249185941807,47.13060791016961,46.4515175172411
2018-03-13,53.2400016784668,53.47999954223633,52.34000015258789,52.58000183105469,46.37215805053711,12864400,46.9542351933996,47.165897773904476,46.16049210571618
2018-03-14,52.880001068115234,53.150001525878906,52.18000030517578,52.31999969482422,46.14284133911133,10885500,46.63672617604125,46.874849042187,46.01937097095765
2018-03-15,52.220001220703125,52.66999816894531,52.11000061035156,52.369998931884766,46.186946868896484,14155200,46.054658603513595,46.451526763978144,45.95764519030995
2018-03-16,52.400001525878906,52.689998626708984,52.25,52.27000045776367,46.09874725341797,21011500,46.2133997563687,46.46915837389908,46.081108148016675
2018-03-19,52.43000030517578,52.58000183105469,51.5099983215332,51.95000076293945,45.8165397644043,25777400,46.2398683070567,46.372159948523915,45.42848607706911
2018-03-20,46.79999923706055,47.75,46.43000030517578,47.04999923706055,41.49504089355469,68601000,41.27455714453015,42.11239606368639,40.94824213798204
2018-03-21,47.290000915527344,48.060001373291016,47.0099983215332,47.02000045776367,41.46858215332031,34597700,41.70670499583846,42.38579531761651,41.45976091971879
2018-03-22,46.720001220703125,47.02000045776367,45.72999954223633,45.88999938964844,40.47200012207031,25610100,41.20400785043261,41.46858770051808,40.33089064440371
2018-03-23,45.97999954223633,46.279998779296875,44.7599983215332,44.790000915527344,39.50188064575195,21398900,40.5513823818542,40.81596228392949,39.47542030052323
2018-03-26,45.54999923706055,46.63999938964844,45.38999938964844,46.47999954223633,40.992347717285156,20754800,40.17214771163962,41.13345721479859,40.03103821412618
2018-03-27,46.630001068115234,46.81999969482422,45.0,45.380001068115234,40.022220611572266,18925300,41.12463961965853,41.29220609773395,39.68708429110561
2018-03-28,45.279998779296875,45.36000061035156,44.5099983215332,44.97999954223633,39.66943359375,22156900,39.934013405529996,40.0045698163059,39.25492309122862
2018-03-29,45.310001373291016,46.290000915527344,45.0099983215332,45.75,40.34852600097656,14256400,39.96047581452495,40.82477170547287,39.69589262470588
2018-04-02,45.650001525878906,45.849998474121094,44.41999816894531,45.0099983215332,39.69589614868164,15343300,40.260337421330526,40.436721744448285,39.1755543211275
2018-04-03,45.33000183105469,45.33000183105469,44.290000915527344,44.88999938964844,39.59006881713867,15734600,39.97812244092641,39.97812244092641,39.06090906655712
2018-04-04,44.06999969482422,45.619998931884766,44.040000915527344,45.5099983215332,40.13686752319336,18505900,38.866882108000496,40.23388092877422,38.84042512986595
2018-04-05,45.72999954223633,46.18000030517578,45.54999923706055,45.959999084472656,40.53373718261719,12313000,40.33089250936133,40.727763984999086,40.17214391910622
2018-04-06,45.5099983215332,45.75,44.599998474121094,44.83000183105469,39.53715896606445,13893600,40.13687184231491,40.34853778311553,39.334310897485686
2018-04-09,45.11000061035156,45.650001525878906,44.880001068115234,44.900001525878906,39.5988883972168,15200000,39.78409396574573,40.26033973994771,39.58124929102611
2018-04-10,45.54999923706055,46.06999969482422,45.459999084472656,45.81999969482422,40.410274505615234,14868900,40.172151574852656,40.63075832695286,40.09277726459847
2018-04-11,45.400001525878906,45.9900016784668,45.36000061035156,45.61000061035156,40.22505569458008,14911400,40.03985015290757,40.560191934974384,40.00457194564185
2018-04-12,45.689998626708984,46.16999816894531,45.650001525878906,45.880001068115234,40.46317672729492,13970300,40.295606932476815,40.71893530768095,40.26033209111262
2018-04-13,46.310001373291016,46.529998779296875,45.61000061035156,46.08000183105469,40.63956832885742,12493600,40.84241298469291,41.03643640609654,40.22505778275457
2018-04-16,46.029998779296875,46.38999938964844,45.599998474121094,46.04999923706055,40.78126907348633,11639000,40.76355693313526,41.08236870296372,40.38275436120076
2018-04-17,46.40999984741211,46.93000030517578,46.38999938964844,46.65999984741211,41.32147979736328,10762700,41.10008309819648,41.5605886378529,41.08237095687367
2018-04-18,46.68000030517578,47.290000915527344,46.68000030517578,47.08000183105469,41.69342041015625,11312900,41.339184404749545,41.879392792784564,41.339184404749545
2018-04-19,46.9900016784668,47.11000061035156,46.70000076293945,46.81999969482422,41.463165283203125,8563200,41.61371676530883,41.71998621381325,41.356895834698705
2018-04-20,46.470001220703125,46.619998931884766,45.97999954223633,46.22999954223633,40.9406623840332,15675600,41.15320462472116,41.28604056918737,40.71926576501188
2018-04-23,46.380001068115234,46.470001220703125,45.720001220703125,45.79999923706055,40.55986404418945,14904400,41.07350587398938,41.15320880005335,40.48901887560184
2018-04-24,45.93000030517578,46.369998931884766,45.279998779296875,45.529998779296875,40.32075500488281,13357000,40.6749909802608,41.064647850580876,40.09935836483273
2018-04-25,45.41999816894531,45.84000015258789,45.04999923706055,45.75,40.51559829711914,12637500,40.223353015713116,40.59530124857117,39.89568682785287
2018-04-26,46.09000015258789,46.209999084472656,45.900001525878906,45.959999084472656,40.70156478881836,12175800,40.816692008181064,40.922961468537665,40.64843174776268
2018-04-27,46.119998931884766,46.119998931884766,45.470001220703125,45.529998779296875,40.32075500488281,14420800,40.843251210530795,40.843251210530795,40.26762197334736
2018-04-30,45.65999984741211,46.02000045776367,45.560001373291016,45.66999816894531,40.44474411010742,13896600,40.43588972928514,40.75470149081159,40.347332408081236
2018-05-01,45.38999938964844,45.95000076293945,45.38999938964844,45.95000076293945,40.692710876464844,8838000,40.19678109201675,40.692710876464844,40.19678109201675
2018-05-02,45.88999938964844,46.08000183105469,45.470001220703125,45.5099983215332,40.30304718017578,10715200,40.63957105496395,40.807834681480536,40.26762628144413
2018-05-03,45.36000061035156,45.38999938964844,44.4900016784668,45.060001373291016,39.904544830322266,15370200,40.17022021069278,40.19678673525611,39.39976059414456
2018-05-04,44.93000030517578,45.91999816894531,44.79999923706055,45.709999084472656,40.480159759521484,10571800,39.78940334231353,40.666132121347545,39.67427614669736
2018-05-07,45.939998626708984,46.2400016784668,45.779998779296875,46.06999969482422,40.798988342285156,9006000,40.68386109901075,40.94953987245107,40.54216732969068
2018-05-08,45.880001068115234,45.9900016784668,45.54999923706055,45.939998626708984,40.68385314941406,9830600,40.6307201077049,40.728135188498726,40.33847486532344
2018-05-09,46.22999954223633,46.68000030517578,45.97999954223633,46.58000183105469,41.2506217956543,11822400,40.940664486162866,41.33917909651214,40.719267855773765
2018-05-10,46.79999923706055,47.099998474121094,46.61000061035156,46.93000030517578,41.560585021972656,10974200,41.44545780251354,41.71113314275015,41.277197541954244
2018-05-11,47.11000061035156,47.150001525878906,46.63999938964844,46.81999969482422,41.463165283203125,9498100,41.71998621381325,41.75541048939634,41.303759421324074
2018-05-14,46.810001373291016,47.2599983215332,46.689998626708984,46.81999969482422,41.463165283203125,9689500,41.45431090342978,41.85282217988255,41.3480380766805
2018-05-15,46.5099983215332,46.81999969482422,46.25,46.810001373291016,41.45431900024414,11304900,41.18864025972372,41.46317338174691,40.95838917995094
2018-05-16,46.93000030517578,46.93000030517578,46.45000076293945,46.72999954223633,41.38345718383789,9874200,41.56057516138803,41.56057516138803,41.135494042214354
2018-05-17,46.689998626708984,47.060001373291016,46.41999816894531,46.540000915527344,41.215213775634766,10162300,41.34804977930026,41.67571935381595,41.10894091880739
2018-05-18,46.689998626708984,46.790000915527344,46.2400016784668,46.31999969482422,41.02037048339844,13517300,41.34803657502992,41.436597260771364,40.94952531305002
2018-05-21,46.529998779296875,47.290000915527344,46.4900016784668,47.209999084472656,41.80854034423828,13416300,41.20634121811319,41.879388890015164,41.170920323469346
2018-05-22,47.2400016784668,47.540000915527344,46.310001373291016,46.369998931884766,41.06464385986328,18505100,41.8351065246991,42.100781791291595,41.011510833491364
2018-05-23,46.08000183105469,46.970001220703125,46.02000045776367,46.900001525878906,41.53400802612305,9204400,40.807827369445356,41.59599881060204,40.754690963501474
2018-05-24,46.65999984741211,46.939998626708984,46.13999938964844,46.459999084472656,41.14435577392578,12497700,41.321473783129264,41.56943696906712,40.86096831049822
2018-05-25,46.4900016784668,47.16999816894531,46.47999954223633,47.0,41.6225700378418,11354300,41.17092236002908,41.77311813769778,41.16206460224651
2018-05-29,46.54999923706055,46.79999923706055,46.040000915527344,46.2599983215332,40.96723175048828,12427800,41.22405265721824,41.44544929165899,40.772405009386716
2018-05-30,46.630001068115234,47.22999954223633,46.43000030517578,47.04999923706055,41.666847229003906,11906500,41.29490249307028,41.82625308104536,41.11778450433037
2018-05-31,46.93000030517578,47.16999816894531,46.709999084472656,46.720001220703125,41.374610900878906,13062400,41.56058329348549,41.773122205537284,41.36575314223377
2018-06-01,47.08000183105469,47.36000061035156,46.900001525878906,47.349998474121094,41.93252944946289,10863200,41.693424010149606,41.94138720839758,41.53401813177727
2018-06-04,47.47999954223633,47.56999969482422,47.22999954223633,47.31999969482422,41.90595626831055,12178400,42.047649984536875,42.12735291105447,41.82625334179295
2018-06-05,47.33000183105469,47.41999816894531,46.810001373291016,47.130001068115234,41.73770523071289,13430900,41.914823259575655,41.994522825406214,41.454317735830635
2018-06-06,47.41999816894531,47.810001373291016,47.099998474121094,47.75,42.28675842285156,13299100,41.99451323523045,42.339894832849396,41.711125805064626
2018-06-07,47.93000030517578,48.029998779296875,47.41999816894531,47.68000030517578,42.22476577758789,13714100,42.4461624088134,42.5347197100058,41.99451138929645
2018-06-08,47.40999984741211,48.380001068115234,47.40999984741211,48.18000030517578,42.667572021484375,14515400,41.98566978445434,42.84469005600116,41.98566978445434
2018-06-11,48.150001525878906,48.38999938964844,47.970001220703125,48.189998626708984,42.67641830444336,12521100,42.640997406858126,42.85353630534908,42.48159154386747
2018-06-12,48.209999084472656,48.59000015258789,48.15999984741211,48.45000076293945,42.906673431396484,14713600,42.69413115113219,43.030655020615264,42.6498524947319
2018-06-13,48.11000061035156,48.66999816894531,48.09000015258789,48.27000045776367,42.747276306152344,18053300,42.60558254975281,43.10150900802836,42.58787040792217
2018-06-14,47.0099983215332,47.02000045776367,45.65999984741211,45.900001525878906,40.648433685302734,37001300,41.63143215238586,41.64028991181418,40.4358913762133
2018-06-15,45.869998931884766,46.4900016784668,45.189998626708984,46.279998779296875,40.98495101928711,28120400,40.62186061074506,41.170926792048746,40.0196613900053
2018-06-18,45.81999969482422,46.599998474121094,45.459999084472656,46.52000045776367,41.1974983215332,21474100,40.57758688618288,41.26834350881138,40.25877509781725
2018-06-19,45.84000015258789,46.40999984741211,45.77000045776367,46.27000045776367,40.97608947753906,22764900,40.59528699632155,41.10007105221555,40.53329620898331
2018-06-20,43.5099983215332,44.790000915527344,42.56999969482422,42.81999969482422,37.920814514160156,59129000,38.53186799676023,39.66542103950728,37.699417884171716
2018-06-21,43.18000030517578,43.84000015258789,42.97999954223633,43.099998474121094,38.16877746582031,32635100,38.23962600861592,38.82411297370187,38.06250802987135
2018-06-22,43.20000076293945,44.29999923706055,43.15999984741211,44.099998474121094,39.05436325073242,29735100,38.25733742865803,39.23148122616375,38.22191315792289
2018-06-25,43.56999969482422,44.470001220703125,43.4900016784668,44.279998779296875,39.21377182006836,24640500,38.585006172857334,39.38203542864922,38.514161004700625
2018-06-26,44.459999084472656,44.849998474121094,44.369998931884766,44.40999984741211,39.32889938354492,20717500,39.37317803633404,39.71855625763167,39.29347511001576
2018-06-27,44.56999969482422,44.7400016784668,43.439998626708984,43.45000076293945,38.47874069213867,26360100,39.47059679613729,39.62114828361417,38.469882933804456
2018-06-28,43.5099983215332,44.02000045776367,43.36000061035156,43.84000015258789,38.82411193847656,20918400,38.53186677460393,38.98351777727175,38.39903082777085
2018-06-29,44.040000915527344,44.529998779296875,43.75,44.060001373291016,39.018951416015625,22144900,39.001239276536396,39.43517486991939,38.744418321455335
2018-07-02,43.959999084472656,44.970001220703125,43.77000045776367,44.95000076293945,39.8071174621582,20655500,38.93038526118895,39.82482959915447,38.762125027091486
2018-07-03,44.9900016784668,44.9900016784668,44.52000045776367,44.720001220703125,39.60343933105469,16783300,39.84254815163876,39.84254815163876,39.426321310817016
2018-07-05,45.150001525878906,45.470001220703125,44.9900016784668,45.40999984741211,40.214500427246094,21916200,39.98424932291855,40.26763685666593,39.84255555604486
2018-07-06,45.459999084472656,46.189998626708984,45.27000045776367,46.0,40.73698043823242,20764300,40.25876290057014,40.905240663004925,40.090502675797644
2018-07-09,46.130001068115234,46.790000915527344,46.060001373291016,46.72999954223633,41.38345718383789,25125700,40.85210662943191,41.43659359057626,40.790115844026026
2018-07-10,46.83000183105469,47.36000061035156,46.68000030517578,46.9900016784668,41.61371994018555,27422000,41.47202620528766,41.94138606871595,41.33918685083865
2018-07-11,46.81999969482422,47.7599983215332,46.709999084472656,47.63999938964844,42.18935775756836,22802600,41.46317679767622,42.29562723558419,41.36576170189262
2018-07-12,47.790000915527344,48.20000076293945,47.75,48.150001525878906,42.640995025634766,24857900,42.32218331745702,42.6852736788273,42.286759043605116
2018-07-13,47.970001220703125,48.810001373291016,47.83000183105469,48.630001068115234,43.06608200073242,25771400,42.48159491611755,43.225487876376945,42.357613319115174
2018-07-16,48.619998931884766,48.619998931884766,47.95000076293945,48.459999084472656,43.0838623046875,22949600,43.22611182026546,43.22611182026546,42.63044303362526
2018-07-17,48.290000915527344,48.9900016784668,48.150001525878906,48.900001525878906,43.47504425048828,18823100,42.932716996902734,43.55505980251722,42.808249114078926
2018-07-18,48.790000915527344,49.0,48.400001525878906,48.63999938964844,43.24387741088867,19234700,43.377237766109694,43.563939550223346,43.0305049123287
2018-07-19,48.400001525878906,48.720001220703125,48.209999084472656,48.439998626708984,43.066078186035156,16656500,43.03051835283126,43.3150173674371,42.86159473125569
2018-07-20,48.4900016784668,48.709999084472656,48.36000061035156,48.52000045776367,43.13719940185547,17232900,43.110528682314396,43.306119611441176,42.99494991181083
2018-07-23,48.619998931884766,48.66999816894531,48.04999923706055,48.66999816894531,43.27055740356445,17990200,43.22610507279072,43.27055740356445,42.71934104068022
2018-07-24,48.75,49.099998474121094,48.560001373291016,48.66999816894531,43.27055740356445,19885500,43.34168384599878,43.65285355291034,43.17276363246042
2018-07-25,48.52000045776367,48.970001220703125,48.5,48.95000076293945,43.519500732421875,16354900,43.13720454642861,43.53728234473502,43.11942293411546
2018-07-26,48.849998474121094,49.16999816894531,48.7599983215332,48.869998931884766,43.44837188720703,15229900,43.43059027587445,43.71508927420457,43.35057472062563
2018-07-27,48.9900016784668,49.119998931884766,48.380001068115234,48.630001068115234,43.2349967956543,14856100,43.55505899785705,43.67063437748942,43.01273175429076
2018-07-30,48.58000183105469,48.58000183105469,47.459999084472656,47.72999954223633,42.434844970703125,20167300,43.19054821178176,43.19054821178176,42.19479829823078
2018-07-31,47.900001525878906,48.08000183105469,47.38999938964844,47.68000030517578,42.3903923034668,18808100,42.58598664057158,42.74601775429448,42.132564021191506
2018-08-01,47.90999984741211,48.220001220703125,47.150001525878906,47.349998474121094,42.09699630737305,22933600,42.594871207124946,42.87048107169221,41.919186992421565
2018-08-02,47.040000915527344,48.06999969482422,46.630001068115234,47.900001525878906,42.58599090576172,14227400,41.82139848395158,42.73712953302857,41.456883886518376
2018-08-03,47.91999816894531,48.47999954223633,47.900001525878906,48.470001220703125,43.09274673461914,14295800,42.60376093689353,43.10163584389809,42.58598271833563
2018-08-06,48.290000915527344,48.7599983215332,48.220001220703125,48.66999816894531,43.27055740356445,13529300,42.93271697648775,43.35057295555535,42.87048303510544
2018-08-07,48.939998626708984,48.95000076293945,48.470001220703125,48.47999954223633,43.10164260864258,11608000,43.51060952956777,43.51950203173772,43.092753497968495
2018-08-08,48.41999816894531,48.619998931884766,48.2599983215332,48.38999938964844,43.02163314819336,10849400,43.04830387549409,43.22611663765711,42.90605434406295
2018-08-09,48.27000045776367,48.709999084472656,48.27000045776367,48.540000915527344,43.15498352050781,14708000,42.91493685619896,43.30612212868622,42.91493685619896
2018-08-10,48.369998931884766,48.720001220703125,48.22999954223633,48.31999969482422,42.95939636230469,10502200,43.00384870204522,43.31502186322122,42.87938079417327
2018-08-13,48.34000015258789,48.59000015258789,47.970001220703125,48.0099983215332,42.68378448486328,12152100,42.97717601847704,43.199441098549535,42.64822464958862
2018-08-14,48.119998931884766,48.349998474121094,47.939998626708984,48.22999954223633,42.879371643066406,11513700,42.78157448161095,42.986057913974456,42.62154337950118
2018-08-15,48.099998474121094,48.2599983215332,47.529998779296875,47.84000015258789,42.53264236450195,14091000,42.76379653653103,42.90604604043255,42.257032466913394
2018-08-16,48.13999938964844,48.45000076293945,48.040000915527344,48.099998474121094,42.76377868652344,11874300,42.79934189552832,43.07495167807473,42.7104372645104
2018-08-17,48.209999084472656,48.5,47.9900016784668,48.36000061035156,42.99494552612305,11412000,42.86158515903036,43.119413393278876,42.66599424985478
2018-08-20,48.400001525878906,48.599998474121094,48.2599983215332,48.41999816894531,43.04828643798828,11936700,43.03050822132009,43.20831751996181,42.90603696417793
2018-08-21,48.58000183105469,48.63999938964844,48.369998931884766,48.40999984741211,43.03940963745117,10187600,43.190551654312046,43.24389310256039,43.00384641095498
2018-08-22,48.34000015258789,48.90999984741211,48.2400016784668,48.79999923706055,43.386131286621094,11639400,42.97716446320566,43.48392843819762,42.88825981167885
2018-08-23,48.79999923706055,49.34000015258789,48.68000030517578,48.959999084472656,43.52838897705078,11026700,43.38613947287071,43.866232821289344,43.27945319260958
2018-08-24,49.0,49.38999938964844,48.970001220703125,49.2599983215332,43.795101165771484,14011700,43.56394702077632,43.91067993401672,43.53727630175638
2018-08-27,49.40999984741211,49.70000076293945,49.290000915527344,49.33000183105469,43.85734558105469,12253300,43.92846864042943,44.18629693759155,43.82178235561939
2018-08-28,49.38999938964844,49.43000030517578,48.599998474121094,48.63999938964844,43.24387741088867,15475700,43.91067240400434,43.9462356175959,43.208314197297106
2018-08-29,48.63999938964844,49.099998474121094,48.63999938964844,48.88999938964844,43.466156005859375,17307700,43.24389093862426,43.652857848377884,43.24389093862426
2018-08-30,48.88999938964844,48.88999938964844,48.310001373291016,48.380001068115234,43.01273727416992,15154900,43.46615652448144,43.46615652448144,42.950503325921204
2018-08-31,48.380001068115234,48.630001068115234,48.349998474121094,48.58000183105469,43.1905517578125,17844100,43.012739016401355,43.2350040952913,42.98606490071731
2018-09-04,48.36000061035156,48.83000183105469,48.15999984741211,48.58000183105469,43.1905517578125,17289000,42.99495740311065,43.41281683670245,42.817144661699494
2018-09-05,48.40999984741211,48.4900016784668,47.790000915527344,48.040000915527344,42.71044921875,16437700,43.039400515379725,43.11052695329709,42.48818418750108
2018-09-06,47.95000076293945,48.220001220703125,47.52000045776367,47.709999084472656,42.41706848144531,18456100,42.630444457688014,42.87049115915003,42.24814823589623
2018-09-07,47.459999084472656,47.9900016784668,47.33000183105469,47.810001373291016,42.50596618652344,20513900,42.1947931050261,42.66599728180886,42.07921772959404
2018-09-10,48.0,49.04999923706055,48.0,48.86000061035156,43.43948745727539,20390600,42.67489504507839,43.608407695890286,42.67489504507839
2018-09-11,48.52000045776367,49.04999923706055,48.52000045776367,48.91999816894531,43.492820739746094,14877200,43.13719871603605,43.60839950841213,43.13719871603605
2018-09-12,48.75,49.470001220703125,48.619998931884766,49.34000015258789,43.86623001098633,17058700,43.341684362022036,43.98180878557046,43.22610558743791
2018-09-13,49.279998779296875,49.75,48.880001068115234,48.959999084472656,43.52838897705078,22124400,43.81288798541093,44.23074738771926,43.4572659207086
2018-09-14,48.939998626708984,49.45000076293945,48.939998626708984,49.25,43.78621292114258,20066100,43.51060305034528,43.96402563160873,43.51060305034528
2018-09-17,49.310001373291016,49.939998626708984,49.11000061035156,49.18000030517578,43.7239875793457,29225000,43.8395663726011,44.39967194219318,43.66175362716881
2018-09-18,47.5099983215332,49.540000915527344,47.36000061035156,49.029998779296875,43.59062576293945,33451100,42.2392536894437,44.04404841870565,42.10589667830346
2018-09-19,48.91999816894531,49.540000915527344,48.65999984741211,49.43000030517578,43.94626998901367,20904800,43.49284713982524,44.04406720713264,43.26169285367825
2018-09-20,49.65999984741211,51.08000183105469,49.560001373291016,50.43000030517578,44.8353157043457,26973500,44.15073879759558,45.41320631399728,44.06183411526283
2018-09-21,50.83000183105469,51.119998931884766,50.349998474121094,51.099998474121094,45.430973052978516,50751900,45.190929793060285,45.44875466324938,44.764177929550286
2018-09-24,50.810001373291016,51.599998474121094,50.709999084472656,51.2400016784668,45.555450439453125,23906100,45.17315424605513,45.87550929280174,45.084246182767316
2018-09-25,51.38999938964844,51.93000030517578,50.970001220703125,51.720001220703125,45.98218536376953,18665800,45.68879392897069,46.1688871541898,45.31539034813016
2018-09-26,51.75,52.11000061035156,51.560001373291016,51.630001068115234,45.90217590332031,18131000,46.008862170328484,46.32892436284827,45.83994196494094
2018-09-27,51.560001373291016,52.02000045776367,51.33000183105469,51.689998626708984,45.95551300048828,17993500,45.83993763526878,46.24890444641845,45.63545422969395
2018-09-28,51.540000915527344,52.0099983215332,51.4900016784668,51.560001373291016,45.839942932128906,16234200,45.822161322003154,46.24001728972463,45.777708992436445
2018-10-01,51.220001220703125,51.9900016784668,51.13999938964844,51.79999923706055,46.053321838378906,19217800,45.537668639414775,46.222245462182734,45.4665421890772
2018-10-02,51.650001525878906,51.79999923706055,50.130001068115234,50.22999954223633,44.65749740600586,22406800,45.91996476573019,46.05332177267916,44.56859273470654
2018-10-03,49.59000015258789,50.099998474121094,49.59000015258789,49.75,44.23074722290039,21207600,44.08849771925039,44.54191695229237,44.08849771925039
2018-10-04,49.68000030517578,49.779998779296875,49.16999816894531,49.470001220703125,43.98180389404297,19034000,44.168505699648335,44.25741035236657,43.71508315289804
2018-10-05,49.41999816894531,49.77000045776367,49.119998931884766,49.349998474121094,43.875125885009766,16900200,43.93735983672783,44.24853298681414,43.670642416293845
2018-10-08,49.27000045776367,49.63999938964844,48.900001525878906,49.36000061035156,43.88401412963867,16295800,43.80399857212249,44.132949912357624,43.47504723188735
2018-10-09,49.11000061035156,49.400001525878906,48.83000183105469,48.869998931884766,43.44837188720703,19009800,43.661747831702414,43.919576108781456,43.41281205603745
2018-10-10,48.810001373291016,48.97999954223633,47.369998931884766,47.400001525878906,42.14146041870117,20885400,43.39503533109123,43.54617395719336,42.11478630295094
2018-10-11,47.33000183105469,47.88999938964844,46.4900016784668,46.779998779296875,41.590240478515625,26387600,42.0792263652927,42.5770979714716,41.33241556452839
2018-10-12,47.400001525878906,47.75,46.65999984741211,47.380001068115234,42.12368392944336,23152800,42.14146554494121,42.4526353374127,41.48355933750615
2018-10-15,46.959999084472656,47.619998931884766,46.869998931884766,47.119998931884766,42.061187744140625,15693400,41.91836550785911,42.50750765816421,41.83802778712883
2018-10-16,47.56999969482422,48.41999816894531,47.470001220703125,48.22999954223633,43.0520133972168,13600200,42.462871316714306,43.22161371859695,42.37360870654587
2018-10-17,47.43000030517578,48.2400016784668,47.43000030517578,47.86000061035156,42.72175598144531,15071100,42.33792046378146,43.06096017487769,42.33792046378146
2018-10-18,47.56999969482422,48.13999938964844,47.130001068115234,47.380001068115234,42.29328536987305,15084800,42.46288574889657,42.97169029111859,42.070125363454565
2018-10-19,47.5,48.2400016784668,47.349998474121094,47.59000015258789,42.48072814941406,17768400,42.40039043133814,43.06094538053472,42.266493099494724
2018-10-22,47.849998474121094,48.4900016784668,47.709999084472656,47.939998626708984,42.79314422607422,16480200,42.71280652018374,43.284098764932715,42.587837512165244
2018-10-23,47.15999984741211,48.31999969482422,47.119998931884766,47.9900016784668,42.83779525756836,18921500,42.09690242034053,43.13236468798507,42.06119600297142
2018-10-24,47.880001068115234,48.29999923706055,46.70000076293945,46.7599983215332,41.739837646484375,20028200,42.73959672441451,43.11450382477523,41.68628143509043
2018-10-25,47.41999816894531,48.290000915527344,47.279998779296875,47.959999084472656,42.81099319458008,19349300,42.32896700690251,43.105565888766286,42.2039980112416
2018-10-26,47.2400016784668,48.06999969482422,46.709999084472656,47.31999969482422,42.239715576171875,23088700,42.16830616198363,42.909195434296095,41.695204746740075
2018-10-29,47.810001373291016,48.09000015258789,46.34000015258789,47.02000045776367,41.971920013427734,19248700,42.67710620896665,42.92704424074234,41.364924731843644
2018-10-30,47.08000183105469,48.619998931884766,46.91999816894531,48.56999969482422,43.35551834106445,24438200,42.02548683773524,43.400149653665615,41.88266118917013
2018-10-31,49.04999923706055,49.45000076293945,48.59000015258789,48.84000015258789,43.59652328491211,21082900,43.78397680553904,44.14103404924292,43.373363358884745
2018-11-01,48.959999084472656,49.2400016784668,48.34000015258789,48.59000015258789,43.37337875366211,17764900,43.703654607967366,43.95359612933344,43.15021874842721
2018-11-02,48.93000030517578,49.02000045776367,48.2400016784668,48.83000183105469,43.58759307861328,17289300,43.67685567609491,43.7571933758883,43.06093558111212
2018-11-05,49.0,49.130001068115234,48.5,49.02000045776367,43.75720977783203,13125800,43.739356570613644,43.85540071495758,43.293036605607384
2018-11-06,49.099998474121094,49.470001220703125,48.83000183105469,49.25,43.96250915527344,12362700,43.82861182624285,44.158890996478156,43.587602082228635
2018-11-07,49.58000183105469,50.5,49.470001220703125,50.2599983215332,44.86407470703125,14329800,44.25708277770051,45.078309756616086,44.158891855188735
2018-11-08,50.220001220703125,50.5,50.06999969482422,50.43000030517578,45.01582717895508,11966600,44.82837363072677,45.07831169503118,44.694476293334695
2018-11-09,50.41999816894531,50.81999969482422,50.310001373291016,50.61000061035156,45.17650604248047,15316100,45.006902281588204,45.363959604902554,44.908714752570205
2018-11-12,50.16999816894531,50.380001068115234,49.11000061035156,49.220001220703125,43.935733795166016,14374400,44.783738914813036,44.97119586819202,43.83754286843197
2018-11-13,49.470001220703125,50.0,49.2400016784668,49.5099983215332,44.19458770751953,13550600,44.15888470932507,44.63198263561458,43.95357799781925
2018-11-14,49.970001220703125,49.970001220703125,48.7400016784668,48.84000015258789,43.59652328491211,16094000,44.60520710399786,44.60520710399786,43.50726067656126
2018-11-15,50.040000915527344,50.689998626708984,49.04999923706055,50.630001068115234,45.19435119628906,24922800,44.66769361107496,45.247907401637704,43.78397876616809
2018-11-16,50.529998779296875,51.45000076293945,50.41999816894531,51.16999816894531,45.6763801574707,20929600,45.105091189946904,45.926321634625495,45.00690026018797
2018-11-19,51.04999923706055,51.099998474121094,49.400001525878906,49.54999923706055,44.23029327392578,19520500,45.56925272765804,45.61388402841912,44.09639937164254
2018-11-20,48.66999816894531,49.06999969482422,47.959999084472656,48.33000183105469,43.14128494262695,19389600,43.44477921816336,43.80183651490733,42.81100575133602
2018-11-21,48.7599983215332,49.18000030517578,48.529998779296875,48.619998931884766,43.400146484375,13859500,43.52511551259274,43.9000260023966,43.31980876549922
2018-11-23,48.040000915527344,49.119998931884766,48.040000915527344,48.70000076293945,43.471561431884766,7807300,42.882419266333834,43.846468534894086,42.882419266333834
2018-11-26,49.15999984741211,49.15999984741211,48.099998474121094,48.2599983215332,43.07879638671875,21603800,43.88217358998264,43.88217358998264,42.93597415115524
2018-11-27,47.91999816894531,47.97999954223633,46.790000915527344,47.439998626708984,42.34682846069336,28054600,42.77529513153448,42.82885474232102,41.766614667015986
2018-11-28,47.72999954223633,48.25,47.369998931884766,48.189998626708984,43.01631164550781,29352900,42.60569814606362,43.069871260494274,42.28434726644618
2018-11-29,48.380001068115234,48.380001068115234,47.439998626708984,47.900001525878906,42.7574462890625,17052100,43.1859129694833,43.1859129694833,42.3468294074859
2018-11-30,48.09000015258789,48.84000015258789,47.709999084472656,48.7599983215332,43.525123596191406,22884500,42.92705644860317,43.59653642852202,42.58785230533526
2018-12-03,49.439998626708984,50.119998931884766,49.209999084472656,49.83000183105469,44.48023986816406,21966600,44.132107509319994,44.73910280478862,43.92680077778654
2018-12-04,49.52000045776367,50.220001220703125,48.709999084472656,48.75,43.51618957519531,24643500,44.203522619154924,44.828371150495535,43.48048316651287
2018-12-06,47.75,47.77000045776367,45.650001525878906,46.68000030517578,41.668426513671875,39877000,42.62355083590738,42.64140404068709,40.74900860099579
2018-12-07,46.7599983215332,47.040000915527344,45.810001373291016,46.0,41.06142807006836,23978000,41.739832774698975,41.989774217584255,40.8918277451983
2018-12-10,46.0099983215332,47.08000183105469,45.34000015258789,46.66999816894531,41.65949630737305,26375500,41.070354197133426,42.02548188092767,40.4722871874866
2018-12-11,46.97999954223633,47.130001068115234,46.060001373291016,46.459999084472656,41.472049713134766,22680200,41.936222878442365,42.070120228009365,41.11499578954118
2018-12-12,47.11000061035156,48.11000061035156,47.0099983215332,47.31999969482422,42.239715576171875,21404000,42.05226203313325,42.94490184396554,41.962996008959635
2018-12-13,47.47999954223633,47.54999923706055,46.75,47.22999954223633,42.15937805175781,23295400,42.38253800549683,42.44502252013171,41.73091134919697
2018-12-14,46.779998779296875,47.029998779296875,46.40999984741211,46.599998474121094,41.59701156616211,21434300,41.757686995807624,41.98084693640968,41.427411237158715
2018-12-17,46.41999816894531,47.22999954223633,45.529998779296875,45.72999954223633,40.82041549682617,30441100,41.4363357005534,42.159375126350916,40.64188686519279
2018-12-18,48.099998474121094,48.34000015258789,45.439998626708984,45.849998474121094,40.92753219604492,42855600,42.93597168362914,43.15020672723767,40.561550025624484
2018-12-19,46.060001373291016,47.439998626708984,45.75,46.45000076293945,41.46311950683594,34397300,41.11499052868772,42.34683100441979,40.83827096406063
2018-12-20,46.04999923706055,46.95000076293945,45.47999954223633,46.2400016784668,41.275672912597656,35165200,41.106069142281804,41.909446461801146,40.59726464163662
2018-12-21,46.08000183105469,46.209999084472656,43.86000061035156,44.0,39.27614974975586,58768400,41.132842099671095,41.24888281767794,39.15118072719435
2018-12-24,43.77000045776367,43.81999969482422,42.68000030517578,42.689998626708984,38.10678482055664,17230400,39.07083726154359,39.11546856229669,38.097859922466014
2018-12-26,43.0,44.61000061035156,42.400001525878906,44.59000015258789,39.80281448364258,21428900,38.38351686341716,39.820667690801834,37.847934269243865
2018-12-27,43.95000076293945,45.09000015258789,43.459999084472656,44.970001220703125,40.14201354980469,19048700,39.231520530349165,40.24912937410808,38.794125522955085
2018-12-28,45.13999938964844,45.77000045776367,44.7400016784668,44.81999969482422,40.00811767578125,39141200,40.29376215444955,40.856126211581234,39.93670825868957
2018-12-31,45.189998626708984,45.5,44.84000015258789,45.150001525878906,40.302696228027344,14932600,40.3383992391077,40.61511885717588,40.02597660995916
2019-01-02,44.47999954223633,45.34000015258789,44.45000076293945,45.220001220703125,40.36518096923828,14320400,39.70462588603371,40.47229681335343,39.677847776292744
2019-01-03,44.75,45.5,44.40999984741211,44.779998779296875,39.972412109375,19868700,39.94563400304358,40.61511390253593,39.642136312401014
2019-01-04,45.369998931884766,46.95000076293945,45.25,46.709999084472656,41.69519805908203,20984000,40.49906076821394,41.90943307758606,40.39194496153697
2019-01-07,46.93000030517578,48.11000061035156,46.470001220703125,47.45000076293945,42.35576248168945,17967900,41.89158934100933,42.94490465925444,41.48097581834452
2019-01-08,47.93000030517578,48.36000061035156,47.20000076293945,47.880001068115234,42.73959732055664,16255700,42.78422863239105,43.168064043438434,42.13260194518639
2019-01-09,46.63999938964844,48.22999954223633,46.61000061035156,47.779998779296875,42.650325775146484,19100200,41.632717014280594,43.05201434000154,41.60593891167372
2019-01-10,47.380001068115234,47.97999954223633,46.880001068115234,47.81999969482422,42.686038970947266,16652700,42.2932786479292,42.82886121614938,41.846958706028744
2019-01-11,47.66999816894531,48.619998931884766,47.369998931884766,48.290000915527344,43.105594635009766,16397400,42.55215527779153,43.40016412048862,42.28436390776929
2019-01-14,47.849998474121094,48.34000015258789,47.619998931884766,48.18000030517578,43.00739288330078,14869400,42.71282006656186,43.150215138496606,42.50751328753981
2019-01-15,47.470001220703125,48.529998779296875,47.40999984741211,48.380001068115234,43.35689926147461,12142100,42.54138105475413,43.49132331086638,42.48760938381791
2019-01-16,48.58000183105469,48.790000915527344,48.04999923706055,48.060001373291016,43.07011413574219,14114000,43.5361249228115,43.724320600676485,43.06115048329238
2019-01-17,48.0099983215332,48.90999984741211,47.810001373291016,48.58000183105469,43.53612518310547,12711200,43.02530296799651,43.83186076171406,42.84607094150974
2019-01-18,48.939998626708984,49.56999969482422,48.869998931884766,49.27000045776367,44.15448760986328,15930600,43.8587485876356,44.42333909094077,43.796016689338586
2019-01-22,48.84000015258789,49.16999816894531,48.65999984741211,48.939998626708984,43.85874557495117,13318700,43.76912956029181,44.06486514357317,43.607817998999494
2019-01-23,49.189998626708984,49.47999954223633,48.83000183105469,49.2400016784668,44.127601623535156,15551200,44.08279019638822,44.342681431860036,43.7601704839009
2019-01-24,49.2599983215332,49.43000030517578,48.869998931884766,49.20000076293945,44.091758728027344,11442200,44.14552697674207,44.297878324909135,43.79601968556719
2019-01-25,49.599998474121094,49.900001525878906,49.45000076293945,49.79999923706055,44.62946319580078,16656600,44.4502277173774,44.71908264432867,44.31580367253417
2019-01-28,49.45000076293945,49.72999954223633,49.209999084472656,49.52000045776367,44.378536224365234,11799100,44.315804318797085,44.56673194106968,44.100721057825965
2019-01-29,49.38999938964844,49.91999816894531,49.189998626708984,49.61000061035156,44.45919418334961,10838600,44.262034802751394,44.73700594477515,44.08279931299234
2019-01-30,49.86000061035156,50.5,49.599998474121094,50.36000061035156,45.13132095336914,13483800,44.68323397554559,45.25678476017856,44.45022683264324
2019-01-31,50.2400016784668,50.5,50.06999969482422,50.22999954223633,45.01483154296875,20403600,45.02379519977917,45.256798997349,44.87144380170268
2019-02-01,50.52000045776367,51.099998474121094,50.290000915527344,50.810001373291016,45.53459930419922,14849600,45.27470804008817,45.79448714967797,45.06858844329978
2019-02-04,50.380001068115234,51.25,50.380001068115234,51.029998779296875,45.731754302978516,12221200,45.14924330285447,45.928913660458896,45.14924330285447
2019-02-05,51.16999816894531,51.369998931884766,50.88999938964844,51.2400016784668,45.91995620727539,13345500,45.85722088357744,46.036456363178544,45.60629326331535
2019-02-06,51.189998626708984,51.4900016784668,50.970001220703125,51.2599983215332,45.93788146972656,9220900,45.87514955811818,46.14400451487727,45.67799358676305
2019-02-07,50.790000915527344,50.9900016784668,50.16999816894531,50.220001220703125,45.005863189697266,14905000,45.51668213951546,45.69591763843809,44.961051750992006
2019-02-08,50.09000015258789,51.029998779296875,49.81999969482422,51.029998779296875,45.731754302978516,11535600,44.88935204410892,45.731754302978516,44.64738467410088
2019-02-11,50.959999084472656,51.47999954223633,50.95000076293945,51.22999954223633,45.9109992980957,9714500,45.66903187788026,46.1350428258545,45.6600716409684
2019-02-12,51.459999084472656,51.54999923706055,51.189998626708984,51.220001220703125,45.90203094482422,14188500,46.11711077900797,46.19776657148497,45.875143401577
2019-02-13,51.25,51.54999923706055,50.95000076293945,51.41999816894531,46.08125686645508,11342600,45.92890895574031,46.19776042199876,45.660057489481865
2019-02-14,51.2400016784668,51.75,51.09000015258789,51.47999954223633,46.135040283203125,11155300,45.91996042284288,46.37700769008297,45.78553294614316
2019-02-15,51.130001068115234,51.720001220703125,51.06999969482422,51.720001220703125,46.350120544433594,13822200,45.82137774574363,46.350120544433594,45.76760607483816
2019-02-19,51.47999954223633,52.18000030517578,51.2400016784668,52.02000045776367,46.618980407714844,12357500,46.135045538826155,46.762368137167066,45.91996565396438
2019-02-20,52.0,52.209999084472656,51.5,51.77000045776367,46.394927978515625,13440900,46.60104758645057,46.78924330430867,46.15296059042701
2019-02-21,51.630001068115234,52.349998474121094,51.5099983215332,52.11000061035156,46.69962692260742,14759500,46.26946381988418,46.91470676465282,46.161920480229035
2019-02-22,52.38999938964844,52.599998474121094,52.20000076293945,52.47999954223633,47.03120422363281,11689700,46.95054843869683,47.138744130670126,46.78027663433509
2019-02-25,52.75,53.029998779296875,52.459999084472656,52.560001373291016,47.1029052734375,14722200,47.27317709767882,47.52410471627285,47.01328582491649
2019-02-26,52.459999084472656,52.880001068115234,52.2400016784668,52.599998474121094,47.13874816894531,12041300,47.01328436354823,47.389679198371766,46.81612842019524
2019-02-27,52.52000045776367,52.63999938964844,52.2599983215332,52.380001068115234,46.94160079956055,10674200,47.06706462787382,47.17460456376621,46.834057445035235
2019-02-28,52.20000076293945,52.5099983215332,52.04999923706055,52.130001068115234,46.71754455566406,31856900,46.780276452744985,47.05808816306564,46.64584900549616
2019-03-01,52.5,52.72999954223633,52.369998931884766,52.5099983215332,47.05809020996094,15757700,47.0491299751162,47.25524956286657,46.93262641034177
2019-03-04,52.66999816894531,52.849998474121094,51.56999969482422,52.040000915527344,46.63689422607422,14850100,47.201481365841246,47.36279295395536,46.215691366150416
2019-03-05,52.040000915527344,52.59000015258789,52.02000045776367,52.36000061035156,46.923667907714844,16291900,46.63689252124678,47.12978750307425,46.61896863226349
2019-03-06,52.310001373291016,52.75,52.130001068115234,52.349998474121094,46.914695739746094,12389300,46.878851386916885,47.27316661709139,46.71753983397466
2019-03-07,52.20000076293945,53.130001068115234,52.189998626708984,52.58000183105469,47.12083053588867,16624100,46.780283458852644,47.61372555190009,46.77131980442321
2019-03-08,52.349998474121094,52.779998779296875,52.130001068115234,52.77000045776367,47.29110336303711,15071100,46.91470849760558,47.30006359902312,46.71755253822009
2019-03-11,51.939998626708984,53.18000030517578,51.90999984741211,52.65999984741211,47.19252014160156,20027700,46.547273802663724,47.65853100654197,46.52038967808542
2019-03-12,52.66999816894531,53.290000915527344,52.58000183105469,52.79999923706055,47.31798553466797,18048500,47.20148195986772,47.75711228975665,47.120829583428055
2019-03-13,53.060001373291016,53.470001220703125,52.7400016784668,53.060001373291016,47.55099105834961,19490800,47.55099105834961,47.91842224141836,47.26421566759509
2019-03-14,52.97999954223633,53.400001525878906,52.849998474121094,53.04999923706055,47.542030334472656,24000300,47.47929842754339,47.85569328775151,47.362794849546525
2019-03-15,51.400001525878906,53.38999938964844,51.0,52.939998626708984,47.44343948364258,43340200,46.06333443729761,47.84671837517885,45.704863551791654
2019-03-18,52.869998931884766,53.959999084472656,52.779998779296875,53.459999084472656,47.90945816040039,21953600,47.380715397416516,48.35754513178902,47.30005960582127
2019-03-19,53.79999923706055,54.380001068115234,53.75,54.040000915527344,48.42924499511719,19214000,48.21416172552442,48.7339442995046,48.1693537081271
2019-03-20,53.88999938964844,54.189998626708984,52.5099983215332,52.63999938964844,47.17459487915039,24111600,48.29481228573596,48.56366377959005,47.05809131164847
2019-03-21,52.630001068115234,54.04999923706055,52.349998474121094,54.040000915527344,48.42924499511719,16686300,47.16563976017023,48.43820523114361,46.914708709206565
2019-03-22,53.619998931884766,53.880001068115234,52.7400016784668,52.77000045776367,47.29110336303711,16201500,48.05284991125361,48.28585707048088,47.26421923644649
2019-03-25,52.560001373291016,52.939998626708984,52.22999954223633,52.7400016784668,47.264217376708984,11755900,47.10290578624736,47.443449438437504,46.807166730856906
2019-03-26,53.290000915527344,53.540000915527344,53.060001373291016,53.279998779296875,47.748138427734375,11657600,47.757102080066346,47.981145527521754,47.550982518643174
2019-03-27,53.279998779296875,53.650001525878906,52.310001373291016,52.810001373291016,47.32695007324219,12636000,47.74814952770466,48.079736368437196,46.87886307416498
2019-03-28,53.0,53.29999923706055,52.790000915527344,53.189998626708984,47.6674919128418,9103100,47.4972200903952,47.76607159585964,47.30902437843333
2019-03-29,53.470001220703125,53.7400016784668,53.25,53.709999084472656,48.133506774902344,11485700,47.91842692015231,48.160394320720584,47.7212675377709
2019-04-01,53.880001068115234,54.650001525878906,53.849998474121094,54.58000183105469,48.91316604614258,15191700,48.28584372292121,48.975897936601555,48.25895618513048
2019-04-02,54.40999984741211,54.5,53.880001068115234,54.150001525878906,48.52782440185547,10812100,48.760828142143644,48.841483940441975,48.28585700696049
2019-04-03,54.15999984741211,54.38999938964844,53.86000061035156,54.060001373291016,48.447166442871094,12853400,48.53678247314688,48.74290207768712,48.26793096368711
2019-04-04,53.86000061035156,54.150001525878906,53.40999984741211,53.81999969482422,48.232086181640625,9978800,48.267933963431766,48.52782525346859,47.86465496486301
2019-04-05,53.7400016784668,54.189998626708984,53.7400016784668,53.93000030517578,48.330657958984375,10016300,48.160386151304316,48.56366166521141,48.160386151304316
2019-04-08,53.72999954223633,53.93000030517578,53.33000183105469,53.720001220703125,48.14246368408203,10126700,48.151423919010846,48.33065938527682,47.79295640511108
2019-04-09,53.5,54.099998474121094,53.470001220703125,53.83000183105469,48.241058349609375,9789000,47.945319225591675,48.48302237281791,47.918435093820335
2019-04-10,53.619998931884766,54.15999984741211,53.599998474121094,53.970001220703125,48.5831184387207,8477300,48.26805076655317,48.75415282033669,48.25004660523423
2019-04-11,54.04999923706055,54.189998626708984,53.52000045776367,53.790000915527344,48.42108154296875,8147600,48.65512875831951,48.781154446119345,48.178030530522314
2019-04-12,54.099998474121094,54.5,53.869998931884766,54.5,49.060211181640625,9014000,48.70013486361131,49.060211181640625,48.493092182624245
2019-04-15,54.5,54.75,54.310001373291016,54.630001068115234,49.17723846435547,7694900,49.060213141230314,49.28525999050201,48.889178772003085
2019-04-16,54.66999816894531,54.90999984741211,54.33000183105469,54.59000015258789,49.1412353515625,7265200,49.21324856531025,49.42929507443905,48.90718811445384
2019-04-17,54.68000030517578,54.83000183105469,54.38999938964844,54.47999954223633,49.042213439941406,7792200,49.222251622515614,49.35728111793195,48.96119642948015
2019-04-18,54.439998626708984,54.66999816894531,54.22999954223633,54.52000045776367,49.078208923339844,8233000,49.00619229557416,49.21323494948778,48.817153798601964
2019-04-22,54.400001525878906,54.68000030517578,54.20000076293945,54.619998931884766,49.168235778808594,6088100,48.97019688205373,49.222248260074,48.79015871177818
2019-04-23,54.75,55.13999938964844,54.720001220703125,54.939998626708984,49.456298828125,10923400,49.28526444344475,49.63633701059736,49.25825991795384
2019-04-24,55.0,55.529998779296875,54.959999084472656,55.18000030517578,49.67234420776367,8769800,49.510310190606276,49.98740844449048,49.4743018681396
2019-04-25,55.150001525878906,55.220001220703125,54.58000183105469,55.0099983215332,49.51932144165039,8226100,49.645350597992724,49.70836345919219,49.13224390882938
2019-04-26,55.220001220703125,55.4900016784668,55.0099983215332,55.40999984741211,49.87938690185547,7101600,49.708352521084194,49.951403546775566,49.519310545140264
2019-04-29,55.290000915527344,55.4900016784668,55.08000183105469,55.08000183105469,49.58231735229492,6443000,49.771355858175006,49.95139400213117,49.58231735229492
2019-04-30,55.060001373291016,55.380001068115234,54.84000015258789,55.33000183105469,49.80736541748047,10562300,49.56431443216179,49.852374096107916,49.36627212547055
2019-05-01,55.31999969482422,55.41999816894531,54.79999923706055,54.880001068115234,49.40228271484375,7792700,49.798363912507014,49.88838127390341,49.330266078572855
2019-05-02,54.810001373291016,55.04999923706055,54.459999084472656,54.599998474121094,49.15023422241211,9652200,49.33927619988541,49.55531926850824,49.02420852672501
2019-05-03,54.79999923706055,55.02000045776367,54.66999816894531,54.790000915527344,49.32127380371094,11066500,49.33027416774957,49.52831651602729,49.21324883159066
2019-05-06,53.900001525878906,55.0,53.83000183105469,54.849998474121094,49.375282287597656,9305400,48.520106922115275,49.51031178422263,48.45709407274169
2019-05-07,54.20000076293945,54.63999938964844,53.650001525878906,54.0,48.61012268066406,11712400,48.79016085886246,49.18624210374481,48.29505844427385
2019-05-08,54.349998474121094,54.43000030517578,53.810001373291016,53.9900016784668,48.601112365722656,10729800,48.92517689939488,48.997193529505545,48.439078381915586
2019-05-09,53.459999084472656,54.349998474121094,53.08000183105469,54.25,48.83515548706055,10711800,48.124006776559206,48.92517283327571,47.781938113788286
2019-05-10,53.77000045776367,54.970001220703125,53.5099983215332,54.650001525878906,49.19524383544922,11200300,48.40307794500758,49.483303534893,48.16902729299545
2019-05-13,53.720001220703125,53.95000076293945,53.38999938964844,53.43000030517578,48.097015380859375,10664700,48.35807056362026,48.565113263551886,48.0610070589732
2019-05-14,53.63999938964844,54.619998931884766,53.36000061035156,54.130001068115234,48.727149963378906,11520800,48.28605658082172,49.168239911993325,48.03400518161348
2019-05-15,53.90999984741211,54.810001373291016,53.84000015258789,54.560001373291016,49.11422348022461,8573000,48.52910032404867,49.33927031968578,48.46608748371492
2019-05-16,54.90999984741211,55.150001525878906,54.54999923706055,54.63999938964844,49.18623733520508,10013800,49.429288337118045,49.64533481679923,49.10522033456742
2019-05-17,54.189998626708984,54.91999816894531,54.189998626708984,54.5,49.060211181640625,9057100,48.78115186347079,49.43828822502336,48.78115186347079
2019-05-20,53.95000076293945,54.36000061035156,53.529998779296875,53.65999984741211,48.304054260253906,9820200,48.56510942236702,48.93418610765228,48.18702894035108
2019-05-21,54.209999084472656,54.27000045776367,54.029998779296875,54.16999816894531,48.76315689086914,8482000,48.79916521624428,48.853177704306994,48.63713118599905
2019-05-22,54.22999954223633,54.54999923706055,54.040000915527344,54.20000076293945,48.79016876220703,8389700,48.81717329143123,49.10523304963338,48.646138883105955
2019-05-23,53.720001220703125,53.720001220703125,52.5099983215332,53.08000183105469,47.78195571899414,11213900,48.35807518850165,48.35807518850165,47.26884566789967
2019-05-24,53.380001068115234,53.470001220703125,52.59000015258789,52.77000045776367,47.502891540527344,9090700,48.05200642742939,48.13302343425006,47.340857526886005
2019-05-28,53.08000183105469,53.279998779296875,51.75,51.75,46.58470916748047,28230400,47.78196034606789,47.96199512226588,46.58470916748047
2019-05-29,51.43000030517578,51.810001373291016,51.04999923706055,51.689998626708984,46.53068542480469,12448700,46.29663821196558,46.63871038513881,45.95456603879234
2019-05-30,51.93000030517578,52.029998779296875,51.459999084472656,51.720001220703125,46.55769729614258,8569500,46.746735841706865,46.836753215611,46.32364662968352
2019-05-31,51.2400016784668,51.36000061035156,50.5099983215332,50.599998474121094,45.54948425292969,11847100,46.125607113745154,46.23362864779815,45.46846724390428
2019-06-03,50.560001373291016,51.08000183105469,49.88999938964844,50.2400016784668,45.22542190551758,17434400,45.51348163331542,45.98157954947261,44.910354217403
2019-06-04,50.790000915527344,52.2400016784668,50.630001068115234,52.02000045776367,46.827754974365234,17073200,45.72052474223193,47.02579732666225,45.57649487709125
2019-06-05,52.779998779296875,53.2400016784668,51.849998474121094,52.099998474121094,46.89976119995117,15855300,47.51188889405234,47.92597769931537,46.67471435458875
2019-06-06,52.09000015258789,52.7400016784668,51.86000061035156,52.59000015258789,47.340858459472656,10266900,46.89076473136736,47.4758879514813,46.683722028512044
2019-06-07,52.79999923706055,53.41999816894531,52.779998779296875,53.2599983215332,47.94397735595703,11591800,47.529891993870166,48.08800719641952,47.51188783456957
2019-06-10,53.68000030517578,54.40999984741211,53.56999969482422,54.0099983215332,48.61912536621094,12984600,48.32206527684808,48.97920173980395,48.223044102412864
2019-06-11,54.5,54.61000061035156,53.84000015258789,53.939998626708984,48.55609893798828,11288400,49.06020503326474,49.15922618001028,48.46608158673334
2019-06-12,53.68000030517578,54.04999923706055,53.43000030517578,53.619998931884766,48.26804733276367,10235400,48.32205981287805,48.65512818872738,48.09701296331507
2019-06-13,53.97999954223633,53.97999954223633,53.439998626708984,53.84000015258789,48.46609115600586,11289100,48.59211684622236,48.59211684622236,48.10601481200799
2019-06-14,53.61000061035156,53.83000183105469,53.279998779296875,53.279998779296875,47.96198654174805,12973000,48.25905005042716,48.45709238954658,47.96198654174805
2019-06-17,53.34000015258789,53.54999923706055,52.95000076293945,53.130001068115234,47.826961517333984,15207900,48.01600006297363,48.20503860861327,47.66492749708781
2019-06-18,52.86000061035156,53.599998474121094,52.40999984741211,52.900001525878906,47.61991882324219,20999700,47.58391050007918,48.25004730888133,47.17882544935209
2019-06-19,52.75,53.130001068115234,52.25,52.68000030517578,47.421871185302734,35449500,47.48488402683149,47.82695619080351,47.034790339373366
2019-06-20,55.97999954223633,57.470001220703125,55.529998779296875,56.9900016784668,51.30167770385742,54173900,50.392486573008924,51.73376721234241,49.98740158569732
2019-06-21,57.13999938964844,57.150001525878906,56.060001373291016,56.119998931884766,50.518516540527344,45169000,51.436708111760666,51.445711908877854,50.46450749359403
2019-06-24,56.25,57.29999923706055,55.900001525878906,56.7400016784668,51.076637268066406,19544200,50.63554390797773,51.58074004080479,50.32047967501623
2019-06-25,56.869998931884766,57.18000030517578,56.060001373291016,56.06999969482422,50.473506927490234,25462100,51.193656156196035,51.47271548466934,50.464506564481205
2019-06-26,56.43000030517578,56.849998474121094,56.2400016784668,56.65999984741211,51.00461959838867,15045200,50.79757690175684,51.17565397370823,50.62654252643729
2019-06-27,57.0,57.38999938964844,56.7599983215332,56.77000045776367,51.103641510009766,12605800,51.31068420965985,51.66175676271618,51.09463771257918
2019-06-28,56.900001525878906,57.08000183105469,56.36000061035156,56.970001220703125,51.28367614746094,42570500,51.22066330556404,51.382697308711016,50.7345612961231
2019-07-01,57.150001525878906,58.09000015258789,57.029998779296875,58.0099983215332,52.21986389160156,20413000,51.445705696192505,52.29188052407238,51.337680747486274
2019-07-02,57.880001068115234,58.560001373291016,57.77000045776367,58.459999084472656,52.62495803833008,17569600,52.10285109766762,52.71497884461163,52.00382992772923
2019-07-03,58.45000076293945,58.95000076293945,58.380001068115234,58.86000061035156,52.985023498535156,9989100,52.61594685354263,53.066040490555075,52.55293401907625
2019-07-05,58.529998779296875,59.52000045776367,58.34000015258789,59.279998779296875,53.363101959228516,13838900,52.687961485315434,53.5791484218152,52.51692713480992
2019-07-08,59.189998626708984,59.66999816894531,59.0099983215332,59.529998779296875,53.58815383911133,16105600,53.282089991373816,53.71417952336636,53.12005598763382
2019-07-09,59.20000076293945,59.630001068115234,59.0099983215332,59.599998474121094,53.65116500854492,14348600,53.291092126748374,53.67817296428779,53.120054331498444
2019-07-10,59.939998626708984,60.5,59.75,60.150001525878906,54.14627456665039,16059100,53.9572325990728,54.461338789375574,53.78619822587092
2019-07-11,60.18000030517578,60.209999084472656,59.400001525878906,59.9900016784668,54.00223159790039,11150200,54.173265929551434,54.20027044666959,53.47112101294629
2019-07-12,60.09000015258789,60.09000015258789,59.29999923706055,59.810001373291016,53.8402099609375,11234300,54.09226133562417,54.09226133562417,53.3811124611097
2019-07-15,59.849998474121094,59.849998474121094,59.25,59.529998779296875,53.58815383911133,10721600,53.876213527106366,53.876213527106366,53.33610247060127
2019-07-16,59.16999816894531,59.47999954223633,58.59000015258789,58.61000061035156,52.97354507446289,9698900,53.47968831969118,53.75987722175846,52.955468037441555
2019-07-17,58.79999923706055,58.95000076293945,57.9900016784668,57.9900016784668,52.41318130493164,9090900,53.14528248903784,53.28085857016127,52.41318130493164
2019-07-18,57.689998626708984,58.13999938964844,57.599998474121094,58.119998931884766,52.53067398071289,11882300,52.142026247438345,52.54875102038179,52.06068129284966
2019-07-19,58.310001373291016,58.529998779296875,57.52000045776367,57.540000915527344,52.00645446777344,11663500,52.70240499105619,52.90124553496352,51.98837742781044
2019-07-22,57.880001068115234,58.08000183105469,57.54999923706055,57.599998474121094,52.06068801879883,8761700,52.31376315901663,52.494530131217,52.015497137709545
2019-07-23,58.060001373291016,58.13999938964844,57.45000076293945,57.45000076293945,51.925113677978516,8141100,52.476451373635676,52.54875609144608,51.925113677978516
2019-07-24,57.45000076293945,58.220001220703125,57.380001068115234,58.11000061035156,52.521636962890625,10778700,51.92510844770821,52.62105895672815,51.86184053305574
2019-07-25,58.369998931884766,58.630001068115234,58.08000183105469,58.290000915527344,52.6843376159668,8175900,52.75664234124017,52.99164045602644,52.49453383330029
2019-07-26,58.34000015258789,58.650001525878906,58.20000076293945,58.5,52.8741340637207,6057200,52.72952118539177,53.00971014558539,52.60298534783432
2019-07-29,58.790000915527344,58.790000915527344,57.79999923706055,58.060001373291016,52.4764518737793,7439300,53.136248376362026,53.136248376362026,52.241453781008765
2019-07-30,57.7599983215332,58.150001525878906,57.43000030517578,57.4900016784668,51.96125793457031,6367200,52.205289327895116,52.55778639703169,51.907026820585656
2019-07-31,57.880001068115234,57.880001068115234,55.619998931884766,56.29999923706055,50.88569259643555,11966700,52.31374745551855,52.31374745551855,50.27108714415199
2019-08-01,56.29999923706055,56.849998474121094,55.52000045776367,55.880001068115234,50.50609588623047,10215200,50.88570339137236,51.382809935276555,50.18071605448433
2019-08-02,56.189998626708984,56.189998626708984,55.0,55.84000015258789,50.46993637084961,12644400,50.786275924404706,50.786275924404706,49.710717994474834
2019-08-05,55.099998474121094,55.099998474121094,53.689998626708984,53.7599983215332,48.58998107910156,16204600,49.8011154558331,49.8011154558331,48.526713148423646
2019-08-06,54.20000076293945,54.45000076293945,53.61000061035156,53.959999084472656,48.77073287963867,13149500,48.987653894274814,49.21361170425962,48.45439332479697
2019-08-07,53.130001068115234,54.06999969482422,52.970001220703125,53.34000015258789,48.210350036621094,16344100,48.0205463369429,48.87014631253241,47.875933501782086
2019-08-08,53.720001220703125,54.75,53.720001220703125,54.650001525878906,49.394378662109375,12460700,48.55381533279314,49.48476040700341,48.55381533279314
2019-08-09,54.2400016784668,54.470001220703125,53.52000045776367,53.900001525878906,48.71651077270508,8471300,49.02381356727581,49.231694362449694,48.37305389692768
2019-08-12,53.68000030517578,53.790000915527344,53.0,53.25,48.129024505615234,6580100,48.517672303272086,48.61709431399965,47.90306664408653
2019-08-13,53.13999938964844,54.2400016784668,53.0,53.970001220703125,48.77976989746094,11014800,48.02958836294973,49.0238047298498,47.90305254937972
2019-08-14,53.349998474121094,53.369998931884766,52.2400016784668,52.31999969482422,47.2884635925293,12489200,48.219408930052836,48.23748597371316,47.21615886573154
2019-08-15,52.650001525878906,52.720001220703125,51.959999084472656,52.59000015258789,47.53248977661133,11257000,47.58672089762793,47.6499888148925,46.96307507338722
2019-08-16,53.18000030517578,53.70000076293945,53.0099983215332,53.59000015258789,48.43632888793945,9913100,48.06575812106665,48.53575090185421,47.912104977422906
2019-08-19,54.220001220703125,54.369998931884766,53.7599983215332,53.869998931884766,48.68939208984375,8273100,49.005735119554366,49.14130774842218,48.589970093301645
2019-08-20,53.52000045776367,53.84000015258789,52.900001525878906,52.97999954223633,47.884986877441406,7577800,48.37305665806152,48.66228242853793,47.812682158743876
2019-08-21,53.529998779296875,53.93000030517578,53.16999816894531,53.2400016784668,48.119991302490234,6113100,48.38209982108059,48.74363380566836,48.05671992452031
2019-08-22,53.58000183105469,53.720001220703125,52.88999938964844,53.189998626708984,48.07478713989258,6744900,48.42728425432907,48.55382008871211,47.8036384308085
2019-08-23,53.060001373291016,53.31999969482422,51.25,51.58000183105469,46.61961364746094,11374500,47.95728337231806,48.192277960696856,46.32134770483622
2019-08-26,52.13999938964844,52.31999969482422,51.83000183105469,52.130001068115234,47.116722106933594,8582300,47.12575890201442,47.28844879620891,46.845573432556925
2019-08-27,52.439998626708984,52.619998931884766,52.220001220703125,52.38999938964844,47.351722717285156,13853100,47.39691359411182,47.55960350896214,47.198073046505904
2019-08-28,52.20000076293945,52.20000076293945,51.619998931884766,51.95000076293945,46.954036712646484,7499000,47.17999453758911,47.17999453758911,46.65577072875768
2019-08-29,52.650001525878906,52.810001373291016,52.09000015258789,52.15999984741211,47.143829345703125,6858000,47.58670809524923,47.73132093121167,47.08056144545968
2019-08-30,52.5,52.54999923706055,51.75,52.060001373291016,47.05345916748047,7920000,47.45114370204563,47.49633457790758,46.77327022058783
2019-09-03,51.939998626708984,52.0,51.54999923706055,51.88999938964844,46.89980697631836,10128000,46.94499785307082,46.999228973879504,46.59250418742158
2019-09-04,52.349998474121094,53.130001068115234,52.220001220703125,52.970001220703125,47.875946044921875,10558300,47.31556814499721,48.02055891797017,47.198072556037424
2019-09-05,53.72999954223633,54.33000183105469,53.630001068115234,53.84000015258789,48.66227722167969,10414500,48.562855227245976,49.10515607474547,48.47247347658412
2019-09-06,54.099998474121094,54.13999938964844,53.13999938964844,53.15999984741211,48.04767990112305,11636100,48.897280225676234,48.933434311276805,48.02960285832276
2019-09-09,53.619998931884766,54.68000030517578,53.45000076293945,54.540000915527344,49.29495620727539,17803800,48.46342968118478,49.42149202806596,48.30978002675123
2019-09-10,54.540000915527344,55.470001220703125,54.13999938964844,55.470001220703125,50.135520935058594,19976400,49.29495759012128,50.135520935058594,48.933423708141255
2019-09-11,55.27000045776367,56.290000915527344,55.15999984741211,56.290000915527344,50.87665557861328,16749400,49.954747404237054,50.87665557861328,49.855325427415764
2019-09-12,54.34000015258789,54.880001068115234,52.900001525878906,53.88999938964844,48.70746994018555,28184400,49.114194729240644,49.602264476106754,47.81267885210725
2019-09-13,54.0,54.720001220703125,53.33000183105469,53.75,48.5809326171875,14736700,48.806890443313954,49.45765008586784,48.201325124259604
2019-09-16,53.400001525878906,53.56999969482422,52.790000915527344,53.13999938964844,48.02959442138672,15204200,48.26459248866701,48.4182421537141,47.71325484755874
2019-09-17,53.18000030517578,53.20000076293945,52.349998474121094,52.869998931884766,47.78555679321289,11111400,48.065745719421436,48.0838227580003,47.31556413369012
2019-09-18,52.81999969482422,52.84000015258789,51.86000061035156,52.560001373291016,47.50537109375,8911800,47.740365698496404,47.758442736991135,46.87268853780461
2019-09-19,52.38999938964844,53.66999816894531,52.38999938964844,53.369998931884766,48.23746871948242,14855000,47.35171458401644,48.50861738171204,47.35171458401644
2019-09-20,53.709999084472656,54.25,53.41999816894531,53.470001220703125,48.32786560058594,59517000,48.54478320372583,49.03285298255527,48.282671272742256
2019-09-23,53.16999816894531,54.16999816894531,53.060001373291016,54.02000045776367,48.82496643066406,13863100,48.05670776968918,48.960539054711816,47.95728922452459
2019-09-24,54.13999938964844,54.4900016784668,53.119998931884766,53.349998474121094,48.21939468383789,15354800,48.93342218216827,49.24976518099639,48.011513914926994
2019-09-25,53.310001373291016,53.95000076293945,52.88999938964844,53.84000015258789,48.66227722167969,11607200,48.183247737054835,48.7616992161134,47.80363679902091
2019-09-26,54.11000061035156,54.33000183105469,53.470001220703125,53.959999084472656,48.77073287963867,13324300,48.90630894476658,49.10515292086283,48.32785750286028
2019-09-27,54.189998626708984,54.599998474121094,53.619998931884766,54.09000015258789,48.88822937011719,12391100,48.97861111028548,49.349181761523255,48.463427606073004
2019-09-30,54.25,55.279998779296875,54.04999923706055,55.029998779296875,49.73783493041992,17445100,49.03284762547394,49.96379275357879,48.8520806773783
2019-10-01,55.040000915527344,55.63999938964844,53.75,53.79999923706055,48.62612533569336,16443200,49.74687771280605,50.289175136924584,48.580934458323966
2019-10-02,53.5,53.560001373291016,52.68000030517578,53.150001525878906,48.03863525390625,15923700,48.35497483161144,48.40920595115068,47.61383343712258
2019-10-03,53.060001373291016,53.880001068115234,52.939998626708984,53.86000061035156,48.68035888671875,11268500,47.95729446919396,48.69843592813726,47.848832220682915
2019-10-04,54.0,55.18000030517578,53.84000015258789,55.13999938964844,49.83725357055664,13659500,48.806886517943745,49.873407647311396,48.66227365876724
2019-10-07,55.06999969482422,55.36000061035156,54.75,54.79999923706055,49.52995681762695,12352100,49.7739916935386,50.036103610018834,49.484765940126934
2019-10-08,54.290000915527344,54.709999084472656,53.77000045776367,54.04999923706055,48.85207748413086,14771500,49.068998497235,49.448605960364084,48.599005842044804
2019-10-09,54.150001525878906,54.9900016784668,54.060001373291016,54.529998779296875,49.5057373046875,12803100,49.16075207407431,49.92335665542086,49.07904431667217
2019-10-10,54.45000076293945,55.599998474121094,54.349998474121094,55.4900016784668,50.377296447753906,13789000,49.43311852663866,50.47715842316145,49.34233019005781
2019-10-11,55.91999816894531,57.33000183105469,55.709999084472656,56.88999938964844,51.64828872680664,18675200,50.7676611358465,52.047750378732495,50.57701087282009
2019-10-14,56.83000183105469,57.209999084472656,56.40999984741211,56.459999084472656,51.25792694091797,11079600,51.59383863166854,51.93882396233257,51.21253449880126
2019-10-15,56.630001068115234,56.81999969482422,56.349998474121094,56.349998474121094,51.15804672241211,9150100,51.41225055868244,51.5847431742206,51.15804672241211
2019-10-16,55.790000915527344,56.0099983215332,55.54999923706055,55.880001068115234,50.731353759765625,8912300,50.64964600221201,50.84937338261613,50.43175749432893
2019-10-17,56.0099983215332,56.2400016784668,54.9900016784668,55.060001373291016,49.986907958984375,9917700,50.84937451962151,51.05818593165453,49.92335786426838
2019-10-18,54.95000076293945,55.2599983215332,54.18000030517578,54.54999923706055,49.52389144897461,12562900,49.88703778122227,50.16847289865512,49.18798334273858
2019-10-21,55.060001373291016,55.29999923706055,54.81999969482422,55.130001068115234,50.05046081542969,8256600,49.98691071720707,50.204795778764435,49.7690221924291
2019-10-22,55.220001220703125,55.43000030517578,54.02000045776367,54.11000061035156,49.12444305419922,7777100,50.1321710371649,50.322821341179825,49.04273528630414
2019-10-23,54.0,54.630001068115234,53.869998931884766,54.130001068115234,49.14259719848633,10491000,49.024574105936956,49.59652844020797,48.90655101338758
2019-10-24,54.470001220703125,54.650001525878906,53.939998626708984,54.2599983215332,49.260616302490234,6449200,49.45127005402776,49.6146855763625,48.970100587944145
2019-10-25,54.040000915527344,54.41999816894531,54.0099983215332,54.16999816894531,49.178916931152344,6307000,49.06089728294816,49.405882588312664,49.03365904909858
2019-10-28,54.349998474121094,54.68000030517578,54.27000045776367,54.63999938964844,49.60560607910156,7280200,49.342325124875316,49.64192141000599,49.26969792628703
2019-10-29,54.720001220703125,55.310001373291016,54.560001373291016,54.79999923706055,49.75086212158203,8333900,49.67823492564757,50.213873915643426,49.53297707055822
2019-10-30,55.18000030517578,55.18000030517578,54.45000076293945,54.849998474121094,49.7962646484375,6284900,50.095860983365775,50.095860983365775,49.43312166869489
2019-10-31,54.720001220703125,54.849998474121094,54.2400016784668,54.4900016784668,49.46942901611328,8260600,49.67823697496667,49.79625660613125,49.242463391722126
2019-11-01,54.810001373291016,55.150001525878906,54.54999923706055,55.0,49.93244552612305,7313600,49.759952870156056,50.068626308300935,49.52390664281054
2019-11-04,55.2599983215332,55.75,55.2599983215332,55.45000076293945,50.340980529785156,8757000,50.168484423890845,50.61333860992984,50.168484423890845
2019-11-05,55.7599983215332,55.84000015258789,55.5099983215332,55.66999816894531,50.54069900512695,10759300,50.62240676104525,50.69503741662608,50.39544115718557
2019-11-06,55.709999084472656,55.88999938964844,55.599998474121094,55.70000076293945,50.56794738769531,10572100,50.57702448985565,50.74044003450955,50.47715904998706
2019-11-07,55.959999084472656,56.630001068115234,55.86000061035156,55.97999954223633,50.822139739990234,9677700,50.803982075330694,51.412251720153805,50.713197215253416
2019-11-08,55.97999954223633,56.4900016784668,55.77000045776367,56.4900016784668,51.28515625,5869600,50.8221444166266,51.28515625,50.63149411498849
2019-11-11,56.20000076293945,56.61000061035156,56.18000030517578,56.43000030517578,51.230682373046875,5018000,51.02187440865679,51.39409790399923,51.003716742637565
2019-11-12,56.529998779296875,56.849998474121094,56.41999816894531,56.59000015258789,51.375938415527344,6184900,51.32146541940198,51.61198113896281,51.22159999144909
2019-11-13,56.209999084472656,56.560001373291016,56.16999816894531,56.209999084472656,51.03094482421875,6802300,51.03094482421875,51.34869874309355,50.99462949693816
2019-11-14,55.810001373291016,56.33000183105469,55.63999938964844,56.09000015258789,50.92201232910156,9056100,50.66781191454102,51.139900872454106,50.513473474828615
2019-11-15,56.400001525878906,56.560001373291016,56.27000045776367,56.41999816894531,51.22159957885742,7216900,51.20344537684909,51.348703235459446,51.08542228447176
2019-11-18,56.560001373291016,56.560001373291016,55.959999084472656,56.189998626708984,51.01279830932617,6923300,51.3487099652541,51.3487099652541,50.80399032665856
2019-11-19,56.470001220703125,56.95000076293945,56.2599983215332,56.27000045776367,51.08543014526367,7199500,51.26700336227141,51.70277700515734,51.0763495796417
2019-11-20,56.220001220703125,56.619998931884766,55.810001373291016,56.2400016784668,51.05819320678711,9117000,51.040035539535246,51.40317849490974,50.667812018924366
2019-11-21,56.220001220703125,56.59000015258789,56.119998931884766,56.22999954223633,51.049110412597656,8067100,51.040033310978515,51.375941482418945,50.94924497868329
2019-11-22,56.41999816894531,57.060001373291016,56.25,56.38999938964844,51.19436264038086,6346900,51.221597405458276,51.80263227846618,51.067262452392384
2019-11-25,56.459999084472656,56.68000030517578,56.279998779296875,56.560001373291016,51.348690032958984,7977700,51.25790173015768,51.457632533100906,51.094486248334974
2019-11-26,56.75,56.86000061035156,56.41999816894531,56.5099983215332,51.303321838378906,12076900,51.52121041947698,51.621075874846035,51.22161405336982
2019-11-27,56.900001525878906,56.90999984741211,56.380001068115234,56.61000061035156,51.39409637451172,5790000,51.65737732912424,51.66645443025338,51.18528841633576
2019-11-29,56.33000183105469,56.4900016784668,56.09000015258789,56.13999938964844,50.96739959716797,6479400,51.13989568660283,51.28515354636765,50.92200716534531
2019-12-02,56.22999954223633,56.459999084472656,55.380001068115234,55.43000030517578,50.32281494140625,14314000,51.04910419520777,51.25791213922444,50.27742251239747
2019-12-03,54.619998931884766,54.9900016784668,54.459999084472656,54.59000015258789,49.56021499633789,11963700,49.58744976364738,49.92336138882754,49.44219189929565
2019-12-04,54.900001525878906,54.900001525878906,54.18000030517578,54.40999984741211,49.39680862426758,11436800,49.84166286438288,49.84166286438288,49.188000622000004
2019-12-05,54.5,54.83000183105469,54.29999923706055,54.68000030517578,49.64192199707031,10557400,49.47850646928841,49.7781027579621,49.29693327583956
2019-12-06,55.029998779296875,55.130001068115234,54.61000061035156,54.83000183105469,49.77810287475586,9088600,49.95967260541011,50.050460933957865,49.57837201517144
2019-12-09,54.84000015258789,55.47999954223633,54.7599983215332,55.310001373291016,50.21387481689453,11996700,49.787178344752135,50.36820977553808,49.71454768429364
2019-12-10,55.400001525878906,55.90999984741211,55.22999954223633,55.81999969482422,50.67687225341797,10719700,50.29557175770542,50.75857999724491,50.14123336904574
2019-12-11,55.79999923706055,56.5,55.650001525878906,56.310001373291016,51.12173080444336,12159600,50.6587190608416,51.29422340630711,50.5225417845976
2019-12-12,56.29999923706055,56.65999984741211,55.7599983215332,56.470001220703125,51.26698684692383,15413200,51.112648450059055,51.439479442742154,50.62240196103441
2019-12-13,55.0,55.400001525878906,54.41999816894531,54.5099983215332,49.487586975097656,21427700,49.93244115649084,50.29558756837184,49.40587920558548
2019-12-16,54.599998474121094,54.97999954223633,53.70000076293945,53.9900016784668,49.01549530029297,19951000,49.56928848682869,49.91427718824111,48.752214358077694
2019-12-17,53.88999938964844,54.060001373291016,52.83000183105469,52.84000015258789,47.971458435058594,19778400,48.92471344285644,49.07905188094571,47.96238133315728
2019-12-18,53.060001373291016,53.61000061035156,52.95000076293945,53.38999938964844,48.470767974853516,14123100,48.17117521467597,48.67049879045179,48.07130980687683
2019-12-19,53.29999923706055,53.599998474121094,53.040000915527344,53.2400016784668,48.3346061706543,11910100,48.38907570999322,48.66143379635074,48.15303295867563
2019-12-20,53.90999984741211,53.95000076293945,53.349998474121094,53.599998474121094,48.661434173583984,27423700,48.94287282749374,48.979188162815184,48.43446852265641
2019-12-23,53.650001525878906,54.06999969482422,53.61000061035156,53.709999084472656,48.76129913330078,10591500,48.70682959407669,49.088130221529156,48.670514259113325
2019-12-24,53.779998779296875,53.959999084472656,53.36000061035156,53.439998626708984,48.516170501708984,3331700,48.824843888637496,48.98825941484792,48.44354330296023
2019-12-26,53.45000076293945,53.65999984741211,53.279998779296875,53.56999969482422,48.63418960571289,6702000,48.525247084917424,48.71589736211457,48.37090867250524
2019-12-27,53.65999984741211,53.79999923706055,53.34000015258789,53.459999084472656,48.53433609008789,7262000,48.71590931143118,48.84300952740515,48.42539354257037
2019-12-30,53.400001525878906,53.4900016784668,52.619998931884766,52.70000076293945,47.8443489074707,5936100,48.47985327659252,48.56156103066847,47.77171825352755
2019-12-31,52.56999969482422,53.0,52.54999923706055,52.97999954223633,48.09856414794922,7094500,47.72634058940277,48.11672181705164,47.708182920300345
2020-01-02,53.27000045776367,53.959999084472656,53.22999954223633,53.95000076293945,48.97917938232422,13899600,48.3618326454152,48.98825648291683,48.32551731660399
2020-01-03,52.9900016784668,54.04999923706055,52.95000076293945,53.7599983215332,48.80669021606445,11026700,48.107639085132796,49.06997119241167,48.07132375117714
2020-01-06,53.36000061035156,54.20000076293945,53.349998474121094,54.040000915527344,49.06088638305664,10982400,48.44353965567924,49.20614423283837,48.43445909200645
2020-01-07,53.88999938964844,54.33000183105469,53.61000061035156,54.15999984741211,49.16983413696289,12015400,48.92471084001779,49.32417256684122,48.67051044165429
2020-01-08,53.939998626708984,54.599998474121094,53.70000076293945,54.130001068115234,49.36133575439453,11856700,49.18807186894575,49.789928019381854,48.969216984406614
2020-01-09,54.25,54.79999923706055,54.029998779296875,54.380001068115234,49.58930969238281,10671000,49.47076127199878,49.97230746474356,49.270141403446665
2020-01-10,54.54999923706055,54.650001525878906,54.220001220703125,54.45000076293945,49.65314483642578,9734800,49.74433379233734,49.835526226884596,49.44340745492064
2020-01-13,54.459999084472656,54.790000915527344,54.36000061035156,54.58000183105469,49.77168273925781,10858900,49.66225184093706,49.96318159336669,49.571062904304725
2020-01-14,54.52000045776367,55.18000030517578,54.5,54.880001068115234,50.04526138305664,12627200,49.716975590555606,50.31883171726232,49.69873710445715
2020-01-15,54.880001068115234,55.18000030517578,54.68000030517578,54.7599983215332,49.935829162597656,9090800,50.04526007633102,50.31883040339355,49.86287869874419
2020-01-16,54.97999954223633,55.45000076293945,54.93000030517578,55.43000030517578,50.54680633544922,9866000,50.136449104890424,50.565044821100216,50.09085463008066
2020-01-17,55.630001068115234,55.689998626708984,54.849998474121094,55.130001068115234,50.27323532104492,11166600,50.729187020183566,50.783898997753546,50.01790000405521
2020-01-21,54.97999954223633,55.36000061035156,54.91999816894531,55.220001220703125,50.35530471801758,8773000,50.136446380732714,50.48297063200239,50.081730926752684
2020-01-22,55.40999984741211,55.650001525878906,54.599998474121094,54.720001220703125,49.89936065673828,6380500,50.52857281972667,50.747431190429815,49.78992973206881
2020-01-23,54.40999984741211,55.0,54.279998779296875,54.97999954223633,50.136451721191406,6583200,49.61666702823784,50.154690207794154,49.49811860463781
2020-01-24,55.060001373291016,55.20000076293945,53.880001068115234,54.06999969482422,49.306617736816406,6426000,50.20940365496838,50.33706957743451,49.13335733898887
2020-01-27,53.18000030517578,53.52000045776367,52.630001068115234,52.689998626708984,48.048179626464844,8259100,48.49501373688191,48.80506097222739,47.993467659344
2020-01-28,52.86000061035156,53.68000030517578,52.65999984741211,53.459999084472656,48.75035095214844,8620300,48.2032103482375,48.95097079694551,48.02082898738881
2020-01-29,53.779998779296875,53.939998626708984,53.18000030517578,53.20000076293945,48.51325607299805,6332500,49.04215817611568,49.18806256442072,48.495017589630535
2020-01-30,52.81999969482422,53.33000183105469,52.279998779296875,53.310001373291016,48.613563537597656,7176200,48.1667294142429,48.63180202004426,47.67430082408906
2020-01-31,53.34000015258789,53.4900016784668,52.290000915527344,52.45000076293945,47.82933807373047,8884700,48.640931611837466,48.7777185248685,47.68343365652736
2020-02-03,52.72999954223633,53.40999984741211,52.689998626708984,53.09000015258789,48.4129524230957,8892500,48.0846666372388,48.70476123749396,48.04818966578015
2020-02-04,53.75,54.560001373291016,53.75,54.040000915527344,49.27925491333008,9769800,49.01480212281829,49.75344504432657,49.01480212281829
2020-02-05,54.66999816894531,55.029998779296875,54.58000183105469,54.7400016784668,49.917598724365234,9612900,49.853762279527025,50.18204809350289,49.77169430466882
2020-02-06,55.0,55.349998474121094,54.709999084472656,54.709999084472656,49.890228271484375,8832000,50.15468106104227,50.4738458217949,49.890228271484375
2020-02-07,54.27000045776367,54.970001220703125,54.189998626708984,54.720001220703125,49.89936065673828,7864800,49.489003385817256,50.12733653184599,49.41604943603761
2020-02-10,54.720001220703125,55.06999969482422,54.45000076293945,54.9900016784668,50.14557647705078,7198200,49.89936210734057,50.21852695031535,49.65314773763037
2020-02-11,55.16999816894531,55.540000915527344,55.11000061035156,55.150001525878906,50.291473388671875,8466600,50.30970839528679,50.64711515446401,50.2549964181713
2020-02-12,55.54999923706055,55.88999938964844,55.25,55.72999954223633,50.820377349853516,7541100,50.65623445541137,50.96628175839815,50.38266412421964
2020-02-13,55.310001373291016,55.63999938964844,55.0099983215332,55.310001373291016,50.43738555908203,8480100,50.43738555908203,50.738311915464095,50.16381171683445
2020-02-14,55.380001068115234,55.84000015258789,55.2400016784668,55.470001220703125,50.583282470703125,7496800,50.50121102594785,50.92068575308128,50.37354510713641
2020-02-18,55.41999816894531,55.7599983215332,55.099998474121094,55.45000076293945,50.56504440307617,7185700,50.53768493550814,50.847732231741,50.2458761247755
2020-02-19,55.59000015258789,55.77000045776367,55.38999938964844,55.439998626708984,50.55593490600586,6819200,50.692721839014226,50.85686476716978,50.51034042121514
2020-02-20,55.400001525878906,55.869998931884766,54.880001068115234,55.5099983215332,50.61976623535156,6114600,50.51945976352632,50.94805208099373,50.04526948411386
2020-02-21,55.08000183105469,55.34000015258789,54.439998626708984,54.68000030517578,49.86286544799805,9078600,50.2276281062383,50.464721399050305,49.644007157326996
2020-02-24,53.099998474121094,53.529998779296875,52.5099983215332,52.650001525878906,48.01171875,10992500,48.42207252571153,48.814191293350426,47.88404934304204
2020-02-25,53.06999969482422,53.220001220703125,50.79999923706055,50.959999084472656,46.4705810546875,12202600,48.394697148689914,48.53148400488919,46.32467669810426
2020-02-26,51.310001373291016,53.13999938964844,51.2400016784668,52.04999923706055,47.464569091796875,16413100,46.78976255486109,48.45854389123817,46.725929598087035
2020-02-27,50.880001068115234,53.459999084472656,50.7599983215332,50.779998779296875,46.30644989013672,16161100,46.39764231013249,48.75035108786124,46.28821140613756
2020-02-28,49.2400016784668,49.88999938964844,47.900001525878906,49.459999084472656,45.10274124145508,24426000,44.90212485931712,45.4948599809837,43.680174166546976
2020-03-02,49.72999954223633,50.900001525878906,48.66999816894531,50.900001525878906,46.415889739990234,17328500,45.34896083153602,46.415889739990234,44.38234186509259
2020-03-03,50.619998931884766,51.84000015258789,48.25,48.849998474121094,44.546478271484375,21830500,46.160547655213364,47.27307088073664,43.99933764046637
2020-03-04,49.849998474121094,50.59000015258789,48.83000183105469,50.540000915527344,46.08759689331055,14813700,45.45838134525223,46.13319136582492,44.52824297432608
2020-03-05,49.22999954223633,49.68000030517578,47.75,48.0,43.771366119384766,15843000,44.893006958757724,45.30336421185409,43.54339025417964
2020-03-06,46.56999969482422,48.29999923706055,46.459999084472656,47.369998931884766,43.19684982299805,24581400,42.46732802268074,44.044920002940145,42.36701812289317
2020-03-09,44.95000076293945,47.56999969482422,44.65999984741211,46.0099983215332,41.9566764831543,25949300,40.99006104604751,43.37924712693141,40.72560820891483
2020-03-10,47.45000076293945,48.90999984741211,46.15999984741211,48.58000183105469,44.300270080566406,27067700,43.269818235732735,44.601196402091155,42.09346198196438
2020-03-11,46.810001373291016,47.47999954223633,44.27000045776367,44.720001220703125,40.78031539916992,24139200,42.68619337502717,43.29716689695559,40.36995823142364
2020-03-12,41.119998931884766,43.400001525878906,39.709999084472656,39.79999923706055,36.29376220703125,24123800,37.49747466822883,39.57661722009058,36.21169074473887
2020-03-13,44.45000076293945,47.9900016784668,43.41999816894531,47.93000030517578,43.707523345947266,28339400,40.53410043195335,43.7622387936253,39.59483771263883
2020-03-16,42.5099983215332,47.56999969482422,41.2599983215332,42.720001220703125,38.956520080566406,27493700,38.76501769468807,43.37925082843564,37.625138277336625
2020-03-17,43.619998931884766,47.709999084472656,41.65999984741211,46.86000061035156,42.73179244995117,25588900,39.777224002268476,43.50690892254665,37.98989423297952
2020-03-18,43.66999816894531,47.79999923706055,42.560001373291016,47.27000045776367,43.105674743652344,29557000,39.8228203701504,43.58898243930843,38.810610503921986
2020-03-19,46.470001220703125,47.970001220703125,44.869998931884766,45.06999969482422,41.099491119384766,20159100,42.37615743111303,43.74401270283509,40.917109720761324
2020-03-20,45.02000045776367,46.70000076293945,44.5099983215332,45.650001525878906,41.628395080566406,26340800,41.053894916534375,42.58589303486266,40.58882219562988
2020-03-23,45.0,46.4900016784668,43.88999938964844,44.189998626708984,40.2970085144043,23063700,41.03565149359776,42.39438904031863,40.023438200174034
2020-03-24,45.33000183105469,48.0099983215332,45.29999923706055,47.84000015258789,43.62547302246094,19323700,41.33659627260278,43.78049498127233,41.309236796208125
2020-03-25,47.099998474121094,48.7400016784668,45.47999954223633,45.939998626708984,41.89284133911133,25625800,42.950649153950394,44.44617366612017,41.47336660602447
2020-03-26,46.380001068115234,50.7400016784668,46.189998626708984,50.47999954223633,46.03289031982422,22417900,42.294087194187306,46.26998718845638,42.12082329511705
2020-03-27,49.09000015258789,51.599998474121094,48.560001373291016,49.83000183105469,45.440147399902344,20025300,44.76533736357699,47.05421333212845,44.28202968209886
2020-03-30,50.400001525878906,51.59000015258789,49.59000015258789,50.36000061035156,45.92345428466797,20611900,45.95993125435226,47.04509501269532,45.22128827210412
2020-03-31,51.119998931884766,51.18000030517578,48.0,48.33000183105469,44.072288513183594,15802000,46.61649609688204,46.67121154763068,43.77135875201864
2020-04-01,46.54999923706055,48.9900016784668,46.040000915527344,48.709999084472656,44.418819427490234,17918200,42.449107972164235,44.674154777431134,41.98403870962492
2020-04-02,48.18000030517578,49.88999938964844,48.099998474121094,49.79999923706055,45.41278076171875,16434400,43.93549848350633,45.494852192654704,43.86254455439224
2020-04-03,49.29999923706055,50.04999923706055,48.95000076293945,49.400001525878906,45.04803466796875,13362500,44.95684223002508,45.64076986074139,44.6376773938118
2020-04-06,50.400001525878906,51.880001068115234,50.349998474121094,51.4900016784668,46.95390701293945,13845800,45.95993218014963,47.30954877793698,45.91433422780811
2020-04-07,52.150001525878906,52.33000183105469,50.709999084472656,50.7599983215332,46.2882194519043,14063000,47.55576822040592,47.71991112629431,46.242624973298796
2020-04-08,50.97999954223633,52.68000030517578,50.880001068115234,52.130001068115234,47.76335525512695,15710700,46.70968308365085,48.26728405642213,46.61806093620115
2020-04-09,52.2400016784668,53.619998931884766,52.029998779296875,53.18000030517578,48.725406646728516,15521200,47.86414649120152,49.1285490289656,47.67173437009721
2020-04-13,52.70000076293945,53.13999938964844,52.400001525878906,52.970001220703125,48.532997131347656,12694800,48.28561311888542,48.688755493734334,48.010743158981114
2020-04-14,53.709999084472656,54.099998474121094,53.45000076293945,54.0,49.47671890258789,11674600,49.2110097585316,49.56834105804673,48.972790057241916
2020-04-15,53.209999084472656,53.45000076293945,52.810001373291016,53.15999984741211,48.70708084106445,10398100,48.752891918726036,48.9727899847273,48.38639980227217
2020-04-16,53.150001525878906,53.869998931884766,53.06999969482422,53.70000076293945,49.20185089111328,14098300,48.697922025794625,49.357609260598856,48.62462150239342
2020-04-17,54.52000045776367,54.720001220703125,53.970001220703125,54.619998931884766,50.04478454589844,13608800,49.95316238935923,50.136410197598885,49.4492335380711
2020-04-20,54.04999923706055,54.58000183105469,53.79999923706055,53.90999984741211,49.39425277709961,10358900,49.52252518037373,50.008132343689674,49.29346631876685
2020-04-21,53.22999954223633,53.34000015258789,51.119998931884766,51.310001373291016,47.01205062866211,14111700,48.7712213304657,48.87200780726598,46.83796362503927
2020-04-22,52.029998779296875,52.58000183105469,51.77000045776367,52.27000045776367,47.89162826538086,9668300,47.671730215494925,48.175662518325005,47.43351053201601
2020-04-23,52.22999954223633,52.9900016784668,51.45000076293945,51.970001220703125,47.61676025390625,10330200,47.85497994703823,48.55132088725985,47.14031737248122
2020-04-24,52.40999984741211,53.04999923706055,51.959999084472656,53.0099983215332,48.569644927978516,9403500,48.0199049964918,48.60629518878729,47.60759830029615
2020-04-27,53.36000061035156,53.63999938964844,53.060001373291016,53.369998931884766,48.89948272705078,9123200,48.8903219108451,49.146866706532606,48.61545198758553
2020-04-28,53.900001525878906,54.150001525878906,53.130001068115234,53.20000076293945,48.74372482299805,8350500,49.38509031313501,49.61414916710101,48.67958862350042
2020-04-29,53.95000076293945,54.279998779296875,53.689998626708984,53.880001068115234,49.36677169799805,9064100,49.430907905956694,49.73326381559586,49.192684709114985
2020-04-30,53.470001220703125,53.599998474121094,52.79999923706055,52.970001220703125,48.532997131347656,11808800,48.991114896241896,49.11022299859836,48.377235273799805
2020-05-01,52.380001068115234,52.439998626708984,51.310001373291016,51.790000915527344,47.451839447021484,8702400,47.992418555332044,48.047390450819115,47.01204680731884
2020-05-04,51.709999084472656,51.790000915527344,51.099998474121094,51.75,47.41518783569336,7567900,47.37853757630536,47.45183809508136,46.81963335370233
2020-05-05,52.220001220703125,52.86000061035156,51.9900016784668,52.04999923706055,47.6900520324707,7271800,47.84581386848174,48.432203967241854,47.63508014518737
2020-05-06,52.43000030517578,52.5,51.70000076293945,51.86000061035156,47.515987396240234,7050000,48.03824150338196,48.10237772740553,47.36938981344891
2020-05-07,52.400001525878906,52.91999816894531,52.27000045776367,52.599998474121094,48.19397735595703,7154700,48.0107330845796,48.48717238435345,47.89162151205591
2020-05-08,53.189998626708984,53.779998779296875,52.77000045776367,53.56999969482422,49.08273696899414,8130800,48.734566489612206,49.27514559108896,48.34974924542257
2020-05-11,53.130001068115234,53.83000183105469,53.060001373291016,53.529998779296875,49.04608154296875,8138600,48.679589467366405,49.32095496862151,48.61545326675697
2020-05-12,53.79999923706055,53.83000183105469,52.25,52.27000045776367,47.89162826538086,8598800,49.29346741102581,49.32095685173713,47.87330313662695
2020-05-13,52.43000030517578,52.4900016784668,51.279998779296875,51.650001525878906,47.32356643676758,10274300,48.03822903042033,48.09320442037868,46.984556774766155
2020-05-14,51.13999938964844,53.029998779296875,50.86000061035156,52.90999984741211,48.47801971435547,13794000,46.85628247501805,48.58796699468788,46.599737655855414
2020-05-15,52.70000076293945,53.9900016784668,52.52000045776367,52.91999816894531,48.487186431884766,39055700,48.285616975939526,49.46756174261908,48.120694287790684
2020-05-18,53.90999984741211,53.95000076293945,53.06999969482422,53.150001525878906,48.69792175292969,9901900,49.394259245532794,49.43090950702804,48.624621229939194
2020-05-19,53.18000030517578,53.25,52.31999969482422,52.34000015258789,47.955772399902344,9805100,48.7254104590531,48.78954667271887,47.93744726811762
2020-05-20,53.09000015258789,53.27000045776367,52.650001525878906,52.900001525878906,48.46886444091797,9115900,48.64294794595177,48.80787063289386,48.23980554184966
2020-05-21,52.7599983215332,52.939998626708984,52.119998931884766,52.220001220703125,47.8458366394043,7464000,48.34060133622749,48.505524066889336,47.75421095839086
2020-05-22,52.34000015258789,52.63999938964844,52.08000183105469,52.619998931884766,48.212310791015625,7211700,47.95576597074604,48.2306359203436,47.71754627980444
2020-05-26,53.650001525878906,53.68000030517578,52.650001525878906,52.779998779296875,48.35890579223633,11200600,49.156033147939304,49.18351909290808,48.23979770059774
2020-05-27,53.0,53.25,52.56999969482422,53.20000076293945,48.74372482299805,9228100,48.560477040793096,48.789535894759105,48.16649553235871
2020-05-28,53.7599983215332,54.150001525878906,53.220001220703125,53.619998931884766,49.12855529785156,9465400,49.25682773151472,49.61416257621282,48.76206312955136
2020-05-29,53.619998931884766,53.939998626708984,52.9900016784668,53.77000045776367,49.26598358154297,14734800,49.12854685756597,49.42174193989989,48.551321005249186
2020-06-01,53.279998779296875,53.38999938964844,52.790000915527344,53.060001373291016,48.615455627441406,7363200,48.81702505550429,48.91781151711621,48.36807162943786
2020-06-02,53.2400016784668,53.290000915527344,52.63999938964844,53.279998779296875,48.81702423095703,8756300,48.78037746884883,48.826188542854766,48.23063409529499
2020-06-03,53.33000183105469,53.619998931884766,52.9900016784668,53.4900016784668,49.00944137573242,9188700,48.862843826736146,49.12854948136852,48.5513235982239
2020-06-04,53.22999954223633,53.689998626708984,52.630001068115234,52.849998474121094,48.42304611206055,9696000,48.77121659030543,49.19268409308752,48.22147667321237
2020-06-05,53.09000015258789,54.27000045776367,52.7400016784668,53.97999954223633,49.45839309692383,12210100,48.64294404093017,49.72410223735086,48.32226300604316
2020-06-08,53.349998474121094,55.119998931884766,53.279998779296875,55.099998474121094,50.484580993652344,11519500,48.88116866723665,50.50290612537361,48.81703245379294
2020-06-09,55.0,55.060001373291016,53.880001068115234,54.18000030517578,49.64164352416992,8852500,50.39295641289472,50.44793180542141,49.366773551859126
2020-06-10,54.5,54.65999984741211,53.900001525878906,54.11000061035156,49.5775032043457,7436700,49.93483448824684,50.08143202767195,49.38509458919294
2020-06-11,53.25,53.560001373291016,51.22999954223633,51.310001373291016,47.01205062866211,12805700,48.789546462171344,49.073580760866534,46.93875010183955
2020-06-12,52.45000076293945,53.0,50.97999954223633,51.86000061035156,47.515987396240234,11537200,48.056566638126135,48.56049561052368,46.70969894330692
2020-06-15,50.959999084472656,53.43000030517578,50.90999984741211,53.25,48.78954315185547,16038100,46.691362898598946,48.95446583085492,46.64555182002382
2020-06-16,54.459999084472656,55.0,53.779998779296875,54.59000015258789,50.01729965209961,19380200,49.89818804995933,50.39295609408543,49.27514758591046
2020-06-17,53.029998779296875,53.7400016784668,51.5,51.52000045776367,47.204463958740234,28692600,48.58797833593841,49.238508343055614,47.18613882521394
2020-06-18,51.599998474121094,54.0,51.31999969482422,53.689998626708984,49.192684173583984,19259500,47.277751782845336,49.47671844513816,47.0212069538036
2020-06-19,54.209999084472656,54.459999084472656,52.97999954223633,54.400001525878906,49.84321594238281,33051200,49.66912894879906,49.89818783916817,48.542159627602395
2020-06-22,54.09000015258789,55.38999938964844,53.880001068115234,55.119998931884766,50.50288772583008,16705900,49.55916650455695,50.75027167119648,49.36675793432538
2020-06-23,55.29999923706055,55.970001220703125,55.130001068115234,55.189998626708984,50.56703186035156,18695000,50.667818316352914,51.281697868742626,50.51205997174048
2020-06-24,55.119998931884766,55.68000030517578,54.33000183105469,54.439998626708984,49.87986373901367,18287400,50.50290421330228,51.01599739658741,49.77908076110462
2020-06-25,54.400001525878906,54.59000015258789,53.540000915527344,54.529998779296875,49.96230697631836,16008700,49.84319891054278,50.017282349479466,49.05523603770077
2020-06-26,54.349998474121094,54.59000015258789,53.630001068115234,54.18000030517578,49.64164352416992,17969400,49.79740189358689,50.01729996853232,49.13771465907324
2020-06-29,54.22999954223633,54.959999084472656,53.849998474121094,54.7599983215332,50.17305374145508,14366900,49.687450051688145,50.35630153792821,49.339279587905295
2020-06-30,54.79999923706055,55.439998626708984,54.5,55.27000045776367,50.64032745361328,18885900,50.20969572712737,50.796085783097716,49.93482582528632
2020-07-01,54.689998626708984,55.880001068115234,54.68000030517578,55.4900016784668,50.841915130615234,17856800,50.108923852341626,51.19924645643482,50.09976303418586
2020-07-02,55.790000915527344,56.43000030517578,55.650001525878906,55.939998626708984,51.25422286987305,15478900,51.11678961446349,51.70317989259914,50.98851717801654
2020-07-06,56.20000076293945,56.83000183105469,56.15999984741211,56.599998474121094,51.85892868041992,15309700,51.49243657201493,52.06966592432515,51.455786312626095
2020-07-07,56.349998474121094,56.95000076293945,56.220001220703125,56.310001373291016,51.593223571777344,13232100,51.629870336384386,52.17961374742374,51.51076223487949
2020-07-08,56.630001068115234,56.68000030517578,55.9900016784668,56.65999984741211,51.91390609741211,12582200,51.88642014937736,51.932231227822356,51.30002995689437
2020-07-09,56.9900016784668,57.79999923706055,56.81999969482422,57.529998779296875,52.711036682128906,15692600,52.216272079416264,52.95842073106607,52.06051019890249
2020-07-10,57.470001220703125,57.52000045776367,56.689998626708984,57.38999938964844,52.5827522277832,12615800,52.65605274189466,52.70186381563388,51.94138670995147
2020-07-13,57.400001525878906,57.84000015258789,56.970001220703125,57.0099983215332,52.234580993652344,15965600,52.59191575185186,52.99505808794355,52.19793423230644
2020-07-14,56.66999816894531,57.290000915527344,56.47999954223633,57.20000076293945,52.6302375793457,15510300,52.142577403340006,52.71304753301177,51.96775795001716
2020-07-15,57.41999816894531,57.84000015258789,56.380001068115234,56.619998931884766,52.0965690612793,10570800,52.832655537590156,53.21910313136409,51.875744873354634
2020-07-16,56.41999816894531,56.4900016784668,55.58000183105469,55.81999969482422,51.360477447509766,8779300,51.912541372037055,51.97695222283751,51.13965328167359
2020-07-17,56.08000183105469,56.119998931884766,54.7599983215332,54.900001525878906,50.51398849487305,14344800,51.59971745995328,51.63651915457995,50.385170278898485
2020-07-20,54.880001068115234,55.52000045776367,54.689998626708984,55.400001525878906,50.97404098510742,11469300,50.49558387470575,51.08445308445016,50.32076091498095
2020-07-21,55.79999923706055,56.34000015258789,55.58000183105469,55.90999984741211,51.44329833984375,11875100,51.34208577981291,51.83894552363471,51.139664169688814
2020-07-22,55.70000076293945,56.18000030517578,55.70000076293945,56.0099983215332,51.535301208496094,13842400,51.25006967779124,51.6917215565698,51.25006967779124
2020-07-23,56.0,56.36000061035156,55.599998474121094,55.7599983215332,51.30528259277344,12576000,51.526110324249956,51.857350166495884,51.158065275101656
2020-07-24,55.470001220703125,56.040000915527344,55.2599983215332,55.650001525878906,51.204071044921875,8939700,51.038451131865045,51.56291301989915,50.84522556000705
2020-07-27,55.65999984741211,55.95000076293945,55.31999969482422,55.34000015258789,50.91883087158203,10319600,51.21326546310326,51.480097908524755,50.9004282708698
2020-07-28,55.25,55.7400016784668,55.20000076293945,55.349998474121094,50.92802810668945,13030100,50.8360186172394,51.28687353939355,50.79001387251437
2020-07-29,55.560001373291016,55.900001525878906,55.349998474121094,55.70000076293945,51.25007247924805,7242700,51.12125777963844,51.43409498294919,50.92803222028671
2020-07-30,55.0,55.47999954223633,54.88999938964844,55.25,50.836021423339844,7633200,50.60599417708039,51.04764606870608,50.50478162713627
2020-07-31,55.0,55.470001220703125,54.33000183105469,55.45000076293945,51.020042419433594,9355800,50.60599268637582,51.03844501978473,49.98952136932979
2020-08-03,55.779998779296875,56.09000015258789,55.4900016784668,55.97999954223633,51.50769805908203,9164900,51.32367556902648,51.60891060410945,51.05684664387982
2020-08-04,55.779998779296875,56.0099983215332,55.529998779296875,56.0,51.526100158691406,6364300,51.32367507060241,51.535299703633164,51.093647837751114
2020-08-05,56.31999969482422,56.31999969482422,55.380001068115234,55.5,51.06604766845703,6629000,51.820536740601426,51.820536740601426,50.95563557519953
2020-08-06,55.4900016784668,55.599998474121094,54.939998626708984,55.279998779296875,50.863624572753906,8169600,51.056850130974595,51.15805917297735,50.55078737127433
2020-08-07,55.0099983215332,55.2400016784668,54.7599983215332,55.22999954223633,50.81760787963867,8772300,50.61518282333963,50.82681093307215,50.38515562661307
2020-08-10,55.2400016784668,55.619998931884766,54.880001068115234,54.939998626708984,50.55078887939453,10046900,50.82682439653433,51.1764633010199,50.4955845839165
2020-08-11,55.2400016784668,55.459999084472656,54.13999938964844,54.27000045776367,49.9343147277832,8075100,50.82682156088375,51.029243149572366,49.81469957769183
2020-08-12,54.52000045776367,54.70000076293945,53.970001220703125,54.16999816894531,49.84231185913086,9068200,50.1643521733337,50.329972104080774,49.65829283380115
2020-08-13,53.90999984741211,54.20000076293945,53.68000030517578,54.02000045776367,49.70428466796875,8260300,49.603072124387985,49.86990455565782,49.39144749232684
2020-08-14,54.029998779296875,54.560001373291016,53.77000045776367,54.20000076293945,49.86991882324219,5454400,49.71349843570148,50.20115869338673,49.47427159056265
2020-08-17,54.20000076293945,54.38999938964844,53.65999984741211,53.9900016784668,49.67668151855469,9523700,49.86990354697142,50.04472297602415,49.37304389395388
2020-08-18,55.619998931884766,56.93000030517578,54.869998931884766,55.18000030517578,50.7716178894043,21102600,51.17646460965768,52.381808734186215,50.486382819036855
2020-08-19,55.58000183105469,56.79999923706055,55.459999084472656,56.20000076293945,51.71013259887695,16751500,51.13966593439845,52.262196659993215,51.02925031422504
2020-08-20,55.59000015258789,55.810001373291016,55.09000015258789,55.2599983215332,50.845218658447266,10974800,51.148856294482535,51.35128138517272,50.68880182286817
2020-08-21,55.380001068115234,55.45000076293945,54.72999954223633,55.189998626708984,50.78081130981445,9552000,50.95563425537593,51.02004160060265,50.357562038342486
2020-08-24,55.7599983215332,56.11000061035156,55.439998626708984,56.0099983215332,51.535301208496094,7892100,51.30527396892785,51.62731421028567,51.01083938307548
2020-08-25,56.150001525878906,56.75,56.02000045776367,56.09000015258789,51.608924865722656,7427000,51.66413268097657,52.216196793763615,51.54451750289543
2020-08-26,56.34000015258789,57.4900016784668,56.060001373291016,57.4900016784668,52.89706802368164,11597600,51.8389412683203,52.89706802368164,51.58131187116266
2020-08-27,57.45000076293945,58.45000076293945,56.58000183105469,57.18000030517578,52.61183547973633,15834700,52.860265343106406,53.78037438820856,52.05977145665001
2020-08-28,57.33000183105469,58.15999984741211,57.209999084472656,57.880001068115234,53.25590133666992,8613800,52.749842170056056,53.51353069205079,52.63942658066135
2020-08-31,57.130001068115234,57.7599983215332,57.040000915527344,57.220001220703125,52.64863204956055,18683500,52.565822108684664,53.145488184878936,52.48301216780879
2020-09-01,57.369998931884766,58.0099983215332,57.08000183105469,57.65999984741211,53.05348587036133,10169500,52.786653412590994,53.37552262288596,52.519824464758024
2020-09-02,57.720001220703125,59.31999969482422,57.720001220703125,59.029998779296875,54.314029693603516,14342800,53.108689226597384,54.5808621290236,53.108689226597384
2020-09-03,58.720001220703125,58.9900016784668,56.650001525878906,57.099998474121094,52.53822326660156,15387400,54.02880239561868,54.27723225045487,52.12417701847859
2020-09-04,56.880001068115234,57.27000045776367,55.15999984741211,55.72999954223633,51.277671813964844,14697200,52.335798519759734,52.69464045183051,50.753209988640315
2020-09-08,55.349998474121094,55.790000915527344,54.869998931884766,55.31999969482422,50.900428771972656,16472800,50.928030918344135,51.332881118124384,50.486379026714324
2020-09-09,56.15999984741211,57.400001525878906,55.86000061035156,56.95000076293945,52.400211334228516,13993200,51.67332433908723,52.81426111057086,51.39729232483817
2020-09-10,57.439998626708984,58.18000030517578,56.75,57.33000183105469,52.749847412109375,20500900,52.85105644754049,53.53193861005742,52.21618254014515
2020-09-11,60.709999084472656,61.86000061035156,56.869998931884766,57.0,52.44620895385742,40220600,55.859812238118344,56.91793891046045,52.3265938103031
2020-09-14,60.86000061035156,61.5,59.349998474121094,59.459999084472656,54.709686279296875,50107400,55.997840424112084,56.58670968690612,54.60847371664084
2020-09-15,60.0099983215332,61.68000030517578,59.38999938964844,60.939998626708984,56.071441650390625,30385600,55.21573999266767,56.75232386027562,54.64527339083148
2020-09-16,61.119998931884766,61.38999938964844,59.650001525878906,60.43000030517578,55.60219192504883,21223300,56.23706592598454,56.48549579850832,54.8845079666052
2020-09-17,59.41999816894531,60.61000061035156,59.0,60.18000030517578,55.37215805053711,22831200,54.6728732683388,55.767805188111566,54.28642918602171
2020-09-18,59.97999954223633,60.290000915527344,59.43000030517578,59.75,54.976505279541016,49311700,55.18812989959202,55.4733649144104,54.68207072034511
2020-09-21,62.459999084472656,62.599998474121094,60.029998779296875,60.81999969482422,55.961036682128906,32560400,57.470015085011,57.5988298008759,55.23414963124812
2020-09-22,60.380001068115234,60.75,59.459999084472656,60.619998931884766,55.77700424194336,13306000,55.5561800568329,55.89661938967485,54.70967798741043
2020-09-23,60.11000061035156,60.4900016784668,58.900001525878906,58.959999084472656,54.249629974365234,15513500,55.307756809806726,55.65739923950859,54.19442567647485
2020-09-24,58.7400016784668,59.900001525878906,58.290000915527344,59.29999923706055,54.56246566772461,9560500,54.04720684887313,55.11453320069935,53.633157076626446
2020-09-25,59.27000045776367,59.9900016784668,58.959999084472656,59.79999923706055,55.02251434326172,9371900,54.53485772440175,55.197337289597996,54.24962268717846
2020-09-28,60.029998779296875,60.540000915527344,59.470001220703125,59.58000183105469,54.82009506225586,9356300,55.23414129794268,55.70339884629567,54.7188825122214
2020-09-29,59.58000183105469,60.15999984741211,59.400001525878906,59.470001220703125,54.71888732910156,6340600,54.82009988804572,55.35376132165463,54.65447997521665
2020-09-30,59.52000045776367,60.38999938964844,59.369998931884766,59.70000076293945,54.930503845214844,11001500,54.764883956952865,55.56537774359442,54.626866213422204
2020-10-01,60.16999816894531,60.27000045776367,59.45000076293945,59.68000030517578,54.912109375,7357700,55.362960852065015,55.45497386468673,54.70048471087637
2020-10-02,58.709999084472656,59.52000045776367,58.5099983215332,58.83000183105469,54.13002014160156,7329800,54.019604522234644,54.76489415824181,53.83558199989412
2020-10-05,59.439998626708984,59.66999816894531,59.09000015258789,59.560001373291016,54.80168533325195,6899200,54.69126974215589,54.90289436018485,54.369233042967636
2020-10-06,59.5099983215332,60.529998779296875,59.40999984741211,59.5099983215332,54.75569152832031,9743600,54.75569152832031,55.694203240626045,54.66368202140195
2020-10-07,59.77000045776367,60.900001525878906,59.63999938964844,60.59000015258789,55.97514724731445,8690900,55.217603039607795,56.261537286481555,55.0975035361958
2020-10-08,60.790000915527344,61.29999923706055,60.630001068115234,60.88999938964844,56.25229263305664,7202800,56.15991057548553,56.631064707737515,56.012097168882015
2020-10-09,61.150001525878906,61.380001068115234,60.86000061035156,61.150001525878906,56.49250030517578,7355700,56.49250030517578,56.70498188957079,56.22458736322767
2020-10-12,61.2400016784668,61.83000183105469,61.06999969482422,61.459999084472656,56.77888488769531,8275000,56.575643631963594,57.12070629461459,56.4185898863777
2020-10-13,61.56999969482422,61.779998779296875,60.880001068115234,60.970001220703125,56.32620620727539,8896300,56.88050565127671,57.074510104262174,56.2430609382602
2020-10-14,61.349998474121094,61.529998779296875,60.849998474121094,60.959999084472656,56.31695556640625,6651100,56.67725049139996,56.84354099895848,56.21533319799279
2020-10-15,60.27000045776367,60.7400016784668,60.08000183105469,60.52000045776367,55.91046905517578,6251600,55.67951041079261,56.11371378996073,55.503983109755126
2020-10-16,60.709999084472656,61.11000061035156,60.2599983215332,60.290000915527344,55.698001861572266,6070800,56.08601079241552,56.45554612820447,55.6702844206905
2020-10-19,60.38999938964844,60.75,59.38999938964844,59.619998931884766,55.079017639160156,8311000,55.790370701138244,56.12295171963702,54.866536104930226
2020-10-20,59.91999816894531,60.33000183105469,59.630001068115234,59.75,55.199127197265625,9241200,55.35617741569097,55.73495305244612,55.08826801225068
2020-10-21,59.34000015258789,60.119998931884766,59.220001220703125,59.66999816894531,55.12521743774414,10114900,54.820353805031736,55.54094377703366,54.70949462260449
2020-10-22,59.439998626708984,59.869998931884766,58.689998626708984,59.689998626708984,55.14369201660156,11900600,54.91273334142441,55.30998254466108,54.21985731589298
2020-10-23,59.900001525878906,60.15999984741211,59.709999084472656,59.900001525878906,55.337703704833984,9739300,55.337703704833984,55.577899192551,55.16217284443506
2020-10-26,58.099998474121094,58.47999954223633,56.529998779296875,57.4900016784668,53.111270904541016,18876900,53.674807243365514,54.02586549842628,52.224386706274316
2020-10-27,57.63999938964844,57.97999954223633,57.02000045776367,57.08000183105469,52.73249053955078,10806500,53.24983575702501,53.563939720841496,52.6770591844714
2020-10-28,56.27000045776367,56.599998474121094,55.529998779296875,55.59000015258789,51.355979919433594,13910600,51.98418790507776,52.28905157579167,51.300548559235466
2020-10-29,55.20000076293945,56.7599983215332,55.13999938964844,56.02000045776367,51.75322341918945,13573700,50.995679201711255,52.436859164645426,50.940247847694586
2020-10-30,55.75,56.63999938964844,55.45000076293945,56.11000061035156,51.83637237548828,12602300,51.50379127603016,52.326003702940426,51.22664153453178
2020-11-02,56.439998626708984,57.470001220703125,56.119998931884766,56.45000076293945,52.15046691894531,11413200,52.14122659888232,53.092778688847645,51.845599791558
2020-11-03,57.0,57.5,56.56999969482422,56.79999923706055,52.47380828857422,8911200,52.6585759264795,53.120493259167915,52.2613267384355
2020-11-04,58.0,58.09000015258789,56.349998474121094,56.4900016784668,52.18742370605469,12054900,53.582412551157226,53.66555781504742,52.05808388788684
2020-11-05,57.459999084472656,57.650001525878906,56.41999816894531,56.65999984741211,52.34447479248047,9017100,53.08354185938997,53.25907271063393,52.12275291033274
2020-11-06,56.77000045776367,56.97999954223633,56.150001525878906,56.79999923706055,52.47380828857422,7510400,52.446094376340774,52.64009881027402,51.87331787056902
2020-11-09,58.189998626708984,59.08000183105469,56.77000045776367,56.84000015258789,52.51076889038086,11486600,53.757944430258334,54.58016034246163,52.446100737892394
2020-11-10,56.90999984741211,57.2400016784668,56.20000076293945,56.66999816894531,52.35371398925781,9015900,52.575435881570804,52.88030304298243,51.91951404987599
2020-11-11,57.060001373291016,57.630001068115234,56.79999923706055,57.20000076293945,52.84334945678711,7724400,52.71401315307638,53.240598689127175,52.47381413977078
2020-11-12,57.2599983215332,57.4900016784668,56.099998474121094,56.45000076293945,52.15046691894531,7324000,52.89877073316957,53.111255804824104,51.82712267558154
2020-11-13,56.880001068115234,57.09000015258789,56.54999923706055,56.90999984741211,52.575439453125,5870300,52.547725536259435,52.741730002618716,52.242858354137574
2020-11-16,57.02000045776367,57.61000061035156,56.880001068115234,57.150001525878906,52.79716491699219,6309200,52.67706539556772,53.222128116924395,52.54772907594926
2020-11-17,57.0,57.38999938964844,56.810001373291016,57.119998931884766,52.76943588256836,5569700,52.65857670784007,53.018871668819244,52.4830493875078
2020-11-18,57.119998931884766,57.290000915527344,56.2400016784668,56.25,51.965702056884766,8998800,52.76943726193599,52.92649099404354,51.9564652604783
2020-11-19,56.09000015258789,56.47999954223633,55.560001373291016,56.45000076293945,52.15046691894531,9643100,51.817885879668076,52.17818083083524,51.32825464081521
2020-11-20,56.36000061035156,56.439998626708984,55.68000030517578,55.70000076293945,51.457584381103516,8395800,52.067315034147256,52.1412199645,51.43910726747806
2020-11-23,55.849998474121094,56.56999969482422,55.77000045776367,56.08000183105469,51.808650970458984,8235900,51.59616589106643,52.26132799384396,51.52226094861873
2020-11-24,56.599998474121094,57.900001525878906,56.36000061035156,57.56999969482422,53.18516540527344,10427200,52.289044584709124,53.490032559376694,52.06732622186115
2020-11-25,57.720001220703125,57.7599983215332,57.2599983215332,57.40999984741211,53.037349700927734,6848900,53.32373972508211,53.36069043452971,52.898773087012785
2020-11-27,57.400001525878906,57.869998931884766,57.150001525878906,57.7599983215332,53.360694885253906,5627000,53.02811732758773,53.46231727404773,52.7971586345654
2020-11-30,57.61000061035156,58.20000076293945,57.20000076293945,57.720001220703125,53.3237419128418,26676900,53.222119528354774,53.767182161753496,52.843347428816664
2020-12-01,58.20000076293945,59.279998779296875,58.0099983215332,58.7400016784668,54.266056060791016,11855300,53.7671844380885,54.76492415934355,53.59165357594318
2020-12-02,58.290000915527344,59.27000045776367,58.13999938964844,59.08000183105469,54.58015441894531,9330400,53.8503241781831,54.755681738914234,53.71174756694737
2020-12-03,59.220001220703125,59.97999954223633,59.060001373291016,59.27000045776367,54.755699157714844,9783900,54.70950811399191,55.41162114137235,54.5616946595881
2020-12-04,59.310001373291016,60.54999923706055,59.27000045776367,59.959999084472656,55.39312744140625,10872700,54.79263700441705,55.93819005217626,54.7556827708378
2020-12-07,59.959999084472656,60.20000076293945,59.630001068115234,59.79999923706055,55.24531936645508,14922900,55.3931327908972,55.614854689635386,55.08826914480096
2020-12-08,58.9900016784668,59.709999084472656,58.220001220703125,59.029998779296875,54.53396224975586,15237800,54.49701153940734,55.16217013962768,53.78565838398925
2020-12-09,58.88999938964844,59.90999984741211,58.79999923706055,59.72999954223633,55.18064880371094,12204100,54.404627478242155,55.34693933946495,54.32148221036515
2020-12-10,59.5099983215332,59.810001373291016,59.040000915527344,59.47999954223633,54.949684143066406,14219900,54.977398054628736,55.25455126684996,54.543198168837826
2020-12-11,60.939998626708984,61.0,59.41999816894531,60.61000061035156,55.99362564086914,16209900,56.29848928059976,56.3539206351644,54.89426001564521
2020-12-14,60.83000183105469,61.65999984741211,60.689998626708984,60.7599983215332,56.1322021484375,16193600,56.19687382809697,56.96365489662879,56.0675339929282
2020-12-15,61.09000015258789,62.189998626708984,60.900001525878906,61.86000061035156,57.14842224121094,15506700,56.43706901049596,57.45328589771727,56.26154166427414
2020-12-16,61.869998931884766,63.189998626708984,61.849998474121094,62.779998779296875,57.99834442138672,16119900,57.15765494066277,58.37711652755575,57.139177822782585
2020-12-17,62.9900016784668,64.05000305175781,62.72999954223633,63.61000061035156,58.76512908935547,15320500,58.19235253035726,59.17161863535088,57.95215352151454
2020-12-18,63.47999954223633,65.33000183105469,63.43000030517578,65.05999755859375,60.10469055175781,33728700,58.64503338284957,60.3541298977907,58.59884234712686
2020-12-21,63.88999938964844,65.19000244140625,63.880001068115234,64.4800033569336,59.568870544433594,18210200,59.023804351534075,60.22479240156343,59.01456755423157
2020-12-22,64.55999755859375,66.0,64.43000030517578,65.1500015258789,60.187843322753906,17136000,59.642777083136764,60.97310155432369,59.52268108716044
2020-12-23,65.26000213623047,66.19999694824219,65.1500015258789,65.30000305175781,60.326412200927734,13075200,60.2894579650052,61.15785784013546,60.187835578293175
2020-12-24,65.05000305175781,65.58999633789062,64.77999877929688,64.95999908447266,60.01229476928711,3796500,60.095443548401136,60.594308029890705,59.846004259357706
2020-12-28,65.41000366210938,65.69000244140625,64.75,64.87000274658203,59.92916488647461,6463500,60.4280365148898,60.68670912629767,59.81830217517122
2020-12-29,65.25,65.2699966430664,64.22000122070312,64.45999908447266,59.55038070678711,7770200,60.28021092624947,60.298684518002105,59.32866236426027
2020-12-30,64.80000305175781,64.91000366210938,64.3499984741211,64.4000015258789,59.494964599609375,6192000,59.86449994212629,59.966122337525945,59.448770038682106
2020-12-31,64.33999633789062,64.7699966430664,64.01000213623047,64.69000244140625,59.762874603271484,6928600,59.43952678930703,59.83677602949473,59.134666666423506
2021-01-04,64.69000244140625,64.69999694824219,63.16999816894531,63.75,58.89446258544922,11249900,59.762869465694415,59.772102737991034,58.358636763668166
2021-01-05,63.68000030517578,63.790000915527344,62.47999954223633,62.959999084472656,58.164634704589844,11005700,58.829796848777114,58.93141923460015,57.7211944498483
2021-01-06,62.27000045776367,63.349998474121094,61.90999984741211,62.56999969482422,58.02552795410156,8685400,57.74731772234243,58.74887526420231,57.413464029177455
2021-01-07,62.849998474121094,63.7400016784668,62.849998474121094,63.06999969482422,58.48920822143555,7382800,58.285185750071385,59.110547776210616,58.285185750071385
2021-01-08,63.18000030517578,63.540000915527344,62.90999984741211,63.380001068115234,58.776695251464844,7751700,58.591220595496964,58.92507426871219,58.34083034058555
2021-01-11,62.95000076293945,63.56999969482422,62.84000015258789,63.029998779296875,58.452117919921875,6284700,58.37793017478392,58.95289846573457,58.275918929788546
2021-01-12,63.0,63.02000045776367,62.18000030517578,62.41999816894531,57.88642120361328,7758200,58.424297385545024,58.44284520605664,57.66385443274397
2021-01-13,62.31999969482422,62.59000015258789,61.970001220703125,62.060001373291016,57.55258560180664,8298000,57.793700254163156,58.044090587938726,57.469122157214784
2021-01-14,62.06999969482422,62.16999816894531,61.5099983215332,61.599998474121094,57.125980377197266,10258600,57.56184533135672,57.654580899731634,57.04251695060577
2021-01-15,61.599998474121094,62.0,61.209999084472656,61.779998779296875,57.29290771484375,7532600,57.12598086024925,57.49693021215595,56.76430718783958
2021-01-19,62.099998474121094,62.290000915527344,61.099998474121094,61.290000915527344,56.838497161865234,8903400,57.589664452573906,57.76586698259998,56.66229463183915
2021-01-20,61.369998931884766,62.029998779296875,61.150001525878906,61.560001373291016,57.08888626098633,7025000,56.912683734592996,57.524747662153686,56.70866478382946
2021-01-21,61.650001525878906,61.849998474121094,60.91999816894531,61.209999084472656,56.76430892944336,6943600,57.17235393658713,57.357825080595774,56.495370817941385
2021-01-22,60.939998626708984,61.150001525878906,59.7400016784668,60.36000061035156,55.976043701171875,9896700,56.513916364888324,56.70866671847418,55.401075395092874
2021-01-25,60.380001068115234,60.95000076293945,59.77000045776367,60.900001525878906,56.476829528808594,8524700,55.99459674601397,56.5231973172698,55.42890052893498
2021-01-26,61.060001373291016,62.040000915527344,60.84000015258789,61.79999923706055,57.31145095825195,8186500,56.62519931096705,57.53402125914444,56.42117682995184
2021-01-27,61.400001525878906,63.18000030517578,61.369998931884766,62.54999923706055,58.00698471069336,14789000,56.940511481860426,58.59122871983203,56.91268798014457
2021-01-28,62.54999923706055,63.2400016784668,61.16999816894531,61.220001220703125,56.773582458496094,11166400,58.006982500078735,58.646869950628044,56.72721113661529
2021-01-29,61.15999984741211,61.5,60.209999084472656,60.43000030517578,56.040958404541016,11451800,56.71793794740387,57.03324382714062,55.836935912465734
2021-02-01,60.91999816894531,62.0099983215332,60.7400016784668,61.5099983215332,57.04251480102539,10553500,56.49536647790765,57.50619970069687,56.32844316865015
2021-02-02,61.880001068115234,62.91999816894531,61.79999923706055,62.369998931884766,57.840049743652344,10528000,57.38564055173195,58.350102393569735,57.31144927440261
2021-02-03,62.18000030517578,62.75,61.97999954223633,62.16999816894531,57.65458297729492,9933500,57.66385865704776,58.192459198630075,57.478383975979256
2021-02-04,62.47999954223633,63.38999938964844,62.25,63.349998474121094,58.74888610839844,9928700,57.9420752260808,58.785981756182984,57.728780557773185
2021-02-05,63.5,64.06999969482422,63.279998779296875,63.599998474121094,58.98072052001953,9170200,58.88798495089897,59.416585477683626,58.683962453671484
2021-02-08,63.790000915527344,63.869998931884766,62.84000015258789,63.11000061035156,58.52630615234375,7003400,59.156917872507115,59.23110561377845,58.27591589248757
2021-02-09,63.08000183105469,63.849998474121094,62.90999984741211,63.66999816894531,59.04564666748047,5437400,58.49850175929687,59.21257355180747,58.340847018483224
2021-02-10,63.84000015258789,63.900001525878906,62.93000030517578,63.27000045776367,58.674686431884766,9577500,59.203286923715126,59.2589303840891,58.359380565035515
2021-02-11,63.560001373291016,63.970001220703125,62.279998779296875,62.70000076293945,58.14608383178711,7690800,58.94362238005531,59.32384383473727,57.75658669856166
2021-02-12,62.31999969482422,63.119998931884766,62.310001373291016,63.08000183105469,58.49849319458008,6663400,57.79369011113665,58.5355853008387,57.784417968980826
2021-02-16,63.11000061035156,63.2599983215332,62.099998474121094,62.13999938964844,57.62675857543945,7526000,58.52630840988397,58.66541175674646,57.58966293455545
2021-02-17,61.83000183105469,62.150001525878906,61.36000061035156,62.09000015258789,57.58039474487305,6244500,57.33928013784945,57.63603821001785,56.90341517163669
2021-02-18,61.810001373291016,62.209999084472656,61.65999984741211,62.06999969482422,57.56183624267578,6262400,57.320721680390506,57.691667432955136,57.181614812157136
2021-02-19,62.2599983215332,62.36000061035156,61.08000183105469,61.130001068115234,56.69011688232422,10905100,57.73804220955578,57.8307813121659,56.64374909983668
2021-02-22,62.849998474121094,64.97000122070312,62.279998779296875,64.44999694824219,59.76898956298828,20940300,58.285199079998215,60.251225892004506,57.75659849933078
2021-02-23,64.41999816894531,65.22000122070312,64.05000305175781,64.5,59.81535339355469,18175400,59.74116210988542,60.483060796037606,59.39803980463798
2021-02-24,64.48999786376953,65.1500015258789,64.08000183105469,64.69999694824219,60.000823974609375,10609300,59.80607716322463,60.41814463495112,59.425859219645886
2021-02-25,64.63999938964844,66.36000061035156,64.58000183105469,65.30000305175781,60.5572509765625,15356100,59.945183510346176,61.54026070382739,59.88954358624291
2021-02-26,65.54000091552734,66.27999877929688,64.5,64.51000213623047,59.824623107910156,20512600,60.7798127952848,61.46606441262597,59.81534742955879
2021-03-01,64.94999694824219,66.7300033569336,64.7699966430664,66.16999816894531,61.36405563354492,11758900,60.23266338854174,61.88338751297233,60.06573654788111
2021-03-02,66.1500015258789,67.41999816894531,66.0,66.66000366210938,61.818485260009766,13282000,61.3455245968069,62.52328133917996,61.20641768700943
2021-03-03,66.25,67.54000091552734,66.19999694824219,66.91000366210938,62.05032730102539,15827600,61.43825973246608,62.63456782761005,61.39188840444627
2021-03-04,66.68000030517578,67.30999755859375,65.30999755859375,65.61000061035156,60.844730377197266,19951100,61.83701573506375,62.421256135399055,60.5665166197406
2021-03-05,67.30999755859375,71.72000122070312,67.30999755859375,69.97000122070312,64.8880615234375,34211500,62.421254630936666,66.51095856052397,62.421254630936666
2021-03-08,70.47000122070312,72.94000244140625,70.0999984741211,72.16000366210938,66.91900634765625,23300500,65.35174916411201,67.64235363997824,65.0086198003288
2021-03-09,72.4000015258789,73.22000122070312,72.0,72.63999938964844,67.3641357421875,17296400,67.1415689909671,67.9020118766338,66.77061968875347
2021-03-10,73.5,73.62000274658203,71.5,72.12000274658203,66.88192749023438,21378600,68.16169555352937,68.27298250153089,66.30695553846735
2021-03-11,67.6500015258789,68.0999984741211,65.43000030517578,67.41000366210938,62.514007568359375,38095400,62.73657436048242,63.15388798012198,60.67781207634966
2021-03-12,66.95999908447266,67.87000274658203,66.44999694824219,67.16000366210938,62.282142639160156,11606300,62.09666448320998,62.94057417342982,61.62370402962228
2021-03-15,66.94999694824219,67.77999877929688,66.9000015258789,67.7300033569336,62.81074905395508,8919600,62.087394788953745,62.85711329095884,62.04103055194998
2021-03-16,68.0,68.06999969482422,66.68000030517578,66.8499984741211,61.99468231201172,14512500,63.06115921376947,63.12607482994926,61.83703111204246
2021-03-17,66.80000305175781,66.8499984741211,66.16000366210938,66.22000122070312,61.41043472290039,11892400,61.948310952567546,61.99467520150876,61.35479479406265
2021-03-18,66.47000122070312,67.01000213623047,66.08999633789062,66.73999786376953,61.89266586303711,13750300,61.64227910025115,62.14305970109399,61.28987400598901
2021-03-19,66.79000091552734,66.83000183105469,65.95999908447266,66.26000213623047,61.44753646850586,30963600,61.93904142276394,61.97613707076266,61.16932264615116
2021-03-22,66.22000122070312,66.5199966430664,65.86000061035156,66.31999969482422,61.50316619873047,10263700,61.410430631755354,61.688637332680706,61.07657693042875
2021-03-23,66.33000183105469,67.94000244140625,66.33000183105469,67.2699966430664,62.38416290283203,12390100,61.51244010802496,63.005506041754025,61.51244010802496
2021-03-24,67.11000061035156,67.41000366210938,66.73999786376953,66.83000183105469,61.97612762451172,11391100,62.23579004565424,62.51400382560427,61.89266066041858
2021-03-25,66.95999908447266,68.7300033569336,66.76000213623047,68.62999725341797,63.6453857421875,14844700,62.09667990064708,63.73812838082294,61.91120877391612
2021-03-26,68.56999969482422,70.37000274658203,68.27999877929688,70.25,65.14773559570312,12617000,63.58975387780573,65.25902253100682,63.32081575727495
2021-03-29,70.20999908447266,72.33000183105469,70.16999816894531,71.12999725341797,65.96382141113281,15183700,65.11064276276781,67.07666958642172,65.07354711606439
2021-03-30,70.83000183105469,71.05000305175781,69.94999694824219,70.55000305175781,65.4259262084961,12000200,65.68558855690601,65.88961099501904,64.86949880445387
2021-03-31,70.69999694824219,71.0999984741211,69.91000366210938,70.16999816894531,65.07352447509766,9971700,65.56502924118458,65.93597850388353,64.83241346832173
2021-04-01,70.45999908447266,71.83000183105469,70.33000183105469,71.80999755859375,66.59442901611328,13228700,65.34248108945638,66.61298037591986,65.22192555179647
2021-04-05,72.19000244140625,74.9000015258789,72.05999755859375,74.16000366210938,68.77375793457031,25010200,66.94683802635747,69.46000970697938,66.8262754063555
2021-04-06,73.62000274658203,74.6500015258789,73.16000366210938,74.27999877929688,68.88501739501953,14699800,68.27295709693998,69.22814671722426,67.84636790124354
2021-04-07,73.5999984741211,74.18000030517578,73.44999694824219,74.06999969482422,68.98748016357422,12356800,68.54972938696152,69.08993277537219,68.41002063397498
2021-04-08,74.2699966430664,75.52999877929688,74.1500015258789,75.27999877929688,70.11445617675781,13507700,69.17375809403363,70.34730174435113,69.06199676935384
2021-04-09,75.3499984741211,75.69000244140625,74.9000015258789,75.58000183105469,70.39387512207031,13285700,70.17965406896909,70.49632774235137,69.76053488118869
2021-04-12,75.25,76.19000244140625,75.19999694824219,76.12000274658203,70.89681243896484,10634900,70.08650740322862,70.96200890580234,70.03993545296673
2021-04-13,76.16000366210938,77.01000213623047,75.9000015258789,76.66999816894531,71.40906524658203,13142400,70.93406548287007,71.72573886160498,70.69190414266212
2021-04-14,77.04000091552734,77.36000061035156,76.51000213623047,76.81999969482422,71.54878997802734,12730700,71.75369522662835,72.05173728662531,71.26006373093495
2021-04-15,77.0,78.55000305175781,76.83000183105469,78.29000091552734,72.91790008544922,13604200,71.71641641232915,73.16006140324141,71.55808317241467
2021-04-16,78.30999755859375,79.33999633789062,77.86000061035156,78.94999694824219,73.5326156616211,13334100,72.936531672238,73.89585412059262,72.51741255984984
2021-04-19,78.80999755859375,80.20999908447266,78.33999633789062,78.75,73.3463363647461,19967200,73.40221701380871,74.70615330369152,72.96446631380194
2021-04-20,78.69999694824219,79.41999816894531,78.6500015258789,79.23999786376953,73.80272674560547,12562300,73.29977948304297,73.9703758331263,73.25321463454875
2021-04-21,78.79000091552734,79.33999633789062,76.52999877929688,76.66000366210938,71.3997573852539,18672800,73.38359876094208,73.89585466811403,71.27867316077847
2021-04-22,76.11000061035156,76.4800033569336,74.75,74.87000274658203,69.73258209228516,16769300,70.88749393491247,71.23210787846652,69.62081367943155
2021-04-23,74.29000091552734,75.0,73.8499984741211,74.97000122070312,69.82572174072266,10664700,69.19238158706531,69.85366206860898,68.78257116238059
2021-04-26,74.97000122070312,75.04000091552734,74.19999694824219,74.5,69.38797760009766,9402200,69.82572839438177,69.89092486762307,69.10856008284487
2021-04-27,74.38999938964844,75.43000030517578,74.22000122070312,75.22000122070312,70.05857849121094,9300200,69.28552946854236,70.254167923594,69.12719618126319
2021-04-28,75.16000366210938,75.2699966430664,74.66000366210938,74.7699966430664,69.63945007324219,6107800,70.00269570050243,70.10514121407294,69.53700455967167
2021-04-29,75.37999725341797,75.9000015258789,74.63999938964844,75.87000274658203,70.66397094726562,7940400,70.20758854737826,70.6919112766705,69.51836770048953
2021-04-30,75.55999755859375,75.91999816894531,75.19000244140625,75.79000091552734,70.58946990966797,7825300,70.37524884030181,70.71054705833716,70.03064191490355
2021-05-03,76.27999877929688,77.4800033569336,76.08000183105469,77.33000183105469,72.02378845214844,15319600,71.04583428322012,72.16349720569283,70.85956068241586
2021-05-04,77.06999969482422,78.69999694824219,76.93000030517578,78.52999877929688,73.14144134521484,15316500,71.78162421722608,73.299774610158,71.65123128069854
2021-05-05,78.97000122070312,79.83000183105469,78.41999816894531,79.19000244140625,73.75618743896484,12271900,73.55128213816015,74.35227171082302,73.03901888614841
2021-05-06,79.18000030517578,79.95999908447266,78.55999755859375,79.73999786376953,74.2684097290039,14089700,73.74683800536357,74.47331493640027,73.16937852141764
2021-05-07,79.80999755859375,80.54000091552734,78.58000183105469,80.4000015258789,74.88313293457031,14073400,74.33361372218675,75.01352587868523,73.18801755519397
2021-05-10,78.7699966430664,80.72000122070312,78.5999984741211,80.1500015258789,74.65028381347656,17356700,73.36497184585701,75.18117137657266,73.20663857925763
2021-05-11,79.75,79.9000015258789,77.25,77.69000244140625,72.3591079711914,12980400,74.27775362801317,74.41746242278508,71.94929740142969
2021-05-12,77.56999969482422,78.19000244140625,76.52999877929688,76.75,71.48359680175781,12302600,72.24733005989955,72.82478968664421,71.27869154369088
2021-05-13,77.52999877929688,78.44000244140625,76.87999725341797,78.13999938964844,72.7782211303711,11399300,72.21007729038395,73.05763869642125,71.60467730119787
2021-05-14,78.12000274658203,79.05000305175781,78.12000274658203,78.88999938964844,73.47674560546875,9033400,72.75958439495568,73.62577017724858,72.75958439495568
2021-05-17,78.87999725341797,79.52999877929688,78.8499984741211,79.08000183105469,73.65370178222656,6637900,73.46742108957046,74.07282090540957,73.43948076214251
2021-05-18,78.98999786376953,79.47000122070312,78.38999938964844,78.69000244140625,73.29048156738281,6643100,73.56989201713324,74.01695868497099,73.01106401174877
2021-05-19,77.80999755859375,78.7699966430664,77.55000305175781,78.73999786376953,73.3370361328125,8165000,72.47085035894185,73.36497646327886,72.2286960909782
2021-05-20,78.94999694824219,79.31999969482422,78.68000030517578,78.72000122070312,73.31840515136719,8802700,73.53261906998128,73.87723302908122,73.28114901206865
2021-05-21,79.19000244140625,79.8499984741211,78.9800033569336,79.02999877929688,73.60712432861328,8629000,73.75614887159485,74.3708573466905,73.56055948834253
2021-05-24,79.48999786376953,79.87999725341797,79.13999938964844,79.37999725341797,73.93312072753906,7044700,74.03557334389859,74.39881185430687,73.70959097633767
2021-05-25,79.61000061035156,79.68000030517578,78.6500015258789,78.83000183105469,73.42086029052734,7160600,74.1473372672027,74.21253373675351,73.2532112108421
2021-05-26,78.58999633789062,79.37000274658203,78.55000305175781,79.26000213623047,73.82136535644531,12851100,73.19733379579546,73.92381798106469,73.16008475582773
2021-05-27,79.5,80.05000305175781,78.83999633789062,78.9800033569336,73.56057739257812,12867800,74.04489306338532,74.55715617221477,73.43017733278995
2021-05-28,78.94999694824219,79.36000061035156,78.66999816894531,78.73999786376953,73.3370361328125,6929700,73.53262555195973,73.91449568402048,73.27183965976342
2021-06-01,79.58000183105469,79.83000183105469,78.4800033569336,79.56999969482422,74.1100845336914,10485300,74.11940034573615,74.35224590567685,73.09488130317358
2021-06-02,79.69999694824219,80.93000030517578,79.51000213623047,80.2699966430664,74.7620620727539,12249300,74.23117438933478,75.37677786717805,74.05421656545093
2021-06-03,79.80000305175781,81.45999908447266,79.6500015258789,81.08999633789062,75.52578735351562,12038700,74.32431043878053,75.87040136289515,74.18460167249785
2021-06-04,81.41999816894531,83.95999908447266,81.37000274658203,82.88999938964844,77.20227813720703,14502900,75.83314502177201,78.19885691214743,75.78658017038707
2021-06-07,82.94000244140625,84.25,82.8499984741211,83.94000244140625,78.18025207519531,10445600,77.24886954241818,78.46897838647308,77.16504141940814
2021-06-08,84.02999877929688,85.02999877929688,84.0,84.61000061035156,78.80426025390625,10726800,78.26405679199321,79.1954391307881,78.2361164587707
2021-06-09,84.5999984741211,84.83000183105469,84.02999877929688,84.5199966430664,78.7204360961914,9720300,78.79494839244379,79.00916946769848,78.26406071694198
2021-06-10,84.16000366210938,84.45999908447266,81.70999908447266,82.30000305175781,76.65277099609375,16680800,78.38514275248615,78.66455319668536,76.1032517091667
2021-06-11,81.9800033569336,83.23999786376953,81.83999633789062,82.9000015258789,77.21159362792969,11066500,76.35472362248258,77.52826019720592,76.22432356385256
2021-06-14,83.0,83.0999984741211,82.12999725341797,82.62000274658203,76.95079040527344,10173200,77.30471303938465,77.39784982668957,76.49440806748103
2021-06-15,82.0,82.51000213623047,81.3499984741211,81.63999938964844,76.03805541992188,17298000,76.37335363851285,76.84836063249733,75.76795368239672
2021-06-16,77.98999786376953,78.55000305175781,75.9000015258789,77.08000183105469,71.79094696044922,36560600,72.63850112971404,73.16008003206748,70.69191559939834
2021-06-17,76.98999786376953,77.73999786376953,76.55999755859375,77.55999755859375,72.2380142211914,14836100,71.70712655542427,72.40566333174333,71.306631852766
2021-06-18,76.9000015258789,76.91000366210938,75.97000122070312,76.2300033569336,70.99928283691406,22521200,71.62330733386217,71.63262314742543,70.7571214254552
2021-06-21,76.61000061035156,78.0999984741211,76.55000305175781,77.98999786376953,72.63850402832031,8924300,71.35319900463548,72.74095665041291,71.29731834017882
2021-06-22,78.05999755859375,79.19000244140625,77.66000366210938,78.68000030517578,73.28117370605469,9845800,72.70371401116041,73.75618075982443,72.33116670439959
2021-06-23,78.76000213623047,78.87000274658203,78.05999755859375,78.0999984741211,72.740966796875,7295900,73.35568261517585,73.45813525155931,72.7037106467461
2021-06-24,78.6500015258789,78.95999908447266,77.61000061035156,77.73999786376953,72.40564727783203,9624000,73.25320845600045,73.54193465231269,72.28457015490025
2021-06-25,78.02999877929688,78.61000061035156,77.55999755859375,78.45999908447266,73.0762710571289,12845000,72.67577629263315,73.21597985514084,72.23802537494188
2021-06-28,78.48999786376953,78.97000122070312,78.33000183105469,78.5,73.11351776123047,5605400,73.1042019476644,73.55126862234738,72.95518446002588
2021-06-29,78.54000091552734,78.58999633789062,77.81999969482422,78.0999984741211,72.740966796875,5392900,73.1507773424089,73.19734220065698,72.48018085185673
2021-06-30,77.58999633789062,78.20999908447266,77.58000183105469,77.83999633789062,72.498779296875,7899800,72.26593377173465,72.84339323220006,72.25662506696372
2021-07-01,77.9800033569336,79.62000274658203,77.91000366210938,79.54000091552734,74.08216094970703,13108000,72.62920660111925,74.15667325114337,72.56401011383349
2021-07-02,79.44999694824219,82.26000213623047,79.3499984741211,81.81999969482422,76.20569610595703,15258100,73.99831759520231,76.615506573578,73.90518079052919
2021-07-06,81.5999984741211,83.62999725341797,81.36000061035156,83.08000183105469,77.3792495727539,14200400,76.00080052845128,77.89150561648226,75.7772707476586
2021-07-07,83.16999816894531,87.16999816894531,82.95999908447266,86.08999633789062,80.18270111083984,20976600,77.46306642174306,81.1885957292893,77.26747698580289
2021-07-08,85.0199966430664,86.88999938964844,84.66000366210938,85.58999633789062,79.71699523925781,16383300,79.1861076951189,80.92779488316573,78.850816656715
2021-07-09,85.87999725341797,88.4000015258789,85.77999877929688,87.76000213623047,81.73810577392578,15685300,79.98710264919607,82.3341898274007,79.89396584819357
2021-07-12,87.52999877929688,88.8499984741211,86.97000122070312,87.08000183105469,81.10476684570312,16076800,81.5238860097021,82.75331027743263,81.00231423123537
2021-07-13,86.69999694824219,87.93000030517578,86.52999877929688,87.06999969482422,81.095458984375,12789300,80.750844965026,81.89644835462589,80.59251167473724
2021-07-14,87.08000183105469,88.66999816894531,86.66000366210938,88.27999877929688,82.52571868896484,13330500,81.40394012136618,82.89029708003912,81.01131833591607
2021-07-15,88.0999984741211,88.7699966430664,85.51000213623047,86.23999786376953,80.61869049072266,18306300,82.35745228609468,82.9837785424668,79.93627744485285
2021-07-16,86.75,88.4800033569336,86.5199966430664,87.48999786376953,81.7872085571289,14617500,81.09544537169384,82.71268332817863,80.88043413633343
2021-07-19,86.91000366210938,87.87000274658203,86.19000244140625,86.9800033569336,81.31046295166016,15619900,81.2450259848521,82.14245030054592,80.57195596505812
2021-07-20,87.0999984741211,89.05000305175781,87.0199966430664,88.66000366210938,82.8809814453125,12813900,81.42266026665564,83.24555995695258,81.3478731021919
2021-07-21,88.88999938964844,90.25,88.45999908447266,89.69000244140625,83.84383392333984,13108100,83.09597662393162,84.36732975366813,82.69400457361647
2021-07-22,90.0,91.13999938964844,89.68000030517578,90.69000244140625,84.77865600585938,13638900,84.13362923280378,85.19932129918494,83.83448772525988
2021-07-23,90.98999786376953,91.19999694824219,87.12000274658203,87.69000244140625,81.97418975830078,12680900,85.05908476825459,85.25539568535297,81.4413438027209
2021-07-26,87.44000244140625,88.0999984741211,86.66999816894531,87.86000061035156,82.13309478759766,10454100,81.74047301226229,82.35744906891873,81.02065929205344
2021-07-27,87.76000213623047,88.5999984741211,87.12000274658203,87.80000305175781,82.0770034790039,8465200,82.03960991216125,82.82485341957613,81.44132710686603
2021-07-28,87.9000015258789,87.94999694824219,87.12000274658203,87.18000030517578,81.49744415283203,6396800,82.17051434173797,82.21725096857539,81.44135734778862
2021-07-29,87.68000030517578,88.26000213623047,87.33000183105469,87.62999725341797,81.91809844970703,6201400,81.964842202361,82.50703835192775,81.6376573300691
2021-07-30,87.41000366210938,88.1500015258789,86.87000274658203,87.13999938964844,81.46004486083984,7962800,81.71244973003128,82.40421309475254,81.20764712374417
2021-08-02,87.7300033569336,87.93000030517578,87.08999633789062,87.5999984741211,81.89004516601562,5579100,82.01157605540786,82.19853677926514,81.41328604845678
2021-08-03,87.87999725341797,90.16999816894531,87.80999755859375,89.73999786376953,83.89054107666016,9889800,82.1517795286358,84.29251298576456,82.08634257283244
2021-08-04,89.79000091552734,90.08999633789062,89.27999877929688,90.05000305175781,84.18035888671875,7509900,83.93730422378204,84.2177453283137,83.46054507435483
2021-08-05,90.18000030517578,90.5199966430664,88.76000213623047,89.43000030517578,83.60075378417969,8231300,84.30186711442873,84.61970173407003,82.97442758752635
2021-08-06,89.23999786376953,89.87999725341797,88.81999969482422,89.5199966430664,83.6849136352539,6513900,83.42316570694621,84.021448723677,83.03054381448464
2021-08-09,89.45999908447266,90.47000122070312,89.0999984741211,89.9000015258789,84.04013061523438,5798700,83.62880845706779,84.57297653281627,83.29227344258506
2021-08-10,89.0999984741211,90.12000274658203,88.93000030517578,89.63999938964844,83.79708862304688,5473300,83.29228602506518,84.24580442084026,83.13336866980123
2021-08-11,89.9000015258789,90.41999816894531,89.51000213623047,89.62999725341797,83.78775024414062,8009800,84.04015514472144,84.52625745635994,83.6755766279684
2021-08-12,89.11000061035156,89.9800033569336,88.66999816894531,89.80999755859375,83.95598602294922,5687200,83.30161640263623,84.11491047253435,82.89029428010008
2021-08-13,90.62000274658203,91.33999633789062,89.94999694824219,90.37999725341797,84.48884582519531,6640400,84.71320727380524,85.38627022334964,84.08687381155477
2021-08-16,89.86000061035156,90.83999633789062,89.54000091552734,90.81999969482422,84.9001693725586,7122800,84.00274496006023,84.91886259419397,83.70360348922743
2021-08-17,90.98999786376953,91.77999877929688,90.37000274658203,90.94999694824219,85.02169799804688,6738500,85.059091575548,85.79759868398001,84.47950895451969
2021-08-18,90.48999786376953,91.05000305175781,88.86000061035156,88.94000244140625,83.1427001953125,7666300,84.59166355452263,85.11516638985708,83.06791305710843
2021-08-19,88.29000091552734,89.38999938964844,88.2300033569336,88.70999908447266,82.92769622802734,8099400,82.53507441616757,83.56337269431708,82.47898762364322
2021-08-20,88.80000305175781,89.4000015258789,88.30000305175781,88.94000244140625,83.1427001953125,8716400,83.0118262695024,83.57271554184484,82.54441735386803
2021-08-23,89.48999786376953,89.56999969482422,88.70999908447266,89.12000274658203,83.31099700927734,7147300,83.65687516402906,83.73166232855245,82.92771814016739
2021-08-24,89.20999908447266,89.6500015258789,88.47000122070312,88.55000305175781,82.77813720703125,6320100,83.39511338172694,83.80643558625432,82.70335005491802
2021-08-25,88.55000305175781,88.9000015258789,88.05000305175781,88.62000274658203,82.84356689453125,5748500,82.77812992521238,83.10531477180676,82.31072096376475
2021-08-26,88.80999755859375,89.18000030517578,88.45999908447266,88.72000122070312,82.93705749511719,9093200,83.02118769515423,83.367072936863,82.69400280818411
2021-08-27,88.79000091552734,89.5199966430664,88.61000061035156,89.3499984741211,83.52598571777344,5426800,83.00248992728793,83.6849030638715,82.83422240433255
2021-08-30,89.45999908447266,89.9800033569336,89.30000305175781,89.44999694824219,83.61944580078125,5357000,83.62879597536984,84.11490520466789,83.4792288424198
2021-08-31,89.44999694824219,89.5,88.48999786376953,89.12999725341797,83.32032012939453,8113300,83.61946158385071,83.66620533352302,82.72203722048218
2021-09-01,89.26000213623047,90.16999816894531,88.87000274658203,89.94999694824219,84.08687591552734,8208000,83.44185634789609,84.29253701585148,83.0772778999016
2021-09-02,90.16999816894531,90.5,89.41000366210938,89.80000305175781,83.9466552734375,7717400,84.29253335250051,84.60102498957967,83.58207684128757
2021-09-03,89.33999633789062,90.4800033569336,89.30000305175781,90.0,84.13362121582031,8456900,83.51663790349848,84.58233700042668,83.4792514592021
2021-09-07,90.04000091552734,90.66999816894531,88.54000091552734,88.72000122070312,82.93705749511719,11046000,84.17101702032994,84.75994981687614,82.76878996294747
2021-09-08,88.13999938964844,89.5999984741211,87.97000122070312,89.47000122070312,83.63815307617188,8851200,82.39484364038749,83.75967682751322,82.23592631968863
2021-09-09,89.5999984741211,90.83000183105469,89.41000366210938,89.54000091552734,83.70361328125,11034700,83.75970008481266,84.90952948251993,83.58208949616552
2021-09-10,89.6500015258789,90.55000305175781,89.51000213623047,89.68000030517578,83.83447265625,10547400,83.80642925934849,84.64776682686771,83.67555531907827
2021-09-13,90.12000274658203,90.51000213623047,88.2300033569336,88.88999938964844,83.0959701538086,18883400,84.24579941400253,84.61037785775044,82.478993992118
2021-09-14,86.19000244140625,86.94999694824219,84.7300033569336,86.38999938964844,80.75890350341797,22714200,80.57194280937722,81.28239915240673,79.20710977301844
2021-09-15,86.55000305175781,88.36000061035156,86.16999816894531,87.7300033569336,82.0115966796875,14951100,80.90851101449887,82.60052952682778,80.55327556490319
2021-09-16,87.66999816894531,87.97000122070312,86.19000244140625,87.25,81.56288146972656,12410500,81.95550337082902,82.23595166138578,80.5719765387262
2021-09-17,86.20999908447266,87.56999969482422,85.94999694824219,86.38999938964844,80.75890350341797,58069000,80.59063602594397,81.86198871528235,80.34758141801633
2021-09-20,85.02999877929688,87.41000366210938,84.93000030517578,86.16999816894531,80.55326843261719,13897700,79.48757644238032,81.71244793210988,79.3940960652201
2021-09-21,86.73999786376953,87.66000366210938,86.12000274658203,86.91999816894531,81.25437927246094,11124400,81.08611174629874,81.94614973118075,80.50652914781422
2021-09-22,87.62000274658203,89.0,87.23999786376953,88.44000244140625,82.67530059814453,9908000,81.90875017538879,83.19879636038898,81.55351479492732
2021-09-23,88.94000244140625,90.05999755859375,88.66000366210938,89.41999816894531,83.59143829345703,9720200,83.14272956989055,84.18972134627673,82.880981625794
2021-09-24,89.2699966430664,90.05999755859375,88.94000244140625,89.94000244140625,84.0775146484375,7617800,83.45118130626136,84.18968821914255,83.14269685472873
2021-09-27,89.77999877929688,91.30999755859375,89.1500015258789,91.04000091552734,85.10582733154297,11533000,83.92795471329791,85.35822504083372,83.33902197022286
2021-09-28,90.63999938964844,92.2699966430664,90.05000305175781,90.48999786376953,84.59166717529297,15041800,84.73189128240409,86.25564184503926,84.18035216175319
2021-09-29,91.1500015258789,92.08000183105469,91.0,91.25,85.30213928222656,12007300,85.2086589121719,86.07803990466086,85.06843479104238
2021-09-30,91.25,91.58000183105469,87.12000274658203,87.12999725341797,81.45069122314453,15649900,85.30214401929615,85.61063567649352,81.44134817808677
2021-10-01,87.76000213623047,90.2699966430664,87.5999984741211,89.73999786376953,83.89054107666016,13320900,82.03960596559763,84.38599333232746,81.89003170542237
2021-10-04,89.4800033569336,90.43000030517578,88.95999908447266,89.26000213623047,83.44186401367188,10853900,83.64752513289002,84.53559945813646,83.16141573617513
2021-10-05,89.3499984741211,91.97000122070312,89.16999816894531,91.48999786376953,85.52648162841797,9788600,83.52597203439521,85.97519732682129,83.35770453900572
2021-10-06,90.41999816894531,91.5,89.6500015258789,91.33999633789062,85.38626098632812,10268300,84.52623025597958,85.53583526922057,83.80642363281915
2021-10-07,91.70999908447266,92.87999725341797,91.6500015258789,92.30999755859375,86.29305267333984,9124400,85.73216326481841,86.82589868124958,85.676076463595
2021-10-08,92.37999725341797,95.0199966430664,92.11000061035156,94.38999938964844,88.54440307617188,13202300,86.65888087588382,89.13538444182744,86.4056051925755
2021-10-11,94.29000091552734,96.80000305175781,94.19999694824219,95.29000091552734,89.388671875,12959300,88.45060207736991,90.80515927335472,88.36617207399281
2021-10-12,95.83000183105469,96.5199966430664,95.26000213623047,95.56999969482422,89.65133666992188,9964100,89.89523683864144,90.54250017849381,89.36053730211727
2021-10-13,96.0999984741211,96.98999786376953,95.94999694824219,96.4000015258789,90.4299087524414,9453900,90.14848501627445,90.9833663681594,90.00777314819098
2021-10-14,96.80000305175781,97.3499984741211,94.37000274658203,95.27999877929688,89.37928771972656,7911200,90.80515779680532,91.3210918829697,88.52564793935429
2021-10-15,95.08999633789062,96.04000091552734,94.7300033569336,95.33000183105469,89.42619323730469,7422800,89.20105133866358,90.09222191774973,88.86335280451071
2021-10-18,95.5,96.6500015258789,95.0999984741211,96.51000213623047,90.53313446044922,7344100,89.5856817904594,90.66446368319166,89.21045237252133
2021-10-19,97.0,97.27999877929688,96.31999969482422,97.05999755859375,91.0490493774414,5616500,90.99276748157972,91.25542587147339,90.35487975316464
2021-10-20,97.2699966430664,97.97000122070312,96.25,96.63999938964844,90.65507507324219,6574100,91.24605653707961,91.90270976491549,90.28922838273729
2021-10-21,96.56999969482422,96.83000183105469,95.70999908447266,96.30000305175781,90.33613586425781,6224400,90.58941159279368,90.83331177513209,89.78267089167129
2021-10-22,96.29000091552734,98.2699966430664,96.22000122070312,98.25,92.1653823852539,6819600,90.32676594662622,92.1841406372095,90.26110132942189
2021-10-25,98.44000244140625,98.94999694824219,97.55000305175781,97.88999938964844,91.82765197753906,5083100,92.34359322933501,92.82200367346809,91.50871168145035
2021-10-26,98.30000305175781,98.55999755859375,96.94000244140625,96.9800033569336,90.97401428222656,7089700,92.21226615820866,92.45615915840932,90.93649063060228
2021-10-27,96.80999755859375,97.30000305175781,96.0,96.02999877929688,90.08284759521484,5941200,90.81454094159653,91.27420032639945,90.05470664449325
2021-10-28,96.6500015258789,97.69999694824219,95.93000030517578,96.2300033569336,90.27045440673828,5177200,90.664441980656,91.64941091545028,89.98903062142325
2021-10-29,95.79000091552734,96.97000122070312,95.45999908447266,95.94000244140625,89.9984359741211,7578600,89.85772404604836,90.96464690629807,89.54815923566954
2021-11-01,96.0,96.02999877929688,93.91000366210938,94.37999725341797,88.53502655029297,7327600,90.05470222685688,90.08284317619801,88.09413974910728
2021-11-02,93.7300033569336,95.91999816894531,93.5,95.87000274658203,89.93275451660156,6229600,87.92528571237446,89.97965371257045,87.70952650882275
2021-11-03,96.5,96.87000274658203,94.75,96.1500015258789,90.19540405273438,5746400,90.52372701987126,90.87081538907535,88.88210502728292
2021-11-04,96.2300033569336,96.61000061035156,95.31999969482422,95.62999725341797,89.70763397216797,5857500,90.27048171305633,90.62694574630014,89.41683455444029
2021-11-05,96.19999694824219,96.55000305175781,94.0999984741211,94.94999694824219,89.06973266601562,6160200,90.24232002158142,90.57065020666404,88.27237469561193
2021-11-08,95.25,95.25,94.30999755859375,95.13999938964844,89.24795532226562,5056400,89.35114356717901,89.35114356717901,88.46935571315709
2021-11-09,95.11000061035156,95.61000061035156,94.05999755859375,94.58999633789062,88.73204040527344,6102600,89.21984082710765,89.68887584053712,88.23486443614321
2021-11-10,94.0999984741211,94.8499984741211,93.36000061035156,93.83000183105469,88.01910400390625,5828800,88.27237973813843,88.97593219166808,87.57820998792276
2021-11-11,94.11000061035156,94.76000213623047,93.80000305175781,94.04000091552734,88.21609497070312,3620600,88.28175957795978,88.89150644928895,87.99096019680965
2021-11-12,94.29000091552734,94.47000122070312,93.43000030517578,93.54000091552734,87.74706268310547,6435300,88.45061513519236,88.61946800996944,87.64387441758028
2021-11-15,93.81999969482422,94.25,92.91999816894531,94.0199966430664,88.19731903076172,5700900,88.0097079344089,88.41307823278159,87.16544368701203
2021-11-16,94.13999938964844,96.37000274658203,94.0199966430664,95.61000061035156,89.68885803222656,7392900,88.30989422144118,90.40179311501521,88.19732326408354
2021-11-17,95.76000213623047,96.13999938964844,94.81999969482422,95.33000183105469,89.42619323730469,6257600,89.8295635262395,90.18602746373132,88.94777564882283
2021-11-18,95.1500015258789,95.33000183105469,93.5,94.66000366210938,88.79767608642578,5725300,89.25732820882966,89.42618103131117,87.7095118622331
2021-11-19,94.80999755859375,96.95999908447266,93.94000244140625,93.97000122070312,88.1504135131836,8936600,88.93838864963922,90.95523999685881,88.12227256643934
2021-11-22,93.7300033569336,95.66999816894531,93.41000366210938,94.61000061035156,88.75077056884766,6488200,87.92527184952127,89.74512211222985,87.62508984641136
2021-11-23,94.16000366210938,94.29000091552734,92.26000213623047,92.94000244140625,87.1842041015625,8905500,88.32865033177424,88.45059682173458,86.54631639080043
2021-11-24,92.2300033569336,93.69999694824219,92.1500015258789,93.58000183105469,87.7845687866211,10908500,86.51817605746442,87.89713257602796,86.4431287599237
2021-11-26,92.88999938964844,94.08000183105469,92.06999969482422,92.33000183105469,86.61199188232422,4519300,87.13730871365921,88.25361413715112,86.36809171481653
2021-11-29,93.16999816894531,94.12999725341797,92.87000274658203,92.94000244140625,87.1842041015625,9552500,87.39995613433112,88.30050222771801,87.1185395059063
2021-11-30,93.0199966430664,93.5199966430664,90.61000061035156,90.73999786376953,85.12044525146484,23271200,87.25924308963447,87.7282779543876,84.9984987631145
2021-12-01,91.69000244140625,92.38999938964844,89.66000366210938,89.75,84.1917724609375,12084900,86.01163033414683,86.66827639308563,84.10734960631905
2021-12-02,89.4000015258789,91.04000091552734,89.0,89.98999786376953,84.41690063476562,7089800,83.86344287931611,85.40187680312407,83.48821352199363
2021-12-03,90.3499984741211,90.79000091552734,87.72000122070312,88.23999786376953,82.7752914428711,10808600,84.75461963524175,85.16737270873125,82.2874982116701
2021-12-06,88.33999633789062,89.16999816894531,87.8499984741211,88.94000244140625,83.43192291259766,8398500,82.8690753569257,83.64767493962181,82.40942319957064
2021-12-07,89.9800033569336,90.7300033569336,89.20999908447266,90.05000305175781,84.47319793701172,6803700,84.40753332983766,85.11108575966206,83.68521549401757
2021-12-08,90.05000305175781,90.16999816894531,87.91000366210938,88.94000244140625,83.43192291259766,7695800,84.47318087092523,84.58574465653645,82.46571224928022
2021-12-09,89.12000274658203,89.98999786376953,88.23999786376953,88.7699966430664,83.2724609375,8615800,83.60079112433198,84.41690734773469,82.77528504119597
2021-12-10,104.29000091552734,106.33999633789062,100.0999984741211,102.62999725341797,96.27411651611328,45824600,97.8313160704353,99.75435517627069,93.90080068465895
2021-12-13,102.44000244140625,104.36000061035156,100.5199966430664,100.88999938964844,94.64186096191406,16317600,96.09587200564945,97.89696429281122,94.29477256158312
2021-12-14,100.0,101.45999908447266,99.38999938964844,99.88999938964844,93.70379638671875,9511600,93.80698464237777,95.17656575932789,93.23476146350687
2021-12-15,100.58000183105469,103.76000213623047,100.23999786376953,103.6500015258789,97.23092651367188,14452200,94.3510528008874,97.33411475394297,94.03210537907569
2021-12-16,103.94999694824219,104.0,102.27999877929688,103.22000122070312,96.82757568359375,9053200,97.51236269891119,97.55926905641198,95.94578769229724
2021-12-17,97.69000244140625,99.94999694824219,95.80999755859375,96.62000274658203,90.63629913330078,28872300,91.64003344975482,93.76006586890568,89.87645779164207
2021-12-20,96.41999816894531,96.41999816894531,91.5199966430664,91.63999938964844,85.96472930908203,17205400,90.44870250743207,90.44870250743207,85.85215833903644
2021-12-21,91.80999755859375,91.83999633789062,89.70999908447266,91.51000213623047,85.84275817871094,15823000,86.12417478777532,86.15231573299138,84.15422989671005
2021-12-22,91.2699966430664,91.86000061035156,89.51000213623047,89.86000061035156,84.29495239257812,10539000,85.6176270825862,86.1710919834979,83.96662939554807
2021-12-23,90.02999877929688,90.36000061035156,89.05999755859375,89.72000122070312,84.16361236572266,9655400,84.45441167469308,84.76397638502498,83.54448294505885
2021-12-27,89.69999694824219,90.33000183105469,89.0199966430664,89.54000091552734,83.9947738647461,7666200,84.14486131671985,84.73584989304838,83.50697354279542
2021-12-28,89.69999694824219,89.80000305175781,88.5199966430664,88.6500015258789,83.1598892211914,5610500,84.14485821728329,84.23867092282931,83.03793556674341
2021-12-29,88.5,89.19000244140625,87.72000122070312,88.20999908447266,82.74715423583984,5628500,83.0191953959661,83.66646598926326,82.28750193758121
2021-12-30,88.6500015258789,88.91000366210938,87.7699966430664,88.01000213623047,82.55953979492188,7382400,83.15990400121537,83.40380419655517,82.33439784988241
2021-12-31,88.05000305175781,88.0999984741211,87.18000030517578,87.20999908447266,81.80907440185547,5908200,82.59705683252746,82.64395603297245,81.78093345020741
2022-01-03,87.33000183105469,87.94000244140625,85.76000213623047,87.9000015258789,82.45632934570312,10644400,81.92162989465092,82.49385299311605,80.44886072898753
2022-01-04,87.9000015258789,89.58000183105469,87.7300033569336,88.83999633789062,83.33812713623047,11959000,82.45634628998995,84.03230402066279,82.29687612339283
2022-01-05,88.48999786376953,88.5999984741211,86.22000122070312,86.45999908447266,81.10553741455078,11236700,83.009818512043,83.11300679232247,80.88040260162586
2022-01-06,86.0,87.41999816894531,85.55000305175781,86.33999633789062,81.2938232421875,7918400,80.97369811631532,82.31070396582577,80.55000140654525
2022-01-07,86.44999694824219,88.0,86.27999877929688,87.51000213623047,82.39544677734375,9836800,81.39739399573564,82.8568065295968,81.23733143443238
2022-01-10,87.37999725341797,89.37999725341797,86.94999694824219,89.27999877929688,84.06201171875,11025500,82.27305615515391,84.1561657624144,81.86818730225318
2022-01-11,88.63999938964844,89.0,87.41000366210938,88.4800033569336,83.30878448486328,7249800,83.45942954026754,83.79838989429477,82.30132098358625
2022-01-12,88.88999938964844,89.5199966430664,87.66999816894531,88.30999755859375,83.14869689941406,5840300,83.6948003733664,84.28797727428476,82.54610243970546
2022-01-13,88.7300033569336,88.91999816894531,87.55000305175781,87.79000091552734,82.65908813476562,6044300,83.54415185319363,83.7230423617646,82.43311701770675
2022-01-14,87.4800033569336,88.0999984741211,86.66000366210938,87.69000244140625,82.56493377685547,6054800,82.36720815226936,82.95096746766868,81.59513358715068
2022-01-18,86.87000274658203,86.97000122070312,85.33999633789062,85.55000305175781,80.55001831054688,6824700,81.79287039465119,81.88702444063769,80.352285475434
2022-01-19,85.7699966430664,86.69000244140625,83.2300033569336,83.37999725341797,78.50682067871094,10501800,80.75713561857701,81.6233713179393,78.36559323421474
2022-01-20,83.91999816894531,85.0,82.5199966430664,82.72000122070312,77.88541412353516,10836900,79.01527700895095,80.03215791592098,77.69709885363716
2022-01-21,83.36000061035156,83.38999938964844,82.02999877929688,82.22000122070312,77.41461181640625,11609000,78.48798336724917,78.51622885277283,77.23571416343552
2022-01-24,81.22000122070312,82.41999816894531,79.58999633789062,82.41999816894531,77.60293579101562,16770400,76.4730730369184,77.60293579101562,74.93833429547055
2022-01-25,81.33000183105469,82.0999984741211,80.19999694824219,81.06999969482422,76.33183288574219,13469900,76.57663909873575,77.30163299663113,75.5126777788935
2022-01-26,81.91000366210938,82.02999877929688,79.27999877929688,79.58999633789062,74.93833923339844,13971300,77.12275315331094,77.2357351260701,74.64645955911374
2022-01-27,80.11000061035156,81.1500015258789,79.19999694824219,79.77999877929688,75.11722564697266,10331900,75.4279403923542,76.40715804891047,74.5711222490581
2022-01-28,79.98999786376953,80.5,78.56999969482422,80.4800033569336,75.77632141113281,7854700,75.31495446040664,75.79514934340095,73.9779485811201
2022-01-31,80.48999786376953,81.63999938964844,80.12000274658203,81.16000366210938,76.41656494140625,10594200,75.78571798120757,76.86850706843957,75.43734742151325
2022-02-01,81.4000015258789,81.4000015258789,79.6500015258789,81.04000091552734,76.30360412597656,8016900,76.64256443874862,76.64256443874862,74.99484348968736
2022-02-02,81.16000366210938,82.87999725341797,80.83999633789062,82.5,77.6782455444336,9287600,76.41656597396923,78.03603366512706,76.1152616405549
2022-02-03,81.62999725341797,82.76000213623047,81.62999725341797,81.94000244140625,77.1510009765625,8207200,76.85911410996975,77.92307560886927,76.85911410996975
2022-02-04,82.02999877929688,82.91000366210938,81.47000122070312,82.11000061035156,77.3110580444336,5570200,77.23573194336973,78.06430468808756,76.70846360290737
2022-02-07,82.13999938964844,82.25,80.66000366210938,80.73999786376953,76.02112579345703,6292200,77.33930383316232,77.44287542664938,75.94580687559659
2022-02-08,80.29000091552734,80.86000061035156,79.80000305175781,80.79000091552734,76.06819152832031,6585300,75.59741426215926,76.13410005824322,75.13605455269892
2022-02-09,81.75,83.6500015258789,81.6500015258789,83.44999694824219,78.5727310180664,8755900,76.97209102009717,78.7610462542045,76.87793699377399
2022-02-10,82.75,83.77999877929688,81.62000274658203,81.8499984741211,77.06624603271484,6336300,77.91364664745197,78.88344677962651,76.84969248774925
2022-02-11,81.83999633789062,82.43000030517578,79.52999877929688,79.75,75.08899688720703,7670500,77.05684301272606,77.61236409188487,74.88185367746962
2022-02-14,79.58000183105469,79.7300033569336,78.44000244140625,78.94999694824219,74.33574676513672,5389800,74.92893087203734,75.07016552527524,73.85555900101787
2022-02-15,79.38999938964844,79.93000030517578,79.20999908447266,79.7699966430664,75.1078109741211,5712800,74.75002279458651,75.2584631656042,74.58054267091396
2022-02-16,79.47000122070312,79.77999877929688,78.22000122070312,79.19000244140625,74.56170654296875,6227000,74.8253406655939,75.11722027514443,73.64839748709517
2022-02-17,78.76000213623047,78.9800033569336,75.33000183105469,75.52999877929688,71.11563110351562,9247100,74.15685619165596,74.36399939179772,70.92732302165558
2022-02-18,75.5,75.7300033569336,74.27999877929688,74.56999969482422,70.21173095703125,7790100,71.087377081266,71.30393781456792,69.93867924264708
2022-02-22,73.81999969482422,74.91000366210938,73.62000274658203,74.12000274658203,69.78804779052734,8039000,69.50557846325329,70.53187698108853,69.31727036739952
2022-02-23,74.06999969482422,74.37999725341797,72.3499984741211,72.47000122070312,68.23445892333984,6807100,69.74094475638593,70.03282436618174,68.12146979205222
2022-02-24,70.94000244140625,74.94000244140625,70.2300033569336,74.80999755859375,70.43770599365234,11240500,66.79389384076704,70.56011270414734,66.12539085453614
2022-02-25,74.6500015258789,76.83000183105469,74.31999969482422,76.3499984741211,71.88770294189453,8291800,70.28706275774594,72.33965237770298,69.97634796959593
2022-02-28,75.56999969482422,76.69999694824219,75.0199966430664,75.97000122070312,71.52991485595703,9234400,71.15329152268566,72.21724579444663,70.63543354150096
2022-03-01,75.9800033569336,76.5,75.62000274658203,76.01000213623047,71.56758880615234,8752100,71.53934330896689,72.02894868833337,71.20038297575407
2022-03-02,76.44999694824219,78.86000061035156,76.25,78.27999877929688,73.70490264892578,8527200,71.98185577988426,74.25100611291037,71.79354770847213
2022-03-03,78.95999908447266,79.04000091552734,77.43000030517578,78.25,73.67666625976562,8203000,74.3451693344165,74.42049544568533,72.90459157799344
2022-03-04,77.66999816894531,77.91000366210938,75.77999877929688,76.48999786376953,72.01951599121094,8841300,73.13055080911742,73.35652910609284,71.35101302551608
2022-03-07,76.29000091552734,76.38999938964844,73.44000244140625,74.31999969482422,69.97635650634766,11110100,71.83122071926371,71.92537476802478,69.14779082035949
2022-03-08,73.83999633789062,75.2300033569336,73.11000061035156,73.33000183105469,69.0442123413086,9134100,69.5244000972561,70.83316782372941,68.83706914455033
2022-03-09,74.91999816894531,76.94999694824219,74.69000244140625,76.0999984741211,71.6523208618164,8959500,70.54128587917776,72.45264102766359,70.32473229183334
2022-03-10,75.0999984741211,76.8499984741211,75.02999877929688,76.6500015258789,72.170166015625,13812600,70.7107534214541,72.35847407394101,70.6448448826943
2022-03-11,76.69999694824219,79.9000015258789,74.0,77.81999969482422,73.27177429199219,22795800,72.2172306171555,75.23020946662129,69.67503622295753
2022-03-14,77.91999816894531,78.5999984741211,75.44000244140625,77.06999969482422,72.56562042236328,13306200,73.36594048045201,74.00619796362143,71.03088884782863
2022-03-15,78.05000305175781,81.54000091552734,77.06999969482422,80.5999984741211,75.8893051147461,16847200,73.48834501161325,76.77436880500646,72.56561827245967
2022-03-16,81.0,81.2300033569336,77.75,79.95999908447266,75.28671264648438,14071300,76.26593039255602,76.48249113341961,73.20587762989173
2022-03-17,79.77999877929688,81.29000091552734,79.26000213623047,80.5999984741211,75.8893051147461,10462400,75.11723057116538,76.53898013704291,74.62762530253772
2022-03-18,79.62999725341797,81.98999786376953,78.83999633789062,81.68000030517578,76.90618896484375,24176000,74.97599893683267,77.19806862609224,74.23216985425496
2022-03-21,81.27999877929688,81.9800033569336,80.2699966430664,80.95999908447266,76.22826385498047,8131300,76.52956105664079,77.18865362392344,75.57858884560682
2022-03-22,81.45999908447266,82.2300033569336,80.83000183105469,81.80000305175781,77.01918029785156,9292300,76.69904795211374,77.42404912177459,76.10587105433969
2022-03-23,81.25,81.41000366210938,80.22000122070312,80.38999938964844,75.69158935546875,7451100,76.50132705342132,76.65197926861855,75.53152676444145
2022-03-24,80.6500015258789,82.81999969482422,80.48999786376953,82.23999786376953,77.4334716796875,7025700,75.93640286160695,77.97957523666395,75.78575063202985
2022-03-25,82.04000091552734,82.83999633789062,81.2300033569336,81.7300033569336,76.95328521728516,5682300,77.24516493786886,77.9984045485512,76.4825077667985
2022-03-28,81.73999786376953,83.70999908447266,81.73999786376953,83.5999984741211,78.7139663696289,6626700,76.96267416672266,78.81753795457973,76.96267416672266
2022-03-29,84.48999786376953,84.51000213623047,83.11000061035156,84.29000091552734,79.36363220214844,5762000,79.5519402347673,79.57077534812377,78.2525975693188
2022-03-30,83.95999908447266,84.36000061035156,83.12000274658203,83.36000061035156,78.48799896240234,5533100,79.05293033559634,79.42955364555641,78.26202784982317
2022-03-31,83.11000061035156,83.91000366210938,82.58999633789062,82.7300033569336,77.89481353759766,9433300,78.25260169181887,79.00584822895878,77.7629892876305
2022-04-01,83.04000091552734,83.36000061035156,81.47000122070312,82.01000213623047,77.21688842773438,6147500,78.18668843687902,78.48798559684136,76.7084481233934
2022-04-04,82.25,84.30000305175781,82.0,84.06999969482422,79.1565170288086,7882400,77.44288746584039,79.37307780799125,77.20749875013874
2022-04-05,83.4000015258789,84.5199966430664,82.66999816894531,82.94000244140625,78.09254455566406,5143400,78.52565883034863,79.58019543532257,77.83832077875653
2022-04-06,81.91999816894531,82.47000122070312,81.37000274658203,82.12000274658203,77.32046508789062,5492400,77.13214986084051,77.65000775586407,76.61429914930837
2022-04-07,81.25,82.01000213623047,80.77999877929688,81.54000091552734,77.07470703125,7112200,76.80058714711828,77.51897004306369,76.35632413530459
2022-04-08,81.70999908447266,81.83000183105469,80.26000213623047,80.94000244140625,76.50757598876953,6182500,77.23540617042967,77.34883734137178,75.86481377662005
2022-04-11,80.62999725341797,81.12999725341797,79.69999694824219,79.76000213623047,75.39218139648438,5738400,76.21453380285752,76.68715278089938,75.33546221523592
2022-04-12,79.94999694824219,80.98999786376953,79.0199966430664,79.33000183105469,74.98574829101562,6174700,75.57179136080012,76.5548399562135,74.6927195445282
2022-04-13,79.26000213623047,79.95999908447266,78.62999725341797,79.75,75.38272857666016,4728600,74.9195639877237,75.58122768620434,74.32405944749767
2022-04-14,79.83000183105469,80.36000061035156,79.31999969482422,79.44999694824219,75.09915924072266,5590400,75.4583543106127,75.95932931693943,74.97628089194622
2022-04-18,79.1500015258789,79.9800033569336,77.91000366210938,78.22000122070312,73.93651580810547,4955900,74.81558741628862,75.60013666897119,73.64349434257556
2022-04-19,78.25,79.77999877929688,78.23999786376953,79.55999755859375,75.20314025878906,5412400,73.96488066652296,75.41109379279284,73.95542626636069
2022-04-20,79.79000091552734,81.86000061035156,79.79000091552734,80.29000091552734,75.8931655883789,9472600,75.42054655286397,77.37718907143201,75.42054655286397
2022-04-21,81.48999786376953,81.5999984741211,79.33000183105469,79.4800033569336,75.12751007080078,5616100,77.02743302219304,77.13140976619074,74.98572294611365
2022-04-22,79.2699966430664,79.69999694824219,76.16000366210938,76.20999908447266,72.0365982055664,9357100,74.92902462318256,75.3354773142249,71.98934062524667
2022-04-25,76.19999694824219,77.05999755859375,74.69999694824219,76.9800033569336,72.76443481445312,7305900,72.0271430113219,72.84004838445058,70.60928580864552
2022-04-26,76.3499984741211,76.6500015258789,74.4800033569336,74.51000213623047,70.42967987060547,7555200,72.16891419251283,72.45248845489007,70.40132388668636
2022-04-27,74.58000183105469,76.0199966430664,74.41999816894531,74.76000213623047,70.66598510742188,7279200,70.49584200253399,71.85697963004444,70.34460048192581
2022-04-28,75.5199966430664,76.62999725341797,74.5999984741211,76.13999938964844,71.9704360961914,6177900,71.38438581499831,72.43360079574997,70.51476840026933
2022-04-29,75.33999633789062,75.87000274658203,73.1500015258789,73.4000015258789,69.38046264648438,7946900,71.21421925126724,71.7152013912696,69.14415317371814
2022-05-02,73.93000030517578,74.5999984741211,72.52999877929688,74.0,69.94761657714844,7379900,69.88145020128246,70.51475797194163,68.55811547236894
2022-05-03,73.8499984741211,74.20999908447266,72.80999755859375,73.29000091552734,69.27648162841797,5211500,69.80581250705437,70.14609870377559,68.82276429559224
2022-05-04,73.37999725341797,75.3499984741211,72.79000091552734,75.20999908447266,71.09136199951172,6759900,69.36157441521513,71.22369476656878,68.80388735570249
2022-05-05,74.0,74.72000122070312,71.98999786376953,72.80000305175781,68.8133316040039,7197200,69.94761435759767,70.62818689439148,68.04768389431393
2022-05-06,72.12999725341797,72.94000244140625,71.62999725341797,72.48999786376953,68.52030944824219,6222500,68.1800231473762,68.94567093012195,67.70740408635062
2022-05-09,71.63999938964844,72.58999633789062,71.16999816894531,71.54000091552734,67.62232208251953,7019700,67.71684443278846,68.6148175777329,67.27258145377212
2022-05-10,72.5,73.62000274658203,71.2699966430664,72.52999877929688,68.55811309814453,8129000,68.52975711112597,69.58842629991302,67.36711116220835
2022-05-11,72.30999755859375,73.45999908447266,70.87000274658203,71.02999877929688,67.14025115966797,6932100,68.35015459487835,69.43717969143539,66.98901683606333
2022-05-12,70.87999725341797,70.93000030517578,68.97000122070312,70.7300033569336,66.856689453125,11698900,66.99846938923662,67.04573417566975,65.19306849067439
2022-05-13,70.95999908447266,71.9800033569336,70.52999877929688,71.16999816894531,67.2725830078125,6700100,67.07408390418436,68.03823064934184,66.6676312982049
2022-05-16,70.69000244140625,70.91000366210938,69.38999938964844,69.70999908447266,65.89253997802734,6942100,66.81887638920844,67.02682990263237,65.59006410711807
2022-05-17,71.05000305175781,71.9000015258789,70.69999694824219,71.87999725341797,67.94371795654297,5952500,67.15917574594233,67.96262675868468,66.82833661281754
2022-05-18,70.80000305175781,70.94000244140625,67.80999755859375,68.30000305175781,64.55975341796875,7977300,66.922848239833,67.05518097292996,64.09658164053633
2022-05-19,67.4800033569336,67.9000015258789,66.72000122070312,67.04000091552734,63.36875534057617,9451600,63.78466236142872,64.1816605841006,63.0662794740271
2022-05-20,67.87999725341797,68.69000244140625,66.8499984741211,68.62999725341797,64.87168884277344,7531100,64.1627602608237,64.92840803321366,63.189166162134505
2022-05-23,69.30999755859375,70.47000122070312,68.66999816894531,70.04000091552734,66.20448303222656,7370200,65.51445598731166,66.6109357383337,64.90950412867709
2022-05-24,69.66999816894531,70.52999877929688,68.30999755859375,69.02999877929688,65.24977111816406,6644100,65.85472279756131,66.66762796892502,64.56919867594395
2022-05-25,68.87999725341797,70.22000122070312,68.7699966430664,69.83000183105469,66.00598907470703,7103300,65.10800840553678,66.37463141721416,65.00403162056342
2022-05-26,70.12999725341797,72.12000274658203,69.91000366210938,71.66000366210938,67.73577117919922,6758900,66.28955071163556,68.17057987493135,66.08160437057714
2022-05-27,72.36000061035156,72.8499984741211,71.55000305175781,72.77999877929688,68.7944107055664,6566700,68.39741253279055,68.86057706769571,67.63177216935246
2022-05-31,72.2300033569336,72.9800033569336,71.5199966430664,71.91999816894531,67.98152160644531,16890300,68.27455031781749,68.98347888432083,67.603424928658
2022-06-01,73.0199966430664,73.2699966430664,71.1500015258789,71.5999984741211,67.67901611328125,5804700,69.02125188150707,69.25756130034645,67.25366204400682
2022-06-02,71.4800033569336,73.19000244140625,71.01000213623047,73.13999938964844,69.13472747802734,6200400,67.56563567745249,69.1819922768405,67.12137253035367
2022-06-03,72.55999755859375,72.95999908447266,71.2300033569336,71.79000091552734,67.85865020751953,8169500,68.58648043730723,68.96457715385456,67.3293191313103
2022-06-06,72.62999725341797,74.83999633789062,72.62999725341797,72.97000122070312,68.97401428222656,5274700,68.65262962958542,70.74160463117657,68.65262962958542
2022-06-07,71.58999633789062,73.12999725341797,71.58999633789062,72.69000244140625,68.70935821533203,5675700,67.66959055998726,69.12525806587571,67.66959055998726
2022-06-08,72.01000213623047,72.1500015258789,70.94000244140625,71.37999725341797,67.4710922241211,5253500,68.06659683585394,68.19892959144029,67.05519236867586
2022-06-09,70.7699966430664,71.16000366210938,69.19999694824219,69.22000122070312,65.42936706542969,6824900,66.89448144929379,67.26313085635887,65.41045826937882
2022-06-10,67.9800033569336,68.22000122070312,66.95999908447266,67.13999938964844,63.46329116821289,10256100,64.25729499369537,64.48415013886391,63.29314800643772
2022-06-13,65.77999877929688,66.0999984741211,63.7599983215332,64.05000305175781,60.54248809814453,16547200,62.17774556502923,62.480221393166964,60.26836464628706
2022-06-14,72.0,72.43000030517578,69.0199966430664,70.72000122070312,66.84722900390625,29661300,68.05713242652284,68.46358503364497,65.24032016132406
2022-06-15,70.44999694824219,71.41999816894531,68.66999816894531,69.69999694824219,65.8830795288086,11765500,66.59200796223878,67.50888988999671,64.90948563408601
2022-06-16,68.5,68.95999908447266,67.58000183105469,68.70999908447266,64.94731903076172,10686000,64.74881986445193,65.18362859231081,63.87920240873419
2022-06-17,68.75,69.37000274658203,67.38999938964844,67.72000122070312,64.01152801513672,16445600,64.98512214579308,65.5711723889547,63.699597698054184
2022-06-21,68.61000061035156,69.52999877929688,67.38999938964844,67.68000030517578,63.97372817993164,10047700,64.8528000839254,65.72241758570962,63.6996082086222
2022-06-22,66.93000030517578,67.56999969482422,66.37999725341797,66.52999877929688,62.88669204711914,8219900,63.264788743915595,63.86974057415206,62.74490488437113
2022-06-23,66.44999694824219,67.87000274658203,66.30999755859375,67.62999725341797,63.92645263671875,8775800,62.81107134611371,64.1533149820448,62.678738583804176
2022-06-24,68.33000183105469,70.77999877929688,67.97000122070312,70.69999694824219,66.82833099365234,20132600,64.58812130509048,66.9039517726707,64.24783501110232
2022-06-27,69.37000274658203,70.8499984741211,68.94000244140625,70.41000366210938,66.55421447753906,8840600,65.57116604139628,66.97011431512693,65.16471339194874
2022-06-28,70.56999969482422,71.06999969482422,68.52999877929688,68.58000183105469,64.82440948486328,7252100,66.70543067108007,67.17804956692493,64.77714471064198
2022-06-29,69.02999877929688,70.08999633789062,68.77999877929688,69.20999908447266,65.4199447631836,8077900,65.249801573215,66.25175190769882,65.01349198779174
2022-06-30,68.20999908447266,70.25,68.20999908447266,69.87000274658203,66.04378509521484,9888600,64.47468647194358,66.40297295774481,64.47468647194358
2022-07-01,69.8499984741211,70.9800033569336,69.80999755859375,70.87000274658203,66.989013671875,7805600,66.02486695951224,67.09299041951398,65.9870565774987
2022-07-05,70.37999725341797,72.0,70.18000030517578,71.98999786376953,68.04769897460938,9040400,66.52586482912905,68.05715337626948,66.33682006549982
2022-07-06,72.31999969482422,72.73999786376953,71.30999755859375,71.66000366210938,67.73577117919922,6043700,68.35962462556445,68.75662292885096,67.40493204819883
2022-07-07,71.83000183105469,71.9800033569336,71.18000030517578,71.83000183105469,67.89644622802734,7814500,67.89644622802734,68.0382333681685,67.28204009514468
2022-07-08,71.69000244140625,72.23999786376953,71.33000183105469,71.87000274658203,67.93427276611328,4927300,67.7641295998063,68.28400628848108,67.42384326719232
2022-07-11,71.0,71.97000122070312,70.9000015258789,71.56999969482422,67.9532470703125,4543300,67.4120520129204,68.33303472760541,67.31710690955894
2022-07-12,71.5999984741211,71.94000244140625,70.06999969482422,70.41000366210938,66.85186004638672,7140800,67.9817189086345,68.30454090059523,66.529038054426
2022-07-13,69.05000305175781,70.52999877929688,68.68000030517578,70.02999877929688,66.49105834960938,6454800,65.5605863484956,66.96579103209278,65.20928155567337
2022-07-14,69.16000366210938,69.58000183105469,68.2300033569336,69.44999694824219,65.94039154052734,4915500,65.6650528555455,66.06382672053499,64.78204944372673
2022-07-15,70.26000213623047,70.87000274658203,70.0,70.73999786376953,67.16517639160156,5134100,66.70943708313477,67.28861152235584,66.46257406547194
2022-07-18,71.25,71.70999908447266,70.1500015258789,70.20999908447266,66.6619644165039,4642300,67.64940929512588,68.08616250692761,66.6049988109177
2022-07-19,70.63999938964844,72.30000305175781,70.26000213623047,72.23999786376953,68.5893783569336,7160300,67.07023516815663,68.64635120665693,66.709440924524
2022-07-20,72.55000305175781,73.0999984741211,72.16000366210938,72.58999633789062,68.92169952392578,5655700,68.88372727721303,69.40592897375548,68.513436299063
2022-07-21,72.1500015258789,74.62999725341797,72.12999725341797,74.54000091552734,70.77316284179688,7005100,68.50394076079542,70.8586112640999,68.48494739327434
2022-07-22,74.81999969482422,75.29000091552734,74.26000213623047,74.9000015258789,71.11495971679688,6659800,71.03900074647886,71.4852506422896,70.50730244194492
2022-07-25,75.0999984741211,75.43000030517578,74.33999633789062,74.86000061035156,71.07698822021484,5721600,71.30485791293383,71.61818326782675,70.5832621015023
2022-07-26,74.80000305175781,75.30000305175781,73.70999908447266,74.02999877929688,70.2889175415039,7284400,71.02000990549227,71.49474257265774,69.98508892427184
2022-07-27,74.37999725341797,76.12000274658203,74.31999969482422,75.87000274658203,72.03595733642578,6677200,70.62124838359868,72.27332373529438,70.56428276590145
2022-07-28,75.63999938964844,77.27999877929688,75.30999755859375,77.04000091552734,73.1468276977539,5688100,71.81757446341993,73.37469740414484,71.5042490897278
2022-07-29,77.01000213623047,78.16000366210938,77.0,77.83999633789062,73.9063949584961,5926600,73.118344057069,74.21023088868627,73.10884737328873
2022-08-01,77.18000030517578,77.80999755859375,76.69999694824219,77.44000244140625,73.52660369873047,5227500,73.2797406637518,73.87790126451367,72.82399407947166
2022-08-02,76.98999786376953,77.26000213623047,76.05999755859375,76.3499984741211,72.49168395996094,6403400,73.09934125421339,73.3557009762599,72.21633811665181
2022-08-03,76.72000122070312,77.76000213623047,76.30000305175781,77.37000274658203,73.46015167236328,6127800,72.84299762062142,73.83044265463896,72.44422383107026
2022-08-04,77.44999694824219,77.8499984741211,77.11000061035156,77.4000015258789,73.4886474609375,3656200,73.53611640016598,73.91590413323628,73.21330153555773
2022-08-05,76.2699966430664,77.4000015258789,76.0,77.3499984741211,73.44115447998047,4858100,72.41573000838612,73.48863065219842,72.15937751241096
2022-08-08,76.91999816894531,77.43000030517578,76.2699966430664,76.47000122070312,72.60562133789062,4733500,73.03287787647733,73.51710726569617,72.41572390886057
2022-08-09,76.20999908447266,76.91000366210938,75.83999633789062,76.7699966430664,72.89044952392578,4243700,72.3587512620647,73.02338133323659,72.00744648542333
2022-08-10,77.58999633789062,77.9800033569336,77.19999694824219,77.54000091552734,73.6215591430664,5258500,73.66902807395294,74.03932630041238,73.29873709134073
2022-08-11,77.94999694824219,78.0,77.08000183105469,77.16000366210938,73.2607650756836,5554600,74.0108364831473,74.0583126580311,73.18480609340843
2022-08-12,78.0,79.41999816894531,77.66000366210938,79.1500015258789,75.15019226074219,6692300,74.05830553801496,75.40654474646591,73.73549076015202
2022-08-15,78.83999633789062,79.41999816894531,78.5,79.11000061035156,75.11222076416016,3733500,74.85586100731673,75.40655276868296,74.53304619511074
2022-08-16,78.9000015258789,79.66000366210938,78.8499984741211,79.5199966430664,75.50150299072266,6185100,74.9128389417957,75.63443484199577,74.86536276320902
2022-08-17,79.0,79.7699966430664,78.94999694824219,79.25,75.2451171875,5185100,75.00775088722398,75.7388359047825,74.96027472963092
2022-08-18,79.27999877929688,79.87999725341797,79.01000213623047,79.31999969482422,75.31159973144531,4120500,75.27362024391788,75.84329806913645,75.0172677579158
2022-08-19,79.02999877929688,79.12999725341797,78.44000244140625,78.66000366210938,74.68495178222656,4679000,75.03624934388837,75.13119443504436,74.47606823537569
2022-08-22,77.93000030517578,77.93000030517578,76.16999816894531,76.45999908447266,72.59613037109375,5757700,73.99184579800516,73.99184579800516,72.32078451020641
2022-08-23,76.25,77.01000213623047,76.25,76.41000366210938,72.54863739013672,4432300,72.39671948531894,73.1183150455146,72.39671948531894
2022-08-24,76.47000122070312,76.55999755859375,76.05000305175781,76.16999816894531,72.32078552246094,3876400,72.6056280704959,72.69107648859824,72.20685429832447
2022-08-25,76.33999633789062,76.91000366210938,75.9800033569336,76.88999938964844,73.00440216064453,3523400,72.48219323492155,73.0233955273146,72.14039231717652
2022-08-26,76.9800033569336,77.26000213623047,74.56999969482422,74.6500015258789,70.87760162353516,4904100,73.0898579957785,73.35570717901261,70.80164264436914
2022-08-29,74.11000061035156,74.86000061035156,74.06999969482422,74.19000244140625,70.44084930419922,4295500,70.36489032401407,71.076989464594,70.32691083392149
2022-08-30,74.41999816894531,74.66999816894531,73.45999908447266,74.13999938964844,70.39337158203125,5099100,70.6592207629838,70.89658713795527,69.74773475235499
2022-08-31,74.45999908447266,75.1500015258789,74.04000091552734,74.1500015258789,70.40287780761719,8612900,70.69720983444417,71.35234343619234,70.29843600896609
2022-09-01,74.12000274658203,75.37000274658203,73.52999877929688,75.30000305175781,71.49476623535156,8139800,70.37439648027734,71.561228540998,69.81420798081622
2022-09-02,75.73999786376953,76.7699966430664,74.4800033569336,74.68000030517578,70.90608978271484,11027700,71.91252097917933,72.89046936726804,70.71619956431125
2022-09-06,74.69999694824219,75.19000244140625,73.55000305175781,73.83000183105469,70.09903717041016,7090100,70.92506749067692,71.39031078509825,69.83318799865319
2022-09-07,73.68000030517578,74.66999816894531,73.41999816894531,74.48999786376953,70.7256851196289,5792600,69.9566203603368,70.8965892043435,69.70975729489415
2022-09-08,74.02999877929688,74.80000305175781,73.61000061035156,74.6500015258789,70.87760162353516,6897100,70.28893040076895,71.0200228985097,69.89015662591777
2022-09-09,74.6500015258789,76.01000213623047,74.44000244140625,75.91000366210938,72.07393646240234,7762400,70.87760778992073,72.16888157269666,70.67822088514839
2022-09-12,76.62999725341797,77.37999725341797,76.2699966430664,77.08000183105469,73.18479919433594,15628900,72.75753539220138,73.46963448524575,72.41572724803235
2022-09-13,76.05999755859375,79.41000366210938,75.77999877929688,76.04000091552734,72.19735717773438,29476500,72.21634330035981,75.39705850671274,71.95049412052244
2022-09-14,75.79000091552734,75.87000274658203,71.7699966430664,72.12000274658203,68.47544860839844,21601400,71.95998495670635,72.03594392872985,68.14312991675716
2022-09-15,71.5,72.08999633789062,69.75,70.23999786376953,66.69043731689453,12478100,67.88676556349282,68.44694658550262,66.22520137137936
2022-09-16,69.58000183105469,69.80000305175781,68.25,68.83000183105469,65.3517074584961,23412000,66.06380653288197,66.27269008705058,64.80101576911456
2022-09-19,68.19999694824219,69.12999725341797,67.91000366210938,69.06999969482422,65.57957458496094,8364000,64.7535370829965,65.63654019066672,64.47819849285445
2022-09-20,68.2699966430664,68.45999908447266,67.44999694824219,68.11000061035156,64.66808319091797,8624300,64.81999387453419,65.00039460243362,64.04143260590662
2022-09-21,68.70999908447266,68.87999725341797,66.73999786376953,66.75,63.376800537109375,6768200,65.23775141395642,65.39915875545337,63.36730385706708
2022-09-22,66.8499984741211,66.94000244140625,65.83999633789062,66.02999877929688,62.69320297241211,7190700,63.471764357469254,63.55722001540726,62.512802217534755
2022-09-23,65.3499984741211,65.44000244140625,63.869998931884766,64.55000305175781,61.288002014160156,9282500,62.04757008138095,62.13302574470341,60.64236155098311
2022-09-26,64.33000183105469,64.91999816894531,63.38999938964844,63.45000076293945,60.243587493896484,6897800,61.079118159054296,61.63929933439564,60.18661825925272
2022-09-27,64.16000366210938,64.4000015258789,62.040000915527344,62.41999816894531,59.2656364440918,9284800,60.917711676287,61.14558137444088,58.90484215169422
2022-09-28,62.619998931884766,63.349998474121094,62.25,63.06999969482422,59.882789611816406,8549900,59.455529406605535,60.14863879642606,59.104228180953704
2022-09-29,62.290000915527344,62.599998474121094,60.779998779296875,61.400001525878906,58.29718780517578,8882100,59.14221158816312,59.43654359864147,57.708516540371605
2022-09-30,61.2599983215332,62.13999938964844,61.060001373291016,61.06999969482422,57.983848571777344,9794400,58.1642456841892,58.99977620542024,57.974355511933716
2022-10-03,60.9900016784668,63.2400016784668,60.810001373291016,63.08000183105469,59.89228439331055,9661400,57.90790138938945,60.044198725681014,57.73699731273226
2022-10-04,63.79999923706055,65.83000183105469,63.79999923706055,65.69000244140625,62.370391845703125,9892600,60.57589898433016,62.50331643796997,60.57589898433016
2022-10-05,65.33999633789062,67.19000244140625,64.9800033569336,66.63999938964844,63.27238464355469,9201600,62.038076512072436,63.79459360160811,61.6962755731662
2022-10-06,66.33000183105469,66.80999755859375,65.22000122070312,65.30000305175781,62.000091552734375,6992000,62.97803972472749,63.433779045731114,61.92413258461847
2022-10-07,64.48999786376953,64.62000274658203,62.7400016784668,63.290000915527344,60.0916748046875,7137900,61.23103055341993,61.35446570949485,59.569469482864534
2022-10-10,63.61000061035156,63.900001525878906,62.02000045776367,62.56999969482422,59.408050537109375,6407200,60.395495434818066,60.67084127355045,58.88584528491137
2022-10-11,61.849998474121094,63.099998474121094,61.650001525878906,62.40999984741211,59.56074905395508,7376900,59.026313845719145,60.219246652953096,58.83544750899532
2022-10-12,62.619998931884766,64.27999877929688,62.16999816894531,63.779998779296875,60.868202209472656,9008600,59.761160713288795,61.34537533094056,59.33170417585928
2022-10-13,62.47999954223633,65.70999908447266,62.27000045776367,65.19999694824219,62.2233772277832,10147100,59.62755770977236,62.71009589028307,59.42714585605703
2022-10-14,65.72000122070312,66.61000061035156,64.20999908447266,64.30999755859375,61.37400436401367,8044500,62.719636057324344,63.569003628431545,61.27857119623115
2022-10-17,65.87999725341797,67.56999969482422,65.87000274658203,67.0199966430664,63.96029281616211,11368300,62.87233849768478,64.48518625099119,62.862800276022604
2022-10-18,68.0,68.58000183105469,66.33000183105469,67.02999877929688,63.969818115234375,6688600,64.89553500006146,65.44905748722778,63.30177875560809
2022-10-19,66.48999786376953,67.19000244140625,65.77999877929688,66.30000305175781,63.27314758300781,5506000,63.45446838582947,64.12251500590297,62.77688354740091
2022-10-20,67.52999877929688,69.91999816894531,67.19000244140625,69.25,66.08848571777344,17600500,64.44700880645226,66.72789603429729,64.12253453756013
2022-10-21,71.02999877929688,72.79000091552734,70.30999755859375,72.69999694824219,69.38096618652344,15652600,67.78720977173789,69.46686113113135,67.10007933920949
2022-10-24,72.93000030517578,73.69000244140625,71.77999877929688,72.91999816894531,69.5909194946289,11489400,69.60046499483005,70.32577010736753,68.50296546636432
2022-10-25,73.44999694824219,74.11000061035156,72.61000061035156,73.13999938964844,69.8008804321289,9137700,70.09672542395586,70.7265974103943,69.29507811148913
2022-10-26,72.61000061035156,75.72000122070312,72.55000305175781,74.81999969482422,71.4041748046875,10693600,69.29507080055048,72.2630877496282,69.23781236458207
2022-10-27,74.75,75.87999725341797,74.55000305175781,75.1500015258789,71.71910858154297,7053000,71.33736869751365,72.415777134895,71.14650239604033
2022-10-28,75.30000305175781,77.68000030517578,75.30000305175781,77.36000061035156,73.82823181152344,8758100,71.86228072456493,74.13362234232365,71.86228072456493
2022-10-31,76.5,78.33000183105469,76.4000015258789,78.06999969482422,74.50581359863281,12349000,73.00749023409156,74.75394566950456,72.91205706255143
2022-11-01,78.5999984741211,79.2300033569336,76.33999633789062,77.11000061035156,73.58963775634766,7753000,75.01161158833608,75.6128543680525,72.85478708804624
2022-11-02,76.6500015258789,77.43000030517578,75.01000213623047,75.12000274658203,71.69048309326172,7524300,73.15063149061896,73.8950202985985,71.58550443766634
2022-11-03,74.72000122070312,75.69000244140625,74.05000305175781,75.02999877929688,71.60460662841797,6761200,71.30876158510176,72.23447872448013,70.66935126776711
2022-11-04,75.94000244140625,76.66999816894531,74.23999786376953,76.0,72.5302963256836,7219000,72.47303789537277,73.16970640109503,70.85064531943844
2022-11-07,76.11000061035156,77.08999633789062,75.48999786376953,76.73999786376953,73.23653411865234,5394300,72.63529856185042,73.57055387243119,72.04360122581035
2022-11-08,76.94999694824219,77.13999938964844,75.0199966430664,75.63999938964844,72.18675231933594,9104200,73.43694362108367,73.61827174494057,71.595055002229
2022-11-09,75.37999725341797,76.54000091552734,75.0,75.66000366210938,72.20584106445312,6013700,71.93861799725249,73.04566314668855,71.57596904196349
2022-11-10,77.69999694824219,78.47000122070312,76.70999908447266,77.16999816894531,73.64690399169922,10437300,74.15270637786932,74.88755712391935,73.20790555688961
2022-11-11,77.12999725341797,77.88999938964844,76.56999969482422,77.73999786376953,74.19086456298828,7712900,73.60871285332088,74.33401793572473,73.07428136159331
2022-11-14,77.4800033569336,79.54000091552734,77.33000183105469,78.52999877929688,74.94481658935547,7153000,73.94275730536341,75.90870842726805,73.79960389876892
2022-11-15,78.93000030517578,80.68000030517578,78.01000213623047,79.18000030517578,75.56513977050781,7618500,75.32655319725932,76.9966592099988,74.4485563551651
2022-11-16,79.12000274658203,80.2300033569336,78.86000061035156,79.88999938964844,76.24272155761719,6011900,75.50787814660048,76.56720306974955,75.2597460821562
2022-11-17,79.16999816894531,79.58000183105469,78.19000244140625,79.19999694824219,75.58423614501953,5717300,75.55560691641087,75.94689245695766,74.62035147012809
2022-11-18,80.0,80.45999908447266,78.8499984741211,79.7300033569336,76.09004211425781,6107000,76.34771244006552,76.78671091286567,75.25021261752254
2022-11-21,79.56999969482422,80.0999984741211,78.9000015258789,79.81999969482422,76.1759262084961,5235400,75.9373396183566,76.44314202447875,75.29792930424311
2022-11-22,79.88999938964844,82.20999908447266,79.83000183105469,82.12000274658203,78.37091064453125,8796200,76.24271546701073,78.45679830550621,76.18545702636075
2022-11-23,82.12000274658203,82.91999816894531,81.77999877929688,82.55999755859375,78.79082489013672,6347900,78.37091748690334,79.13439012619939,78.0464359723623
2022-11-25,82.8499984741211,83.48999786376953,82.54000091552734,82.72000122070312,78.94352722167969,2754900,79.06758961967898,79.67837067012613,78.77174459617365
2022-11-28,82.11000061035156,82.13999938964844,81.06999969482422,81.38999938964844,77.67423248291016,5112200,78.36136287514833,78.38999209464437,77.36884200648022
2022-11-29,81.33000183105469,81.5,80.5199966430664,80.8499984741211,77.15890502929688,4928200,77.61699450524458,77.77923164587983,76.84396896965066
2022-11-30,80.47000122070312,83.18000030517578,80.0,83.02999877929688,79.23937225341797,9610300,76.79624805137556,79.38252565486862,76.34770412466962
2022-12-01,83.05000305175781,84.52999877929688,82.3499984741211,84.11000061035156,80.27005767822266,6127200,79.25845305868086,80.67088132584297,78.59040636489681
2022-12-02,83.19999694824219,83.62000274658203,82.58000183105469,83.3499984741211,79.54476165771484,4798900,79.40160825828154,79.80243923291167,78.8099182195476
2022-12-05,82.41000366210938,82.41999816894531,79.41000366210938,79.43000030517578,75.80372619628906,9102900,78.6476813475557,78.65721956808633,75.78464247414344
2022-12-06,79.3499984741211,79.81999969482422,78.05999755859375,78.91000366210938,75.30746459960938,7656100,75.72737199020419,76.17591588384578,74.49626447821473
2022-12-07,78.66999816894531,79.44000244140625,78.58000183105469,78.77999877929688,75.18341064453125,5105500,75.07843195466887,75.81328278370553,74.99254427082806
2022-12-08,79.12999725341797,80.20999908447266,78.52999877929688,80.06999969482422,76.41450500488281,5918700,75.51741718750789,76.54811289924706,74.94481088579197
2022-12-09,79.6500015258789,80.36000061035156,79.54000091552734,79.86000061035156,76.21409606933594,6850800,76.01368422014798,76.6912692191409,75.90870554470413
2022-12-12,80.30999755859375,81.41000366210938,79.94000244140625,81.27999877929688,77.56925964355469,15807600,76.64354264462122,77.6933293121234,76.29043920290125
2022-12-13,84.94000244140625,85.58000183105469,79.69999694824219,80.55999755859375,76.88213348388672,22812200,81.06217482283465,81.67295585555215,76.06139510596928
2022-12-14,80.80999755859375,82.88999938964844,80.56999969482422,81.81999969482422,78.0846176147461,11183100,77.12072576810971,79.10576791210462,76.89168468413638
2022-12-15,80.79000091552734,81.02999877929688,79.45999908447266,80.06999969482422,76.41450500488281,8196800,77.10163547937559,77.33067654384512,75.83235320183111
2022-12-16,79.95999908447266,80.45999908447266,79.4800033569336,79.58000183105469,75.94688415527344,19200700,76.30953314648514,76.78670632069858,75.85145097664771
2022-12-19,79.91999816894531,81.0999984741211,79.68000030517578,80.5,76.82488250732422,7738800,76.27135986726448,77.3974888710376,76.04231877799612
2022-12-20,80.5,81.48999786376953,80.3499984741211,80.94000244140625,77.24478912353516,6390200,76.8248744364202,77.76967520134465,76.68172104025973
2022-12-21,81.3499984741211,82.13999938964844,80.94000244140625,81.5,77.77923583984375,5932400,77.63608241582324,78.39001698665137,77.24480415665847
2022-12-22,80.94000244140625,81.16999816894531,79.43000030517578,80.48999786376953,76.81533813476562,8181400,77.24479837468093,77.46429396480836,75.80373330129034
2022-12-23,80.51000213623047,80.9000015258789,79.98999786376953,80.8499984741211,77.15890502929688,4129100,76.83443074802638,77.20662526175911,76.33816654232594
2022-12-27,80.87999725341797,81.47000122070312,80.61000061035156,80.9800033569336,77.282958984375,4290700,77.18751853888477,77.75058658672542,76.92984826687888
2022-12-28,81.08999633789062,81.63999938964844,80.19000244140625,80.33000183105469,76.66264343261719,3794000,77.38794141046172,77.91283481121675,76.52903552716768
2022-12-29,80.97000122070312,81.80000305175781,80.69999694824219,81.4000015258789,77.68379974365234,3867800,77.27343049339667,78.06553976639243,77.01575288358585
2022-12-30,81.12999725341797,81.93000030517578,80.76000213623047,81.73999786376953,78.00827026367188,5375700,77.42611839534645,78.18959840396225,77.07301489825676
2023-01-03,82.47000122070312,83.83999633789062,82.26000213623047,83.72000122070312,79.89787292480469,8997500,78.70494005691424,80.01238982022815,78.50452820883876
2023-01-04,84.19999694824219,85.16999816894531,83.63999938964844,84.4800033569336,80.6231689453125,7836200,80.35594589729348,81.28166286209387,79.82151436342255
2023-01-05,85.0,85.4000015258789,83.22000122070312,84.30999755859375,80.46092224121094,7643800,81.11942342009722,81.5011633394673,79.42068842403793
2023-01-06,84.73999786376953,86.33999633789062,83.81999969482422,85.66000366210938,81.74930572509766,8641600,80.87130161510467,82.39825420474683,79.99330478619596
2023-01-09,86.83999633789062,87.58999633789062,86.16000366210938,86.41999816894531,82.78385162353516,7519700,83.18617824742786,83.90462177940148,82.53479646115522
2023-01-10,85.63999938964844,86.61000061035156,85.56999969482422,86.5,82.86048889160156,5703300,82.03667304165005,82.96586119625017,81.96961860309054
2023-01-11,87.37000274658203,88.66000366210938,87.08999633789062,88.5999984741211,84.87213134765625,8359700,83.69388799841688,84.92961180233108,83.42566292950129
2023-01-12,88.69999694824219,89.19999694824219,88.16999816894531,88.77999877929688,85.04456329345703,6071100,84.9679275547966,85.4468899588448,84.46022857584732
2023-01-13,87.94999694824219,89.47000122070312,87.66000366210938,89.19999694824219,85.44691467285156,5090800,84.24950831640247,85.70555853854206,83.97171647308808
2023-01-17,89.19000244140625,89.44000244140625,88.43000030517578,88.5999984741211,84.87213134765625,6550400,85.43731075024608,85.67679193763134,84.70928589424689
2023-01-18,88.5999984741211,88.62999725341797,86.5999984741211,86.70999908447266,83.0616683959961,6397700,84.87214589835055,84.90088247642171,82.95629607081041
2023-01-19,86.4000015258789,86.98999786376953,85.26000213623047,85.94000244140625,82.3240737915039,5597000,82.76471839818716,83.3298906192415,81.6726845232792
2023-01-20,86.02999877929688,87.37999725341797,85.5,87.25,83.57893371582031,5567300,82.41026436156969,83.70346130122614,81.90256541779526
2023-01-23,87.19000244140625,89.12999725341797,86.97000122070312,88.97000122070312,85.22655487060547,7390200,83.52145021114802,85.37981900991267,83.31070562476386
2023-01-24,89.05000305175781,90.0999984741211,88.0,89.69999694824219,85.92584991455078,7004600,85.3032046537386,86.30902128854865,84.29738071054247
2023-01-25,88.69999694824219,89.86000061035156,87.73999786376953,89.63999938964844,85.86837768554688,5896800,84.9679260432711,86.07912230892087,84.04831912086414
2023-01-26,89.88999938964844,90.48999786376953,89.08999633789062,89.83000183105469,86.05037689208984,7302800,86.10785003496372,86.6826033888588,85.34150735751335
2023-01-27,89.5,89.72000122070312,88.95999908447266,88.98999786376953,85.2457275390625,5676800,85.73427124277174,85.94501587215166,85.21699096385368
2023-01-30,88.47000122070312,88.62000274658203,86.98999786376953,87.3499984741211,83.67473602294922,6255300,84.74761450952406,84.89130470185619,83.32988248470684
2023-01-31,87.69000244140625,88.4800033569336,87.3499984741211,88.45999908447266,84.7380142211914,6200400,84.00041545151333,84.75717680701351,83.67471726800376
2023-02-01,88.37000274658203,90.6500015258789,88.20999908447266,90.05000305175781,86.26112365722656,6141300,84.65180984092773,86.83587702553638,84.49853837823946
2023-02-02,90.66000366210938,91.22000122070312,88.94999694824219,89.37999725341797,85.61930847167969,8269200,86.84545824701195,87.38189374920472,85.20740055152864
2023-02-03,88.47000122070312,90.26000213623047,88.2699966430664,89.62000274658203,85.8492202758789,5671800,84.74760533181397,86.46229154227599,84.55601599332365
2023-02-06,89.51000213623047,89.61000061035156,88.4000015258789,88.52999877929688,84.8050765991211,4097200,85.74384606594712,85.8396370788757,84.68054901315253
2023-02-07,87.87000274658203,88.0199966430664,86.30000305175781,87.73999786376953,84.0483169555664,9226000,84.17285185256243,84.3165347208102,82.66891026168605
2023-02-08,86.93000030517578,87.91999816894531,86.51000213623047,86.69000244140625,83.0425033569336,7624400,83.27240326287959,84.22074676974482,82.87007660037753
2023-02-09,87.13999938964844,87.9000015258789,86.33000183105469,86.6500015258789,83.00418090820312,4960300,83.47356198855789,84.20158684366945,82.69764528105918
2023-02-10,86.52999877929688,87.37999725341797,86.33999633789062,87.13999938964844,83.47356414794922,5318400,82.88922945165453,83.70346404715804,82.70722140607178
2023-02-13,87.27999877929688,89.44999694824219,87.19999694824219,89.41999816894531,85.65764617919922,5560900,83.6076873970946,85.68638275798962,83.531051648062
2023-02-14,89.0,89.41000366210938,87.70999908447266,89.08999633789062,85.34152221679688,7484800,85.25531248747559,85.64806518785925,84.0195885418305
2023-02-15,88.8499984741211,89.20999908447266,88.02999877929688,88.33999633789062,84.6230697631836,4329900,85.11161343697466,85.45646693513474,84.3261154263625
2023-02-16,87.45999908447266,88.2699966430664,87.01000213623047,87.72000122070312,84.02916717529297,5942500,83.78010467338677,84.55602144624916,83.3490414236602
2023-02-17,87.19999694824219,87.43000030517578,86.51000213623047,87.27999877929688,83.60765838623047,6398400,83.53102266378956,83.75134853871099,82.87005965579475
2023-02-21,86.76000213623047,86.94000244140625,86.1500015258789,86.19999694824219,82.57310485839844,5260300,83.10954765127659,83.28197438677576,82.5252130092175
2023-02-22,86.68000030517578,87.18000030517578,85.9800033569336,86.31999969482422,82.68806457519531,5840100,83.03291807173262,83.5118804493249,82.36237366645778
2023-02-23,87.1500015258789,89.4800033569336,87.05999755859375,88.58000183105469,84.85297393798828,8637100,83.483141288201,85.71510765260714,83.39692426254628
2023-02-24,87.30999755859375,88.88999938964844,87.13999938964844,88.66000366210938,84.92961883544922,7659200,83.63641446976845,85.14993745339241,83.47356900287367
2023-02-27,88.86000061035156,88.97000122070312,87.36000061035156,87.95999908447266,84.25904846191406,6748800,85.12118207917344,85.22655437174873,83.68429515320275
2023-02-28,87.69999694824219,88.01000213623047,87.18000030517578,87.4000015258789,83.72261810302734,7468000,84.00999112065527,84.30695273977166,83.51187350506903
2023-03-01,86.9000015258789,87.20999908447266,85.98999786376953,86.33999633789062,82.70722961425781,5119800,83.2436725101651,83.54062688063014,82.37195737205748
2023-03-02,86.05999755859375,87.27999877929688,85.87000274658203,86.97000122070312,83.31072235107422,5293600,82.43900726117714,83.60767670511609,82.25700651598358
2023-03-03,87.31999969482422,89.29000091552734,87.08000183105469,89.25,85.49478912353516,5498500,83.6459939515535,85.53310699286578,83.41609404395602
2023-03-06,89.41000366210938,90.66999816894531,89.1500015258789,89.73999786376953,85.96415710449219,7424800,85.64804752046757,86.855027332311,85.39898506204909
2023-03-07,89.58000183105469,90.08000183105469,88.05000305175781,88.36000061035156,84.64222717285156,5382400,85.81089647752123,86.28985882806548,84.34527285419747
2023-03-08,88.4000015258789,89.08999633789062,88.1500015258789,88.48999786376953,84.76676177978516,5159200,84.68055205756579,85.34151518640583,84.44107086244168
2023-03-09,88.33000183105469,89.63999938964844,86.52999877929688,86.87000274658203,83.21492004394531,10572300,84.61348920749246,85.86836820656596,82.88922185057935
2023-03-10,84.41000366210938,85.25,82.87999725341797,84.06999969482422,80.5327377319336,16029300,80.85843596465142,81.66308928950798,79.39280488000057
2023-03-13,83.31999969482422,85.52999877929688,82.04000091552734,84.93000030517578,81.35655975341797,10299800,79.81430012327024,81.93131321552077,78.58815745521444
2023-03-14,85.93000030517578,85.93000030517578,83.43000030517578,84.55999755859375,81.00212097167969,8732200,82.31448061470445,82.31448061470445,79.91966854900072
2023-03-15,83.08000183105469,83.37000274658203,82.12000274658203,82.9800033569336,79.48860931396484,11463000,79.58440033975226,79.86219943040655,78.6647933370968
2023-03-16,82.91999816894531,85.11000061035156,82.08000183105469,84.81999969482422,81.25118255615234,10148100,79.43112394507484,81.52898162964611,78.62647060810231
2023-03-17,85.0,85.9800033569336,84.61000061035156,85.26000213623047,81.67268371582031,13065800,81.42362118115301,82.36239085281441,81.05003103334577
2023-03-20,85.27999877929688,87.51000213623047,85.25,86.95999908447266,83.3011245727539,9177300,81.69181090926399,83.82798604023583,81.66307433983496
2023-03-21,87.48999786376953,87.8499984741211,86.66000366210938,87.58000183105469,83.89505767822266,6683700,83.80884064386791,84.1536941645141,83.0137685958541
2023-03-22,87.54000091552734,89.16000366210938,87.44000244140625,87.9000015258789,84.20159149169922,7233700,83.85673797857771,85.40857878762448,83.7609469601298
2023-03-23,88.6500015258789,89.63999938964844,87.63999938964844,87.77999877929688,84.08663940429688,10747100,84.92003662746755,85.86838015149874,83.95253051436868
2023-03-24,87.9800033569336,88.4800033569336,87.51000213623047,88.01000213623047,84.30696105957031,5852100,84.27822448581018,84.75718687084156,83.82799867453893
2023-03-27,88.62000274658203,90.5,88.55000305175781,90.13999938964844,86.34733581542969,8170100,84.89129342064514,86.69218930784446,84.82423898091926
2023-03-28,90.22000122070312,90.87999725341797,89.4800033569336,89.8499984741211,86.06952667236328,6378900,86.42396141701118,87.05618787339522,85.71509923610031
2023-03-29,90.12999725341797,90.66000366210938,89.80999755859375,90.62000274658203,86.80713653564453,5233600,86.3377481836351,86.84545439958725,86.03121258047857
2023-03-30,90.8499984741211,91.18000030517578,89.70999908447266,90.51000213623047,86.70177459716797,5640700,87.02746551702107,87.34358245103343,85.93543184351127
2023-03-31,90.55999755859375,93.0,90.41000366210938,92.91999816894531,89.01036071777344,10476300,86.74965785766767,89.08699644722441,86.60597500042886
2023-04-03,92.37999725341797,94.0,92.08999633789062,93.91999816894531,89.9682846069336,8410900,88.49307971591695,90.04492033569987,88.21528068042824
2023-04-04,93.8499984741211,94.0199966430664,92.93000030517578,94.0,90.04492950439453,6651500,89.90123932542306,90.06408478434389,89.01995028003103
2023-04-05,93.62000274658203,95.11000061035156,93.4800033569336,94.88999938964844,90.89746856689453,7478800,89.68090748895459,91.10821315717979,89.54679862393397
2023-04-06,94.33000183105469,96.08000183105469,93.98999786376953,95.91999816894531,91.8841323852539,9146200,90.36103567141232,92.03740384013331,90.03533748398623
2023-04-10,94.68000030517578,95.11000061035156,93.55000305175781,93.76000213623047,90.1911392211914,8681500,91.0761187545539,91.48975160977626,89.98913350198849
2023-04-11,93.45999908447266,94.12999725341797,93.19999694824219,93.97000122070312,90.39315032958984,8196000,89.90256078856794,90.5470563128766,89.65245530936191
2023-04-12,94.37999725341797,95.31999969482422,93.5999984741211,93.9000015258789,90.32582092285156,8040300,90.7875462415405,91.69176872087777,90.03723709442727
2023-04-13,94.18000030517578,95.75,93.94000244140625,95.55000305175781,91.91300964355469,6240200,90.59515436740068,92.10539395381483,90.36429172729032
2023-04-14,95.5,95.98999786376953,94.68000030517578,95.70999908447266,92.0669174194336,6485100,91.86491168802368,92.3362583946468,91.07612425818878
2023-04-17,95.63999938964844,95.98999786376953,95.30999755859375,95.58999633789062,91.95146942138672,4772400,91.99956916258174,92.33624533397646,91.68212848427093
2023-04-18,96.0,96.73999786376953,95.7699966430664,96.47000122070312,92.7979965209961,7219400,92.34588528339084,93.05771609419934,92.12463670407642
2023-04-19,95.58999633789062,96.47000122070312,95.58999633789062,95.80999755859375,92.16309356689453,4766200,91.95146645484819,92.79797490303359,91.95146645484819
2023-04-20,96.0,96.1500015258789,94.5999984741211,94.83000183105469,91.22042083740234,5815500,92.34588454392343,92.49017645632162,90.99917225985958
2023-04-21,95.01000213623047,95.30999755859375,94.26000213623047,95.1500015258789,91.5282211303711,7335800,91.3935506638617,91.68212708967182,90.6720985908514
2023-04-24,95.33999633789062,96.08000183105469,94.97000122070312,95.44000244140625,91.80718994140625,4901700,91.71099045370825,92.42282849992274,91.35507876959153
2023-04-25,95.13999938964844,95.69999694824219,94.0199966430664,94.05999755859375,90.47970581054688,5768800,91.5185985437495,92.05728040289608,90.44122748646642
2023-04-26,93.75,94.80999755859375,93.33999633789062,93.70999908447266,90.14302825927734,6395500,90.18150658276477,91.20115646871716,89.78710927126103
2023-04-27,94.30999755859375,95.08999633789062,93.29000091552734,95.04000091552734,91.42242431640625,5615700,90.72020760757749,91.47051672668765,89.73903583773914
2023-04-28,94.2699966430664,95.4000015258789,94.23999786376953,94.72000122070312,91.1146011352539,8498500,90.68172542714585,91.76871806704719,90.65286851440351
2023-05-01,94.80000305175781,95.7300033569336,94.69999694824219,94.87000274658203,91.2588882446289,5459800,91.19155300543653,92.08615394841549,91.09535351602689
2023-05-02,94.93000030517578,95.23999786376953,93.8499984741211,94.80000305175781,91.1915512084961,5995100,91.31660026767763,91.6147981297977,90.27770745004636
2023-05-03,95.06999969482422,95.41999816894531,94.54000091552734,94.77999877929688,91.17230224609375,6744800,91.45126459535132,91.78794076204495,90.94143963735955
2023-05-04,94.9800033569336,95.12000274658203,94.41000366210938,94.97000122070312,91.3550796508789,5038200,91.36470106753963,91.49937154482735,90.81639774172803
2023-05-05,95.0,97.30999755859375,94.83000183105469,96.97000122070312,93.27896118164062,8068600,91.3839455574218,93.60601599039346,91.22041815304537
2023-05-08,97.08000183105469,97.27999877929688,96.44000244140625,96.79000091552734,93.10580444335938,5314800,93.38476681833703,93.57715112018818,92.76912824562453
2023-05-09,96.19999694824219,96.88999938964844,96.0999984741211,96.13999938964844,92.48054504394531,6333500,92.53825886707078,93.2019971889765,92.44206671553142
2023-05-10,96.79000091552734,97.68000030517578,96.26000213623047,97.5199966430664,93.80801391601562,5935300,93.10580460792615,93.96192722896113,92.59597960202785
2023-05-11,97.54000091552734,97.62999725341797,96.33999633789062,97.44000244140625,93.7310562133789,5144500,93.82724835586919,93.91381908241341,92.67292062901576
2023-05-12,97.61000061035156,97.91999816894531,96.93000030517578,97.8499984741211,94.12544250488281,4994700,93.89457990416946,94.19277773588212,93.24046308632349
2023-05-15,97.87000274658203,97.95999908447266,97.05000305175781,97.26000213623047,93.55791473388672,4443700,94.14469638962792,94.23126712293862,93.35590901717114
2023-05-16,97.16999816894531,98.8499984741211,96.91999816894531,98.25,94.51023864746094,6896500,93.47134571318436,95.08739894239525,93.23086164537912
2023-05-17,98.77999877929688,100.4000015258789,98.43000030517578,99.7699966430664,95.97237396240234,9436000,95.02005915433854,96.57839848125376,94.68338294330496
2023-05-18,99.7699966430664,102.45999908447266,99.7300033569336,102.33999633789062,98.4445571899414,10005700,95.9723811982604,98.55999218770943,95.93391020466258
2023-05-19,102.38999938964844,103.06999969482422,101.91999816894531,102.83999633789062,98.9255142211914,8560300,98.49264587144387,99.1467627739675,98.04053468806849
2023-05-22,102.4800033569336,103.0999984741211,101.7300033569336,101.7699966430664,97.89624786376953,5890500,98.57922905211979,99.17562482364946,97.85777687250207
2023-05-23,101.06999969482422,101.43000030517578,98.47000122070312,98.54000091552734,94.78919982910156,10047300,97.22289738978796,97.56919503009817,94.72186458454075
2023-05-24,97.94999694824219,98.87999725341797,97.29000091552734,98.31999969482422,94.57757568359375,6815900,94.22165661446624,95.11625765719954,93.58678247971534
2023-05-25,99.19999694824219,104.66000366210938,98.7699966430664,104.29000091552734,100.32032775878906,16729600,95.42406865620086,100.67624679688387,95.01043579424936
2023-05-26,104.3499984741211,106.2300033569336,104.02999877929688,104.08000183105469,100.11831665039062,13994100,100.3780361827648,102.1864808488903,100.07021690710371
2023-05-30,104.9000015258789,105.9800033569336,104.19000244140625,105.1500015258789,101.14759826660156,10296700,100.90711420383694,101.94600711633802,100.22414034626432
2023-05-31,104.47000122070312,106.48999786376953,104.1500015258789,105.94000244140625,101.90752410888672,13713500,100.49347671048542,102.4365846192946,100.18565741783276
2023-06-01,104.87999725341797,106.61000061035156,104.77999877929688,105.98999786376953,101.95560455322266,7835900,100.88785490171027,102.55200757356877,100.79166276010346
2023-06-02,106.5199966430664,106.7699966430664,105.75,105.88999938964844,101.85942077636719,8652400,102.46543792334745,102.70592196660812,101.72475029926046
2023-06-05,105.88999938964844,107.5999984741211,105.52999877929688,106.93000030517578,102.8598403930664,7442000,101.85942584266444,103.50433589970325,101.51312821602563
2023-06-06,106.80999755859375,107.48999786376953,106.1500015258789,107.0999984741211,103.02336120605469,7023000,102.74439883914411,103.39851572110915,102.10952479020214
2023-06-07,107.13999938964844,108.37000274658203,104.83999633789062,105.25,101.24378204345703,9842500,103.06184082034856,104.24502554036856,100.84938469045352
2023-06-08,105.66999816894531,107.79000091552734,105.3499984741211,107.4800033569336,103.38890075683594,9526700,101.64779133270596,103.6870986152215,101.33997205789139
2023-06-09,107.69999694824219,110.1500015258789,107.41000366210938,109.8499984741211,105.66869354248047,12597100,103.60052917734863,105.95727734747227,103.32157412857853
2023-06-12,114.33999633789062,117.51000213623047,114.33999633789062,116.43000030517578,111.99822235107422,39081500,109.98777205107345,113.03711511837633,109.98777205107345
2023-06-13,123.31999969482422,123.98999786376953,116.0199966430664,116.68000030517578,112.23871612548828,39190900,118.62597190727548,119.27046740000917,111.6038347106826
2023-06-14,116.5,122.51000213623047,115.73999786376953,122.2699966430664,117.61595153808594,26264200,112.06558215738717,117.84682154076751,111.33450849354575
2023-06-15,121.94999694824219,127.54000091552734,121.66000366210938,126.55000305175781,121.73301696777344,27476700,117.30810501560143,122.68533165637149,117.02915000359002
2023-06-16,127.13999938964844,127.4000015258789,125.1500015258789,125.45999908447266,120.68450164794922,19514700,122.30055458177739,122.55066002149806,120.38630380685265
2023-06-20,124.44999694824219,125.25,121.95999908447266,122.04000091552734,117.39469146728516,16273000,119.71295382860528,120.48250570282234,117.31773481206534
2023-06-21,121.94999694824219,123.36000061035156,120.36000061035156,122.0999984741211,117.4524154663086,17583000,117.30812356001637,118.66445720457564,115.77864843469587
2023-06-22,121.61000061035156,122.58999633789062,120.06999969482422,120.58000183105469,115.99026489257812,12203400,116.9810579713265,117.92375130608126,115.49967539200708
2023-06-23,119.58999633789062,119.9000015258789,118.13999938964844,118.63999938964844,114.12410736083984,19734300,115.03794379266236,115.33614899780736,113.64313927272471
2023-06-26,117.98999786376953,119.43000030517578,116.69999694824219,116.77999877929688,112.33492279052734,8987000,113.49886486238616,114.88405551801597,112.25796612321642
2023-06-27,116.56999969482422,118.45999908447266,116.26000213623047,117.83999633789062,113.35455322265625,6970400,112.13289753237363,113.95095628205644,111.83469967216877
2023-06-28,116.77999877929688,118.62000274658203,116.38999938964844,116.52999877929688,112.09441375732422,9240500,112.33489778489557,114.10486404409565,111.95974328900347
2023-06-29,115.6500015258789,117.80000305175781,114.62999725341797,117.77999877929688,113.29684448242188,9234300,111.24792301808492,113.31608731626022,110.26674398407116
2023-06-30,119.83999633789062,121.7300033569336,119.02999877929688,119.08999633789062,114.55697631835938,13703100,115.27842845439771,117.09649458908572,114.49926249595332
2023-07-03,118.01000213623047,118.25,116.83000183105469,117.1500015258789,112.69083404541016,4284700,113.51809981406377,113.74896246096976,112.38301473653843
2023-07-05,116.5199966430664,117.01000213623047,115.41000366210938,115.95999908447266,111.54612731933594,8466500,112.08480927399783,112.55616332331822,111.01706678214764
2023-07-06,114.66999816894531,115.80999755859375,114.63999938964844,115.44999694824219,111.0555191040039,7982800,110.3052101250081,111.4018166849235,110.27635321642981
2023-07-07,114.83999633789062,115.9800033569336,114.48999786376953,114.61000061035156,110.24750518798828,7001600,110.46874639756898,111.56536038480363,110.13207020538712
2023-07-10,114.27999877929688,115.02999877929688,113.66000366210938,114.37999725341797,110.02626037597656,6931000,109.9300682233708,110.65152037640026,109.33367247382057
2023-07-11,114.19999694824219,115.0,113.43000030517578,114.87999725341797,110.89503479003906,6117100,110.23862236574766,111.01087487600076,109.4953354005443
2023-07-12,115.66999816894531,118.08999633789062,115.63999938964844,116.0199966430664,111.99549865722656,11011600,111.65764091914153,113.99369426789676,111.62868273655515
2023-07-13,117.08999633789062,118.58000183105469,116.76000213623047,117.44999694824219,113.37589263916016,9359600,113.02837972634809,114.46669992399929,112.70983236022552
2023-07-14,118.18000030517578,119.97000122070312,117.68000030517578,119.2699966430664,115.13275146484375,7723800,114.08056498878044,115.80847423946987,113.59790902036704
2023-07-17,118.8499984741211,119.97000122070312,118.25,118.88999938964844,114.76593017578125,6735900,114.72731681635702,115.80846878599954,114.14813115448416
2023-07-18,118.77999877929688,121.29000091552734,117.80999755859375,120.7699966430664,116.58073425292969,8903600,114.65976531553979,117.08270064841884,113.72341143892235
2023-07-19,120.81999969482422,121.36000061035156,118.41999816894531,118.69000244140625,114.57286834716797,7609000,116.62897998147484,117.15024927568189,114.31223001769189
2023-07-20,117.48999786376953,119.05000305175781,115.2300033569336,115.87999725341797,111.86034393310547,12913000,113.41449673147484,114.92038835213287,111.23289706963898
2023-07-21,116.48999786376953,119.2699966430664,116.20999908447266,117.6500015258789,113.56895446777344,9159600,112.44918905021352,115.13275514194014,112.17890287762894
2023-07-24,117.94000244140625,118.54000091552734,116.7300033569336,118.06999969482422,113.9743881225586,6200400,113.84890021323173,114.42808594321542,112.68087357108656
2023-07-25,117.9800033569336,118.51000213623047,116.80999755859375,117.94999694824219,113.85855865478516,6266300,113.88752420402132,114.3991384359913,112.75810345570903
2023-07-26,117.41999816894531,117.62000274658203,115.0,115.5,111.49353790283203,8160000,113.34693520692443,113.54000202906711,111.01088189459466
2023-07-27,117.55000305175781,117.5999984741211,115.63999938964844,116.4000015258789,112.36231231689453,7843000,113.4724225309995,113.52068370959363,111.62867317365406
2023-07-28,116.68000030517578,117.30000305175781,115.6500015258789,115.98999786376953,111.9665298461914,6910400,112.63259744143697,113.23109349547975,111.63832732170532
2023-07-31,116.43000030517578,117.23999786376953,115.83000183105469,117.2300033569336,113.16351318359375,6703100,112.39126074563325,113.17316099962808,111.81207509953539
2023-08-01,116.91999816894531,118.04000091552734,116.4800033569336,117.91000366210938,113.8199462890625,5246000,112.86428206585782,113.94543420308344,112.4395497758466
2023-08-02,116.91999816894531,116.9800033569336,114.31999969482422,115.70999908447266,111.69624328613281,6387800,112.86426984550206,112.92219356971778,110.35446028360765
2023-08-03,115.23999786376953,116.16999816894531,114.26000213623047,114.55000305175781,110.57649230957031,5193800,111.24255258011945,112.14029303279061,110.2965509463991
2023-08-04,115.33999633789062,116.4000015258789,114.26000213623047,114.44000244140625,110.47032165527344,5579300,111.33909667372309,112.36233253159787,110.2965651786341
2023-08-07,115.47000122070312,116.37999725341797,115.06999969482422,116.0999984741211,112.07271575927734,7347000,111.46457188296905,112.34300192652546,111.07844563058073
2023-08-08,115.04000091552734,115.61000061035156,114.22000122070312,115.2300033569336,111.23290252685547,4694800,111.04949089421548,111.5997184273895,110.25793536640819
2023-08-09,115.33999633789062,115.70999908447266,112.33000183105469,113.0999984741211,109.17678833007812,6542400,111.33908519950337,111.69625329932768,108.43350131284471
2023-08-10,113.77999877929688,115.08999633789062,112.4800033569336,112.98999786376953,109.07060241699219,6004100,109.83319979194242,111.09775617376376,108.57829859239153
2023-08-11,112.38999938964844,113.4800033569336,111.12999725341797,113.05999755859375,109.13818359375,5288900,108.49142625473685,109.54362027267702,107.27513094744948
2023-08-14,113.18000030517578,115.80999755859375,113.1500015258789,115.56999969482422,111.56110382080078,6494200,109.25400880700577,111.79277663093718,109.22505062633195
2023-08-15,115.44999694824219,118.05999755859375,114.83999633789062,117.29000091552734,113.22145080566406,10412200,111.44527281062558,113.96473784090125,110.85643187314375
2023-08-16,117.16000366210938,117.80999755859375,115.2699966430664,115.33999633789062,111.3390884399414,5722000,113.09596344311812,113.72341038454239,111.27151689095358
2023-08-17,115.73999786376953,116.77999877929688,114.36000061035156,114.87999725341797,110.89503479003906,6183900,111.72520366090012,112.72912897833083,110.39307581369658
2023-08-18,114.5,116.98999786376953,113.94999694824219,116.45999908447266,112.42023468017578,9412800,110.52822404320573,112.9318488620164,109.99729949709975
2023-08-21,116.9000015258789,117.3499984741211,115.19000244140625,116.58999633789062,112.54572296142578,5811200,112.84497469056058,113.2793621462697,111.19429204822134
2023-08-22,117.51000213623047,117.68000030517578,115.7300033569336,116.54000091552734,112.49746704101562,4960300,113.43382090662861,113.597922187371,111.71556663827535
2023-08-23,117.0999984741211,120.44999694824219,112.11000061035156,117.83999633789062,113.75235748291016,16517300,113.03802869682688,116.27182227997295,108.2211240933094
2023-08-24,119.68000030517578,119.7300033569336,112.41000366210938,112.91000366210938,108.99339294433594,11995900,115.52855263273469,115.57682118372122,108.51073689345799
2023-08-25,112.91000366210938,116.1500015258789,112.73999786376953,116.05999755859375,112.03409576416016,8758100,108.99336919791081,112.12097766405756,108.82926057915908
2023-08-28,116.37000274658203,117.70999908447266,115.69999694824219,116.83999633789062,112.78704071044922,4514800,112.3333502963955,113.62686472852931,111.68658571558315
2023-08-29,120.94999694824219,121.20999908447266,118.52999877929688,120.6500015258789,116.46489715576172,11920500,116.75448634408215,117.00546953242355,114.41843301379775
2023-08-30,120.72000122070312,121.73999786376953,120.1500015258789,121.12000274658203,116.9186019897461,5601800,116.53247568410706,117.5170907669772,115.98224809211412
2023-08-31,121.0,121.9800033569336,120.12000274658203,120.38999938964844,116.21392059326172,9109800,116.80276155058904,117.74877062842947,115.95328957243903
2023-09-01,121.01000213623047,121.69000244140625,120.08999633789062,120.93000030517578,116.73516845703125,6189900,116.81239517663327,117.46880756375975,115.92430263070072
2023-09-05,122.44000244140625,124.27999877929688,121.18000030517578,123.9800033569336,119.67938995361328,11089600,118.19280852831918,119.96897914675074,116.97651329585193
2023-09-06,123.05999755859375,124.58000183105469,122.7300033569336,124.33000183105469,120.01724243164062,8728500,118.79129207040535,120.25857043104564,118.47274470839776
2023-09-07,123.83000183105469,125.95999908447266,122.58999633789062,125.08999633789062,120.7508773803711,11864400,119.53458953442764,121.59070149140028,118.33759732370291
2023-09-08,124.80000305175781,126.69000244140625,124.3499984741211,126.31999969482422,121.9382095336914,10595500,120.47093855838652,122.2953776191075,120.03654374670545
2023-09-11,127.0199966430664,127.41999816894531,124.72000122070312,126.70999908447266,122.31468200683594,22155600,122.61392636857737,123.00005263953969,120.39371319884957
2023-09-12,112.08000183105469,113.30000305175781,107.30000305175781,109.61000061035156,105.80784606933594,68605700,108.19216782370098,109.36984961045182,103.57797776590353
2023-09-13,108.31999969482422,112.94000244140625,108.19999694824219,111.83999633789062,107.96048736572266,27171000,104.56259246627148,109.0223364262504,104.44675237837413
2023-09-14,113.5,115.13999938964844,111.94999694824219,113.66000366210938,109.71736907958984,19849700,109.56291561940935,111.14602676252773,108.06667902408276
2023-09-15,114.19000244140625,115.19999694824219,112.5,113.91000366210938,109.95869445800781,23215000,110.22898064211371,111.2039404683891,108.5976009905152
2023-09-18,113.41999816894531,114.47000122070312,111.58000183105469,112.20999908447266,108.31766510009766,11744100,109.48569180603023,110.4992724124142,107.70952115511521
2023-09-19,112.4800033569336,113.73999786376953,111.70999908447266,112.7699966430664,108.85823059082031,9536100,108.57829659284785,109.7945844056643,107.83500223138061
2023-09-20,112.80999755859375,114.69999694824219,112.45999908447266,112.87000274658203,108.95475769042969,8777100,108.89683396793178,110.72127288459018,108.55897627313307
2023-09-21,111.51000213623047,112.5,109.33000183105469,109.43000030517578,105.63408660888672,12645800,107.64193722531299,108.59759399029882,105.53755688717781
2023-09-22,109.98999786376953,110.5999984741211,108.51000213623047,109.02999877929688,105.2479476928711,11150000,106.17464616630964,106.76348697204844,104.74598878153783
2023-09-25,108.44999694824219,108.6500015258789,107.5,108.30000305175781,104.54329681396484,8410000,104.68808772807918,104.88115455480894,103.77104423653856
2023-09-26,107.13999938964844,107.4000015258789,104.30999755859375,104.87999725341797,101.2419204711914,13209000,103.42352766544131,103.67451084896469,100.69169292272419
2023-09-27,105.0,105.27999877929688,103.3499984741211,104.62000274658203,100.99095916748047,8916400,101.35777513093105,101.62806135292064,99.76500862020983
2023-09-28,104.02999877929688,106.5999984741211,103.2699966430664,106.1500015258789,102.46786499023438,7373600,100.4214010044309,102.90225242194116,99.68776186012465
2023-09-29,107.11000061035156,107.37000274658203,105.37999725341797,105.91999816894531,102.24583435058594,7299100,103.39455786459833,103.64554101991727,101.72456504249827
2023-10-02,105.80999755859375,106.7300033569336,105.29000091552734,106.70999908447266,103.00843811035156,5963500,102.139655875574,103.02774847376094,101.63769689811684
2023-10-03,106.41999816894531,106.5,103.54000091552734,104.5199966430664,100.8944091796875,8783300,102.72850349226873,102.80573022147654,99.94840752350365
2023-10-04,104.95999908447266,107.30000305175781,104.5,107.08000183105469,103.36561584472656,8842700,101.31915165210631,103.57798567359946,100.8751089938932
2023-10-05,106.97000122070312,108.44000244140625,106.19000244140625,108.3499984741211,104.59154510498047,7651500,103.25941730610386,104.67842700748628,102.5064751865325
2023-10-06,107.93000030517578,110.52999877929688,107.58000183105469,109.95999908447266,106.14569091796875,8247000,104.18610902650684,106.69591838190014,103.84825134948669
2023-10-09,110.75,110.97000122070312,109.47000122070312,110.31999969482422,106.49321746826172,6012400,106.90830191475536,107.12067172897245,105.67270375721505
2023-10-10,110.20999908447266,111.05999755859375,109.62000274658203,109.70999908447266,105.90437316894531,6910400,106.38702914402833,107.2075428287203,105.81749862850832
2023-10-11,109.51000213623047,110.05999755859375,108.83000183105469,109.63999938964844,106.22409057617188,5641700,106.09814347567392,106.63100341626885,105.43932904288548
2023-10-12,109.94999694824219,110.91999816894531,108.87999725341797,109.11000061035156,105.71060180664062,6598500,106.52442746787307,107.46420761836438,105.48776436604867
2023-10-13,109.19000244140625,109.51000213623047,107.79000091552734,108.25,104.87739562988281,5879400,105.78811163857029,106.09814151936033,104.43172813822811
2023-10-16,108.94999694824219,109.58999633789062,108.30999755859375,108.70999908447266,105.32306671142578,5488000,105.55558728201981,106.17564706473433,104.93552749930528
2023-10-17,107.58000183105469,109.79000091552734,106.9000015258789,109.04000091552734,105.6427993774414,5261800,104.2282873719648,106.36943271261958,103.56947285240206
2023-10-18,108.4000015258789,109.7300033569336,107.86000061035156,108.25,104.87739562988281,5123900,105.02272375343652,106.31128844834636,104.49954694366045
2023-10-19,108.62999725341797,110.22000122070312,108.19000244140625,108.33999633789062,104.96459197998047,7989200,105.24555772486764,106.78602406522201,104.81927124270753
2023-10-20,106.98999786376953,107.04000091552734,100.66000366210938,101.8499984741211,98.67678833007812,21831400,103.65664733241226,103.70509250303655,97.52386866451124
2023-10-23,102.04000091552734,104.69000244140625,102.01000213623047,103.66000366210938,100.43041229248047,10722600,98.86088173096792,101.4283208243258,98.8318175821485
2023-10-24,103.94999694824219,104.45999908447266,102.5,103.19999694824219,99.98473358154297,6174000,100.71136684126841,101.20547952755652,99.30654549581085
2023-10-25,102.69999694824219,103.66999816894531,101.01000213623047,101.43000030517578,98.26988220214844,7081700,99.5003112678663,100.44009146512192,97.86296935128387
2023-10-26,101.69000244140625,102.38999938964844,99.87000274658203,100.4000015258789,97.27196502685547,7565600,98.52177500726114,99.19996303149905,96.75847875254746
2023-10-27,101.0,102.08999633789062,100.58999633789062,100.98999786376953,97.84359741210938,5207900,97.85328792613349,98.90932481217352,97.4560581598052
2023-10-30,101.13999938964844,102.41000366210938,100.81999969482422,101.6500015258789,98.48302459716797,5433700,97.9889119343737,99.21934833502084,97.6788820539665
2023-10-31,102.01000213623047,103.5199966430664,101.0999984741211,103.4000015258789,100.17851257324219,6258400,98.8318194467644,100.2947691707132,97.95016749356297
2023-11-01,103.80000305175781,106.19999694824219,103.80000305175781,105.75,102.45527648925781,8602400,100.56603321280049,102.89125343253417,100.56603321280049
2023-11-02,106.44999694824219,107.22000122070312,105.56999969482422,106.87000274658203,103.54041290283203,5918300,103.13349260093206,103.879506994668,102.28091211407352
2023-11-03,107.16999816894531,109.06999969482422,106.62000274658203,108.05000305175781,104.68363189697266,7280000,103.83104416334942,105.67184985257757,103.29818422153046
2023-11-06,108.05999755859375,109.20999908447266,107.44000244140625,109.11000061035156,105.71060180664062,6062800,104.69331233840468,105.80748475797371,104.09263360512227
2023-11-07,109.98999786376953,110.37999725341797,108.58000183105469,108.98999786376953,105.59434509277344,7412600,106.563189456132,106.94103816650615,105.19712274747829
2023-11-08,109.2300033569336,112.55999755859375,109.19000244140625,112.33000183105469,108.83029174804688,10994900,105.82687562717373,109.0531218176709,105.7881209646965
2023-11-09,112.4000015258789,113.30999755859375,111.61000061035156,112.18000030517578,108.6849594116211,6853900,108.89810635116093,109.77975086543525,108.1327184281296
2023-11-10,112.08999633789062,113.18000030517578,111.13999938964844,113.06999969482422,109.5472412109375,5233900,108.5977704015337,109.65381469133068,107.67737113453427
2023-11-13,113.06999969482422,114.48999786376953,112.77999877929688,114.1500015258789,110.59357452392578,5740500,109.54722094186609,110.92297802659542,109.26625521751514
2023-11-14,114.86000061035156,116.45999908447266,114.44999694824219,116.0999984741211,112.48281860351562,6733700,111.28145377481388,112.83160313308954,110.88422407491767
2023-11-15,116.1500015258789,116.30999755859375,113.93000030517578,114.05999755859375,110.50638580322266,7386200,112.53127436786104,112.68628562243423,110.38043869690095
2023-11-16,113.76000213623047,115.87000274658203,113.47000122070312,114.66999816894531,111.09737396240234,7476100,110.2157294942314,112.25999155590647,109.93476376059363
2023-11-17,114.61000061035156,115.63999938964844,114.16000366210938,115.36000061035156,111.76588439941406,4791300,111.03925113956612,112.03715963375264,110.60327414033566
2023-11-20,115.6500015258789,117.1500015258789,115.51000213623047,116.91999816894531,113.27727508544922,5728300,112.04684606263693,113.50011252935934,111.9112084504118
2023-11-21,117.20999908447266,117.66999816894531,115.68000030517578,116.08000183105469,112.46343994140625,5995300,113.55823125979963,114.00389871839414,112.07590077124303
2023-11-22,116.69999694824219,117.29000091552734,115.51000213623047,116.23999786376953,112.61846923828125,4343700,113.06413676836013,113.63575879916952,111.91121697660894
2023-11-24,116.48999786376953,116.58999633789062,115.33999633789062,116.25,112.6281509399414,2168200,112.86067150446527,112.95755445704225,111.74649907059127
2023-11-27,116.01000213623047,116.7699966430664,115.44999694824219,116.47000122070312,112.84130859375,5165300,112.39564105618845,113.13195747910083,111.85308316514711
2023-11-28,116.0,116.80000305175781,115.87000274658203,116.23999786376953,112.61846923828125,4892600,112.38594865556531,113.16102712021315,112.26000154653086
2023-11-29,117.33999633789062,117.58000183105469,115.95999908447266,116.20999908447266,112.58940887451172,6127200,113.68420040531339,113.91672838754266,112.34719777012845
2023-11-30,116.86000061035156,117.2300033569336,115.18000030517578,116.20999908447266,112.58940887451172,11075600,113.21915922424745,113.57763431974534,111.59150030712408
2023-12-01,116.06999969482422,117.3499984741211,115.26000213623047,117.16000366210938,113.50981140136719,5739800,112.45376718076348,113.69388680768832,111.6690055962836
2023-12-04,116.2699966430664,116.68000030517578,114.55000305175781,115.77999877929688,112.17279052734375,5587500,112.64752215898109,113.04475186523553,110.98111619197108
2023-12-05,114.56999969482422,115.2699966430664,113.80999755859375,114.52999877929688,110.96173858642578,5913600,111.00049324615922,111.67868131225553,110.26416949461496
2023-12-06,114.94000244140625,114.98999786376953,111.93000030517578,112.02999877929688,108.53962707519531,7815700,111.3589675707267,111.4074053513025,108.44274412234824
2023-12-07,112.41000366210938,113.02999877929688,111.80999755859375,112.87000274658203,109.35346984863281,6772800,108.90780231261601,109.50848110861007,108.3264897605369
2023-12-08,112.01000213623047,113.63999938964844,111.58999633789062,113.61000061035156,110.07040405273438,7766000,108.52025461532453,110.09946819973337,108.11333438225181
2023-12-11,113.7699966430664,115.3499984741211,113.61000061035156,115.12999725341797,111.54304504394531,19544200,110.2254161639035,111.75619197920143,110.07040491479627
2023-12-12,102.69999694824219,104.94999694824219,100.69000244140625,100.80999755859375,97.66919708251953,57666500,99.50031232251469,101.68021212171804,97.55294049058068
2023-12-13,101.08000183105469,103.0999984741211,99.26000213623047,102.98999786376953,99.7812728881836,29392200,97.93078410957656,99.88784635305419,96.16748777039341
2023-12-14,101.87000274658203,102.25,99.87000274658203,100.30999755859375,97.18476867675781,22865200,98.69617080036593,99.0643289707383,96.75848221414122
2023-12-15,99.69000244140625,103.98999786376953,99.36000061035156,103.31999969482422,100.10099792480469,30212300,96.5840955960715,100.7501218651581,96.26437518663327
2023-12-18,103.41000366210938,106.16000366210938,102.91000366210938,105.0,101.72865295410156,13473100,100.18819404309615,102.85251590617976,99.70377188617186
2023-12-19,104.9800033569336,106.33999633789062,104.80000305175781,106.25,102.93970489501953,10108500,101.70927591003205,103.02689733232864,101.53488364371856
2023-12-20,105.94999694824219,106.08999633789062,104.05000305175781,104.1500015258789,100.9051513671875,9242000,102.64906694945161,102.78470458168226,100.80826840012226
2023-12-21,104.69999694824219,105.93000030517578,104.5199966430664,105.86000061035156,102.56185150146484,8168000,101.4379886387361,102.62967030237469,101.26359638044008
2023-12-22,105.69999694824219,106.48999786376953,105.45999908447266,106.19999694824219,102.89127349853516,5680000,102.40685129300213,103.17223926474786,102.17433070402124
2023-12-26,106.5199966430664,106.6500015258789,105.33999633789062,106.19000244140625,102.88158416748047,5767400,103.20129718614824,103.32725168267099,102.05806055441748
2023-12-27,106.31999969482422,106.33000183105469,105.55999755859375,105.94000244140625,102.6393814086914,5627400,103.00753963154395,103.01723014553113,102.27121579414245
2023-12-28,106.01000213623047,106.61000061035156,105.58000183105469,106.25,102.93970489501953,5689100,102.70718433716664,103.28848942764652,102.29058100051192
2023-12-29,106.5999984741211,106.91999816894531,104.77999877929688,105.43000030517578,102.145263671875,6899700,103.27880982682709,103.58883973395149,101.51551334411404
2024-01-02,104.5199966430664,104.68000030517578,102.44000244140625,104.05999755859375,100.81793975830078,9597500,101.26360726815368,101.41862591072638,99.24841665657875
2024-01-03,103.30000305175781,103.37999725341797,101.73999786376953,102.45999908447266,99.26777648925781,9455600,100.08160946622091,100.15911138503597,98.57020747805934
2024-01-04,102.7699966430664,103.36000061035156,102.4000015258789,102.58999633789062,99.39373779296875,6822300,99.56813007071453,100.13975207787404,99.20966239379513
2024-01-05,102.52999877929688,103.72000122070312,102.29000091552734,102.7300033569336,99.52938079833984,6133800,99.33560749824706,100.48853461078845,99.1030869298313
2024-01-08,102.94000244140625,104.7699966430664,102.12999725341797,104.66000366210938,101.39925384521484,7038700,99.73284037025242,101.50581992401283,98.94807141555287
2024-01-09,103.8499984741211,104.4800033569336,103.29000091552734,103.62999725341797,100.4013442993164,6725200,100.61449125378432,101.22486796734177,100.07194074546331
2024-01-10,103.08999633789062,104.06999969482422,102.72000122070312,103.91999816894531,101.07241821289062,7270500,100.26515980580865,101.21830944868104,99.90530316724033
2024-01-11,104.3499984741211,104.83999633789062,103.54000091552734,104.7699966430664,101.89915466308594,6119000,101.49066502152019,101.96723627001356,100.70286250988072
2024-01-12,105.0999984741211,106.69999694824219,104.97000122070312,106.5999984741211,103.67899322509766,9703800,102.22009555095369,103.77625158597313,102.0936604238493
2024-01-16,106.41000366210938,106.66000366210938,105.41999816894531,106.56999969482422,103.64981842041016,7547200,103.49420652413195,103.73735614109081,102.5313286983319
2024-01-17,106.45999908447266,107.5,105.68000030517578,106.43000030517578,103.51365661621094,7771500,103.54283338338314,104.55433669393238,102.78420775555558
2024-01-18,106.98999786376953,108.87999725341797,106.62000274658203,108.69999694824219,105.72144317626953,10362300,104.05830080169679,105.89651118518965,103.69844414249319
2024-01-19,109.31999969482422,110.22000122070312,109.0199966430664,109.66999816894531,106.66486358642578,11163800,106.32445563419738,107.19979566873958,106.0326731492377
2024-01-22,110.05999755859375,110.69000244140625,109.2699966430664,110.0999984741211,107.08309173583984,7485300,107.04418690599157,107.6569287006801,106.27583321224745
2024-01-23,110.29000091552734,112.68000030517578,109.55999755859375,111.83000183105469,108.76568603515625,9185900,107.26788353735117,109.59239323047835,106.55788340657409
2024-01-24,113.41999816894531,115.41999816894531,113.33000183105469,114.30999755859375,111.177734375,11702700,110.3121222863852,112.25731932513087,110.2245919814038
2024-01-25,114.88999938964844,116.18000030517578,114.3499984741211,115.0,111.84881591796875,8877200,111.74182950042027,112.99648232594052,111.21662547436502
2024-01-26,114.63999938964844,115.4800033569336,114.2699966430664,114.63999938964844,111.49868774414062,5541800,111.49868774414062,112.31567431558877,111.13882363976808
2024-01-29,114.19000244140625,114.58999633789062,113.01000213623047,113.75,110.63307189941406,7014400,111.0610175850054,111.45005102244788,109.91335113574085
2024-01-30,113.36000061035156,114.4000015258789,112.62999725341797,114.16000366210938,111.0318374633789,8231900,110.2537557713365,111.26525900285685,109.54375567082255
2024-01-31,113.80999755859375,114.2699966430664,111.66999816894531,111.69999694824219,108.63923645019531,7386700,110.69141963265552,111.13881399854843,108.6100596859492
2024-02-01,112.91000366210938,115.77999877929688,112.55000305175781,115.52999877929688,112.36429595947266,7882200,109.81609280989566,112.607445568117,109.46595677982083
2024-02-02,115.81999969482422,116.48999786376953,115.16000366210938,115.79000091552734,112.61717987060547,6499400,112.64635663800561,113.29799584440077,112.00444549418968
2024-02-05,115.52999877929688,116.72000122070312,114.7699966430664,116.38999938964844,113.20072174072266,8084500,112.36428656330382,113.52168097817474,111.62510973714231
2024-02-06,116.73999786376953,116.94999694824219,114.9800033569336,115.30000305175781,112.14060974121094,4637500,113.54114653192278,113.74539132597789,111.829378518793
2024-02-07,115.80000305175781,117.58999633789062,115.30000305175781,117.2699966430664,114.05662536621094,7672900,112.62691177250352,114.36785659631795,112.14061251169018
2024-02-08,117.08999633789062,117.79000091552734,115.97000122070312,116.68000030517578,113.48278045654297,4472800,113.88154193791887,114.56236526320814,112.79223648999498
2024-02-09,117.05999755859375,117.33999633789062,115.7300033569336,116.63999938964844,113.44388580322266,5787100,113.85237538282414,114.12470176922513,112.55882504741943
2024-02-12,116.26000213623047,117.0999984741211,115.37999725341797,115.83999633789062,112.66580200195312,5439600,113.07429899445476,113.8912781387833,112.2184076009631
2024-02-13,113.79000091552734,114.20999908447266,113.0,113.68000030517578,110.56499481201172,8171700,110.6719812377699,111.0804708159352,109.90362755293279
2024-02-14,114.31999969482422,114.72000122070312,113.52999877929688,114.26000213623047,111.12910461425781,5946100,111.187458148661,111.57649902546984,110.41910445755634
2024-02-15,114.25,114.30999755859375,112.56999969482422,112.77999877929688,109.68965148925781,8455600,111.11937239130582,111.17772592352418,109.48540670615628
2024-02-16,113.0199966430664,113.11000061035156,111.25,111.30999755859375,108.25993347167969,8936000,109.92307596725107,110.01061368824821,108.20157993790656
2024-02-20,110.54000091552734,110.7699966430664,107.68000030517578,108.44999694824219,105.47830963134766,10975600,107.51104445657093,107.7347379673677,104.72941201384732
2024-02-21,106.76000213623047,108.37999725341797,106.51000213623047,108.16000366210938,105.19625854492188,7865300,103.834619145022,105.4102239843261,103.59146951719481
2024-02-22,111.48999786376953,111.88999938964844,109.66000366210938,111.01000213623047,107.96815490722656,8957800,108.4349980030599,108.82403886314584,106.6551484972316
2024-02-23,112.0,113.37000274658203,111.70999908447266,111.94999694824219,108.88239288330078,7504500,108.93102577365606,110.26348831381594,108.64897133433738
2024-02-26,112.0,112.54000091552734,110.93000030517578,110.97000122070312,107.92925262451172,6342900,108.93102785413055,109.45623191458202,107.8903477955519
2024-02-27,110.62000274658203,111.51000213623047,109.79000091552734,111.37999725341797,108.32801818847656,6593100,107.58884867159871,108.45446074241073,106.78159013624081
2024-02-28,111.26000213623047,112.0199966430664,111.0999984741211,111.68000030517578,108.61980438232422,5278300,108.21131477964592,108.95048432153868,108.05569545271823
2024-02-29,111.68000030517578,112.44000244140625,110.63999938964844,111.68000030517578,108.61980438232422,12193900,108.61980438232422,109.3589813445549,107.608301018308
2024-03-01,111.68000030517578,113.94000244140625,111.5199966430664,113.77999877929688,110.66226196289062,7605100,108.61980648953775,110.81788129283731,108.46418715959105
2024-03-04,113.58000183105469,114.5999984741211,113.38999938964844,114.05999755859375,110.9345703125,6588100,110.4677272393268,111.4597743350725,110.28293117017995
2024-03-05,112.81999969482422,113.19999694824219,110.37000274658203,110.94000244140625,107.90007781982422,8242000,109.72856029215869,110.09814504349104,107.34569698265692
2024-03-06,111.5,113.05000305175781,110.66999816894531,112.2699966430664,109.19363403320312,6706400,108.44473642775387,109.95226712201476,107.63747786449576
2024-03-07,113.94000244140625,114.80000305175781,112.29000091552734,114.54000091552734,111.40143585205078,7670100,110.81787822159971,111.6543135460368,109.21308917260585
2024-03-08,114.06999969482422,114.33000183105469,111.54000091552734,112.41999816894531,109.33953094482422,8312900,110.94432009120654,111.19719780053872,108.48364686291153
2024-03-11,111.61000061035156,114.75,111.18000030517578,114.12999725341797,111.00265502929688,20438300,108.55171027527071,111.60566872115956,108.13349265775919
2024-03-12,126.26000213623047,129.3699951171875,124.5999984741211,127.54000091552734,124.04521179199219,48536100,122.8002869171952,125.82506138187419,121.18576986871075
2024-03-13,128.0,128.8000030517578,124.83000183105469,125.5199966430664,122.08055114746094,15870300,124.49259850851168,125.27068021732472,121.40946327945522
2024-03-14,127.2300033569336,127.80000305175781,124.94000244140625,125.52999877929688,122.09027862548828,10965900,123.74370039372384,124.29808119699211,121.5164491187444
2024-03-15,124.04000091552734,126.01000213623047,123.55999755859375,125.54000091552734,122.10000610351562,17844900,120.64110847869793,122.55712854654575,120.17425797380797
2024-03-18,127.19999694824219,128.9499969482422,126.87999725341797,127.80000305175781,124.298095703125,12231400,123.7145306460331,125.41657808176261,123.40329941174178
2024-03-19,127.75,129.2100067138672,126.48999786376953,129.19000244140625,125.6500015258789,10221000,124.24945732322648,125.6694576511033,123.0239811459056
2024-03-20,129.97999572753906,130.69000244140625,128.27000427246094,129.24000549316406,125.69862365722656,8373300,126.41833698148548,127.10888838141726,124.75520201372731
2024-03-21,130.52000427246094,132.77000427246094,128.9499969482422,129.00999450683594,125.47492218017578,17842400,126.94355535512769,129.1319018935847,125.41656864699155
2024-03-22,129.00999450683594,129.2100067138672,127.55000305175781,127.79000091552734,124.2883529663086,6660000,125.47491680547336,125.66944836198772,124.05493142323289
2024-03-25,127.66999816894531,127.66999816894531,126.05000305175781,126.08000183105469,122.6252212524414,7446100,124.1716493131395,124.1716493131395,122.59604448455468
2024-03-26,126.75,126.94000244140625,125.83999633789062,126.47000122070312,123.00454711914062,7063900,123.27687354207804,123.4616696520735,122.39180524719295
2024-03-27,127.33000183105469,127.81999969482422,124.47000122070312,125.2699966430664,121.83740997314453,8115900,123.84096791488273,124.31753909883635,121.05933563081949
2024-03-28,125.38999938964844,126.16999816894531,125.19999694824219,125.61000061035156,122.16809844970703,6587400,121.95412559197821,122.7127512364075,121.7693295020601
2024-04-01,125.54000091552734,126.2699966430664,124.55999755859375,125.4800033569336,122.04166412353516,4133600,122.10001765954281,122.81001041542854,121.14686785617045
2024-04-02,124.51000213623047,124.93000030517578,123.43000030517578,124.33999633789062,120.93289947509766,4862400,121.09824686713833,121.50673647499357,120.04783865807794
2024-04-03,124.26000213623047,126.41000366210938,124.05999755859375,126.23999786376953,122.78083038330078,7430000,120.85508954286621,122.94617776482298,120.66056539411585
2024-04-04,127.5999984741211,127.98999786376953,124.02999877929688,124.19000244140625,120.7870101928711,7588300,124.10356722213363,124.48288004383122,120.63139087097584
2024-04-05,124.41999816894531,126.0,124.13999938964844,124.9000015258789,121.47754669189453,4899500,121.01069617554698,122.54740349228354,120.73836979948476
2024-04-08,125.0,125.12000274658203,123.76000213623047,124.3499984741211,120.94261169433594,6119200,121.57480214958116,121.69151663096609,120.36878218995169
2024-04-09,124.3499984741211,124.75,121.23999786376953,123.2300033569336,120.24009704589844,5564100,121.33291793296351,121.72321429732274,118.29837468038934
2024-04-10,121.3499984741211,123.08000183105469,121.31999969482422,121.75,118.79598999023438,4509900,118.40569366773425,120.0937220987269,118.3764227462963
2024-04-11,121.72000122070312,123.81999969482422,121.36000061035156,123.23999786376953,120.24984741210938,7315200,118.76673018098366,120.81577676047051,118.41546420229632
2024-04-12,121.73999786376953,121.83999633789062,120.41999816894531,121.11000061035156,118.17151641845703,6196900,118.7862280888449,118.88380030638984,117.4982554621158
2024-04-15,122.18000030517578,122.47000122070312,119.44000244140625,119.87999725341797,116.97137451171875,5101500,119.21557308119769,119.49853776651698,116.54205519975515
2024-04-16,120.08999633789062,121.44000244140625,119.75,120.62000274658203,117.69341278076172,7000000,117.17626585973551,118.49351691246038,116.8445188158942
2024-04-17,120.9800033569336,121.04000091552734,118.61000061035156,118.66999816894531,115.79071807861328,5366600,118.04467580684792,118.10321764977138,115.73217623568982
2024-04-18,118.76000213623047,118.76000213623047,115.69999694824219,116.0,113.18550872802734,6662400,115.87854533043846,115.87854533043846,112.89278460705175
2024-04-19,116.12000274658203,116.7699966430664,114.45999908447266,114.87999725341797,112.0926742553711,8251500,113.30259360724482,113.93681676052258,111.68286646406705
2024-04-22,116.02999877929688,116.33999633789062,114.33999633789062,114.52999877929688,111.75117492675781,7125500,113.21478065605812,113.51725679127608,111.56578248554233
2024-04-23,115.16999816894531,115.86000061035156,114.75,115.08999633789062,112.29759216308594,5494800,112.37565292667918,113.04891398517364,111.96584508424087
2024-04-24,115.37999725341797,115.7300033569336,113.87999725341797,115.33999633789062,112.54151916503906,5791800,112.58054954430361,112.92206350179751,111.1169438211595
2024-04-25,113.62999725341797,114.98999786376953,112.77999877929688,114.88999938964844,112.1024398803711,6796600,110.87300899451245,112.20001210591589,110.04363391095619
2024-04-26,117.04000091552734,119.20999908447266,116.1500015258789,117.20999908447266,114.36614990234375,8355100,114.200276374278,116.3176241928592,113.33187091054133
2024-04-29,116.98999786376953,117.30999755859375,115.29000091552734,116.48999786376953,113.66361999511719,4994100,114.15148857645256,114.46372417073586,112.49273837762578
2024-04-30,115.08999633789062,115.5199966430664,113.69000244140625,113.75,110.99009704589844,6234700,112.297581209271,112.71714846730376,110.93155520105591
2024-05-01,113.91000366210938,116.76000213623047,113.6500015258789,114.62999725341797,111.84876251220703,5583600,111.14623791887085,113.92708769754968,110.89254413988891
2024-05-02,115.2300033569336,115.80999755859375,114.26000213623047,114.95999908447266,112.17074584960938,5001000,112.43419905825345,113.00012096767225,111.48773279809498
2024-05-03,115.9800033569336,116.20999908447266,115.06999969482422,115.80000305175781,112.9903564453125,4485000,113.16598941686765,113.39040477568179,112.27806510392682
2024-05-06,116.33000183105469,118.36000061035156,116.18000030517578,118.33999633789062,115.46874237060547,6052400,113.50751586174627,115.48826128436737,113.36115378566969
2024-05-07,118.0,119.12999725341797,117.29000091552734,117.93000030517578,115.06867980957031,6437700,115.13698111076297,116.23956138552568,114.4442086431563
2024-05-08,117.70999908447266,117.9800033569336,117.11000061035156,117.38999938964844,114.54177856445312,4636000,114.8540141413832,115.1174673294612,114.26857336517473
2024-05-09,117.38999938964844,117.7300033569336,116.5,116.63999938964844,113.80997467041016,3236200,114.54177749490832,114.87353197970812,113.6733720720465
2024-05-10,117.1500015258789,117.62999725341797,115.91000366210938,116.66999816894531,113.8392562866211,4122500,114.30761341378307,114.77596309666107,113.09770138135025
2024-05-13,117.12999725341797,117.19000244140625,116.19999694824219,116.37000274658203,113.54653930664062,4140000,114.2880942100224,114.34664350344599,113.38065832693842
2024-05-14,116.5,122.55000305175781,116.12999725341797,120.87000274658203,117.93736267089844,17811200,113.67338825967057,119.57660152898094,113.31236280156445
2024-05-15,120.16999816894531,122.08999633789062,119.66999816894531,121.62999725341797,118.67890930175781,6604600,117.2543339269367,119.12774750662334,116.76646534195889
2024-05-16,121.94000244140625,122.44999694824219,121.20999908447266,122.16000366210938,119.196044921875,5159300,118.98138157380954,119.4790021232888,118.2690902319817
2024-05-17,123.18000030517578,123.58000183105469,122.08000183105469,123.5,120.50355529785156,6179400,120.19131966286739,120.58161606766879,119.11801013287707
2024-05-20,123.80000305175781,124.68000030517578,123.23999786376953,124.5199966430664,121.498779296875,5989000,120.79625484454691,121.65490080469229,120.24983701146964
2024-05-21,124.45999908447266,125.36000061035156,123.91999816894531,124.62999725341797,121.60611724853516,5549500,121.44024372113097,122.31840863721732,120.91334477147915
2024-05-22,124.62999725341797,125.16000366210938,123.30000305175781,124.5999984741211,121.57685089111328,5705000,121.60612181536814,122.12326877291159,120.30839702627141
2024-05-23,126.55000305175781,126.69999694824219,123.16000366210938,124.08999633789062,121.0792236328125,6108600,123.47954365728489,123.62589827951034,120.171795197879
2024-05-24,123.41999816894531,123.51000213623047,121.41999816894531,122.91000366210938,119.92786407470703,7173400,120.4254846920069,120.51330491194955,118.47401027167575
2024-05-28,123.23999786376953,124.81999969482422,123.01000213623047,124.48999786376953,121.46952056884766,6911400,120.24984908265151,121.7915156278316,120.02543369799044
2024-05-29,122.98999786376953,123.91999816894531,122.7699966430664,123.73999786376953,120.73771667480469,4735100,120.0059137891622,120.91334966513026,119.7912504182883
2024-05-30,120.16999816894531,121.44000244140625,117.02999877929688,117.08999633789062,114.24906158447266,10839600,117.2543338526603,118.49352422651788,114.19051973648322
2024-05-31,116.58999633789062,117.41999816894531,114.55000305175781,117.19000244140625,114.34664154052734,12755600,113.76119328204528,114.57105692123281,111.77069600262811
2024-06-03,117.52999877929688,119.33000183105469,117.33999633789062,119.27999877929688,116.38592529296875,7256300,114.67838529173557,116.4347151278603,114.49299285228805
2024-06-04,119.0199966430664,120.37000274658203,118.72000122070312,120.06999969482422,117.15675354003906,7368000,116.13222660521988,117.44947764835406,115.83950994118818
2024-06-05,121.6500015258789,122.79000091552734,120.51000213623047,122.62999725341797,119.65465545654297,5973700,118.6984371269833,119.81077698871522,117.58609726525137
2024-06-06,122.87999725341797,124.2699966430664,122.25,123.5,120.50355529785156,7347200,119.89859549819515,121.25486973555937,119.28388368552513
2024-06-07,124.20999908447266,126.22000122070312,123.2699966430664,125.91999816894531,122.86483001708984,11545000,121.1963202497912,123.15755416333211,120.27912487289744
2024-06-10,125.7300033569336,126.94999694824219,124.05000305175781,124.5,121.47928619384766,10164700,122.67944627269367,123.86983945047068,121.04020741423423
2024-06-11,124.05000305175781,124.83000183105469,122.29000091552734,123.87999725341797,120.87431335449219,18373900,121.04019432475549,121.80126809740001,119.3228948862989
2024-06-12,134.69000244140625,140.9600067138672,133.9600067138672,140.3800048828125,136.97398376464844,40871300,131.42203708477328,137.53991308953107,130.70975314507922
2024-06-13,140.42999267578125,142.39999389648438,138.77000427246094,139.85000610351562,136.4568328857422,13733200,137.02274727482734,138.94495046128424,135.4030350813471
2024-06-14,139.25999450683594,139.97000122070312,137.3800048828125,138.1300048828125,134.77857971191406,11330800,135.8811525869696,136.57393252686845,134.04677683628472
2024-06-17,138.8000030517578,141.44000244140625,138.25,141.30999755859375,137.88140869140625,11232800,135.43231390413382,138.00825928010232,134.895655515689
2024-06-18,141.22000122070312,145.05999755859375,141.22000122070312,144.63999938964844,141.13063049316406,11629400,137.79361099713617,141.54043833773923,137.79361099713617
2024-06-20,145.32000732421875,145.32000732421875,141.9499969482422,142.91000366210938,139.44259643554688,8940000,141.79412648559338,141.79412648559338,138.5058822423704
2024-06-21,143.72000122070312,143.72000122070312,140.44000244140625,141.5,138.0668182373047,14844100,140.23295608200726,140.23295608200726,137.03253915423508
2024-06-24,140.0,141.52999877929688,139.1199951171875,139.88999938964844,136.495849609375,7793300,136.60318127592012,138.0960577087789,135.74452794355918
2024-06-25,139.0,139.5500030517578,137.55999755859375,139.1699981689453,135.7933349609375,8205500,135.62746143501914,136.16411983567687,134.22239758186691
2024-06-26,139.49000549316406,140.75,138.0800018310547,138.22999572753906,134.87612915039062,8036300,136.10556737025547,137.3349907015544,134.72977454734286
2024-06-27,139.25,141.4199981689453,138.80999755859375,140.17999267578125,136.77883911132812,7518200,135.87141062494203,137.98875864841165,135.44208385731343
2024-06-28,139.44000244140625,142.82000732421875,139.27000427246094,141.1999969482422,137.77407836914062,25814800,136.05678639778912,139.35478262779887,135.89091287401374
2024-07-01,141.69000244140625,144.05999755859375,141.07000732421875,143.08999633789062,139.6182403564453,6552400,138.2522141537795,140.56470668563838,137.64726181953736
2024-07-02,142.6300048828125,144.22000122070312,142.5500030517578,143.27999877929688,139.8036346435547,5920500,139.1694113744394,140.72083005814173,139.0913506063289
2024-07-03,143.75,144.64999389648438,143.5,144.3800048828125,140.87692260742188,3560800,140.26220349039238,141.14036089594927,140.01826922345256
2024-07-05,144.9499969482422,145.7899932861328,144.02000427246094,144.8300018310547,141.31600952148438,5365500,141.43309321207758,142.25270882336395,140.52566483284633
2024-07-08,144.75999450683594,145.22999572753906,143.42999267578125,145.02999877929688,141.5111541748047,8622600,141.24770098201924,141.70629862226662,139.94996881797525
2024-07-09,145.1300048828125,145.6999969482422,138.0,140.67999267578125,137.26669311523438,14334200,141.60873528031593,142.1648977056565,134.65172473785208
2024-07-10,141.1199951171875,142.3800048828125,139.74000549316406,142.07000732421875,138.6229705810547,6350300,137.6960084677467,138.9254466860011,136.3495014557734
2024-07-11,142.36000061035156,143.47999572753906,141.67999267578125,142.75999450683594,139.6895294189453,5245100,139.298138543908,140.39404493849634,138.63275613961878
2024-07-12,142.7100067138672,145.1300048828125,141.25999450683594,144.77000427246094,141.6562957763672,7361800,139.64060457759126,142.00855350541758,138.2217791854749
2024-07-15,145.72999572753906,146.58999633789062,141.9199981689453,143.07000732421875,139.99285888671875,8687800,142.59563628325904,143.43714000817747,138.86758411806795
2024-07-16,143.07000732421875,143.5,142.0500030517578,142.61000061035156,139.54275512695312,7181500,139.99286804999636,140.41361247469396,138.99480195497293
2024-07-17,140.47999572753906,141.7899932861328,138.67999267578125,139.25999450683594,136.2648162841797,9157000,137.45857794411876,138.740400317347,135.69728902530653
2024-07-18,139.36000061035156,140.05999755859375,137.1999969482422,138.02999877929688,135.06126403808594,5998700,136.36266032920986,137.0476018164844,134.24911379938735
2024-07-19,138.35000610351562,140.44000244140625,138.0800018310547,138.55999755859375,135.57986450195312,6111900,135.3743895197959,137.4194344483003,135.1101924692747
2024-07-22,139.74000549316406,140.67999267578125,139.1199951171875,140.1699981689453,137.15524291992188,5387200,136.73449846197101,137.65426854157167,136.1278231759555
2024-07-23,141.3000030517578,143.22000122070312,141.2100067138672,143.11000061035156,140.03201293945312,6697400,138.26094452729183,140.13964767375822,138.17288381666185
2024-07-24,141.6999969482422,142.66000366210938,138.39999389648438,138.77000427246094,135.7853240966797,8018800,138.65229817488694,139.59165696110924,135.42327194366203
2024-07-25,140.14999389648438,141.07000732421875,137.6999969482422,137.82000732421875,134.8557891845703,7654600,137.13566265209346,138.03588852833835,134.7383599790662
2024-07-26,138.8699951171875,139.9600067138672,138.3800048828125,139.00999450683594,136.0201873779297,5139400,135.8831990751797,136.94976685795302,135.40374748085736
2024-07-29,139.27000427246094,139.77999877929688,137.82000732421875,138.30999755859375,135.33522033691406,4054600,136.27457918616204,136.77360470977987,134.85576883302704
2024-07-30,139.07000732421875,139.57000732421875,134.9600067138672,135.6699981689453,132.75201416015625,6505700,136.07889607669804,136.56814209995974,132.05729316826273
2024-07-31,139.69000244140625,141.5500030517578,138.66000366210938,139.4499969482422,136.45071411132812,7188000,136.6855575795932,138.5055533994868,135.67771195718692
2024-08-01,139.2899932861328,140.38999938964844,135.77000427246094,137.50999450683594,134.55242919921875,5906800,136.29414376029476,137.37049092977003,132.84986267917984
2024-08-02,132.77000427246094,134.3000030517578,131.8000030517578,133.27999877929688,130.41342163085938,8251600,129.91439605118816,131.41148772080587,128.96525755076334
2024-08-05,127.88999938964844,129.97000122070312,126.66000366210938,127.86000061035156,125.10999298095703,10355000,125.13934654774378,127.17461178504554,123.93580551767624
2024-08-06,130.5399932861328,131.0399932861328,128.0800018310547,128.2100067138672,125.45247650146484,8373900,127.7323499153882,128.22159595677343,125.3252677529113
2024-08-07,128.9199981689453,130.3000030517578,125.75,125.9000015258789,123.1921615600586,8617700,126.14720452951398,127.49752845657257,123.0453862464258
2024-08-08,128.0,129.82000732421875,127.6500015258789,128.9600067138672,126.18636322021484,6243200,125.24700411984917,127.02786712636933,124.9045333360196
2024-08-09,128.39999389648438,132.3699951171875,128.33999633789062,132.05999755859375,129.2196502685547,5597300,125.63836598911524,129.52298039763346,125.5796588584036
2024-08-12,132.25,132.7100067138672,131.2100067138672,132.5800018310547,129.728515625,5600800,129.4056113626301,129.8557244064025,128.38798590323466
2024-08-13,132.97000122070312,134.5399932861328,132.80999755859375,134.25999450683594,131.37234497070312,4324000,130.11009672156362,131.64632156633968,129.95353440102713
2024-08-14,134.0399932861328,135.97000122070312,134.00999450683594,135.60000610351562,132.68353271484375,4044600,131.1570725203451,133.04557000854567,131.1277189522398
2024-08-15,136.92999267578125,137.25,135.72000122070312,136.92999267578125,133.9849090576172,4698100,133.9849090576172,134.2980336798812,132.80094203986528
2024-08-16,136.7899932861328,137.82000732421875,136.38999938964844,137.47000122070312,134.5133056640625,4893800,133.8479232944938,134.8557838598028,133.45653243987977
2024-08-19,137.52999877929688,137.9499969482422,136.4600067138672,137.9199981689453,134.95362854003906,3641600,134.57201721854682,134.98298210856888,133.52503843623924
2024-08-20,137.82000732421875,139.7899932861328,137.82000732421875,139.1699981689453,136.17674255371094,3738300,134.85578718882672,136.7834028725198,134.85578718882672
2024-08-21,138.8000030517578,140.3000030517578,138.5500030517578,140.1999969482422,137.18458557128906,3776800,135.8147026421015,137.28244075077566,135.57007962398916
2024-08-22,140.6999969482422,141.0800018310547,137.64999389648438,138.0800018310547,135.1101837158203,5162200,137.6738281025786,138.0456598584365,134.68942437146472
2024-08-23,138.72999572753906,139.7899932861328,137.25999450683594,139.19000244140625,136.19631958007812,4544600,135.74620663868916,136.78340588944076,134.30782203831336
2024-08-26,139.38999938964844,139.39999389648438,138.19000244140625,138.89999389648438,135.91253662109375,2729600,136.3920030894928,136.40178263474866,135.21781564284169
2024-08-27,137.85000610351562,139.5,137.74000549316406,138.47999572753906,135.5015869140625,3872200,134.8851470207329,136.49965307409846,134.7775122884682
2024-08-28,138.8300018310547,138.9499969482422,136.91000366210938,137.8800048828125,134.9145050048828,3022600,135.84406957907308,135.96148386152916,133.965366406748
2024-08-29,139.13999938964844,141.16000366210938,138.85000610351562,139.4199981689453,136.42135620117188,4588400,136.14737962888657,138.12393769803353,135.863623511378
2024-08-30,140.3300018310547,141.72000122070312,140.10000610351562,141.2899932861328,138.25112915039062,7980700,137.31178518446305,138.67188847746894,137.0867362033392
2024-09-03,140.4499969482422,142.1999969482422,138.8300018310547,139.5,136.4996337890625,6831200,137.42919820150541,139.14155919885923,135.84404594174796
2024-09-04,138.44000244140625,141.10000610351562,137.9499969482422,140.75,137.72274780273438,6243300,135.46243369128047,138.06522597199833,134.98296724043152
2024-09-05,141.39999389648438,143.27999877929688,140.30999755859375,142.61000061035156,139.54275512695312,8733200,138.3587731491641,140.19834302418687,137.29222037294522
2024-09-06,143.7899932861328,143.94000244140625,139.39999389648438,141.80999755859375,138.75994873046875,11154800,140.69735871826842,140.84414147726426,136.40177941693807
2024-09-09,142.49000549316406,143.3000030517578,139.50999450683594,139.88999938964844,136.88125610351562,20233400,139.42534147687192,140.2179176706302,136.5094243363286
2024-09-10,154.22999572753906,160.52000427246094,153.1199951171875,155.88999938964844,152.5371551513672,37374200,150.9128544447766,157.0675790138748,149.8267274579126
2024-09-11,156.77999877929688,159.44000244140625,154.83999633789062,157.17999267578125,153.79937744140625,12630100,153.4079865829873,156.01077909022553,151.50970956538654
2024-09-12,159.0399932861328,162.33999633789062,157.89999389648438,161.3800048828125,157.90904235839844,16161300,155.61935975114136,158.84838630905523,154.5038794781096
2024-09-13,173.6999969482422,173.94000244140625,161.0,162.02999877929688,158.54507446289062,25727800,169.9640755282269,170.19891900827304,157.5372287899252
2024-09-16,164.99000549316406,173.99000549316406,164.50999450683594,170.3300018310547,166.66656494140625,27384400,161.4414205929744,170.24784969147498,160.9717336243522
2024-09-17,170.27999877929688,170.63999938964844,166.77000427246094,167.47000122070312,163.86807250976562,12580100,166.61763291059864,166.96989066237896,163.18313102869405
2024-09-18,167.6199951171875,167.6199951171875,163.72999572753906,164.52999877929688,160.9912872314453,12274400,164.0148239218258,164.0148239218258,160.20849064694926
2024-09-19,167.25,168.16000366210938,164.50999450683594,167.58999633789062,163.98548889160156,10075900,163.6528051580335,164.5432365601757,160.97173140553892
2024-09-20,167.1300048828125,168.8300018310547,166.60000610351562,168.0,164.38665771484375,12187700,163.53537444375633,165.1988078749883,163.01677487279466
2024-09-23,167.22999572753906,167.3300018310547,164.25999450683594,165.9499969482422,162.38076782226562,7916100,163.63323656837,163.73109175471774,160.7271137149827
2024-09-24,165.74000549316406,166.10000610351562,163.9199981689453,165.8000030517578,162.2340087890625,6155100,162.1753016463058,162.52755943345198,160.39443868612062
2024-09-25,167.69000244140625,168.75,165.66000366210938,166.27999877929688,162.70367431640625,7142400,164.08335183811036,165.1205511333698,162.09701395818405
2024-09-26,167.64999389648438,168.36000061035156,166.47999572753906,168.10000610351562,164.48452758789062,7096800,164.04419419946268,164.73893015826306,162.89936023687997
2024-09-27,168.08999633789062,169.11000061035156,166.50999450683594,168.74000549316406,165.11074829101562,8974400,164.47471952172916,165.47278555944112,162.92870034350184
2024-09-30,169.5,170.52000427246094,166.4499969482422,170.39999389648438,166.7350616455078,10210300,165.85442465498033,166.85249086002239,162.87002051725037
2024-10-01,170.22000122070312,170.50999450683594,165.97000122070312,167.16000366210938,163.56472778320312,7595100,166.55891094139665,166.8426670544986,162.40031990377162
2024-10-02,167.60000610351562,169.17999267578125,167.27000427246094,167.7100067138672,164.10292053222656,7073000,163.9952858014629,165.54129021700655,163.67238160917194
2024-10-03,166.88999938964844,167.86000061035156,166.24000549316406,166.86000061035156,163.2711944580078,4735700,163.30054802692888,164.24968657032224,162.6645341261664
2024-10-04,168.7100067138672,170.89999389648438,168.1699981689453,170.86000061035156,167.18516540527344,6386900,165.081413304606,167.22429852088464,164.5530191949225
2024-10-07,170.4199981689453,172.3300018310547,169.5500030517578,169.97000122070312,166.31431579589844,6791000,166.75463428751252,168.62355792080064,165.90335087501828
2024-10-08,170.60000610351562,174.63999938964844,170.44000244140625,174.3699951171875,170.61965942382812,7845400,166.93075502767914,170.88385646632562,166.77419271133957
2024-10-09,174.55999755859375,178.61000061035156,173.80999755859375,178.2899932861328,174.45535278320312,8120900,170.80558137128014,174.76847742699732,170.0717122843179
2024-10-10,177.64999389648438,178.3000030517578,174.17999267578125,175.41000366210938,172.02322387695312,7115900,174.21996484682586,174.85742376082862,170.81696168634386
2024-10-11,175.5,177.0,174.39999389648438,175.77000427246094,172.3762969970703,5869400,172.11150587498523,173.58254438673723,171.0327383140294
2024-10-14,176.5500030517578,177.22000122070312,175.5,176.1199951171875,172.7195281982422,4688700,173.14123368109247,173.79829574583374,172.11150374278733
2024-10-15,176.94000244140625,178.22000122070312,173.75,174.08999633789062,170.7287139892578,5848600,173.52369294928008,174.77897785992496,170.39528220828137
2024-10-16,173.5,174.91000366210938,171.63999938964844,174.77000427246094,171.39559936523438,6383000,170.15011594042707,171.5328956901927,168.32602764359373
2024-10-17,177.5,177.75,175.13999938964844,175.67999267578125,172.28802490234375,5474000,174.07289216253392,174.31806525008676,171.75845761746774
2024-10-18,176.8000030517578,176.97000122070312,174.5800018310547,174.69000244140625,171.317138671875,5001300,173.38640000400295,173.55311589773555,171.20926192132134
2024-10-21,174.4499969482422,175.14999389648438,173.16000366210938,173.75999450683594,170.40509033203125,4198400,171.08177041993565,171.7682520438325,169.816683924767
2024-10-22,175.4499969482422,175.85000610351562,174.27999877929688,175.30999755859375,171.92515563964844,5510100,172.06245195583097,172.45473783362115,170.91504382112493
2024-10-23,174.5,176.07000732421875,173.00999450683594,173.10000610351562,169.7578582763672,4830400,171.1308216333127,172.6705158646243,169.66958458870917
2024-10-24,173.32000732421875,174.9499969482422,172.91000366210938,174.3800048828125,171.01312255859375,3488000,169.9735911483187,171.57210937023112,169.57150372685712
2024-10-25,174.77999877929688,176.2899932861328,173.10000610351562,173.52000427246094,170.16973876953125,3674700,171.4054057289594,172.88624577301698,169.75784978305518
2024-10-28,174.0500030517578,174.1699981689453,172.13999938964844,172.4199981689453,169.09097290039062,4330000,170.68950621667733,170.80718450993803,168.81638023999727
2024-10-29,172.2899932861328,174.02000427246094,172.2899932861328,173.42999267578125,170.0814666748047,4122900,168.9634779970201,170.6600865327091,168.9634779970201
2024-10-30,173.97999572753906,176.16000366210938,172.7899932861328,174.55999755859375,171.18963623046875,5822500,170.6208329315461,172.75874981123303,169.45380676342688
2024-10-31,170.52000427246094,170.8800048828125,167.39999389648438,167.83999633789062,164.59939575195312,9477500,167.2276589565867,167.5807087911143,164.16788873595527
2024-11-01,170.14999389648438,172.27000427246094,169.10000610351562,170.02000427246094,166.7373046875,5680600,166.86478450753503,168.9438623049535,165.8350695907313
2024-11-04,170.30999755859375,170.47999572753906,168.72999572753906,169.58999633789062,166.3155975341797,4804400,167.0216971617072,167.18841305096004,165.47220158819826
2024-11-05,170.47000122070312,171.88999938964844,170.32000732421875,171.77999877929688,168.46331787109375,5456800,167.1786133845879,168.5711946199548,167.0315155289485
2024-11-06,178.52000427246094,182.10000610351562,177.4199981689453,181.24000549316406,177.74069213867188,11085000,175.07320767093364,178.58408818309172,173.99444006847403
2024-11-07,181.0800018310547,186.6699981689453,180.5399932861328,186.3699951171875,182.77162170410156,7759400,177.58376594919665,183.06583239102827,177.05418371989313
2024-11-08,186.25999450683594,190.16000366210938,186.25999450683594,189.25,185.59603881835938,8520400,182.66376312178667,186.4884725039483,182.66376312178667
2024-11-11,191.0500030517578,191.5,187.83999633789062,189.1300048828125,185.4783172607422,5973600,187.36124445540037,187.80255294468077,184.2132159654065
2024-11-12,188.5399932861328,190.61000061035156,187.1999969482422,189.5800018310547,185.91964721679688,6629900,184.89971884931725,186.92975908424617,183.58559476446553
2024-11-13,189.0,191.77000427246094,188.7899932861328,189.6300048828125,185.96868896484375,5695400,185.35084801625288,188.06736992582577,185.14489604533017
2024-11-14,188.66000366210938,189.58999633789062,186.7100067138672,187.0500030517578,183.4384765625,7804300,185.01739158206226,185.92942813312496,183.10504481033783
2024-11-15,184.52000427246094,185.8000030517578,182.3300018310547,183.74000549316406,180.19239807128906,8986300,180.9573368235055,182.21262169710047,178.80961841759932
2024-11-18,184.3000030517578,186.17999267578125,182.8800048828125,185.72999572753906,182.14398193359375,6289400,180.74159908701915,182.58529048846518,179.3490177766231
2024-11-19,184.88999938964844,189.32000732421875,184.32000732421875,188.89999389648438,185.25277709960938,8117000,181.32020620205486,185.66468105101742,180.76121934944834
2024-11-20,190.89999389648438,190.97000122070312,187.82000732421875,190.75,187.06704711914062,4860200,187.21414497130957,187.28280061177256,184.19362600281502
2024-11-21,191.94000244140625,196.0399932861328,191.63999938964844,192.42999267578125,188.71463012695312,11394300,188.23410043113958,192.25493026659095,187.93988972020938
2024-11-22,193.0,194.1999969482422,191.05999755859375,192.2899932861328,188.5773162841797,6879400,189.27361440326897,190.4504421735627,187.37106894194187
2024-11-25,194.5,194.75,187.99000549316406,187.99000549316406,184.3603515625,15138500,190.7446530725814,190.98982614851016,184.3603515625
2024-11-26,188.32000732421875,192.39999389648438,188.32000732421875,190.3699951171875,186.69436645507812,6427200,184.68395944732805,188.6851703933359,184.68395944732805
2024-11-27,188.9600067138672,188.9600067138672,182.22000122070312,182.6999969482422,179.17247009277344,8368800,185.31161312094582,185.31161312094582,178.70174200534214
2024-11-29,184.00999450683594,185.92999267578125,184.0,184.83999633789062,181.27117919921875,4628000,180.45720271342745,182.34013032130747,180.44740117655468
2024-12-02,185.2899932861328,185.2899932861328,181.0,181.41000366210938,177.90740966796875,8859700,181.71248595711486,181.71248595711486,177.50532219755493
2024-12-03,181.17999267578125,183.0399932861328,179.11000061035156,182.88999938964844,179.3588104248047,8917100,177.68182004238247,179.50590828108005,175.65179480489937
2024-12-04,188.0,189.7899932861328,185.89999389648438,188.19000244140625,184.5564727783203,8906300,184.3701388607355,186.12557136458705,182.3106791963016
2024-12-05,189.02000427246094,189.02000427246094,185.85000610351562,186.24000549316406,182.64414978027344,6398100,185.3704733329943,185.3704733329943,182.261680359976
2024-12-06,187.0,192.6300048828125,186.3800048828125,191.69000244140625,187.98892211914062,10503400,183.38947252621992,188.91077533787245,182.78144804755763
2024-12-09,196.3000030517578,198.30999755859375,188.92999267578125,190.4499969482422,186.7728271484375,20158000,192.50988252411264,194.481068465883,185.2821708092705
2024-12-10,173.4600067138672,177.8000030517578,171.05999755859375,177.74000549316406,174.30824279785156,26502000,170.1108812397364,174.36708193753552,167.75721090314715
2024-12-11,178.0,181.3800048828125,174.8300018310547,178.5800018310547,175.13201904296875,13188700,174.56321575772003,177.87796026120623,171.45442320537634
2024-12-12,178.0,178.1699981689453,174.80999755859375,175.32000732421875,171.9349822998047,8154200,174.56323049752422,174.7299463938712,171.4348196465868
2024-12-13,175.0,176.13999938964844,171.63999938964844,173.38999938964844,170.042236328125,8351100,171.62115152068236,172.73914013773572,168.32602481291818
2024-12-16,173.83999633789062,174.27000427246094,170.92999267578125,171.22999572753906,167.92393493652344,9572000,170.48354238622724,170.9052478480546,167.6297242596494
2024-12-17,170.75,172.99000549316406,169.27000427246094,169.7100067138672,166.43331909179688,8940200,167.45323263605889,169.6499890691649,166.00181202777793
2024-12-18,169.41000366210938,171.22999572753906,165.36000061035156,165.41000366210938,162.21632385253906,8817900,166.13909321983576,167.92394550058341,162.16728624261233
2024-12-19,167.5500030517578,171.0,167.39999389648438,168.7899932861328,165.53103637695312,8386400,164.31498757810374,167.69837280859994,164.16787476380114
2024-12-20,167.72999572753906,171.25999450683594,165.6300048828125,169.66000366210938,166.38426208496094,13810500,164.4915181318773,167.9533608135729,162.43207324479084
2024-12-23,169.58999633789062,169.6199951171875,167.1699981689453,169.13999938964844,165.87428283691406,6518200,166.31559134665645,166.34501091636088,163.9423179507183
2024-12-24,169.6999969482422,171.77000427246094,169.02999877929688,171.41000366210938,168.10047912597656,2451500,166.42348862502337,168.4535289701679,165.76642654692407
2024-12-26,170.5,172.5500030517578,170.5,171.67999267578125,168.365234375,4100100,167.20802472976263,169.21844678826358,167.20802472976263
2024-12-27,170.3800048828125,171.14999389648438,167.1999969482422,168.9600067138672,165.69778442382812,4344300,167.09036575154192,167.84548807946763,163.9717563275921
2024-12-30,166.50999450683594,167.91000366210938,164.5500030517578,166.91000366210938,163.6873779296875,5254800,163.2950919771503,164.668070364762,161.3729431843445
2024-12-31,167.1999969482422,167.3000030517578,165.83999633789062,166.63999938964844,163.4225616455078,4307500,163.9717469304083,164.06982214450196,162.63800482528853
2025-01-02,168.52000427246094,168.69000244140625,164.89999389648438,166.02999877929688,162.82432556152344,5360800,165.26625453851435,165.4329704176249,161.71613858159247
2025-01-03,166.6999969482422,167.1999969482422,165.27000427246094,166.32000732421875,163.10874938964844,5876000,163.48140228542835,163.97174843203382,162.07901948894158
2025-01-06,167.30999755859375,168.0500030517578,165.19000244140625,165.69000244140625,162.49090576171875,6845400,164.07962246183737,164.80534013388217,162.00055962324492
2025-01-07,165.5800018310547,166.16000366210938,161.32000732421875,162.02999877929688,158.9015655517578,7712200,162.38302606454965,162.95182937055358,158.2052824277052
2025-01-08,162.17999267578125,163.97999572753906,161.42999267578125,163.13999938964844,159.99014282226562,7596200,159.04867162061936,160.81392077109544,158.31315238826906
2025-01-10,159.1999969482422,159.1999969482422,153.9199981689453,154.5,151.88938903808594,13593900,156.5099693937453,156.5099693937453,151.319187589802
2025-01-13,153.74000549316406,154.14999389648438,152.4199981689453,153.9199981689453,151.31918334960938,8828500,151.1422320435274,151.54529279658917,149.84452912842573
2025-01-14,156.4199981689453,157.25,154.35000610351562,156.30999755859375,153.6687774658203,7410200,153.77691936062703,154.59289638490378,151.741904614118
2025-01-15,158.6699981689453,159.14999389648438,157.25999450683594,158.30999755859375,155.63499450683594,10701200,155.98891209813516,156.46079721954825,154.60273361546675
2025-01-16,160.14999389648438,161.5,158.41000366210938,159.5399932861328,156.84420776367188,9210600,157.443901047439,158.77109577410718,155.73331184528442
2025-01-17,161.77000427246094,163.16000366210938,160.5399932861328,161.02999877929688,158.30902099609375,11618300,159.03652236877335,160.40303447352724,157.82729528974366
2025-01-21,163.8699951171875,173.3699951171875,162.75,172.57000732421875,169.654052734375,30232000,161.1010466086446,170.44052295199623,159.99997630320857
2025-01-22,191.50999450683594,191.99000549316406,180.57000732421875,184.22000122070312,181.107177734375,48028500,188.2739897037893,188.7458897930268,177.51885893641762
2025-01-23,181.63999938964844,186.57000732421875,181.5,186.47000122070312,183.31918334960938,17314600,178.5707949469189,183.4174996316196,178.4331611526797
2025-01-24,188.63999938964844,189.10000610351562,181.8699951171875,183.60000610351562,180.4976806640625,12147200,185.4525121916634,185.90474608154744,178.7969020138727
2025-01-27,168.89999389648438,172.52000427246094,152.66000366210938,158.27999877929688,155.60549926757812,42201600,166.04604548424487,169.60488757580373,150.08046671238645
2025-01-28,162.99000549316406,165.8300018310547,156.75,164.0,161.22885131835938,20319300,160.23592293924344,163.0279311545267,154.10135636678555
2025-01-29,164.02999877929688,164.02999877929688,160.00999450683594,162.02000427246094,159.28231811523438,9866600,161.2583493212904,161.2583493212904,157.30627190822025
2025-01-30,164.77999877929688,171.49000549316406,164.10000610351562,170.3800048828125,167.50106811523438,14981700,161.9956861636617,168.59231287702627,161.32718342719193
2025-01-31,170.41000366210938,173.0,169.1300048828125,170.05999755859375,167.18646240234375,8704600,167.5305543881492,170.07678708004232,166.27218398439666
2025-02-03,163.1999969482422,169.89999389648438,163.1999969482422,168.60000610351562,165.7511444091797,8250600,160.44238008590273,167.02916609721117,160.44238008590273
2025-02-04,170.39999389648438,170.39999389648438,166.35000610351562,167.88999938964844,165.05311584472656,6777000,167.5206982833025,167.5206982833025,163.53914424915664
2025-02-05,168.99000549316406,171.88999938964844,168.52000427246094,171.66000366210938,168.75941467285156,7866700,166.13453223922585,168.98552409571485,165.67247276579423
2025-02-06,173.0,175.64999389648438,171.57000732421875,172.35000610351562,169.4377899169922,7036900,170.07680079822012,172.68201746902284,168.6709708591348
2025-02-07,175.0,177.38999938964844,173.17999267578125,174.4600067138672,171.51211547851562,9991300,172.04298437273007,174.39259938783934,170.25373013479395
2025-02-10,176.0,179.99000549316406,174.9199981689453,178.9199981689453,175.89675903320312,7625900,173.02610052908562,176.94868627665272,171.96434765754208
2025-02-11,177.6199951171875,179.1199951171875,176.4499969482422,177.19000244140625,174.1959686279297,6528800,174.61869558559425,176.09334962556076,173.46846723453518
2025-02-12,174.88999938964844,174.88999938964844,170.7100067138672,172.22000122070312,169.30996704101562,7454800,171.93484974209275,171.93484974209275,167.8254871991134
2025-02-13,173.0,174.3800048828125,172.10000610351562,173.86000061035156,170.92222595214844,6421700,170.076757079921,171.43344352629794,169.19197070243092
2025-02-14,174.25,175.02999877929688,172.80999755859375,174.16000366210938,171.21719360351562,7260900,171.3056692585697,172.07248827095603,169.88999877386914
2025-02-18,176.75,182.24000549316406,176.08999633789062,179.8000030517578,176.7618865966797,11430500,173.7634200538335,179.16065983095666,173.1145686050291
2025-02-19,178.5800018310547,181.67999267578125,175.6999969482422,181.52000427246094,178.4528045654297,8688500,175.56248025543985,178.61008959517,172.7311397067222
2025-02-20,179.80999755859375,180.27000427246094,174.42999267578125,176.0,173.02606201171875,8737000,176.77168061306955,177.22391442102062,171.48258368990554
2025-02-21,176.1199951171875,176.8800048828125,167.5500030517578,167.80999755859375,164.97447204589844,9713900,173.14405359572845,173.8912212952568,164.71887072819317
2025-02-24,173.57000732421875,174.1699981689453,164.66000366210938,169.9600067138672,167.088134765625,10639100,170.63713596978414,171.22698856546324,161.87768766520088
2025-02-25,169.2899932861328,170.60000610351562,164.44000244140625,168.5399932861328,165.692138671875,8316100,166.42946576902833,167.71734303286104,161.6614262080117
2025-02-26,170.97999572753906,173.8699951171875,169.1300048828125,172.47000122070312,169.55572509765625,6915100,168.09089666369786,170.93206288724633,166.2721656560936
2025-02-27,173.0,174.86000061035156,164.5800018310547,164.75999450683594,161.97601318359375,7436800,170.07678571875095,171.90535754096777,161.79906187868167
2025-02-28,163.11000061035156,166.14999389648438,160.80999755859375,166.05999755859375,163.25404357910156,12843300,160.3538934079165,163.34251922816793,158.09275403682113
2025-03-03,166.9499969482422,167.1199951171875,161.1300048828125,162.02000427246094,159.28231811523438,8081800,164.12900766579773,164.29613333985597,158.40735723283646
2025-03-04,159.22000122070312,159.75999450683594,153.52000427246094,157.47000122070312,154.80918884277344,13171900,156.52961862860386,157.06048750495322,150.9259360406619
2025-03-05,158.05999755859375,162.49000549316406,157.0500030517578,161.55999755859375,158.830078125,7141000,155.3892184949057,159.74437148435152,154.3962901162803
2025-03-06,157.16000366210938,157.16000366210938,149.72999572753906,150.94000244140625,148.38954162597656,12321200,154.50444234894061,154.50444234894061,147.19998061676162
2025-03-07,150.6199951171875,156.47999572753906,148.5,155.16000366210938,152.53822326660156,12646500,148.07492846953724,153.83591107038075,145.99075548115633
2025-03-10,150.52999877929688,152.52000427246094,146.8000030517578,148.7899932861328,146.27584838867188,21486100,147.98645253678862,149.94283236705655,144.31948355936112
2025-03-11,143.4199981689453,145.77999877929688,137.6999969482422,144.17999267578125,141.74374389648438,27200200,140.99659122474074,143.31671425915818,135.373242429474
2025-03-12,146.22999572753906,152.22999572753906,145.00999450683594,150.88999938964844,148.34036254882812,15373900,143.75910046709737,149.6577165376998,142.5597139993317
2025-03-13,149.7899932861328,150.1699981689453,145.47999572753906,147.66000366210938,145.1649627685547,14187700,147.25896152786876,147.63254539145566,143.02179086818543
2025-03-14,148.9199981689453,150.8800048828125,147.8800048828125,149.27000427246094,146.7477569580078,9330000,146.40366498277896,148.33055304233608,145.3812446865163
2025-03-17,150.39999389648438,155.75,150.39999389648438,154.00999450683594,151.4076385498047,9885000,147.85863727019992,153.11824261564644,147.85863727019992
2025-03-18,152.3699951171875,152.4199981689453,148.6300048828125,149.4499969482422,146.9247283935547,9402500,149.79538711983452,149.84454526602644,146.11859179965532
2025-03-19,150.05999755859375,154.07000732421875,150.0,152.4499969482422,149.87400817871094,6909500,147.52439325419968,151.46664480185981,147.4654094905566
2025-03-20,151.5800018310547,154.49000549316406,150.82000732421875,152.72000122070312,150.1394805908203,7051600,149.01874385124736,151.87957697627525,148.27159102518547
2025-03-21,151.64999389648438,153.83999633789062,150.11000061035156,152.22999572753906,149.65773010253906,17620200,149.08752869725018,151.2405261583188,147.57355703565804
2025-03-24,156.33999633789062,156.60000610351562,154.02999877929688,154.8699951171875,152.2531280517578,7848300,153.698290388869,153.95390672120283,151.42732528796813
2025-03-25,154.50999450683594,155.60000610351562,153.0500030517578,153.92999267578125,151.32899475097656,8521200,151.899196129678,152.97078949705946,150.46387455653047
2025-03-26,152.88999938964844,153.02999877929688,146.55999755859375,147.8000030517578,145.30258178710938,13210000,150.30657092047525,150.4442046981783,144.08352904105604
2025-03-27,145.85000610351562,147.0399932861328,144.9199981689453,145.77999877929688,143.3167266845703,9148300,143.38555108184696,144.55543082692424,142.47125766649935
2025-03-28,143.77999877929688,145.64999389648438,139.11000061035156,140.8699951171875,138.48968505859375,13144500,141.35051777424502,143.18891518900298,136.7594295506426
2025-03-31,138.63999938964844,140.58999633789062,136.75999450683594,139.80999755859375,137.44757080078125,15509900,136.2973425698173,138.2143896214239,134.44910489906067
2025-04-01,139.75999450683594,143.25,138.75999450683594,141.94000244140625,139.54161071777344,9518500,137.39843886110785,140.82947295687677,136.41533608304937
2025-04-02,139.86000061035156,147.88999938964844,139.86000061035156,145.86000061035156,143.39535522460938,11594400,137.49673923840734,145.3910524331979,137.49673923840734
2025-04-03,139.25,141.39999389648438,136.63999938964844,137.22999572753906,134.91119384765625,14433800,136.8970657157582,139.01073074797006,134.3311667924299
2025-04-04,132.91000366210938,133.82000732421875,126.94999694824219,128.27000427246094,126.10258483886719,14986900,130.6641806695072,131.55880770764995,124.80488210209447
2025-04-07,118.86000061035156,134.11000061035156,118.86000061035156,127.16000366210938,125.01134490966797,19482700,116.85158937040504,131.84390578255457,116.85158937040504
2025-04-08,132.5399932861328,132.99000549316406,121.69999694824219,124.5,122.39630126953125,11950300,130.30044135350332,130.74284962391908,119.64361036930188
2025-04-09,123.4000015258789,140.58999633789062,123.4000015258789,139.69000244140625,137.3296356201172,17762000,121.31488974795565,138.214422159629,121.31488974795565
2025-04-10,136.64999389648438,136.64999389648438,129.25999450683594,133.35000610351562,131.5677032470703,12401600,134.82358472282542,134.82358472282542,127.53235710984323
2025-04-11,132.11000061035156,133.0,128.83999633789062,132.35000610351562,130.58106994628906,10190200,130.34427226857807,131.22237628967602,127.11797353842981
2025-04-14,136.8000030517578,136.8000030517578,132.8699951171875,134.63999938964844,132.84043884277344,8217700,134.97157250050776,134.97157250050776,131.09409195200413
2025-04-15,134.75999450683594,136.47999572753906,133.72000122070312,133.94000244140625,132.14979553222656,8630000,132.95882779898335,134.65583993492484,131.93273479008212
2025-04-16,132.27999877929688,132.5399932861328,127.8499984741211,129.75999450683594,128.02566528320312,8295200,130.51198801097829,130.76850751711848,126.14119762654246
2025-04-17,130.89999389648438,131.3000030517578,128.44000244140625,128.6199951171875,126.9009017944336,8925500,129.15042684626837,129.5450896083372,126.72331484263637
2025-04-21,126.88999938964844,127.19999694824219,121.23999786376953,122.81999969482422,121.17842864990234,12201200,125.19403008981315,125.4998843247019,119.61954459496904
2025-04-22,124.5,127.98999786376953,123.38999938964844,127.23999786376953,125.53935241699219,11233700,122.8359764093169,126.2793281784941,121.74081168010026
2025-04-23,134.91000366210938,135.8699951171875,130.99000549316406,131.39999389648438,129.64373779296875,9528900,133.1068337354536,134.05399420932457,129.2392291816511
2025-04-24,132.50999450683594,137.86000061035156,132.0,137.50999450683594,135.6720733642578,7305900,130.73890200275676,136.01740138150058,130.2357239436276
2025-04-25,137.49000549316406,139.0,136.75999450683594,138.49000549316406,136.6389923095703,5476400,135.6523579901983,137.14217039270582,134.9321040975684
2025-04-28,139.64999389648438,140.6699981689453,138.0800018310547,140.13999938964844,138.26690673828125,6985100,137.7834505935714,138.78982162416398,136.2344428339307
2025-04-29,139.80999755859375,141.16000366210938,139.5500030517578,140.7899932861328,138.90823364257812,4851500,137.9413362636354,139.2732985634342,137.68481677060615
2025-04-30,138.47999572753906,141.3000030517578,135.57000732421875,140.72000122070312,138.8391876220703,9443500,136.62912124741115,139.41143735447793,133.75802671641424
2025-05-01,146.55999755859375,148.63999938964844,145.33999633789062,145.49000549316406,143.54542541503906,11525800,144.60111625580984,146.65331734474879,143.39742124157792
2025-05-02,148.3300018310547,153.05999755859375,148.3300018310547,150.72999572753906,148.71536254882812,11346000,146.34744658951362,151.01422194554092,146.34744658951362
2025-05-05,149.44000244140625,150.82000732421875,148.52000427246094,149.2899932861328,147.29461669921875,5187400,147.44262086574736,148.80418091262425,146.53491918611059
2025-05-06,146.97999572753906,148.94000244140625,145.72000122070312,147.6999969482422,145.7258758544922,5108600,145.01549798941997,146.94930774541524,143.77234425296552
2025-05-07,147.5,149.89999389648438,147.24000549316406,149.3699951171875,147.37355041503906,6049600,145.52854921876468,147.89646535360714,145.27202973819058
2025-05-08,149.0500030517578,151.80999755859375,148.61000061035156,150.3000030517578,148.2911376953125,6113600,147.05784482534955,149.78095006248367,146.62372332634746
2025-05-09,150.0399932861328,151.8000030517578,149.7899932861328,150.33999633789062,148.33059692382812,4707100,148.03460362310864,149.77108962474577,147.78794504831652
2025-05-12,156.30999755859375,157.42999267578125,154.4199981689453,157.22000122070312,155.11865234375,7875500,154.2208114800031,155.32583712470986,152.3560731771378
2025-05-13,158.22000122070312,163.22000122070312,157.57000732421875,162.27000427246094,160.10113525390625,11955200,156.1052637477991,161.0384347294516,155.4639575421215
2025-05-14,162.36000061035156,163.41000366210938,161.05999755859375,162.9499969482422,160.7720489501953,7499400,160.18993835251354,161.22590733193414,158.9073108091758
2025-05-15,161.36000061035156,161.74000549316406,158.91000366210938,159.39999389648438,157.26950073242188,10169200,159.20331057636872,159.57823642633215,156.78605956256862
2025-05-16,160.0,160.83999633789062,158.52000427246094,160.49000549316406,158.34494018554688,8515500,157.8614839711413,158.69025314882717,156.40126945976465
2025-05-19,158.3000030517578,161.97000122070312,157.8300018310547,159.63999938964844,157.5063018798828,10268900,156.18421550729025,159.80516164677013,155.72049617357055
2025-05-20,158.6300048828125,160.36000061035156,157.52999877929688,160.30999755859375,158.16734313964844,7576400,156.50980473238056,158.2166778659029,155.4245009741613
2025-05-21,158.35000610351562,160.89999389648438,156.4600067138672,157.17999267578125,155.07916259765625,6011000,156.2335379065757,158.74944317438892,154.36879979540055
2025-05-22,156.97999572753906,159.19000244140625,156.82000732421875,157.30999755859375,155.20742797851562,7603300,154.88183687673506,157.06230514447384,154.7239868419559
2025-05-23,154.99000549316406,157.3800048828125,154.25999450683594,155.97000122070312,153.88536071777344,6527500,152.91846327048273,155.27651876392906,152.19820935575666
2025-05-27,159.32000732421875,162.39999389648438,158.9199981689453,161.91000366210938,159.74595642089844,6976800,157.19057730432203,160.22939757250563,156.79591456798101
2025-05-28,161.8699951171875,164.32000732421875,161.27999877929688,163.85000610351562,161.66004943847656,8090700,159.7065025235237,162.1237688021915,159.12439185157376
2025-05-29,165.0,165.32000732421875,161.49000549316406,162.89999389648438,160.7227325439453,6994700,162.79467073892445,163.11040096304708,159.33158952658633
2025-05-30,163.42999267578125,165.75,161.5500030517578,165.52999877929688,163.31756591796875,17547900,161.24562797458526,163.53462665698393,159.3907658250608
2025-06-02,164.1699981689453,167.0,162.60000610351562,166.57000732421875,164.34368896484375,7166000,161.97575751990294,164.76793450400737,160.42674943721715
2025-06-03,166.8000030517578,169.3300018310547,166.58999633789062,169.13999938964844,166.8793182373047,7155300,164.57059768064093,167.06678115559555,164.36339786178155
2025-06-04,169.7100067138672,170.47999572753906,167.57000732421875,168.10000610351562,165.85324096679688,6375800,167.44172287928944,168.20142049255227,165.3303259634464
2025-06-05,169.0,172.25999450683594,168.75999450683594,171.13999938964844,168.85256958007812,7707800,166.74117307937325,169.95759502198945,166.50437546117402
2025-06-06,174.0,174.7899932861328,172.66000366210938,174.02000427246094,171.694091796875,6833700,171.6743548970479,172.4537893095183,170.35226865065837
2025-06-09,174.86000061035156,178.72000122070312,173.7899932861328,177.14999389648438,174.7822723388672,9668900,172.52288625937953,176.33129552357002,171.46718025887316
2025-06-10,177.7100067138672,177.85000610351562,174.27999877929688,177.47999572753906,175.10784912109375,11056700,175.33478584669504,175.47291404474413,171.9506224122258
2025-06-11,177.5500030517578,179.5500030517578,176.1999969482422,176.3800048828125,174.02255249023438,18002900,175.176912747249,177.15018123202827,173.84495049808547
2025-06-12,189.9600067138672,202.49000549316406,188.8800048828125,199.86000061035156,197.18873596191406,54610000,187.42106220770262,199.78358904322943,186.35549533463217
2025-06-13,201.5800018310547,216.60000610351562,201.1999969482422,215.22000122070312,212.3434295654297,53707400,198.88573867591907,213.70498968052766,198.5108128344065
2025-06-16,213.1999969482422,215.1699981689453,209.97999572753906,211.10000610351562,208.2785186767578,22665300,210.3504417924773,212.2941126791482,207.1734779601952
2025-06-17,210.66000366210938,215.8800048828125,207.47999572753906,208.17999267578125,205.3975372314453,17819200,207.84440132415398,212.99463397281855,204.7068961790057
2025-06-18,211.08999633789062,214.72000122070312,209.57000732421875,210.8699951171875,208.0515899658203,15055400,208.26865073701381,211.85013840686045,206.76897729675375
2025-06-20,213.35000610351562,213.8000030517578,204.63999938964844,205.1699981689453,202.42776489257812,20879100,210.49844158886157,210.94242402905311,201.90484989893213
2025-06-23,205.50999450683594,207.27000427246094,202.5399932861328,207.0399932861328,204.2727508544922,13418400,202.76320163894977,204.4996875741001,199.83289667822766
2025-06-24,209.99000549316406,216.3699951171875,208.5500030517578,215.27000427246094,212.3927764892578,19030600,207.1833484299013,213.47806521963076,205.7625925855595
2025-06-25,214.94000244140625,216.92999267578125,210.22999572753906,210.72000122070312,207.90359497070312,11804600,212.06719320287104,214.0305859576472,207.42013871124013
2025-06-26,212.0,214.4199981689453,210.36000061035156,212.82000732421875,209.9755096435547,10531100,209.16646232709647,211.55411542066412,207.548382749024
2025-06-27,213.69000244140625,214.64999389648438,209.9600067138672,210.24000549316406,207.42999267578125,14127500,210.83387786892834,211.78103832979573,207.15373628679126
2025-06-30,226.5,228.22000122070312,218.3800048828125,218.6300048828125,215.70785522460938,31844200,223.47266211040989,225.1696742588588,215.46119665715858
2025-07-01,219.3000030517578,223.1699981689453,216.30999755859375,218.9600067138672,216.033447265625,16962200,216.3688993056324,220.1871691285763,213.41885740654035
2025-07-02,217.67999267578125,231.89999389648438,216.72000122070312,229.97999572753906,226.90615844726562,22326900,214.7705532067538,228.80049454968602,213.82339268296613
2025-07-03,233.22000122070312,237.99000549316406,231.1999969482422,237.32000732421875,234.1480712890625,18441400,230.10286443003844,234.8091144973219,228.10985882665406
2025-07-07,235.11000061035156,235.25,229.5,232.25999450683594,229.15567016601562,16584300,231.96758385788965,232.10571205351732,226.43256500013698
2025-07-08,237.1300048828125,241.44000244140625,233.19000244140625,234.5,231.36573791503906,20401800,233.96059088063424,238.21298220496712,230.07324942117577
2025-07-09,235.50999450683594,236.50999450683594,232.0,235.80999755859375,232.65823364257812,10871600,232.36224033935946,233.34887464685852,228.89915933978187
2025-07-10,239.94000244140625,240.05999755859375,233.5,235.0,232.3517303466797,11486300,237.2360627516906,237.35470561599556,230.86863419553066
2025-07-11,231.3699951171875,234.0,229.8699951171875,230.55999755859375,227.96176147460938,10208200,228.76263097583427,231.3629977008573,227.2795348367262
2025-07-14,229.4499969482422,230.63999938964844,225.1199951171875,229.27999877929688,226.69619750976562,11337000,226.86427993600736,228.04087200653424,222.58307374472813
2025-07-15,232.41000366210938,235.60000610351562,229.1999969482422,234.9600067138672,232.31219482421875,10728800,229.79092827316808,232.9449819311601,226.6170957749119
2025-07-16,235.5,241.3300018310547,233.19000244140625,241.3000030517578,238.5807342529297,12597500,232.8460928552634,238.6103949686397,230.5621272245893
2025-07-17,243.33999633789062,251.60000610351562,242.00999450683594,248.75,245.94677734375,17631300,240.59774029404673,248.76466605357788,239.28272656858266
2025-07-18,248.5,249.67999267578125,245.0,245.4499969482422,242.68397521972656,9678100,245.69960721905784,246.86630233761244,242.23904937090208
2025-07-21,245.30999755859375,246.8000030517578,243.24000549316406,243.5399932861328,240.7954864501953,7348400,242.54554414731206,244.01875843420896,240.4988792869843
2025-07-22,241.97999572753906,242.2899932861328,235.41000366210938,238.11000061035156,235.4266815185547,11380900,239.2530647263033,239.5595688475561,232.75711148787346
2025-07-23,239.9499969482422,243.4199981689453,238.66000366210938,241.89999389648438,239.17398071289062,7255800,237.24595862005563,240.6768557923363,235.97050249305252
2025-07-24,242.41000366210938,244.0800018310547,240.55999755859375,242.8300018310547,240.09349060058594,8237900,239.67822549467826,241.3294040420376,237.8490675665962
2025-07-25,242.33999633789062,245.47000122070312,241.42999267578125,245.1199951171875,242.35768127441406,7149600,239.60901094348498,242.7037430783048,238.7092623228365
2025-07-28,246.0,247.77999877929688,243.4199981689453,247.7100067138672,244.91848754882812,6756800,243.2277514190501,244.9876908524527,240.6768244108206
2025-07-29,248.6999969482422,253.07000732421875,246.58999633789062,249.97999572753906,247.16290283203125,8415300,245.89732870882304,250.21809224347686,243.8111062720475
2025-07-30,248.63999938964844,251.0500030517578,245.60000610351562,250.60000610351562,247.77593994140625,8441400,245.83802097096813,248.22086577582706,242.8322860326538
2025-07-31,255.77000427246094,260.8699951171875,253.32000732421875,253.77000427246094,250.9102020263672,15548700,252.88766348991334,257.9301811698558,250.46527621443605
2025-08-01,247.8300018310547,248.41000366210938,242.0,244.4199981689453,241.66558837890625,12718200,245.03716414010182,245.61062983363232,239.27286157359057
2025-08-04,245.89999389648438,252.91000366210938,245.89999389648438,252.52999877929688,249.68418884277344,8614800,243.1288987814313,250.05991137625452,243.1288987814313
2025-08-05,255.41000366210938,258.489990234375,251.3699951171875,255.6699981689453,252.78880310058594,11197300,252.5317385225499,255.57701612549496,248.53725762177524
2025-08-06,256.8399963378906,256.8399963378906,251.72000122070312,256.42999267578125,253.5402069091797,9930200,253.94559011821858,253.94559011821858,248.88329374703318
2025-08-07,257.7099914550781,257.760009765625,246.52000427246094,249.38999938964844,246.57955932617188,11954200,254.80579126053888,254.85524590187606,243.7419069223212
2025-08-08,250.02999877929688,250.88999938964844,247.86000061035156,250.0500030517578,247.23214721679688,8313300,247.2123683758704,248.06267749368698,245.06682428382007
2025-08-11,248.39999389648438,254.69000244140625,245.55999755859375,252.67999267578125,249.83248901367188,9012100,245.60072243538474,251.81984755904045,242.7927306099483
2025-08-12,252.5800018310547,257.8699951171875,251.0800018310547,253.86000061035156,250.99920654296875,9998400,249.73363230044515,254.96401169950212,248.25053607059704
2025-08-13,257.1700134277344,257.6700134277344,242.63999938964844,244.17999267578125,241.4282684326172,14182100,254.27190145382033,254.76626683115325,239.90562970863883
2025-08-14,244.9499969482422,248.9199981689453,242.57000732421875,244.9600067138672,242.19949340820312,10285600,242.18959644503747,246.11485876594926,239.83642749722398
2025-08-15,246.9199981689453,250.6300048828125,242.92999267578125,248.27999877929688,245.48207092285156,11554000,244.13739649105324,247.80559423447028,240.19235534286895
2025-08-18,246.1999969482422,249.16000366210938,243.6199951171875,249.07000732421875,246.26319885253906,6759900,243.42553106780278,246.35218100776544,240.8746036767987
2025-08-19,249.25,249.25,232.22999572753906,234.6199951171875,231.9759979248047,16819300,246.44113326265202,246.44113326265202,229.6129320949872
2025-08-20,232.17999267578125,235.8800048828125,228.25,235.05999755859375,232.41104125976562,11256400,229.56349195065437,233.22180769404505,225.67778745219374
2025-08-21,233.0500030517578,235.9199981689453,232.42999267578125,233.16000366210938,230.532470703125,7403100,230.42370971459823,233.26136220593185,229.810686376159
2025-08-22,234.05999755859375,238.5,231.4600067138672,236.3699951171875,233.706298828125,9343600,231.4223330504327,235.81230030010178,228.851641973476
2025-08-25,237.35000610351562,239.02999877929688,235.27000427246094,235.41000366210938,232.7571258544922,6308600,234.6752660583407,236.33632659352804,232.61870414322655
2025-08-26,235.0,236.91000366210938,232.7100067138672,234.2100067138672,231.5706329345703,11805200,232.3517235798873,234.24020291152564,230.08753682661356
2025-08-27,235.0,236.52999877929688,232.67999267578125,235.80999755859375,233.15260314941406,5637600,232.35173363036887,233.864490518973,230.05787097582683
2025-08-28,235.5399932861328,241.9499969482422,235.1199951171875,240.32000732421875,237.61178588867188,8691500,232.8856389281726,239.22340678472858,232.47037381519166
2025-08-29,237.61000061035156,238.22000122070312,223.11000061035156,226.1300048828125,223.58169555664062,16618600,234.93232065867574,235.53544703645858,220.59572438410635
2025-09-02,222.0,225.4499969482422,218.7899932861328,225.3000030517578,222.76104736328125,10461900,219.4982327775987,222.9093509452891,216.3244003411209
2025-09-03,225.89999389648438,225.89999389648438,221.75,223.4499969482422,220.931884765625,8900800,223.35427210434827,223.35427210434827,219.25104549509257
2025-09-04,222.0,223.57000732421875,219.55999755859375,223.0,220.4869842529297,10303100,219.4982533818403,221.0505680911318,217.0857476424885
2025-09-05,232.5500030517578,234.6199951171875,225.88999938964844,232.8000030517578,230.17652893066406,15386100,229.92934623531045,231.97601110768457,223.34439561024956
2025-09-08,239.88999938964844,242.4199981689453,235.30999755859375,238.47999572753906,235.7925262451172,18803000,237.18664034885725,239.68812816441823,232.65825129611065
2025-09-09,239.94000244140625,243.49000549316406,234.55999755859375,241.50999450683594,238.78836059570312,41178700,237.23606114649087,240.7460583644942,231.91668482590836
2025-09-10,319.19000244140625,345.7200012207031,312.0899963378906,328.3299865722656,324.6299743652344,131618100,315.5929904300297,341.8240176765686,308.5729956271183
2025-09-11,330.3399963378906,331.0,304.6000061035156,307.8599853515625,304.3906555175781,69986000,326.6173351958634,327.26990115738016,301.16741356506026
2025-09-12,305.7900085449219,307.9700012207031,291.75,292.17999267578125,288.8873291015625,51781900,302.34396963830454,304.49939532573774,288.4621821416284
2025-09-15,306.45001220703125,307.0299987792969,297.2900085449219,302.1400146484375,298.7351379394531,40004000,302.9965652670561,303.5700158537664,293.9397875320376
2025-09-16,314.05999755859375,319.9700012207031,302.2699890136719,306.6499938964844,303.19427490234375,51923300,310.52077329489015,316.3641755798037,298.863629440269
2025-09-17,307.69000244140625,308.6600036621094,295.0299987792969,301.4100036621094,298.0133361816406,27707900,304.2225640264235,305.1816340518699,291.705229228052
2025-09-18,303.0400085449219,303.82000732421875,292.0,296.6199951171875,293.2773132324219,24673100,299.6249779886638,300.3961867745933,288.70938194855694
2025-09-19,299.0,311.1099853515625,297.32000732421875,308.6600036621094,305.1816711425781,40776200,295.630527405558,307.60404364755135,293.96946680094703
2025-09-22,309.6300048828125,329.5,306.9200134277344,328.1499938964844,324.4519958496094,44437500,306.1407128681622,325.78678842264526,303.4612609324939
2025-09-23,324.0,325.0,310.04998779296875,313.8299865722656,310.2933654785156,35280200,320.34877072490605,321.33750149874834,306.55596436033846
2025-09-24,311.8599853515625,312.4700012207031,300.0299987792969,308.4599914550781,304.98388671875,33765300,308.3455653224429,308.9487067861154,296.6488935186844
2025-09-25,295.2699890136719,298.75,288.54998779296875,291.3299865722656,288.0469055175781,39274900,291.9425069430677,295.3833006889265,285.2982353407082
2025-09-26,293.0,294.0,283.0,283.4599914550781,280.2655944824219,25990700,289.69809376560073,290.68682446104646,279.8107868111434
2025-09-29,284.6000061035156,285.9800109863281,279.6099853515625,282.760009765625,279.57354736328125,25778500,281.3928085231105,282.7572619364002,276.4590210183064
2025-09-30,283.69000244140625,284.0,275.8999938964844,281.239990234375,278.07061767578125,23880800,280.4930200060993,280.79952411500756,272.79079925868416
2025-10-01,278.79998779296875,289.989990234375,277.8800048828125,289.010009765625,285.7530822753906,23378300,275.65811964363957,286.72201909436825,274.7485042554701
2025-10-02,291.79998779296875,294.9700012207031,286.04998779296875,288.7799987792969,285.525634765625,16215500,288.5115904542421,291.6458798787017,282.82638923933007
2025-10-03,289.6000061035156,294.6400146484375,284.0,286.1400146484375,282.9154357910156,13688400,286.3364357918345,291.31964729977034,280.7995374689801
2025-10-06,292.3800048828125,296.67999267578125,290.79998779296875,291.5899963378906,288.30401611328125,14076800,289.08512190952007,293.3366523650246,287.52291031704243
2025-10-07,293.2200012207031,293.2200012207031,271.0,284.239990234375,281.0368347167969,31723400,289.91564821956524,289.91564821956524,267.9460484974408
2025-10-08,285.4200134277344,291.5299987792969,283.6000061035156,288.6300048828125,285.3773498535156,18982100,282.2035327208355,288.244662879776,280.40403558570426
2025-10-09,291.54998779296875,300.9700012207031,287.260009765625,296.9599914550781,294.12298583984375,26479800,288.7646666174215,298.094685999631,284.51567287113585
2025-10-10,300.2799987792969,307.7200012207031,292.010009765625,292.9599914550781,290.1612243652344,28895300,297.4113006538374,304.7802256970025,289.2203182409299
2025-10-13,298.70001220703125,310.70001220703125,297.739990234375,308.010009765625,305.0674743652344,21703700,295.8464187128292,307.7317782021797,294.8955681909379
2025-10-14,303.57000732421875,304.4200134277344,291.9800109863281,299.0,296.1435241699219,17346200,300.6698722450941,301.51175787406083,289.19060013599903
2025-10-15,304.8999938964844,311.010009765625,298.9200134277344,303.6199951171875,300.7193603515625,13698900,301.9871306577058,308.0387744672536,296.0642799548618
2025-10-16,305.6000061035156,322.5400085449219,303.07000732421875,313.0,310.009765625,32500900,302.68046730718675,319.45863403736973,300.1746387813038
2025-10-17,303.75,304.2799987792969,287.5,291.30999755859375,288.5270080566406,37653000,300.8481666667714,301.37310217652316,284.7534087792487
2025-10-20,288.95001220703125,289.239990234375,275.30999755859375,277.17999267578125,274.531982421875,32810700,286.1895582947406,286.47676604713627,272.67985210869904
2025-10-21,278.1099853515625,280.29998779296875,272.260009765625,275.1499938964844,272.5213928222656,18370800,275.4531064765402,277.6221870829557,269.6590176885328
2025-10-22,274.82000732421875,277.20001220703125,269.25,272.6600036621094,270.05517578125,16474000,272.1945440817873,274.5518118451394,266.6777492206355
2025-10-23,272.9599914550781,283.1000061035156,272.3900146484375,280.07000732421875,277.3943786621094,16872200,270.3522878179626,280.3954305660964,269.78775624373066
2025-10-24,285.9200134277344,287.19000244140625,282.25,283.3299865722656,280.6231994628906,13194900,283.18848255088835,284.4463387510418,279.5535305197876
2025-10-27,286.57000732421875,287.0,279.80999755859375,281.3999938964844,278.711669921875,13855800,283.83229219343207,284.2581769813516,277.13686343958994
2025-10-28,283.0,285.4599914550781,280.5400085449219,280.8299865722656,278.1471252441406,12448500,280.29640781909876,282.73289816582695,277.85991747237057
2025-10-29,281.4599914550781,281.6199951171875,271.3500061035156,275.29998779296875,272.6699523925781,18007100,278.7711074225907,278.9295825147248,268.7577062357614
2025-10-30,268.739990234375,269.760009765625,256.2799987792969,256.8900146484375,254.43582153320312,27954200,266.1725886375322,267.18286343458374,253.83163343727617
2025-10-31,259.510009765625,265.80999755859375,256.7099914550781,262.6099853515625,260.1011657714844,16898700,257.0308055081987,263.2706069654952,254.2575369069314
2025-11-03,265.239990234375,265.6199951171875,255.22999572753906,257.8500061035156,255.38665771484375,15709200,262.7060422526445,263.0824167907077,252.7916773880632
2025-11-04,249.97999572753906,255.27999877929688,245.19000244140625,248.1699981689453,245.7991180419922,19772600,247.5918238760698,252.84119360389275,242.84759156013533
2025-11-05,247.91000366210938,252.39999389648438,247.02999877929688,250.30999755859375,247.91867065429688,11991500,245.5416050069068,249.98870029280903,244.67000721679017
2025-11-06,247.94000244140625,249.07000732421875,239.2899932861328,243.8000030517578,241.4708709716797,18678300,245.57131906818117,246.6905285014848,237.00394737625606
2025-11-07,239.0,240.39999389648438,232.35000610351562,239.25999450683594,236.97422790527344,20969300,236.71671725187713,238.10333632864885,230.13025396768967
2025-11-10,245.9499969482422,247.24000549316406,237.07000732421875,240.8300018310547,238.5292510986328,16698700,243.60033273981523,244.87801728821677,234.8051774075164
2025-11-11,236.22999572753906,237.4499969482422,228.88999938964844,236.14999389648438,233.8939666748047,20686600,233.97320421912082,235.18155032216345,226.70332954954822
2025-11-12,236.74000549316406,236.80999755859375,226.1699981689453,226.99000549316406,224.82147216796875,24195000,234.47832621700618,234.5476496180775,224.00929872703313
2025-11-13,224.99000549316406,225.16000366210938,215.22000122070312,217.57000732421875,215.491455078125,30009000,222.84056639069817,223.008940484339,213.16389972747217
2025-11-14,210.8300018310547,227.0500030517578,210.77000427246094,222.85000610351562,220.7210235595703,36053800,208.8158515894353,224.88089611946816,208.75642721348203
2025-11-17,218.2100067138672,222.8000030517578,215.55999755859375,219.86000061035156,217.75958251953125,16143800,216.12535173148086,220.67149784050704,213.50065926480528
2025-11-18,216.2100067138672,223.6999969482422,214.5,220.49000549316406,218.38356018066406,21098300,214.1444502541113,221.56288506907134,212.4507800432013
2025-11-19,219.05999755859375,228.14999389648438,217.30999755859375,225.52999877929688,223.37542724609375,21679500,216.96723634120391,225.97039258042673,215.2339547387719
2025-11-20,231.16000366210938,234.0,210.3000030517578,210.69000244140625,208.6772003173828,27459600,228.9516437923061,231.7645085596671,208.2909267409707
2025-11-21,207.0800018310547,208.30999755859375,193.5500030517578,198.75999450683594,196.8611602783203,44834100,205.10168322376393,206.31992830704394,191.70094196863658
2025-11-24,196.86000061035156,203.82000732421875,194.3000030517578,200.27999877929688,198.36663818359375,31144700,194.97931272172713,201.87282751092232,192.44377191609706
2025-11-25,194.0800018310547,199.41000366210938,185.6300048828125,197.02999877929688,195.14768981933594,29595000,192.2258754104123,197.50495753246148,183.8566047732185
2025-11-26,209.5,210.0,202.24000549316406,204.9600067138672,203.00193786621094,26544100,207.49855869366425,207.99378198410258,200.30792195718513
2025-11-28,199.50999450683594,202.33999633789062,197.61000061035156,201.9499969482422,200.02069091796875,13848500,197.60399875878693,200.4069644933779,195.72215623510456
2025-12-01,200.5,203.5,196.6999969482422,200.94000244140625,199.0203399658203,13461200,198.58454104867837,201.55588081499275,194.8208409887437
2025-12-02,205.13999938964844,209.6999969482422,200.0,201.10000610351562,199.17881774902344,19664500,203.1802153722126,207.69664946019373,198.0893204413895
2025-12-03,200.3300018310547,207.9199981689453,199.39999389648438,207.72999572753906,205.74546813964844,19060500,198.41616933939397,205.93365541187117,197.4950461419395
2025-12-04,207.86000061035156,215.41000366210938,206.32000732421875,214.3300018310547,212.2824249267578,23316900,205.87423411503664,213.35210908512565,204.3489529767997
2025-12-05,219.0,219.5,213.6199951171875,217.5800018310547,215.50135803222656,24208700,216.90779029270885,217.4030135582173,211.57918311967302
2025-12-08,221.35000610351562,224.75,216.91000366210938,220.5399932861328,218.43309020996094,24711200,219.2353646644679,222.60287711623684,214.83777926798228
2025-12-09,220.02999877929688,222.6199951171875,218.27999877929688,221.52999877929688,219.41363525390625,17643600,217.92796534601828,220.49321842651437,216.19468378681566
2025-12-10,221.8000030517578,225.32000732421875,217.5800018310547,223.00999450683594,220.87948608398438,47928000,219.68105418699835,223.1674303758053,215.50136841567692
2025-12-11,190.6199951171875,201.99000549316406,186.22999572753906,198.85000610351562,196.95030212402344,100612700,188.79891615223946,200.06030368036522,184.45085641084097
2025-12-12,196.3699951171875,197.85000610351562,185.97999572753906,189.97000122070312,188.15513610839844,55201600,194.49398811107298,195.95985991601637,184.20324885348734
2025-12-15,188.2899932861328,188.97000122070312,181.39999389648438,184.9199981689453,183.1533660888672,43897500,186.49116597815788,187.16467746105278,179.66699015585746
2025-12-16,184.6999969482422,189.8000030517578,184.49000549316406,188.64999389648438,186.84774780273438,32433500,182.93548669759113,187.9867704773562,182.72750137181
2025-12-17,183.30999755859375,186.5,177.07000732421875,178.4600067138672,176.75509643554688,50222000,181.55875309373388,184.71827997901767,175.37837634746248
2025-12-18,182.72000122070312,184.75999450683594,178.5800018310547,180.02999877929688,178.3101043701172,36297300,180.97440820467443,182.99491266632592,176.87395978904445
2025-12-19,188.38999938964844,195.1199951171875,188.1199951171875,191.97000122070312,190.13601684570312,77008600,186.5902165429022,193.25591729242575,186.3227917548072
2025-12-22,196.82000732421875,198.8000030517578,192.8300018310547,198.3800048828125,196.48480224609375,27148000,194.93970796108377,196.90078800644136,190.98782056825766
2025-12-23,196.42999267578125,197.1999969482422,192.19000244140625,195.33999633789062,193.4738311767578,18301600,194.5534143210902,195.316062418809,190.35393049711385
2025-12-24,195.0,198.27999877929688,194.4199981689453,197.49000549316406,195.60330200195312,9282700,193.13708455844431,196.38574815633484,192.5626237241445
2025-12-26,198.05999755859375,200.3699951171875,196.11000061035156,197.99000549316406,196.09852600097656,11262000,196.16784940358133,198.45577861080451,194.2364815736537
2025-12-29,194.16000366210938,198.50999450683594,192.63999938964844,195.3800048828125,193.51345825195312,14748100,192.30511221146926,196.61354578036116,190.79962917343738
2025-12-30,196.05999755859375,198.3800048828125,195.7100067138672,197.2100067138672,195.3259735107422,14197400,194.18695089448133,196.48479417690953,193.8403036649356
2025-12-31,196.4199981689453,197.1999969482422,194.72999572753906,194.91000366210938,193.04794311523438,10341500,194.543511983856,195.31605909352973,192.86965487522457
2026-01-02,197.47000122070312,198.58999633789062,194.2100067138672,195.7100067138672,193.84030151367188,14540700,195.58348200605346,196.69277730911313,192.3546316843534
2026-01-05,198.33999633789062,201.69000244140625,192.3300018310547,192.58999633789062,190.75009155273438,22635500,196.4451590395415,199.7631609248871,190.492580898364
2026-01-06,192.55999755859375,194.8800048828125,190.6999969482422,193.75,191.89903259277344,16474500,190.7203986970888,193.0182421093506,188.87816737967754
2026-01-07,195.3000030517578,195.6699981689453,192.0,192.83999633789062,190.99771118164062,11171200,193.43421637124263,193.80067676262001,190.16573969758733
2026-01-08,190.8800048828125,190.9499969482422,186.14999389648438,189.64999389648438,187.8381805419922,19468500,189.0564406693542,189.12576406848842,184.37161764689495
2026-01-09,191.66000366210938,200.17999267578125,188.77999877929688,198.52000427246094,197.14321899414062,26152700,190.33079418293443,198.79169496774762,187.47076284555214
2026-01-12,197.60000610351562,206.60000610351562,197.00999450683594,204.67999267578125,203.26048278808594,25428500,196.22959779537723,205.1671804148495,195.6436780851804
2026-01-13,205.0,207.8000030517578,200.66000366210938,202.2899932861328,200.88705444335938,15857400,203.5782664871527,206.35885071854582,199.26836926262408
2026-01-14,201.67999267578125,201.67999267578125,190.80999755859375,193.61000061035156,192.26727294921875,22473200,200.2812978562516,200.2812978562516,189.4866885304706
2026-01-15,195.00999450683594,195.00999450683594,189.38999938964844,189.85000610351562,188.53334045410156,16418600,193.6575428196889,193.6575428196889,188.07652402213682
2026-01-16,189.91000366210938,191.8699951171875,186.52999877929688,191.08999633789062,189.76473999023438,19224700,188.59293085526497,190.5393292852399,185.23636714159738
2026-01-20,187.19000244140625,187.19000244140625,179.36000061035156,179.9199981689453,178.6721954345703,29129500,185.89177990210453,185.89177990210453,178.11608163815959
2026-01-21,179.67999267578125,180.60000610351562,170.60000610351562,173.8800048828125,172.67410278320312,38190000,178.43386618428758,179.34749908468692,169.416851630451
2026-01-22,179.3699951171875,180.16000366210938,176.5,178.17999267578125,176.9442596435547,21141900,178.12600905215297,178.91053864492068,175.27591823350863
2026-01-23,172.6199951171875,179.64999389648438,172.0,177.16000366210938,175.9313507080078,23011300,171.42282836084536,178.40407218084573,170.8071330789283
2026-01-26,179.10000610351562,185.30999755859375,178.52999877929688,182.44000244140625,181.17474365234375,21100400,177.85791087324176,184.0248347654861,177.2918566665803
2026-01-27,179.19000244140625,179.72000122070312,173.67999267578125,174.89999389648438,173.68701171875,27093700,177.94726781033333,178.47359089439897,172.47547156030626
2026-01-28,174.9199981689453,181.67999267578125,171.86000061035156,172.8000030517578,171.60157775878906,35882700,173.7068700072003,180.41998171163897,170.66809454586277
2026-01-29,170.14999389648438,170.22999572753906,161.52000427246094,169.00999450683594,167.83786010742188,37254500,168.96995326345484,169.04940025810197,160.3998151750428
2026-01-30,168.1699981689453,168.89999389648438,163.24000549316406,164.5800018310547,163.43858337402344,27362400,167.0036818626301,167.7286148207701,162.10788036785846
2026-02-02,170.9199981689453,171.1999969482422,160.0,160.05999755859375,158.94993591308594,47421000,169.73461932781322,170.01267623587165,158.89035445463986
2026-02-03,158.25999450683594,159.3800048828125,151.89999389648438,154.6699981689453,153.59732055664062,43260100,157.16241931422803,158.27466212008704,150.84652700121748
2026-02-04,153.88999938964844,153.94000244140625,144.42999267578125,146.6699981689453,145.65280151367188,42323400,152.822730046133,152.87238631301568,143.42833107282857
2026-02-05,145.60000610351562,146.5500030517578,135.25,136.47999572753906,135.53347778320312,42789000,144.59023893772877,145.53364745406353,134.31201233895845
2026-02-06,139.75,143.1999969482422,138.91000366210938,142.82000732421875,141.8295135498047,29962400,138.78079752222578,142.20686784727977,137.94662677669297
2026-02-09,148.49000549316406,159.75,147.0,156.58999633789062,155.50399780273438,49936500,147.4601828210762,158.6420858927868,145.9805109623766
2026-02-10,160.0,165.38999938964844,156.9600067138672,159.88999938964844,158.78111267089844,40092200,158.89035039291215,164.2429684656548,155.87144040275126
2026-02-11,163.66000366210938,163.66000366210938,154.0,157.16000366210938,156.07005310058594,24538900,162.52497370070802,162.52497370070802,152.93196498750734
2026-02-12,157.92999267578125,159.0399932861328,152.5,156.47999572753906,155.39476013183594,23285400,156.8347009173426,157.93700334130293,151.44236686564787
2026-02-13,159.25,162.3000030517578,155.2899932861328,160.13999938964844,159.02938842773438,18597000,158.1455614065261,161.17441192402597,154.21301832999148
2026-02-17,157.97999572753906,159.27999877929688,152.8800048828125,153.97000122070312,152.9021759033203,19610800,156.88435996901177,158.17534713351662,151.81973899698275
2026-02-18,154.41000366210938,157.3000030517578,151.3699951171875,156.1699981689453,155.08692932128906,14801100,153.3391407134398,156.20909740381583,150.32021521001258
2026-02-19,157.19000244140625,160.0800018310547,155.77000427246094,156.5399932861328,155.454345703125,14976300,156.0998468674784,158.9698033224978,154.68969677344117
2026-02-20,153.3000030517578,153.99000549316406,147.38999938964844,148.0800018310547,147.0530242919922,29621900,152.23682329807312,152.9220403734579,146.36780721660742
2026-02-23,145.69000244140625,145.8000030517578,138.58999633789062,141.30999755859375,140.32997131347656,31749800,144.67959957883056,144.78883730271278,137.62883409835757
2026-02-24,140.83999633789062,146.75999450683594,138.72999572753906,146.13999938964844,145.12648010253906,21336600,139.8632339642692,145.7421753907146,137.76786676245285
2026-02-25,149.16000366210938,153.27999877929688,147.33999633789062,147.88999938964844,146.8643341064453,27303900,148.12553048589686,152.2169520959094,146.31814550487462
2026-02-26,148.7899932861328,152.5,145.14999389648438,150.30999755859375,149.26754760742188,20652200,147.7580850714079,151.44236165168095,144.1433302912175
2026-02-27,143.8800048828125,146.0800018310547,142.10000610351562,145.39999389648438,144.3916015625,36425200,142.8821541260872,145.06689343918134,141.11450016934114
2026-03-02,141.6199951171875,150.1699981689453,141.17999267578125,149.25,148.21490478515625,22418800,140.63781636159624,149.12852248038405,140.2008654741037
2026-03-03,144.75,150.92999267578125,143.0500030517578,149.00999450683594,147.97657775878906,20120800,143.74612724116352,149.8832603224921,142.0579201418087
2026-03-04,150.00999450683594,153.61000061035156,149.10000610351562,152.3699951171875,151.31326293945312,17585400,148.96962964986253,152.5446686180396,148.06595229240406
2026-03-05,152.58999633789062,157.94000244140625,150.1199951171875,154.7899932861328,153.7164764404297,24094800,151.5317371566805,156.84463930047102,149.07886616425014
2026-03-06,152.9199981689453,159.19000244140625,151.6199951171875,152.9600067138672,151.89918518066406,38000600,151.85945410648029,158.08597410034844,150.56846694887784
2026-03-09,150.6999969482422,152.0,146.42999267578125,151.55999755859375,150.50888061523438,31173500,149.65484438352757,150.94583149931196,145.41445395318397
2026-03-10,153.6199951171875,154.13999938964844,148.4499969482422,149.39999389648438,148.36386108398438,51544600,152.55459535748406,153.0709932476736,147.42045264344006
2026-03-11,166.3800048828125,171.75999450683594,160.5800018310547,163.1199951171875,161.98870849609375,83247500,165.22610910561966,170.56878687048746,159.4663308334791
2026-03-12,164.66000366210938,167.8300018310547,158.61000061035156,159.16000366210938,158.0561981201172,37133700,163.5180545517503,166.66606816762652,157.51000944636058
2026-03-13,159.0500030517578,160.77000427246094,154.14999389648438,155.11000061035156,154.03427124023438,26350400,157.94694871015022,159.65502126202176,153.08092242987794
2026-03-16,156.05999755859375,158.74000549316406,154.50999450683594,155.97000122070312,154.8883056640625,21607700,154.97767785219324,157.63909918259674,153.43842450487054
2026-03-17,155.44000244140625,158.9199981689453,153.5,154.69000244140625,153.6171875,23929500,154.3619860571572,157.81784711953617,152.4354380315028
2026-03-18,153.39999389648438,154.97000122070312,152.0399932861328,152.89999389648438,151.83958435058594,18051100,152.3361166933321,153.89523552297797,150.98554811494398
2026-03-19,150.4600067138672,156.9199981689453,148.88999938964844,155.52000427246094,154.44143676757812,22046100,149.41653147230454,155.83172137983988,147.8574125150856
2026-03-20,153.0500030517578,153.25,147.9499969482422,149.67999267578125,148.6419219970703,37551400,151.98856045208595,152.1871703681397,146.92392425140545
2026-03-23,151.4199981689453,155.77999877929688,150.7100067138672,154.33999633789062,153.2696075439453,19927900,150.36986033646522,154.69962318664022,149.66479286036432
2026-03-24,153.0,153.89999389648438,146.85000610351562,147.08999633789062,146.06988525390625,26122100,151.93890135471162,152.83265353678863,145.83155942026704
2026-03-25,149.22999572753906,149.83999633789062,144.60000610351562,146.02000427246094,145.00732421875,20683800,148.19505369448265,148.80082381974464,143.59717404172306
2026-03-26,143.88999938964844,146.47000122070312,142.5399932861328,142.80999755859375,141.81956481933594,16961900,142.89207649430756,145.45418519235682,141.5514331123519
2026-03-27,140.92999267578125,141.69000244140625,138.3000030517578,139.66000366210938,138.69142150878906,17929600,139.95260278465986,140.707341664734,137.34085289245976
2026-03-30,140.0399932861328,141.1999969482422,136.9499969482422,138.8000030517578,137.83738708496094,20125700,139.06877764806765,140.2207363676544,136.00021127953437
2026-03-31,140.3000030517578,147.39999389648438,139.85000610351562,147.11000061035156,146.08975219726562,24492000,139.32698384928602,146.37773430000672,138.88010775394596
2026-04-01,149.08999633789062,149.64999389648438,144.6699981689453,145.22999572753906,144.22279357910156,20495900,148.05602423130335,148.6121380829445,143.66667972746043
2026-04-02,142.77999877929688,146.44000244140625,140.3000030517578,146.3800048828125,145.3648223876953,14381900,141.7897832404353,145.42440384798874,139.3269869128592
2026-04-06,147.44000244140625,148.5500030517578,143.85000610351562,145.5399932861328,144.53062438964844,12556700,146.4174563411783,147.51975872325687,142.85235783762272
2026-04-07,143.77999877929688,144.57000732421875,139.94000244140625,143.1699981689453,142.1770782470703,17250400,142.78284834987056,143.56737798697142,138.96948335173397
2026-04-08,150.3000030517578,151.4600067138672,142.89999389648438,143.66000366210938,142.66368103027344,23527000,149.25763015193746,150.40958886157495,141.90894214666574
2026-04-09,142.1999969482422,142.8000030517578,136.0,137.86000061035156,137.38204956054688,30407800,141.70699943248175,142.30492535649793,135.52849744316222
2026-04-10,137.32000732421875,140.1699981689453,134.57000732421875,138.08999633789062,137.6112518310547,26171800,136.84393229395891,139.6840424992646,134.10346627490406
2026-04-13,139.77000427246094,155.91000366210938,139.72000122070312,155.6199951171875,155.08047485351562,49997700,139.28543447471924,155.3694779653856,139.23560477896012
2026-04-14,167.92999267578125,169.39999389648438,161.55999755859375,163.0,162.4348907470703,59779800,167.34779149353895,168.81269632594982,160.99988069035047
2026-04-15,166.88999938964844,172.55999755859375,166.2100067138672,169.80999755859375,169.22128295898438,43010800,166.31140813717766,171.9617489788171,165.63377292928178
2026-04-16,176.4199981689453,180.27000427246094,173.8000030517578,178.33999633789062,177.72171020507812,46997300,175.80836846916668,179.64502700380305,173.19745660129092
2026-04-17,182.92999267578125,184.5,173.36000061035156,175.05999755859375,174.4530792236328,45282600,182.29578972754894,183.86035396799997,172.75897602228687
2026-04-20,176.80999755859375,177.75999450683594,173.50999450683594,177.5800018310547,176.96435546875,22330900,176.19702069918586,177.1437241337477,172.90845832122835
2026-04-21,178.35000610351562,185.33999633789062,176.00999450683594,181.1699981689453,180.54190063476562,39638000,177.73168518842633,184.69744185391838,175.39978616849046
2026-04-22,186.17999267578125,189.17999267578125,182.8000030517578,187.5,186.84996032714844,32448800,185.53452930761875,188.52412867285312,182.16625769612565
2026-04-23,180.39999389648438,181.88999938964844,174.0800018310547,176.27999877929688,175.66885375976562,37084200,179.77456526841104,181.25940506244572,173.47648397959247
2026-04-24,180.50999450683594,180.7100067138672,168.8000030517578,173.27999877929688,172.67926025390625,33215000,179.88419055553038,180.08350934705402,168.21479607095443
2026-04-27,172.5800018310547,173.5500030517578,167.89999389648438,172.9600067138672,172.36036682128906,21616600,171.98167938805025,172.9483176843477,167.31789670409404
2026-04-28,162.16000366210938,168.6999969482422,162.0500030517578,165.9600067138672,165.3846435546875,33716500,161.59781465135282,168.1151345761582,161.48819539973903
2026-04-29,164.0399932861328,164.75999450683594,160.64999389648438,163.8300018310547,163.26202392578125,20587500,163.47128736703132,164.18879243452346,160.0930406767096
2026-04-30,162.02000427246094,165.17999267578125,160.3300018310547,161.38999938964844,160.83047485351562,21016400,161.45829556636002,164.60732857559,159.77415221061997
2026-05-01,166.4199981689453,174.3000030517578,166.14999389648438,171.8300018310547,171.23428344726562,26318000,165.8430357567767,173.69572140707442,165.5739675636214
2026-05-04,176.02000427246094,183.5,174.25999450683594,180.2899932861328,179.66494750976562,33504500,175.40976208307873,182.86382547986815,173.65585407967757
2026-05-05,182.1300048828125,186.52000427246094,179.0,185.35000610351562,184.70741271972656,23497200,181.49857498114957,185.87335460025724,178.3794215704854
2026-05-06,186.1999969482422,194.2899932861328,182.6699981689453,194.02999877929688,193.35731506347656,27685500,185.55445911068674,193.61640819386528,182.0366985044076
2026-05-07,198.61000061035156,200.14999389648438,190.8000030517578,194.58999633789062,193.91537475585938,31803200,197.92144212666506,199.4560964296715,190.13852094922035
2026-05-08,192.5800018310547,198.0,190.2100067138672,195.9499969482422,195.27066040039062,21158300,191.91234867633833,197.31355632268708,189.55057006502687
2026-05-11,192.14999389648438,195.67999267578125,190.60000610351562,193.83999633789062,193.16796875,16890600,191.48382541035645,195.00158596942157,189.93921129968984
2026-05-12,192.9199981689453,192.9199981689453,180.8699951171875,186.8300018310547,186.18228149414062,22123400,192.25116444316905,192.25116444316905,180.24293750852308
2026-05-13,189.02999877929688,191.57000732421875,185.05999755859375,189.75999450683594,189.10211181640625,15789300,188.37464692554053,190.90584946443576,184.4184093808476
2026-05-14,188.17999267578125,200.7100067138672,185.4499969482422,195.61000061035156,194.9318389892578,22545000,187.5275901989538,200.014163847459,184.807059111885
2026-05-15,190.49000549316406,196.42999267578125,188.89999389648438,192.9499969482422,192.2810516357422,15747100,189.82958881387833,195.74898244041898,188.2450896858239
2026-05-18,190.0,190.75999450683594,183.27000427246094,186.61000061035156,185.96304321289062,19114300,189.34128982843612,190.09864951363005,182.6346262937408
2026-05-19,186.0,188.72000122070312,180.92999267578125,181.4600067138672,180.83090209960938,16717700,185.3551556600763,188.06572689480225,180.30272556987043
2026-05-20,179.94000244140625,188.22000122070312,178.8000030517578,188.16000366210938,187.50767517089844,16517200,179.31617172278084,187.56746472504855,178.18012457626247
2026-05-21,189.00999450683594,192.82000732421875,187.1999969482422,189.77000427246094,189.11209106445312,12119700,188.3547161750033,192.15152006737793,186.5509936929414
2026-05-22,191.6699981689453,197.0,191.10000610351562,192.0800018310547,191.41407775878906,10875800,191.0054955424612,196.3170187370588,190.43747958820265
2026-05-26,193.3000030517578,195.1999969482422,190.55999755859375,193.05999755859375,192.3906707763672,12856100,192.6298441856895,194.52325092368912,189.89933811800566
2026-05-27,191.47999572753906,192.13999938964844,187.9199981689453,190.9600067138672,190.2979736328125,12126000,190.81615991336366,191.4738754300888,187.2685043953512
2026-05-28,194.0399932861328,205.0,193.3800048828125,203.6999969482422,202.99378967285156,25339900,193.36727626586583,204.28928574558662,192.70957597555034
2026-05-29,209.0,226.2899932861328,208.00999450683594,225.77999877929688,224.9972381591797,41082200,208.27541425064666,225.50546455715485,207.28884102481334
2026-06-01,230.5,250.25,224.60000610351562,248.14999389648438,247.28968811035156,48390000,229.70088459165413,249.3824137486397,223.82134525496076
2026-06-02,242.8000030517578,249.0,238.83999633789062,244.5800018310547,243.73207092285156,30294800,241.95824319584935,248.13674546339882,238.01196537258744
2026-06-03,240.47999572753906,240.50999450683594,227.61000061035156,230.3300018310547,229.53146362304688,23644700,239.64626819172787,239.67616296732885,226.82089245871197
2026-06-04,227.0,238.9499969482422,224.0,236.33999633789062,235.5206298828125,19993800,226.2130143514227,238.12158188953796,223.22341504281357
2026-06-05,229.49000549316406,231.44000244140625,209.4499969482422,213.67999267578125,212.93917846679688,29019900,228.69437902968323,230.63761546923837,208.72384785085606
2026-06-08,217.75,219.05999755859375,209.3300018310547,211.82000732421875,211.0856475830078,17227200,216.99508154036687,218.3005374625011,208.60427470114743
2026-06-09,213.91000366210938,220.5,197.7899932861328,205.80999755859375,205.0964813232422,26040700,213.16840576925884,219.73555545521918,197.1042813524375
2026-06-10,198.5,212.47999572753906,198.17999267578125,201.25999450683594,200.56224060058594,46108300,197.81181479593093,211.74334288511918,197.49291691405838
2026-06-11,179.6699981689453,184.77000427246094,175.27999877929688,184.10000610351562,183.4617462158203,63678500,179.0470967618207,184.12942155509757,174.67231714634136
2026-06-12,185.00999450683594,185.5800018310547,179.0,184.1300048828125,183.49163818359375,29562300,184.36857694107326,184.93660808713287,178.37941869260862
2026-06-15,187.38999938964844,195.32000732421875,186.2100067138672,192.63999938964844,191.97213745117188,20279900,186.74033863051216,194.6428540895421,185.56443686107608
2026-06-16,190.00999450683594,195.32000732421875,187.66000366210938,188.3300018310547,187.6770782470703,16985500,189.35124653572112,194.64285000480032,187.0094029029616
2026-06-17,186.16000366210938,190.19000244140625,182.5800018310547,183.52999877929688,182.8937225341797,16616600,185.51460950906105,189.53063677139517,181.94701911013038
2026-06-18,183.00999450683594,187.99000549316406,177.6999969482422,184.2899932861328,183.6510772705078,31386100,182.3755161261877,187.33826188438044,177.08392782803517
2026-06-22,182.30999755859375,184.5800018310547,174.39999389648438,175.07000732421875,174.4630584716797,22935400,181.6779484399822,183.9400828522113,173.79536790830892
2026-06-23,170.22999572753906,174.3300018310547,164.61000061035156,165.16000366210938,164.58740234375,33327900,169.6398170049876,173.72560859622362,164.03930612455187
2026-06-24,162.47999572753906,165.75,155.35000610351562,157.52999877929688,156.98385620117188,38305000,161.9166919476368,165.1753594043948,154.81142136725865
2026-06-25,157.35000610351562,157.6199951171875,150.36000061035156,152.4600067138672,151.9314422607422,36844400,156.80448848405618,157.07354147130096,149.83871668017542
2026-06-26,150.25999450683594,153.5399932861328,148.0,148.52999877929688,148.0150604248047,36532100,149.73905843363008,153.00768579174587,147.48689909721142
2026-06-29,153.94000244140625,154.5,145.1999969482422,147.75999450683594,147.2477264404297,34310300,153.40630894976508,153.96436505683477,144.69660411903206
2026-06-30,147.25,149.92999267578125,144.47999572753906,146.5500030517578,146.04193115234375,35926900,146.73950129218147,149.41020274352846,143.97910030394291
2026-07-01,144.49000549316406,147.5500030517578,142.5,142.5,142.00596618652344,45964000,143.98907252177435,147.03846136273228,142.00596618652344
2026-07-02,143.3000030517578,147.05999755859375,138.8300018310547,140.27000427246094,139.78370666503906,44166700,142.80320083813373,146.55015993984455,138.3486965222042
2026-07-06,144.3000030517578,145.6199951171875,141.16000366210938,143.75999450683594,143.2615966796875,36683000,143.79973308287512,145.11514890176613,140.6706196763433
2026-07-07,143.72000122070312,145.55999755859375,137.5500030517578,141.60000610351562,141.1090850830078,47200000,143.22173026995844,145.05534742111888,137.07312321448111
2026-07-08,139.05999755859375,141.83999633789062,137.5500030517578,140.49000549316406,140.00294494628906,34607300,138.5778946629353,141.34825554862542,137.0731351103418
2026-07-09,141.4199981689453,149.07000732421875,140.94000244140625,144.22000122070312,143.72000122070312,35221900,140.9297055709286,148.553192714378,140.45137395281776
2026-07-10,145.64999389648438,145.67999267578125,139.25999450683594,140.63999938964844,140.63999938964844,29843300,145.64999389648438,145.67999267578125,139.25999450683594
2026-07-13,139.02999877929688,139.64999389648438,131.35000610351562,131.5399932861328,131.5399932861328,56690300,139.02999877929688,139.64999389648438,131.35000610351562
2026-07-14,132.0,132.75999450683594,127.5999984741211,127.94000244140625,127.94000244140625,52670400,132.0,132.75999450683594,127.5999984741211
2026-07-15,130.55999755859375,133.89999389648438,128.83999633789062,132.49000549316406,132.49000549316406,48520400,130.55999755859375,133.89999389648438,128.83999633789062
2026-07-16,131.47999572753906,131.77999877929688,123.66000366210938,124.20999908447266,124.20999908447266,54780900,131.47999572753906,131.77999877929688,123.66000366210938
2026-07-17,121.69999694824219,128.44000244140625,121.5,126.41000366210938,126.41000366210938,39917100,121.69999694824219,128.44000244140625,121.5
2026-07-20,124.2699966430664,125.48999786376953,120.02999877929688,121.37999725341797,121.37999725341797,36793200,124.2699966430664,125.48999786376953,120.02999877929688
2026-07-21,122.80999755859375,127.41999816894531,122.20999908447266,127.05000305175781,127.05000305175781,27748100,122.80999755859375,127.41999816894531,122.20999908447266
2026-07-22,126.18000030517578,128.83999633789062,124.69999694824219,125.83999633789062,125.83999633789062,21096700,126.18000030517578,128.83999633789062,124.69999694824219
2026-07-23,123.95999908447266,124.69999694824219,119.44000244140625,120.04000091552734,120.04000091552734,30900600,123.95999908447266,124.69999694824219,119.44000244140625
2026-07-24,122.47000122070312,123.08000183105469,114.75,114.98999786376953,114.98999786376953,46405700,122.47000122070312,123.08000183105469,114.75
2026-07-27,118.0,121.98999786376953,116.80000305175781,119.9000015258789,119.9000015258789,36916600,118.0,121.98999786376953,116.80000305175781
2026-07-28,118.18000030517578,122.33000183105469,114.5,119.95999908447266,119.95999908447266,32665400,118.18000030517578,122.33000183105469,114.5
2026-07-29,119.41999816894531,121.91999816894531,116.19999694824219,117.73999786376953,117.73999786376953,28081800,119.41999816894531,121.91999816894531,116.19999694824219
2026-07-30,122.87000274658203,128.33999633789062,121.58000183105469,127.55999755859375,127.55999755859375,41338400,122.87000274658203,128.33999633789062,121.58000183105469
2026-07-31,130.07000732421875,132.39999389648438,125.69999694824219,129.8699951171875,129.8699951171875,34438700,130.07000732421875,132.39999389648438,125.69999694824219
2026-08-03,131.9199981689453,143.07000732421875,130.2100067138672,141.85000610351562,141.85000610351562,49696900,131.9199981689453,143.07000732421875,130.2100067138672
2026-08-04,141.00999450683594,148.6999969482422,141.00999450683594,145.74000549316406,145.74000549316406,43723500,141.00999450683594,148.6999969482422,141.00999450683594
2026-08-05,145.0,146.38999938964844,142.5,144.38999938964844,144.38999938964844,23524100,145.0,146.38999938964844,142.5
2026-08-06,139.25,146.5800018310547,138.72000122070312,143.47000122070312,143.47000122070312,23073300,139.25,146.5800018310547,138.72000122070312
2026-08-07,145.32000732421875,147.16000366210938,142.33999633789062,147.02000427246094,147.02000427246094,22874000,145.32000732421875,147.16000366210938,142.33999633789062
2026-08-10,148.25999450683594,151.99000549316406,146.6199951171875,151.0500030517578,151.0500030517578,24265000,148.25999450683594,151.99000549316406,146.6199951171875
2026-08-11,151.1999969482422,151.99000549316406,144.24000549316406,145.47999572753906,145.47999572753906,28761800,151.1999969482422,151.99000549316406,144.24000549316406
2026-08-12,152.80999755859375,154.88999938964844,147.88999938964844,153.27999877929688,153.27999877929688,43559400,152.80999755859375,154.88999938964844,147.88999938964844
2026-08-13,151.97999572753906,159.25999450683594,151.91000366210938,156.22000122070312,156.22000122070312,25740000,151.97999572753906,159.25999450683594,151.91000366210938
2026-08-14,155.83999633789062,156.38999938964844,148.8000030517578,150.52000427246094,150.52000427246094,21905500,155.83999633789062,156.38999938964844,148.8000030517578
2026-08-17,148.4499969482422,150.39999389648438,145.5,146.64999389648438,146.64999389648438,20668000,148.4499969482422,150.39999389648438,145.5
2026-08-18,143.25,146.0,142.35000610351562,142.7899932861328,142.7899932861328,19152300,143.25,146.0,142.35000610351562
2026-08-19,142.6999969482422,146.0800018310547,137.42999267578125,143.80999755859375,143.80999755859375,26552900,142.6999969482422,146.0800018310547,137.42999267578125
2026-08-20,144.3000030517578,145.9199981689453,141.02000427246094,142.07000732421875,142.07000732421875,15184400,144.3000030517578,145.9199981689453,141.02000427246094
2026-08-21,143.72000122070312,148.35000610351562,142.60000610351562,146.47000122070312,146.47000122070312,19635000,143.72000122070312,148.35000610351562,142.60000610351562
2026-08-24,145.1199951171875,145.1199951171875,141.25,142.4499969482422,142.4499969482422,14158600,145.1199951171875,145.1199951171875,141.25
2026-08-25,143.3000030517578,146.33999633789062,142.50999450683594,144.75999450683594,144.75999450683594,13329400,143.3000030517578,146.33999633789062,142.50999450683594
2026-08-26,147.0,151.6300048828125,146.8300018310547,148.8699951171875,148.8699951171875,18426100,147.0,151.6300048828125,146.8300018310547
2026-08-27,152.11000061035156,153.8300018310547,147.52000427246094,151.94000244140625,151.94000244140625,30251400,152.11000061035156,153.8300018310547,147.52000427246094
2026-08-28,153.60000610351562,153.99000549316406,149.7100067138672,150.85000610351562,150.85000610351562,17800000,153.60000610351562,153.99000549316406,149.7100067138672
2026-08-31,149.30999755859375,151.25999450683594,147.75,149.1199951171875,149.1199951171875,16118900,149.30999755859375,151.25999450683594,147.75
2026-09-01,146.75,146.7899932861328,139.9499969482422,141.32000732421875,141.32000732421875,25443300,146.75,146.7899932861328,139.9499969482422
2026-09-02,140.25999450683594,146.69000244140625,139.72000122070312,145.75,145.75,21906700,140.25999450683594,146.69000244140625,139.72000122070312
2026-09-03,147.27000427246094,156.77000427246094,146.9199981689453,154.0399932861328,154.0399932861328,25101700,147.27000427246094,156.77000427246094,146.9199981689453
2026-09-04,159.4600067138672,159.6999969482422,156.7100067138672,158.77999877929688,158.77999877929688,26511300,159.4600067138672,159.6999969482422,156.7100067138672
2026-09-08,167.60000610351562,170.6999969482422,161.16000366210938,162.52000427246094,162.52000427246094,37662800,167.60000610351562,170.6999969482422,161.16000366210938
2026-09-09,163.5399932861328,165.14999389648438,160.36000061035156,161.6300048828125,161.6300048828125,27464600,163.5399932861328,165.14999389648438,160.36000061035156
2026-09-10,158.3800048828125,159.24000549316406,152.52000427246094,152.94000244140625,152.94000244140625,56824700,158.3800048828125,159.24000549316406,152.52000427246094
2026-09-11,164.42999267578125,166.0,149.83999633789062,150.27999877929688,150.27999877929688,80438600,164.42999267578125,166.0,149.83999633789062
2026-09-14,141.4199981689453,145.3300018310547,141.00999450683594,144.7899932861328,144.7899932861328,42159700,141.4199981689453,145.3300018310547,141.00999450683594
2026-09-15,143.4600067138672,144.8800048828125,140.02000427246094,140.35000610351562,140.35000610351562,31552700,143.4600067138672,144.8800048828125,140.02000427246094
2026-09-16,140.02999877929688,146.52000427246094,139.0,143.16000366210938,143.16000366210938,34366400,140.02999877929688,146.52000427246094,139.0
2026-09-17,146.75,152.0,146.14999389648438,150.58999633789062,150.58999633789062,27742400,146.75,152.0,146.14999389648438
2026-09-18,150.47000122070312,150.89999389648438,144.39999389648438,147.61000061035156,147.61000061035156,39324900,150.47000122070312,150.89999389648438,144.39999389648438
2026-09-21,148.92999267578125,149.97999572753906,146.16000366210938,148.55999755859375,148.55999755859375,22418300,148.92999267578125,149.97999572753906,146.16000366210938
2026-09-22,151.25,153.60000610351562,148.60000610351562,149.1999969482422,149.1999969482422,31260000,151.25,153.60000610351562,148.60000610351562
2026-09-23,148.3000030517578,148.66000366210938,144.22999572753906,144.55999755859375,144.55999755859375,22682300,148.3000030517578,148.66000366210938,144.22999572753906
2026-09-24,137.32000732421875,140.33999633789062,133.47999572753906,139.5399932861328,139.5399932861328,56629400,137.32000732421875,140.33999633789062,133.47999572753906
2026-09-25,138.57000732421875,140.8800048828125,136.9199981689453,137.10000610351562,137.10000610351562,23671000,138.57000732421875,140.8800048828125,136.9199981689453
2026-09-28,132.72999572753906,135.69000244140625,131.5800018310547,132.60000610351562,132.60000610351562,36060100,132.72999572753906,135.69000244140625,131.5800018310547
2026-09-29,132.7899932861328,143.6699981689453,132.52999877929688,137.7899932861328,137.7899932861328,45709700,132.7899932861328,143.6699981689453,132.52999877929688
2026-09-30,136.5399932861328,138.5,134.75,137.3000030517578,137.3000030517578,22321600,136.5399932861328,138.5,134.75
2026-10-01,139.60000610351562,140.25,135.3300018310547,138.07000732421875,138.07000732421875,25459100,139.60000610351562,140.25,135.3300018310547
2026-10-02,142.08999633789062,144.86000061035156,140.25999450683594,142.3000030517578,142.3000030517578,35330300,142.08999633789062,144.86000061035156,140.25999450683594
