date,ORCL,SPY,QQQ,SMH,NVDA,MSFT,AMZN,GOOGL
2010-01-04,26795000,118944600,62822800,18905400,800204000,38409100,151998000,78169752
2010-01-05,28669900,111579900,62935600,29157800,728648000,49749600,177038000,120067812
2010-01-06,24560700,116074400,96033000,21329000,649168000,58182400,143576000,158988852
2010-01-07,30469700,131091100,77094100,28677800,547792000,50559700,220604000,256315428
2010-01-08,23542400,126402800,88886600,41759000,478168000,51197400,196610000,188783028
2010-01-11,19002400,106375700,104673400,31523400,556612000,68754700,175588000,288227484
2010-01-12,26204600,163333500,90673900,37312800,627432000,65912100,181926000,193937868
2010-01-13,24912300,161822000,100661000,32893600,508868000,51863500,214464000,259604136
2010-01-14,44685200,115718800,75209000,52052200,608524000,63228100,195498000,169434396
2010-01-15,42296200,212283100,126849300,44643800,818192000,79913200,307530000,217162620
2010-01-19,22732200,139172700,84388200,30379200,545328000,46575700,177852000,172495332
2010-01-20,39971500,216490200,145680000,43078800,719728000,54849500,181494000,129897972
2010-01-21,41756100,344859600,204939600,48359000,608632000,73086700,199412000,252055692
2010-01-22,33681500,345942400,171098700,73004400,1067916000,102004600,231378000,271743984
2010-01-25,26366600,186937500,154218700,40163600,643676000,63373000,240478000,176619204
2010-01-26,28746000,211168800,140816500,29294600,714636000,66639900,191180000,174045780
2010-01-27,28819300,271863600,161632700,45973000,812504000,63949500,295306000,158417424
2010-01-28,41245700,316104000,221439800,60518400,687764000,117513700,545862000,129034836
2010-01-29,49957800,310677600,212099600,55877600,774700000,193888500,589426000,165454380
2010-02-01,29572800,187865000,136827100,26750800,949832000,85931100,755488000,89941968
2010-02-02,32150600,216327900,110727700,29452600,849812000,54413700,461594000,163684152
2010-02-03,23101100,172730700,93581600,26919600,562296000,61397900,248118000,119844036
2010-02-04,33254900,356715700,151652500,47878800,783480000,77850000,255680000,134972892
2010-02-05,45919600,493585800,213618600,58818200,604856000,80960100,220496000,126113760
2010-02-08,32929200,224166900,94354400,37975800,445160000,52820600,197804000,107664228
2010-02-09,34084100,337820500,118956000,27880400,930144000,59195800,184460000,112671216
2010-02-10,40139200,240511500,94102900,24377000,535828000,48591300,124664000,106873020
2010-02-11,28159000,223591600,93050800,31574000,695980000,65993700,166870000,96303600
2010-02-12,33657700,304622100,93938500,41159600,780212000,81117200,161470000,91096812
2010-02-16,21582200,159317500,83861400,53848400,457024000,51935600,178654000,146029824
2010-02-17,26147200,168845100,82691700,35746600,876560000,45882900,178896000,81106812
2010-02-18,31679100,193708600,65752600,39493400,1515508000,42856500,196002000,93382524
2010-02-19,25941000,222684900,80416500,22433800,510548000,44451800,142312000,102021876
2010-02-22,37081800,132346900,72055000,21475000,458084000,36707100,136146000,85698216
2010-02-23,25098300,207497000,95814400,35881600,489764000,52266200,141364000,114789096
2010-02-24,24530400,176350700,86591000,30822400,445868000,43165900,147798000,92970936
2010-02-25,29145200,259634700,97961300,28511200,576972000,48735300,190668000,132235632
2010-02-26,21048700,173589300,66222400,27008800,393396000,40370600,114432000,81890028
2010-03-01,19744300,147709700,77290100,22606400,555868000,43805400,265930000,89426484
2010-03-02,23535000,160992400,76368500,24307400,538648000,93123900,241950000,174097728
2010-03-03,20726400,150785000,65735500,19777800,399300000,48442100,128808000,123452424
2010-03-04,20925500,135770400,54470900,37219800,557396000,42890600,150194000,127224648
2010-03-05,19312900,176118800,68136300,29943800,632832000,56001800,135386000,156331512
2010-03-08,16843600,114631200,58712400,11412400,439312000,39414500,112118000,95360544
2010-03-09,21835800,154556700,98002800,40839000,830832000,50271600,121416000,126936936
2010-03-10,23095900,186088800,102578900,28505400,418520000,44891400,112514000,225969804
2010-03-11,24214600,160791100,67510300,33573600,540660000,35349700,144816000,169162668
2010-03-12,35344700,162074800,64068300,23718200,520352000,31700200,123016000,110025864
2010-03-15,22025300,146816800,60150500,11841000,358904000,37512000,126584000,185969844
2010-03-16,25478300,168673000,74950600,44997400,664988000,36723500,82650000,137122740
2010-03-17,30309400,177468100,75643500,36218000,651168000,50385700,87176000,132731136
2010-03-18,29185800,196509100,77829400,25713800,740964000,43845200,100426000,71016912
2010-03-19,45881000,226641100,86337100,28400800,584612000,81332100,178100000,191576232
2010-03-22,24945500,184477800,71902800,22261800,435336000,37718200,107668000,160031808
2010-03-23,25834200,182941600,59182600,31856000,493612000,42026600,84262000,219831948
2010-03-24,28837000,196072600,62995700,33556400,436252000,33987700,93928000,262345392
2010-03-25,54350900,223396300,76294800,23512200,495184000,73168700,324192000,157078764
2010-03-26,58562200,205808500,78067900,21642400,344676000,55595500,131314000,107740152
2010-03-29,28975300,134513500,57993300,7788000,394456000,33336000,92538000,124055820
2010-03-30,29819400,145772500,49437300,12877000,324104000,34954800,123854000,79036884
2010-03-31,27196400,161078700,59947400,21651000,389840000,63760000,92012000,121110768
2010-04-01,26562700,161215200,83728600,23391600,339664000,74768100,175716000,84023892
2010-04-05,19390200,105847600,56220300,15572600,413636000,34331200,116330000,75983940
2010-04-06,26937600,110384200,54097100,13436400,809260000,47366800,159006000,82321596
2010-04-07,29833200,184576300,77211500,31919400,817468000,58318800,118908000,103136760
2010-04-08,28266100,158704000,68314300,24015200,1037600000,63713800,253782000,77822100
2010-04-09,19663700,133006500,54227300,12488200,817572000,54752500,120222000,82181736
2010-04-12,24773300,110279000,44280600,25507000,546460000,37068800,108906000,94001904
2010-04-13,33933000,125043600,59376000,29828800,648696000,41374600,95710000,156335508
2010-04-14,27920000,161609000,69004800,45824000,900720000,68941200,158006000,135971892
2010-04-15,23828200,144615300,72254200,28930000,957596000,52745400,156592000,270201528
2010-04-16,42289300,366786700,127388000,35223600,1917736000,88703100,167936000,488930580
2010-04-19,27078800,217947800,98251700,48883600,1094492000,64970300,120440000,155604240
2010-04-20,23703400,157708000,69543700,18165800,678188000,52199500,86234000,118976904
2010-04-21,24276800,192910100,74748700,31515200,895908000,55343100,147488000,95564340
2010-04-22,27275800,115360300,110477200,50699000,656932000,84847600,303316000,131096772
2010-04-23,27478900,177335500,77205200,17335000,752916000,126766600,379504000,83492424
2010-04-26,20080500,143457300,67361000,22065800,491092000,63649300,186366000,174577248
2010-04-27,26235700,355853300,112608000,28606600,606704000,68730900,172780000,153634212
2010-04-28,31820300,300674100,130082100,23470800,672164000,64557900,184706000,136107756
2010-04-29,18620100,193775000,84180200,31349400,987128000,52665200,126284000,122233644
2010-04-30,25567400,270000900,110897000,39849000,1068048000,63214800,122270000,97318584
2010-05-03,19357000,182747900,74169700,23741200,1078972000,43989500,113092000,74237688
2010-05-04,48382700,360353400,141136500,40046400,1311376000,82085600,253356000,242808948
2010-05-05,33663600,328973200,128560200,36719200,1330840000,66833800,189162000,183104712
2010-05-06,56242000,647356600,274356800,47236800,1002888000,128613000,203780000,199803996
2010-05-07,63592900,637558800,288200400,58108800,1153712000,173718100,238552000,203356440
2010-05-10,38947200,396159600,136041600,37209200,979156000,86653300,136122000,164954880
2010-05-11,29469800,317849800,113016100,47203400,829124000,63789400,120882000,132771096
2010-05-12,27116300,235607100,85462400,28938200,901236000,47146800,118090000,153917928
2010-05-13,22780300,234452500,102844300,32558200,1252000000,45188800,118804000,132898968
2010-05-14,28736600,345601400,147386100,53452200,2493068000,63334000,105556000,164475360
2010-05-17,22401200,325739800,120969600,48438000,856060000,46053300,112844000,111640248
2010-05-18,29926200,360556800,153072100,56795000,674112000,52690600,105138000,112906980
2010-05-19,29806500,394742700,159000300,54490800,826520000,61746700,129266000,137690172
2010-05-20,40313300,530418300,189289800,78553600,1129136000,87991100,171888000,196335468
2010-05-21,63119700,500909400,190631100,48432400,1069600000,117596300,159338000,387244368
2010-05-24,32817400,269823000,113038000,33303600,664564000,73711700,90718000,173650176
2010-05-25,41173900,396505200,155643000,39770400,966652000,98373600,138268000,120575304
2010-05-26,43317600,349719300,140203200,36317600,995028000,176684100,139292000,138884976
2010-05-27,29881400,300870500,110671600,48504200,713560000,136433600,94954000,112251636
2010-05-28,35878200,297933500,128535300,42030200,545116000,67496900,79096000,115676208
2010-06-01,32336200,277909400,104242700,51194200,527492000,76152400,73190000,106565328
2010-06-02,28371600,240243700,97249300,42011200,649088000,65718800,95294000,101530368
2010-06-03,28583600,226618300,98928400,36640000,586360000,67837000,105538000,145881972
2010-06-04,35094700,398475600,112849900,33887600,671456000,89832200,109954000,156655188
2010-06-07,25656900,264609100,88436600,31633800,577248000,80456200,131328000,145162692
2010-06-08,29552600,357774300,133030100,64355200,967636000,87355000,229688000,107296596
2010-06-09,22198300,268023300,101949200,41651200,697152000,87794000,147384000,109050840
2010-06-10,25018200,317890600,76892300,37514600,611768000,78930900,121236000,103012884
2010-06-11,30179600,214128200,74346800,26172800,442104000,68057700,84092000,71196732
2010-06-14,22318600,207196100,68085000,25988600,375080000,50972400,78460000,81534384
2010-06-15,24304500,238268700,76332600,41270200,528632000,81641500,90820000,170213616
2010-06-16,20702000,216374000,78399700,37272800,366480000,48698000,79286000,91480428
2010-06-17,22376600,263185800,77111900,23117800,859068000,47995500,69580000,79012908
2010-06-18,29538900,174006600,75921400,19586600,932832000,52075600,76720000,114801084
2010-06-21,19526100,213140700,95488100,23204000,579836000,54625300,106554000,119220660
2010-06-22,19107800,239355400,94493400,29163400,818164000,55985400,124144000,88699212
2010-06-23,23533600,254639900,92397600,39758600,614060000,61466200,109102000,81082836
2010-06-24,30313500,268523600,114145900,29677600,725028000,85243400,155422000,75668256
2010-06-25,62583800,238726500,88740300,27765400,507220000,156256700,115394000,89718192
2010-06-28,24643100,169218600,71350000,24580200,372008000,73784800,112244000,70421508
2010-06-29,34229000,373649500,136384200,37537200,660808000,119882100,257326000,139943916
2010-06-30,35301600,284101700,101313200,22933400,623072000,81050500,194814000,143983872
2010-07-01,38318200,382924800,158695000,51407800,737008000,92239400,170596000,140403456
2010-07-02,31784000,233385200,78565300,31987600,737096000,62485100,89542000,77362560
2010-07-06,39642400,256935300,88591900,22603800,712020000,73592000,104386000,102301596
2010-07-07,36663500,253769400,72448400,35105800,608412000,79965300,98820000,125062812
2010-07-08,27335600,210842100,78264600,29529400,783272000,50758100,135500000,106649244
2010-07-09,16258800,144999900,47851200,10880400,571516000,53806100,81302000,173086740
2010-07-12,19312200,131283600,60927500,23955000,565396000,49854200,95672000,133242624
2010-07-13,22207700,213025900,93310500,26561400,723316000,61928700,141822000,158892948
2010-07-14,34781800,184426800,87687100,33569800,1355664000,72808100,105140000,124595280
2010-07-15,26060700,232337900,95992500,25489000,953088000,56934700,120954000,194133672
2010-07-16,30343000,282693400,98831900,22169000,1288604000,65064800,124558000,312679008
2010-07-19,19688200,186709000,81800800,29684000,798440000,38181800,100618000,181829988
2010-07-20,38192700,258162400,89061200,33948800,1160988000,45530700,135700000,162017820
2010-07-21,38740000,264527000,83577000,37267000,624940000,73297300,100234000,131052816
2010-07-22,32726500,274781300,82890300,37345400,462612000,73016400,300068000,85822092
2010-07-23,29755500,222020800,81056100,35739400,817604000,108520100,848422000,90485424
2010-07-26,27093000,184445700,64850900,27281000,683548000,67249900,222756000,79728192
2010-07-27,23800600,204855600,67655600,33636400,683472000,60672100,155922000,97949952
2010-07-28,21200100,163056200,51988200,36438800,1320808000,69704800,109446000,99740160
2010-07-29,39976700,220149100,85669500,46972200,2664476000,69446200,123516000,106912980
2010-07-30,48321700,220070600,98958100,43101800,984288000,83534800,141550000,85678236
2010-08-02,26652000,188263200,68706800,18216600,917020000,55044600,108874000,74273652
2010-08-03,16366100,146657300,60856600,28439000,955444000,56877700,119076000,72019908
2010-08-04,19989600,158171700,43820600,28540600,855496000,78531900,185416000,152347500
2010-08-05,18723600,140473800,39150200,30183000,800504000,64922100,85646000,96719184
2010-08-06,33734300,239728300,71339200,35051600,739904000,55982100,101304000,132647220
2010-08-09,20551400,120800400,26927600,14345800,466456000,57096500,101716000,74813112
2010-08-10,28063400,242916300,86694500,48453800,772560000,87257700,114138000,82877040
2010-08-11,25666300,273406900,92219700,38117600,796148000,76746900,110834000,88831080
2010-08-12,33737300,239542600,66000200,42101000,1343584000,70240500,87358000,88095816
2010-08-13,29793400,158698500,46387300,13724200,1797392000,45263500,79532000,77310612
2010-08-16,19511700,147895300,55472900,16104200,814008000,40909700,80494000,52147800
2010-08-17,22483000,172270300,56927100,17275600,481224000,52912600,100894000,75552372
2010-08-18,18984200,182922100,61835400,17016800,352920000,46818900,158030000,107348544
2010-08-19,26754800,265847600,82969500,20031600,1615100000,54064600,111650000,156843000
2010-08-20,21985400,209714200,65806700,25147800,1305308000,49560100,83402000,156547296
2010-08-23,18250200,163490300,69612200,15321200,748620000,51643000,77226000,119328552
2010-08-24,23293400,280677800,79095800,27160600,641332000,66522500,107394000,110397492
2010-08-25,18685900,272234800,87247900,28785200,757532000,47404800,106890000,103580316
2010-08-26,18884700,224439500,91199000,24078400,657596000,49105300,93890000,71008920
2010-08-27,21375200,272649000,109568800,49486200,1060416000,60939400,101600000,92403504
2010-08-30,23318300,167238600,49373200,24262400,602804000,45453100,68520000,49206744
2010-08-31,41712400,273933100,72066900,31162800,931488000,66074600,84512000,77794128
2010-09-01,29085400,256828100,83523100,34132000,851440000,65235900,142766000,129002868
2010-09-02,18057800,156112200,41816800,16808000,596292000,48837100,108148000,67300632
2010-09-03,21256900,212197300,64041100,24213800,566484000,64189100,131624000,101514384
2010-09-07,113824400,141973700,51195200,20065200,899820000,51928700,77660000,68327604
2010-09-08,54705500,149924400,66879800,34937000,1224156000,65512400,116570000,95975928
2010-09-09,25963700,147017900,61476400,21508800,697748000,46028900,99160000,97126776
2010-09-10,44266700,127819000,66995700,25902800,609292000,58284300,100872000,78893028
2010-09-13,46816700,178503500,64523400,26229400,1015792000,114680400,101548000,89570340
2010-09-14,31261800,209823600,91405800,33093400,698536000,87160400,86388000,88571340
2010-09-15,37563600,168608400,67108200,28011800,555572000,56201900,98072000,96015888
2010-09-16,52951000,199962900,66885800,28241200,365280000,44548300,116540000,78701220
2010-09-17,150976500,195836900,76372600,33939600,416884000,70341600,145192000,225438336
2010-09-20,49729800,214555200,84475000,34216000,443168000,49838700,128988000,175963860
2010-09-21,82733900,268389100,82272000,30589600,1779624000,52675700,150840000,178473348
2010-09-22,51969100,191322400,88315900,32161800,999996000,94299400,132248000,101382516
2010-09-23,33123300,202354300,85040000,46574800,1240872000,46201800,141312000,92603304
2010-09-24,58136200,209671800,79495900,27875600,1086976000,51948800,211812000,134141724
2010-09-27,34142900,128761800,43859800,14757200,999504000,43603300,128926000,124171704
2010-09-28,43256700,209207500,104922900,40465800,723192000,56041200,169884000,146041812
2010-09-29,36626800,179665800,81679200,25762400,974904000,44318900,145750000,86801112
2010-09-30,42880900,287106700,122458600,37816200,787632000,61262700,152120000,129634236
2010-10-01,33690400,174638700,77675400,25358000,999120000,62672300,173668000,88911000
2010-10-04,36791900,166153200,71359900,20708400,749500000,98143400,106930000,77542380
2010-10-05,42520100,229634100,99301300,21544600,753588000,78152900,112400000,140143716
2010-10-06,50631600,148626600,81831200,20001600,1057604000,50489700,121216000,110381508
2010-10-07,40611400,164860000,75693300,22350200,761488000,50096100,92440000,95736168
2010-10-08,33162900,177760100,83223900,40063600,706932000,41327800,138368000,114253632
2010-10-11,22649500,103098300,46880000,21805400,442680000,27587800,89728000,104946948
2010-10-12,27552500,182210000,88571700,30984800,605208000,50141500,105616000,149993856
2010-10-13,49145300,194347200,71122900,34055800,968732000,75336500,112656000,122101776
2010-10-14,38136000,217764300,68464000,22450200,599172000,51949100,80482000,265098636
2010-10-15,54775500,243705000,104654000,27467600,639940000,68954800,202710000,592399008
2010-10-18,35810300,141204800,72399400,18450000,448156000,48330500,126626000,283644072
2010-10-19,44673600,280604700,105739800,33418000,866136000,66150900,150500000,183332484
2010-10-20,39081700,200051800,80861400,21394000,763532000,56283600,115808000,140862996
2010-10-21,30191100,221585500,85885400,17738600,1014428000,50032400,269650000,116703180
2010-10-22,16499800,108212400,47406900,13103800,1322676000,25837900,326368000,90153756
2010-10-25,30650400,151145700,51413900,15741000,673136000,50912400,130618000,126209664
2010-10-26,28045400,158982900,60498300,19946600,675248000,69304200,93792000,100415484
2010-10-27,33890100,190024000,57483400,23145800,496796000,64805500,114436000,89586324
2010-10-28,35130600,168576000,61220000,32394200,704448000,80730300,93688000,87284628
2010-10-29,35074300,144305500,46668700,19630000,554664000,114193200,99970000,91040868
2010-11-01,21100000,174074800,60555600,22715400,473920000,61912100,104798000,123360516
2010-11-02,24201900,158345900,48137500,17152200,581036000,54402100,85200000,79824096
2010-11-03,30003800,226702800,126225800,24184400,671748000,110255300,122242000,135084780
2010-11-04,35709700,215039400,84201000,18423200,700016000,93599300,147918000,142689168
2010-11-05,28312700,180654100,77937100,16477600,735116000,110953700,104244000,70557372
2010-11-08,27179000,156107100,39623500,14859600,605156000,71670800,114120000,83967948
2010-11-09,34625800,186621600,66828700,19269400,633964000,58538600,79572000,89398512
2010-11-10,27841000,221387400,83553700,22285600,521016000,52277300,108806000,99780120
2010-11-11,37211000,158017600,85163600,33374200,1089980000,62073100,113834000,90373536
2010-11-12,25818800,239068800,99164300,37645000,2142560000,64962200,143212000,135584280
2010-11-15,21636700,163940800,56723400,11667600,733548000,51794600,192972000,139016844
2010-11-16,31206600,299566200,101097000,28323800,739356000,65339200,131428000,132163704
2010-11-17,24642700,172308900,77836200,15300200,551764000,58299700,90498000,97602300
2010-11-18,32649200,197723700,71488300,18641800,993120000,59514000,124506000,103496400
2010-11-19,25890900,156852900,54506100,9613200,716484000,52423200,89296000,91808100
2010-11-22,27618000,181361000,69918900,18459600,462668000,53350500,122850000,87376536
2010-11-23,31294200,222309000,76818300,17384400,457832000,69742500,129306000,86417496
2010-11-24,34983800,140046100,53444200,8700200,397784000,56825900,200850000,95760144
2010-11-26,12887500,76007800,23640300,3303600,143104000,21356500,85432000,52391556
2010-11-29,32610700,223642300,89269100,12717400,468192000,56603600,193900000,114273612
2010-11-30,38931000,233930700,118862100,22712000,720936000,75282100,135244000,284411304
2010-12-01,34781300,221037200,81758800,22004600,626536000,74123500,115402000,150013836
2010-12-02,32129900,191213600,56844600,20553000,529316000,91759200,110752000,101814084
2010-12-03,34454600,151288900,38014200,8924600,606044000,52622000,98150000,105142752
2010-12-06,21150300,103050500,39312000,9273800,438424000,36264200,113084000,83668248
2010-12-07,32190500,206581000,59067300,18136400,1026812000,57860500,101542000,121566312
2010-12-08,14874800,138019200,48066900,17206400,613252000,41666800,74538000,70205724
2010-12-09,18260200,123705100,51679800,15579200,942408000,47148300,91110000,74681244
2010-12-10,28562000,117571700,44696200,14069600,451900000,37625800,71310000,68119812
2010-12-13,45575200,133812700,53110200,12032600,609108000,47943900,84050000,95844060
2010-12-14,25351800,147249600,69884800,11290200,755160000,64070500,73706000,65666268
2010-12-15,30537600,160823100,76951900,14849800,624176000,69634200,116210000,86621292
2010-12-16,47435600,185035200,65519400,6977600,631872000,57680200,82430000,63812124
2010-12-17,92487100,141075300,36844200,5412800,593156000,87456500,90146000,123360516
2010-12-20,33568100,119085500,48159600,9582600,344088000,52811000,174706000,78853068
2010-12-21,20002800,94965500,35775400,5500000,466952000,38153000,102220000,75104820
2010-12-22,14019200,78878100,35766500,10002600,477988000,42252300,51562000,48251700
2010-12-23,13049400,70053700,21664800,4998800,273784000,24902500,67164000,44387568
2010-12-27,13822100,58126000,29263700,6186400,255500000,21652800,44988000,48275676
2010-12-28,9736000,55309100,24160500,4851400,194260000,23042200,39500000,42549408
2010-12-29,9769000,58033100,24132700,8440400,177660000,19502500,62402000,40727232
2010-12-30,12989400,76616900,27553300,5702200,174488000,20786100,39224000,39540420
2010-12-31,11716300,91218900,38540100,4669600,391252000,24752000,69038000,61510428
2011-01-03,20970400,138725200,90994300,10818800,817448000,53443800,106628000,94513392
2011-01-04,22870800,137409700,43851500,9662800,651384000,54405600,100636000,72907020
2011-01-05,36339600,133975300,43787400,9751400,1428216000,58998700,68376000,101190708
2011-01-06,21859400,122519000,46139600,8518200,3493312000,88026300,63594000,82229688
2011-01-07,27697900,156034600,72261700,10859000,2579984000,73762000,104434000,83963952
2011-01-10,29719600,122401700,55551800,8858000,1750348000,57573600,67518000,63104832
2011-01-11,26395300,110287000,56663800,10941400,2711088000,50298900,56284000,57514428
2011-01-12,33963700,107929200,51979300,5653400,3431896000,52631100,53582000,65242692
2011-01-13,43412400,129048400,47364500,10056200,2695192000,67077600,67340000,53306640
2011-01-14,37934100,117677900,43867400,20137800,1595352000,62688400,73256000,94529376
2011-01-18,26975900,114401300,65805600,9064200,1813348000,53322700,77924000,144535320
2011-01-19,26939000,151958400,67767200,14848200,1197896000,50005900,77648000,136107756
2011-01-20,47750700,175745700,92357800,15183400,1111408000,58613600,114198000,219212568
2011-01-21,34482100,151462900,59673300,12410800,739244000,58080300,136124000,355819824
2011-01-24,20170200,113715500,64103300,9270200,2056900000,52047800,112006000,183784032
2011-01-25,25926600,167552200,55305100,13042400,1086856000,42436600,93020000,145726128
2011-01-26,21485600,141281500,60547700,12768800,1074660000,74628800,75244000,81442476
2011-01-27,25635600,123302700,53656100,26684200,657396000,146938600,291888000,80687232
2011-01-28,30820300,295637300,123359900,21423000,1094796000,141249400,398164000,169074756
2011-01-31,20820100,149249200,70571300,16680000,750160000,65029000,134362000,112083804
2011-02-01,32573400,167194300,76952900,18583600,654104000,62810700,101718000,109702188
2011-02-02,19358200,118323600,48661000,13972000,1606616000,45824000,90950000,70357572
2011-02-03,17600900,145886700,45341900,6702400,1030776000,60340100,73578000,59744196
2011-02-04,38691800,134634800,47647800,15109200,872900000,40412200,86956000,61969968
2011-02-07,22785100,112439100,45627100,14203000,934236000,68980900,105094000,71912016
2011-02-08,15418400,99072800,38099900,13233400,1076584000,34904200,155898000,67728204
2011-02-09,17112700,146436700,62540800,11405800,1277520000,52905100,166254000,73626300
2011-02-10,17237600,162708500,70194700,12395200,1042352000,76672400,106628000,93282624
2011-02-11,17402300,137710300,47853500,8554600,1359276000,83939700,89758000,103492404
2011-02-14,16438000,101690700,48506100,9649600,1287828000,56766200,81226000,85034880
2011-02-15,19332100,119575400,39723800,15023800,886980000,44116500,77818000,83596320
2011-02-16,15829000,130183500,53061700,18447800,1318364000,70817900,92564000,67292640
2011-02-17,14568900,109810500,38361900,9784400,3470096000,57207300,68510000,59092848
2011-02-18,25539900,130002400,44334300,8839000,1394412000,68667800,83572000,128587284
2011-02-22,24887800,233116400,92598100,14818200,1396648000,60889000,112742000,145450404
2011-02-23,22154100,227584000,97842900,24327000,1491604000,60234100,109640000,115468416
2011-02-24,23416200,260431400,98716100,19943000,1246120000,64494200,93130000,108359532
2011-02-25,20850400,141686900,54094600,11401800,775652000,53006300,83828000,77218704
2011-02-28,19406700,141585500,51402800,32202000,903696000,51379900,135664000,91168740
2011-03-01,30423200,258565500,91993900,27735200,988448000,60055000,116942000,132795072
2011-03-02,23091500,200277400,61552900,30945600,1718140000,48658200,103714000,80986932
2011-03-03,24169800,176480100,64146600,16535200,1593704000,68271500,82764000,77734188
2011-03-04,19148900,277202300,62328400,12435200,959760000,70437200,98486000,120319560
2011-03-07,20474300,216790400,98470000,38667000,1019140000,64980400,118658000,138369492
2011-03-08,21891800,174615000,62399100,19709800,1947184000,50549800,84380000,91304604
2011-03-09,17217800,153806000,84764200,40352600,1318976000,39789100,142178000,85953960
2011-03-10,29054200,301291800,102894400,52298400,1722736000,66549500,119968000,124998876
2011-03-11,23705900,225621800,81679400,35367200,1486832000,49905800,92198000,121158720
2011-03-14,18656500,234974100,73565800,35196000,1003360000,54473400,80440000,112531356
2011-03-15,34600300,359585400,101276500,35992000,1256280000,76067300,98690000,160063776
2011-03-16,45026200,468670300,176507700,47055800,1476520000,100725400,104162000,151788060
2011-03-17,31529500,254303700,94434500,28283000,1238516000,62497000,129428000,115856028
2011-03-18,34862100,230435400,94887200,23505000,886960000,85486700,148854000,131812056
2011-03-21,23199400,153992600,57423000,13171800,751832000,46878100,81102000,120715164
2011-03-22,20051900,129538600,36162100,17491400,718332000,30895600,72228000,75400524
2011-03-23,23159700,148603100,60365100,21799800,782396000,43969000,94426000,72575352
2011-03-24,38277500,159129800,69502400,22674200,1780592000,38696700,125664000,83864052
2011-03-25,64967600,155642800,74131100,18218600,1196392000,57029800,85876000,114221664
2011-03-28,31399500,109762400,37824000,16525800,1204284000,48973200,68016000,88647264
2011-03-29,29950300,129798800,47994800,15213000,715764000,40763500,97692000,64127808
2011-03-30,25718200,135835000,44935900,18875800,1176320000,41999300,137186000,56835108
2011-03-31,38234200,132537100,50004300,20311600,655112000,63233700,96530000,81094824
2011-04-01,43176800,153850100,68031800,26017600,850072000,63114200,113682000,104423472
2011-04-04,26743000,100768900,48659100,25229200,924328000,35433700,83728000,82097820
2011-04-05,30286100,120791500,55349400,39703400,821076000,73651100,111384000,241658100
2011-04-06,24782200,120411600,49532100,21918600,856984000,65581400,108614000,106625268
2011-04-07,22723600,170731500,60697000,23701200,1021208000,46134700,91280000,101158740
2011-04-08,16136500,147945400,42782200,12701200,746552000,39887600,74528000,75995928
2011-04-11,15960300,121385400,42451700,18038000,546208000,34286300,65942000,74253672
2011-04-12,16948600,161187400,50422800,20798400,840756000,36920400,106690000,83340576
2011-04-13,24345500,162059000,49979800,22294600,749588000,38144700,84326000,82693224
2011-04-14,17962100,161220400,53544100,17417000,1254704000,55239900,71764000,218033748
2011-04-15,25468400,170006700,68530000,17889400,969720000,65080400,85448000,561186252
2011-04-18,20226500,210759300,69065000,17981600,743584000,58045100,92330000,201390408
2011-04-19,20452400,124258800,38608400,19231600,659860000,38892400,52920000,107256636
2011-04-20,24798400,156133800,67397500,41975000,650516000,61608600,81350000,122277600
2011-04-21,21125800,135935400,43666800,14670400,421300000,46892300,66962000,98705196
2011-04-25,12163000,65757100,25376800,11137800,619612000,33525100,68762000,65166768
2011-04-26,30391000,146600000,49400000,16800000,676000000,69200000,224000000,139860000
2011-04-27,21990200,143031000,56465500,26249600,450004000,52689000,472460000,91844064
2011-04-28,22995700,124791100,48100000,20235600,684000000,80200000,146000000,79920000
2011-04-29,94242100,115094100,44831200,6827400,836000000,319317900,132818000,168970860
2011-05-02,30058600,126278700,48149400,17345400,613824000,89825600,187962000,85262652
2011-05-03,24946200,138375000,38100000,15023200,808000000,71892900,122000000,83176740
2011-05-04,38886400,182678500,53097200,26745400,639356000,73292300,131000000,84595320
2011-05-05,23245400,226900000,72200000,28786200,544000000,55600000,92000000,79832088
2011-05-06,23885400,222787200,72507000,29313000,841080000,55993000,80278000,82161756
2011-05-09,16272500,114104500,40022000,12043000,706328000,38696400,116508000,77870052
2011-05-10,17015600,114806900,38053600,14483800,690976000,120798700,117718000,81634284
2011-05-11,20854300,193564200,61900000,19951600,616000000,78600000,96180000,93458448
2011-05-12,23096900,171550700,66100000,23765400,1224000000,77400000,96000000,57874068
2011-05-13,20438800,157444900,63506600,16083800,2025192000,66812300,82474000,84263652
2011-05-16,31350300,141675400,73115300,21736000,728188000,91350900,187728000,118209672
2011-05-17,27856100,192686200,63136000,26705600,1420364000,82882100,141466000,132011856
2011-05-18,30005900,135217900,42351100,18837200,658844000,53931100,99116000,78049872
2011-05-19,22741400,119489500,35015800,25019600,650884000,37783600,74024000,98649252
2011-05-20,16484100,182594900,44703300,15254600,575820000,45451500,67620000,92607300
2011-05-23,29985800,168700000,43700000,20904000,588000000,52692500,84000000,91908000
2011-05-24,21893400,147199600,39314800,17544600,720372000,47691800,59454000,75924000
2011-05-25,23042300,151050100,41369000,18439000,545312000,34904200,93226000,52011936
2011-05-26,20948100,164850000,40564100,11808200,706436000,78016600,81504000,84655260
2011-05-27,16918600,120921900,30127200,10818200,658824000,50251000,47052000,69762168
2011-05-31,30783300,164731200,47590100,11181600,1200716000,60196300,68180000,107384508
2011-06-01,31762600,233094300,51795000,20447400,762208000,74033500,68904000,118117764
2011-06-02,38255500,200466800,50198100,16506200,607592000,51487800,60898000,88091820
2011-06-03,23808200,234690200,57773700,16711800,549300000,60697700,99490000,69870060
2011-06-06,21677600,179951200,50175600,17116000,435988000,54778700,74320000,77606316
2011-06-07,28218700,161660500,46311100,13511600,433956000,41112600,97330000,76227696
2011-06-08,36607500,198696400,46426400,17654400,569288000,42205000,74332000,66069864
2011-06-09,21647100,160964400,45307500,11535000,741632000,42878700,83746000,67496436
2011-06-10,23747000,238629400,53740600,19834800,493548000,49327200,75208000,97498404
2011-06-13,26716600,207599800,37736800,13839400,574760000,47572500,77378000,96994908
2011-06-14,23067400,160570400,40565300,16109600,534576000,42894500,79206000,93566340
2011-06-15,34512600,300958000,59022400,21409800,935916000,49410200,126354000,82849068
2011-06-16,29868500,308032800,66316200,20231800,1024908000,57184100,120642000,110169720
2011-06-17,42812400,233284900,70337000,33523600,1467884000,83320400,126444000,209606184
2011-06-20,23408300,159479000,37402900,14359200,745960000,54338400,56634000,121022856
2011-06-21,26941600,193157300,55892800,19488000,704276000,49708700,83652000,110505384
2011-06-22,25940800,176703000,36833300,13990200,651720000,44287300,62594000,96187716
2011-06-23,54354600,334286500,80743300,38595400,744024000,59470400,92192000,191875932
2011-06-24,75120900,226129300,56298300,15990200,529052000,101387200,72290000,152071776
2011-06-27,29585600,168904700,49968900,15355200,1142152000,92044200,122014000,137650212
2011-06-28,32746800,165556300,47028800,24851600,692200000,81032100,76506000,108495396
2011-06-29,27305700,244295500,65407300,30545800,960544000,66051000,92178000,93626280
2011-06-30,22182400,223322700,50347200,27329200,652300000,52535400,88962000,97038864
2011-07-01,25382300,202385700,53203900,21799600,540804000,52906200,80174000,145322532
2011-07-05,21406400,165936000,43128800,20287200,535296000,37805300,71704000,153814032
2011-07-06,22363900,143331600,49282700,18643200,529580000,48744200,52152000,107716176
2011-07-07,29886000,170464200,54799800,22846000,986136000,51946500,62898000,157262580
2011-07-08,23909600,194100500,69519500,22177800,619516000,58320700,74158000,190617192
2011-07-11,21943300,195918600,52080800,16598800,714388000,43999800,80674000,113458428
2011-07-12,35092400,214675700,84000700,40332000,867604000,47319300,79714000,113534352
2011-07-13,36497800,204062600,82378100,20363200,634368000,40861800,84598000,111496392
2011-07-14,32194500,226111800,98774200,33734800,1088996000,46382300,78050000,265714020
2011-07-15,25404600,220012800,68281500,21437000,827736000,49132400,81452000,548734716
2011-07-18,25253300,196872100,59512200,14041200,818200000,44501900,57962000,178553268
2011-07-19,26835500,166554900,73904600,23746600,602224000,86730600,88744000,118581300
2011-07-20,23074700,137145400,57085500,19838400,662956000,49795400,67458000,89022888
2011-07-21,24516200,245246300,70148800,21743800,1143420000,81737400,90906000,138641220
2011-07-22,21378100,126019400,43620400,20856200,737192000,76380600,71834000,140986872
2011-07-25,20806100,136653800,48916100,17331400,566920000,108482400,66856000,125138736
2011-07-26,33568300,131278200,40918900,23342000,698276000,74636500,197272000,93622284
2011-07-27,43084500,249020100,83969500,45204400,652212000,71488700,259112000,157218624
2011-07-28,29323100,207939900,61031900,25434000,648176000,83761400,107098000,124211664
2011-07-29,38200600,307038400,82860500,21546600,677656000,104394800,103354000,165330504
2011-08-01,38566100,325790900,85421100,22425600,1019620000,61838400,115786000,158485356
2011-08-02,40691000,346653800,90853300,27557000,1356432000,63883100,131734000,127895976
2011-08-03,44046200,370830800,103612300,26631800,765236000,64581200,163942000,152874972
2011-08-04,49433400,520721800,132830000,32301400,979732000,92949500,131590000,196387416
2011-08-05,82201300,655619200,214111800,41106800,1270588000,112071700,200480000,236926836
2011-08-08,80848500,702263900,204804500,40542600,1084180000,134257200,208550000,299564136
2011-08-09,82425600,717828700,193707100,31683000,1329832000,126268900,209824000,258529212
2011-08-10,82821600,662607400,205917900,37206600,1140052000,127819900,175152000,214569216
2011-08-11,58279300,487979700,143825300,36179000,1078792000,90690100,148038000,193030776
2011-08-12,43238500,313731600,90483300,29320800,3195784000,64787100,112408000,126045828
2011-08-15,38334100,258810600,73554300,13063600,864152000,56529400,95718000,285510204
2011-08-16,37615100,294095200,89219200,24753600,716868000,54251500,104118000,277298424
2011-08-17,34073800,238201100,84416600,26661600,553328000,50923700,79822000,163000836
2011-08-18,78449700,512956300,130019400,24096400,802564000,105714200,165504000,251376372
2011-08-19,46790600,428281300,96674600,21710000,761332000,77397900,144884000,216183600
2011-08-22,37825100,275090600,77107700,20562200,611876000,54721000,106274000,196039764
2011-08-23,36867400,331136600,75688400,20065200,938312000,59670600,147032000,173698128
2011-08-24,31588800,246869700,80197700,13715600,687500000,45329700,124974000,143636220
2011-08-25,38264000,312365400,93623700,23832600,690968000,48192000,75216000,131588280
2011-08-26,34449300,314495900,91573300,23547000,732660000,71957000,106214000,143708148
2011-08-29,28945400,190977200,45985800,11312000,601528000,38863200,90220000,93338568
2011-08-30,29944300,241315700,61617900,16491000,684760000,57341400,118314000,119440440
2011-08-31,31444600,301828400,60900400,27338400,705808000,59300800,148100000,107624268
2011-09-01,34199100,254585900,57158400,13688600,762312000,60510800,105506000,96523380
2011-09-02,30297500,255517200,58185700,13875200,471356000,43894400,84640000,95951952
2011-09-06,30907700,285130500,52992200,18093600,696248000,54929300,124324000,108523368
2011-09-07,26106200,209803200,48952200,19520200,1606620000,41961000,105916000,110121768
2011-09-08,50386300,250568200,61422800,17474000,880164000,65811900,87958000,95124780
2011-09-09,38961600,380195100,63663500,29163200,869828000,64529200,91486000,130621248
2011-09-12,37358200,305793500,65973000,22675400,916480000,55046100,106842000,106709184
2011-09-13,42359400,272514700,59020000,25765800,853836000,48792300,96718000,94073832
2011-09-14,34972000,319389500,90757300,50249800,1547192000,66739200,117634000,107668224
2011-09-15,28846400,326777200,83536100,31016200,752908000,67808300,112176000,118313568
2011-09-16,58059500,284528300,91902100,26303000,1391588000,89681500,235060000,141230628
2011-09-19,34514300,241517000,73042900,25131800,968204000,52324900,164466000,98637264
2011-09-20,50913400,218932200,66570100,23456800,792436000,49211900,147710000,111052836
2011-09-21,83318400,316251300,79938000,34420400,715252000,72750700,117630000,100471428
2011-09-22,61371400,513911300,151885500,52712000,1314632000,96278300,165092000,175835988
2011-09-23,43991700,307242500,85940600,35505000,1011440000,64768100,129362000,110980908
2011-09-26,37762600,260673700,96261400,37136400,972124000,51057600,115882000,105262632
2011-09-27,38514400,311753900,81148600,20794800,781388000,55620700,156750000,120315564
2011-09-28,31357100,286696800,76757100,30627000,1236532000,60736200,288738000,90441468
2011-09-29,44358800,298108900,116900200,22067400,866416000,63407300,187570000,116147736
2011-09-30,42188000,288392300,104870100,17557400,677784000,54060500,131006000,108835056
2011-10-03,45214600,365136800,99149500,20802600,949896000,64592500,132488000,178797024
2011-10-04,50300200,459177500,137013700,33400000,1361548000,83485400,174232000,166185648
2011-10-05,43277100,284108000,108825700,25274000,856708000,94061300,130164000,181182636
2011-10-06,34994100,257800800,71939200,27017400,773192000,55111400,136986000,136835028
2011-10-07,37977000,312657900,72525200,23563400,806976000,52741600,135686000,114121764
2011-10-10,27708200,230666300,48230200,11931000,534376000,41815300,102862000,92795112
2011-10-11,25382700,209088000,66449100,12086400,816080000,38826200,100074000,114021864
2011-10-12,30322800,281544900,85627600,18552600,612064000,52489800,130216000,126984888
2011-10-13,27161500,212538800,63443700,26121800,854832000,43823500,96670000,227276496
2011-10-14,23613200,211397600,65643600,19097600,702452000,50947700,118474000,340854804
2011-10-17,25074700,202311600,65161300,15474000,611780000,39453300,95580000,160167672
2011-10-18,29754800,318857900,91434600,20185600,590916000,52487900,92194000,151879968
2011-10-19,25586300,226601300,67639400,18126000,557568000,42880000,134302000,117142740
2011-10-20,25102300,262075600,80378300,17688800,990308000,76300200,90498000,135024840
2011-10-21,32837700,278999400,60455800,22345200,628428000,76620600,91450000,135504360
2011-10-24,27941900,203215600,61449500,17508000,535256000,56897800,99516000,136938924
2011-10-25,30540900,268596800,65299200,15232600,577996000,53554600,280252000,101518380
2011-10-26,33683500,289053800,98193800,14314600,503116000,63029900,482684000,114809076
2011-10-27,35578800,393220200,104455500,14771000,577732000,74512400,215486000,151060788
2011-10-28,26333800,225906500,42950000,15047800,490156000,57712100,197608000,100219680
2011-10-31,28859900,228146700,60520200,7824800,519984000,46799000,146866000,102209688
2011-11-01,31480100,416565800,99933000,18059200,790824000,61182600,170236000,124878996
2011-11-02,26470800,244717600,65003800,15587800,961608000,53533100,122440000,84751164
2011-11-03,27467100,291174800,78994200,14215200,749372000,65836100,106300000,106685208
2011-11-04,23837800,249401600,61527800,17270000,654840000,36549200,81316000,113278608
2011-11-07,23980000,196617200,65559000,10252600,613536000,42589700,77200000,134161704
2011-11-08,30171400,224426300,62906900,17538400,549728000,47822500,78290000,121054824
2011-11-09,36933000,337982000,69539000,13070400,532244000,62950900,93612000,148291560
2011-11-10,25303800,231866500,66052400,9346000,990484000,32514400,100892000,114621264
2011-11-11,21664700,189924400,54471000,9815800,1751560000,37903000,103262000,158920920
2011-11-14,16781600,159258300,44617600,11016600,500292000,34199200,130444000,127420452
2011-11-15,21397300,184709400,52203900,12799800,505660000,43874200,114780000,106932960
2011-11-16,24295200,235782500,68342800,26273200,512420000,53262800,110188000,104235660
2011-11-17,41500400,331219600,101706900,21296400,657504000,70977500,159662000,139592268
2011-11-18,26601000,215580400,60417000,9298400,501352000,47626200,168750000,131376492
2011-11-21,25360400,229611600,52283700,12416000,1330788000,61882500,226424000,119931948
2011-11-22,25437400,216494900,51940100,15171000,1287480000,49204500,198312000,96115788
2011-11-23,24399700,224329100,48437300,9508600,825340000,49099700,160226000,92938968
2011-11-25,13641400,99557000,25448100,3578400,406620000,26164600,99440000,62433504
2011-11-28,21067200,210686000,46710700,12677400,690616000,46766700,144146000,113042844
2011-11-29,20155800,199241500,52056700,10363800,623440000,40917100,131502000,73198728
2011-11-30,31879500,324439500,66918600,11655200,730324000,81350900,154340000,135744120
2011-12-01,22197000,176954800,45362200,10656800,529760000,48545400,146554000,144679176
2011-12-02,22391200,221109700,36938900,7953200,546464000,52293800,150524000,163264572
2011-12-05,19992200,225263900,40492200,13146400,644696000,56818400,118442000,127772100
2011-12-06,21049900,178842100,38670000,10511600,573832000,46175300,104040000,92966940
2011-12-07,31366000,237802500,44576200,16233000,510016000,62667000,128546000,90201708
2011-12-08,24494300,240862800,51692600,10239400,491488000,60522200,87222000,96427476
2011-12-09,22621000,209111400,55757900,19113800,555840000,53788500,103176000,110537352
2011-12-12,22536100,215826100,55411700,14737200,573208000,38945900,86864000,87268644
2011-12-13,25309900,245159800,68557700,15853600,516596000,54581100,185946000,160966872
2011-12-14,26644600,238618800,63682800,16297200,636020000,47926400,232284000,155991852
2011-12-15,43170300,199109200,58732900,5654600,435148000,46213900,145198000,96247656
2011-12-16,46100600,220481400,60978900,5694800,619116000,101408100,133282000,178193628
2011-12-19,24849700,183903000,46733900,3109600,463276000,52258300,90672000,85654260
2011-12-20,46428300,225418100,81758800,1939600,445208000,60767600,92002000,95432472
2011-12-21,183503900,194230900,78552300,1304800,548424000,64132500,161334000,99816084
2011-12-22,44203700,119465400,40334100,2530200,576560000,35794100,93898000,72819108
2011-12-23,32292800,92187200,26594600,621400,248948000,23205800,69930000,58089852
2011-12-27,21312400,86075700,21443500,912400,195712000,21287200,59018000,64191744
2011-12-28,25412300,119107100,38180100,1074800,233960000,29822500,73190000,85002912
2011-12-29,19249800,123507200,28077900,963200,211112000,22616900,164186000,62952984
2011-12-30,19168800,95599000,21832400,1264400,186956000,27395700,85596000,71220708
2012-01-03,37911800,193697900,39514100,1443200,468044000,64731500,102216000,146912940
2012-01-04,45418500,127186500,29403400,2378200,347372000,80516100,84104000,114445440
2012-01-05,50873400,173895000,41260600,2825800,563548000,56081400,76182000,131184684
2012-01-06,55685000,148050000,46325200,2795400,533252000,99455500,140168000,107608284
2012-01-09,38481100,99530200,39195500,4355600,508244000,59706800,101138000,232671096
2012-01-10,48976300,115282000,35949900,2083000,546328000,60014400,79716000,175648176
2012-01-11,30836000,111540700,37144100,1687400,484272000,65582400,62054000,95904000
2012-01-12,31775700,118983700,26188300,2576600,652364000,49370800,107716000,74932992
2012-01-13,31482600,179836200,35980400,3208000,504300000,60196100,95070000,92199708
2012-01-17,35769400,132209200,41790800,2917600,627176000,72395300,112890000,76295628
2012-01-18,35343800,163395200,48692700,7090600,632676000,64860600,149470000,110357532
2012-01-19,36353100,126328900,47774500,6564600,608312000,74053500,141920000,251959788
2012-01-20,37014000,138230200,41041700,3256400,546272000,165902900,112206000,422628948
2012-01-23,27438400,129295800,40958300,4182200,562792000,76078100,91706000,136379484
2012-01-24,23700900,103083300,38440200,2353800,730920000,51703300,93476000,122109768
2012-01-25,39274500,198613200,61591800,3164400,1274152000,59231700,86128000,199308492
2012-01-26,34646400,184880500,37852700,3280000,799672000,49102800,117472000,128918952
2012-01-27,24561500,135259100,45532300,3316000,449996000,44187700,93180000,144555300
2012-01-30,23294900,147311800,42797800,2951400,399076000,51114800,108482000,93126780
2012-01-31,32744000,157212000,51449600,2584600,357900000,50572400,255444000,85610304
2012-02-01,38240800,166234500,46146700,3986400,428020000,67409900,426732000,92735172
2012-02-02,27334400,113090400,46373600,1344400,696236000,52223300,174726000,96491412
2012-02-03,26277200,160598500,36453800,1839200,495232000,41838500,162410000,126613260
2012-02-06,16582600,107694500,28541300,1286600,278868000,28039700,106200000,147036816
2012-02-07,20291700,135528100,37935700,4194800,410296000,39242400,102078000,83600316
2012-02-08,29842600,139361400,41171100,1477800,847612000,49659100,109532000,73382544
2012-02-09,31795300,148602900,46856400,1938200,561944000,50481600,143784000,90497412
2012-02-10,30232000,167907500,58090500,2451200,440268000,44605300,115942000,92914992
2012-02-13,20015200,115841900,36810200,4599400,610668000,33319800,121428000,72579348
2012-02-14,30267900,165329500,51648200,3046400,453756000,59644000,190542000,72075852
2012-02-15,34620600,195195100,105709100,5356800,1110856000,43311300,155888000,96938964
2012-02-16,36380600,186567800,83642300,4707400,1888588000,94705100,251276000,101134764
2012-02-17,34061000,129869400,76112300,5350400,1020360000,70036500,148362000,97866036
2012-02-21,20612200,134042300,38141300,2769000,518176000,50829900,135130000,99132768
2012-02-22,25207600,124455300,43174700,5228000,492432000,49253200,115708000,78601320
2012-02-23,25319100,137704300,54250000,3498200,323968000,35034700,103076000,82117800
2012-02-24,24952400,105539100,41364900,1231200,366668000,35575400,73374000,77346576
2012-02-27,30419400,145728900,42678500,4542800,745268000,34568400,74124000,72483444
2012-02-28,29889400,129355900,43717500,2212400,699884000,45230600,115290000,113790096
2012-02-29,33160700,185934700,59784400,3979000,689196000,59323600,106006000,125350524
2012-03-01,32909600,145023500,67558900,3732200,449944000,77344100,98720000,89418492
2012-03-02,28177200,120638300,33358200,3175800,684076000,47314200,73156000,62869068
2012-03-05,33786600,140765000,45788800,8525000,514848000,45240000,93654000,63668268
2012-03-06,28971600,202129900,54638600,4924200,471400000,51932900,112244000,126849024
2012-03-07,23691100,143692200,42741800,4833800,441984000,34340400,99030000,50529420
2012-03-08,30927300,116968900,43711100,2986600,430852000,36747400,84430000,53766180
2012-03-09,30056300,122836800,43117200,2328800,367836000,34628400,90212000,106717176
2012-03-12,40933900,104003500,32687300,2328000,299948000,34073600,51752000,66693240
2012-03-13,32329200,184090500,61559100,2471600,553288000,48951700,88116000,89742168
2012-03-14,30994400,145163600,59926900,3301600,735708000,41986900,73994000,117358524
2012-03-15,35528500,165118500,65531200,3369200,382380000,49068300,83202000,97306596
2012-03-16,38651200,152893500,53023100,1858000,428340000,65626400,98680000,121897980
2012-03-19,32519400,125291100,60966200,2747000,405400000,44789200,78068000,86825088
2012-03-20,46126400,121729700,47290600,2724400,449616000,41566800,183308000,61558380
2012-03-21,94678000,122388400,39648100,1639400,467840000,37928600,84288000,98685216
2012-03-22,59763200,135216700,56953900,2416600,425372000,31749500,74792000,96311592
2012-03-23,36696300,120521000,45541700,2213400,315456000,35912200,119680000,77530392
2012-03-26,30044300,120164000,40855300,3000400,288600000,36758300,152274000,72695232
2012-03-27,31710000,119868500,37278200,1810400,419968000,36274900,192016000,80207712
2012-03-28,29405300,148562100,44421900,2706200,892448000,41344800,124900000,101454444
2012-03-29,34035400,164963700,53975300,1434400,372700000,37038500,114224000,76895028
2012-03-30,32006100,135486800,39480900,2013800,527240000,31749400,88762000,92335572
2012-04-02,28525300,151741100,40031600,2229000,407776000,35853600,128606000,91276632
2012-04-03,29995400,155806700,45539900,3063000,430476000,42752100,100014000,81714204
2012-04-04,31154000,146896000,54088100,4719800,495896000,49455900,109138000,65038896
2012-04-05,43273500,137439400,42979900,2054600,369424000,50368600,64350000,92655252
2012-04-09,21528500,127555900,36908200,1822200,365504000,31056400,62718000,87220692
2012-04-10,41175000,235360300,69254200,6636600,470360000,54131300,89100000,99180720
2012-04-11,30390100,154133000,62950000,2729000,372960000,43014000,86756000,87872040
2012-04-12,29414300,154321500,57407400,4787800,384868000,38304000,80558000,230033736
2012-04-13,16685800,169246700,55227500,6673600,311324000,39749200,68636000,326045628
2012-04-16,21476800,147825300,57588000,3849200,463468000,38124800,80886000,227456316
2012-04-17,24985300,147877600,47362400,3705600,460696000,34361500,56584000,120835044
2012-04-18,21151400,123884200,42536100,4244400,400764000,40552900,80038000,106673220
2012-04-19,26462100,198666700,81110900,11568200,667188000,54781200,80048000,131652216
2012-04-20,35727900,143199600,59906900,5839000,509592000,106045000,64872000,122213664
2012-04-23,23045500,171844900,70514400,3330000,706244000,61398200,69620000,87824088
2012-04-24,20486900,137484200,49661500,2696800,730440000,40871100,67526000,77086836
2012-04-25,26902800,150252200,57526900,4502000,727112000,62495500,79102000,72771156
2012-04-26,20548300,136291600,41799500,4001200,539208000,40308100,204680000,83616300
2012-04-27,16847800,130725000,46003800,3040600,475356000,41419100,442338000,65390544
2012-04-30,18568500,115092200,37787700,1161000,262268000,35697200,195138000,96195708
2012-05-01,19965400,138832200,37643800,2866600,408680000,43832300,135098000,80011908
2012-05-02,22579000,121081000,38299300,1903400,684008000,37385300,91868000,64395540
2012-05-03,19175800,143759700,51297600,4111600,419536000,31501300,81110000,74645280
2012-05-04,33934300,193927300,107554000,4112400,545092000,57927200,91704000,88207704
2012-05-07,33670500,127765900,50267800,2402000,604440000,48641400,66286000,79700220
2012-05-08,24660200,213377700,72659700,8079800,462312000,46328300,90448000,106984908
2012-05-09,25521100,220752500,85715300,7507800,520608000,50309300,74240000,93058848
2012-05-10,52653300,150600000,49448900,6998800,597092000,43839200,92968000,61374564
2012-05-11,25588900,153032400,47099900,4738400,1435140000,43459300,83872000,83892024
2012-05-14,22485200,163910000,46360000,1681800,437472000,40528900,61932000,72903024
2012-05-15,26392900,207629300,66908600,3744600,599940000,61822800,114274000,83999916
2012-05-16,29672800,207265500,52825900,7378000,470484000,60083700,105236000,193210596
2012-05-17,29440600,247992900,62253900,3182600,335364000,48484000,90110000,134017848
2012-05-18,68182500,319615900,79496500,3914200,567288000,56205300,104634000,238701060
2012-05-21,30712700,177861100,61473000,4805400,416260000,38787900,71596000,122892984
2012-05-22,22122800,197531200,62954800,5573600,410140000,39504900,74662000,121953924
2012-05-23,33179600,204958400,56951100,6043800,496000000,65171000,84876000,126996876
2012-05-24,34232000,167357600,83131200,2448400,520420000,52575000,62822000,75576348
2012-05-25,18642900,135465600,32078900,1486000,391752000,29507200,43428000,143132724
2012-05-29,24139900,152883500,44216700,2183000,310000000,37758800,53878000,104123772
2012-05-30,21538300,162370400,56431800,3378800,379792000,41585500,81564000,76191732
2012-05-31,32192300,196186000,55260100,1360200,358192000,39134000,98880000,118613268
2012-06-01,30739700,253240900,71430800,4593000,440984000,56634300,79030000,122193684
2012-06-04,28945200,202545800,74119500,3403400,432856000,47926300,85992000,97210692
2012-06-05,28412000,164149400,47916900,4357000,365224000,45715400,70878000,93502404
2012-06-06,27639000,184202800,58781800,3027200,368968000,46860500,54202000,83748168
2012-06-07,32896100,184772700,38414800,5466200,526780000,37792800,70078000,70269660
2012-06-08,22343200,143915400,39730800,3694000,370308000,42551100,57540000,56359584
2012-06-11,20470800,169756100,51008900,3430800,839080000,46361900,74982000,106337556
2012-06-12,26186900,181931800,48802600,5289400,496128000,35337900,56666000,128839032
2012-06-13,19638800,172223900,50840100,2370200,494276000,32984600,46504000,78089832
2012-06-14,34311700,230615500,65170600,2658000,589884000,39458900,61218000,93702204
2012-06-15,40136400,169444500,41536100,2004800,385288000,62314400,75704000,119927952
2012-06-18,38322000,131360900,32191200,1862600,304424000,58679900,67392000,99776124
2012-06-19,81048700,137382600,36476500,1726200,960476000,75725800,54332000,82964952
2012-06-20,29281700,206451800,51389700,2357800,972720000,36257100,48888000,93774132
2012-06-21,32721900,205272200,42492700,6024400,516376000,48456600,56860000,80371548
2012-06-22,22163000,130029200,29504200,3750400,865360000,45098100,43750000,89026884
2012-06-25,24918800,146375700,33136400,5522200,494616000,42217200,47646000,63200736
2012-06-26,20614200,141634000,30611100,8068000,437152000,38421300,75082000,53953992
2012-06-27,19388200,108088000,35705800,2596600,506064000,33781700,55984000,67624308
2012-06-28,27175800,169242100,49793400,2727800,545896000,45328400,59896000,76759164
2012-06-29,35545300,212250900,44761300,6599600,616508000,55227200,72288000,100679220
2012-07-02,24445300,129524500,33425600,2686200,581684000,30589100,46614000,66153780
2012-07-03,14468000,80450000,15895100,2606200,219284000,20938100,26634000,47532420
2012-07-05,19244600,126177500,37016200,2610400,280076000,28801900,53646000,93742164
2012-07-06,25259400,151192100,40684100,5125000,382760000,38294800,64064000,86385528
2012-07-09,21873200,103780500,35628300,2345400,306336000,30680800,38440000,68535396
2012-07-10,23424100,167884800,47365700,5388600,512028000,37534100,59642000,76847076
2012-07-11,27247300,141733400,43432000,3663000,485216000,39184900,54694000,139832028
2012-07-12,23562000,143583200,57680400,4513800,472160000,63523600,52324000,92299608
2012-07-13,22026800,129642600,32357200,2723000,324260000,39085000,44438000,78960960
2012-07-16,16819600,97525200,27621400,1760600,334460000,27900600,40084000,58445496
2012-07-17,23897100,138860300,42467800,4475200,447476000,33771300,39740000,67136796
2012-07-18,24988700,113349700,44489700,8982200,616008000,41090400,41860000,61866072
2012-07-19,26180000,129847300,53017800,4929000,403036000,46663200,108988000,186801012
2012-07-20,25013000,142904500,40573100,3560200,451000000,64021700,83400000,258289452
2012-07-23,23403200,145210900,48657800,3742600,451584000,55151900,110302000,142325532
2012-07-24,23707500,173301200,57269700,2696800,351164000,47723300,100174000,80295624
2012-07-25,22389100,129122300,46264400,5934000,415044000,45579500,72934000,72847080
2012-07-26,26746600,156526500,41928200,5888000,338440000,45301400,138748000,67340592
2012-07-27,23852100,236768900,42621000,4051200,376516000,44242600,226278000,141846012
2012-07-30,20919700,106782000,37821300,5474600,363552000,28905000,74728000,87380532
2012-07-31,20951600,120575900,34588300,4774400,387788000,37620900,69072000,74549376
2012-08-01,17344400,138293800,30920200,1020200,335912000,31721800,50876000,73710216
2012-08-02,22103400,199556600,40534900,7191400,367912000,39520500,60962000,79028892
2012-08-03,17767200,157825000,42117400,3702800,326548000,35859400,56506000,75808116
2012-08-06,18658400,86326200,23523600,4985200,360324000,27471800,36874000,71224704
2012-08-07,21692700,109545100,28223300,6421400,407340000,28002900,41166000,79192728
2012-08-08,22436100,89754700,20723500,1862200,517064000,26257600,30686000,52835112
2012-08-09,14578500,90291700,20726200,1477200,822300000,24920800,30962000,42769188
2012-08-10,13848800,99792700,20312000,3183800,1278744000,27810300,37050000,57326616
2012-08-13,14362100,79426900,19890300,5276400,447244000,23049100,39946000,130585284
2012-08-14,13806800,102379400,24218700,1407200,388828000,34551400,55020000,146321532
2012-08-15,16230100,71085900,29100400,3765200,594404000,24351000,65294000,96331572
2012-08-16,20333700,112014200,35699900,1925400,371008000,35787200,86242000,68639292
2012-08-17,20814500,90813700,22584800,1629600,309864000,32589900,61716000,87020892
2012-08-20,11189200,78255700,26924000,2552600,314392000,23737700,37798000,70253676
2012-08-21,19673100,105581100,41391000,3928000,340248000,28822700,51430000,88799112
2012-08-22,18087900,133243500,44555700,2326200,313556000,33437400,49474000,76291632
2012-08-23,14201700,111466400,28800400,5525400,379040000,28355600,49078000,71296632
2012-08-24,14811400,99481200,38384800,3838400,347724000,22943300,73976000,57006936
2012-08-27,14708300,68785900,20671400,4490600,340944000,34691100,58594000,104443452
2012-08-28,15993500,75689600,27337900,3666800,310764000,23947900,54846000,82261656
2012-08-29,15845300,65421300,26672400,967200,250412000,23346800,35452000,119492388
2012-08-30,17984700,96589900,24425400,4521800,307488000,23982100,72950000,65010924
2012-08-31,21240300,151970400,42128000,5788200,485064000,36590100,66950000,84998916
2012-09-04,16654700,120226200,32017200,5802200,694452000,48556700,79016000,75508416
2012-09-05,22994600,100660300,26129300,3733400,480256000,33650000,53052000,68259672
2012-09-06,22699700,158272500,43100000,6081400,657296000,48371700,107228000,121618260
2012-09-07,19068700,107272100,32958600,3364600,781064000,42649100,100590000,129190680
2012-09-10,18589900,86458500,25490000,4159200,371108000,40524000,51344000,102297600
2012-09-11,21554800,88760000,29810100,2915600,382808000,25191800,50496000,74877048
2012-09-12,20602100,87640900,42203400,2059400,322608000,32775800,45464000,105586308
2012-09-13,27451700,225470200,45417800,3676600,433836000,45047300,70512000,106253640
2012-09-14,23162900,169777000,38880300,4352400,339468000,51422800,73324000,104635260
2012-09-17,25017900,119427800,31798400,1594800,493348000,36488500,46126000,60271668
2012-09-18,25285000,98326600,27169800,1785600,359952000,34542700,44300000,82589328
2012-09-19,20913400,128318300,36484600,2572800,451936000,48871900,52736000,123808068
2012-09-20,38005700,154009800,42520200,5383400,320596000,45543000,58272000,116179704
2012-09-21,62905800,108737500,23678500,3387800,340136000,102348900,121186000,254109636
2012-09-24,18511200,95682000,32341600,2814400,357832000,46825900,54158000,142409448
2012-09-25,30757800,133165200,41299600,4760200,481544000,54266400,88116000,242097660
2012-09-26,29234500,146502200,32770400,3571200,436812000,54672000,58410000,226689084
2012-09-27,23400200,111830300,25339500,6098800,558888000,47129900,67948000,157086756
2012-09-28,27014800,150696100,30112600,4141200,485508000,54229300,49132000,111228660
2012-10-01,28412900,135911200,37715300,4067800,504236000,54042700,51624000,126593280
2012-10-02,21859900,113422200,33254300,6739800,295492000,43338900,43916000,111496392
2012-10-03,19700800,121283100,38236000,5290800,430872000,46655900,54912000,88243668
2012-10-04,25156900,124311600,26128600,4790600,502608000,43634900,54008000,98069832
2012-10-05,31239000,124842100,25207900,4601800,483068000,41133900,56130000,109326564
2012-10-08,22261500,78415400,30911500,2944000,240596000,29752000,35246000,78265656
2012-10-09,23311300,148872900,67974000,5121600,366360000,45121100,69896000,120007872
2012-10-10,23103700,124247500,45134300,3169800,326568000,47227100,78966000,81514404
2012-10-11,20436300,123601500,30469400,4894800,320516000,41488500,68946000,95260644
2012-10-12,18639800,124181900,24891200,4464000,260696000,46464700,44064000,96071832
2012-10-15,26143200,107689100,22220100,4240600,249580000,42440200,59196000,120643236
2012-10-16,22024500,108815500,33960600,6906600,367696000,47739400,44082000,82245672
2012-10-17,28326200,128834100,33439400,3449200,391752000,44206100,66054000,91624284
2012-10-18,26013900,148108500,61707600,3364200,254772000,59238500,106106000,497198304
2012-10-19,26239700,185645200,75362600,6849800,709412000,90470800,87906000,458828712
2012-10-22,17338400,125578600,38621500,2919400,480840000,83374000,90000000,162061776
2012-10-23,21384700,192056300,52591200,3202800,573948000,64414800,88616000,116547336
2012-10-24,21642700,120179400,39872400,2811800,332916000,53320400,73574000,99760140
2012-10-25,20696000,134457400,52688700,3091000,307356000,54084300,134826000,95947956
2012-10-26,19815600,146023500,54213100,3628600,389376000,57790000,227350000,77953968
2012-10-31,21844400,103438500,38524500,2395000,347112000,69464100,95952000,61418520
2012-11-01,22886100,100995600,26945000,6386200,473220000,72047900,78102000,81921996
2012-11-02,17251200,137702200,44083000,4326000,256700000,57131600,67494000,92883024
2012-11-05,13590100,98378500,28094700,3447400,444840000,38070800,36922000,65370564
2012-11-06,15018800,107068100,29608400,2566800,350804000,43401500,53226000,63248688
2012-11-07,22295700,264304500,70737800,3717200,324620000,57871800,72484000,89202708
2012-11-08,17902800,181517300,58585800,2291400,839024000,49841800,59648000,103776120
2012-11-09,15537900,201055300,51542100,4467000,846280000,43291200,61850000,124439436
2012-11-12,10964600,97677500,32663700,1131400,643624000,61112300,42576000,56179764
2012-11-13,20901000,123018300,43288300,2455600,492120000,131689200,52596000,63704232
2012-11-14,22562900,191505000,82655300,4286000,619300000,76086100,60682000,66669264
2012-11-15,26295000,178128400,55124200,3171200,466688000,50955600,68094000,73882044
2012-11-16,25491700,239483900,70873100,4139000,624552000,64083300,87056000,137390472
2012-11-19,22551100,151495800,55306400,2602000,404092000,57179300,71824000,94633272
2012-11-20,17448200,119807400,52012700,2159800,336976000,47070400,55434000,83464452
2012-11-21,17423900,81710800,19611700,1253200,422312000,66360300,59186000,84403512
2012-11-23,8211500,65409200,16462900,1732800,276932000,57845700,35536000,36863100
2012-11-26,15644900,100124400,26430900,1875800,364600000,85198700,83566000,88095816
2012-11-27,24696300,128646200,25828600,3444600,451404000,45018600,60970000,100247652
2012-11-28,21603200,177086500,37295800,2366400,398332000,53018400,54868000,121558320
2012-11-29,22205300,151085900,41136100,2143800,488688000,69551400,106210000,110948940
2012-11-30,26610600,136568300,33497400,1912600,460504000,83690200,75948000,126417456
2012-12-03,22159300,124656300,28240000,2084400,391380000,53173800,59812000,87612300
2012-12-04,17391100,127512200,49584500,2423200,528068000,49777500,62294000,79588332
2012-12-05,30775300,147300500,54076200,1619600,633024000,68283800,57044000,74421504
2012-12-06,25132600,103220600,47512300,1529200,412896000,39182300,71158000,58433508
2012-12-07,18421100,108726400,30089400,1685800,338288000,46162100,43406000,76695228
2012-12-10,20712600,98840700,33219600,2785200,513644000,47031100,70076000,54613332
2012-12-11,25716300,152570400,40750800,3139400,816724000,52282800,83704000,107396496
2012-12-12,20205300,145880100,45917700,2025000,399404000,43966300,52562000,96942960
2012-12-13,20608200,135715000,45467700,2503000,377556000,45080100,49204000,137658204
2012-12-14,21930800,137701700,39630300,1412000,338660000,42077500,50538000,85118796
2012-12-17,24047300,143238200,42302900,1980600,445232000,42046100,45540000,121294584
2012-12-18,37797600,177762800,55596000,2801800,416436000,50486900,99220000,120075804
2012-12-19,60937600,150895400,34832500,2140200,458544000,53519900,46000000,76667256
2012-12-20,28119900,168487000,40754300,2132000,334332000,52607300,51692000,66213720
2012-12-21,45601600,245883800,51152900,2988200,462172000,98776500,94092000,140898960
2012-12-24,6451900,53874600,11418300,1713600,127376000,20842400,19688000,33602364
2012-12-26,13282100,106947700,21751300,1029200,196740000,31631100,83054000,47248704
2012-12-27,21600200,167920600,52933200,2325800,299804000,39394000,72786000,65830104
2012-12-28,16792100,148806700,33082100,1812800,220600000,28239900,37174000,56023920
2012-12-31,25320000,243935200,57544000,1636600,326460000,42749500,68380000,79816104
2013-01-02,33758400,192059000,70695900,6109400,478836000,52899300,65420000,101550348
2013-01-03,21819500,144761800,47366500,3236200,298888000,48294400,55018000,92635272
2013-01-04,21687300,116817700,33972500,2777800,524968000,52521100,37484000,110429460
2013-01-07,14008300,110002500,26766200,2463600,610732000,37110400,98200000,66161772
2013-01-08,17408900,121265100,28734900,2440400,466424000,44703100,60214000,66976956
2013-01-09,18932700,90745600,25600300,4923000,695020000,49047900,45312000,80907012
2013-01-10,17843600,130735400,37528000,5043600,506368000,71431300,57268000,73354572
2013-01-11,15105200,113917300,21158600,3502000,513172000,55512100,48266000,51356592
2013-01-14,14589400,89567200,36768500,2327800,305684000,48324400,85500000,114441444
2013-01-15,16263600,93172600,31675300,1673200,375888000,48244500,46538000,156950892
2013-01-16,17608200,104849500,33822300,2524400,337376000,41077400,41312000,80855064
2013-01-17,17827100,133833500,32024200,9574000,580736000,51685900,37692000,88371540
2013-01-18,30088900,169906000,31992000,4436800,397088000,52167700,58840000,128942928
2013-01-22,19309500,111797300,32123100,2981800,308224000,58650600,42754000,151544304
2013-01-23,17235800,104596100,31975700,5578200,421808000,50387700,50178000,236127636
2013-01-24,18662000,146426400,42596300,5934800,396980000,101739300,68340000,135172692
2013-01-25,18061300,147211600,39240100,1893600,393920000,81847700,99362000,88946964
2013-01-28,20119500,113357700,32926100,2331800,422492000,56056500,86428000,65018916
2013-01-29,18284800,105694400,35554700,1145800,388872000,49242600,203452000,69814116
2013-01-30,14249900,137447700,34445000,1875600,287592000,43580500,261508000,69250680
2013-01-31,19077700,108975800,34870500,2845600,470544000,50530000,135442000,65302632
2013-02-01,27725700,131173000,53120800,3446400,288816000,55565900,122300000,149694156
2013-02-04,23595800,159073600,48483700,2991600,511744000,50540000,74472000,121498380
2013-02-05,16662700,113912400,35120300,2673400,367296000,35410400,80258000,74753172
2013-02-06,15603500,138762800,43593200,2776000,530688000,41889600,55408000,83040876
2013-02-07,26869300,162490000,46017900,2370200,440000000,38028300,79514000,113494392
2013-02-08,19255700,103133700,39837200,2498400,307232000,33318500,77584000,120683196
2013-02-11,12648800,73775000,17650400,1652600,408308000,32247700,68074000,86625288
2013-02-12,14666300,65392700,22057900,2694600,277804000,35990900,58874000,74285640
2013-02-13,13176800,82322600,23494700,4159400,856396000,41715600,105860000,47880072
2013-02-14,15886800,80834300,24478800,1792000,882096000,32663200,69260000,69342588
2013-02-15,18406000,215226500,25333600,2686800,733860000,49650900,79598000,109082808
2013-02-19,16446000,95105400,23436500,2017400,433552000,38781400,57084000,117154728
2013-02-20,16263700,160574800,38200300,4074200,713012000,44110200,70578000,110457432
2013-02-21,20923100,183257000,45855600,3666000,580408000,49078500,72748000,140115744
2013-02-22,13754700,106356600,21968000,5392000,370148000,31425900,62496000,82073844
2013-02-25,19992900,245824800,40927600,2968800,644444000,48011800,60648000,92063844
2013-02-26,15839500,186596200,42088800,4776600,487504000,49923300,66972000,88011900
2013-02-27,15671400,150781900,36339500,2481600,476980000,36394700,58162000,80962956
2013-02-28,23816400,126866000,28557300,2916800,591392000,35840200,53344000,90541368
2013-03-01,20376000,170634800,31617200,3763000,389396000,34849700,59140000,86928984
2013-03-04,14750500,99010200,19380500,1773000,353680000,38157500,69060000,110912976
2013-03-05,15410100,121431900,35581900,3365000,366168000,41432200,73724000,161602236
2013-03-06,21340800,94469900,29071100,1671600,342928000,51448500,41014000,114805080
2013-03-07,15098100,86101400,21775900,2591200,314824000,29196700,38780000,82025892
2013-03-08,14985000,123477800,26159900,3575000,246464000,37667800,37596000,116359524
2013-03-11,14111600,83746800,23187900,948400,299748000,36627500,38098000,63724212
2013-03-12,18411100,105755800,27575400,2123200,310856000,39255200,64924000,80251668
2013-03-13,21228800,92550900,34297300,4089600,485840000,29093400,37684000,65586348
2013-03-14,21040700,126329900,31530800,1287000,383304000,55914800,104534000,65981952
2013-03-15,56178100,138601100,30752600,3453200,355776000,92710300,97318000,123864012
2013-03-18,20654800,126704300,36163000,2501400,298312000,44809400,54404000,73458468
2013-03-19,20548800,167567300,33125100,4890000,355480000,51901600,74770000,83844072
2013-03-20,41088100,113759300,28035400,2215800,340588000,35447800,54778000,58493448
2013-03-21,132669500,128605000,30050800,5907000,339032000,34233200,56128000,59044896
2013-03-22,64333500,111163600,28837200,2657800,232476000,28720900,62492000,59468472
2013-03-25,39694400,151322300,24909800,3810200,362076000,44154000,50278000,68411520
2013-03-26,29420300,86856600,19725200,3083600,232540000,27824300,48420000,47628324
2013-03-27,35028500,99950600,22539500,2050000,254944000,36047400,57498000,86441472
2013-03-28,23676700,102932800,23662800,1354400,349276000,55453800,49474000,91420488
2013-04-01,18677600,99194100,28112800,4961600,442828000,29201100,50496000,72219708
2013-04-02,22619600,101504300,29431900,4374200,371524000,28456500,52622000,81578340
2013-04-03,25545200,154167400,35131200,8800800,353156000,35062800,48276000,69470460
2013-04-04,18163800,131885000,32287400,3558800,294676000,45263200,39288000,97806096
2013-04-05,24415300,159666000,55610800,5900400,551352000,50927300,51148000,137218644
2013-04-08,14134400,86571200,17891600,2200400,326660000,34759500,45912000,113170716
2013-04-09,30087400,101922200,30931400,7251200,380584000,77733800,43132000,86205708
2013-04-10,35941000,135711100,55271300,6352200,384688000,71116700,46450000,79064856
2013-04-11,23080700,110142500,37233600,4625800,969220000,130923200,61810000,81066852
2013-04-12,18408200,116359900,32783700,2900000,770548000,62886300,57326000,65402532
2013-04-15,19617500,217259000,48795800,5953600,430420000,56332900,66520000,98025876
2013-04-16,17310600,147507800,27682600,3709800,468844000,52797300,42744000,69610320
2013-04-17,25277000,226834800,60204800,11366200,532948000,52840700,62702000,81398520
2013-04-18,24892500,167583200,56798200,8411200,402548000,56906600,62752000,132767100
2013-04-19,30391400,149687600,43062800,6675200,303028000,99790700,52050000,231895872
2013-04-22,18754900,106553500,34412100,3695400,245568000,137904000,42382000,115220664
2013-04-23,23964900,166141300,53078300,7362400,376948000,59126900,45412000,91600308
2013-04-24,22601800,96781200,44500700,3719200,556556000,90946600,37056000,73090836
2013-04-25,25910200,131060600,26437100,4474000,353224000,110700200,122330000,79608312
2013-04-26,22376200,95918800,24079800,4070600,324332000,47799300,280600000,99408492
2013-04-29,31381300,88572800,31664000,1984000,269712000,59116400,142340000,91939968
2013-04-30,50028100,116010700,30135800,4710600,276712000,75165200,84976000,92175732
2013-05-01,32712000,138874200,28537200,5560200,341316000,54330900,87828000,58141800
2013-05-02,22992700,96407600,31744200,3644800,323480000,46059500,78724000,80651268
2013-05-03,23976800,144202300,34061700,8124600,293864000,46784600,70280000,100403496
2013-05-06,17964500,66882100,19244300,4342200,217116000,40978300,46956000,85566348
2013-05-07,17955000,90359200,25838100,4350400,448068000,43078300,62674000,78281640
2013-05-08,21382700,97419200,24252100,3623800,334032000,51595700,53540000,98633268
2013-05-09,18722100,106738600,29337200,2292600,566800000,46417800,55386000,87935976
2013-05-10,17364100,103203000,20663700,1678600,861136000,36394900,62906000,75832092
2013-05-13,12193400,81843200,29730100,2939600,289812000,36027600,42990000,57882060
2013-05-14,23560400,119000900,36009800,3127000,454140000,56870100,54000000,63108828
2013-05-15,18360500,120718500,27214400,2476200,313172000,46303900,54410000,159276564
2013-05-16,25526300,109913600,27253400,3117600,308368000,59382900,32870000,128255616
2013-05-17,26986800,129801000,31114500,1526800,312116000,60666700,50546000,111568320
2013-05-20,18326400,85071200,25132400,3004800,236380000,54020800,44180000,90817092
2013-05-21,19682900,95804200,25900000,1574000,357784000,48702400,34824000,79240680
2013-05-22,33742400,244031800,59843200,4833400,480404000,66047500,66640000,102321576
2013-05-23,20442500,211064400,48222100,3223000,393884000,51102700,40006000,90912996
2013-05-24,22642500,151573900,26430300,1608600,283304000,33174400,33926000,91780128
2013-05-28,21432200,143679800,27057100,1940800,279300000,48212100,69420000,90209700
2013-05-29,16004800,160363400,32090300,2303400,335052000,38412200,38068000,80455464
2013-05-30,17928400,107793800,32390500,6741400,284504000,51131000,33350000,84743172
2013-05-31,24412100,176850100,38347600,4706200,577508000,56165700,67486000,78697224
2013-06-03,19782700,168390700,47613100,4004400,444468000,51252600,50878000,98928972
2013-06-04,20324900,157631500,35251900,10307000,363676000,65529500,41772000,74669256
2013-06-05,22005600,211737800,48654200,4897800,464520000,46025100,70246000,84187728
2013-06-06,29158700,200225500,62524100,3816200,341044000,37618500,49526000,103060836
2013-06-07,20548900,188337800,31969800,2858800,274584000,40757300,92652000,106877016
2013-06-10,16901500,105667100,25390000,3146200,224148000,35994500,61730000,93418488
2013-06-11,15274500,159505400,40278900,5023800,296336000,39435900,61956000,70233696
2013-06-12,13731100,177361500,42081900,4313400,312588000,37372700,44778000,88103808
2013-06-13,15727400,163587800,28221500,3889600,236256000,45654900,52996000,82713204
2013-06-14,17551400,141197500,27690700,1603000,236012000,53192600,43016000,89710200
2013-06-17,19398200,136295600,32441900,1986600,255336000,49670100,57680000,85766148
2013-06-18,16949300,114695600,24853100,3791400,486772000,28616500,42922000,86589324
2013-06-19,19408400,206149500,43145100,3071000,1159588000,30816200,56550000,116519364
2013-06-20,35222400,321255900,60908400,5170800,628696000,54493700,59680000,134745120
2013-06-21,140813500,271956800,51558900,4243000,714228000,85338500,84020000,159132708
2013-06-24,78919200,222329000,41492300,5695400,580772000,56109000,77276000,120555324
2013-06-25,64051500,162262200,28897400,2286800,457360000,44073400,48992000,102025872
2013-06-26,52429800,134848000,23742300,2582200,579752000,48665900,60590000,73182744
2013-06-27,43014900,129483700,23545000,2283600,808036000,28993100,50390000,76982940
2013-06-28,39787100,160402900,28301100,1667400,431536000,65545500,63866000,93878028
2013-07-01,33962900,131954800,24942800,1784000,199524000,31055400,57764000,68923008
2013-07-02,33114500,154863700,23067900,2210000,256392000,37630000,64764000,75584340
2013-07-03,18629700,75216400,18847500,2929000,140388000,15994400,27460000,41838120
2013-07-05,22193800,122416900,28795900,5768000,184684000,26085900,39708000,68007924
2013-07-08,28904300,108092500,20558500,3450000,262084000,32396900,60934000,78701220
2013-07-09,28854300,119298000,26108600,3129800,157364000,25318500,55512000,79096824
2013-07-10,28458600,121410100,25598900,1813400,208468000,29658800,36204000,68267664
2013-07-11,33193000,135592200,47768900,3069600,239832000,53638300,80146000,103264632
2013-07-12,157674700,104212700,31412600,1988400,216360000,35501200,90786000,102625272
2013-07-15,36543400,69450600,19783600,1033000,201332000,34142600,44912000,78341580
2013-07-16,22531400,88702100,31747100,1659600,162560000,36378500,53204000,79240680
2013-07-17,22357000,92873900,24631500,3174800,166100000,37285100,40594000,60183756
2013-07-18,23615600,103620100,36278800,5689000,344488000,49547100,61276000,145234620
2013-07-19,28512000,103831700,37732400,5896200,480532000,248428500,59462000,294077628
2013-07-22,16760100,79428600,21135900,6192800,292384000,79040700,50414000,116011872
2013-07-23,16771000,80829700,24739500,2134200,246792000,65810400,39992000,81746172
2013-07-24,20003600,112914000,24426900,3823600,284252000,52803100,40010000,83056860
2013-07-25,21050300,111088600,23162200,5375400,243320000,63213000,108116000,119923956
2013-07-26,17308500,107814600,20885600,5354200,227360000,38633600,176350000,71036892
2013-07-29,16119300,79695000,20958400,1376200,179540000,28870700,64236000,75600324
2013-07-30,18340700,85209600,24104600,1298000,266076000,45799500,61068000,70153776
2013-07-31,30540500,142388700,25007600,5623000,270160000,43898400,37826000,86853060
2013-08-01,15797000,110438400,16880000,2659800,277648000,42557900,59434000,85450464
2013-08-02,18998100,91116700,18105300,2077000,209628000,29199900,50052000,68487444
2013-08-05,11151300,54072700,15462800,564000,185188000,30984000,44664000,52335612
2013-08-06,18620900,87495000,23675400,918400,206608000,36331500,36980000,60183756
2013-08-07,17416900,84854700,20281200,2107000,244380000,38078600,39220000,55112832
2013-08-08,14204600,102181300,19994000,1321600,345696000,59034400,46868000,59460480
2013-08-09,11646000,91757700,18558500,3587400,906224000,26800700,39006000,52895052
2013-08-12,11746400,68593300,20515900,1981400,257568000,25493700,30090000,55024920
2013-08-13,12738700,80806000,23917000,2291600,197468000,39464100,46998000,56735208
2013-08-14,19684400,79829200,29921000,2213200,828508000,48519600,28300000,83204712
2013-08-15,19574600,152931800,39406600,4745000,723616000,33338000,45228000,74693232
2013-08-16,19504100,130868200,23825000,3545400,660456000,32866300,48450000,66936996
2013-08-19,13385600,96437600,29586900,1254800,393432000,27902500,49548000,72363564
2013-08-20,13870200,89294400,18842800,2219200,234192000,22979600,31726000,49270680
2013-08-21,11955400,159530500,30705100,3164400,261540000,37409100,36306000,70221708
2013-08-22,10271600,101471400,17269500,806000,129016000,31169900,28452000,34761204
2013-08-23,27128400,90888900,20697300,810400,245120000,225493800,39238000,43040916
2013-08-26,18888600,89702100,27525500,937200,300152000,72786800,34234000,42057900
2013-08-27,16061600,158619400,40068900,2103000,277464000,58522300,49520000,69294636
2013-08-28,15919100,108113000,20490400,2614400,318824000,44257400,29142000,53142804
2013-08-29,14012100,119200500,27287900,3225600,276216000,45284700,31328000,59080860
2013-08-30,14044300,134928900,26228500,1665200,378120000,42790200,30694000,74389536
2013-09-03,14647300,142375100,27241500,1464000,284680000,154507000,57952000,81822096
2013-09-04,13040800,97389400,27142900,1260600,222080000,142320600,48772000,81566352
2013-09-05,11437900,63090500,17809700,3082200,174904000,71644900,36332000,51600348
2013-09-06,12625400,159756500,27715100,1090800,226756000,75434900,45840000,62401536
2013-09-09,12400500,87559300,25161900,923800,246408000,49628500,32872000,49334616
2013-09-10,15918900,105847200,27619400,2283800,292132000,56881200,35568000,51452496
2013-09-11,19692300,94545900,28132900,2985600,396164000,39087500,34852000,64359576
2013-09-12,16250100,83209000,18332700,1586400,303808000,32860200,32124000,43776180
2013-09-13,17638400,72727800,16932500,1623000,159696000,40899000,27012000,52962984
2013-09-16,25316900,106299200,25704300,2542400,231412000,52839700,36168000,53406540
2013-09-17,20282300,82523300,27174300,2005400,168608000,84716500,45930000,50325624
2013-09-18,39152100,203460600,31714700,3043600,268168000,64099900,58928000,77310612
2013-09-19,63316300,146616900,26435700,1754000,227572000,42026600,47018000,63852084
2013-09-20,53470400,132867100,26328900,1702200,356036000,102904900,106046000,173638188
2013-09-23,26293100,104616500,30319400,2047000,271244000,39826100,37698000,71024904
2013-09-24,18958300,106333100,21871300,2912800,229732000,40685000,40672000,59412528
2013-09-25,19653100,117306500,22746400,2018000,233156000,28907500,40172000,65894040
2013-09-26,15621000,77146900,22421700,1319000,148816000,28504000,39798000,50345604
2013-09-27,14068700,99141800,25151600,2092200,151920000,55348000,33150000,50301648
2013-09-30,25132600,143937000,28031900,3345000,226640000,39839500,32472000,68827104
2013-10-01,16300300,127160000,33129700,2296200,226976000,36718700,47928000,67324608
2013-10-02,19451600,113350000,25503800,1505400,162036000,46946800,44348000,59752188
2013-10-03,15480100,176698000,42998200,2886400,436768000,38703800,53496000,84595320
2013-10-04,15054900,96878000,22852700,1484000,246228000,33008100,36300000,54265680
2013-10-07,14150100,96295000,20227100,1572000,169952000,35069300,41664000,51692256
2013-10-08,23780400,178015000,43660700,4612600,290712000,41017600,63324000,77670252
2013-10-09,19656000,168973000,64526700,2482400,275860000,35878600,64948000,105945948
2013-10-10,21580700,195955000,48062700,2315400,223484000,42875100,51102000,90121788
2013-10-11,14018800,105040000,25214100,1445800,213704000,30033300,43262000,56299644
2013-10-14,12882400,112106000,31471900,1660600,166628000,27757900,38782000,49694256
2013-10-15,20677000,155485000,38684000,2476000,208820000,47097800,45222000,63612324
2013-10-16,16398300,161676000,46735900,2076400,210072000,35111600,43414000,80223696
2013-10-17,22821900,129389000,32193500,4278800,213324000,31359200,52968000,170093736
2013-10-18,17472700,138316000,39628200,1776000,255068000,41811700,119396000,462193344
2013-10-21,16568800,104104000,31176900,814000,195008000,27433500,50446000,144986868
2013-10-22,19741200,126663000,43944800,2707200,179452000,40438500,78710000,88255656
2013-10-23,24610300,105484000,38021300,4109400,252216000,58600500,56364000,106421472
2013-10-24,26573600,70350000,23155100,1759800,236436000,53209700,117694000,83600316
2013-10-25,19820600,93625000,35824500,3313400,330492000,113494000,240736000,81138780
2013-10-28,17632800,84979000,28618400,2946800,394024000,38383600,72716000,46301652
2013-10-29,15954700,87401000,36878100,2318800,387952000,31702200,43708000,64135800
2013-10-30,14959100,140002000,33535500,2016600,204032000,36997700,90044000,52911036
2013-10-31,16171500,133795000,31309900,1673000,293368000,41682300,49336000,65534400
2013-11-01,15115800,142805000,30867800,1324600,206136000,40264600,66620000,51280668
2013-11-04,12725000,85677000,16834000,1422800,410264000,28060700,38768000,45506448
2013-11-05,11161500,85825000,27975600,1693600,422368000,51681900,40142000,47208744
2013-11-06,25184600,87348000,25576800,1092800,198044000,88948800,45646000,36479484
2013-11-07,17101200,157000000,52173200,4300600,553076000,60437400,84926000,67116816
2013-11-08,14028300,136713000,31470500,1434600,734532000,36737800,53138000,51580368
2013-11-11,11415100,62614000,24822900,3077600,297624000,26872500,45234000,44459496
2013-11-12,16145000,83990000,20108500,1058800,316032000,31651600,46862000,48675276
2013-11-13,14815800,103844000,31345900,2476800,332792000,44957600,55466000,63112824
2013-11-14,25790900,103435000,31101200,3754600,307980000,46183700,83196000,46621332
2013-11-15,21477700,102818000,20511300,3850600,450332000,50601300,89832000,51000948
2013-11-18,15093200,104796000,31679600,2315400,316948000,53277500,54748000,70317612
2013-11-19,14532900,93891000,25545300,2364800,206716000,44275000,38096000,45218736
2013-11-20,12165500,124909000,32177400,2278200,204776000,32229900,35430000,38509452
2013-11-21,11773000,92841000,28125000,2029200,213568000,23064700,39292000,43628328
2013-11-22,13826300,81296000,25361300,1954000,158668000,27982000,59310000,50117832
2013-11-25,14753800,79486000,21695100,1886000,248208000,30646800,59446000,64455480
2013-11-26,28403700,86994000,26621000,1266800,753176000,34465300,54488000,91360548
2013-11-27,16120200,58800000,21638100,1688400,181272000,26002100,45394000,44899056
2013-11-29,11851500,55870900,16708900,705200,116964000,22090400,48120000,47664288
2013-12-02,20284400,99726000,26354600,2097000,373872000,42950400,94280000,54873072
2013-12-03,16545300,116563000,37147000,1926000,290560000,52109800,74058000,66976956
2013-12-04,20004000,123033000,37193200,5985800,493176000,51983600,47106000,47616336
2013-12-05,20839500,106934000,39829300,3379000,271812000,116305000,38130000,45302652
2013-12-06,15995300,127728000,36842900,3880000,281000000,36457300,39694000,57094848
2013-12-09,16795000,70124000,22590000,3563000,385220000,30286000,55236000,59244696
2013-12-10,25491700,80976000,26965900,2066400,524268000,37828600,54736000,74081844
2013-12-11,17184000,130591000,36830600,4757200,414156000,39853400,49026000,68403528
2013-12-12,30946000,115565000,33662600,2228600,258724000,36012800,42474000,63796140
2013-12-13,18221200,107808000,34072000,1072400,184588000,40066100,60500000,86409504
2013-12-16,22756300,96195000,24902500,1412000,237620000,31734200,45034000,64015920
2013-12-17,21782100,89886000,24454900,1591600,274104000,45687700,46878000,61366572
2013-12-18,40179900,234906000,68387200,3392800,426232000,63192100,69782000,88323588
2013-12-19,62855300,136531200,44964100,3010600,258544000,34160100,48544000,66561372
2013-12-20,40783000,197087000,40475400,2852200,382080000,62649100,100678000,130333536
2013-12-23,18002800,85598000,28181800,2389800,168568000,25128700,53190000,68795136
2013-12-24,9670100,45368800,13852500,1823200,79600000,14243000,27608000,29338632
2013-12-26,11516900,63365000,15241100,749000,168920000,17612800,37370000,53458488
2013-12-27,15373100,61814000,15827400,1093800,210976000,14563000,39738000,62725212
2013-12-30,11683000,56857000,18983700,1012200,248180000,16290500,49742000,49394556
2013-12-31,11746400,86119900,24890500,1698400,235776000,17503500,39930000,54261684
2014-01-02,18162100,119636900,29177500,1548400,260092000,30632200,42756000,72783144
2014-01-03,11693900,81390600,35723700,1441000,259332000,31134800,44204000,66601332
2014-01-06,15329400,108028200,32073100,1171200,409492000,43603700,63412000,70701228
2014-01-07,16792200,86144200,25860600,1500200,333288000,35802800,38320000,102001896
2014-01-08,16111600,96582300,27197400,2913400,308192000,59971700,46330000,89610300
2014-01-09,13623500,90683400,23674700,2149800,292172000,36516300,42060000,83296620
2014-01-10,15402900,102026400,38008900,798000,218492000,40548800,53590000,85654260
2014-01-13,20848300,149892000,48842300,1596600,243332000,45901900,56898000,96659244
2014-01-14,13486400,105016100,37178900,5084800,241828000,41623300,46802000,99204696
2014-01-15,17010900,98525800,39835600,2163400,175044000,44812600,53566000,77929992
2014-01-16,13463000,72290600,31630100,2281400,220652000,38018700,52024000,67288644
2014-01-17,14051100,107848700,36895800,2675000,340400000,46267500,90102000,107943948
2014-01-21,13540000,88621200,26412700,1396800,246076000,31567300,62442000,79116804
2014-01-22,14006300,61270900,29376900,1606000,337940000,21904300,41210000,62793144
2014-01-23,14174200,132496900,35011900,2355000,185028000,43954000,60508000,77886036
2014-01-24,26815600,208677100,63974600,3948400,246696000,76395500,89168000,155544300
2014-01-27,19073800,180843100,63519300,3689600,233812000,44420800,78736000,173969856
2014-01-28,13899900,110463200,44378800,4592600,167996000,36205500,57890000,88319592
2014-01-29,16553600,216597300,51939300,3849000,162944000,52745900,67646000,95100804
2014-01-30,12975500,118938100,65833600,1657200,202896000,35036300,209478000,203452344
2014-01-31,17039700,194677900,45187000,2135800,335348000,93162300,323096000,222429348
2014-02-03,21272600,254837100,65596900,4971600,431728000,64063100,205616000,182581236
2014-02-04,16228000,165012400,37675500,3396200,280692000,54697900,96258000,112363524
2014-02-05,11458400,164230500,41721800,1858800,214676000,55814400,88708000,95684220
2014-02-06,14762200,132877600,32308600,2766600,168380000,35351800,66714000,77786136
2014-02-07,13114700,170787200,38359400,2483400,157248000,33260500,86610000,105342552
2014-02-10,10976900,92218800,30205400,2218400,324372000,26767000,68994000,77730192
2014-02-11,12066100,117814100,38635500,2457000,235384000,32141400,64442000,81949968
2014-02-12,12343200,94717700,32507200,2764600,744528000,27051800,131754000,68911020
2014-02-13,11683200,100542200,40454500,3227600,902836000,37635500,83500000,73382544
2014-02-14,15641400,96498400,33212400,2418000,817536000,31407500,70404000,87380532
2014-02-18,10560300,80460900,29546600,2022000,428988000,32834000,99960000,84271644
2014-02-19,12491400,126524300,41749900,2780000,450340000,29750400,83362000,84059856
2014-02-20,11786000,104998100,41814800,3122400,398088000,27526100,69856000,67963968
2014-02-21,13243600,118116400,31192200,2512400,451052000,38021300,84200000,74417508
2014-02-24,10388100,114063900,31500400,1941200,403112000,32085100,72894000,66905028
2014-02-25,11766400,117085000,26771700,4097000,242184000,30736500,74728000,57490452
2014-02-26,11482900,98677200,42953700,1398800,360884000,41041800,72442000,79208712
2014-02-27,14055700,93880800,28742400,2505600,388848000,33903400,62098000,50349600
2014-02-28,19257800,150842000,48609800,4448600,321692000,41215000,77640000,92451456
2014-03-03,13293700,167748500,38885700,3193000,375948000,29717500,55966000,84107808
2014-03-04,13682100,167545900,33189000,3212400,260344000,26802400,54088000,58649292
2014-03-05,11929200,88376900,27203300,3634000,241472000,20520100,76966000,49362588
2014-03-06,13081900,82516500,24063900,2289000,290144000,23582200,58532000,50673276
2014-03-07,13821500,114513500,31167800,2186800,268452000,26591600,45596000,60543396
2014-03-10,8670300,74939200,18131700,3817800,300888000,19006600,42116000,48535416
2014-03-11,12841500,99009100,27484300,3758200,297220000,25216400,44922000,68451480
2014-03-12,13226200,104824400,27977200,1355600,239428000,30494100,44332000,78493428
2014-03-13,15361200,155014300,48542000,4712800,385172000,32169700,136580000,93730176
2014-03-14,14308300,153919600,38732300,1934600,460048000,27195600,88044000,91664244
2014-03-17,14981300,98359500,28467200,1747600,299656000,20479600,46060000,86397516
2014-03-18,29707200,101804600,31250200,1424800,293904000,64063900,49670000,72527400
2014-03-19,45154900,176267300,40869400,1958200,366168000,35597200,52934000,64451484
2014-03-20,18960200,117241000,31634500,2511800,191800000,59269800,51170000,67320612
2014-03-21,33897900,163128000,62754000,2460200,566116000,80721800,108282000,128211660
2014-03-24,22539000,121411000,77735300,4688400,306096000,46098400,97470000,121362516
2014-03-25,19750600,103852000,41723300,3284600,304424000,43193100,88914000,96311592
2014-03-26,31357500,119843000,40930400,4402400,557756000,41977500,82414000,103096800
2014-03-27,26283600,142383000,64784500,3715000,540728000,35369200,115328000,152735112
2014-03-28,18405100,101642000,39895100,1869600,398820000,43472700,79736000,90265644
2014-03-31,48340300,99745000,33924300,3114600,273404000,46886300,85950000,77614308
2014-04-01,35431800,89193000,38683800,5397000,656272000,32605000,72002000,87152760
2014-04-02,22754900,78774000,34631600,4034200,239948000,28666700,89510000,83360556
2014-04-03,22497000,77435000,30319100,3454400,599548000,30139600,127986000,80366000
2014-04-04,23836200,169381000,131213200,8198000,368032000,51409600,250692000,107274000
2014-04-07,27311900,140803000,83995800,7552200,428576000,37559600,141548000,79232000
2014-04-08,22197600,112660000,51495700,4932600,470692000,35918600,131552000,69650000
2014-04-09,20314000,100254000,45685200,2779800,421968000,27398700,101132000,60632000
2014-04-10,26397800,172959000,73659600,6204400,372748000,45960800,122534000,65890000
2014-04-11,18655800,167251000,93657400,4861400,353112000,34330200,145750000,63494000
2014-04-14,16022000,132382000,46500700,3061200,290184000,32006600,85870000,50824000
2014-04-15,14553400,157093000,84631500,4984000,304636000,33968700,107972000,79956000
2014-04-16,13614800,105197000,46970900,7136200,235136000,30615800,85698000,91644000
2014-04-17,14644100,105255000,53719500,5449800,153532000,36688400,85984000,112294000
2014-04-21,8593600,68329000,25947900,3166000,117004000,22221200,59988000,48502000
2014-04-22,10396100,85790000,38593400,2773000,255120000,27056700,74232000,46622000
2014-04-23,10048500,73869000,34376700,2282600,261580000,24602800,72092000,39114000
2014-04-24,13966400,88170000,48926300,3656600,391492000,42381600,185874000,41348000
2014-04-25,11647800,100380000,44334000,4586400,313600000,56876800,323604000,47400000
2014-04-28,20141200,135121000,58623800,6263600,226788000,50610200,289596000,75056000
2014-04-29,14996300,84098000,36742700,2077200,171300000,29636200,130186000,50704000
2014-04-30,16480900,101508000,38689400,2303800,305740000,35458700,81772000,40770000
2014-05-01,13945500,93019000,37127200,3033600,198104000,28787400,86572000,40086000
2014-05-02,10710100,98122000,40074200,2125400,156376000,43416600,79902000,35616000
2014-05-05,13722700,75883000,27924400,2139000,239260000,22460900,50398000,24568000
2014-05-06,12647500,85454000,33698500,2477400,416188000,27112400,93646000,36700000
2014-05-07,12570400,106500000,67489100,4673800,293900000,41744500,140304000,61486000
2014-05-08,10212900,93618000,46556900,3539000,432728000,32120400,76964000,49040000
2014-05-09,10262400,83679000,35081500,2723000,539532000,29647600,81260000,45224000
2014-05-12,18751400,86940000,38951100,1849000,299856000,22782600,74592000,38968000
2014-05-13,10319200,66454000,30311900,1380800,221104000,27004800,70198000,40240000
2014-05-14,14015200,72367000,26483600,1023000,214320000,18818700,66466000,25618000
2014-05-15,19267000,154956000,59680300,2128200,325896000,37793200,85902000,36658000
2014-05-16,15497400,97458000,66804100,1545600,283960000,29867100,72736000,38154000
2014-05-19,11929700,63839000,32017000,1553000,360076000,24537400,45684000,39530000
2014-05-20,10580200,111644000,33716000,3525600,256200000,21320900,81914000,48506000
2014-05-21,11151700,89093000,36837700,4119200,216712000,22398700,68176000,31294000
2014-05-22,12276200,61549000,30617100,1254200,130364000,20201800,51536000,42994000
2014-05-23,12044200,61092800,22687300,2154000,182656000,18020000,61058000,53450000
2014-05-27,12680200,72010000,29725200,1778800,209680000,26160600,97242000,43716000
2014-05-28,11308800,66723000,30468100,2758200,224676000,25711500,54520000,31632000
2014-05-29,9629500,64377000,33036100,1320800,171884000,19888200,47310000,28222000
2014-05-30,13496500,76316000,29906400,1689000,239128000,34567600,85204000,37434000
2014-06-02,11284900,64656000,30409900,2676000,181500000,18504300,44068000,33210000
2014-06-03,10968400,65047000,21774500,3596800,243212000,18068900,47584000,40626000
2014-06-04,8936300,55529000,20118300,2212600,161236000,23209000,42142000,34582000
2014-06-05,10647800,92103000,35583100,2657600,188696000,31865200,155934000,35868000
2014-06-06,11447800,78696000,22680600,2241000,161052000,24060500,104880000,34804000
2014-06-09,10307400,65119000,23399500,5460600,247456000,15019200,64244000,30594000
2014-06-10,13457200,57129000,20626000,2922800,217608000,15117700,73268000,29676000
2014-06-11,9622700,68772000,22878200,2735200,266228000,18040000,88736000,22580000
2014-06-12,11060900,106350000,35275900,3768200,337148000,29818900,85526000,30930000
2014-06-13,10324600,82017000,39447100,2248600,227852000,26310000,55296000,27066000
2014-06-16,8150200,87424000,25212300,1812400,198620000,24205300,48996000,39436000
2014-06-17,12792400,84834000,19977900,2244200,157608000,22518600,58482000,29552000
2014-06-18,10307000,105267000,34514000,5132600,215536000,27097000,128030000,41212000
2014-06-19,27255800,85929000,38422200,3119800,474592000,19828200,106412000,52548000
2014-06-20,65103700,100587000,25897500,3325200,353148000,47764900,121080000,63212000
2014-06-23,16956600,70611000,20837900,1236200,414200000,18743900,52096000,34456000
2014-06-24,16459200,96237000,31945800,5262600,275780000,26509100,52532000,56886000
2014-06-25,13889400,82782000,32818600,2965400,215420000,20049100,46556000,42294000
2014-06-26,16642500,84312000,22563900,2352400,256908000,23604400,53990000,40248000
2014-06-27,15320500,71445100,22877800,2106200,302820000,74640000,48324000,40426000
2014-06-30,14098200,70201200,19751900,2116600,180512000,30793100,53426000,29578000
2014-07-01,13147000,90470000,31862500,4388000,321180000,26917000,63472000,32864000
2014-07-02,13400200,52475000,18777300,4776400,179284000,20208100,53626000,23916000
2014-07-03,7863600,52938800,15291700,1517000,136892000,15969300,38886000,17978000
2014-07-07,11959400,61696000,23266400,2632200,127496000,21952400,42578000,26734000
2014-07-08,12350600,108143000,40612400,3786000,221940000,31218200,85432000,42504000
2014-07-09,14711600,72992000,29919000,2231800,387668000,18445900,63322000,27456000
2014-07-10,9566900,99040000,44245300,4436800,266308000,21854700,53300000,28724000
2014-07-11,11942300,64243000,19566300,2049200,191188000,24083000,166016000,30232000
2014-07-14,13586800,58658000,19579000,3938800,272636000,21881100,112198000,39032000
2014-07-15,11813800,111307000,39467500,3973000,395440000,28748700,83418000,33476000
2014-07-16,14722600,79986400,22052600,4134800,319728000,63318000,70072000,28816000
2014-07-17,24447800,145398000,43111500,7024400,324832000,82180300,72720000,58706000
2014-07-18,19123500,124330000,36682200,3812200,567816000,43407500,68148000,97432000
2014-07-21,15864700,67592000,29750700,1648600,243364000,37604400,45568000,44758000
2014-07-22,13728100,67678000,25770400,4009600,298816000,43095800,57778000,37632000
2014-07-23,9191700,65612000,28947500,6675800,297352000,52362900,53746000,22120000
2014-07-24,10797700,56888000,24707200,3406800,254576000,30725300,141774000,27100000
2014-07-25,7483800,76837000,29898900,8413000,266132000,26737700,356930000,27200000
2014-07-28,9658200,69259000,25603400,6873600,330352000,29684200,118640000,27162000
2014-07-29,9450400,80466000,27022200,6010800,217972000,27763100,57676000,27332000
2014-07-30,11406300,104222000,35348500,7673200,246184000,31921400,79380000,24302000
2014-07-31,13689500,183479000,50047900,6727400,401880000,31537500,103840000,46190000
2014-08-01,15074700,189261000,60708000,6201800,219884000,31170300,148830000,44266000
2014-08-04,12356200,91340000,33230500,3195600,241724000,34277400,84018000,30388000
2014-08-05,8806600,152690000,50331100,5683000,298136000,26266400,57042000,32876000
2014-08-06,8184800,94818000,34431900,5377200,223456000,24634000,45938000,26456000
2014-08-07,9180500,135733000,33274700,5383600,407696000,30314900,58712000,23260000
2014-08-08,8862000,117014000,40236900,2408600,894348000,28942700,54118000,29866000
2014-08-11,10292800,74544000,28277500,4201000,344624000,20351600,49372000,24068000
2014-08-12,6704300,73632000,28152300,2876000,296152000,21431100,38316000,27890000
2014-08-13,10629700,69047000,27996500,5289800,256596000,22889500,98782000,37988000
2014-08-14,9707000,57371000,25006600,3519200,255992000,19313200,68408000,25458000
2014-08-15,13418800,139951000,55205500,8560600,369796000,41611300,77934000,34468000
2014-08-18,7633600,75424000,38938300,3421600,284076000,26891100,49708000,29320000
2014-08-19,14378600,59135000,21363400,1638800,248260000,28139500,34276000,20864000
2014-08-20,9627100,72763000,23435600,3172800,221468000,24770500,36210000,19346000
2014-08-21,9569200,67791000,19339500,2690600,272796000,22285500,39422000,22640000
2014-08-22,9260700,76107000,24692000,1894000,251224000,18294500,44224000,17544000
2014-08-25,8856700,63855000,24124700,2058800,153380000,16910000,39154000,25912000
2014-08-26,7320800,47298000,20100400,3628200,269636000,14873100,73094000,29434000
2014-08-27,8440000,47874000,15589100,2613200,182972000,21287900,59232000,27292000
2014-08-28,8737100,58330000,23563900,618400,179704000,17657600,45054000,28116000
2014-08-29,8970900,65907000,17906300,5463000,207932000,21607600,38790000,24122000
2014-09-02,8538600,72426000,18326800,2620600,192636000,22976800,46520000,31660000
2014-09-03,10041600,57462000,25950700,2708200,259456000,33684500,39874000,31580000
2014-09-04,12248100,85236000,24663500,3002400,491832000,26475500,79312000,32616000
2014-09-05,15155600,102177000,30798200,1806600,253792000,36939400,42140000,35982000
2014-09-08,19658500,64146000,25571300,2863600,319288000,45736700,59106000,31984000
2014-09-09,14044100,88591000,36449200,2074400,198588000,40302400,92936000,31424000
2014-09-10,9134500,67251000,31080100,2678200,172376000,27302400,75948000,23202000
2014-09-11,12389100,66774400,28691900,1919200,250720000,29216400,54404000,30028000
2014-09-12,11912300,117409300,30444400,8679000,262536000,38244700,68586000,37030000
2014-09-15,14018100,76401000,32972200,3602200,294152000,37667600,80008000,30908000
2014-09-16,13220100,116201000,38166900,4435800,219936000,27910600,65198000,31592000
2014-09-17,14083300,151266000,37196500,3271600,173584000,38311900,82720000,34390000
2014-09-18,26454500,94990000,30196700,3235000,219604000,35556600,51538000,29890000
2014-09-19,86679100,121649000,46918000,3728800,601316000,202522400,137724000,83832000
2014-09-22,24572600,125553000,48658000,4460000,221464000,38686100,62194000,35644000
2014-09-23,34353300,111393000,33989600,4588000,196144000,33430300,47052000,28074000
2014-09-24,18937000,107276000,35959000,3200000,159592000,26582700,52844000,35160000
2014-09-25,13287800,150300000,68642500,4351200,298440000,33077400,58576000,33420000
2014-09-26,16006400,103547000,56106200,1956400,241188000,27078800,72760000,25782000
2014-09-29,16586000,95112000,33342700,3627600,208540000,26091000,38492000,22874000
2014-09-30,21143300,131302000,41834300,3749800,277204000,33033100,52724000,31430000
2014-10-01,17452400,177798000,58164900,6784400,350976000,38088400,61782000,28954000
2014-10-02,14808100,157285000,54501300,13885800,288996000,25119400,71078000,30726000
2014-10-03,15289500,121569000,41627800,5266200,239140000,32453200,60748000,24290000
2014-10-06,14168000,104778000,36038700,9177800,199032000,20604000,45806000,25722000
2014-10-07,14309200,147913000,45154000,7972600,301896000,25723700,47308000,30914000
2014-10-08,16005500,186461000,64931600,15607000,260172000,33031000,69056000,44158000
2014-10-09,15004900,210705000,62497100,7601200,306956000,34422800,71758000,48234000
2014-10-10,18234100,221909000,77579400,33935000,691376000,51978100,73638000,59574000
2014-10-13,20723700,230939000,80835900,12968000,397628000,37100200,87278000,55116000
2014-10-14,19508500,215847000,71814500,19158200,376620000,38115700,67716000,52198000
2014-10-15,24561500,380715000,108847800,9758400,404428000,60218700,106878000,76720000
2014-10-16,21419300,270391000,93165800,8788400,351116000,49040400,94626000,76100000
2014-10-17,21122700,214625000,69546700,7657000,290716000,40683300,88102000,119930000
2014-10-20,16654100,130011000,41479300,7086600,200336000,34527900,64690000,54964000
2014-10-21,15381900,154949000,53609800,8816400,351092000,36433800,71186000,49190000
2014-10-22,16810200,151822000,39178000,9969200,239512000,33570900,62518000,59474000
2014-10-23,9659100,154944000,48123800,7180600,214476000,45451900,180764000,43026000
2014-10-24,8975900,117927000,43157600,4837200,210156000,61076700,396022000,43508000
2014-10-27,7525300,82954000,29545700,4476000,145092000,30371300,119012000,31934000
2014-10-28,11631800,106736000,34495100,5966400,192580000,29049800,111452000,34774000
2014-10-29,10923800,142557000,40552800,6005800,168340000,30276100,97638000,41066000
2014-10-30,9644400,113330000,35935800,16089000,170260000,30073900,81104000,32250000
2014-10-31,16142800,146903000,54254100,10286600,256316000,35849700,91014000,46810000
2014-11-03,10318600,93600000,33481000,4579800,308732000,23130400,64850000,30834000
2014-11-04,12671000,93343000,22773300,2231600,360196000,21530800,68548000,27726000
2014-11-05,12280300,91709000,25818600,5689200,335652000,22449600,93490000,32906000
2014-11-06,11603400,107089000,24671900,5161600,394088000,33037800,75162000,33014000
2014-11-07,13728500,89540000,20931700,6357000,450800000,28000600,52948000,31782000
2014-11-10,11058100,66319000,20360000,3241400,293388000,36370100,56182000,26090000
2014-11-11,7061000,54499400,15454000,1553600,212992000,23445200,76072000,21966000
2014-11-12,10965100,90120300,22050300,1404400,204584000,22722100,43660000,21882000
2014-11-13,11868700,85357900,28027800,3285600,225328000,26210400,73728000,30220000
2014-11-14,11476500,80417500,19251300,3680200,160248000,29081700,177556000,28502000
2014-11-17,11987600,80441000,23361600,3198800,158732000,30318600,95698000,33612000
2014-11-18,9328200,76068100,26336800,4960600,207772000,23995500,70990000,36440000
2014-11-19,9202600,82373000,23760200,2541200,240300000,26177500,65632000,30346000
2014-11-20,9062200,72840300,22874000,3801600,220968000,21510600,68734000,35016000
2014-11-21,12641400,142327300,34049100,4203600,198976000,42884800,89332000,50120000
2014-11-24,9542100,65880800,17928300,3578000,136004000,35434200,55084000,33076000
2014-11-25,12404200,79108300,17526000,4766000,190240000,28008000,51300000,38072000
2014-11-26,11590000,62167800,18973800,3226800,219264000,27163600,39672000,29604000
2014-11-28,11890100,57890100,17360400,3432000,124832000,21534400,61036000,24202000
2014-12-01,10802400,103968400,35969500,6547000,190060000,31191600,98898000,39888000
2014-12-02,9083200,74507200,26031300,3597200,245952000,25773500,55806000,41480000
2014-12-03,10326000,68952000,32974300,6918200,284424000,23534800,113620000,32476000
2014-12-04,9177100,91316600,31008800,6425200,185332000,30320400,65806000,32598000
2014-12-05,8925300,91025500,25622200,3575800,165680000,27313400,65304000,61402000
2014-12-08,12766500,108588200,32685800,5439800,226944000,26663100,72784000,64566000
2014-12-09,13897500,125180100,46035100,10729800,239448000,24330500,80990000,43322000
2014-12-10,12547600,159856400,39330100,6291200,204364000,30431800,64918000,46222000
2014-12-11,12395800,159012800,47576000,3525600,135652000,29060400,65258000,41426000
2014-12-12,14108200,202330200,46889400,7613600,323964000,34248400,63070000,47314000
2014-12-15,22343100,189965800,52968400,9540400,254696000,29247800,76832000,52352000
2014-12-16,16424500,259543800,65348600,12206000,185308000,47801400,130026000,86998000
2014-12-17,18151000,253910100,79715300,9739800,345596000,34970900,88670000,72788000
2014-12-18,54495600,257633900,49840900,9203200,226156000,40105600,154762000,77534000
2014-12-19,41782200,245084600,51419900,5271000,325528000,64551200,174182000,97442000
2014-12-22,21264400,148318900,33869200,4902400,148976000,26566000,80076000,66390000
2014-12-23,14042400,122167900,30156900,2968600,109280000,23648100,54274000,57544000
2014-12-24,10238200,42963400,14291300,1261800,45644000,11437800,30276000,14754000
2014-12-26,6901500,57326700,13924300,1292800,52636000,13197800,57876000,22270000
2014-12-29,9701400,79643900,17073800,2120400,82944000,14439500,60180000,44300000
2014-12-30,9968400,73540800,18604000,4968600,112120000,16384700,41860000,20972000
2014-12-31,13269200,130333800,24367100,6521000,166300000,21552500,40960000,24648000
2015-01-02,15070200,121465900,31314600,3612000,113680000,27913900,55664000,26480000
2015-01-05,18369400,169632600,36521300,5594600,197952000,39673900,55484000,41182000
2015-01-06,19229500,209151400,66205500,12135800,197764000,36447900,70380000,54456000
2015-01-07,13502200,125346700,37577400,8044600,321808000,29114100,52806000,46918000
2015-01-08,17516900,147217800,40212600,6162000,283780000,29645200,61768000,73054000
2015-01-09,15957500,158567300,41410100,3346600,209540000,23944200,51848000,42000000
2015-01-12,16055700,144396100,34129800,6240800,190732000,23651900,68428000,57138000
2015-01-13,12878200,214553300,56162300,7038800,236720000,35270600,82728000,60958000
2015-01-14,12707400,192991100,51354200,7464200,155260000,29719600,110774000,52800000
2015-01-15,13431000,176613900,51005400,7772800,188932000,32750800,88384000,51068000
2015-01-16,17786700,211879600,35362200,7306000,181512000,35695300,69564000,49658000
2015-01-20,16308400,130991100,30964100,5092000,140308000,36161900,61502000,46796000
2015-01-21,15876600,122942700,40128800,5385000,144780000,39081100,201302000,46356000
2015-01-22,17969100,174356000,40887200,6108000,159712000,35898000,107252000,56068000
2015-01-23,14150300,117516800,34783000,3743000,120416000,26211600,89928000,45966000
2015-01-26,12059500,92009700,19960900,3602400,133240000,42525500,63394000,30932000
2015-01-27,14984100,134044600,45253200,10021800,357948000,169164000,58406000,39148000
2015-01-28,15132500,168514300,43591700,7021000,272728000,84507100,61276000,35822000
2015-01-29,12805100,173585400,46539700,6044600,235340000,63585300,173132000,79018000
2015-01-30,22590000,197729700,42927600,7182600,298200000,78004900,477122000,121108000
2015-02-02,16889500,163107000,43624700,13757400,259604000,50352500,204638000,75378000
2015-02-03,12657100,124212900,30750400,6067600,183468000,52082400,124252000,47062000
2015-02-04,12912000,134306700,34073200,7655800,181516000,41614800,83398000,33896000
2015-02-05,9630300,97953200,23605500,5047200,140448000,36548200,144952000,33176000
2015-02-06,9522100,125672000,34169300,5105800,210524000,34616600,77848000,42938000
2015-02-09,12705700,87219000,22604700,5815400,273944000,31381100,54492000,30314000
2015-02-10,12714800,96164200,23686500,7357600,226204000,29670700,45744000,47430000
2015-02-11,12836900,91087800,20303600,5740400,320832000,38262500,55730000,38306000
2015-02-12,12519700,97545900,22520300,5937400,676904000,33268800,55822000,48590000
2015-02-13,10155700,93670400,29030200,5912200,310084000,40264900,69502000,47382000
2015-02-17,10118600,76968200,17675300,3562600,203340000,33695700,73464000,39174000
2015-02-18,8661100,80652900,15149600,5212800,170948000,27111700,53012000,31164000
2015-02-19,8465700,91462500,19828100,4734000,169432000,27603400,59076000,30834000
2015-02-20,14731200,140896400,28336700,4190800,157752000,29721100,65160000,38234000
2015-02-23,10995500,74411100,17868000,2701400,125008000,32518800,43540000,32906000
2015-02-24,10522500,72472300,19745000,5209600,149356000,25271700,38416000,28406000
2015-02-25,11785400,73061700,19472300,3616600,123820000,29759800,63490000,40836000
2015-02-26,8519300,72697900,22255500,4028800,152864000,28957300,53742000,54032000
2015-02-27,9549500,108076000,27757600,7039000,157492000,33807700,50646000,68328000
2015-03-02,11091000,87491400,22988600,9773800,301512000,31924000,42784000,50406000
2015-03-03,10058700,110325800,20788900,9878000,160344000,31748600,38930000,50526000
2015-03-04,14697600,114497200,21007400,4061800,226840000,25748700,45182000,37964000
2015-03-05,10983500,76873000,15381000,2515600,323056000,23193500,53870000,35918000
2015-03-06,15086600,188128000,30990400,3590600,257392000,36248800,52540000,37592000
2015-03-09,11474200,89818900,26237100,3771200,222388000,32108000,46228000,23478000
2015-03-10,13960700,157121300,34234500,9557800,527212000,39159700,62420000,40080000
2015-03-11,11108800,110145700,25459700,7273200,262120000,32215300,49902000,40524000
2015-03-12,13716700,93993500,21473200,9198600,406972000,59992500,56200000,35602000
2015-03-13,18405400,162410900,42021100,6343000,359288000,58007700,52234000,35428000
2015-03-16,17423200,136099200,25674100,5882000,236956000,35273500,47082000,36856000
2015-03-17,21509000,94510400,19603800,2674200,299900000,31673400,40740000,28892000
2015-03-18,37900300,228808500,40622200,10024200,413844000,44194800,53082000,35324000
2015-03-19,15729600,117917300,31314000,4733200,310756000,33879100,38314000,24660000
2015-03-20,20724700,177715100,31761400,6201400,462084000,71904500,75272000,44320000
2015-03-23,10749200,71784500,17268500,5507200,426012000,26246100,44786000,30234000
2015-03-24,14913400,77805300,22445300,5225800,330480000,25513300,44564000,79156000
2015-03-25,17491000,159521700,41581400,20870600,542552000,43469900,68590000,53070000
2015-03-26,14065600,153067200,47846300,23673400,311920000,37495600,58600000,49842000
2015-03-27,18030800,118939000,33878400,15603400,318288000,34401400,52196000,34552000
2015-03-30,12730100,96180400,30570200,10097400,253252000,35049700,36418000,24788000
2015-03-31,13264200,126768700,30488100,5471600,357276000,34887200,50122000,34932000
2015-04-01,12050900,137303600,32970500,6369800,330768000,36865300,49162000,38902000
2015-04-02,11183900,86900900,19164200,5737000,192204000,37487500,37506000,47760000
2015-04-06,9766500,114368200,24451100,6550400,515864000,39223700,61014000,33718000
2015-04-07,8075400,81236300,19379400,3759000,413964000,28809400,39098000,27318000
2015-04-08,6947100,89351900,25866900,3848800,366432000,24753400,52728000,28386000
2015-04-09,9399500,85548900,23114700,5220800,379432000,25723900,47846000,32366000
2015-04-10,12542800,72722900,17164300,3024400,258728000,28022000,51470000,26104000
2015-04-13,10943400,74436600,17783500,6005200,236724000,30276700,37890000,29326000
2015-04-14,10510500,75099900,23755700,5845200,220276000,24244400,51672000,47206000
2015-04-15,18188700,99529300,21128600,6375200,243560000,27343600,38664000,46962000
2015-04-16,11960800,68934900,16195300,10816800,155284000,22509700,41608000,31722000
2015-04-17,12473500,191113200,46514000,5640800,293636000,42387600,76794000,49234000
2015-04-20,10426300,92189500,28945900,3556400,231624000,46057700,100322000,38508000
2015-04-21,9312900,72559800,22759800,4024800,230456000,26013800,92870000,29128000
2015-04-22,7343900,78264600,21429200,4985800,207420000,25064300,69494000,31806000
2015-04-23,11311000,102585900,29473200,5246400,259380000,46309500,159600000,78184000
2015-04-24,17767100,61327400,32508100,8055600,240960000,130933700,343538000,92168000
2015-04-27,12916000,79358100,31121300,27557800,248456000,59248200,108618000,48062000
2015-04-28,18287700,86863500,36849200,6500800,234484000,60730800,82810000,37178000
2015-04-29,36608700,125684900,34043900,8033200,195156000,47804600,72434000,33622000
2015-04-30,20196300,161304900,44080500,6352200,218844000,64725500,72958000,47240000
2015-05-01,11942000,103399700,32874300,8296000,256968000,38937300,71316000,36572000
2015-05-04,9168200,70927200,23507300,5460400,200720000,34039500,45408000,35260000
2015-05-05,11410200,113326200,47843300,12282200,292928000,50369200,57128000,28528000
2015-05-06,12732100,135060200,42687200,8962200,316484000,52433000,51050000,39034000
2015-05-07,8787100,88244900,29335800,6930200,534564000,32971700,55322000,31844000
2015-05-08,9582900,155877300,33023300,8114400,1146552000,35364900,58176000,28226000
2015-05-11,7429400,75708100,19679300,6724400,544144000,24609400,47874000,21858000
2015-05-12,8515100,119727600,33665000,6319400,388800000,29928300,38956000,35282000
2015-05-13,7451200,94667900,20738400,4333200,308524000,34184600,39926000,24238000
2015-05-14,7293000,95934000,23904200,8296400,293052000,32980900,37770000,31736000
2015-05-15,9369500,76510100,23937400,6632000,215824000,28642700,84806000,33440000
2015-05-18,6070900,74549700,17631100,3563400,324972000,24136500,47804000,26706000
2015-05-19,8640000,72114600,14212900,4022400,253808000,28574800,49284000,47126000
2015-05-20,9055700,76857500,21131900,3047400,196824000,25047900,43924000,30840000
2015-05-21,8036400,64764600,16771800,2819400,239692000,22410700,82428000,34170000
2015-05-22,7484300,57433500,13543800,1732400,212592000,25720600,40412000,24266000
2015-05-26,10440400,124308600,25488400,4396800,259732000,29581900,44884000,37474000
2015-05-27,11096800,93214000,30572700,15446400,432332000,27335600,44622000,34844000
2015-05-28,7273200,74974600,17302400,13910600,327656000,19283700,38248000,23544000
2015-05-29,10358700,124919600,30383000,11821400,335168000,36519600,60322000,43446000
2015-06-01,9764300,93338800,24570200,7304000,372660000,28837300,45066000,33210000
2015-06-02,8275900,91531000,19449600,5703400,224304000,21498300,33378000,31842000
2015-06-03,9220900,87820900,20507200,3508400,250788000,28002200,54558000,26710000
2015-06-04,13783100,151882800,31374600,6571200,323712000,27745500,50216000,26866000
2015-06-05,12850700,121704700,22641700,3332600,313320000,25438100,38158000,24396000
2015-06-08,9112200,89063300,24549200,8659600,342812000,22121600,43450000,27336000
2015-06-09,7634200,105034700,27554600,7530200,256888000,24406100,45774000,30016000
2015-06-10,15518400,134551300,30297900,5838200,529460000,28417400,43446000,30316000
2015-06-11,12519300,73876400,17593500,3451400,283052000,27347800,58450000,25872000
2015-06-12,11742300,135382400,27201800,3000800,323728000,23931000,41088000,25468000
2015-06-15,16727800,124384200,31238800,5048600,306548000,33254500,41020000,27150000
2015-06-16,18271600,85308200,16456900,3259600,256892000,27070300,45928000,32526000
2015-06-17,27080800,126708600,23296700,2815200,233544000,28704100,43718000,24440000
2015-06-18,79138400,165867900,43032400,4358000,299404000,32658300,67568000,41192000
2015-06-19,37430200,130478700,27877600,5700200,355656000,63837000,89902000,59290000
2015-06-22,22368300,70696000,19120900,4815000,514236000,20318100,36472000,34752000
2015-06-23,17394300,68476800,18127900,3083400,414064000,25896500,64900000,31396000
2015-06-24,17768200,92307300,15815900,4513800,253368000,34890900,52416000,28924000
2015-06-25,13587200,97107400,18326700,2351400,350460000,20616000,44750000,26684000
2015-06-26,39687300,104174800,32311700,20158600,421296000,49835300,52490000,43676000
2015-06-29,18195500,202621300,50874900,14581800,391724000,34081700,55064000,37756000
2015-06-30,16691500,182925100,34809900,9920600,315916000,35945400,51938000,34510000
2015-07-01,13948600,135979900,21293000,7093600,302892000,28343900,39742000,30760000
2015-07-02,11644100,104373700,20499400,7262600,145764000,21752000,26868000,28124000
2015-07-06,12434100,117975400,24311000,9861600,214776000,23034000,38064000,25614000
2015-07-07,16437100,173820200,44230800,15372200,594252000,36435800,69084000,33578000
2015-07-08,14598700,164020100,39691500,19992600,332492000,39785900,47662000,27662000
2015-07-09,13348300,144113100,28381000,13330600,357588000,32424700,45428000,29766000
2015-07-10,10470900,129456900,26415800,12053600,216708000,25465800,48020000,43436000
2015-07-13,10717000,106069400,25780700,8819000,212472000,28178300,79136000,41792000
2015-07-14,9298800,81709600,21977200,10953600,249216000,22880300,94724000,74832000
2015-07-15,9326700,97914100,28631500,8059800,265732000,26629600,59748000,41466000
2015-07-16,14861000,106683300,29838900,12379600,282848000,26271700,81912000,112642000
2015-07-17,14574400,89030000,35926800,7441800,220372000,29467100,98644000,257162000
2015-07-20,17488100,70446800,26539000,4809800,188412000,30631900,95050000,102436000
2015-07-21,14679100,77965000,35468900,5674200,149720000,42781900,63636000,75604000
2015-07-22,16797000,88667900,35575000,17806200,356472000,59152400,62298000,83100000
2015-07-23,18083800,90509100,25698300,10110600,169916000,33934000,187488000,76232000
2015-07-24,12030300,117755000,30844700,7354400,188844000,32333200,438188000,82622000
2015-07-27,15756800,132361100,35994800,9295400,192420000,39701400,149820000,58382000
2015-07-28,14289200,123544800,33553500,14212600,198308000,34328900,105462000,34364000
2015-07-29,13016400,105791300,26714100,7922000,232680000,40945900,75052000,36756000
2015-07-30,13634200,91304400,25438100,7605200,190180000,39777900,74862000,39606000
2015-07-31,13706100,103266900,22081700,4326000,218340000,31201500,60512000,34922000
2015-08-03,12444500,113965700,25001800,5694800,397132000,24125900,60284000,31348000
2015-08-04,9697300,81820800,22132300,7697200,260100000,33403900,58692000,26188000
2015-08-05,11982000,85786800,28989900,6238200,234628000,26959700,57788000,36448000
2015-08-06,10613000,116030800,42125400,8453800,655676000,27368000,76410000,40660000
2015-08-07,10655100,117858000,30006800,5166200,1405248000,19163000,79384000,27544000
2015-08-10,9525800,80270700,21500800,9107600,662304000,23079900,52318000,34458000
2015-08-11,10600500,126081400,36123300,5672400,435008000,29237400,53532000,109880000
2015-08-12,11062300,172123700,41889000,6472000,384048000,30181400,79246000,58498000
2015-08-13,7785700,89383300,22510500,3232400,276884000,22627200,57904000,36354000
2015-08-14,7185000,72786500,17924900,4578800,214652000,21473400,39896000,27598000
2015-08-17,7631200,79072600,21224900,6324000,273880000,21099700,51634000,24680000
2015-08-18,9950600,71692700,13984400,10867600,287084000,23574100,41426000,27710000
2015-08-19,11112900,172946000,42511400,15532000,249248000,31485500,46480000,50194000
2015-08-20,13071200,194327900,57747300,10792600,426932000,36238200,88160000,57798000
2015-08-21,19411300,346588500,97763400,21142200,382664000,70053100,134130000,91880000
2015-08-24,32522300,507244300,150829900,19834000,682284000,88753700,201952000,129788000
2015-08-25,21393600,369833100,75088300,12624200,622684000,70616600,113586000,71430000
2015-08-26,20554300,339257000,104103800,9502600,614976000,63408000,127172000,87740000
2015-08-27,28218200,274143900,69377700,11120600,463764000,50943200,122290000,58974000
2015-08-28,21559100,160414400,49919600,9824600,320944000,28246700,54934000,38836000
2015-08-31,15352800,163298800,39549400,5967800,219352000,34441700,60046000,38936000
2015-09-01,19948700,256000400,73155500,13667000,353408000,49688900,77290000,51458000
2015-09-02,15049300,160269300,43963600,8109600,344044000,37671500,74142000,37630000
2015-09-03,11787800,152087800,45131800,5681400,262556000,28285200,62994000,34572000
2015-09-04,13147900,207081000,49379600,6818400,287972000,37138800,53850000,40478000
2015-09-08,18949600,116025700,37343500,10223200,238448000,32469800,76214000,39092000
2015-09-09,14710200,149347700,47146700,13549200,289392000,33469500,87414000,40978000
2015-09-10,16930600,158611100,47686700,10696200,357076000,31366600,51520000,27850000
2015-09-11,12948600,119691200,29106100,7115600,301584000,27132500,64558000,34892000
2015-09-14,15021500,79452000,19718800,2958200,192460000,23656000,62604000,29942000
2015-09-15,14877900,113806200,30020200,7775600,327976000,28882200,57318000,35546000
2015-09-16,19574000,99581600,31329100,2446200,173508000,23372200,45056000,26252000
2015-09-17,37299000,276046600,56139800,5659600,268712000,32768200,83390000,47752000
2015-09-18,34919800,223657500,48384000,8768000,326412000,63143700,123202000,72544000
2015-09-21,14964400,105726200,35772600,5692200,281840000,26177200,65666000,39094000
2015-09-22,19979700,153890900,47359700,10660600,228356000,28085900,76834000,54362000
2015-09-23,16991600,92790600,21775100,3530400,161632000,17145200,44752000,29160000
2015-09-24,18059500,159378800,38284300,7770200,382440000,27905600,70020000,38692000
2015-09-25,19387000,155054800,44700000,4268400,369692000,29384600,80620000,48480000
2015-09-28,21742700,178515900,44077500,6083400,395584000,27613800,108690000,47646000
2015-09-29,19785900,159045600,49315500,8143600,380736000,32763600,89150000,42130000
2015-09-30,16215000,163452000,41411400,6315200,556380000,34958900,80094000,52954000
2015-10-01,18331300,131079000,39339100,5670000,489296000,28657900,75370000,42506000
2015-10-02,18772800,211003300,59370900,7659600,386144000,41839000,91956000,48788000
2015-10-05,12741700,126320800,32853500,7922400,482024000,34369300,67828000,37960000
2015-10-06,12427300,110274500,33051500,11149000,453216000,27017200,90056000,42774000
2015-10-07,16335700,124307300,37389300,9412200,310152000,27711500,76242000,44354000
2015-10-08,13247600,153055200,50188900,5992400,460068000,33772700,93528000,39308000
2015-10-09,14656400,107069200,23916200,4006200,423248000,28600600,70748000,32124000
2015-10-12,11022500,56395600,16162000,2566600,227588000,19769100,55522000,26684000
2015-10-13,11575600,88038700,26999600,6764400,298444000,19987800,58760000,42446000
2015-10-14,14069700,99106200,30902600,23660200,612148000,24697800,71642000,31292000
2015-10-15,12205500,134142200,38393800,9743400,526048000,27189400,98740000,47156000
2015-10-16,19694700,114580100,27091100,4762400,448396000,26450300,86316000,36316000
2015-10-19,18100500,76523900,23776300,5340800,294712000,29387600,87508000,30172000
2015-10-20,13678100,78448500,23404700,6586800,264824000,30802200,86924000,52434000
2015-10-21,11062600,102038000,30195200,6060600,386280000,25144300,66872000,31952000
2015-10-22,14701400,174911700,42778700,9127400,306884000,56637100,155588000,88632000
2015-10-23,16469100,144442300,53170900,10415000,381776000,135227100,213854000,126726000
2015-10-26,12330600,69033000,25918000,4209000,247436000,64633300,85394000,48776000
2015-10-27,14110500,77905800,31390500,7205000,208268000,50999900,75742000,38778000
2015-10-28,14020000,135906700,42221900,9957000,217036000,47000800,78524000,39604000
2015-10-29,11432900,90525500,24913300,8654200,327168000,30202100,77920000,36520000
2015-10-30,16471500,131076900,27199200,3365600,301160000,46619800,77488000,39984000
2015-11-02,19789700,86270800,22176900,3818800,190088000,30285000,56330000,39914000
2015-11-03,17153100,95246100,20418400,3427600,376768000,36596900,64938000,36306000
2015-11-04,16863300,96224500,28633000,4005000,442264000,37087800,96810000,41840000
2015-11-05,16358800,78408700,25004100,5219400,478800000,31468500,94476000,45486000
2015-11-06,16481800,110471500,29924900,6433000,1172272000,32851200,81844000,33544000
2015-11-09,14604900,131008700,33479800,3274400,492568000,32513100,80976000,35538000
2015-11-10,11294000,75874600,35452100,4874800,552260000,55283700,69790000,29798000
2015-11-11,18861500,67846000,22748800,2070800,619896000,36516300,107746000,41866000
2015-11-12,14591600,121315200,31196900,4982600,291080000,35361100,85694000,35452000
2015-11-13,23987600,153577100,52836000,6644800,292940000,36848200,125222000,48188000
2015-11-16,16741000,117645200,33980600,3844200,344280000,32165200,148718000,50704000
2015-11-17,14820000,121123700,30579500,5432800,257048000,31551300,86404000,38864000
2015-11-18,11958900,121342500,32966500,5680400,350216000,29710000,89396000,36266000
2015-11-19,12306100,88220500,26188100,7587400,254072000,28149200,94104000,28078000
2015-11-20,12023200,94011500,22727600,2667800,239744000,37147600,77922000,55478000
2015-11-23,9111900,64931200,20696200,2456000,242552000,28235900,87702000,34648000
2015-11-24,13766300,98874400,26374400,8014400,195428000,24600000,90868000,47880000
2015-11-25,8014700,51980100,14159900,2013000,138300000,21005100,53958000,23612000
2015-11-27,6869900,37317800,8828000,1344600,86996000,9009100,39336000,14434000
2015-11-30,18969800,112822700,25041600,4766800,327244000,56241400,113864000,33586000
2015-12-01,12718200,97858400,28639400,3111400,409496000,39952800,95024000,40398000
2015-12-02,13694200,108441300,22395500,3616200,294240000,47274900,85470000,46876000
2015-12-03,20322500,166224200,42754300,6402600,246656000,38627800,101294000,41950000
2015-12-04,18206600,192913900,40037300,3891600,458756000,43963700,90696000,49800000
2015-12-07,13798500,102027100,25892100,4817800,333588000,30709800,74656000,36626000
2015-12-08,15219700,103372400,30792600,3872000,314488000,32878000,73038000,31082000
2015-12-09,17516100,162401500,48509200,6798800,372676000,36373200,103164000,46550000
2015-12-10,18358300,116128900,30154600,3527000,236596000,31775800,69110000,32458000
2015-12-11,20346800,211173300,56022200,7769600,227320000,39549500,109488000,43184000
2015-12-14,20142700,182385200,53098500,8035000,275892000,46768900,86594000,53864000
2015-12-15,19262900,154069600,48428000,6334600,307296000,39843000,95068000,49386000
2015-12-16,23478000,197017000,44944100,3467800,236356000,37503300,79290000,53120000
2015-12-17,42879900,173092500,45668800,7532800,254160000,41280900,73632000,36510000
2015-12-18,28726800,251393500,53746100,8333200,395896000,84684200,136826000,67794000
2015-12-21,15042300,99094300,26432800,5164400,284216000,37246300,65018000,34848000
2015-12-22,13924800,111026200,26540300,2294600,130012000,28322200,53356000,36338000
2015-12-23,12832300,110987200,25656900,1595600,122524000,27279800,54458000,30594000
2015-12-24,4953900,48539600,11468600,927000,52448000,9558500,21824000,10412000
2015-12-28,10921900,65899900,19183600,3046000,142024000,22458300,75672000,31156000
2015-12-29,10708600,92640700,27725700,2377200,203660000,27731400,114700000,38430000
2015-12-30,9585600,63317700,19520100,4888800,180344000,21704500,70380000,28566000
2015-12-31,10332400,114877900,29886800,3246000,148528000,27334100,74992000,32752000
2016-01-04,18784400,222353500,50807600,5739200,358076000,53778000,186290000,67382000
2016-01-05,25340700,110845800,38795200,6894800,490272000,34079700,116452000,45216000
2016-01-06,18165700,152112600,41891100,6245200,449344000,39518900,106584000,48206000
2016-01-07,22591400,213436100,61386300,9856200,645304000,56564900,141498000,63132000
2016-01-08,21962200,209817200,69344000,6364600,398472000,48754000,110258000,47506000
2016-01-11,18726600,187941300,50024100,6564400,409372000,36943800,97832000,50896000
2016-01-12,18457300,172330500,46734200,9614000,469356000,36095500,94482000,46816000
2016-01-13,28322900,221168900,69870700,10653400,481672000,66883600,153104000,51728000
2016-01-14,19523600,240795600,78445700,9039800,600236000,52381900,144760000,55558000
2016-01-15,25425000,324846400,91443900,10587000,841452000,71820700,155690000,76676000
2016-01-19,21423100,195244400,56563800,15148600,457140000,43564500,96144000,48724000
2016-01-20,25278700,286547800,86675000,10765000,481180000,63273000,159328000,82440000
2016-01-21,20380300,195772900,61660100,8607200,481456000,40191200,99044000,51938000
2016-01-22,15892700,168319600,42229800,8001200,257996000,37555800,102402000,47146000
2016-01-25,16793600,130371700,38881500,4509600,270728000,34707700,87922000,45340000
2016-01-26,19728900,141036800,36143900,7913600,227944000,28900800,75314000,30940000
2016-01-27,20567600,185681700,54524700,7428600,231700000,36775200,103058000,42428000
2016-01-28,15472800,143798800,47641500,6481600,276776000,62513800,280304000,62104000
2016-01-29,19059300,210529300,54245100,11275000,310504000,83611700,293552000,75808000
2016-02-01,14144000,136061600,32750300,4788200,289884000,44208500,127102000,111522000
2016-02-02,17404500,182564900,44928100,9225400,341908000,56313800,126240000,135846000
2016-02-03,13855300,205054900,61572900,16536000,326772000,57559800,200974000,131114000
2016-02-04,16925900,139531800,49321600,5473200,348140000,46987100,123982000,104922000
2016-02-05,17312200,180788300,70749900,10674000,600428000,62009000,194178000,109556000
2016-02-08,20118800,191526700,91673100,11078000,608852000,59290500,196510000,89410000
2016-02-09,17819800,184513100,73778400,6885000,425372000,46740500,141558000,84300000
2016-02-10,13368700,148214100,59421700,4779600,335800000,38237000,135724000,60314000
2016-02-11,18889700,219058900,76839200,8039000,340144000,48878600,147948000,65004000
2016-02-12,15837900,127632400,49186500,4430800,340816000,34243300,107696000,46538000
2016-02-16,19676300,120250700,40565900,8423800,485352000,37291200,102370000,43444000
2016-02-17,13186500,136009500,41766500,4024400,771468000,40789000,96480000,49154000
2016-02-18,12866600,102343000,38991500,2861200,1068660000,27176000,94700000,47276000
2016-02-19,13203400,114793000,28257900,5254600,525628000,33559100,99494000,34918000
2016-02-22,10109900,103640300,23979100,5169400,449668000,25008300,111332000,37516000
2016-02-23,9417100,111455300,29869700,3320400,369380000,28895300,81016000,41332000
2016-02-24,10978200,150812200,40739100,6106000,336852000,33014500,124634000,37092000
2016-02-25,11566000,110728300,29389300,2591600,349616000,26939500,90510000,36146000
2016-02-26,16551100,129833700,30925000,4801400,361964000,35975900,97540000,42474000
2016-02-29,22300200,125918100,27553900,4661400,323344000,31654000,82908000,45068000
2016-03-01,13030800,141799700,37699800,3944600,348700000,33024500,100770000,60112000
2016-03-02,12791200,102415000,29209800,2565200,233812000,29289900,91644000,36292000
2016-03-03,8832200,95172200,25474600,3599600,302004000,24427800,54826000,40534000
2016-03-04,10638400,129293600,31655400,6209800,175304000,33034200,68330000,48516000
2016-03-07,13011000,100219000,25861200,6493000,239968000,38407800,98538000,61690000
2016-03-08,12384400,123974900,28898500,7157600,274940000,33835100,94600000,52530000
2016-03-09,16786500,94801200,31047400,3137000,222788000,28251600,87546000,39544000
2016-03-10,17620600,156838700,44236100,5354400,286084000,38387800,78398000,44616000
2016-03-11,13143300,137964500,31454000,4448000,277400000,32275700,75426000,35380000
2016-03-14,14704500,73612000,25374900,4298600,190312000,24083600,69084000,32824000
2016-03-15,17502900,93169100,26524600,2575200,226216000,21104800,77536000,29832000
2016-03-16,49082300,129303200,31693100,6804800,363644000,31691700,70754000,29306000
2016-03-17,22163500,134278500,29623700,6516400,353680000,28223900,118562000,44564000
2016-03-18,34354000,138372400,37682300,2838400,545512000,67625500,145938000,56222000
2016-03-21,17275100,72926700,17288600,4020200,337780000,23925700,103114000,28774000
2016-03-22,11970500,97471900,18840300,1640600,242012000,23124100,80012000,22096000
2016-03-23,13666800,81052500,20912900,3672200,429008000,20129000,79674000,24678000
2016-03-24,11956200,84360900,19017300,3466200,244956000,19950000,103710000,31116000
2016-03-28,14647000,62408200,13892300,2957600,265388000,17025100,62430000,21676000
2016-03-29,15159200,92922900,29963900,5163600,261812000,23924300,87852000,40062000
2016-03-30,9803600,86365300,23807200,5981600,376700000,23008300,77810000,40396000
2016-03-31,10196500,94584100,21447200,3000000,379884000,26360500,53636000,32554000
2016-04-01,9574100,114423500,26389000,3118400,348292000,24399200,58348000,31674000
2016-04-04,10243500,63497000,17163000,5429000,393940000,18928800,49416000,26924000
2016-04-05,9111300,99662200,20107900,3150600,339568000,19272300,46178000,24478000
2016-04-06,12516200,91839800,25056000,2722200,453376000,21188700,56998000,25312000
2016-04-07,12838600,113859000,28567200,3979400,378104000,19225100,63780000,25498000
2016-04-08,8011000,95040600,22898000,2350800,255936000,22167200,51838000,23434000
2016-04-11,10399600,83757500,25772100,5078600,387524000,21414200,54086000,31774000
2016-04-12,9245000,115350600,28564100,3492600,292764000,24944300,52822000,27388000
2016-04-13,12752300,96336400,25356700,3935400,350716000,20818000,84566000,35426000
2016-04-14,9150500,65212900,17199700,4771400,416564000,20877100,70242000,26992000
2016-04-15,10340300,75761600,21353300,5842200,436972000,28793800,57754000,31712000
2016-04-18,8849300,82531000,17126100,3473600,307320000,23786000,87218000,33540000
2016-04-19,9884400,88316100,42481400,5667800,309152000,29596800,81118000,43952000
2016-04-20,8481200,81100300,18078300,5986000,200172000,36195700,52188000,34262000
2016-04-21,11954100,85695000,20216000,4348000,178280000,38909100,51926000,77628000
2016-04-22,15003300,99251700,39074000,3210000,223540000,126834100,101678000,140798000
2016-04-25,10876200,66166500,14351900,2096800,191972000,33226900,53658000,49442000
2016-04-26,8365800,75864200,19118300,4501000,214536000,33532600,50428000,55864000
2016-04-27,8742100,77329400,33059800,6979200,352396000,43369300,81376000,66262000
2016-04-28,9233800,97216200,29818200,6869000,381224000,43134800,157452000,62590000
2016-04-29,12883300,142424100,67502800,18970400,321904000,48411700,206214000,58278000
2016-05-02,10454200,62188000,24813800,6567800,256076000,33114500,131570000,33476000
2016-05-03,11439600,106422100,38569400,8778600,224024000,26460200,98468000,38620000
2016-05-04,9046200,92243800,27474500,6204600,525764000,24257600,92710000,34172000
2016-05-05,8962700,67619200,20788100,7554600,246884000,25390700,97682000,29668000
2016-05-06,7587400,89315000,30758500,6249600,183240000,24787300,87306000,39952000
2016-05-09,7949400,74374900,19289600,4660200,333336000,17951600,79644000,38074000
2016-05-10,9290200,77472200,21178900,4536800,269676000,22891000,122112000,32634000
2016-05-11,7180100,81727000,20966300,1805000,328176000,24039100,146764000,29834000
2016-05-12,10006700,89586300,29196300,13003400,670540000,24102800,100964000,27094000
2016-05-13,9392600,96474600,21059300,4632600,2110256000,22592300,95268000,25244000
2016-05-16,7797100,77486800,18311900,3655800,973032000,20032000,108658000,22538000
2016-05-17,9483700,114924900,29932700,4212200,628392000,27803500,102428000,33404000
2016-05-18,10379700,120062100,27524400,6193200,541072000,24907500,85664000,32536000
2016-05-19,15124400,115430500,27334600,3431200,398880000,23842400,60512000,30598000
2016-05-20,16153200,104990400,29549600,8714400,391084000,23905800,58324000,34798000
2016-05-23,8904800,58682600,15729800,7665600,413636000,26118700,51902000,24816000
2016-05-24,11329800,93537800,29931300,6043200,415788000,34757900,60676000,37884000
2016-05-25,7972200,76621400,37951700,6215400,458076000,24040200,65354000,32216000
2016-05-26,7574000,55280700,21885900,5014000,309964000,24335200,48934000,27202000
2016-05-27,8240600,64211200,19870000,2803800,277416000,17721400,44984000,34802000
2016-05-31,12567400,109879400,24366100,7380000,412524000,37653100,72366000,42484000
2016-06-01,9268800,69936200,19571500,3819600,387132000,25324800,65262000,20788000
2016-06-02,51063400,63044700,15696600,4484600,329208000,22840800,60532000,33916000
2016-06-03,20740000,101757100,20269900,5199000,461076000,23368300,67346000,24608000
2016-06-06,16116900,64887000,12502400,5914800,322512000,18243300,54096000,29992000
2016-06-07,20009500,60974800,12184300,7954600,193400000,20866800,54650000,24314000
2016-06-08,11671000,66170900,14568700,4424600,234616000,21149400,44468000,32314000
2016-06-09,12316100,73786900,17571600,6188400,472168000,20305700,43406000,19180000
2016-06-10,10441700,113829200,32965000,5754000,400024000,25833200,68514000,29050000
2016-06-13,13036300,117751200,25154700,3332200,475588000,83217800,67044000,23354000
2016-06-14,12092200,125059300,24588500,7676600,298344000,42577100,50138000,26584000
2016-06-15,14476100,109124500,24605700,2736800,301036000,33757600,54188000,23234000
2016-06-16,17916500,149533100,32079900,7024600,246456000,31188600,61960000,45002000
2016-06-17,34512400,117055700,29208800,10150400,471000000,45710500,117956000,82262000
2016-06-20,17149200,82789600,20562800,5203600,293768000,35607900,73544000,45654000
2016-06-21,20111100,72461700,22804100,6131000,212508000,34097800,42750000,30318000
2016-06-22,12643400,95560500,22724200,7197800,202620000,28816800,45210000,29058000
2016-06-23,15430000,102731400,18714200,6354600,297880000,29028800,56500000,42500000
2016-06-24,44204500,333444400,68012700,15770000,1017684000,133503000,152650000,95436000
2016-06-27,22506100,230775800,48222600,15619800,449088000,50216300,111360000,58146000
2016-06-28,14750900,159382400,28260600,10836000,381920000,38140700,80740000,38246000
2016-06-29,23009700,137328600,31356700,10907400,318932000,31304000,61402000,43124000
2016-06-30,20100900,165021900,36300800,7017200,430940000,28527800,57102000,42250000
2016-07-01,11381600,106055300,19902800,3211400,218488000,21400400,58408000,30984000
2016-07-05,12501400,109803700,21167900,5103200,371084000,24806400,48628000,28440000
2016-07-06,12124300,96021500,24579300,6892400,273104000,28167500,78764000,28902000
2016-07-07,11676700,85593800,19161700,3192400,395400000,19585200,58916000,21174000
2016-07-08,14235600,133971000,29457900,5685600,481932000,28391000,68584000,29946000
2016-07-11,12912000,73633900,20218500,2958400,448776000,22269200,63906000,28822000
2016-07-12,13321000,101275600,21906100,2907800,436760000,27317600,112474000,26468000
2016-07-13,9612700,87324100,21107800,1979000,324604000,25356800,82846000,20436000
2016-07-14,9259800,91230900,20871000,3159600,316892000,24545500,47810000,21408000
2016-07-15,11666300,107155400,17999300,4029400,428616000,32024400,62428000,32342000
2016-07-18,8738900,58725900,20713900,5257200,252992000,31433900,59098000,38698000
2016-07-19,12723000,54345700,18936700,1668200,382652000,53336500,44336000,30436000
2016-07-20,11409700,58159500,24997900,4552800,296460000,89893300,44280000,22502000
2016-07-21,11424700,67777300,18885400,7103200,361308000,32776700,46342000,19062000
2016-07-22,10426300,62787500,20003400,4302600,315768000,32157200,45554000,20920000
2016-07-25,8974400,55873100,12968100,2636200,312528000,25610600,53586000,21466000
2016-07-26,11031900,70080500,21223800,17223200,514508000,28079000,50594000,23792000
2016-07-27,9566900,84083900,27646100,5555600,446676000,32327500,58262000,32172000
2016-07-28,17048600,65035700,16939700,3439800,221916000,37550400,152352000,73464000
2016-07-29,13230800,79519400,22385300,3932000,409588000,30558700,135542000,101810000
2016-08-01,12435400,73311400,13990100,2496600,301120000,26003400,71564000,60594000
2016-08-02,10268200,92295500,21278400,11176000,282748000,35122000,72066000,39928000
2016-08-03,12350500,53993600,15011300,2550600,299828000,22075600,71630000,29206000
2016-08-04,9142100,46585500,12835300,3049800,272712000,26587700,63564000,21520000
2016-08-05,9615300,71892200,23196600,1860800,371588000,29335200,54088000,36146000
2016-08-08,11427800,39906500,12358200,1544600,305064000,19473500,39726000,24426000
2016-08-09,9533700,51251700,13276500,3950000,372344000,16920700,37522000,32154000
2016-08-10,11077400,57941100,14688400,1284600,375740000,15756900,32086000,18370000
2016-08-11,9473700,72504300,12969800,1214600,681064000,18162300,40394000,25646000
2016-08-12,6301200,61313500,19379000,2661400,1425744000,21655200,31266000,17946000
2016-08-15,12774900,49813500,11777800,3495200,573304000,19283900,42370000,18596000
2016-08-16,8109100,53213600,14161400,1530000,287652000,20523500,32092000,21158000
2016-08-17,9876400,75134300,15980300,4162200,595212000,18856400,37822000,21322000
2016-08-18,8544600,52989300,10036300,2669800,331684000,14214300,29176000,17292000
2016-08-19,9109900,75443000,18743000,1981200,291560000,17271000,46864000,22416000
2016-08-22,9834700,61368800,14500600,1880600,244748000,15221900,33586000,17056000
2016-08-23,10631800,53399200,11997900,3425000,339764000,18732400,30482000,18350000
2016-08-24,9830300,71728900,17728700,3948200,298448000,18151500,34882000,25672000
2016-08-25,7567200,69224800,24266300,3200800,406032000,18552600,32460000,24054000
2016-08-26,9228200,122506300,23896000,4488200,300024000,20971200,55536000,24978000
2016-08-29,9168500,70502200,11184900,2169000,274652000,16417200,43972000,15474000
2016-08-30,6840300,58114500,19843300,2923200,285544000,16930200,34184000,23348000
2016-08-31,9694700,85269500,16169800,2065000,388544000,20860300,32676000,21428000
2016-09-01,10652500,97844200,20944700,3622400,428492000,26075400,35846000,26070000
2016-09-02,9020200,79293900,18088200,4418800,323148000,18900500,43636000,26998000
2016-09-06,8308300,56702100,18525200,4397000,306812000,16278400,74396000,39790000
2016-09-07,10415300,76554900,17546900,7942000,397988000,17493400,48492000,22906000
2016-09-08,16732100,74102900,20125300,7480000,315808000,20146100,40610000,23554000
2016-09-09,14477500,221589100,50813300,21847200,697760000,35113900,85146000,37752000
2016-09-12,14927200,168110900,39646000,13353800,598260000,29303000,62494000,37274000
2016-09-13,13395200,182828800,45863900,7442600,471768000,30130200,62344000,36180000
2016-09-14,11626900,134185500,28221800,5247200,319048000,24062500,50460000,25842000
2016-09-15,18403700,134427900,38521400,10300600,515212000,26847000,60680000,31144000
2016-09-16,50703500,155236400,27596500,5363600,902444000,44607000,109984000,42612000
2016-09-19,19801900,80250500,16222900,4351800,417128000,20937100,45944000,22990000
2016-09-20,12121300,69665300,18078600,2850400,331112000,17384000,38744000,20984000
2016-09-21,10994000,110284400,31546800,7751800,336212000,33707300,54372000,26970000
2016-09-22,9679300,76678700,22614400,6243200,308732000,19822200,81578000,35186000
2016-09-23,14017300,73630900,22213400,4215400,276132000,19955300,47070000,28234000
2016-09-26,9840900,89827300,16403900,3491200,230040000,21688700,53028000,29454000
2016-09-27,10644600,78494800,20238400,8105600,402752000,28065100,76392000,27346000
2016-09-28,8103500,87411000,14794300,3194400,319788000,20536400,88442000,29406000
2016-09-29,8795200,128070600,27207500,13499000,336684000,25463500,98444000,27000000
2016-09-30,12861900,117202900,25543200,6644800,429932000,29910800,88612000,33204000
2016-10-03,10403500,83512100,19216400,4400000,242596000,19189500,55388000,29784000
2016-10-04,9199300,119948100,21239700,7234000,281624000,20085900,59006000,25174000
2016-10-05,8269200,72816000,14481300,8053000,305440000,16726400,69382000,24276000
2016-10-06,9789100,62927400,11987100,4965800,360212000,16212600,53680000,21998000
2016-10-07,11442000,89788300,19984200,4203000,286260000,20089000,48524000,23262000
2016-10-10,9475400,51855000,19687300,3550200,287876000,18196500,36542000,29922000
2016-10-11,14964000,130367400,27774400,8279400,388540000,26497400,71764000,34432000
2016-10-12,8944900,73866100,14267800,8534800,419920000,22177500,47608000,18158000
2016-10-13,14117600,101357000,22821000,13193800,390116000,25313700,61828000,27380000
2016-10-14,11601200,93346200,21313300,4692200,330636000,27402500,59996000,22238000
2016-10-17,9419000,58275700,14182700,1803000,195328000,23830000,67230000,21128000
2016-10-18,7121900,76869700,19276700,5397800,269372000,19149500,50250000,45786000
2016-10-19,8310900,66519200,13702900,13399600,199060000,22878400,41814000,30002000
2016-10-20,11197000,73639800,18132200,7140800,312084000,49455600,63040000,27878000
2016-10-21,13413400,89089100,15707800,4053400,279508000,80032200,55860000,32316000
2016-10-24,13550500,60146600,19143000,2598200,339836000,54067000,81218000,28952000
2016-10-25,11627100,66542300,20341800,2844600,397460000,35137200,64968000,37814000
2016-10-26,9723100,75705500,20463700,2260000,333792000,29911600,79962000,35898000
2016-10-27,7588900,77220200,19099800,5114800,388664000,28479900,148128000,59470000
2016-10-28,7803300,140623200,35369300,4301600,290856000,33574700,216822000,87098000
2016-10-31,10485300,61272500,18749400,3145400,252388000,26434700,108266000,44854000
2016-11-01,12018200,122781800,23498700,5390400,473224000,24533000,106108000,47118000
2016-11-02,9488400,103330800,26960100,3659800,295848000,22147000,100530000,47014000
2016-11-03,12393100,88939300,36205200,5384400,309664000,21600400,77450000,43504000
2016-11-04,14288900,109122100,26997500,6104000,328780000,28697000,102442000,39412000
2016-11-07,9506900,109794900,26591200,4196000,487580000,31664800,119688000,39852000
2016-11-08,7574700,106772100,20777900,1879000,429884000,22935400,68252000,35382000
2016-11-09,19497300,258429000,70234400,10449400,456532000,49632500,171258000,61970000
2016-11-10,26707200,172113300,72825400,11724200,869280000,57822400,254940000,118192000
2016-11-11,12217700,100552700,41115200,13167800,2175344000,38767800,132456000,71852000
2016-11-14,15417100,94580000,35906000,5860400,1348796000,41328400,146426000,73766000
2016-11-15,13594300,91652600,31796600,5905600,626092000,35904100,135116000,58878000
2016-11-16,12597000,65617700,16538100,3667800,987984000,27332500,72976000,35968000
2016-11-17,13316600,69797200,20598600,3043200,832988000,32132700,73802000,30674000
2016-11-18,12890600,86265800,16428700,10706200,576060000,27686300,87468000,36126000
2016-11-21,8073100,72402600,20268500,7345400,436436000,19652600,92292000,32616000
2016-11-22,10993100,67429000,18850600,6829600,330368000,23206700,106226000,27884000
2016-11-23,11070100,56620200,22926000,3642200,443236000,21848900,70806000,26260000
2016-11-25,4013100,37872300,7162800,887000,195564000,8409600,36742000,12270000
2016-11-28,12118300,76572500,13479000,6545000,278736000,20732600,88776000,51508000
2016-11-29,10157400,69886700,18553000,5897600,444568000,22366700,65446000,31240000
2016-11-30,14374600,113291800,30405300,3534600,440500000,34655400,92518000,45582000
2016-12-01,22740200,79040500,39796600,22106600,1035524000,34542100,93320000,57342000
2016-12-02,19120300,74840300,32876800,7593000,478292000,25515700,71226000,34376000
2016-12-05,13681500,67837800,21419700,5308000,602284000,23552700,86294000,33770000
2016-12-06,13524700,59877400,27293300,5366200,498796000,19907000,75894000,34682000
2016-12-07,15170600,110738100,26622400,6927000,480804000,30809000,73698000,40588000
2016-12-08,10109700,99714400,18578400,5062000,381544000,21220800,63792000,32250000
2016-12-09,11219100,88005800,21863100,6822400,382312000,27349400,49418000,38090000
2016-12-12,10891400,102016100,23259300,7697000,601332000,20198100,59278000,32572000
2016-12-13,12493100,110477500,54477900,7620200,387796000,35718900,105706000,42564000
2016-12-14,25102400,142501800,28746000,6313200,983980000,30352700,109096000,35994000
2016-12-15,17783500,124972600,22762300,11967400,746548000,27669900,76038000,35394000
2016-12-16,46224200,156420200,26283900,6983000,1089528000,42453100,96964000,51978000
2016-12-19,15135100,90341100,21138700,3446600,744656000,34338200,62264000,25272000
2016-12-20,14006400,89838800,11461800,2349200,848056000,26028400,54072000,25438000
2016-12-21,11966400,67909000,7079300,4060200,576136000,17096300,40892000,29192000
2016-12-22,11226300,56219100,16645000,1515200,718612000,22176600,50872000,22632000
2016-12-23,8143600,36697800,9007500,1045000,647692000,12403800,39632000,15310000
2016-12-27,5073700,42672500,16110600,2561200,1194272000,11763200,52774000,19520000
2016-12-28,8264100,64095000,17975200,3869800,2295764000,14653300,66020000,24296000
2016-12-29,5711800,48696100,13267500,2533800,2175368000,10250600,63166000,21148000
2016-12-30,10820200,108998300,41749000,3038600,1212932000,25579900,82788000,34718000
2017-01-03,11051300,91366500,22307600,5741400,1501996000,20694100,70422000,39180000
2017-01-04,9545500,78744400,19749100,3870400,1199220000,21340000,50210000,30306000
2017-01-05,12064700,78379000,20644300,3016600,984296000,24876000,116602000,26810000
2017-01-06,14829700,71559900,24074300,5188000,822856000,19922900,119724000,40342000
2017-01-09,15587900,46939700,18909200,4708400,916248000,20382700,68922000,28178000
2017-01-10,11316600,63771900,16176600,3542000,880920000,18593000,51168000,23948000
2017-01-11,10403100,74650000,20686000,4425800,525664000,21517300,59856000,26508000
2017-01-12,11526900,72113200,19622500,7836000,625616000,20968200,97478000,26990000
2017-01-13,9455300,62717900,16930800,2261400,457820000,19422300,75838000,25804000
2017-01-17,11081400,61240800,14538500,3131400,580612000,20664000,73410000,28818000
2017-01-18,10394000,54793300,12499700,4002200,654424000,19670100,47084000,20554000
2017-01-19,12232400,66608800,12710700,2134200,644872000,18451700,50816000,21410000
2017-01-20,25439100,129168600,22091000,5442000,492024000,30213500,67524000,26124000
2017-01-23,13251200,75061600,17434200,3328600,369904000,23097600,55950000,49148000
2017-01-24,12216500,95555300,17640900,8233400,428052000,24672900,59434000,33768000
2017-01-25,13164800,84437700,15036200,5480400,522760000,23672700,78452000,33108000
2017-01-26,10556500,59970700,16052200,5233200,458800000,43554600,71726000,69866000
2017-01-27,9232700,59711100,15053000,3379800,471996000,44818000,59974000,75050000
2017-01-30,10589600,79737300,25006700,3569400,496004000,31651400,74946000,70338000
2017-01-31,10766700,75880800,19091100,4364800,362756000,25270500,62744000,40404000
2017-02-01,11837000,79117700,22861900,3412600,590004000,39671500,77004000,45020000
2017-02-02,10120300,69657600,15101400,2290200,483240000,45827000,147010000,33784000
2017-02-03,12941200,80563200,16957200,3290600,372744000,30301800,217376000,30562000
2017-02-06,7871300,57790100,11630100,1919800,506768000,19796400,77946000,27018000
2017-02-07,8848700,57931200,17541100,2852800,746224000,20277200,69322000,33332000
2017-02-08,8883300,51566200,12569100,2678600,449580000,18096400,57160000,26044000
2017-02-09,10977100,65955200,17542700,3577800,842568000,22644400,49698000,23884000
2017-02-10,13168700,66015900,13915700,4023000,1651092000,18170700,48592000,28302000
2017-02-13,12779800,55182100,19120200,3427000,1180724000,22920100,83452000,25914000
2017-02-14,9623000,71109000,16333500,3845400,850632000,23108400,55848000,27266000
2017-02-15,9243600,86785800,17891400,3246000,373020000,17005200,59378000,27144000
2017-02-16,10132700,84722400,15098300,3860000,647176000,20546300,54294000,20102000
2017-02-17,18545300,77204100,15563700,3377000,563740000,21248800,62246000,29224000
2017-02-21,12394700,88946100,18479600,2242200,551952000,20655900,70154000,25206000
2017-02-22,11602800,62115200,12110900,2620200,433772000,19292700,52340000,24488000
2017-02-23,15484000,74615900,17489000,5455400,1592888000,20273100,69240000,27734000
2017-02-24,11426700,82381600,18624500,2751600,1029904000,21796800,73760000,26924000
2017-02-27,13876500,56515400,12008700,3777400,715400000,15871500,54272000,20206000
2017-02-28,14450300,96961900,16598600,4832800,625360000,23239800,55874000,27662000
2017-03-01,11402200,149158200,25813800,3665200,504804000,26937500,55202000,36374000
2017-03-02,9431600,70246000,19951400,3834400,754332000,24539600,42642000,25018000
2017-03-03,8917100,81974300,13722700,2671000,864692000,18135900,38822000,20100000
2017-03-06,9196000,55391500,12026200,5125000,883568000,18750300,52208000,20958000
2017-03-07,9492900,65103700,15500900,3065800,603400000,18521000,44952000,20774000
2017-03-08,9217100,78168800,15776000,3001000,638712000,21510900,45730000,20576000
2017-03-09,10308400,90683900,20855300,2138200,478060000,19846800,40964000,26954000
2017-03-10,12244500,81991700,21922600,3582200,499740000,19538200,48728000,26732000
2017-03-13,12440800,57256800,10731600,5468200,774136000,20100000,38194000,23332000
2017-03-14,10291000,59880800,14019700,2539800,522016000,14280200,42612000,21234000
2017-03-15,18393200,96081800,22709100,4813800,615036000,24833800,51244000,26658000
2017-03-16,67535400,78344000,18457300,3208400,523100000,20674300,36846000,22090000
2017-03-17,31688700,89002100,21234500,4099000,1119688000,49219700,67688000,37366000
2017-03-20,21452600,52537000,10105200,2270400,748568000,14598100,45654000,30844000
2017-03-21,21974500,131809300,35841900,10765000,913484000,26640500,87658000,50760000
2017-03-22,14339700,97569200,29177900,6625800,616764000,20680000,53174000,27334000
2017-03-23,16190500,100410300,20311700,2660600,533940000,19269200,39060000,65754000
2017-03-24,13110200,112504900,22967600,3248400,439500000,22617100,42766000,42114000
2017-03-27,8933100,87454500,18472400,2495800,506644000,18614700,55116000,38692000
2017-03-28,14008800,93483900,23721900,4663800,432444000,20080400,60832000,30384000
2017-03-29,10636200,61950400,13710000,2358200,349992000,13618400,89716000,29146000
2017-03-30,7792500,56737900,16092400,1175800,525532000,15122800,55254000,18988000
2017-03-31,10652800,73733100,19841400,1731400,440808000,21040300,79152000,28820000
2017-04-03,16044300,85546500,23700300,2521000,445232000,20400900,68446000,39388000
2017-04-04,9161300,56466200,13400000,2975400,1271280000,12997400,99694000,26970000
2017-04-05,9445100,108800600,32011200,2891400,747048000,21448600,150168000,37104000
2017-04-06,11557800,69135800,18832200,2020200,635120000,18103500,126882000,30672000
2017-04-07,13446600,74412300,16743100,1723200,429068000,14108500,74218000,22232000
2017-04-10,11668600,67615300,15619300,3922600,756332000,17952700,63686000,20924000
2017-04-11,15422400,88045300,33778400,13529800,618148000,18791500,60254000,19486000
2017-04-12,8457000,81864400,15955200,15788200,414092000,17108500,49122000,22716000
2017-04-13,11838300,92880400,23683000,5420400,506892000,17896500,63492000,21474000
2017-04-17,10999300,68405400,13325500,4378600,497292000,16689300,57094000,20982000
2017-04-18,10446700,83225800,12841100,4251400,370116000,15155600,59984000,18724000
2017-04-19,10712000,68699900,17764800,7181400,380828000,26992800,57404000,21606000
2017-04-20,10880900,92572200,21977900,4511200,404016000,22299500,56288000,23776000
2017-04-21,11556000,110389800,22454900,5448000,341896000,32522600,48410000,23458000
2017-04-24,10848900,119209900,22469900,4373800,371820000,29770000,62458000,33930000
2017-04-25,12436800,76698300,19384400,4021800,388440000,30242700,67612000,40760000
2017-04-26,10122400,84702500,25398500,3993000,327004000,26190800,52178000,26466000
2017-04-27,8221000,57410300,16136500,5043800,319700000,34971000,106110000,46846000
2017-04-28,12962700,63532800,22771900,8783400,348248000,39548800,147294000,76918000
2017-05-01,9118300,66882500,24815500,4598600,307732000,31954400,109330000,46556000
2017-05-02,11649600,57375700,18345100,6497400,629972000,23906100,76976000,35026000
2017-05-03,10695900,73137700,23827600,5324800,336904000,28928000,71654000,36496000
2017-05-04,15505200,61462700,14630100,1905800,209788000,21749400,48368000,38752000
2017-05-05,8443400,62001300,19330700,2059000,228428000,19128800,57328000,32310000
2017-05-08,7559600,48385700,13279900,1855000,365240000,18566100,68314000,37534000
2017-05-09,6530600,51363200,28426100,3260600,847672000,22858400,65242000,33758000
2017-05-10,6906100,54293800,20499400,3330400,2129096000,17977800,41930000,22920000
2017-05-11,8996400,62358300,27232100,3388200,1939792000,28789400,43882000,20622000
2017-05-12,7965100,53912700,19738600,1947600,962620000,18714100,72518000,24298000
2017-05-15,9694000,61918900,20481300,3541600,1087540000,31530300,85412000,26754000
2017-05-16,7944500,51241800,21786000,3641600,1120700000,34956000,62522000,22030000
2017-05-17,18489200,172174100,55642200,12639400,1271368000,30548800,102912000,48982000
2017-05-18,12777600,107047700,41319900,6609800,1156032000,25201300,78786000,36010000
2017-05-19,11519200,115011400,36730100,6180400,1018372000,26961100,79442000,27206000
2017-05-22,9805800,61010600,19509700,4292200,836608000,16237600,52844000,27748000
2017-05-23,6873700,48341700,19687500,5040200,681248000,15425800,48312000,30908000
2017-05-24,7653600,46927700,15891900,1998000,815996000,14593900,48920000,22660000
2017-05-25,7597600,64071700,23928600,6936400,608228000,21854100,96440000,39082000
2017-05-26,6899700,46629900,13851600,1588400,779140000,19827900,69384000,32728000
2017-05-30,10769800,35201900,20306400,3494200,989652000,17072800,65262000,30324000
2017-05-31,14757600,91796000,33229400,3466600,887316000,30436400,78262000,34482000
2017-06-01,8138900,68962000,20120700,5250800,503340000,21603600,49096000,26128000
2017-06-02,11794600,88666100,37222900,2599600,487456000,34770300,75046000,34710000
2017-06-05,8617300,44698800,15727500,4386600,817376000,33316800,54398000,27578000
2017-06-06,7449500,50375400,22393000,3496800,758728000,31511100,66928000,31042000
2017-06-07,7688700,54144300,18842400,5305800,612612000,22301800,56460000,27482000
2017-06-08,12889500,65950700,25417400,6589400,1161744000,24588300,55358000,33758000
2017-06-09,12188400,132256400,109783700,17851800,3692928000,49187400,152954000,72958000
2017-06-12,16189900,86108100,104454000,16678400,1697532000,47761700,188944000,84042000
2017-06-13,10705800,60067000,51193000,6954800,1672504000,25258600,91600000,40108000
2017-06-14,12024600,78602300,60093800,6346200,1184640000,25510700,79498000,30110000
2017-06-15,10394600,66464900,55145200,8397800,963824000,26068700,107478000,48552000
2017-06-16,15930900,84553100,48087400,7413400,924960000,48345100,229454000,51184000
2017-06-19,12787700,65123800,39626500,5378800,778176000,23798300,100868000,29376000
2017-06-20,15299600,56906400,40935100,5286000,1095444000,21512200,81536000,25946000
2017-06-21,30757300,55977600,35743400,6412000,682652000,19891100,58450000,23232000
2017-06-22,63193900,44148100,24099100,4491800,469132000,22965700,45068000,20190000
2017-06-23,42812500,66986800,21654300,4133800,1088588000,27617300,57582000,31280000
2017-06-26,29453400,56700500,34411100,10756400,1063960000,19607000,67724000,30358000
2017-06-27,17876400,82247700,65957800,15194000,999492000,25215100,75648000,48872000
2017-06-28,15981600,70042600,57427200,7873000,994948000,25806200,74752000,54912000
2017-06-29,13929100,106949700,88769400,15391200,1064424000,28918700,86060000,64134000
2017-06-30,13146400,86820700,68898300,10455000,731060000,24161100,67806000,45754000
2017-07-03,10883200,39153800,32797000,6499800,709072000,16165500,58182000,33896000
2017-07-05,15775300,54427600,42116600,12905600,820188000,21176300,73060000,41882000
2017-07-06,14411900,65400800,48430500,5441600,746284000,21117600,65192000,40298000
2017-07-07,10889400,57972300,36970400,6831000,654972000,16878300,52868000,33266000
2017-07-10,10098500,36663300,24853500,6785400,958492000,15014500,70926000,29030000
2017-07-11,9751100,50354600,31517700,5848600,757956000,17460000,59654000,29224000
2017-07-12,14461400,59610400,36045800,6302600,1145208000,17750900,72172000,32042000
2017-07-13,11959900,39471600,31073600,6005000,1369132000,20269800,57616000,30492000
2017-07-14,9875900,60262700,34544800,4687000,941948000,25868100,42050000,21592000
2017-07-17,8093600,33531900,25343200,3431000,930792000,21803900,74252000,33210000
2017-07-18,14104800,42742500,25748500,7818200,776640000,26435300,80152000,28266000
2017-07-19,13312800,51034300,33752300,6027200,687044000,22416200,59280000,28242000
2017-07-20,8772500,47135200,36139400,5455800,699596000,42361000,61950000,28368000
2017-07-21,8791900,82340800,39697100,6271000,648332000,46717100,54692000,29266000
2017-07-24,7639100,46622300,26712700,5348200,652524000,21394800,65760000,79690000
2017-07-25,10536200,54915600,28120900,6417000,496556000,22018700,48952000,118672000
2017-07-26,5724500,47575400,18610600,4032200,640404000,16252200,58426000,44432000
2017-07-27,16508800,70766600,80665900,12734600,782856000,36844200,219834000,74358000
2017-07-28,8996400,50088400,38013200,7256800,513348000,18306700,154188000,36276000
2017-07-31,10066600,65838700,33848600,7057800,559672000,23600100,147042000,45670000
2017-08-01,6066200,55050400,20149400,4375200,431384000,22132300,91452000,28052000
2017-08-02,8720700,47211200,41769700,7962200,478444000,26499200,81400000,40788000
2017-08-03,9490100,40856000,27112800,5946000,442420000,18214400,65116000,22478000
2017-08-04,7025300,60191800,29472900,6791600,589096000,22579000,54606000,25092000
2017-08-07,8280300,31995000,17933900,6041800,717412000,18705700,53532000,28916000
2017-08-08,14684300,61719400,30810400,10179400,755336000,22044600,58056000,30102000
2017-08-09,15872400,62632600,36169500,7067000,530784000,22213400,71394000,28018000
2017-08-10,13391100,120479500,63331700,11112800,1328088000,24734500,113682000,54148000
2017-08-11,11704600,74869900,45862500,6642400,1497196000,21443700,69360000,32334000
2017-08-14,9229100,73291900,34161000,6643000,1279020000,20096600,63458000,23012000
2017-08-15,10663500,55242700,25509200,8062600,764532000,19181400,50986000,22130000
2017-08-16,9881200,56715500,31913000,6273600,596632000,18150400,62642000,26906000
2017-08-17,9661600,128490400,70191000,11995600,525444000,22977500,70248000,33914000
2017-08-18,10248400,136748000,60751900,17463400,601204000,18761500,65696000,26748000
2017-08-21,7293400,65469700,37111500,6845000,623672000,17734800,63290000,26024000
2017-08-22,9233000,63140100,36294200,5273000,450456000,14343700,55000000,35502000
2017-08-23,6895400,50203800,25702300,4235200,579520000,13766500,53366000,22690000
2017-08-24,7365500,50741700,38160800,2259800,469700000,17098300,103914000,25892000
2017-08-25,7853300,64445900,26380400,4024400,357200000,12794300,66496000,23746000
2017-08-28,6211300,40565600,15362100,4206200,389496000,14569700,51934000,20988000
2017-08-29,7245900,51135700,24498300,5013200,324096000,11478400,57486000,23172000
2017-08-30,6957400,62030800,33642700,4659000,384400000,16897800,58092000,22406000
2017-08-31,12958100,103803900,38480700,4803800,612684000,27652800,66630000,33866000
2017-09-01,8716800,62007000,22293600,2998200,445432000,21736200,50718000,20858000
2017-09-05,15610700,91398800,44794300,8848000,695364000,21556000,57664000,29148000
2017-09-06,15615600,57916900,30722700,3225000,397672000,16535800,42598000,27830000
2017-09-07,11516800,58034700,22721100,2636200,352868000,17471200,51336000,22332000
2017-09-08,10356500,63832800,27890100,4944600,498856000,14703800,52106000,19998000
2017-09-11,16526300,71364800,27126300,5448800,567444000,17910400,43734000,26748000
2017-09-12,13352400,56896000,30256700,4886600,411488000,14394900,49622000,25696000
2017-09-13,14463000,59228000,28450900,5872800,580960000,13380800,67494000,21908000
2017-09-14,21901600,95446300,35296400,8595600,513712000,15733900,78266000,28548000
2017-09-15,66367900,95432400,46422400,9237600,1364792000,38578400,75204000,39886000
2017-09-18,29434700,46235200,24858200,7475000,1684460000,23307000,68226000,29474000
2017-09-19,23070700,47108100,20871200,4539200,874280000,16093300,53422000,24854000
2017-09-20,21257300,59574100,34236200,9208800,724920000,21587900,57776000,40080000
2017-09-21,15656300,48211400,28841800,19256800,1075600000,19186100,46752000,27414000
2017-09-22,15341900,51214000,21702400,2660400,491232000,14111400,52836000,21496000
2017-09-25,15663600,57064400,54947700,7540800,874580000,24149200,102480000,37468000
2017-09-26,18679900,54082000,29628800,4284000,1125620000,18019600,71296000,33454000
2017-09-27,14499200,81001400,33249400,7999200,713720000,19565100,62978000,46692000
2017-09-28,12997700,44778800,24149400,5945000,435244000,10883800,50452000,28018000
2017-09-29,44896600,85578000,43102400,7555200,619092000,17079100,50876000,40622000
2017-10-02,26097300,59023000,27351300,6376000,503480000,15304800,48858000,30782000
2017-10-03,12710800,66810200,19715200,4141200,390332000,12190400,53332000,21666000
2017-10-04,15204500,55953600,26381100,3352400,427848000,13317700,50548000,21156000
2017-10-05,13886100,63522800,31562400,3692200,437364000,21195300,64584000,35618000
2017-10-06,16340400,80646000,23561100,2669600,318800000,13959800,75642000,31060000
2017-10-09,10173000,35803100,13704800,2407000,563492000,11386500,58772000,25910000
2017-10-10,15630500,43057400,19223100,5315000,974876000,13944500,61698000,23268000
2017-10-11,12588300,47674300,12439100,3258400,529508000,15388900,46742000,36300000
2017-10-12,11715600,47065100,14513500,5800600,528292000,16876500,81346000,30614000
2017-10-13,10142300,54800400,18409900,3370400,628728000,15335700,48630000,26552000
2017-10-16,9378100,38221700,21809400,3274000,576640000,12380100,40178000,21420000
2017-10-17,14191300,31561000,13138200,5849000,478596000,16824000,46394000,20260000
2017-10-18,12064100,40888300,17218200,6093600,567316000,13300700,49994000,25596000
2017-10-19,10048600,61903800,27680300,4864400,570772000,15092800,62164000,34284000
2017-10-20,15501500,89176400,30173300,10134600,451620000,22866400,47302000,32120000
2017-10-23,14633400,63915300,29297100,5250400,428696000,20627200,69882000,32786000
2017-10-24,17562400,66935900,20289500,6298000,407244000,17517200,54478000,28902000
2017-10-25,20635800,103715300,36179100,8612800,828160000,20410800,60662000,30574000
2017-10-26,16952900,69798000,28230200,6899200,322744000,32120700,112374000,47396000
2017-10-27,15099500,85562500,60165100,6465800,572192000,71066700,331300000,103682000
2017-10-30,9049800,54285700,31733400,4894800,504056000,31756700,132262000,46804000
2017-10-31,14453100,60304800,26319300,5721400,411908000,27086600,69540000,30326000
2017-11-01,10128000,54202700,29481600,9836800,502576000,22307400,75110000,43262000
2017-11-02,10389800,56449500,31017400,7863600,342308000,23992900,73698000,26694000
2017-11-03,15814500,59589700,26199200,10232600,353640000,17633500,75030000,27770000
2017-11-06,9678000,49652600,28693900,7235400,389944000,19860900,67622000,18294000
2017-11-07,6796500,57502200,21333100,5460600,427700000,17939700,53780000,26104000
2017-11-08,7977900,50469600,17373500,4088200,522988000,18034200,51630000,24276000
2017-11-09,16195400,95085500,40594500,15495600,978564000,21178400,74654000,35892000
2017-11-10,9944200,59984700,20150800,5616200,1253256000,19397800,43598000,19442000
2017-11-13,6566700,50228600,12522400,3448000,582376000,14196900,58368000,18814000
2017-11-14,8498900,61315200,25173800,3108400,529292000,18801300,62768000,21012000
2017-11-15,9425100,80811500,24808000,5601200,501948000,19383100,78574000,18106000
2017-11-16,11738500,67777000,34790600,7401400,441768000,20962800,44266000,23768000
2017-11-17,10035100,75756800,28725800,8951200,515664000,22079000,48268000,26712000
2017-11-20,11525100,48075500,21143900,3694400,396100000,16315000,43278000,17526000
2017-11-21,18313300,69176800,20147800,4289200,399176000,21237500,49588000,22206000
2017-11-22,10618900,45033400,17299000,3058200,356640000,20553100,71106000,14538000
2017-11-24,6008300,27856500,8280600,1206400,180752000,7425600,70560000,16492000
2017-11-27,13395600,52274900,22653400,5964600,422896000,18265200,134880000,35430000
2017-11-28,13930600,98971700,25227300,7976400,512752000,21926000,91188000,36424000
2017-11-29,14377600,77512100,71986300,34478800,1396788000,27381100,185150000,55866000
2017-11-30,24701100,127894400,56595500,13382000,823768000,33054600,90184000,45092000
2017-12-01,15899500,164390900,59015800,19874600,811548000,29532100,82142000,37762000
2017-12-04,13473900,94040600,51319100,20150800,1240844000,39094900,118638000,38778000
2017-12-05,17858900,77994500,40604200,13001600,981488000,26152300,81596000,38998000
2017-12-06,12974500,75898600,28647800,10486000,467032000,26162100,57066000,28710000
2017-12-07,13482800,77218600,32666200,10849800,542600000,23184500,50232000,30866000
2017-12-08,14732300,76563900,28081700,9719600,466876000,24489100,61002000,31170000
2017-12-11,15852800,83077500,20821500,6617200,372748000,22857900,47270000,23254000
2017-12-12,17464000,85195800,20310300,10415600,455016000,23924100,44718000,33882000
2017-12-13,17196900,102905400,24418500,7922400,554280000,22062700,52336000,27680000
2017-12-14,22259300,100666700,24594700,8270000,438164000,19306000,64286000,30962000
2017-12-15,75176000,144610300,49816200,43080400,670036000,53936700,95572000,63760000
2017-12-18,25156800,83653600,26844500,10766400,477704000,22283800,58952000,30292000
2017-12-19,28664300,82382900,31415000,6066000,373100000,23524800,51756000,26350000
2017-12-20,11432200,76751500,38972600,11095600,288820000,23674900,47424000,28728000
2017-12-21,18396800,67032300,18638700,6029200,300904000,17990700,42462000,25640000
2017-12-22,11197300,78720900,23330400,4900000,466276000,14145800,31702000,17788000
2017-12-26,7650200,45244400,21918700,4413600,355080000,9891200,40104000,18376000
2017-12-27,8132200,57751000,22388200,5500000,329488000,14678000,37344000,22324000
2017-12-28,7777600,45116100,25393800,5424200,240248000,10594300,36834000,19884000
2017-12-29,9750000,96007400,33186000,3376600,279964000,18717400,53768000,23606000
2018-01-02,25380000,86655700,32573300,8908600,355616000,22483800,53890000,31766000
2018-01-03,24165000,90070400,29383600,7617000,914704000,26061400,62176000,31318000
2018-01-04,19815100,80636400,24776100,6699600,583268000,21912000,60442000,26052000
2018-01-05,14496400,83524000,26992300,3584800,580124000,23407100,70894000,30250000
2018-01-08,15075000,57319200,23159100,2768400,881216000,22113000,85590000,24644000
2018-01-09,14153700,57254000,24782400,7800600,497000000,19484300,73226000,26808000
2018-01-10,13476600,69574300,34004000,7958600,582664000,18652200,53720000,20734000
2018-01-11,11687800,62361500,20473500,5162600,406032000,17808900,62500000,22424000
2018-01-12,15978200,90816100,37762700,3809200,359916000,24271500,108874000,38586000
2018-01-16,17152600,106555100,41231800,7623600,702348000,36599700,144414000,36462000
2018-01-17,23183100,113258800,33849900,12285600,538408000,25621200,105076000,27830000
2018-01-18,17119200,100728000,26432200,7106600,408632000,24159700,80538000,27498000
2018-01-19,14011500,140920100,38937600,6568400,609380000,36875000,91570000,30552000
2018-01-22,16840000,91322400,26081400,4790600,550944000,23601600,82802000,29550000
2018-01-23,14141400,97084700,37989700,7356400,475228000,23412800,103386000,39138000
2018-01-24,17205600,134816100,54287400,14236200,579972000,33277500,136150000,37128000
2018-01-25,13904300,84587300,28925000,13986800,409884000,26383200,95060000,29984000
2018-01-26,14909200,107743100,32038200,7895000,516356000,29172200,97146000,42170000
2018-01-29,12234900,90118300,37277800,8147400,455116000,31569900,114038000,31494000
2018-01-30,16863500,131796400,44987700,10836600,570832000,38635100,117438000,37338000
2018-01-31,16806800,108364800,42449200,7457800,478576000,48756300,128494000,36022000
2018-02-01,11674100,90102500,38037900,8369000,519224000,47227900,182276000,73514000
2018-02-02,17562200,173174800,68478100,26015400,718464000,47867800,222514000,117842000
2018-02-05,19725800,294681800,105372200,22948000,1165204000,51031500,229900000,83550000
2018-02-06,25921200,355026800,118537900,26244800,1114800000,67998600,221336000,76630000
2018-02-07,15138000,167376100,91028300,20566600,802932000,41107600,143254000,51942000
2018-02-08,21255400,246449500,94184800,29822200,1144000000,55628700,171572000,66792000
2018-02-09,23191000,283565300,113836600,34208400,1674604000,63499100,282830000,98360000
2018-02-12,16261600,143736000,63050600,19014000,1093172000,35720300,134778000,56240000
2018-02-13,12633100,81223600,31785600,7415000,625524000,26407700,118358000,31586000
2018-02-14,14271400,120735700,52107400,10839800,744988000,34960900,119184000,41304000
2018-02-15,14132500,111200300,51633900,9639200,698900000,27823900,113054000,37396000
2018-02-16,11098800,160420100,62256300,12480400,637656000,30596900,89452000,39948000
2018-02-20,14144900,86369700,36785600,29405400,686240000,30911700,129984000,33754000
2018-02-21,13050800,98883700,41161800,8997800,892292000,26922500,126088000,41486000
2018-02-22,9513200,110511300,37074400,8959400,534364000,24392800,97162000,28010000
2018-02-23,8866800,92766400,50096900,6304800,415300000,26329200,88362000,25292000
2018-02-26,12956000,86491400,39266700,9254200,469312000,30199800,99100000,30912000
2018-02-27,14339600,99099200,42209900,7976600,455436000,25869100,96176000,42964000
2018-02-28,14947900,121907800,42936300,6339600,523116000,31167300,90300000,49292000
2018-03-01,16539800,176855100,76809900,10790000,1040120000,37135600,136704000,55338000
2018-03-02,17291000,139083200,57445100,10659600,913428000,32830400,131752000,50162000
2018-03-05,18771500,97307400,38540200,9524800,620776000,23901600,104678000,28648000
2018-03-06,13907100,79213200,29480900,8957400,636808000,22175800,91234000,23382000
2018-03-07,11727300,87063500,34609400,7682000,581208000,26716100,83482000,30748000
2018-03-08,15864400,66901200,25828400,6518000,411912000,25887800,77252000,33862000
2018-03-09,16218600,113625300,38310500,8815200,505524000,36937300,90686000,42662000
2018-03-12,14108400,71924800,37635000,8825600,605060000,26073700,103484000,44306000
2018-03-13,12864400,91968900,55638900,18245800,619772000,35387800,130638000,43140000
2018-03-14,10885500,105895100,40536400,12020200,505496000,32132000,85188000,41870000
2018-03-15,14155200,83433000,28810400,3826200,401952000,27611000,81394000,33382000
2018-03-16,21011500,100343700,31176700,5937000,399456000,49081300,108500000,58656000
2018-03-19,25777400,109208400,71395100,14245400,713772000,33344100,131616000,63656000
2018-03-20,68601000,59757300,34075700,6683400,554696000,23075200,91632000,54598000
2018-03-21,34597700,78709600,43863500,6437200,438688000,24457100,95016000,44898000
2018-03-22,25610100,148785900,66607300,8698800,551196000,38604700,126412000,69312000
2018-03-23,21398900,183534800,80110400,16819400,735620000,44068900,160120000,49880000
2018-03-26,20754800,141956100,57481500,11172400,611424000,56396800,112494000,65984000
2018-03-27,18925300,129941400,78889100,17266200,1409000000,56569000,139992000,60816000
2018-03-28,22156900,146452300,89369700,21806600,945904000,52501100,274106000,77698000
2018-03-29,14256400,111601600,68692600,13193200,916628000,45867500,251622000,69338000
2018-04-02,15343300,186286300,85549400,18445000,922092000,48515400,209272000,65068000
2018-04-03,15734600,119956900,64090000,10773200,667432000,37213800,204624000,51322000
2018-04-04,18505900,123715300,65768700,11654000,789168000,35560000,139646000,50724000
2018-04-05,12313000,82652600,43054900,12228000,701240000,29771900,128270000,35836000
2018-04-06,13893600,179521200,59870900,13935600,662988000,38026000,117646000,40134000
2018-04-09,15200000,105442900,41810400,13015400,499524000,31533900,84164000,33220000
2018-04-10,14868900,103529000,48296800,14981600,761676000,26812000,85082000,36620000
2018-04-11,14911400,91140200,41622100,8595600,460244000,24872100,71650000,34060000
2018-04-12,13970300,68890500,30467900,9236800,593920000,26758900,62700000,32896000
2018-04-13,12493600,85079200,44604900,9073800,503036000,23346100,73706000,25410000
2018-04-16,11639000,63405300,28180800,5267200,350792000,20288100,56172000,29776000
2018-04-17,10762700,64682000,35536100,8727600,447224000,26771000,102288000,54584000
2018-04-18,11312900,57303900,29573900,8458000,391364000,21043300,104550000,31126000
2018-04-19,8563200,77655900,34705700,32931400,471996000,23552500,130474000,39884000
2018-04-20,15675600,99953100,49197100,25979400,386200000,31154400,110832000,42434000
2018-04-23,14904400,65558000,33040600,17681000,427508000,22331800,89308000,69590000
2018-04-24,13357000,112885500,70256800,30902000,414596000,34524800,149894000,128220000
2018-04-25,12637500,103840900,52089300,18606400,588492000,33729300,131746000,57860000
2018-04-26,12175800,67731900,43005500,13144800,375824000,42529000,176022000,50926000
2018-04-27,14420800,57053600,51043400,11083200,400848000,48272800,261064000,40746000
2018-04-30,13896600,82182300,35615300,15927800,327844000,41523600,109282000,34492000
2018-05-01,8838000,74203400,36513500,13111200,253788000,31408900,91442000,35326000
2018-05-02,10715200,86368900,38646800,9036400,268248000,27471000,87206000,34698000
2018-05-03,15370200,136311500,60337100,19701800,443144000,31142500,85038000,39282000
2018-05-04,10571800,91222100,41543200,21447800,400660000,22531300,68872000,36892000
2018-05-07,9006000,55304900,32500200,13800200,687616000,24242000,76038000,34400000
2018-05-08,9830600,67499200,26040200,7606000,506616000,23484600,61358000,26030000
2018-05-09,11822400,59666100,29122700,8065400,596760000,27327400,72746000,47160000
2018-05-10,10974200,72063900,27067600,9350000,994080000,22388100,56350000,36414000
2018-05-11,9498100,59871500,24688800,8866000,1214456000,16778300,45278000,30504000
2018-05-14,9689500,54790600,21821700,13298200,523140000,19454100,50190000,39338000
2018-05-15,11304900,87036100,49361600,9570600,963528000,24594000,101550000,35738000
2018-05-16,9874200,53942600,22941200,6935000,553828000,17384700,51412000,25628000
2018-05-17,10162300,56536400,27480200,7238600,519784000,17246700,42952000,25738000
2018-05-18,13517300,64368000,26217900,20494400,483716000,17865800,52852000,35482000
2018-05-21,13416300,58025900,22954600,7672400,640624000,19422500,58504000,25180000
2018-05-22,18505100,52966400,19477700,8696000,518264000,15441200,42312000,22226000
2018-05-23,9204400,64694200,26557800,8442600,442956000,21251200,67238000,23740000
2018-05-24,12497700,76043800,27696500,13344800,437372000,26649300,68600000,20604000
2018-05-25,11354300,56374800,27460500,8586600,292112000,18363900,53968000,22224000
2018-05-29,12427800,115908600,41220500,9106000,352684000,28671000,76930000,36076000
2018-05-30,11906500,69678400,22665800,10787800,390996000,22158500,58148000,28686000
2018-05-31,13062400,93519900,35670900,8662800,493868000,34140900,63326000,79368000
2018-06-01,10863200,71258400,45543300,9739400,421968000,28655600,66268000,63202000
2018-06-04,12178400,45385200,20459600,7767800,642024000,27281600,63754000,44754000
2018-06-05,13430900,51135000,24779300,7510000,391712000,23514400,95644000,32964000
2018-06-06,13299100,62732200,25036600,5478600,371356000,21122900,109464000,34934000
2018-06-07,13714100,72969400,39600300,18663600,369448000,28232200,75314000,36108000
2018-06-08,14515400,72139700,31780300,9494000,360456000,22165100,59102000,27284000
2018-06-11,12521100,58892500,22319700,6086200,265372000,23490900,46710000,24796000
2018-06-12,14713600,72329000,22511800,5087800,319160000,18325200,45184000,26092000
2018-06-13,18053300,79070600,37858600,14153400,338208000,29492900,66550000,34302000
2018-06-14,37001300,77097600,35916000,6599600,430016000,25691800,63488000,35422000
2018-06-15,28120400,120041600,49615700,12882600,432260000,65738600,95552000,44438000
2018-06-18,21474100,52917600,31633200,10521800,356268000,23586000,62154000,33038000
2018-06-19,22764900,97531500,38236000,22232000,594932000,28653100,85802000,47282000
2018-06-20,59129000,53785500,33038000,11111200,369780000,26180800,86652000,51686000
2018-06-21,32635100,71061400,43469400,14488200,359516000,23198200,98822000,44966000
2018-06-22,29735100,54898500,30073200,8465000,434160000,38923100,81502000,34220000
2018-06-25,24640500,137854200,77799700,23358000,665816000,35433300,150224000,57682000
2018-06-26,20717500,68547400,39008100,16500400,478884000,26897200,87732000,34688000
2018-06-27,26360100,105110700,52843500,16876000,453892000,31298400,97444000,34538000
2018-06-28,20918400,76650500,46407700,13538400,338012000,26650700,90594000,29726000
2018-06-29,22144900,97592500,36408500,10350000,392300000,28053200,90870000,31562000
2018-07-02,20655500,63554800,31770000,9164600,357572000,19564500,63714000,23216000
2018-07-03,16783300,42187100,25512700,8588800,222732000,14670300,43546000,16448000
2018-07-05,21916200,56925900,31626200,10402800,306216000,18977400,59662000,28594000
2018-07-06,20764300,66493700,37005600,14636600,296352000,19234600,53006000,21820000
2018-07-09,25125700,50550400,27362100,8465800,303880000,18212000,60240000,21584000
2018-07-10,27422000,51966800,23902500,12548800,360016000,19293100,60058000,21334000
2018-07-11,22802600,77054700,30280600,15929000,367508000,19644600,64196000,33252000
2018-07-12,24857900,60124700,27930100,11962800,345508000,24335900,90654000,44148000
2018-07-13,25771400,48216000,28049800,5693200,246988000,24635200,87664000,32612000
2018-07-16,22949600,48201000,21405300,5518000,197036000,21786900,109324000,26784000
2018-07-17,18823100,52315500,31034100,16616200,362136000,25901700,113658000,40162000
2018-07-18,19234700,44593500,23220800,9589600,277640000,29493900,97238000,38948000
2018-07-19,16656500,61412100,31094100,8347200,235752000,40171600,93538000,38338000
2018-07-20,17232900,82337700,35897300,7077800,222352000,56004000,77688000,37938000
2018-07-23,17990200,47047600,22184700,10663800,301584000,29707000,77770000,65446000
2018-07-24,19885500,68026900,36900300,20837400,354620000,26316600,85574000,107600000
2018-07-25,16354900,78882900,35026600,22294800,319112000,30702100,74764000,51104000
2018-07-26,15229900,57919500,40873500,32806000,325124000,31372100,198488000,54686000
2018-07-27,14856100,76768700,59456100,16984600,295420000,37005300,193620000,48362000
2018-07-30,20167300,63742500,60193000,18957000,340340000,34668300,131246000,43896000
2018-07-31,18808100,68570500,47285100,8763400,283988000,27655200,114774000,39382000
2018-08-01,22933600,53853300,37101900,7098200,283556000,23628700,83062000,36994000
2018-08-02,14227400,63426400,47178200,8160600,269668000,26104300,87094000,34704000
2018-08-03,14295800,53935400,28934400,6058200,214288000,18659600,69210000,21264000
2018-08-06,13529300,39400900,24808800,6070600,207508000,20265900,67836000,22114000
2018-08-07,11608000,43196600,29895700,6406000,258132000,16080200,67550000,42506000
2018-08-08,10849400,42114600,22680700,7377800,262100000,15487500,79260000,34344000
2018-08-09,14708000,35717000,18852900,7199200,204280000,13677200,97208000,27326000
2018-08-10,10502200,77076000,33818500,17227400,256396000,18183700,72798000,26602000
2018-08-13,12152100,65732900,26089200,7944200,375208000,18472500,110630000,27500000
2018-08-14,11513700,43842000,20913000,8239600,466220000,16788300,79722000,28080000
2018-08-15,14091000,102925400,58528000,18819200,591136000,29982800,154014000,37052000
2018-08-16,11874300,69967900,27711800,10082400,801260000,21384300,79142000,32176000
2018-08-17,11412000,65618500,36092600,20096000,1143188000,18061500,82086000,33092000
2018-08-20,11936700,39807500,24939000,10569600,854388000,17914200,57240000,22218000
2018-08-21,10187600,67272000,26258700,9649400,673988000,22881900,62112000,23082000
2018-08-22,11639400,44993300,18042400,8272800,749856000,18000600,61610000,22296000
2018-08-23,11026700,49204900,25776200,7418000,720684000,18167700,71260000,24666000
2018-08-24,14011700,57487400,23136100,8278600,531512000,17234000,56018000,24454000
2018-08-27,12253300,57072400,29343600,12419000,505776000,19662300,71380000,28580000
2018-08-28,15475700,46943500,20277000,8673400,475384000,19151500,62014000,27330000
2018-08-29,17307700,61485500,29175600,6822800,420108000,20818000,130636000,36926000
2018-08-30,15154900,61229500,29315500,14144200,346608000,22798700,145546000,30104000
2018-08-31,17844100,66140800,28653200,4678800,306592000,23222700,84088000,42308000
2018-09-04,17289000,57594400,29063500,9693400,391720000,22634600,114422000,41458000
2018-09-05,16437700,72452400,42623300,10499000,393156000,32872400,164412000,53988000
2018-09-06,18456100,65909900,46091400,18097000,322796000,23477600,149774000,46854000
2018-09-07,20513900,73524800,46629500,14307000,295420000,22498600,97852000,32658000
2018-09-10,20390600,50210900,26132000,6366800,220140000,20727900,90896000,27670000
2018-09-11,14877200,50530500,30116500,10410000,243112000,24301800,100672000,29254000
2018-09-12,17058700,59810800,36204000,18508000,419092000,18891100,88280000,35716000
2018-09-13,22124400,51034200,31133200,13460200,305536000,26055600,72430000,40068000
2018-09-14,20066100,55079900,31224100,10378400,386936000,19122300,72840000,24176000
2018-09-17,29225000,68244000,33071200,10812200,205528000,20736500,141004000,34096000
2018-09-18,33451100,61930400,31877300,5753800,299520000,22170900,85374000,32314000
2018-09-19,20904800,49080600,31843400,6846000,224860000,21728400,81136000,25962000
2018-09-20,26973500,100360600,33295800,12428200,430584000,23714500,63098000,29244000
2018-09-21,50751900,105479700,38605400,9959000,435128000,71229700,137118000,91222000
2018-09-24,23906100,53409600,34945600,7849800,293912000,27334500,84274000,31150000
2018-09-25,18665800,44370000,25277500,8013000,280388000,22668000,90768000,33152000
2018-09-26,18131000,79739700,36210600,9635200,268548000,19352000,86270000,37650000
2018-09-27,17993500,59249500,33113300,4722600,214428000,19091300,86588000,36274000
2018-09-28,16234200,70091400,28076800,7933400,709396000,21647800,81702000,35612000
2018-10-01,19217800,62078900,27371300,7759800,622060000,18883100,69210000,33164000
2018-10-02,22406800,47258200,25618600,10232600,383964000,20787200,108014000,40180000
2018-10-03,21207600,64694600,29128700,9491600,320552000,16648000,105062000,26246000
2018-10-04,19034000,111545900,80557300,19323200,391220000,34821700,145140000,46576000
2018-10-05,16900200,105951700,83325600,19170800,426636000,29068900,136446000,31852000
2018-10-08,16295800,87742200,66864500,17802400,408612000,29640600,147864000,46190000
2018-10-09,19009800,74339000,49097900,16424200,273500000,26198600,95458000,33690000
2018-10-10,20885400,214731000,114471100,42715800,684940000,61376300,219778000,58980000
2018-10-11,26387600,274840500,143084500,41803400,725436000,63904300,278718000,67696000
2018-10-12,23152800,183186500,102078400,18408200,608236000,47742100,188892000,49370000
2018-10-15,15693400,102263700,64885300,12922800,449760000,32068100,128744000,30074000
2018-10-16,13600200,118255800,71979700,14243400,408712000,31610200,117198000,38378000
2018-10-17,15071100,110626000,66987600,10419000,329668000,26548200,105904000,35652000
2018-10-18,15084800,134557500,82486200,16548000,524020000,32506200,117480000,46152000
2018-10-19,17768400,139901600,82923700,18842000,613608000,32785500,118144000,41286000
2018-10-22,16480200,82415800,52909300,12339800,368844000,26545600,90000000,27116000
2018-10-23,18921500,146352700,77567000,26109600,626436000,43770400,134478000,37686000
2018-10-24,20028200,177806700,102997400,28576400,884288000,63897800,138568000,49286000
2018-10-25,19349300,138061500,83481100,18808400,951720000,61646800,205714000,72956000
2018-10-26,23088700,201574600,130970900,14122400,664784000,55523100,299276000,106438000
2018-10-29,19248700,160749100,111871900,22337200,758016000,55162000,277322000,81290000
2018-10-30,24438200,157116000,92584000,23647600,807192000,65350900,249202000,59768000
2018-10-31,21082900,128296300,73828600,16491400,745772000,51062400,187804000,70916000
2018-11-01,17764900,99495000,52706800,23242800,566528000,33384200,162710000,40132000
2018-11-02,17289300,122634100,75966800,19188800,452960000,37680200,139110000,43438000
2018-11-05,13125800,65622500,39573500,12826400,379332000,27922100,112494000,45358000
2018-11-06,12362700,60085900,34410400,7406400,299012000,24340200,85148000,28660000
2018-11-07,14329800,102752100,51169600,8895400,483812000,37901700,163844000,43388000
2018-11-08,11966600,65584900,40296500,7740600,511352000,25644100,130698000,33694000
2018-11-09,15316100,98812600,50602700,14250000,413240000,32039200,118044000,34860000
2018-11-12,14374400,99673600,62578400,20625000,617116000,33621800,136124000,34002000
2018-11-13,13550600,98176600,64128100,25109800,644712000,35374600,118666000,25750000
2018-11-14,16094000,125335900,75270700,16072600,526580000,39495100,129738000,34666000
2018-11-15,24922800,135101400,73254300,18331000,840708000,38505200,168546000,41584000
2018-11-16,20929600,126668000,65390700,23973800,1963520000,33502100,121322000,35366000
2018-11-19,19520500,103061700,67280500,20829200,1697820000,44773900,155800000,45684000
2018-11-20,19389600,136021300,102652800,17264200,1692032000,64052500,217576000,54458000
2018-11-21,13859500,75563700,42965800,13247400,1025496000,28130600,114336000,29698000
2018-11-23,7807300,42807900,23503700,3050200,411968000,13823100,54152000,14178000
2018-11-26,21603800,79981400,42012600,10932200,814832000,32336200,125154000,31558000
2018-11-27,28054600,75502400,36608100,14827400,738060000,29124500,115664000,33048000
2018-11-28,29352900,127629600,70141000,10969200,804524000,46788500,169174000,46042000
2018-11-29,17052100,82346400,44885700,9176600,549172000,28123200,132264000,31004000
2018-11-30,22884500,98204200,36722800,16499600,729564000,33665600,115236000,59668000
2018-12-03,21966600,103176300,50771700,14294600,890804000,34732800,137246000,57532000
2018-12-04,24643500,177986000,70594700,17418600,812112000,45197000,173890000,45630000
2018-12-06,39877000,204185400,71715500,16050000,692308000,49107400,175788000,47436000
2018-12-07,23978000,161018900,80432200,18385200,681676000,45044900,151522000,42682000
2018-12-10,26375500,151445900,73960800,15606000,629472000,40801500,149896000,33652000
2018-12-11,22680200,121504400,59058300,17575600,671912000,42381900,124894000,33852000
2018-12-12,21404000,97976700,53780000,13725800,654136000,36183000,131960000,28960000
2018-12-13,23295400,96662700,46378500,9888000,471384000,31333400,105426000,24986000
2018-12-14,21434300,116961100,56547400,13262200,471820000,47043100,127344000,36358000
2018-12-17,30441100,165492300,74834100,15526400,662868000,56957300,176596000,49932000
2018-12-18,42855600,134515100,63642100,17467800,564372000,49319200,130460000,43640000
2018-12-19,34397300,214992800,81856500,19940000,745364000,68198200,175844000,58264000
2018-12-20,35165200,252053400,99002100,28514600,749588000,70334200,199836000,53674000
2018-12-21,58768400,255345600,141129400,21624200,863740000,111242100,272806000,104656000
2018-12-24,17230400,147311600,56163300,9548600,463840000,43935200,144400000,36360000
2018-12-26,21428900,218485400,98982100,16473200,695100000,51634800,208236000,46318000
2018-12-27,19048700,186267300,85824300,17674000,637044000,49498500,194440000,45996000
2018-12-28,39141200,153100200,77856600,13458800,628728000,38196300,176580000,34398000
2018-12-31,14932600,144299400,53015300,10460000,465140000,33173800,139090000,33110000
2019-01-02,14320400,126925200,58576700,14288000,508752000,35329300,159662000,31868000
2019-01-03,19868700,144140700,74820200,18545600,705552000,42579100,139512000,41960000
2019-01-04,20984000,142628800,74709300,18148800,585620000,44060600,183652000,46022000
2019-01-07,17967900,103139100,52059300,11156800,709160000,35656100,159864000,47446000
2019-01-08,16255700,102512600,49388700,13272000,786016000,31514400,177628000,35414000
2019-01-09,19100200,95006600,46491700,17855800,617260000,32280800,126976000,26998000
2019-01-10,16652700,96823900,38943400,11440000,523156000,30067600,130154000,26598000
2019-01-11,16397400,73858100,30176600,13337400,874764000,28314200,93724000,30864000
2019-01-14,14869400,70908200,30710200,9963600,730168000,28437100,120118000,28490000
2019-01-15,12142100,85208300,40874200,11484400,617012000,31587600,119970000,37518000
2019-01-16,14114000,77636700,33812200,11013400,470104000,29853900,127338000,38280000
2019-01-17,12711200,96118400,39329000,15829800,493436000,28393000,84178000,24896000
2019-01-18,15930600,127900300,57183200,16661400,651336000,37427600,120410000,44892000
2019-01-22,13318700,115531200,56711700,14365400,661552000,32371300,128336000,39632000
2019-01-23,15551200,86030300,38106100,11732200,591020000,25874300,104504000,25194000
2019-01-24,11442200,59204100,32417800,25284000,708972000,23164800,81798000,29114000
2019-01-25,16656600,96883400,36515900,18173800,1154572000,31225600,98918000,23260000
2019-01-28,11799100,85613700,33491200,16266400,2511528000,29476700,96754000,29334000
2019-01-29,10838600,66136300,30784200,10930000,1153932000,31490500,92656000,19704000
2019-01-30,13483800,92473700,41346500,12258800,974228000,49471900,115676000,29452000
2019-01-31,20403600,104012100,37258400,11274000,842852000,55636400,218206000,40232000
2019-02-01,14849600,85782500,32143700,11545800,625048000,35535700,230124000,33116000
2019-02-04,12221200,60744800,26718800,9251400,528592000,31315100,98582000,78408000
2019-02-05,13345500,79552800,28156400,14672400,542424000,27325400,89062000,82296000
2019-02-06,9220900,58347800,27970000,16603000,702464000,20609800,78798000,48256000
2019-02-07,14905000,95482000,42036200,18214600,637120000,29760700,92532000,38298000
2019-02-08,11535600,75788900,29020700,11795600,461604000,21461100,113150000,21766000
2019-02-11,9714500,68021400,21434100,6917000,495180000,18914100,66346000,18498000
2019-02-12,14188500,72270200,29722100,11511800,591060000,25056600,97172000,35036000
2019-02-13,11342600,65277200,26094100,7987200,605372000,18394900,71206000,28042000
2019-02-14,11155300,83234400,30326800,8805000,827264000,21784700,82410000,21106000
2019-02-15,13822200,97088700,32521700,9890600,1516748000,26606900,86878000,27826000
2019-02-19,12357500,59120800,19487700,6991600,551892000,18038500,73634000,21980000
2019-02-20,13440900,76610800,32593000,8892400,540988000,21607700,66752000,24090000
2019-02-21,14759500,64214700,25207400,9303600,448548000,29063200,69668000,33272000
2019-02-22,11689700,78114600,27735400,9266000,401740000,27763200,61924000,29436000
2019-02-25,14722200,69030700,32608800,9845600,656020000,23750600,63690000,26208000
2019-02-26,12041300,56844100,21939700,6963200,488464000,21536700,53316000,35026000
2019-02-27,10674200,56921600,25162000,11668600,500256000,21487100,62976000,22092000
2019-02-28,31856900,69268300,25085500,8978000,324944000,29083900,60518000,27422000
2019-03-01,15757700,78880500,31431200,8854800,357188000,23501200,99498000,34086000
2019-03-04,14850100,106494600,38063500,9056400,409992000,26608000,123348000,35490000
2019-03-05,16291900,59114600,22319900,8297000,362924000,19538300,73630000,40094000
2019-03-06,12389300,75039800,27194600,9314400,403524000,17687000,79920000,23602000
2019-03-07,16624100,94885100,39407400,12776000,450104000,25339000,99140000,30086000
2019-03-08,15071100,85795800,39303200,10104800,422416000,22818400,93340000,23694000
2019-03-11,20027700,65098900,30518400,11949200,859728000,26491600,77528000,30032000
2019-03-12,18048500,79667500,33953500,8638600,579576000,26132700,72290000,42220000
2019-03-13,19490800,80639200,42426100,8911400,768900000,35513800,71040000,25888000
2019-03-14,24000300,67518400,23751500,8708400,519384000,30763400,58932000,27302000
2019-03-15,43340200,81309000,38192000,16864200,661484000,54681100,151018000,51886000
2019-03-18,21953600,62199800,32935100,9495400,486992000,31207600,108582000,24442000
2019-03-19,19214000,90268100,36893300,13650000,854972000,37588700,127284000,29788000
2019-03-20,24111600,84609200,50105000,11618600,719148000,28113300,125312000,41508000
2019-03-21,16686300,79550400,42428500,18619000,824312000,29854400,115356000,28150000
2019-03-22,16201500,122659300,70794500,18134800,747644000,33624500,127260000,34422000
2019-03-25,11755900,85575200,46336500,11660400,525212000,27067100,102076000,27576000
2019-03-26,11657600,68125900,33248100,9677400,703508000,26097700,97318000,30752000
2019-03-27,12636000,72224700,37096700,15877800,474372000,22733400,86496000,29428000
2019-03-28,9103100,56238500,30368200,14141800,480264000,18334800,60860000,22402000
2019-03-29,11485700,82186800,35205500,11183800,456896000,25399800,66416000,30890000
2019-04-01,15191700,77617900,30969500,11873800,483824000,22789100,84776000,27706000
2019-04-02,10812100,40070400,22645200,6885600,440920000,18142300,68962000,18288000
2019-04-03,12853400,68243200,31633500,18118800,783504000,22860700,78522000,22180000
2019-04-04,9978800,48997500,28530800,13235200,457376000,20112800,72478000,21022000
2019-04-05,10016300,58621700,25674700,9291600,481744000,15826200,72810000,20012000
2019-04-08,10126700,53566300,22697500,7829200,424192000,15116200,75056000,21750000
2019-04-09,9789000,66142300,25631900,10522200,439972000,17612000,74288000,19668000
2019-04-10,8477300,52601500,24563000,12485200,444772000,16477200,59280000,15510000
2019-04-11,8147600,55093100,20654100,8534400,374600000,14209100,53096000,16998000
2019-04-12,9014000,69727800,24989100,7784800,471708000,19745100,62288000,24312000
2019-04-15,7694900,49596700,21073000,9355800,440092000,15792600,74488000,23796000
2019-04-16,7265200,52153200,27195700,13848000,394964000,14071800,60892000,22622000
2019-04-17,7792200,58268300,29651600,17039000,351004000,19300900,57870000,30366000
2019-04-18,8233000,68708500,28580900,11583800,380988000,27991000,54998000,24750000
2019-04-22,6088100,40160100,17936000,10271000,279936000,15648700,67476000,19084000
2019-04-23,10923400,52246600,33665600,9897800,346856000,24025500,92808000,31868000
2019-04-24,8769800,50392900,24977100,13842400,318204000,31257000,73516000,23396000
2019-04-25,8226100,57770900,29517500,19979400,499296000,38033900,121982000,31344000
2019-04-26,7101600,50916400,26359500,22088200,868988000,23654900,168652000,27228000
2019-04-29,6443000,57197700,21716200,7429000,391920000,16324200,80426000,72368000
2019-04-30,10562300,81111700,31495300,10399400,362920000,24166500,70120000,133178000
2019-05-01,7792700,71671900,34797100,14377200,354280000,26821700,62340000,74340000
2019-05-02,9652200,65030200,44110100,13587200,394684000,27350200,79258000,45098000
2019-05-03,11066500,56543700,30386200,12327200,336824000,24911100,127632000,41588000
2019-05-06,9305400,107198100,38371800,13573000,422176000,24239800,108356000,31774000
2019-05-07,11712400,144729900,58818100,23139400,555220000,36017700,118042000,36604000
2019-05-08,10729800,91568300,37165300,17838000,419168000,28419000,81572000,25520000
2019-05-09,10711800,103471100,55351700,36849000,660248000,27235800,106166000,29556000
2019-05-10,11200300,112429300,58526400,26992200,569500000,30915100,114360000,31650000
2019-05-13,10664700,127290500,67185800,35276800,656912000,33944900,115668000,45626000
2019-05-14,11520800,77003200,43360600,21698600,524880000,25266300,92582000,40392000
2019-05-15,8573000,73956400,40944500,25708000,502320000,24722700,93852000,59302000
2019-05-16,10013800,76749600,39281200,23369400,781088000,30112200,94156000,35308000
2019-05-17,9057100,100353000,44702300,38983200,1022068000,25770500,94732000,25362000
2019-05-20,9820200,62877600,38608300,37746400,572064000,23706900,75964000,30602000
2019-05-21,8482000,46847100,31613800,19799200,361848000,15293300,80102000,20562000
2019-05-22,8389700,49482500,24332600,21798600,325868000,15396500,58732000,18826000
2019-05-23,11213900,98733800,45351300,24398800,591844000,23603800,88486000,25214000
2019-05-24,9090700,55268100,25903300,19091800,357584000,14123400,67394000,18554000
2019-05-28,28230400,70029400,24763800,12133600,428356000,23128400,64000000,20948000
2019-05-29,12448700,104972900,42178800,26899800,559800000,22763100,85580000,36230000
2019-05-30,8569500,62523800,30354800,15246600,394300000,16829600,62938000,18088000
2019-05-31,11847100,86862800,45446200,27918400,389720000,26646800,92376000,31582000
2019-06-03,17434400,96428000,75842300,13463400,478644000,37983600,181974000,96890000
2019-06-04,17073200,77231900,47797800,13922400,641836000,29382600,113582000,60512000
2019-06-05,15855300,71169700,34412700,21119000,511616000,24926100,84796000,46988000
2019-06-06,10266900,69430400,29913200,10042200,408140000,21459000,73786000,29020000
2019-06-07,11591800,74272200,45888300,11348200,348856000,33885600,96164000,43828000
2019-06-10,12984600,60799100,41385300,17218400,402780000,26477100,107420000,28510000
2019-06-11,11288400,58641300,41260300,16207000,383872000,23913700,80854000,33508000
2019-06-12,10235400,47096300,27758100,8059200,358892000,17092500,53566000,23670000
2019-06-13,11289100,48945200,23715800,7157200,308080000,17200800,55916000,20814000
2019-06-14,12973000,52324700,22844100,11866800,394428000,17821700,57024000,24582000
2019-06-17,15207900,39205700,20379500,12354200,276040000,14517800,52686000,19770000
2019-06-18,20999700,85434800,48177300,27726800,581920000,25934500,77914000,34526000
2019-06-19,35449500,78674400,31672900,9436200,331644000,23744400,57906000,26714000
2019-06-20,54173900,116570000,40922000,11151200,350168000,33042600,64344000,24018000
2019-06-21,45169000,83309500,39980400,10478400,434428000,36727900,78672000,50774000
2019-06-24,19544200,47582700,19375200,12248800,282948000,20628800,45660000,24236000
2019-06-25,25462100,82028700,33921100,12314400,311868000,33327400,60246000,31644000
2019-06-26,15045200,51584900,22595700,14639600,584072000,23657700,48838000,34698000
2019-06-27,12605800,40355200,19709200,10445000,445440000,16557500,42834000,24078000
2019-06-28,42570500,59350900,21179200,11854800,397668000,30043000,60748000,33672000
2019-07-01,20413000,78705600,31025600,18217000,709756000,22613500,63842000,29196000
2019-07-02,17569600,61504500,18035800,8500600,400228000,15237800,52918000,20630000
2019-07-03,9989100,40898900,15792100,4022200,246636000,13629300,33806000,20154000
2019-07-05,13838900,51677300,21415600,7976800,396552000,18141100,52568000,29794000
2019-07-08,16105600,45841800,17598800,7715400,329788000,16779700,57668000,29888000
2019-07-09,14348600,41101300,19193500,8019800,342860000,19953100,86914000,29472000
2019-07-10,16059100,58448500,28374500,9222600,452076000,24204400,98638000,30710000
2019-07-11,11150200,50826100,23736100,7684400,682560000,22327900,86356000,26004000
2019-07-12,11234300,40326000,20211900,7099600,506392000,18936800,50186000,21878000
2019-07-15,10721600,33900000,15606100,5291600,289840000,16651500,59626000,21164000
2019-07-16,9698900,36650100,20190900,7413000,341444000,22726100,52364000,25352000
2019-07-17,9090900,36036300,16765100,5379000,348204000,20211000,51176000,19538000
2019-07-18,11882300,51392600,28877000,10446400,442192000,30381800,69738000,25450000
2019-07-19,11663500,58678600,29387900,8773200,344896000,48992400,63712000,23184000
2019-07-22,8761700,43638100,18954900,10074800,315940000,25074900,58000000,28914000
2019-07-23,8141100,44564500,23786700,8288600,428176000,18034600,54070000,20648000
2019-07-24,10778700,47213200,20422900,13770800,366236000,20738300,52626000,27192000
2019-07-25,8175900,55394100,23434700,11179200,392700000,18356900,82730000,54762000
2019-07-26,6057200,45084100,20431200,7876400,274160000,19037600,98542000,121216000
2019-07-29,7439300,38126500,20451700,8749600,248160000,16605900,89864000,41382000
2019-07-30,6367200,45849000,18705000,5625800,197772000,16846500,58218000,28616000
2019-07-31,11966700,104245200,41627500,10838800,359416000,38598800,89414000,39960000
2019-08-01,10215200,142646600,63251600,26134200,421212000,40557500,94266000,35426000
2019-08-02,12644400,116749700,55214000,16233800,428348000,30791600,99124000,34910000
2019-08-05,16204600,178745400,75040000,17974600,589156000,42749600,121164000,47840000
2019-08-06,13149500,120711700,41897200,18445200,361272000,32696700,101406000,36014000
2019-08-07,16344100,140572300,49990600,14577800,372560000,33414500,90538000,30686000
2019-08-08,12460700,87713900,38418100,10679800,309300000,27496500,74024000,30116000
2019-08-09,8471300,93730000,33608900,16228600,341816000,23466700,57596000,20418000
2019-08-12,6580100,65527600,24642900,7652400,279200000,20484300,58110000,22064000
2019-08-13,11014800,94299800,40241900,19539800,351956000,25154600,79880000,28434000
2019-08-14,12489200,135622100,51000500,16064800,419880000,32527300,97872000,35430000
2019-08-15,11257000,99556600,36685000,9550200,477200000,28074400,75182000,28506000
2019-08-16,9913100,83018300,32781400,11025600,1007960000,24449100,60360000,24916000
2019-08-19,8273100,53571800,22494100,9343600,815112000,24355700,56326000,24450000
2019-08-20,7577800,51596400,19902900,11217400,463188000,21170800,38590000,20206000
2019-08-21,6113100,49524700,20418500,5137200,427244000,14970300,40636000,14152000
2019-08-22,6744900,51666400,24243700,7954000,303488000,18697000,53070000,17352000
2019-08-23,11374500,149161500,55372400,25397800,568056000,38508600,105416000,36254000
2019-08-26,8582300,72423800,27598900,7238400,318208000,20312600,61600000,21166000
2019-08-27,13853100,66668900,28012800,8074600,290968000,23102100,60394000,23460000
2019-08-28,7499000,59696700,21792400,7751000,255612000,17393300,48394000,16810000
2019-08-29,6858000,57899400,25358900,11236000,357976000,20168700,60302000,19636000
2019-08-30,7920000,62901200,26319800,7725800,290616000,23940100,61174000,18064000
2019-09-03,10128000,69101400,27964200,8735400,296140000,18869300,70860000,25908000
2019-09-04,10558300,46887300,21592100,10075600,227728000,17995900,46482000,21312000
2019-09-05,10414500,83258100,33932600,14293000,695676000,26101800,66216000,26394000
2019-09-06,11636100,49584300,19487800,5642800,376976000,20824500,49938000,18972000
2019-09-09,17803800,51260300,24407600,6717800,417524000,25773900,59990000,31854000
2019-09-10,19976400,57947100,23744700,7901000,352812000,28903400,52278000,27922000
2019-09-11,16749400,68821100,25063600,6789000,361512000,24726100,48656000,23522000
2019-09-12,28184400,72908700,28689900,8984400,327840000,27010000,56470000,31644000
2019-09-13,14736700,62104800,27669800,7082400,324592000,23363100,39426000,23676000
2019-09-16,15204200,58191200,20319000,4699400,231832000,16731400,73510000,28218000
2019-09-17,11111400,41475500,20953400,6576600,223048000,17814200,39648000,20806000
2019-09-18,8911800,73375800,29781300,4461600,258152000,23982100,50112000,17440000
2019-09-19,14855000,76560500,26039400,5574200,245476000,35772100,40630000,16554000
2019-09-20,59517000,89565000,29086100,10108000,350244000,39167300,106838000,37692000
2019-09-23,13863100,43476800,22485900,5841800,249712000,17139300,58446000,20798000
2019-09-24,15354800,94869400,40820700,11076200,317268000,29773200,92320000,35804000
2019-09-25,11607200,71854000,34704900,10392800,308432000,21382000,69864000,26798000
2019-09-26,13324300,56179700,26826000,9736600,234564000,17456600,70736000,23166000
2019-09-27,12391100,84746600,40773500,13748000,362056000,22477700,78144000,34122000
2019-09-30,17445100,51662400,26307700,5178000,186184000,17280900,52894000,24470000
2019-10-01,16443200,88242400,32367600,9516800,366008000,21466600,61690000,24504000
2019-10-02,15923700,122539500,48544300,9928200,293372000,30521700,66022000,33030000
2019-10-03,11268500,85278800,39392500,11036000,450588000,24132900,69364000,28368000
2019-10-04,13659500,65091200,31887600,7152400,265524000,22897700,49438000,24282000
2019-10-07,12352100,59610500,21216000,9452600,480984000,15303700,43094000,17040000
2019-10-08,14771500,95708100,32379300,12161800,444436000,25550500,50840000,20086000
2019-10-09,12803100,62359400,20147400,6429000,292412000,19749900,40870000,15948000
2019-10-10,13789000,55296300,25177700,9358800,309124000,17654600,51504000,12842000
2019-10-11,18675200,98720400,40976700,17065400,446404000,25446000,65100000,22330000
2019-10-14,11079600,40394800,14975000,4406200,200040000,13304300,38204000,13296000
2019-10-15,9150100,46754500,23234200,7605200,664124000,19695700,62234000,27584000
2019-10-16,8912300,48928200,20457100,6919400,428944000,20751600,55268000,22986000
2019-10-17,9917700,45736600,19045200,6686200,263436000,21460600,52948000,20958000
2019-10-18,12562900,64304000,27700800,7198400,307440000,32273500,67250000,31624000
2019-10-21,8256600,39048600,15801200,8208200,261868000,20078200,42608000,18094000
2019-10-22,7777100,48594700,22392300,6848800,328720000,27431000,42234000,22862000
2019-10-23,10491000,34352200,14828400,11567400,279916000,29844600,42764000,21282000
2019-10-24,6449200,35453100,18998500,9543200,232020000,37029300,88922000,20224000
2019-10-25,6307000,45205400,21507100,9143200,423092000,25959700,192528000,27104000
2019-10-28,7280200,42147000,18818700,9707200,330792000,35280100,74178000,65428000
2019-10-29,8333900,44284900,18569700,7143000,211236000,20589500,45538000,52654000
2019-10-30,6284900,49643900,21764300,6770600,205960000,18496600,48988000,29204000
2019-10-31,8260600,69053800,26801800,7842400,209732000,24605100,55624000,31904000
2019-11-01,7313600,71141500,22131900,8745400,283640000,33128400,55808000,28812000
2019-11-04,8757000,60606900,19015900,7755000,376716000,16912000,55438000,30632000
2019-11-05,10759300,42933200,15048900,5403600,300868000,18250200,37710000,25148000
2019-11-06,10572100,46487100,19725500,8512000,269012000,16575800,40596000,24626000
2019-11-07,9677700,54272300,17832400,7853600,280340000,17786700,53022000,45140000
2019-11-08,5869600,49032100,15258800,6742000,189100000,16732700,42466000,30392000
2019-11-11,5018000,35797300,10147600,5145000,243436000,14362600,38920000,17234000
2019-11-12,6184900,46484600,14778300,4700200,283504000,18641600,40752000,28852000
2019-11-13,6802300,53917700,15774600,5713800,300188000,16919200,59790000,20538000
2019-11-14,9056100,51219900,16945400,5224800,518080000,19729800,45296000,28948000
2019-11-15,7216900,62023600,18427900,8184400,1053628000,23485700,78552000,39286000
2019-11-18,6923300,49228000,18365900,3931600,574588000,21534000,56790000,27984000
2019-11-19,7199500,67804700,16923300,6635400,414564000,23935700,45416000,21864000
2019-11-20,9117000,79406200,36629000,9882000,472588000,25696800,55800000,28892000
2019-11-21,8067100,54664700,17883600,8167600,288388000,18576100,53258000,25546000
2019-11-22,6346900,44850200,17189600,6401600,224100000,15901800,49582000,27776000
2019-11-25,7977700,48647200,17752800,6601400,506476000,22420900,69724000,23590000
2019-11-26,12076900,37569000,14780600,7094200,385244000,24620100,63624000,21910000
2019-11-27,5790000,44444600,16963100,4592000,215784000,15184400,60512000,18808000
2019-11-29,6479400,36592700,9854600,3278400,141556000,11977300,38468000,12802000
2019-12-02,14314000,75767800,28007000,9095200,372036000,27418400,78512000,26538000
2019-12-03,11963700,73941700,31104100,13605000,465232000,24066000,67618000,25270000
2019-12-04,11436800,49080000,15300100,6475400,273424000,17574700,53402000,35506000
2019-12-05,10557400,40709000,14962300,4876200,184884000,17869100,56476000,24408000
2019-12-06,9088600,48927000,16555300,6751600,232236000,16403500,62348000,32968000
2019-12-09,11996700,34838500,13984100,3950800,211880000,16687400,48856000,30842000
2019-12-10,10719700,52649800,21799800,5077200,256388000,16476100,50286000,17606000
2019-12-11,12159600,53429100,18780800,9540200,233796000,18856600,41952000,20480000
2019-12-12,15413200,96389600,32612000,12050000,404348000,24612100,61918000,29114000
2019-12-13,21427700,81503900,32519400,10016800,454704000,23845400,54914000,33170000
2019-12-16,19951000,82749700,21296600,7099800,320976000,24144200,62904000,28128000
2019-12-17,19778400,61097700,15996100,5578400,321196000,25425600,72888000,32948000
2019-12-18,14123100,48133000,15443300,4842600,343548000,24129200,67028000,23330000
2019-12-19,11910100,85310500,17865900,4704200,445360000,24958900,53056000,28922000
2019-12-20,27423700,147142100,27672600,6537200,603044000,53477500,103016000,50090000
2019-12-23,10591500,52990000,23774700,5452200,355060000,17718200,42728000,19936000
2019-12-24,3331700,20270000,7089000,2355200,138864000,8989200,17626000,13468000
2019-12-26,6702000,30911200,17067500,3149800,182852000,14520600,120108000,23662000
2019-12-27,7262000,42528800,18134100,3688400,254644000,18412800,123732000,23212000
2019-12-30,5936100,49729100,21815500,5910000,258056000,16348400,73494000,19994000
2019-12-31,7094500,57077300,18170900,5706200,231004000,18369400,50130000,19514000
2020-01-02,13899600,59151200,30969400,5200400,237536000,22622100,80580000,27278000
2020-01-03,11026700,77709700,27518900,9963600,205384000,21116200,75288000,23408000
2020-01-06,10982400,55653900,21655300,6514000,262636000,20813700,81236000,46768000
2020-01-07,12015400,40496400,22139300,6526000,314856000,21634100,80898000,34330000
2020-01-08,11856700,68296000,26397300,6112800,277108000,27746500,70160000,35314000
2020-01-09,10671000,48473300,23547000,6403600,255112000,21385000,63346000,33200000
2020-01-10,9734800,53029300,21898500,4503800,316296000,20725900,57074000,26258000
2020-01-13,10858900,47086800,22756900,7211800,319840000,21626500,55616000,30730000
2020-01-14,12627200,62832800,24418100,6001800,359088000,23477400,68818000,26076000
2020-01-15,9090800,72056600,25742100,7379800,263104000,21417900,57932000,21550000
2020-01-16,9866000,54050300,18805000,6238400,284192000,23865400,53190000,26080000
2020-01-17,11166600,95846000,24325200,5896400,253792000,34371700,79946000,52424000
2020-01-21,8773000,77742400,21146300,6054400,217916000,29517200,74156000,48930000
2020-01-22,6380500,48914900,20736400,7073600,239240000,24138800,64326000,28458000
2020-01-23,6583200,51963000,26496100,8740000,244516000,19680800,49692000,26650000
2020-01-24,6426000,87578400,37436500,9998400,373512000,24918100,75324000,29786000
2020-01-27,8259100,84062500,42264400,13582200,470536000,32078100,70570000,34132000
2020-01-28,8620300,63834000,26731900,7419400,310976000,24899900,56160000,29724000
2020-01-29,6332500,53888900,28924500,5874400,258848000,34754500,41760000,21566000
2020-01-30,7176200,75491800,39568100,10334200,290504000,51597500,126548000,27110000
2020-01-31,8884700,113845600,52015800,12204800,370420000,36142700,311346000,43822000
2020-02-03,8892500,69083000,25408600,7682000,255564000,30107000,117834000,71636000
2020-02-04,9769800,62573200,30691200,10815600,271544000,36433300,105786000,95880000
2020-02-05,9612900,65951100,38534800,10793000,208220000,39186300,87524000,36376000
2020-02-06,8832000,50359700,22467100,5421800,218284000,27751400,63660000,37822000
2020-02-07,7864800,64139400,25884900,10472400,189752000,33529100,101906000,28360000
2020-02-10,7198200,42070000,21478900,8198400,529608000,35844300,101124000,38302000
2020-02-11,8466600,54864500,30198000,10834200,638556000,53159900,114920000,34852000
2020-02-12,7541100,43992700,24471300,7438400,374644000,47062900,66686000,31042000
2020-02-13,8480100,54501900,22773200,7965600,528016000,35295800,60636000,22914000
2020-02-14,7496800,64582200,23438500,7469800,1041924000,23149500,52124000,23198000
2020-02-18,7185700,57226200,24394500,11817200,620164000,27792200,58912000,25642000
2020-02-19,6819200,48814700,22230500,8134000,694332000,29997500,51224000,22746000
2020-02-20,6114600,74163400,42604000,7756000,810052000,36862400,62626000,25962000
2020-02-21,9078600,113788200,66017200,14164000,768180000,48572600,92926000,42520000
2020-02-24,10992500,161088400,84522600,19728200,856916000,68311100,130940000,49560000
2020-02-25,12202600,218913200,97743000,25658000,1055496000,68073300,124382000,51580000
2020-02-26,16413100,194773800,79537700,19085800,747732000,56206100,104492000,49776000
2020-02-27,16161100,284353500,121822600,25962400,906416000,93174900,162880000,62290000
2020-02-28,24426000,384975800,148173700,19297800,1133252000,97012700,189620000,80198000
2020-03-02,17328500,238703600,112933900,14083000,890744000,71030800,135234000,55430000
2020-03-03,21830500,300139100,131953500,14801000,652792000,71677000,150690000,56602000
2020-03-04,14813700,176613400,73086200,10802800,597408000,49814400,95458000,47598000
2020-03-05,15843000,186366800,78705500,11346000,540328000,47817300,94964000,54380000
2020-03-06,24581400,228667200,89828400,14819200,515412000,72821100,105472000,64640000
2020-03-09,25949300,309417300,116424000,14174400,614160000,70419300,156264000,69252000
2020-03-10,27067700,276444100,100599200,12554000,580648000,65354400,142666000,54872000
2020-03-11,24139200,255316300,89168800,14558200,499964000,56371600,112496000,54732000
2020-03-12,24123800,392220700,137820700,13776000,816540000,93226400,226924000,94326000
2020-03-13,28339400,329566100,134882000,11600000,634836000,92727400,176194000,79400000
2020-03-16,27493700,297240000,92054400,13095800,726972000,87905900,178346000,96520000
2020-03-17,25588900,262070500,121257100,19195800,833632000,81059800,218342000,83194000
2020-03-18,29557000,327597100,114156300,14520400,874268000,81593200,192904000,93044000
2020-03-19,20159100,289322000,120896500,10292200,765512000,85922700,207998000,74064000
2020-03-20,26340800,347158800,118983900,13733000,804636000,84866200,196358000,82878000
2020-03-23,23063700,326025200,124639800,13153600,643876000,78975200,156170000,83672000
2020-03-24,19323700,235494500,94881800,15628600,1101644000,82516700,142942000,72468000
2020-03-25,25625800,299430300,88754900,9801600,793432000,75638200,129582000,90324000
2020-03-26,22417900,257632800,79887600,9212800,696108000,64568100,124426000,76562000
2020-03-27,20025300,224341200,58845000,12571400,638828000,57042300,107758000,62794000
2020-03-30,20611900,171369500,49356900,9145600,602252000,63420300,122522000,58736000
2020-03-31,15802000,194881100,62659300,10223600,949960000,77927200,102472000,65228000
2020-04-01,17918200,189554600,53715400,12936000,656912000,57969900,82438000,51970000
2020-04-02,16434400,177660400,56465300,9846200,675764000,49630700,86720000,56410000
2020-04-03,13362500,135561200,47487600,7177600,663212000,41243300,72198000,51374000
2020-04-06,13845800,188061200,64763500,17371000,727884000,67111700,115464000,63320000
2020-04-07,14063000,201427200,69904500,11802800,784520000,62769000,102280000,61620000
2020-04-08,15710700,153774500,45940400,9511600,542444000,48318200,79546000,40334000
2020-04-09,15521200,189999200,68252600,20814000,525564000,51385100,92930000,54028000
2020-04-13,12694800,114839100,42853900,10961600,398408000,41905300,134334000,38702000
2020-04-14,11674600,134143400,63959600,15345800,530948000,52874300,161744000,63358000
2020-04-15,10398100,121775000,47036000,12026800,366148000,40940800,137332000,42236000
2020-04-16,14098300,131798300,64657400,9310000,745620000,50479600,240764000,57896000
2020-04-17,13608800,146684800,62863200,10195200,539120000,52765600,158600000,51050000
2020-04-20,10358900,100109300,38249100,6241200,449388000,36669600,115414000,35292000
2020-04-21,14111700,126385700,72932800,12767200,735160000,56203700,149534000,49648000
2020-04-22,9668300,92951600,40089100,12027600,483356000,34620200,84244000,46296000
2020-04-23,10330200,104709700,43278500,8544400,424160000,32790800,101332000,34202000
2020-04-24,9403500,85063200,34231900,7987400,352328000,34277600,76498000,37402000
2020-04-27,9123200,77896600,36451700,8903600,479388000,33194400,112912000,44186000
2020-04-28,8350500,105270000,46862800,9113600,442904000,34392700,105388000,80700000
2020-04-29,9064100,118745600,48716400,9771000,379160000,51286600,91832000,108358000
2020-04-30,11808800,122901700,43359500,13736400,375916000,53875900,190692000,55842000
2020-05-01,8702400,125180000,48795000,12030800,342096000,39370500,195452000,48872000
2020-05-04,7567900,80873200,32841000,7615800,317556000,30372900,97318000,30806000
2020-05-05,7271800,79569900,37783100,9668800,368896000,36839200,64850000,39666000
2020-05-06,7050000,73632600,36455200,6652600,323464000,32139300,62356000,31732000
2020-05-07,7154700,75250400,38624800,6246200,373732000,28316000,67928000,30652000
2020-05-08,8130800,76452400,31852300,6032800,339216000,30877800,64132000,33326000
2020-05-11,8138600,79514200,35714100,5441000,469060000,30892700,65184000,32718000
2020-05-12,8598800,95870800,41054100,7153200,493060000,32038200,61498000,33918000
2020-05-13,10274300,144721100,65521200,13727600,625852000,44711500,95658000,40368000
2020-05-14,13794000,121977900,51549300,11389600,602312000,41873900,72962000,36660000
2020-05-15,39055700,111146300,55747200,14959000,987660000,46610400,84700000,41544000
2020-05-18,9901900,119703800,42398100,8478200,774460000,35264500,87144000,47094000
2020-05-19,9805100,95189300,36237300,7990000,717320000,26799100,86410000,31586000
2020-05-20,9115900,85861700,37417000,9048200,587536000,31261300,79962000,38262000
2020-05-21,7464000,78293900,43642900,8865600,761068000,29119500,102288000,30894000
2020-05-22,7211700,63958200,28762400,4969000,1038764000,20826900,57342000,28544000
2020-05-26,11200600,88951400,33055300,9327200,770780000,36073600,71364000,44590000
2020-05-27,9228100,104817400,55665600,13018200,1175892000,39517100,101138000,31684000
2020-05-28,9465400,90405200,42784300,10383400,734896000,33810200,63804000,35170000
2020-05-29,14734800,119090800,50691800,12020000,745256000,42130400,70198000,37044000
2020-06-01,7363200,55758300,25776000,6332800,389876000,22622400,58578000,25162000
2020-06-02,8756300,74267200,33383400,7555800,391320000,30794600,50598000,23442000
2020-06-03,9188700,92567600,37228700,8987600,365440000,27311000,53420000,27732000
2020-06-04,9696000,75794400,38716100,6281600,424280000,28761800,58974000,26982000
2020-06-05,12210100,150524700,47365600,9793600,481748000,39893600,66128000,42642000
2020-06-08,11519500,73641200,32937300,5562200,387736000,33211600,79414000,33878000
2020-06-09,8852500,77479200,35046300,5726000,468488000,29783900,103520000,33624000
2020-06-10,7436700,95000800,58084400,7012600,632180000,43872300,98920000,31762000
2020-06-11,12805700,209243600,72919400,9342800,583652000,52854700,116002000,47144000
2020-06-12,11537200,194678900,72034800,9391800,570908000,43373600,108722000,36676000
2020-06-15,16038100,135782700,45307400,8518200,400004000,32770200,77302000,30468000
2020-06-16,19380200,137627500,48890100,7783600,535716000,42556700,71712000,30648000
2020-06-17,28692600,83398900,34749300,9421200,408304000,25687800,59186000,30610000
2020-06-18,19259500,80828700,30578600,5770000,254408000,23061600,49756000,34862000
2020-06-19,33051200,135549600,49422100,6698200,524160000,44441100,115540000,52784000
2020-06-22,16705900,74649400,24068700,5636000,398468000,32818900,64176000,29442000
2020-06-23,18695000,68471200,32767400,4749200,375108000,30917400,84634000,37752000
2020-06-24,18287400,132813500,46032400,8941800,449372000,36740600,90532000,31592000
2020-06-25,16008700,89468000,36940800,4635400,376072000,27803900,59374000,23958000
2020-06-26,17969400,127961000,52824600,7897800,592084000,54675800,130016000,97640000
2020-06-29,14366900,79773300,34377800,6789800,342248000,26701600,84468000,45074000
2020-06-30,18885900,113394800,38909200,8866200,367892000,34310300,75394000,40286000
2020-07-01,17856800,72396500,34689200,6057600,326648000,32061200,127268000,42182000
2020-07-02,15478900,69344200,31956500,6947400,364056000,29315800,131868000,57218000
2020-07-06,15309700,61713800,34589000,6925800,315892000,31897600,137612000,44712000
2020-07-07,13232100,82910000,36578200,5952000,357800000,33600700,105150000,42364000
2020-07-08,12582200,54638600,30426300,5181600,365480000,33600000,100752000,31766000
2020-07-09,15692600,83354200,40312900,11834000,494548000,33121700,127774000,41836000
2020-07-10,12615800,57550400,32885300,4751800,497676000,26177600,109720000,35918000
2020-07-13,15965600,102997500,64108100,9496400,457076000,38135600,154408000,42954000
2020-07-14,15510300,93657000,72230500,7806200,542676000,37591800,144638000,38108000
2020-07-15,10570800,87196500,54523900,6357000,403984000,32179400,115778000,31026000
2020-07-16,8779300,54622500,47594100,6811200,344964000,29940700,127884000,26484000
2020-07-17,14344800,62774900,35137900,4978200,266284000,31635300,95226000,34264000
2020-07-20,11469300,56308800,40610100,4485600,284852000,36884800,151964000,30166000
2020-07-21,11875100,57292200,43243800,6091000,277036000,37990400,122426000,27486000
2020-07-22,13842400,57792900,29865500,4728600,367292000,49605700,82084000,24482000
2020-07-23,12576000,75738000,51363500,7436000,411660000,67457000,113138000,33910000
2020-07-24,8939700,73766600,54054500,6040800,473292000,39827000,112648000,29902000
2020-07-27,10319600,48293000,36445700,5584800,292132000,30160900,83410000,27124000
2020-07-28,13030100,57495000,31302400,5692600,271636000,23251400,62534000,30910000
2020-07-29,7242700,48454200,27556900,6411200,284508000,19632600,59482000,22676000
2020-07-30,7633200,61861700,41774500,6549600,308880000,25079600,122566000,36042000
2020-07-31,9355800,84986800,53686300,10354800,386080000,51044000,161710000,91468000
2020-08-03,9164900,53077900,32081600,4024800,412720000,78983000,101494000,45482000
2020-08-04,6364300,41917900,24911300,5997000,310336000,49280100,93886000,37212000
2020-08-05,6629000,42697700,21612100,4373800,249924000,28806400,78330000,29134000
2020-08-06,8169600,43679400,28048200,4438600,244316000,32656800,78812000,33306000
2020-08-07,8772300,57308300,44969400,5515200,342516000,27820400,78722000,27718000
2020-08-10,10046900,44282100,35088400,4574800,427796000,36716500,63346000,20546000
2020-08-11,8075100,69601100,43104300,6514400,354512000,36446500,74362000,31098000
2020-08-12,9068200,53774400,38773400,5739600,464412000,28013100,70442000,22512000
2020-08-13,8260300,41816100,31895700,4549600,374460000,22588900,62980000,22388000
2020-08-14,5454400,47260400,30799500,3263000,366436000,17958900,55034000,21942000
2020-08-17,9523700,35481000,24803000,2801800,621300000,20184800,53824000,19990000
2020-08-18,21102600,38733900,23529500,3021800,503448000,21336200,106920000,28378000
2020-08-19,16751500,68054200,31999400,4716600,622624000,27627600,83702000,30472000
2020-08-20,10974800,42207800,27723400,5814800,921388000,26981500,66650000,26382000
2020-08-21,9552000,55106600,34748900,4163000,999868000,36249300,71518000,34838000
2020-08-24,7892100,48588700,36418500,2595400,490564000,25460100,93326000,25638000
2020-08-25,7427000,38463400,34866600,2598800,289076000,23043700,79856000,25150000
2020-08-26,11597600,50790200,42216700,2835800,321244000,39600800,130174000,52188000
2020-08-27,15834700,58034100,49482700,6242800,317604000,57602200,85296000,31350000
2020-08-28,8613800,48588900,28021000,2711600,537160000,26292900,57940000,22418000
2020-08-31,18683500,66099200,36321000,3468600,500840000,28774200,83718000,26422000
2020-09-01,10169500,54908700,36216200,3668000,511316000,25725500,68644000,22652000
2020-09-02,14342800,69540000,50836800,7925000,874012000,34080800,78630000,49522000
2020-09-03,15387400,148011100,110083300,13800400,945128000,58400300,163222000,63726000
2020-09-04,14697200,139156300,123959000,9850800,1463684000,59664100,175636000,55850000
2020-09-08,16472800,114465300,99568600,7993400,795728000,52924300,121884000,54032000
2020-09-09,13993200,91462300,64837900,4672200,736200000,45679000,103774000,39242000
2020-09-10,20500900,90569500,69667500,5837600,698684000,35461500,106614000,33024000
2020-09-11,40220600,84680200,71809000,4779200,636928000,33620100,101880000,30706000
2020-09-14,50107400,65605700,38525200,4549000,1201744000,30375800,90592000,42660000
2020-09-15,30385600,52920900,41849900,7696200,727556000,21823900,80430000,23042000
2020-09-16,21223300,82096000,42321000,3870000,556384000,26328100,90244000,22128000
2020-09-17,22831200,91523300,81570800,4373600,792512000,34011300,128982000,40008000
2020-09-18,49311700,105877900,86251100,5509200,698460000,55225300,177852000,63056000
2020-09-21,32560400,99450800,57168600,8011400,721044000,39839700,122358000,56908000
2020-09-22,13306000,63612100,41128900,3214200,646452000,33517100,138976000,33950000
2020-09-23,15513500,93112200,48837300,4852200,647012000,30803800,113054000,37726000
2020-09-24,9560500,76681300,70631700,6385600,731240000,31202500,110588000,34552000
2020-09-25,9371900,71069400,55242400,5076400,588016000,29437300,92304000,30326000
2020-09-28,9356300,64584600,58438300,3918000,573808000,32004900,84484000,30784000
2020-09-29,6340600,51304000,27050000,6431400,621460000,24221900,69916000,31816000
2020-09-30,11001500,104081100,49380800,5782200,689184000,33829100,97922000,40924000
2020-10-01,7357700,88698700,50020200,4724800,525004000,27158400,99438000,32884000
2020-10-02,7329800,89431100,75497400,6278600,552496000,33154800,112262000,31222000
2020-10-05,6899200,45713100,28184600,3832200,479820000,21331600,75506000,21602000
2020-10-06,9743600,90128900,49704200,10500200,784420000,28554300,101738000,26096000
2020-10-07,8690900,56999600,27539700,3467600,418084000,25681100,86188000,36108000
2020-10-08,7202800,45242500,25443300,3773200,378900000,19925800,63482000,26076000
2020-10-09,7355700,59528600,30201100,5310200,346892000,26458000,98158000,32966000
2020-10-12,8275000,80388500,79370700,4606200,434744000,40461400,167284000,55344000
2020-10-13,8896300,73255500,64240000,3182800,344604000,28950800,114894000,39072000
2020-10-14,6651100,57727900,36949100,4294000,276100000,23421700,116254000,33174000
2020-10-15,6251600,60357700,42514200,2655800,267224000,22733100,104468000,31210000
2020-10-16,6070800,89501900,40570700,3466600,242392000,26057900,129488000,34194000
2020-10-19,8311000,68425600,36756800,4638200,298068000,27625800,104472000,29734000
2020-10-20,9241200,60051900,32195400,4994400,229212000,22753500,90194000,41670000
2020-10-21,10114900,63575000,29306100,4890600,219596000,22724900,91854000,60322000
2020-10-22,11900600,55399300,32196200,3146400,290480000,22351500,84240000,30512000
2020-10-23,9739300,49143900,24658500,3331600,233484000,18879600,69334000,30548000
2020-10-26,18876900,91473000,38421100,6464600,336896000,37111600,118024000,35826000
2020-10-27,10806500,65994100,30559100,3751600,250520000,36700300,85820000,25902000
2020-10-28,13910600,127094300,53413500,9155800,376520000,51195600,111766000,45174000
2020-10-29,13573700,90597700,43246300,4593600,320080000,31432600,131930000,55406000
2020-10-30,12602300,120287300,65838300,4847200,416820000,36953700,167728000,99878000
2020-11-02,11413200,86068300,39987400,3878200,299652000,30842200,145148000,44228000
2020-11-03,8911200,93294200,43604100,5890000,272900000,27512000,97958000,31432000
2020-11-04,12054900,126959700,75728200,7822600,410228000,42311800,136780000,71342000
2020-11-05,9017100,82039700,52054200,6044600,319028000,36080100,115786000,39758000
2020-11-06,7510400,74973000,40959800,6303200,383348000,25231900,92946000,28622000
2020-11-09,11486600,172304200,86537100,10780400,582976000,44395000,143808000,53440000
2020-11-10,9015900,85552000,69024900,6903000,644068000,44045100,131820000,43022000
2020-11-11,7724400,58649000,36102900,5375400,404744000,29440800,87338000,31838000
2020-11-12,7324000,67546200,34414600,6405000,365812000,21593900,87240000,26474000
2020-11-13,5870300,62892200,24806900,4874800,346312000,18621100,75124000,29744000
2020-11-16,6309200,74541100,30168400,4773400,413776000,24953300,76174000,25468000
2020-11-17,5569700,66111000,21843500,3430200,312028000,24154100,68894000,21314000
2020-11-18,8998800,70591300,28069600,7664600,510924000,28372800,58336000,20108000
2020-11-19,9643100,59940900,22718400,4394800,565936000,24792700,60206000,20106000
2020-11-20,8395800,70417300,25907300,3579200,341088000,22843100,67488000,27694000
2020-11-23,8235900,63230600,26875600,5038600,361356000,25683500,94178000,22530000
2020-11-24,10427200,62415900,24516800,3909800,346500000,33979700,72042000,27984000
2020-11-25,6848900,45330900,23326800,3595600,259916000,21012900,75808000,19600000
2020-11-27,5627000,28514100,17163100,3684600,167276000,14512200,47858000,14790000
2020-11-30,26676900,83872700,27836200,8532400,286952000,33064800,81278000,32418000
2020-12-01,11855300,74231400,27521300,6737000,296948000,30904500,90740000,37350000
2020-12-02,9330400,45927000,23620000,5309000,283360000,23724500,62586000,29424000
2020-12-03,9783900,62882000,22828700,4605000,199520000,25120900,57840000,24728000
2020-12-04,10872700,50749900,19332100,5367000,202244000,24666000,58272000,20544000
2020-12-07,14922900,48944300,20851000,4150600,223244000,24620000,55026000,22288000
2020-12-08,15237800,42458900,18341500,3725600,271920000,23284100,65726000,19936000
2020-12-09,12204100,74098300,48839300,7174800,401300000,32440600,82016000,31728000
2020-12-10,14219900,57735400,27519500,4239400,207764000,26733300,60604000,28688000
2020-12-11,16209900,57698600,26760400,4151400,209264000,30979400,61294000,18628000
2020-12-14,16193600,69216200,28804800,4346000,270156000,28798400,83116000,33050000
2020-12-15,15506700,63865300,25709000,5027600,193016000,27000600,66390000,21352000
2020-12-16,16119900,58420500,25461900,2536200,223116000,35023300,88552000,24676000
2020-12-17,15320500,64119500,23730500,2250800,231384000,32515800,69486000,34880000
2020-12-18,33728700,136542300,41173400,6820800,342064000,63354900,119914000,85256000
2020-12-21,18210200,96386700,37095500,4260200,302332000,37181900,76736000,33974000
2020-12-22,17136000,47949000,26176300,3693600,185580000,22612200,47388000,20370000
2020-12-23,13075200,46201400,21201300,2659600,179144000,18699600,41876000,22974000
2020-12-24,3796500,26457900,16785000,1142800,97884000,10550600,29038000,9312000
2020-12-28,6463500,39000400,22497700,2445600,212564000,17933500,113736000,27650000
2020-12-29,7770200,53680500,25871900,4497600,170372000,17403200,97458000,19726000
2020-12-30,6192000,49455300,18138100,2108800,225396000,20272300,64186000,21026000
2020-12-31,6928600,78520700,21611400,2863000,192424000,20942100,59144000,21070000
2021-01-04,11249900,110210800,45305900,9300600,560640000,37130100,88228000,37324000
2021-01-05,11005700,66426200,29323400,4639000,322760000,23823000,53110000,20360000
2021-01-06,8685400,107997700,52809600,7689000,580424000,35930700,87896000,46588000
2021-01-07,7382800,68766800,30394800,5244600,461480000,27694500,70290000,41936000
2021-01-08,7751700,71677200,33955800,6728000,292528000,22956200,70754000,35484000
2021-01-11,6284700,51034700,32746400,6264400,518344000,23031300,73668000,34796000
2021-01-12,7758200,52547700,29266800,6375200,291476000,23249300,70292000,29528000
2021-01-13,8298000,45303600,22898400,4427800,210028000,20087100,66424000,23432000
2021-01-14,10258600,49989100,23500100,6605600,283120000,29480800,61418000,29212000
2021-01-15,7532600,107160000,35118700,7656400,277780000,31746500,84880000,31444000
2021-01-19,8903400,51233300,24537000,6144400,226188000,30480900,66102000,41660000
2021-01-20,7025000,61836100,30728100,6309800,258572000,37777300,106196000,64152000
2021-01-21,6943600,47840100,25130600,7217600,337780000,30709400,98722000,58634000
2021-01-22,9896700,52860500,21609400,5508800,246820000,30172700,56438000,32744000
2021-01-25,8524700,70402000,39080600,7048400,251112000,33152100,74996000,50586000
2021-01-26,8186500,42665300,25498100,5393000,163980000,49169600,59104000,31462000
2021-01-27,14789000,123351100,55264000,11583600,371272000,69870600,93204000,82512000
2021-01-28,11166400,94198100,42836300,7953000,228316000,49111200,62984000,55278000
2021-01-29,11451800,126765100,55259000,8083000,271552000,42503100,85872000,44530000
2021-02-01,10553500,75817600,35646000,5437800,217204000,33314200,83204000,40252000
2021-02-02,10528000,64450700,33930800,8677000,220440000,25916300,141972000,66332000
2021-02-03,9933500,52427100,24824500,6479800,245408000,27158100,141776000,97882000
2021-02-04,9928700,47142600,22350900,5895800,201340000,25296100,73414000,48596000
2021-02-05,9170200,48669800,22732000,4920400,169152000,18054800,72416000,29866000
2021-02-08,7003400,38365200,20462800,8969200,434624000,22211900,65148000,28828000
2021-02-09,5437400,35551100,17597500,3215600,287560000,23565000,44070000,21892000
2021-02-10,9577500,59154400,28068700,7481200,485352000,22186700,63032000,25102000
2021-02-11,7690800,42913300,22046100,10340000,450828000,15751100,46028000,20480000
2021-02-12,6663400,50593300,20346800,6800800,374756000,16561100,46706000,18990000
2021-02-16,7526000,50972400,27080800,6947800,321960000,26728500,51494000,31004000
2021-02-17,6244500,52290600,31360300,7337600,274756000,21653500,65950000,20294000
2021-02-18,6262400,59712800,32236200,6060000,233868000,16925600,60548000,22546000
2021-02-19,10905100,83241000,39157700,8658800,271724000,25262600,86104000,37938000
2021-02-22,20940300,67414200,47256900,6753000,325884000,36446900,70314000,29466000
2021-02-23,18175400,107284100,97241900,9492400,391780000,30228700,93544000,34658000
2021-02-24,10609300,72433900,58206300,9291000,448320000,26339700,60226000,22608000
2021-02-25,15356100,146670500,110182600,12311800,824436000,39542200,90676000,41548000
2021-02-26,20512600,152701600,104739800,10312600,500932000,37819200,85518000,40042000
2021-03-01,11758900,105348800,49164500,7118400,353184000,25324000,54582000,26060000
2021-03-02,13282000,79595300,48370000,7697200,264116000,22812500,51916000,25564000
2021-03-03,15827600,119940200,86301100,9035000,377592000,34029500,79774000,33892000
2021-03-04,19951100,183433000,139131600,18054800,573344000,44727800,109632000,49216000
2021-03-05,34211500,152039600,121523700,14766600,542840000,41872800,107772000,53100000
2021-03-08,23300500,123149200,88409800,15614600,543112000,35267400,83700000,36868000
2021-03-09,17296400,113633600,80391100,14207200,521824000,33080500,80600000,33920000
2021-03-10,21378600,109899400,76798100,12627400,384376000,29746800,60250000,27100000
2021-03-11,38095400,86245000,53484800,8957400,299916000,29907600,55528000,27702000
2021-03-12,11606300,64653600,69315600,7449200,243964000,22653700,48438000,33818000
2021-03-15,8919600,73427200,42955700,6869200,221988000,26034900,58272000,26168000
2021-03-16,14512500,73722500,54925900,9247200,272128000,28092200,50776000,31900000
2021-03-17,11892400,97959300,78258700,10292400,243864000,29562100,62372000,26382000
2021-03-18,13750300,115349100,82718100,8934200,293896000,34833000,72992000,31700000
2021-03-19,30963600,113624500,78446200,14151200,299208000,46430700,92508000,46072000
2021-03-22,10263700,73778600,56194800,9827400,297804000,30127000,58044000,33536000
2021-03-23,12390100,90686600,53455400,9038600,222048000,31638400,76346000,28510000
2021-03-24,11391100,97588600,64803700,8925000,245840000,25620100,59180000,25218000
2021-03-25,14844700,116128600,78729000,13527800,295144000,34061900,71270000,35616000
2021-03-26,12617000,114409100,63519600,15262400,363968000,25479900,66258000,27978000
2021-03-29,15183700,108107600,54608000,12544200,273520000,25227500,54920000,26492000
2021-03-30,12000200,76262200,44635700,6675800,200204000,24792000,46752000,27312000
2021-03-31,9971700,112734200,55032500,10132200,314776000,43623500,61878000,42570000
2021-04-01,13228700,99682900,55685600,11310200,308276000,30338000,58806000,39880000
2021-04-05,25010200,91684800,42172500,9784600,255672000,36910600,66698000,48510000
2021-04-06,14699800,62021000,33537200,11805000,191744000,22931900,50756000,35240000
2021-04-07,12356800,55836300,32046400,7926000,251284000,22719800,66924000,24134000
2021-04-08,13507700,57863100,29940800,6799000,244416000,23625200,56242000,28664000
2021-04-09,13285700,61104600,36664900,5391200,195172000,24326800,86830000,26146000
2021-04-12,10634900,56704900,25833000,6823000,869324000,27148700,65636000,25024000
2021-04-13,13142400,56551000,30374000,7383600,676212000,23837500,66316000,25682000
2021-04-14,12730700,61659900,42564300,7224200,385500000,23070900,62904000,21002000
2021-04-15,13604200,60229800,36342800,8138800,598480000,25627500,64672000,29174000
2021-04-16,13334100,82037300,40860100,7215000,335208000,24878600,63720000,26282000
2021-04-19,19967200,78498500,34533100,10237600,404420000,23209300,54508000,30290000
2021-04-20,12562300,81851800,38081800,9636600,334132000,19722900,52460000,22288000
2021-04-21,18672800,66793000,36598100,9880200,216776000,24030400,44224000,23204000
2021-04-22,16769300,97582800,45936100,8253200,277788000,25606200,51612000,24146000
2021-04-23,10664700,73209200,36381900,6414600,227500000,21462600,63856000,29066000
2021-04-26,9402200,52182400,30812000,5541600,197796000,19763300,97614000,32038000
2021-04-27,9300200,51303100,33187200,6919000,164572000,31014200,76542000,44386000
2021-04-28,6107800,51238900,33615700,6782400,209416000,46903100,92638000,81106000
2021-04-29,7940400,78544300,37708900,7921000,173196000,40589000,153648000,41234000
2021-04-30,7825300,85527000,38263400,9111600,201912000,30945100,140186000,44856000
2021-05-03,15319600,68128300,29729700,9078000,203912000,19626600,117510000,28242000
2021-05-04,15316500,101591200,65147000,14625400,405324000,32756100,108788000,44818000
2021-05-05,12271900,60162200,46219300,9871600,292024000,21901300,74226000,26636000
2021-05-06,14089700,74321400,46814300,12851200,193380000,26491100,88954000,25190000
2021-05-07,14073400,67733800,53324500,10771600,229328000,27032900,94206000,28898000
2021-05-10,17356700,81852400,60700500,10634000,268904000,29299900,116772000,30914000
2021-05-11,12980400,116888000,71963600,13493000,285584000,33641600,92396000,34186000
2021-05-12,12302600,134811000,91164900,15262800,303408000,36684400,98728000,46376000
2021-05-13,11399300,106394000,69877800,17890600,285404000,29624300,67018000,33204000
2021-05-14,9033400,82201600,44370000,8363600,258616000,23901100,66500000,31996000
2021-05-17,6637900,65129200,39395000,10105000,216980000,24970200,74478000,21598000
2021-05-18,6643100,59810200,36528500,7617600,186256000,20168000,56568000,22204000
2021-05-19,8165000,106467100,66319100,16200000,344000000,25739800,53594000,23684000
2021-05-20,8802700,78022200,46466100,11437600,321592000,21800700,52664000,32352000
2021-05-21,8629000,76578700,50330400,10891000,672992000,21863100,82098000,40632000
2021-05-24,7044700,51376700,32475800,7522000,554816000,21411500,48456000,31832000
2021-05-25,7160600,57451400,31280300,8098200,435408000,17704300,65222000,22440000
2021-05-26,12851100,43088600,25444900,6491400,370440000,17771600,47680000,21572000
2021-05-27,12867800,56707700,27931700,5487800,581476000,24426200,51224000,35224000
2021-05-28,6929700,58520200,29927400,6943200,644536000,18270200,46596000,21482000
2021-06-01,10485300,54216600,31145400,7920000,472804000,23213300,48600000,23354000
2021-06-02,12249300,49097100,22047900,6451400,594168000,19406700,40290000,21158000
2021-06-03,12038700,58138800,37057800,7641000,580008000,25307700,47966000,18696000
2021-06-04,14502900,55938800,38736500,7182200,617120000,25281100,44994000,24458000
2021-06-07,10445600,51555000,32611900,5799200,575756000,23079200,44316000,24120000
2021-06-08,10726800,47134300,27282800,6159400,323848000,22455000,68334000,24240000
2021-06-09,9720300,48436300,21485300,5712200,381656000,17937600,49110000,17942000
2021-06-10,16680800,51020100,33702100,6570000,287772000,24563600,69530000,25904000
2021-06-11,11066500,45570800,21222800,4843200,416308000,18999700,56348000,21958000
2021-06-14,10173200,42358500,27827700,6280000,321376000,19150500,51394000,22098000
2021-06-15,17298000,51508500,35963800,6987000,243032000,18038900,48524000,21562000
2021-06-16,36560600,80386100,55399500,9597600,307124000,27220000,84056000,26472000
2021-06-17,14836100,90949700,59722700,7849400,809656000,27565500,102730000,25842000
2021-06-18,22521200,118676300,55414900,10137600,968856000,37202200,104954000,46116000
2021-06-21,8924300,72822000,32992600,7902000,672384000,26696100,65542000,27414000
2021-06-22,9845800,57700300,28941600,6094800,580144000,24694100,66902000,22390000
2021-06-23,7295900,49445400,27188500,4195800,332356000,19518700,56266000,19148000
2021-06-24,9624000,45110300,32581600,4043200,320924000,21446900,76640000,21362000
2021-06-25,12845000,58129500,28682800,5170600,278364000,25611100,78820000,34594000
2021-06-28,5605400,53159600,39130300,6955400,495436000,19590000,44856000,28526000
2021-06-29,5392900,35970500,29426000,5117600,367632000,19937800,41968000,23108000
2021-06-30,7899800,64827900,32724000,5429600,326568000,21656500,48080000,24474000
2021-07-01,13108000,53441000,29290000,4886200,480136000,16725300,40742000,18110000
2021-07-02,15258100,57697700,32727200,3515400,342764000,26458000,63388000,25982000
2021-07-06,14200400,68710400,38842400,5563200,446708000,31565600,134896000,26404000
2021-07-07,20976600,63549500,35265200,5018800,418428000,23260000,106562000,24060000
2021-07-08,16383300,97595200,50890000,6860000,503300000,24618600,103612000,23790000
2021-07-09,15685300,76238600,35184500,5521800,296624000,23916700,74964000,18632000
2021-07-12,16076800,52889600,25717700,4457600,321984000,18931700,51432000,17668000
2021-07-13,12789300,52911300,39723000,4907200,290708000,26120100,76918000,19240000
2021-07-14,13330500,64130400,35336400,6704200,380100000,23113700,65932000,23742000
2021-07-15,18306300,55126400,53391600,12503200,550564000,22604200,63706000,24218000
2021-07-16,14617500,75874700,47262000,8994200,688224000,26186800,80874000,20424000
2021-07-19,15619900,147987000,64404600,12380400,749060000,32935600,75692000,27968000
2021-07-20,12813900,99608200,42183700,7590200,434687000,26259700,65114000,26312000
2021-07-21,13108100,64724400,30259900,6349200,371017000,24364300,46380000,20746000
2021-07-22,13638900,47878500,30252200,6214400,323826000,23384100,65308000,14302000
2021-07-23,12680900,63766600,31960800,4456400,195672000,22768100,48726000,41506000
2021-07-26,10454100,43719200,28438100,2543800,203943000,23176100,58002000,30572000
2021-07-27,8465200,67397100,57933100,6706600,248863000,33604100,82638000,54710000
2021-07-28,6396800,52472400,42066200,6731600,202191000,33566900,59988000,95130000
2021-07-29,6201400,47435300,25672500,6820600,190781000,18168300,110400000,31716000
2021-07-30,7962800,68951200,36484600,6459600,183497000,20944800,199312000,25576000
2021-08-02,5579100,58783300,27334100,8518600,217444000,16267400,67078000,21634000
2021-08-03,9889800,58053900,35558500,6436600,301811000,17879000,83146000,20762000
2021-08-04,7509900,46732200,29602200,7092600,231309000,16191300,43678000,19676000
2021-08-05,8231300,38969700,21443900,5626600,211435000,13900200,48670000,17870000
2021-08-06,6513900,46930000,33332100,4119400,178497000,16589300,52752000,20488000
2021-08-09,5798700,41222600,25960200,3998000,146443000,16117600,42964000,17760000
2021-08-10,5473300,43339300,35130800,6655400,179238000,18616600,48252000,19414000
2021-08-11,8009800,44034300,34249800,4258200,185925000,13955900,58944000,15352000
2021-08-12,5687200,38909400,25969200,9066200,151652000,14561300,46282000,16506000
2021-08-13,6640400,39470300,19336200,5656400,183063000,18249000,41134000,15948000
2021-08-16,7122800,73740000,34856900,4517600,210876000,22507600,66394000,22384000
2021-08-17,6738500,92673900,44793900,10177000,204585000,20075300,67758000,21716000
2021-08-18,7666300,89351900,38541900,5631800,285913000,21813000,56086000,19258000
2021-08-19,8099400,92812200,48499400,8966600,766555000,29850500,75658000,21782000
2021-08-20,8716400,72008700,39486000,6447400,675741000,40817600,67168000,31194000
2021-08-23,7147300,54973000,34034700,9150200,575807000,22830200,65362000,28454000
2021-08-24,6320100,38744700,21732900,4813000,297299000,18175800,51036000,19268000
2021-08-25,5748500,40529700,20441900,10724000,347701000,20006100,33606000,15848000
2021-08-26,9093200,57829600,29133300,5221600,237940000,17666100,41976000,20610000
2021-08-27,5426800,77235100,27104700,6363400,304722000,22605700,48048000,28780000
2021-08-30,5357000,48357400,27295700,4993600,262580000,16348100,63844000,24434000
2021-08-31,8113300,59300200,29628200,5864400,259850000,26285300,87128000,22448000
2021-09-01,8208000,48721400,28138300,5119600,201767000,18983800,72598000,21936000
2021-09-02,7717400,42501000,25453400,3220000,187834000,16285600,58474000,32342000
2021-09-03,8456900,47170500,24605400,3617600,280532000,14747900,51514000,19850000
2021-09-07,11046000,51671500,23970200,3926400,198107000,17180400,54758000,20124000
2021-09-08,8851200,56181900,32949200,4984800,254434000,15046800,61068000,18344000
2021-09-09,11034700,57970400,29399000,4631400,196856000,19927000,54384000,15314000
2021-09-10,10547400,89948200,40249400,7345200,248376000,19633400,47946000,36840000
2021-09-13,18883400,83738600,48741800,5600800,297500000,23652900,51380000,22094000
2021-09-14,22714200,78197100,41826600,5451600,199755000,21853400,38738000,19674000
2021-09-15,14951100,78792200,34097900,4266600,166538000,28356300,59150000,27408000
2021-09-16,12410500,77786700,35193100,5166200,156033000,19550800,51672000,26190000
2021-09-17,58069000,118425000,60912300,7483600,294503000,41372500,92332000,53384000
2021-09-20,13897700,166445500,76203200,7809200,349440000,38278700,93382000,46518000
2021-09-21,11124400,92526100,41927500,4624400,204688000,22364100,55618000,25332000
2021-09-22,9908000,102350100,46972900,4947600,268726000,26626300,48228000,25056000
2021-09-23,9720200,76396000,44652000,4483800,248555000,18604600,47588000,20952000
2021-09-24,7617800,62094800,36056800,2781600,217655000,14999000,42324000,22984000
2021-09-27,11533000,61371100,43338100,4060000,245215000,23571700,72690000,21882000
2021-09-28,15041800,130436300,97701600,11220600,343069000,43186200,88616000,45772000
2021-09-29,12007300,82329200,58076600,9581800,218394000,26353700,51246000,30848000
2021-09-30,15649900,140506000,61384600,6558200,221009000,32343600,56848000,37996000
2021-10-01,13320900,129240100,56375500,7362200,240978000,30086300,56712000,35360000
2021-10-04,10853900,128570000,76766000,9562000,345635000,31350700,90462000,51202000
2021-10-05,9788600,90682500,47232900,6784600,279282000,24993000,65384000,32404000
2021-10-06,10268300,113032200,56806500,7441800,297202000,28002600,50660000,24364000
2021-10-07,9124400,72437500,39411200,4943400,256919000,20430500,48182000,25110000
2021-10-08,13202300,74557400,41822300,4999600,151258000,17685700,39964000,26526000
2021-10-11,12959300,65233300,34847200,4422000,163388000,19298600,40684000,17954000
2021-10-12,9964100,71181200,43905100,8049400,162134000,17974100,36392000,36332000
2021-10-13,9453900,72974000,40120800,5694400,180652000,23416300,48402000,19654000
2021-10-14,7911200,70236800,43433900,7073000,243589000,27262900,42190000,31894000
2021-10-15,7422800,66260200,40419900,5309600,226994000,25384800,103598000,30274000
2021-10-18,7344100,62213200,34513500,4042800,189494000,22729300,63482000,20396000
2021-10-19,5616500,46996800,29091000,4631800,161473000,17682100,47722000,20164000
2021-10-20,6574100,49571600,31390300,4457000,146276000,16537100,42796000,23288000
2021-10-21,6224400,41305400,25469300,3889000,187590000,16918100,37628000,26292000
2021-10-22,6819600,58845100,36275800,5939000,249384000,17449300,62782000,50588000
2021-10-25,5083100,45214500,32597800,3738600,230235000,17554500,44520000,34412000
2021-10-26,7089700,56075100,47191300,4962400,485898000,28107300,53966000,49236000
2021-10-27,5941200,72438000,45760500,7880800,245990000,52588700,54044000,85782000
2021-10-28,5177200,51437900,38007000,5989400,234204000,26297900,114174000,36206000
2021-10-29,7578600,70162400,37310100,4406200,292503000,34766000,129722000,43320000
2021-11-01,7327600,48433600,30765300,4430400,265740000,27073200,72178000,46924000
2021-11-02,6229600,48908400,25135300,4611200,294112000,26487100,52552000,33482000
2021-11-03,5746400,52509800,33748900,6096800,239910000,21500100,67944000,27494000
2021-11-04,5857500,52847100,40265300,15122000,1153631000,23992200,107060000,38412000
2021-11-05,6160200,66390600,43383800,9548600,851260000,22570100,99940000,38354000
2021-11-08,5056400,50405200,29256300,8630000,503101000,20897000,61480000,23052000
2021-11-09,6102600,51149100,50490700,11542800,646746000,21307400,85898000,19530000
2021-11-10,5828800,69429700,54937400,10611000,636206000,25500900,80548000,29970000
2021-11-11,3620600,34848500,32243000,5640200,332172000,16849800,45288000,16518000
2021-11-12,6435300,53466700,34730600,5272200,413054000,23831000,53788000,22360000
2021-11-15,5700900,46980500,33716900,5636800,384909000,16723000,58594000,23508000
2021-11-16,7392900,48857500,27872900,4880400,264484000,20886800,44342000,18904000
2021-11-17,6257600,47858300,28703300,5819200,428508000,19053400,51206000,19594000
2021-11-18,5725300,50625600,45721500,7602600,781711000,22463500,114070000,35608000
2021-11-19,8936600,57315600,45191700,6666000,533867000,21963400,98734000,33682000
2021-11-22,6488200,72762000,61715400,10939800,754335000,31031100,96844000,30594000
2021-11-23,8905500,73206500,70098700,10521800,532163000,30427600,73804000,27218000
2021-11-24,10908500,61858800,46954400,7165000,435162000,21661300,46560000,18040000
2021-11-26,4519300,112669600,51533300,6732600,283069000,24217200,59826000,30470000
2021-11-29,9552500,86268800,54447100,9032800,454964000,28563500,65312000,32596000
2021-11-30,23271200,148559600,81332700,13931400,622066000,42885600,80022000,42068000
2021-12-01,12084900,131939200,77766500,14229200,484368000,33337600,74916000,34020000
2021-12-02,7089800,127637800,84416600,12560000,472890000,30766000,64726000,29194000
2021-12-03,10808600,137331600,105349100,13547400,544325000,41779300,80712000,41230000
2021-12-06,8398500,98977500,67588800,10212000,658938000,30032600,68860000,30618000
2021-12-07,6803700,95484700,56005300,11289000,593053000,31021900,66410000,32240000
2021-12-08,7695800,72238800,39204000,7148400,475551000,24761000,45254000,24270000
2021-12-09,8615800,61272600,49973700,6494400,488507000,22214200,46062000,23270000
2021-12-10,45824600,77159800,52545800,7072600,488825000,38095700,60690000,24458000
2021-12-13,16317600,87724700,50166400,7499600,598344000,28899400,62170000,27070000
2021-12-14,9511600,97264100,75199200,8491800,667035000,44438700,55976000,38446000
2021-12-15,14452200,116899300,73858000,10836800,698297000,35381100,75794000,36370000
2021-12-16,9053200,116568600,82591400,14412400,707366000,35034800,60876000,33650000
2021-12-17,28872300,135511600,80492500,11277600,713758000,47750300,85542000,50416000
2021-12-20,17205400,107134800,65336800,11102000,461847000,28326500,57372000,27192000
2021-12-21,15823000,69806300,48899500,9071000,524385000,24740600,55956000,28756000
2021-12-22,10539000,58890200,37042200,5102800,395184000,24831500,55036000,26322000
2021-12-23,9655400,56439700,29595500,4795600,343022000,19617800,36788000,26384000
2021-12-27,7666200,56808600,32820700,6437400,403686000,19947000,58688000,15976000
2021-12-28,5610500,47274600,33113700,5076200,420591000,15661500,54638000,18200000
2021-12-29,5628500,54503000,32248500,6252200,343139000,15042000,35754000,17788000
2021-12-30,7382400,55329000,23850100,5910600,308864000,15994500,37584000,15688000
2021-12-31,5908200,65237400,34752900,2929800,266530000,18000800,47830000,18136000
2022-01-03,10644400,72668200,40575900,7155200,391547000,28865100,63520000,28646000
2022-01-04,11959000,71178700,58027200,11485600,527154000,32674300,70726000,28400000
2022-01-05,11236700,104538900,75739800,16288400,498064000,40054300,64302000,54618000
2022-01-06,7918400,86858900,70814300,13102400,454186000,39646100,51958000,37348000
2022-01-07,9836800,85111600,72652300,13858800,409939000,32720000,46606000,29760000
2022-01-10,11025500,119362000,91770500,14787800,594681000,44289500,87798000,44408000
2022-01-11,7249800,74303100,68295700,9939800,404089000,29386800,62806000,28730000
2022-01-12,5840300,67605400,54576400,11784600,383413000,34372200,50030000,26108000
2022-01-13,6044300,91173100,77994000,16958600,540171000,45366000,52188000,31436000
2022-01-14,6054800,95890900,80121200,11727200,395832000,39846400,45974000,29662000
2022-01-18,6824700,109709100,75450900,12497400,424270000,42333200,67292000,34872000
2022-01-19,10501800,109357600,81791500,17539000,488315000,45933900,53242000,28648000
2022-01-20,10836900,122379700,88610700,16708800,435181000,35380700,71974000,29908000
2022-01-21,11609000,202271200,143388900,26521800,718958000,57984400,163972000,55652000
2022-01-24,16770400,251783900,198685800,25135200,913982000,85731500,155624000,76622000
2022-01-25,13469900,167997300,124398400,16935400,664616000,72848600,90824000,46960000
2022-01-26,13971300,186391100,146559500,20527400,755959000,90428900,95602000,49130000
2022-01-27,10331900,149878300,95255700,22088600,573353000,53481300,77516000,31950000
2022-01-28,7854700,164457400,108167900,21911400,543774000,49743700,74392000,34362000
2022-01-31,10594200,152251400,94326400,14468800,564680000,46444500,78308000,39986000
2022-02-01,8016900,123155400,74433000,11685400,518925000,40950400,59220000,68644000
2022-02-02,9287600,117361000,78777100,11819400,543419000,36636000,87330000,123200000
2022-02-03,8207200,118024400,95384800,16690600,410178000,43730000,225532000,71518000
2022-02-04,5570200,118454400,86318300,9879200,354829000,35096500,253456000,57998000
2022-02-07,6292200,84472900,58198100,10319400,376868000,28533300,102624000,54974000
2022-02-08,6585300,81012000,64720900,10124800,410359000,32421200,76040000,54284000
2022-02-09,8755900,92589900,55766400,20297200,524282000,31284700,68786000,40144000
2022-02-10,6336300,140103700,112468500,16619600,513200000,45386200,68268000,39330000
2022-02-11,7670500,153214600,101569100,23369800,605472000,39175600,77100000,39958000
2022-02-14,5389800,123006300,80254400,15577600,440424000,36359500,83230000,34302000
2022-02-15,5712800,88482700,55128800,12811800,699869000,27058300,56440000,26680000
2022-02-16,6227000,84863600,58947100,10021000,732676000,29982100,52704000,25022000
2022-02-17,9247100,102259100,61801400,15833000,810595000,32461600,64032000,38950000
2022-02-18,7790100,132642900,80001500,17236400,761255000,34264000,63604000,45620000
2022-02-22,8039000,124391800,85967100,17874800,633422000,41736100,66128000,44990000
2022-02-23,6807100,132578000,86215400,15235800,566511000,37811200,64244000,32786000
2022-02-24,11240500,213942900,130614100,21510200,735801000,56989700,100786000,54456000
2022-02-25,8291800,121804500,78842100,17731000,528866000,32546700,62396000,36406000
2022-02-28,9234400,145615000,77515500,17839800,477319000,34627500,57684000,38864000
2022-03-01,8752100,137785900,67407000,16571000,412056000,31217800,44874000,26496000
2022-03-02,8527200,117726500,70609000,16573600,389642000,31873000,47334000,23520000
2022-03-03,8203000,105501700,71089400,16515200,365095000,27314500,65198000,24604000
2022-03-04,8841300,113978200,76936300,16157600,431415000,32356500,60934000,30430000
2022-03-07,11110100,137896600,89933800,17728600,450821000,43157200,86934000,45112000
2022-03-08,9134100,164772700,116153900,25880800,557467000,48159500,91662000,40428000
2022-03-09,8959500,116990800,64723400,13344800,492742000,35204500,82656000,37026000
2022-03-10,13812600,93972700,69362700,14997800,428066000,30628000,135062000,27102000
2022-03-11,22795800,95636300,66228400,14765200,367209000,27209300,68900000,31526000
2022-03-14,13306200,95729200,79802600,23371400,385354000,30660700,74086000,38812000
2022-03-15,16847200,106219100,76471000,20833800,491996000,34245100,75584000,30920000
2022-03-16,14071300,144954800,105243000,23147400,671422000,37826300,84958000,35576000
2022-03-17,10462400,102676900,67810000,13429200,471941000,30816600,72934000,28264000
2022-03-18,24176000,106345500,85446300,16140400,730719000,43390600,102962000,44566000
2022-03-21,8131300,88349800,73799100,13897200,591727000,28351200,66538000,26832000
2022-03-22,9292300,74650400,63345900,11647200,547007000,27599700,64086000,35496000
2022-03-23,7451100,79426100,70615500,15411000,502120000,25715400,55812000,25154000
2022-03-24,7025700,64736900,53555300,16911600,877379000,24484500,56798000,26396000
2022-03-25,5682300,77101300,57584200,11023600,579016000,22566500,49032000,24126000
2022-03-28,6626700,68529800,56833900,13225200,425494000,29578200,59854000,35050000
2022-03-29,5762000,86581500,68073000,14346000,488984000,30393400,66154000,34318000
2022-03-30,5533100,79666900,68757700,14507800,463487000,28163600,56168000,19884000
2022-03-31,9433300,121699900,67011400,15526600,523440000,33422100,59966000,37524000
2022-04-01,6147500,89048800,54527800,15470000,517235000,27110500,57090000,25942000
2022-04-04,7882400,59601000,45950200,11604400,397120000,24289600,49882000,25942000
2022-04-05,5143400,74214500,62738700,22220400,436615000,23156700,53728000,21418000
2022-04-06,5492400,106898000,90077100,22542800,703833000,40110400,79056000,32468000
2022-04-07,7112200,78097200,63777400,15147000,557992000,31411200,68136000,26234000
2022-04-08,6182500,79272700,61956100,13651000,524781000,24361900,46002000,25142000
2022-04-11,5738400,89770500,66107400,15627800,575207000,34569300,52112000,36884000
2022-04-12,6174700,84363600,72790200,21096800,662258000,30966700,55178000,32710000
2022-04-13,4728600,74070400,61367800,16482800,516943000,21907200,53390000,27928000
2022-04-14,5590400,97869500,73519400,15282000,569097000,28221600,51598000,31598000
2022-04-18,4955900,66002500,58560600,14243000,525701000,20778000,46514000,20808000
2022-04-19,5412400,77821000,56515700,13227800,512781000,22297700,54926000,26490000
2022-04-20,9472600,65224400,65500000,13034600,468974000,22906700,59630000,31696000
2022-04-21,5616100,85417300,75801000,18009000,656209000,29454600,63970000,36446000
2022-04-22,9357100,132471800,82562100,14251000,624713000,29405800,73078000,56884000
2022-04-25,7305900,119647700,101755900,19083200,641566000,35678900,61874000,46128000
2022-04-26,7555200,103996300,105819600,18289000,653143000,46518400,77530000,73054000
2022-04-27,7279200,122030000,111204200,14756400,499460000,63477700,71336000,91820000
2022-04-28,6177900,105449100,99450000,19097000,570327000,33646600,117316000,48884000
2022-04-29,7946900,145491100,91977900,14487800,500435000,37073900,272662000,42676000
2022-05-02,7379900,158312500,115511800,16399200,572049000,35151100,148788000,35534000
2022-05-03,5211500,100028200,78185500,10625400,475751000,25978600,79134000,24968000
2022-05-04,6759900,144247900,116083400,20898400,648855000,33599300,110746000,49916000
2022-05-05,7197200,172929100,154607400,15564200,626331000,43260400,144392000,45840000
2022-05-06,6222500,151770800,139572800,19808400,633297000,37780300,124260000,39710000
2022-05-09,7019700,155586100,113387300,18250600,644455000,47726000,128124000,40802000
2022-05-10,8129000,132497200,124124600,19597800,761474000,39336400,105434000,39900000
2022-05-11,6932100,142361000,140326100,18200400,670167000,48975900,109704000,37534000
2022-05-12,11698900,125090800,120910900,15976800,708728000,51033800,132026000,53836000
2022-05-13,6700100,104174400,83684900,13531000,670437000,34925100,93684000,35038000
2022-05-16,6942100,78622400,59190400,10146200,521446000,32550900,74566000,25990000
2022-05-17,5952500,83029700,62715300,10557000,585830000,28828800,76448000,23054000
2022-05-18,7977300,117674500,79477100,10887600,545161000,31356000,108380000,35126000
2022-05-19,9451600,98510700,79920700,13706600,621310000,32692300,88142000,34144000
2022-05-20,7531100,131432200,91764200,18009800,739105000,39199300,99500000,48962000
2022-05-23,7370200,76414900,63648400,8603800,639889000,33175400,107798000,37184000
2022-05-24,6644100,91448800,73491100,12751200,588550000,29043900,102934000,76780000
2022-05-25,7103300,91472900,67144500,10999400,781132000,28547900,93120000,40258000
2022-05-26,6758900,82168300,59462200,8707200,996575000,25002100,93002000,37948000
2022-05-27,6566700,84768700,66985600,9288400,738379000,26910800,93660000,37914000
2022-05-31,16890300,95937000,60968300,10122000,664100000,37827700,144634000,50012000
2022-06-01,5804700,86585800,65341700,9778800,544514000,25292200,127528000,36606000
2022-06-02,6200400,79609600,59291300,8733200,648656000,44008200,100560000,37992000
2022-06-03,8169500,71874300,60914700,7802200,598779000,28059000,97604000,26136000
2022-06-06,5274700,57508900,51785000,8430400,422406000,22400300,135269000,33542000
2022-06-07,5675700,59272400,44900300,5774400,388914000,22860700,85156700,31590000
2022-06-08,5253500,64350000,38342100,8183400,363252000,17372300,64926600,26108000
2022-06-09,6824900,86289800,55900500,9876800,395574000,26439700,67029800,25798000
2022-06-10,10256100,132893900,85963500,11145400,465248000,31422800,87266000,41452000
2022-06-13,16547200,170004900,94442000,13311000,604153000,46135800,99277700,47252000
2022-06-14,29661300,104011800,64697500,9095400,469680000,28651500,69728800,33706000
2022-06-15,11765500,125666800,86051400,11026600,563936000,33111700,85011100,39698000
2022-06-16,10686000,134473300,81910300,16871600,545749000,33169200,82186300,51684000
2022-06-17,16445600,111113900,82703400,14289000,630334000,43084800,99772100,51376000
2022-06-21,10047700,76811900,51633700,10006200,483089000,29928300,70901200,47416000
2022-06-22,8219900,90059400,67472900,7195600,437135000,25939900,60040100,30774000
2022-06-23,8775800,79292100,57457800,8493200,463680000,25861400,64345300,28362000
2022-06-24,20132600,98050300,58422300,12663200,472153000,33923200,69867600,41164000
2022-06-27,8840600,66009600,54151500,5422600,427968000,24615100,62133200,36420000
2022-06-28,7252100,86548900,61609800,8943000,461149000,27295500,74942900,35792000
2022-06-29,8077900,65676000,57302700,7706800,482352000,20069800,66375300,24716000
2022-06-30,9888600,112508300,79313600,9802200,686070000,31730900,97679400,43170000
2022-07-01,7805600,74839700,56675100,12926400,577610000,22837700,73021200,35476000
2022-07-05,9040400,81438000,61829300,14545000,651397000,22941000,76583700,39342000
2022-07-06,6043700,70426200,63194700,6654800,529066000,23824400,66958900,37432000
2022-07-07,7814500,64525900,56620100,9013400,492903000,20859900,57872300,40936000
2022-07-08,4927300,72397800,59895500,5470000,467972000,19658800,45719700,38238000
2022-07-11,4543300,58366900,55273900,5457800,437321000,19455200,53487600,31196000
2022-07-12,7140800,62219200,55797100,5470400,458483000,35868500,54280300,29960000
2022-07-13,6454800,84224600,73939400,7035600,521918000,29497400,61353800,43722000
2022-07-14,4915500,89704800,63741800,6802600,456235000,25102800,51163100,37004000
2022-07-15,5134100,79060400,63818100,7738200,385935000,29774100,84317800,46770000
2022-07-18,4642300,63203600,59519600,8425000,670517000,20975000,59115400,43164600
2022-07-19,7160300,78506000,55172600,9005200,702366000,25012600,60990000,36530900
2022-07-20,5655700,71843800,67769400,10183400,760538000,22788300,71268300,35600400
2022-07-21,7005100,64903900,55049400,8359600,557049000,22404700,60239900,32676200
2022-07-22,6659800,72197300,57127700,11209000,536671000,21881300,51463800,48901200
2022-07-25,5721600,53631500,40582400,6005200,480748000,21056000,50221300,34690900
2022-07-26,7284400,52946400,50074100,4261200,397865000,39348000,67075100,47991000
2022-07-27,6677200,82342100,69304400,10119600,569776000,45994000,61582000,59858500
2022-07-28,5688100,73966600,55139900,6426400,474646000,33459300,82245500,32816600
2022-07-29,5926600,87003700,57501000,6415800,435460000,32152800,148892900,37223400
2022-08-01,5227500,69997500,46358800,6570200,476469000,21539600,76846900,26034300
2022-08-02,6403400,63435400,48676500,6815600,489527000,22754200,61922400,20236000
2022-08-03,6127800,67820600,53735700,7424400,418146000,23518900,71827800,28499000
2022-08-04,3656200,45656600,38973700,5658800,409652000,18098700,70585000,21602900
2022-08-05,4858100,56814900,53894000,5279800,386068000,16774600,50686900,19159500
2022-08-08,4733500,53886100,43878500,8425800,981859000,18739200,52229000,19138300
2022-08-09,4243700,44931800,39764200,13726000,668263000,23405200,40434700,19086500
2022-08-10,5258500,68665700,51459600,8434600,597422000,24687800,54773800,30930400
2022-08-11,5554600,59489700,45897700,8788800,509327000,20065900,44867300,24293700
2022-08-12,6692300,61694500,40928400,5825000,478094000,22619700,47643500,19096300
2022-08-15,3733500,54048300,38266600,4506200,457666000,18085700,39014600,19494800
2022-08-16,6185100,59289000,41186900,4302200,451240000,18102900,59102900,19041200
2022-08-17,5185100,63563400,47842200,6676000,446799000,18253400,48149800,22847000
2022-08-18,4120500,49023200,41937200,5241400,415447000,17186200,37458700,17987700
2022-08-19,4679000,68016900,51770600,6864400,441588000,20570000,47792800,21809500
2022-08-22,5757700,77695600,51098900,6987400,409593000,25061100,50461500,21456600
2022-08-23,4432300,49105200,39497100,4517200,369986000,17527400,36252100,15870400
2022-08-24,3876400,49177800,38057100,4493400,522661000,18137000,38627000,17734600
2022-08-25,3523400,50942300,38098300,5456800,770691000,16583400,37496300,16956800
2022-08-26,4904100,103087000,69047700,9142600,769127000,27549300,53322700,37245700
2022-08-29,4295500,65370800,48321900,9062400,496132000,20338500,48101600,21191200
2022-08-30,5099100,85652400,51184500,8745000,530181000,22767100,49203000,27513300
2022-08-31,8612900,76029700,50044000,7843200,573710000,24791800,53648700,28627000
2022-09-01,8139800,78740100,57990700,13796400,1178865000,23263400,56636100,28360900
2022-09-02,11027700,99632100,64666800,6884400,743157000,22855400,57429800,24160700
2022-09-06,7090100,76637400,57005400,7472000,535751000,21328200,43888600,25068300
2022-09-07,5792600,70964200,49260400,7927200,512657000,24126700,47900300,23167000
2022-09-08,6897100,80821700,55649800,7830200,624873000,20319900,43988500,24238300
2022-09-09,7762400,76706900,56125200,8128200,486612000,22084700,49387600,23197700
2022-09-12,15628900,69256300,45905700,7184800,484159000,18747700,53826900,22966800
2022-09-13,29476500,122947100,79562200,9622000,714956000,33353300,72694000,38172900
2022-09-14,21601400,85023700,54907200,10439200,588507000,23913000,45316800,26395100
2022-09-15,12478100,87633800,65299400,9906200,523625000,31530900,52887200,34188300
2022-09-16,23412000,103084800,79920400,8690000,670751000,39791800,115667800,42797200
2022-09-19,8364000,73278500,52613800,6698000,569685000,26826900,47279700,23036800
2022-09-20,8624300,77274900,51271100,5462400,524818000,26660300,47698400,26517100
2022-09-21,6768200,106746600,82931000,11149400,807679000,28625600,58498900,31487300
2022-09-22,7190700,89472600,62757100,11633400,759162000,31061200,55229200,34298600
2022-09-23,9282500,122346900,74815200,8752000,663309000,34176000,65126700,31625400
2022-09-26,6897800,92581200,71176700,5982800,547343000,27694200,62723300,27072700
2022-09-27,9284800,108294100,69780100,8243800,553854000,27018700,60094700,30072800
2022-09-28,8549900,110802200,79652100,9941400,542414000,29029700,55763800,32466300
2022-09-29,8882100,112952300,81216000,10500000,532763000,27484200,58969700,31047200
2022-09-30,9794400,153711200,78482400,6782600,565638000,35694800,59479600,32941500
2022-10-03,9661400,89756500,61267400,8539000,547478000,28880400,50941900,27982000
2022-10-04,9892600,103602800,66696900,10874200,584182000,34888400,62812600,28850800
2022-10-05,9201600,88065700,55766300,6731000,507131000,20347100,48217500,22176900
2022-10-06,6992000,82333500,53489400,8594800,644157000,20239900,42253800,22324000
2022-10-07,7137900,107789500,71354700,12253600,672478000,37769600,54678000,27502800
2022-10-10,6407200,76042800,60393000,13134600,698699000,29743600,42339700,18225100
2022-10-11,7376900,92482800,66522500,16052600,667482000,30474000,56432200,26507100
2022-10-12,9008600,76991800,50580200,7606000,492590000,21903900,45728700,21876400
2022-10-13,10147100,147254500,112894100,21406400,850103000,42551800,86868100,34574500
2022-10-14,8044500,123737000,77244300,9979600,713432000,30198600,67737300,25410700
2022-10-17,11368300,93168200,64576500,8269600,580774000,28142300,62782000,28419200
2022-10-18,6688600,97162900,69781000,9798400,659362000,26329600,65607400,24060700
2022-10-19,5506000,79746900,53115400,8535800,523131000,19985700,47198100,23811100
2022-10-20,17600500,88283100,60605500,10877000,652398000,21811000,48795100,25323200
2022-10-21,15652600,131038400,77897700,12884000,609494000,26299700,55660500,32458700
2022-10-24,11489400,85436900,63963600,9834600,517457000,24911200,49531500,27176400
2022-10-25,9137700,78846300,59014500,13488800,505482000,34775500,50934600,40611400
2022-10-26,10693600,104087300,63492400,9896800,532953000,82543200,68802300,88114100
2022-10-27,7053000,81971800,57760300,10174600,583113000,40424600,129605400,60710900
2022-10-28,8758100,100302000,62651300,9215000,521040000,40647700,223133400,43697300
2022-10-31,12349000,96631300,47742000,5975800,486341000,28357300,99251400,31675000
2022-11-01,7753000,85407600,45895900,4670000,432817000,30592300,153370000,47161400
2022-11-02,7524300,126990400,79803100,11901600,672628000,38407000,135761800,57038300
2022-11-03,6761200,87100100,70038900,11461200,500065000,36633900,136683300,61288000
2022-11-04,7219000,103505200,78313200,8470600,612576000,36789100,129101300,51124900
2022-11-07,5394300,68286900,47333800,10213800,410061000,33498000,77495700,34078900
2022-11-08,9104200,84641100,63213800,12147000,595292000,28192500,88703400,30429000
2022-11-09,6013700,78495500,64862100,8640000,454414000,27852900,90796200,31769100
2022-11-10,10437300,141455800,99256700,17078000,700819000,46268000,173414900,51620100
2022-11-11,7712900,93839900,66961800,12646400,655487000,34620200,111590500,33090500
2022-11-14,7153000,71903500,55290700,12244800,527852000,31123300,99533100,30179500
2022-11-15,7618500,93194500,73985400,11456600,545876000,31390100,111336300,41640800
2022-11-16,6011900,68508500,48859800,10711000,649547000,24093300,87958800,29105200
2022-11-17,5717300,74496300,55462100,9018600,710894000,23123500,82617900,26052600
2022-11-18,6107000,92922500,53588600,8025000,492072000,27613500,72428200,28342300
2022-11-21,5235400,51243200,40083500,5071600,404739000,26394700,84330300,21647400
2022-11-22,8796200,60429000,41873400,8283000,472866000,19665700,62192000,23438500
2022-11-23,6347900,68261600,46390000,5780000,427241000,19508500,59414700,18868100
2022-11-25,2754900,30545400,15498800,2207400,167934000,9200800,35088600,9701400
2022-11-28,5112200,67881600,38714200,7853400,303741000,24778200,74943100,26237500
2022-11-29,4928200,52310000,35618900,4908800,298384000,17956300,65567300,20061700
2022-11-30,9610300,144566700,74718100,12688200,565298000,47594200,102805800,43647500
2022-12-01,6127200,76398200,51547300,8752400,470977000,26041500,68488000,28687100
2022-12-02,4798900,85342700,53583200,8204000,371389000,21528500,72496400,21480700
2022-12-05,9102900,77289800,41482100,7069000,352255000,23435300,71535500,24405100
2022-12-06,7656100,77972200,53937600,6090000,352694000,22463700,75503600,24910700
2022-12-07,5105500,65927900,45614300,5651800,372388000,20481500,68086900,31045400
2022-12-08,5918700,60737900,42594900,7260000,515456000,22611800,73305900,32213300
2022-12-09,6850800,81447700,47860500,4938400,465338000,20609700,67398500,28225400
2022-12-12,15807600,75405800,35732500,6827600,457328000,30665100,61999800,29420000
2022-12-13,22812200,123782500,80667700,9469600,656589000,42196900,100212000,40593700
2022-12-14,11183100,108111300,64984400,7519000,496888000,35410900,70298000,28733600
2022-12-15,8196800,117705900,60554100,8833800,478542000,35560400,84802900,40107000
2022-12-16,19200700,119858000,68300400,8276000,478232000,86102000,146144100,58011800
2022-12-19,7738800,79878100,44167900,7227000,354039000,29696400,83531500,29493000
2022-12-20,6390200,74427200,51064200,4510000,403260000,25150800,74348300,23453800
2022-12-21,5932400,78167400,46394700,5675200,325025000,23690600,59267200,24745600
2022-12-22,8181400,100120900,60278400,9549400,565045000,28651700,81431300,27658300
2022-12-23,4129100,59857300,39373600,3875800,349326000,21207000,57433700,23003000
2022-12-27,4290700,51638200,38009000,4636200,464902000,16688600,57284000,20097300
2022-12-28,3794000,70911500,47139000,5064000,351066000,17457100,58228600,19523200
2022-12-29,3867800,66970900,45893600,8302000,354923000,19770700,54995900,23333500
2022-12-30,5375700,84022200,37858300,4411000,310490000,21938500,62401200,23986300
2023-01-03,8997500,74850700,42335300,4472400,401277000,25740000,76706000,28131200
2023-01-04,7836200,85934100,47754900,10039800,431324000,50623400,68885100,34854800
2023-01-05,7643800,76970500,45396700,5936200,389168000,39585600,67930800,27194400
2023-01-06,8641600,104189600,54659700,7005400,405044000,43613600,83303400,41381500
2023-01-09,7519700,73978100,45568700,11422600,504231000,27369800,65266100,29003900
2023-01-10,5703300,65358100,35247800,5464000,384101000,27033900,67756600,30467800
2023-01-11,8359700,68881100,44077000,5737000,353285000,28669300,103126200,26862000
2023-01-12,6071100,90157700,60600000,7704600,551409000,27269500,85254800,30258100
2023-01-13,5090800,63903900,44802900,4264400,447287000,21333300,85549400,26329200
2023-01-17,6550400,62677300,36269700,5059200,511102000,29831300,72755000,32602400
2023-01-18,6397700,99632300,47754500,9374600,439624000,30028700,79570400,29116700
2023-01-19,5597000,86958900,44150400,9283000,452932000,28623000,69002700,37000400
2023-01-20,5567300,91806400,60613600,5709800,564967000,35389800,67481500,63191100
2023-01-23,7390200,84178800,52799900,12790000,655163000,31934000,76501100,40005100
2023-01-24,7004600,59524900,44875100,7328600,496204000,40234400,66929500,33078500
2023-01-25,5896800,84800300,50872000,6854000,449537000,66526600,94261600,42330000
2023-01-26,7302800,72287400,51596300,7196400,489535000,33454500,68523600,30114000
2023-01-27,5676800,68346200,56441900,7254600,542142000,26498900,87775600,33879800
2023-01-30,6255300,74202000,49405800,8050000,488611000,25867400,70691900,27226200
2023-01-31,6200400,86811800,46705100,5484000,498017000,26541100,66527300,29870700
2023-02-01,6141300,101459200,67562200,15518600,660477000,31259900,80450100,35531100
2023-02-02,8269200,101654500,83070600,12985800,564276000,39940400,158154200,69883800
2023-02-03,5671800,94736800,76170800,7489600,429366000,29077300,144374800,65309300
2023-02-06,4097200,60295300,40802300,7811400,452197000,22518000,81945200,31999600
2023-02-07,9226000,90990700,67584000,10309200,664150000,50841400,119501300,49010200
2023-02-08,7624400,76227500,56720900,7844600,559651000,54686000,75878300,94743500
2023-02-09,4960300,78694900,49137800,8767200,523876000,42375100,64622500,119455000
2023-02-10,5318400,70769700,50050100,7529800,550737000,25818500,52740100,54980700
2023-02-13,5560900,64913500,39636700,4030400,474919000,44630900,52841500,50076100
2023-02-14,7484800,88389300,64079100,9482000,675474000,37047900,56202900,54726100
2023-02-15,4329900,61555700,43100600,7118800,420575000,28922400,47957600,50169000
2023-02-16,5942500,76431500,59498600,5418000,412026000,29603600,56339200,42462600
2023-02-17,6398400,89257800,58230700,7574800,465888000,30000100,60029400,34284100
2023-02-21,5260300,82655900,46526700,7695800,410015000,28397400,56580400,33629300
2023-02-22,5840100,83742300,51389200,6987600,513184000,22491100,59534100,30884000
2023-02-23,8637100,96242400,69294400,11714200,1117995000,29219100,48467000,41206400
2023-02-24,7659200,108194400,74332000,6208200,589716000,24990900,57053800,36585100
2023-02-27,6748800,80444700,48995000,5852000,452994000,21190000,47470300,27502300
2023-02-28,7468000,96438600,48243100,4770600,455963000,22491000,43959300,30142000
2023-03-01,5119800,99706800,58287000,4725800,460026000,27565300,52299500,31111200
2023-03-02,5293600,85127800,53565900,6528800,389415000,24808200,55509400,32204400
2023-03-03,5498500,90120000,60511500,5385200,412393000,30760100,55759600,35160100
2023-03-06,7424800,72795900,56736300,6485400,437429000,24109800,52112400,32639300
2023-03-07,5382400,108310600,65955800,6616600,515154000,21473200,49100700,27835500
2023-03-08,5159200,74746600,50876300,8112800,513573000,17340200,44899100,34103300
2023-03-09,10572300,111945300,71456700,8223000,501257000,26653400,56218700,28813500
2023-03-10,16029300,189253000,98593600,13168200,474866000,28333900,69827500,35941000
2023-03-13,10299800,157790000,97123600,9831400,421890000,33339700,72397100,37335600
2023-03-14,8732200,149752400,73602500,11314600,474910000,33620300,60912700,36050200
2023-03-15,11463000,172996900,83631500,12602200,524486000,46028000,70731800,50622100
2023-03-16,10148100,143254200,98198100,14744600,583253000,54768800,84446900,65492000
2023-03-17,13065800,140553400,89923700,9868600,848547000,69527400,87300200,61028500
2023-03-20,9177300,93055800,56359500,6521400,432747000,43466600,62388900,32960400
2023-03-21,6683700,91524200,49757000,11118200,547408000,34558700,58597300,42110300
2023-03-22,7233700,111746600,75791900,8938000,797295000,34873300,57475400,43427400
2023-03-23,10747100,119351300,74576000,10951000,564889000,36610900,57559300,40797800
2023-03-24,5852100,107682400,57195200,11042800,454920000,28172000,56095400,30393300
2023-03-27,8170100,74010400,50287400,7025600,361026000,26840200,46721300,31120900
2023-03-28,6378900,62871700,48585900,7771400,356104000,21878600,38720100,32057900
2023-03-29,5233600,77497900,53274300,9979200,393694000,25087000,49783300,28779600
2023-03-30,5640700,69840000,58354800,7807000,364516000,25053400,53633400,33086200
2023-03-31,10476300,112062600,62138100,7281600,433933000,32766000,56750300,36863400
2023-04-03,8410900,67391100,47126800,8036000,398716000,24883300,41135700,25035400
2023-04-04,6651500,66601500,45875400,8057400,368592000,25824300,48662500,24420100
2023-04-05,7478800,65200200,62795700,10065600,515015000,22064800,45175400,28290500
2023-04-06,9146200,63743300,46916500,7448000,397654000,29770300,43808000,48711500
2023-04-10,8681500,63681000,45134700,5991200,395279000,23103000,37261200,27067400
2023-04-11,8196000,59297900,40113600,6288600,314378000,27276600,60417800,26311800
2023-04-12,8040300,86420400,62813300,7749000,446259000,27403400,56735000,24370300
2023-04-13,6240200,85814800,54613800,5760400,353615000,24222700,67925100,24843600
2023-04-14,6485100,78161500,56278300,4901000,395660000,20987900,51450500,26578000
2023-04-17,4772400,66436400,43007000,5297000,321471000,23836200,39919500,37571200
2023-04-18,7219400,63560000,46746900,5703600,604812000,20161800,39790500,26596400
2023-04-19,4766200,55227300,38960100,5013000,358660000,17150300,58398900,20905700
2023-04-20,5815500,75840400,62462100,5879800,427713000,23244400,57696900,27820800
2023-04-21,7335800,73457400,59002300,5202200,345103000,21676400,86774200,25800100
2023-04-24,4901700,64332100,44043100,4489000,339282000,26611000,69575600,23542800
2023-04-25,5768800,97766700,57121600,10464600,378527000,45772200,65026800,46664100
2023-04-26,6395500,80447000,55400500,7695400,406337000,64599200,73803800,53347600
2023-04-27,5615700,92968400,65430400,6814200,377161000,46462600,149961200,50089200
2023-04-28,8498500,89433100,59712600,7553000,292216000,36469600,130715900,36139800
2023-05-01,5459800,62122300,41013400,5202000,570329000,21294100,74728100,26681700
2023-05-02,5995100,103998500,56519400,6717600,402730000,26404400,73469400,30997200
2023-05-03,6744800,91531800,59882100,8223000,383387000,22360800,65051900,21795400
2023-05-04,5038200,94901900,50224500,5889200,321850000,22519900,45345500,23419500
2023-05-05,8068600,87891800,51806100,5553000,361494000,28197100,56951700,26639300
2023-05-08,5314800,50046800,36465800,3918900,344979000,21318600,49430900,26511400
2023-05-09,6333500,49220100,31768800,4951700,314869000,21340800,44089400,36360100
2023-05-10,5935300,96142900,60446600,5474900,369350000,30078000,78627600,63153400
2023-05-11,5144500,70157100,44278500,5339500,322149000,31680200,74924800,78900000
2023-05-12,4994700,70481500,48432800,3364900,274222000,19774700,49852700,41102300
2023-05-15,4443700,54289400,33375600,6192800,293926000,16336500,53011100,36266800
2023-05-16,6896500,57705500,40019200,5126300,449405000,26730300,71472900,45035600
2023-05-17,9436000,87287000,47486100,6322800,432535000,24315000,65655200,33323600
2023-05-18,10005700,97177200,64213500,9632600,748725000,27276000,73174100,35234200
2023-05-19,8560300,103793300,61554900,5313000,473908000,27546700,55056300,41353400
2023-05-22,5890500,60745400,43015900,4235100,372000000,24115700,70741100,35253000
2023-05-23,10047300,86383500,48216700,4853800,356253000,30797200,67576300,34046300
2023-05-24,6815900,89213700,62891200,7897100,721419000,23384900,63487900,34182600
2023-05-25,16729600,90961600,66862800,16072900,1543911000,43301700,66496700,42317000
2023-05-26,13994100,93830000,63007000,12978800,714397000,36630600,96779900,35635900
2023-05-30,10296700,72216000,72652200,13295400,923401000,29503100,64314800,35076700
2023-05-31,13713500,110811800,65105400,10728700,1002580000,45950600,72800800,37325800
2023-06-01,7835900,88865000,50488600,7272700,635873000,26773900,54375100,30772700
2023-06-02,8652400,91426200,53372100,6765000,482731000,25873800,61264400,26980100
2023-06-05,7442000,65460200,47266200,6727700,396094000,21307100,47950100,32305500
2023-06-06,7023000,64022200,41390400,5815100,388729000,20396200,45695200,26638300
2023-06-07,9842500,85373300,69225900,8687500,511998000,40717100,95663300,52539000
2023-06-08,9526700,61952800,47153900,5376800,417772000,23277700,62159300,29389200
2023-06-09,12597100,85742800,53196900,5955300,427717000,22529000,51396000,23778300
2023-06-12,39081500,76104300,44606500,7632900,388701000,24260300,51338000,28306400
2023-06-13,39190900,95899700,57097800,8274600,613208000,22951300,50564800,22278300
2023-06-14,26264200,100612100,69525600,7123400,740465000,26003800,52422500,30592300
2023-06-15,27476700,110303100,71138800,7588000,568622000,38899100,60458500,35246300
2023-06-16,19514700,114165800,80932000,6583200,655709000,46552000,84247100,45535600
2023-06-20,16273000,76160400,49204700,4597100,451153000,26375400,56930100,26097500
2023-06-21,17583000,76982300,53378300,5911700,551603000,25117800,52137700,30306300
2023-06-22,12203400,70637200,47603000,5958400,417737000,23556800,90354600,26952200
2023-06-23,19734300,92074500,48922900,5963500,358140000,23146900,71927800,34913600
2023-06-26,8987000,72823600,52685500,7403900,594322000,21520600,59989300,33969900
2023-06-27,6970400,72813700,49428100,6459400,462175000,24354100,46801000,39535900
2023-06-28,9240500,75636000,46498000,6800200,582639000,20259500,52149500,27091400
2023-06-29,9234300,67882300,46151000,4225900,380514000,16997000,40761000,24090900
2023-06-30,13703100,104964000,58712500,5309200,501148000,26832800,54350700,29532200
2023-07-03,4284700,32793400,19432900,2826900,198209000,12508700,28264800,14467900
2023-07-05,8466500,58418400,34460900,5187200,323618000,18172400,35895400,27584800
2023-07-06,7982800,80658300,49374700,4775600,303582000,28161200,40639900,24745200
2023-07-07,7001600,86134200,47133700,4351900,355881000,21214800,41992300,21709500
2023-07-10,6931000,62443500,48498800,6415500,353908000,32791400,61889300,35315200
2023-07-11,6117100,64463800,38214100,5146400,298244000,26698200,49951500,23078800
2023-07-12,11011600,91924500,61975400,6484100,481277000,29995300,54022800,30404400
2023-07-13,9359600,72425200,46960000,6395900,478204000,20567200,61170900,44297900
2023-07-14,7723800,69815800,55148500,7565600,772075000,28352700,54487100,33283100
2023-07-17,6735900,52680200,40868900,7314600,510488000,20363900,48450200,25716200
2023-07-18,8903600,80668200,55262000,6272000,569164000,64738600,54882900,26193600
2023-07-19,7609000,65891700,54093000,9333700,427502000,39732900,54531000,37224000
2023-07-20,12913000,70591600,71941700,14823200,537865000,33778400,59820600,37906800
2023-07-21,9159600,71275600,60499600,8246300,963769000,69405400,133307300,72937900
2023-07-24,6200400,54023400,40380100,4362500,382516000,26678100,45591100,29686100
2023-07-25,6266300,55191200,38894400,5773700,348081000,41637700,39236700,52509600
2023-07-26,8160000,71052900,47075700,6110000,364237000,58383700,53910100,61682100
2023-07-27,7843000,92194400,63940200,10244000,455976000,39635300,52610700,44952100
2023-07-28,6910400,80011800,56902900,7319800,331194000,28484900,46317400,36591200
2023-07-31,6703100,62040400,44019900,3934100,251055000,25446000,41901500,28055500
2023-08-01,5246000,55291500,41060600,4595600,237858000,18311900,42098500,23166800
2023-08-02,6387800,93933400,72687100,10033900,530142000,27761300,51027600,26273300
2023-08-03,5193800,64276100,47666400,6691700,324176000,18253700,88585200,20089500
2023-08-04,5579300,100128900,61702800,6804200,362666000,23741500,153128500,26147200
2023-08-07,7347000,58357500,37230400,5701400,322154000,17741500,71213100,22746300
2023-08-08,4694800,71361300,44726500,8446500,353843000,22327600,51710500,23535200
2023-08-09,6542400,78789600,51150900,8827100,586449000,22373300,50017300,24912900
2023-08-10,6004100,93005500,72035300,8639300,492705000,20113700,58928400,20857800
2023-08-11,5288900,68690900,48707200,11182300,533085000,24355500,42905800,19591100
2023-08-14,6494200,47867400,42130800,8154200,690286000,18836100,47148700,24695600
2023-08-15,10412200,75707500,45539900,7596400,676512000,16966300,42781500,19770700
2023-08-16,5722000,80107200,53190500,7232100,527451000,20698900,41675900,25216100
2023-08-17,6183900,95711300,62604300,7397200,452395000,21257200,48354100,33446300
2023-08-18,9412800,98852000,61191400,8817900,583768000,24755000,48497700,30504800
2023-08-21,5811200,68719000,50696500,8109200,692573000,24040000,41442500,25248700
2023-08-22,4960300,64994200,44530200,10827900,755293000,16084600,32905400,22054900
2023-08-23,16517300,68441000,51770600,8347700,779046000,21166400,42801000,27819700
2023-08-24,11995900,88517300,66842500,13494400,1156044000,23281400,43646300,28500700
2023-08-25,8758100,102325100,69960500,11769100,925341000,21684100,44147500,26762900
2023-08-28,4514800,61595400,40910000,6822700,685192000,14808500,34108400,20543300
2023-08-29,11920500,83081900,58492400,8770000,701397000,19284600,38646100,43075600
2023-08-30,5601800,69053900,41731500,6526100,735206000,15222100,36137000,28315800
2023-08-31,9109800,66084600,35730700,5965400,528570000,26411000,58781300,30053800
2023-09-01,6189900,58944100,39801200,4495500,463830000,14942000,40991500,21543700
2023-09-05,11089600,55166200,32344200,5472700,382653000,18553900,40636700,19403100
2023-09-06,8728500,70758500,42998700,6104000,468670000,17535800,41785500,18684500
2023-09-07,11864400,70355400,52060700,7813300,433330000,18381000,48498900,18844300
2023-09-08,10595500,61659700,35800100,5305200,473069000,19530100,38348200,23558300
2023-09-11,22155600,60180100,39936600,5824100,473966000,16583300,56764500,20763400
2023-09-12,68605700,67565400,41391000,6174900,349256000,17565500,42668500,18405500
2023-09-13,27171000,60199300,46300700,6192000,398355000,16544400,60465200,20749500
2023-09-14,19849700,83430800,48039400,6951400,370097000,20267000,64033600,24751000
2023-09-15,23215000,111848900,69811200,10179600,506831000,37679800,102909300,38919600
2023-09-18,11744100,55752200,36903500,6786000,500271000,16834200,42823500,21861300
2023-09-19,9536100,66514600,37621700,5573600,373064000,16505900,61482500,20353700
2023-09-20,8777100,82562600,45514200,6977500,367108000,21436500,46263700,29927500
2023-09-21,12645800,104095800,69734800,9905100,450736000,35560400,70343300,31503900
2023-09-22,11150000,100829700,51589700,7331900,479236000,21447900,59904300,26397300
2023-09-25,8410000,70874500,39168000,7861300,419091000,17836000,46017800,20094600
2023-09-26,13209000,96168400,53657700,6702100,402282000,26297600,73048200,25718700
2023-09-27,8916400,104705800,56066000,8814500,444935000,19410100,66553400,22746500
2023-09-28,7373600,92258300,56453300,10791700,424663000,19683600,54555000,22513100
2023-09-29,7299100,115111300,64829600,7985100,397830000,24147300,62411700,30859800
2023-10-02,5963500,83798600,51625100,8600200,433298000,20570000,48029700,22288000
2023-10-03,8783300,103760600,60478500,9456600,470850000,21033500,51565000,22989400
2023-10-04,8842700,87453000,54786700,11083000,361821000,20720100,44203900,26752300
2023-10-05,7651500,70142700,45897400,6093900,393483000,16965600,39660600,19832600
2023-10-06,8247000,113273300,75049100,9946000,434436000,25673600,46836700,27597600
2023-10-09,6012400,80374400,45304800,6840500,409675000,19891200,38773700,19278100
2023-10-10,6910400,78607300,46968800,6790600,368582000,20557100,42178600,27786600
2023-10-11,5641700,62451700,38215100,8921700,378137000,20063200,40741800,25884300
2023-10-12,6598500,81154200,49587900,8554900,481325000,19313100,55528600,24765500
2023-10-13,5879400,95143100,52469900,9133900,474115000,21072400,45786600,23420500
2023-10-16,5488000,75433200,44201100,9461800,375099000,22158000,42832900,28501900
2023-10-17,5261800,75324700,50999100,12857900,812333000,18338500,49344600,23515800
2023-10-18,5123900,93559800,54280500,12530900,627294000,23153600,42699500,23375000
2023-10-19,7989200,121323000,72274200,15718200,501233000,25052100,60961400,26066000
2023-10-20,21831400,123919900,72559700,8128800,477266000,25027700,56406400,26335700
2023-10-23,10722600,92035100,60665200,9910500,478530000,24374700,48260000,26317900
2023-10-24,6174000,78564200,47082100,7822700,401463000,31153600,46477400,44814300
2023-10-25,7081700,94223200,71190500,12447800,398379000,55053800,74577500,84366200
2023-10-26,7565600,115156800,78621400,15094800,541001000,37828500,100419500,57061100
2023-10-27,5207900,107367700,63476700,11346300,416784000,29856500,125309300,44566500
2023-10-30,5433700,86562700,55298500,8836000,388028000,22828100,72485500,28940100
2023-10-31,6258400,79665200,47671900,7900300,517969000,20265300,51589400,26292300
2023-11-01,8602400,98068100,58992700,11750500,437593000,28158800,61529400,30082400
2023-11-02,5918300,94938900,58162400,11736200,409172000,24348100,52236700,27124600
2023-11-03,7280000,100167800,53280500,8177200,424610000,23637700,44059800,26393100
2023-11-06,6062800,67831700,38848700,5423600,400733000,23828300,44970400,19052700
2023-11-07,7412600,64256100,50777400,4600400,343165000,25833900,53553500,29757300
2023-11-08,10994900,61746000,35663400,6165000,346719000,26767800,44521700,26425800
2023-11-09,6853900,83174400,53859400,10529700,540496000,24847300,36235400,23747800
2023-11-10,5233900,89462200,58309800,11426800,421245000,28042100,49287800,26913300
2023-11-13,5740500,52236100,40733500,7058900,384136000,19986500,35680600,18324800
2023-11-14,6733700,97176900,67792600,9744900,416954000,27683900,56674600,32395200
2023-11-15,7386200,77327600,54141400,9002900,475497000,26860100,63875700,23861500
2023-11-16,7476100,66665800,45343500,7281100,339756000,27182300,49653500,28013200
2023-11-17,4791300,83133200,46571900,5167100,325205000,40157000,49636700,37240600
2023-11-20,5728300,69936200,44429600,7132700,414120000,52465100,41951200,27815500
2023-11-21,5995300,49244600,43337000,9001100,565747000,28423100,71226000,22635300
2023-11-22,4343700,59394900,44121000,9139600,899420000,23345300,45669100,17813900
2023-11-24,2168200,29737400,15718800,2943500,294645000,10176600,22378400,12514300
2023-11-27,5165300,50506000,34139700,6034500,395662000,22179200,53762400,23436500
2023-11-28,4892600,62115000,35491100,6165200,401491000,20453100,42711700,18730000
2023-11-29,6127200,63146000,38811700,7642800,382005000,28963400,40610900,23967200
2023-11-30,11075600,79752700,52834400,9300900,526247000,30554400,65814000,38988300
2023-12-01,5739800,89183400,40490100,6115400,369317000,33040500,39951800,31442300
2023-12-04,5587500,72430900,51186900,8137000,437543000,32063300,48294200,36669900
2023-12-05,5913600,69793500,42933000,4845900,371718000,23065000,46822400,27384800
2023-12-06,7815700,69124700,41994100,6457400,380590000,21182100,39679000,23576200
2023-12-07,6772800,66995400,49593500,8790700,350823000,23118900,52352800,56767100
2023-12-08,7766000,83194400,46687500,5683500,359224000,20154400,41906000,32260100
2023-12-11,19544200,65002200,41198000,9671600,509728000,27708800,50907300,31138000
2023-12-12,57666500,68327600,39221200,6985400,372387000,24838300,44944300,29032800
2023-12-13,29392200,93278000,55408100,8037600,447792000,30955500,52766200,30104800
2023-12-14,22865200,119026000,55447800,9446800,391232000,43277500,58400800,38722400
2023-12-15,30212300,141553700,62896600,6902000,479948000,78502300,110089300,50847100
2023-12-18,13473100,70375300,46610000,5157100,412587000,21802900,62512800,32258000
2023-12-19,10108500,55761800,35711900,5031000,464444000,20603700,43171300,25476800
2023-12-20,9242000,102921000,54042400,8557400,397894000,26316700,50322100,49107200
2023-12-21,8168000,86667500,45568900,8184500,300425000,17708000,36305700,27488300
2023-12-22,5680000,67160400,34314000,4089200,252507000,17107500,29514100,26532200
2023-12-26,5767400,55387000,22722500,4829200,244200000,12673100,25067200,16780300
2023-12-27,5627400,68000300,31980500,5113400,233648000,14905400,31434700,19628600
2023-12-28,5689100,77158100,27029200,4033500,246587000,14327000,27057000,16045700
2023-12-29,6899700,122283100,42662100,5391600,389293000,18730800,39823200,18733000
2024-01-02,9597500,123623700,58026900,8989000,411254000,25258600,47339400,23711200
2024-01-03,9455600,103585900,47002800,9303600,320896000,23083500,49425500,24212100
2024-01-04,6822300,84232200,39432800,7095800,306535000,20901500,56039800,27137700
2024-01-05,6133800,86118900,44922800,6869600,415039000,21004600,45153100,22513900
2024-01-08,7038700,74879100,42473800,10514800,642510000,23134000,46757100,21404000
2024-01-09,6725200,65931400,39132900,6974300,773100000,20830000,43812600,24759600
2024-01-10,7270500,67310600,33962800,6330000,533796000,25514200,44421800,21320200
2024-01-11,6119000,77940700,54536200,7993700,596759000,27850800,49072700,24008700
2024-01-12,9703800,58026400,39595000,4561000,352994000,21661200,40484200,18785500
2024-01-16,7547200,85014900,43903000,7678000,449580000,27202300,41384600,22670500
2024-01-17,7771500,68843900,54386000,6751200,474394000,22234100,34953400,20968600
2024-01-18,10362300,91856200,59562500,11983800,491650000,23392100,37850200,25746400
2024-01-19,11163800,110834500,70325100,12742400,543501000,29331100,51651600,34271900
2024-01-22,7485300,75844900,44880600,8308900,452955000,27016900,43687500,32200400
2024-01-23,9185900,49945300,33003800,6031200,294654000,20525900,37986000,21636100
2024-01-24,11702700,81765000,46948000,14706600,560271000,24867000,48547300,25233500
2024-01-25,8877200,72525000,44367200,11109400,482777000,21021200,43638600,29149100
2024-01-26,5541800,76641600,37137000,9921900,390309000,17803300,51047400,26115500
2024-01-29,7014400,61322800,38694700,8035500,348733000,24510200,45270400,27784300
2024-01-30,8231900,58618400,36739000,6340100,410735000,33477600,45207400,36331800
2024-01-31,7386700,126011100,64010600,10827100,453795000,47871100,50284400,71910000
2024-02-01,7882200,91891600,51008600,6322500,369146000,30657700,76542400,40466500
2024-02-02,6499400,99228200,59602400,7865400,476578000,28256700,117218300,62499600
2024-02-05,8084500,75757100,39889200,8600500,680078000,25352300,55081300,38505400
2024-02-06,4637500,55918600,35846100,8505100,683111000,18382600,42505500,29128200
2024-02-07,7672900,70556500,37712700,7138800,495575000,22340500,47174100,25208900
2024-02-08,4472800,52343600,29889900,8963800,414422000,21225300,42316500,22563800
2024-02-09,5787100,63979400,36943900,7642200,436637000,22032800,56986000,26829500
2024-02-12,5439600,56502300,33203300,9718900,613710000,21202900,51050400,21564100
2024-02-13,8171700,113099200,64491700,11269600,602580000,27824900,56345100,27837700
2024-02-14,5946100,68387800,45092700,7932500,504917000,20401200,42815500,22704200
2024-02-15,8455600,61683000,38796100,7103400,420122000,21825500,49855200,37590700
2024-02-16,8936000,75532900,53716500,6273100,495327000,22296500,48107700,31468900
2024-02-20,10975600,71736700,53999500,11318400,704833000,24307900,41980300,25144700
2024-02-21,7865300,59293400,49779000,8624800,673755000,18518900,44420100,23223300
2024-02-22,8957800,76402500,53887800,12445700,865100000,27009900,55392400,27191900
2024-02-23,7504500,61321800,39853900,8526200,829388000,16295900,59715200,19493800
2024-02-26,6342900,50386700,33043200,7552200,503973000,16193500,44368600,53641800
2024-02-27,6593100,48854500,33713200,4969700,391705000,14835800,31141700,33099200
2024-02-28,5278300,56506600,32938800,4505800,393110000,13183100,28180500,37328600
2024-02-29,12193900,83924800,42495200,6450600,507289000,31947300,53805400,42133000
2024-03-01,7605100,76844800,43853000,10273300,479135000,17823400,31981200,31151100
2024-03-04,6588100,49799300,34325700,10905100,615616000,17596000,37381500,55999400
2024-03-05,8242000,72855600,57917100,10421000,520639000,26919200,37228300,40194800
2024-03-06,6706400,68382400,46234500,11245400,582520000,22344100,32090900,35318600
2024-03-07,7670100,58652100,44526700,13524400,608119000,18718500,34063300,37738200
2024-03-08,8312900,86532500,72096000,22519200,1142269000,18002200,37893200,39370400
2024-03-11,20438300,62557200,45860000,12843800,678364000,16120800,28484800,32437800
2024-03-12,48536100,73114400,55300900,10410300,668075000,22457000,36610600,27563400
2024-03-13,15870300,55104100,37928700,9835800,635713000,17115900,30772600,23347200
2024-03-14,10965900,110171800,52195200,11440100,602318000,34157300,43705800,42753400
2024-03-15,17844900,107646300,73069800,11402000,642086000,45079900,72147400,49475400
2024-03-18,12231400,88893300,47323800,8671700,668976000,20106000,31250700,69273700
2024-03-19,10221000,60755300,43004100,10606900,672171000,19837900,26880900,24070400
2024-03-20,8373300,69594600,43653500,9158100,479063000,17860100,29947200,21311500
2024-03-21,17842400,60256100,39345700,11728000,480372000,21296200,32824300,24755600
2024-03-22,6660000,79070800,28253900,5350200,586719000,17648500,27995400,29211800
2024-03-25,7446100,48512100,27789200,4938900,552136000,18060500,29815500,19229300
2024-03-26,7063900,65463700,34142000,6402500,513648000,16725600,29659000,22149100
2024-03-27,8115900,82999800,41359200,7614700,586067000,16705000,33272600,22879200
2024-03-28,6587400,96294900,36839600,3763300,435212000,21871200,38051600,24485400
2024-04-01,4133600,62477500,38729000,7896800,452441000,16316000,29174500,31730800
2024-04-02,4862400,74230300,44259700,5995000,433064000,17912000,32611500,24586000
2024-04-03,7430000,59155800,39949800,5914900,370067000,16502300,31046600,24705000
2024-04-04,7588300,96858100,57267700,9294000,434965000,19370900,41624300,34724700
2024-04-05,4899500,74546500,54744600,8104000,399678000,16554800,42374000,23459200
2024-04-08,6119200,48401800,28144900,4215300,283220000,14272400,39221300,20702000
2024-04-09,5564100,68049200,39443600,5372300,501700000,12496900,36520100,31079500
2024-04-10,4509900,82652800,61502200,8164900,431929000,16216600,35879200,22838600
2024-04-11,7315200,70099000,45474600,7200600,431637000,17966400,40020700,27166400
2024-04-12,6196900,92561100,53665000,8741500,426805000,19253800,38608800,25353700
2024-04-15,5101500,92101400,63453600,6750400,443077000,20273500,48052400,27136500
2024-04-16,7000000,73484000,47619000,6754900,370453000,16765600,32891300,20779500
2024-04-17,5366600,75910300,56880500,11726400,495400000,15855500,31359700,21763100
2024-04-18,6662400,74548100,46549400,10350600,447260000,21029900,30723800,19883000
2024-04-19,8251500,102212600,75231000,13584600,875198000,30565800,56000700,32615600
2024-04-22,7125500,67961000,47807700,9801700,596341000,20286900,37924900,26446200
2024-04-23,5494800,64633600,44384700,7300600,438559000,15734500,37046500,21151600
2024-04-24,5791800,55928100,48440300,6564900,512208000,15065300,34185100,22779100
2024-04-25,6796600,69122400,57392200,8682200,424641000,40586500,49249400,57109700
2024-04-26,8355100,64306100,41874900,6365400,551011000,29694700,43919800,64665300
2024-04-29,4994100,46415400,30022200,4818000,388971000,19582100,54063900,45610000
2024-04-30,6234700,77483600,43665900,4944800,363709000,28781400,94639800,33562900
2024-05-01,5583600,80242800,52251700,12945800,559863000,23562500,94645100,33493200
2024-05-02,5001000,62550200,36559000,6382500,377898000,17709400,54303500,24294500
2024-05-03,4485000,72756700,48515300,6379100,398341000,17446700,39172000,34662400
2024-05-06,6052400,47264700,30227200,5343100,376203000,16996600,34725300,21871300
2024-05-07,6437700,52561300,30996100,5067000,437342000,20018200,34048900,28039700
2024-05-08,4636000,42047200,24896700,5404300,325721000,11792300,26136400,19569100
2024-05-09,3236200,43643700,24580100,4023300,378013000,14689700,43368400,15346700
2024-05-10,4122500,52233200,27116600,6126600,335325000,13402300,34141800,29799900
2024-05-13,4140000,36716400,22994200,3972400,289680000,15440200,24898600,31327600
2024-05-14,17811200,57535900,34478300,5050500,296507000,15109300,38698200,25127100
2024-05-15,6604600,59504900,41464700,8212800,417735000,22239500,75459900,26948400
2024-05-16,5159300,50244800,34780400,6209600,323952000,17530100,38834500,27867900
2024-05-17,6179400,59187600,35803700,5241300,359691000,15352200,33175700,24479300
2024-05-20,5989000,37764200,24474200,4986400,318764000,16272100,30511800,22554400
2024-05-21,5549500,33437000,23167700,4396200,328946000,21453300,50839100,16989400
2024-05-22,5705000,48390000,25120000,8112700,548648000,18073700,28148800,17880000
2024-05-23,6108600,57211200,40899200,12401000,835065000,17211700,33670200,21024900
2024-05-24,7173400,41291100,29669500,4644700,429494000,11855300,27471600,16579400
2024-05-28,6911400,36269600,26216800,7703000,652728000,15718000,29927000,20572200
2024-05-29,4735100,45190300,29739200,7581300,557442000,15517100,32009300,23388700
2024-05-30,10839600,46377600,30536800,7087000,484553000,28394500,29184700,22931500
2024-05-31,12755600,90785800,55941300,12722800,613263000,47995300,58903900,37638900
2024-06-03,7256300,46835700,32997500,6312800,438392000,17484700,30786600,27459100
2024-06-04,7368000,34632700,23767400,5797000,403324000,14348900,27198400,26879600
2024-06-05,5973700,47610400,33817400,10950400,528402000,16988000,32116400,22068500
2024-06-06,7347200,30808500,21966800,9828200,664696000,14861300,31371200,23251000
2024-06-07,11545000,43224500,25829700,5470300,412386000,13621700,28021500,19661400
2024-06-10,10164700,35686100,20660800,6418000,313434100,13982900,34445600,23726700
2024-06-11,18373900,36383400,22053300,6117800,222551200,14551100,27265100,21540600
2024-06-12,40871300,63251300,34532600,8051500,299595000,22366200,33984200,27864700
2024-06-13,13733200,44760900,25859000,7647200,260704500,15960600,39721500,20913300
2024-06-14,11330800,40089900,23372600,6257000,309320400,13582000,25456400,18063600
2024-06-17,11232800,55839500,37054500,7502000,288504400,20790000,35601900,19618500
2024-06-18,11629400,41376400,24438600,8241600,294335100,17112500,36659200,21869900
2024-06-20,8940000,70328200,33918700,14053800,517768400,19877400,44726800,20160100
2024-06-21,14844100,64338600,37456800,11653900,649445800,34187100,70792500,57759000
2024-06-24,7793300,45528700,37751000,10154100,476060900,15913700,50610400,18298000
2024-06-25,8205500,37936200,29014700,6592200,414192600,16413400,45366400,23130200
2024-06-26,8036300,38550600,22737100,5950300,362975900,16507000,65103900,19839000
2024-06-27,7518200,35041500,26222100,5738700,252571700,14806300,74397500,18848900
2024-06-28,25814800,76144500,34881600,7743300,315516700,28362300,76930200,29156600
2024-07-01,6552400,40297800,24898300,6186000,284885500,17662800,41192000,16006100
2024-07-02,5920500,40434800,26723600,4117100,218374000,13979800,45600000,17372500
2024-07-03,3560800,32789900,18064900,4633000,215749000,9932800,31597900,10242100
2024-07-05,5365500,41488400,28495900,6415200,214176700,16000300,39858900,20967500
2024-07-08,8622600,36110500,22109400,5832700,237677300,12962300,34767300,21035900
2024-07-09,14334200,27289700,25614500,5912800,285366600,17207200,32700100,15121400
2024-07-10,6350300,38701200,28046900,6181000,248978600,18196100,32883800,15952500
2024-07-11,5245100,53054200,49966600,12282300,374782700,23111200,44565000,25625800
2024-07-12,7361800,53084400,37109400,8392800,252680500,16324300,30598500,22898400
2024-07-15,8687800,40584300,31151400,7814800,208326200,14429400,40683200,16474000
2024-07-16,7181500,36475300,25950600,5638600,214769500,17175700,33994700,18290700
2024-07-17,9157000,57119000,56268800,15181900,390086200,21778000,48076100,20734100
2024-07-18,5998700,56270400,49347400,12807600,320979500,20794800,51043600,25315700
2024-07-19,6111900,65509100,42042900,8589500,217223800,20940400,43081800,18881900
2024-07-22,5387200,43346700,40300000,10757900,258068900,15808800,39931900,24100300
2024-07-23,6697400,34439600,23282500,5869900,173911000,13107100,47537700,36352700
2024-07-24,8018800,74515300,58818600,11295000,327776900,26805800,41532400,49585200
2024-07-25,7654600,61158300,59256800,18765100,460067000,29943800,44464200,44852000
2024-07-26,5139400,53763800,39992100,7325600,293399100,23583800,29506000,41336900
2024-07-29,4054600,39515800,28218500,6745300,248152100,15125800,33270100,20293800
2024-07-30,6505700,46853600,41317200,12932100,486833300,32687600,39508600,18959700
2024-07-31,7188000,65663400,44552100,18412100,473174200,42891400,41667300,25729100
2024-08-01,5906800,76428700,56653900,17111600,523462300,30296400,70435600,24531400
2024-08-02,8251600,82789100,66323200,20261300,482027500,29437900,141448400,29130100
2024-08-05,10355000,146267400,87483500,18420800,552842400,40709200,83149400,53630700
2024-08-06,8373900,84826300,63164400,15388800,409012100,24946500,59950800,49004600
2024-08-07,8617700,70698300,54929200,13066500,411440400,20650900,48408200,25138600
2024-08-08,6243200,63276600,47890100,11407900,391910000,20203000,44616200,25578800
2024-08-09,5597300,45619600,33574000,7241700,290844200,19276700,36401000,28602300
2024-08-12,5600800,42542100,27795000,6751200,325559900,16762900,30072800,15895300
2024-08-13,4324000,52333100,40084500,7647400,312646700,19414300,39237900,18551700
2024-08-14,4044600,42446900,34733700,7187100,339246400,18267000,28843800,40591100
2024-08-15,4698100,60846800,38280600,8376800,318086700,20752100,51698500,31524300
2024-08-16,4893800,44430700,38383600,5194600,302589900,22775600,31489200,24208600
2024-08-19,3641600,39121800,23737700,5564300,318333600,15234000,31129800,22416200
2024-08-20,3738300,33732300,29209300,6578600,300087400,16387600,26255200,18341500
2024-08-21,3776800,41514600,25658800,4813700,257883600,16067300,35599100,22902000
2024-08-22,5162200,56121500,37739600,8007400,376189100,19361900,32047500,22493300
2024-08-23,4544600,50639400,36061500,6933400,323230300,18493800,29150100,13955700
2024-08-26,2729600,35788600,27452600,6925200,331964700,13152800,22366200,14190400
2024-08-27,3872200,32693900,27510000,5534400,303134600,13492900,29842000,11821900
2024-08-28,3022600,41066000,37372400,8114000,448101100,14882700,29045000,16407400
2024-08-29,4588400,38715200,41081500,9256500,453023300,17045200,26407800,19699800
2024-08-30,7980700,62700100,33466500,8623800,333751600,24308300,43429400,22123800
2024-09-03,6831200,60600100,44985200,14466300,477155100,20313600,37817500,38945300
2024-09-04,6243300,47224900,32505100,8646300,372470300,15135800,30309200,19353800
2024-09-05,8733200,44264300,34452400,6535400,306850700,14195500,40170500,18688700
2024-09-06,11154800,68493800,50624400,12019300,413638100,19609500,41466500,37912100
2024-09-09,20233400,40445800,32981200,7933400,273912000,15295100,29037400,39260500
2024-09-10,37374200,36394600,29680300,7651600,268283700,19594300,36233800,31118800
2024-09-11,12630100,75248600,57843000,11148300,441422400,19266900,42564700,29607700
2024-09-12,16161300,51819600,40067800,8209500,366052700,17395700,33544200,29621500
2024-09-13,25727800,39310500,29111800,6405800,238358300,15874600,26495400,29591200
2024-09-16,27384400,36656100,22585600,5505200,248772300,13834700,26065500,18379800
2024-09-17,12580100,49321000,30084400,4722800,231925900,18874200,26091700,20715600
2024-09-18,12274400,59044900,39909200,7299800,310318900,18898000,34448100,23677300
2024-09-19,10075900,75315500,52782500,11254200,293506400,21706600,39543200,26587700
2024-09-20,12187700,77503100,34577700,8183300,382462400,55167100,100378600,40896400
2024-09-23,7916100,44116900,24843000,3781400,206228500,15128900,36993100,24150900
2024-09-24,6155100,46805700,25952600,5435900,354966800,17015800,43478900,23332100
2024-09-25,7142400,38428600,26549900,4978300,284692900,13396400,26391100,18869200
2024-09-26,7096800,48336000,32020200,10082100,302582900,14492000,36334900,20319300
2024-09-27,8974400,42100900,22851100,7128600,271009200,14896100,36002300,21101300
2024-09-30,10210300,63557400,30281100,6252500,226553700,16807300,41583900,20413900
2024-10-01,7595100,72668800,42735400,7751800,302094500,19092900,36044900,28338100
2024-10-02,7073000,38097800,23744000,5842600,221845900,16582300,23704100,17760200
2024-10-03,4735700,40846500,25337200,5926900,277118000,13686400,30204300,15073100
2024-10-04,6386900,42939100,30686600,5771300,243678100,19169700,40890300,19047400
2024-10-07,6791000,49964700,24975100,4958800,346250200,20919800,42364200,22463100
2024-10-08,7845400,37398700,28272000,4435300,285722500,19229300,26372100,23072700
2024-10-09,8120900,37912200,24995000,4063400,246191600,14974300,26343100,31181800
2024-10-10,7115900,44138100,25750400,4044600,242311300,13848400,27785000,14144100
2024-10-11,5869400,42268000,20644500,4202900,170209500,14144900,25751600,15344300
2024-10-14,4688700,36217200,26060100,4608600,232347700,16653100,22614400,19016100
2024-10-15,5848600,54203600,34784500,14128900,377831000,18900200,32178900,20247200
2024-10-16,6383000,30725400,22996800,5692300,264879700,15508900,23456800,16406000
2024-10-17,5474000,34393700,27210700,6745000,306435900,14820000,25039400,21453400
2024-10-18,5001300,37416800,25335000,3720700,176090200,17145300,37417700,19757700
2024-10-21,4198400,36439000,30336500,3923400,264554500,14206100,24639400,20946500
2024-10-22,5510100,34183800,26685800,3629100,226311600,25482200,29650600,16568100
2024-10-23,4830400,49314600,39346600,4971600,285930000,19654400,31937100,18280500
2024-10-24,3488000,34979900,22024900,2595500,172354900,13581600,21647400,22412500
2024-10-25,3674700,47268200,38762100,6835900,205122100,16899100,29362100,19828900
2024-10-28,4330000,30174700,20477800,3557300,173586700,14882400,27930800,32138600
2024-10-29,4122900,42899700,28014100,5392800,157593600,17644100,35690200,42169000
2024-10-30,5822500,41435800,29756000,5348400,179418100,29749100,37707600,68890800
2024-10-31,9477500,60182500,41245200,9464700,270039600,53971000,75146800,44769000
2024-11-01,5680600,45667500,33655800,5521000,207127800,24230400,99687800,31796500
2024-11-04,4804400,38217000,23291600,5199200,187528200,19672300,38492100,21492700
2024-11-05,5456800,39478300,24353600,4344200,160537400,17626000,30564800,18242100
2024-11-06,11085000,68182000,43082200,7284400,242043900,26681800,72292200,33695500
2024-11-07,7759400,47233200,32853100,5370200,207323300,19901800,52878400,25352900
2024-11-08,8520400,46444900,22924500,3915600,175665800,16891400,36075800,22006200
2024-11-11,5973600,37586800,24167500,7667300,182325600,24503300,35456000,17450400
2024-11-12,6629900,43006100,25835300,6574000,198634700,19401200,38942900,25134900
2024-11-13,5695400,47388600,24567400,5537900,191903300,21502200,46212900,23184000
2024-11-14,7804300,38904100,28679500,4607600,194463300,30246900,42620300,31007500
2024-11-15,8986300,75988800,51461100,9499700,250132900,28247600,86591100,32504600
2024-11-18,6289400,37001700,27080800,7696500,221205300,24727000,36409900,20135300
2024-11-19,8117000,49412000,24523000,4505200,227834900,18133500,31197900,23434900
2024-11-20,4860200,50032600,29565500,7585600,309871700,19191700,32769000,18997100
2024-11-21,11394300,46750300,34526700,8825400,400946600,20780200,58800000,59734400
2024-11-22,6879400,38226400,23826600,4746300,236406200,24814600,31530800,38604600
2024-11-25,15138500,42441400,26375200,4562700,344941900,27691100,40685700,33135300
2024-11-26,6427200,45621300,26557100,4996500,190287700,23458900,41673700,20486700
2024-11-27,8368800,34000200,24957400,6911600,226370900,18332400,28061600,19266500
2024-11-29,4628000,30177400,15334000,5607400,141863200,16271900,24892400,14257200
2024-12-02,8859700,31746000,25147200,8070300,171682800,20207200,39523200,23789100
2024-12-03,8917100,26906600,18597900,3227300,164414000,18302000,32214800,22248700
2024-12-04,8906300,42787600,26086200,5457400,231224300,26009400,48745700,31615100
2024-12-05,6398100,28762200,18169600,3872100,172621200,21697800,41140200,21356200
2024-12-06,10503400,31241500,23762600,3885300,188505600,18821000,44178100,21462400
2024-12-09,20158000,34742700,20674400,4532600,189308600,19144400,46819400,25389600
2024-12-10,26502000,37234500,24350000,6402400,210020900,18469500,31199900,54813000
2024-12-11,13188700,28677700,32168600,5588400,184905200,19200200,35385800,67894100
2024-12-12,8154200,31543800,23577500,3979300,159211400,20834800,28204100,34817500
2024-12-13,8351100,35904700,28780400,8628300,231514900,20177800,28768100,25143500
2024-12-16,9572000,43695200,31979900,4893000,237951100,23598800,37552100,44934900
2024-12-17,8940200,55773500,28579100,4027800,259410300,22733500,35948100,43504000
2024-12-18,8817900,108248700,54703200,8125800,277444500,24444500,43281400,34166100
2024-12-19,8386400,85919500,46441800,6893100,209719200,22963700,39918700,32265200
2024-12-20,13810500,125716700,60530000,6909300,306528600,64263700,88279200,63462900
2024-12-23,6518200,57635800,29672800,6650100,176053500,19152500,28070000,25675000
2024-12-24,2451500,33160100,17558200,2097400,105157000,7164500,15007500,10403300
2024-12-26,4100100,41219100,19090500,2169300,116205600,8194200,16146700,12046600
2024-12-27,4344300,64969300,33839600,3812300,170582600,18117700,27367100,18891400
2024-12-30,5254800,56578800,34584000,3532100,167734700,13158700,28321200,14264700
2024-12-31,4307500,57052700,29117000,3071800,155659200,13246500,24819700,17466900
2025-01-02,5360800,50204000,36389800,4464000,198247200,16896500,33956600,20370800
2025-01-03,5876000,37888500,29059500,4994400,229322500,16662900,27515600,18596200
2025-01-06,6845400,47679400,36109700,10533200,265377400,20573600,31849800,29563600
2025-01-07,7712200,60393100,36690300,7661100,351782200,18139100,28084200,26487200
2025-01-08,7596200,47304700,30777800,5189500,227349900,15054600,25033300,24864800
2025-01-10,13593900,73105000,40532500,6901500,207602500,20201100,36811500,26665200
2025-01-13,8828500,47910100,31694200,6007500,204808900,17604800,27262700,21823700
2025-01-14,7410200,48420600,33737200,3791500,195590500,16935900,24711700,17174900
2025-01-15,10701200,56900200,34957600,5316800,185217300,19637800,31291300,21776000
2025-01-16,9210600,43319700,28229000,5696100,209235600,15300000,24757300,17815400
2025-01-17,11618300,58070600,51837900,5387300,201188800,26197500,42370100,27735100
2025-01-21,30232000,42532900,23628000,4923000,197749000,26085700,39951500,29971300
2025-01-22,48028500,48196000,33593000,6616500,237651400,27803800,41448200,26200600
2025-01-23,17314600,41152100,23096600,4704900,155915500,18389300,26404400,26951400
2025-01-24,12147200,34604700,19878300,5119900,234657600,15549500,25890700,23877500
2025-01-27,42201600,70361100,60771700,21944900,818830900,35647800,49428300,41728900
2025-01-28,20319300,44433300,33194200,11707300,579666400,23491700,41587200,24157900
2025-01-29,9866600,37177400,26649000,8366000,467120600,23581400,26091700,18218300
2025-01-30,14981700,39281300,27431300,7676300,392925500,54586300,32020700,24354700
2025-01-31,8704600,66566900,38755200,8009900,388161100,34161900,36110200,32001100
2025-02-03,8250600,65857200,40580800,7479600,371235700,25679100,37285900,27838300
2025-02-04,6777000,33457800,26046800,4579000,256550000,20532100,29713800,43856400
2025-02-05,7866700,30653100,21134100,4811100,262230800,16316700,38727300,70373900
2025-02-06,7036900,35771500,19434500,4877200,251483600,16309800,60897100,29297400
2025-02-07,9991300,50788500,29605500,7258900,228186300,22886800,77539300,49315000
2025-02-10,7625900,26048700,20852800,4231300,216989100,20817900,35419900,23105600
2025-02-11,6528800,30056700,19325500,3134900,178902400,18140600,23713700,21239500
2025-02-12,7454800,45076100,25009400,4212800,160278600,19121700,32285200,22072600
2025-02-13,6421700,40921300,28714800,4486100,197430000,23891700,31346500,21402500
2025-02-14,7260900,26910400,17862600,4279500,195479600,22758500,27031100,20448400
2025-02-18,11430500,26749000,20565000,6361400,219176600,21423100,42975100,29916700
2025-02-19,8688500,31011100,19666900,3025400,167536000,24114200,28566700,19549400
2025-02-20,8737000,36554000,26550800,4401700,143903600,23508700,30001700,20441500
2025-02-21,9713900,76519800,47093800,7578500,228217600,27524800,55323900,35199200
2025-02-24,10639100,50737200,39268400,7518000,251381100,26443700,42387600,29854200
2025-02-25,8316100,58266500,48940000,7658600,271428700,29387400,58958000,41913400
2025-02-26,6915100,43321600,34457600,6675900,322553800,19619000,39120600,35431300
2025-02-27,7436800,74196700,52448000,10520600,443175800,21127400,40548600,39991000
2025-02-28,12843300,88744100,47654000,8654700,389091100,32845700,51771700,48130600
2025-03-03,8081800,74249200,44587200,10001200,411381400,23007700,42948400,40770500
2025-03-04,13171900,109648200,67875400,12563100,398163300,29342900,60853100,45388000
2025-03-05,7141000,71230500,46323700,6799400,284337900,23433100,38610100,30954900
2025-03-06,12321200,80094900,57574300,9155200,321181900,23304600,49863800,28302000
2025-03-07,12646500,81158800,54714700,9426800,341755500,22034100,59802800,27385800
2025-03-10,21486100,99326600,76668000,9616500,366487400,32840100,62350900,43604000
2025-03-11,27200200,88102100,68760800,7381300,354865700,30380200,54002900,39587400
2025-03-12,15373900,69588200,46971100,8710800,323857500,24253600,43679300,28372400
2025-03-13,14187700,74079400,46563300,5126800,299033100,20473000,41270800,31756200
2025-03-14,9330000,62660300,43563000,5100700,277593500,19952800,38096700,31995900
2025-03-17,9885000,49008700,41744400,5192200,255501500,22474300,47341800,31184300
2025-03-18,9402500,66041400,39072300,5196700,299686900,19486900,40414900,42074800
2025-03-19,6909500,66556000,40430300,4932500,273426200,19185500,39442900,34275600
2025-03-20,7051600,62958200,36780500,3654700,248829700,18470500,38921100,28138500
2025-03-21,17620200,83763000,42234900,6319300,266498500,39675900,60056900,36625800
2025-03-24,7848300,58766800,34567200,6503200,228452500,21004500,41625400,30879100
2025-03-25,8521200,38355700,26035200,3451800,167447200,15775000,31171200,24174400
2025-03-26,13210000,51848300,34627100,9591100,293463300,16108400,32855300,28901600
2025-03-27,9148300,42164200,33469800,9072500,236902100,13766800,27317700,24508300
2025-03-28,13144500,71662700,46363800,8722100,229872500,21632000,52548200,48669300
2025-03-31,15509900,95328200,53000300,9477200,299212700,35184700,63547600,54603500
2025-04-01,9518500,54609600,41156200,6151300,222614000,19689500,41267300,30672900
2025-04-02,11594400,76014500,49894500,7096200,220601200,16092600,53679200,25041700
2025-04-03,14433800,125986000,70456300,14299000,338769400,30198000,95553600,46883400
2025-04-04,14986900,217965100,117088400,22160100,532273800,49209900,123159400,62259500
2025-04-07,19482700,256611400,161557000,25600300,611041300,50425000,109327100,76794100
2025-04-08,11950300,165816600,101248100,19097600,476243400,35868900,87710400,52200200
2025-04-09,17762000,241867300,142876900,22178500,612918300,50199700,116804300,70406200
2025-04-10,12401600,162331200,108384100,18282500,437812400,38024400,68302000,48022000
2025-04-11,10190200,97866300,52483800,10156300,313417300,23839200,50594300,33636200
2025-04-14,8217700,68034000,43941200,9843300,264705000,19251200,48002500,30333000
2025-04-15,8630000,56892900,35404200,5097800,228966900,17199900,43642000,27551500
2025-04-16,8295200,83484800,48980600,13067200,397016900,21967800,51875300,28187400
2025-04-17,8925500,79868100,44837000,7067400,292517500,21120200,44726500,33046600
2025-04-21,12201200,69368100,44149300,9572700,288501100,20807300,48126100,26049100
2025-04-22,11233700,75948100,52304400,7242700,241004800,19485000,56607200,26971800
2025-04-23,9528900,90590700,55801100,11495800,247526000,20545500,63470100,31128800
2025-04-24,7305900,64150400,45956100,9696200,220815000,22232300,43763200,45894000
2025-04-25,5476400,61119600,38697100,7487400,251064700,18973200,36414300,56034000
2025-04-28,6985100,47613800,33550800,5804900,207708500,16579400,33224700,29745800
2025-04-29,4851500,47775100,30613100,4506200,170444300,14974000,41667300,26809000
2025-04-30,9443500,93101500,46810600,5974400,235044600,36461100,55176500,34981100
2025-05-01,11525800,63186100,43316500,6878200,236121500,58938100,74266000,30203200
2025-05-02,11346000,60717300,39218100,6522200,190194800,30757400,77903500,25715000
2025-05-05,5187400,38659200,28309500,4536000,133163200,20136100,35217500,21341800
2025-05-06,5108600,48264700,32786300,5019400,158525600,15104200,29314100,21277200
2025-05-07,6049600,55588000,38006300,9068800,206758800,23295300,43948600,127490100
2025-05-08,6113600,65130800,39577600,5919200,198428100,23491300,41043600,57498700
2025-05-09,4707100,37603400,27767400,3495500,132972200,15324200,29663100,32435300
2025-05-12,7875500,78993600,45090600,9246900,225023300,22821900,75205000,44138800
2025-05-13,11955200,67947200,53269600,8665600,330430100,23618800,56193700,42382100
2025-05-14,7499400,66283500,47014500,7439600,281180800,19902800,38492100,48755900
2025-05-15,10169200,71268100,50153300,6446300,226632600,21992300,64347300,33146700
2025-05-16,8515500,76052100,48394600,3800100,226542500,23849800,43318500,42846900
2025-05-19,10268900,68168500,52536200,4196100,193154600,21336500,34314800,30426100
2025-05-20,7576400,60614500,42517600,3115200,161514200,15441800,29470400,46607700
2025-05-21,6011000,95197700,71292800,6392500,270608700,19216900,42460900,73416000
2025-05-22,7603300,70860400,55607200,5185500,187344000,18025600,38938900,74864400
2025-05-23,6527500,76029000,58368100,6577200,198821300,16883500,33393500,35211400
2025-05-27,6976800,72588500,47226300,8858900,192953600,20974300,34892000,37995700
2025-05-28,8090700,68445500,46637200,10739500,304021100,17086300,28549800,34784000
2025-05-29,6994700,69973300,58513300,9120100,369241900,13974800,34650000,29317300
2025-05-30,17547900,90601200,67662800,11064700,333170900,34770500,51679400,52639900
2025-06-02,7166000,61630500,44762800,4719900,197663100,16626500,29113300,38612300
2025-06-03,7155300,63606200,44070300,7518700,225578800,15743800,33139100,45084900
2025-06-04,6375800,57314200,41359300,7258700,167120800,14162700,29915600,26900800
2025-06-05,7707800,92278700,61031200,8054100,231397900,20131700,51864200,36379100
2025-06-06,6833700,66588700,42467000,5589700,153986200,15285600,39832500,35731800
2025-06-09,9668900,53016400,33688700,10841400,185114500,16469900,38102500,28935900
2025-06-10,11056700,66247000,40664800,9763000,155881900,15375900,31303300,61766100
2025-06-11,18002900,73658200,53701000,12286000,167694000,16399200,39326000,31646800
2025-06-12,54610000,64129000,34104900,6781900,162365000,18950600,27640000,20941900
2025-06-13,53707400,89506000,55814400,11950200,180820600,16814500,29337800,27663100
2025-06-16,22665300,79984100,37622100,7497700,183133700,15626100,33284200,27389200
2025-06-17,17819200,82209400,42180900,7284700,139108000,15414100,32086300,24973000
2025-06-18,15055400,76605000,43983500,7367400,161494100,17526500,44360500,28707500
2025-06-20,20879100,94051400,61643500,11439900,242956200,37576200,75350700,75659900
2025-06-23,13418400,87426000,50666100,10420100,154308900,24864000,37311700,57671000
2025-06-24,19030600,67735300,45442000,9035500,187566100,22305600,38378800,40524300
2025-06-25,11804600,62114800,44804200,8480000,269146500,17495100,31755700,35479000
2025-06-26,10531100,78548400,43811400,6789000,198145700,21578900,50480800,31796700
2025-06-27,14127500,86258400,57577100,8170900,263234500,34539200,119217100,108140200
2025-06-30,31844200,92502500,45548700,6375800,194580300,28369000,58887800,63378900
2025-07-01,16962200,70030100,56166700,8931300,213143600,19945400,39256800,35904500
2025-07-02,22326900,66510400,36538300,8713800,171224100,16319600,30894200,29128900
2025-07-03,18441400,51065800,26443500,4443000,143716100,13984800,29632400,21689700
2025-07-07,16584300,74814500,45349300,8616400,140139000,13981600,36604100,34175600
2025-07-08,20401800,59024600,36153300,8186500,138133000,11846600,45692000,40442500
2025-07-09,10871600,66113300,43045500,6810700,183656400,18659500,38155100,43025600
2025-07-10,11486300,57529000,34710900,5635200,167704100,16492100,30370600,29252400
2025-07-11,10208200,63670200,39618600,5677000,193633300,16459500,50518300,34282900
2025-07-14,11337000,51898500,36453300,7455800,136975800,12058800,35702600,32536600
2025-07-15,10728800,74317300,43277700,9892500,230627400,14927200,34907300,33448300
2025-07-16,12597500,88987500,52314700,10065900,158831500,15154400,39535900,33104200
2025-07-17,17631300,68885700,40423800,6998300,160841100,17503100,31855800,31992600
2025-07-18,9678100,65621600,50484700,5522100,146456400,21209700,37833800,34014500
2025-07-21,7348400,63375000,39595200,5910900,123126100,14066800,40297600,45803100
2025-07-22,11380900,60046300,43270600,11537500,193114300,13868600,37483700,44660200
2025-07-23,7255800,70511000,40215300,8194600,154082200,16396600,28294900,58681900
2025-07-24,8237900,71307100,42275500,5902600,128984600,16107000,42902300,74881700
2025-07-25,7149600,56865400,30630800,4014900,122316800,19125700,28712100,39785900
2025-07-28,6756800,54917100,31498700,5671900,140023500,14308000,26300100,38139500
2025-07-29,8415300,60556300,45463300,6968700,154077500,16469200,33716200,41389200
2025-07-30,8441400,80418900,43433800,7930300,174312200,26380400,32993300,32445400
2025-07-31,15548700,103385200,64613600,9928100,221685400,51617300,104357300,51329200
2025-08-01,12718200,140103600,69400800,14032200,204529000,28977600,122258800,34832200
2025-08-04,8614800,73218000,47669800,5323200,148174600,25349000,77890100,31547400
2025-08-05,11197300,68051400,48666600,6918300,156407600,19171600,51505100,31602300
2025-08-06,9930200,64357500,41823700,6124300,137192300,21355700,54823000,21562900
2025-08-07,11954200,74205800,44463000,8069400,151878400,16079100,40603500,26321800
2025-08-08,8313300,64051600,35255500,5121600,123396700,15531000,32970500,39161800
2025-08-11,9012100,58742300,33112900,5799700,138323200,20194400,31646200,25832400
2025-08-12,9998400,64730800,42143300,7592800,145485700,18667000,37185800,30397900
2025-08-13,14182100,60092800,41209300,8959700,179871700,19619200,36508300,28342900
2025-08-14,10285600,59327500,45425000,5827000,129554000,20269100,61545800,25230400
2025-08-15,11554000,68592500,49480200,9026300,156602200,25213300,39649200,34931400
2025-08-18,6759900,43804900,29831000,5577500,132008000,23760600,25248900,18526600
2025-08-19,16819300,69750700,53752600,8191900,185229200,21481000,29891000,24240200
2025-08-20,11256400,88890300,76781100,10091000,215142700,27723000,36604300,28955500
2025-08-21,7403100,54805800,46436900,6067700,140040900,18443300,32140500,19774600
2025-08-22,9343600,84083200,51502100,5810400,172789400,24324200,37315300,42827000
2025-08-25,6308600,51274300,34044700,4965000,163012800,21638600,22633700,29928900
2025-08-26,11805200,51581600,34103000,4967100,168688200,30835700,26105400,28464100
2025-08-27,5637600,48341100,36927100,5646200,235518900,17277900,21254500,23022900
2025-08-28,8691500,61519500,46787900,7194000,281787800,18015600,33679600,32339300
2025-08-29,16618600,74522200,56030400,13420900,243257900,20961600,26199200,39728400
2025-09-02,10461900,81983500,65876800,11543700,231164900,18128000,38843900,47523000
2025-09-03,8900800,70820900,54230200,7249600,164424900,16345100,29223100,103336100
2025-09-04,10303100,65219200,47526300,8079300,141670100,15509500,59391800,51684200
2025-09-05,15386100,85178900,68342500,9809600,224441400,31994800,36721800,46588900
2025-09-08,18803000,63133100,46371400,7223200,163769100,16771000,33947100,32474700
2025-09-09,41178700,66133900,44007600,6797000,157548400,14410500,27033800,38061000
2025-09-10,131618100,78034500,49308000,10221400,226852000,21611800,60907700,35141100
2025-09-11,69986000,69934400,44745800,7312400,151159300,18881600,37485600,30599300
2025-09-12,51781900,72780100,50745900,5231900,124911000,23624900,38496200,26771600
2025-09-15,40004000,63772400,44360300,5390200,147061600,17143800,33243300,58383800
2025-09-16,51923300,61169000,36942100,4227600,140737800,19711900,38203900,34109700
2025-09-17,27707900,101952200,69384800,9647700,211843800,15816600,42815200,34108000
2025-09-18,24673100,90459200,61069300,16335600,191763300,18913700,37931700,31239500
2025-09-19,40776200,97945600,58196100,8381600,237182100,52474100,97943200,55571400
2025-09-22,44437500,69452200,57154800,11618100,269637000,20009300,45914500,32290500
2025-09-23,35280200,81708900,64635500,9159000,192559600,19799600,70956200,26628000
2025-09-24,33765300,68082200,49850300,8632200,143564100,13533700,49509000,28201000
2025-09-25,39274900,89622100,70920200,9592900,191586700,15786500,52226300,31020400
2025-09-26,25990700,69179200,54337400,6886100,148573700,16213100,41650100,18503200
2025-09-29,25778500,73499000,48332900,5833600,193063500,17617800,44259200,32505800
2025-09-30,23880800,86288000,46533800,7459900,236981000,19728200,48396400,34724300
2025-10-01,23378300,72545400,46899600,9911800,173844900,22632300,43933800,31658200
2025-10-02,16215500,56896000,43765400,8092600,136805800,21222900,41258600,25483300
2025-10-03,13688400,70494400,46482100,7770000,137596900,15112300,43639000,30249600
2025-10-06,14076800,54623300,41962100,10263200,157678100,21388600,43690900,28894700
2025-10-07,31723400,72020100,58209500,9365700,140088000,14615200,31194700,23181300
2025-10-08,18982100,60702200,50629800,7841500,130168900,13363400,46686000,21307100
2025-10-09,26479800,66501900,45551000,5565500,182997200,18343600,46412100,27892100
2025-10-10,28895300,159422600,97614800,18804500,268774400,24133800,72367500,33180300
2025-10-13,21703700,79560500,65872600,11760200,153482800,14284200,37809700,24995000
2025-10-14,17346200,88779600,69203200,7296700,205641400,14684300,45665600,22111600
2025-10-15,13698900,81702600,62805500,8283800,214450500,14694700,45909500,27007700
2025-10-16,32500900,110563300,70982000,9047500,179723300,15559600,42414600,27997200
2025-10-17,37653000,96500900,72024900,8396300,173135200,19867800,45986900,29671600
2025-10-20,32810700,60493400,45761700,6436900,128544700,14665600,38882800,22350200
2025-10-21,18370800,56249000,44538200,4391800,124240200,15586200,50494600,47312100
2025-10-22,16474000,80564000,61478800,8014200,162249600,18962700,44308500,35029400
2025-10-23,16872200,65604500,42844300,6422600,111363700,14023500,31540000,19901400
2025-10-24,13194900,74356500,47632500,5649300,131296700,15532400,38685100,28655100
2025-10-27,13855800,63339800,54098600,6663400,153452700,18734700,38267000,35235200
2025-10-28,12448500,61738100,61195700,5086000,297986200,29986700,47100000,29738600
2025-10-29,18007100,85657100,67422800,8102600,308829600,36023000,52036200,43580300
2025-10-30,27954200,76335800,61628600,6932700,178864400,41023100,102252900,74876000
2025-10-31,16898700,87164100,66305100,4917900,179802200,34006400,166340800,39267900
2025-11-03,15709200,57315000,37154300,4470500,180267300,22374700,95997800,29786000
2025-11-04,19772600,78427000,63830800,8269000,188919300,20958700,51546300,30078400
2025-11-05,11991500,74402400,48688500,8605400,171350300,23024300,40610700,31010300
2025-11-06,18678300,85035300,72115100,9600500,223029800,27406500,46004200,37173600
2025-11-07,20969300,100592400,81835400,14723200,264942300,24019800,46374300,34479600
2025-11-10,16698700,75842900,55919900,9180700,198897100,26101500,36476500,29557300
2025-11-11,20686600,58953400,44868800,7661200,176483300,17980000,23564100,19842100
2025-11-12,24195000,62312500,47444400,5870700,154935300,26574900,31190100,24829900
2025-11-13,30009000,103457800,71333600,10654800,207423100,25273100,41401700,29494000
2025-11-14,36053800,96846700,80087300,12271200,186591900,28505700,38956700,31647200
2025-11-17,16143800,90456100,63850400,6921300,173628900,19092800,59919000,52670200
2025-11-18,21098300,114467500,83327300,12933100,213598900,33815100,60608400,49158700
2025-11-19,21679500,94703000,73111500,9842300,247246400,23245300,58335600,68198900
2025-11-20,27459600,165293500,117743200,14686700,343504800,26802500,50309000,62025200
2025-11-21,44834100,123956200,103344200,17298700,346926200,31769200,68490500,74137700
2025-11-24,31144700,80437900,60168100,10650900,256618300,34421000,54318400,85165100
2025-11-25,29595000,81077100,57560900,12052700,320600300,28019800,39379300,88632100
2025-11-26,26544100,71879600,42393600,5533300,183852000,25709100,38497900,51373400
2025-11-28,13848500,49212000,23034400,3352700,121332800,14386700,20292300,26018600
2025-12-01,13461200,61201200,40957600,3902000,188131000,23964000,42904000,41183000
2025-12-02,19664500,62953800,54541800,6657900,182632200,19562700,45785400,35854700
2025-12-03,19060500,57238500,47841600,4642700,165138000,34615100,35495100,41838300
2025-12-04,23316900,61970300,47067800,3971800,167364900,22318200,45683200,31240900
2025-12-05,24208700,79241000,53614200,3619200,143971100,22608700,33117400,28851700
2025-12-08,24711200,55231500,43462400,4334300,204378100,21965900,35019200,33909400
2025-12-09,17643600,58310100,37156000,3173300,144719700,14696100,25841700,30194000
2025-12-10,47928000,85671300,55031400,5653300,162785400,35756200,38790700,33428900
2025-12-11,100612700,86173700,58272800,7499900,182136600,24669200,28249600,42353700
2025-12-12,55201600,113160300,75158700,12705900,204274900,21248100,35639100,35940200
2025-12-15,43897500,90811000,49538200,5605800,164775600,23727700,47286100,29151900
2025-12-16,32433500,122030600,55152800,5849200,148588100,20705600,39298900,30585000
2025-12-17,50222000,110625200,70654300,10780400,222775500,24527200,44034400,43930400
2025-12-18,36297300,108650100,78875800,8260200,176096000,28573500,50272400,33518000
2025-12-19,77008600,103599500,60369800,8838700,324925900,70836100,85544400,59943200
2025-12-22,27148000,69556700,43703100,4799500,129064400,16963000,32261300,26429900
2025-12-23,18301600,64840000,41120400,3542100,174873600,14683600,29230200,25478700
2025-12-24,9282700,39445600,18468700,1640500,65528500,5855900,11420500,10097400
2025-12-26,11262000,41613300,28959800,2921300,139740300,8842200,15994700,10899000
2025-12-29,14748100,62559500,32458300,4874400,120006100,10893400,19797900,19621800
2025-12-30,14197400,47160700,31226800,2927000,97687300,13944500,21910500,17380900
2025-12-31,10341500,74144800,40746500,2687300,120100500,15601600,24383700,16377700
2026-01-02,14540700,89377200,61859200,8972400,148240500,25571600,51456200,32009400
2026-01-05,22635500,71927200,46828400,9071300,183529700,25250300,49733300,30195600
2026-01-06,16474500,69273800,43137500,10201200,176862600,23037700,53764700,31212100
2026-01-07,11171200,75588300,44880300,6058900,153543200,25564200,42236500,35104400
2026-01-08,19468500,64019200,50435900,5724000,172457000,18162600,39509800,31896100
2026-01-09,26152700,80125500,49688700,6490800,131327500,18491000,34560000,26214200
2026-01-12,25428500,63976000,37388700,5532000,137968500,23519900,35867800,33923900
2026-01-13,15857400,78309700,44481400,5281600,160128900,28545800,38371800,33517600
2026-01-14,22473200,94676700,72598700,6696500,159586100,28184300,41410600,28525600
2026-01-15,16418600,77862000,53934900,9948100,206188600,23225800,43003600,28442400
2026-01-16,19224700,79289200,61058100,5485900,187967200,34246700,45888300,40341600
2026-01-20,29129500,111623300,81988900,7158500,223345300,26130000,47737900,35361000
2026-01-21,38190000,127844500,79837900,8754600,200381000,37980500,47276100,35386600
2026-01-22,21141900,77112200,42254800,5462600,139636600,25349400,31913300,26253600
2026-01-23,23011300,63059600,43645800,5869500,142748100,38000200,33778500,27280000
2026-01-26,21100400,60473800,35983000,4326900,124799600,29291200,32825500,26042100
2026-01-27,27093700,55506100,38997200,6145600,143711600,29213900,38029200,21636200
2026-01-28,35882700,61172200,50691700,7641900,148552700,36875400,40882700,27434400
2026-01-29,37254500,97486200,79944000,9352500,171764400,128855300,47229600,39785600
2026-01-30,27362400,101835100,65650700,9029000,179489500,58566800,46585000,31024000
2026-02-02,47421000,79286500,49020300,5946300,165794100,42219900,37546100,32006100
2026-02-03,43260100,107904600,81234000,12188600,204019600,61424100,53831300,36506700
2026-02-04,42323400,105204600,81850700,16908500,207014100,45012400,51299900,70618400
2026-02-05,42789000,113610800,89354500,12007800,206312900,66289200,103509200,88205800
2026-02-06,29962400,89127600,78019300,13460300,231346200,53515300,179210900,56380500
2026-02-09,49936500,73885200,56797600,5915200,196387400,45480500,91178400,39640100
2026-02-10,40092200,65185700,53938900,5645300,136764800,44857900,67175000,39170000
2026-02-11,24538900,76353900,58575100,6211200,144192700,42491000,65545500,45406400
2026-02-12,23285400,118829000,81378900,7379100,189932500,40802400,83975400,47761300
2026-02-13,18597000,96267500,69237500,6481600,161888000,34091600,66321600,38499700
2026-02-17,19610800,81354700,69013800,7312700,162276900,32078800,69879200,39247600
2026-02-18,14801100,73570300,64250700,5839900,164749100,23223400,51003300,28482100
2026-02-19,14976300,58649400,60960800,4056400,126554500,28234000,35669600,25834400
2026-02-20,29621900,100034000,74127300,5715800,178422300,34015200,65881600,53210800
2026-02-23,31749800,90558100,63859100,5842800,171584800,43238300,53581500,31423000
2026-02-24,21336600,73798700,55023700,7828900,175123600,33884700,41137200,25615600
2026-02-25,27303900,56369500,55710700,7714500,250637100,43625500,41346400,29963600
2026-02-26,20652200,71671000,96178900,14811300,360807900,34405900,47756800,36431200
2026-02-27,36425200,83308900,68125200,9049100,311636500,51367200,57422800,44640600
2026-03-02,22418800,87477200,75264600,11490200,209095300,35474900,46001000,34790200
2026-03-03,20120800,105003100,97015500,13768900,178099400,38199200,43184900,35497000
2026-03-04,17585400,79182200,70943900,8767200,177731200,35808000,54731100,29536200
2026-03-05,24094800,106606500,89602400,11793700,198779700,39001300,60943400,35752300
2026-03-06,38000600,100687000,86302300,12423200,189021900,31123900,51152700,25576900
2026-03-09,31173500,102667700,93068200,16338100,177213600,30131900,54642900,29312100
2026-03-10,51544600,81505300,64078900,13687700,179118500,31706400,35678800,23239700
2026-03-11,83247500,68441700,60114800,6024900,145280400,25512100,34199300,24125700
2026-03-12,37133700,108882200,71836600,9845200,155762700,27263900,44349500,24928300
2026-03-13,26350400,97200200,63145500,7636100,160988400,26848000,35662100,23693100
2026-03-16,21607700,82023100,49077200,10317600,217307400,27733700,42209300,23519700
2026-03-17,23929500,87128000,47106600,6646300,182497800,26228300,44969900,21955200
2026-03-18,18051100,82062600,56128000,8372400,156683100,25908500,37846600,20009800
2026-03-19,22046100,111272500,75597600,12674800,170968500,25138800,36440600,25075800
2026-03-20,37551400,163617500,91964700,12846800,241323500,50853200,63694600,44364100
2026-03-23,19927900,134802700,89936100,12742300,182836300,29680100,44277400,29326900
2026-03-24,26122100,96457500,57750900,6177200,147667800,42733600,35351400,36864300
2026-03-25,20683800,90653800,60475500,7388700,162602100,31181200,36388800,29460700
2026-03-26,16961900,96494400,81492100,14806200,186152200,36836600,46746000,39080600
2026-03-27,17929600,103649400,82702200,11811400,196212700,37883400,56009800,35890600
2026-03-30,20125700,99275900,70602600,12198200,185627000,44797000,46373800,35141200
2026-03-31,24492000,152534100,95878000,13834900,226181300,45244400,58470100,43875400
2026-04-01,20495900,97841500,79435100,10805400,168132000,29417200,45955400,37684500
2026-04-02,14381900,68358700,50941700,8505800,143143200,24099100,31453000,21666500
2026-04-06,12556700,39105800,35108500,4186100,107564300,16146600,25385500,16945500
2026-04-07,17250400,69980400,49948200,6672500,132534900,21443300,28154600,23205400
2026-04-08,23527000,93606100,63086000,10184300,147732700,33064800,51092700,33547100
2026-04-09,30407800,57134400,37837500,6018200,116428500,30435300,65964200,23739200
2026-04-10,26171800,42253500,34038500,11224200,160459500,28111100,56912800,19152600
2026-04-13,49997700,54185800,32972100,6549800,133648200,35745800,42166200,18866400
2026-04-14,59779800,63480500,49921100,6932400,161307000,37504500,72685000,27721400
2026-04-15,43010800,58240400,50102400,9155700,185338400,45063400,43045200,24918800
2026-04-16,46997300,49972400,42320600,6450700,134012900,41642400,41895700,20541500
2026-04-17,45282600,70661900,53488900,7184600,160324400,48568200,52029300,25581900
2026-04-20,22330900,43546800,37138500,3935100,119381400,27582200,39463100,18784200
2026-04-21,39638000,58941400,39580500,5598600,107945300,32048500,42922400,23123800
2026-04-22,32448800,42518500,37368400,7835200,107501000,29378200,36065100,20293000
2026-04-23,37084200,56174000,40099800,10619700,113561800,38308000,39091400,18650300
2026-04-24,33215000,45182000,45563100,12614300,214134400,27457400,53777400,26426100
2026-04-27,21616600,33135900,32717000,9040200,187172400,30867300,44906800,28576900
2026-04-28,33716500,43117400,34147900,12664800,180275400,30438100,42204400,27824100
2026-04-29,20587500,41859200,31724900,6007900,123711800,38288300,72367900,35376300
2026-04-30,21016400,67240900,40622200,8401600,225239200,70909400,100974900,72040000
2026-05-01,26318000,43049800,39172600,5308300,128647000,31372400,50825200,30105200
2026-05-04,33504500,51950600,34542000,6867500,125368100,28066500,49083700,26298600
2026-05-05,23497200,36933200,37101100,8624600,113406600,25700900,41908500,23878600
2026-05-06,27685500,53288900,38778500,15262900,188362800,30285900,44552000,31308500
2026-05-07,31803200,51724600,43779100,10905200,168307900,34942400,35892900,24433500
2026-05-08,21158300,47227100,44320400,8553700,136421400,33383800,34732700,21461800
2026-05-11,16890600,44024000,36019100,12680900,160685800,35657900,38176700,30753700
2026-05-12,22123400,54185300,45873000,17720800,159176600,38594200,36776200,26017500
2026-05-13,15789300,44200200,40012500,9586700,150405400,29667100,39670900,28144600
2026-05-14,22545000,45307600,33327500,8458700,180782900,27077500,31338400,21136700
2026-05-15,15747100,60410800,51792700,13009600,180977600,50771200,40770300,20309700
2026-05-18,19114300,47843900,49834500,12317500,146280900,32564100,33690800,26837200
2026-05-19,16717700,54255900,46827500,11905800,140948200,33018700,40340700,39545700
2026-05-20,16517200,45768000,36779200,8892200,184201600,27864000,34933200,31744400
2026-05-21,12119700,43332200,36415400,8293800,203381800,31393500,36591700,24852800
2026-05-22,10875800,41762000,33118600,7535000,169275700,22390300,27535500,20442100
2026-05-26,12856100,41123600,34254700,10008500,187202600,30398000,38028100,27747400
2026-05-27,12126000,42106300,35148700,11209000,167601200,28901500,40061900,23087300
2026-05-28,25339900,41562600,32840000,7625000,143996000,47250500,40630400,24357500
2026-05-29,41082200,55075700,37541700,7596100,289410600,79654400,54749600,44415800
2026-06-01,48390000,43634900,33890600,8649000,212850700,53628900,53604400,28672100
2026-06-02,30294800,31581900,30085200,8083500,193362900,37036800,41811000,50412300
2026-06-03,23644700,51402500,40270200,10179900,160907000,39037000,51394200,55441600
2026-06-04,19993800,49923000,40782600,10462900,169022200,26899500,35609800,44055500
2026-06-05,29019900,93989400,99606600,22038000,219655500,34782200,55607800,37471200
2026-06-08,17227200,49319100,47401500,13823900,138372800,32086700,33899500,27942500
2026-06-09,26040700,87683500,91932200,20329700,180962500,35317300,44425400,29535100
2026-06-10,46108300,60341300,65334300,12711400,161746600,32576000,38590200,32357100
2026-06-11,63678500,86330500,71798900,12196800,158643200,47224100,41335400,35538200
2026-06-12,29562300,57079500,51168400,8963300,112001800,34865800,51186600,24704600
2026-06-15,20279900,60176400,46710200,9613900,149936700,32266400,41711600,27727500
2026-06-16,16985500,67093100,45348700,10949600,125694100,31506800,35187400,24876100
2026-06-17,16616600,85945200,51669300,10658800,128363500,41987800,44780800,24543600
2026-06-18,31386100,80875700,50154600,11229700,241272000,59714200,75624400,44470100
2026-06-22,22935400,46628100,43518600,8043000,122041400,45171100,68388500,52814800
2026-06-23,33327900,66846800,53354200,19126000,153496200,40647600,60492600,34007700
2026-06-24,38305000,57439500,52480400,11902000,151810700,44509900,70282600,44997300
2026-06-25,36844400,53934400,49668000,14877600,149550000,66179000,77674100,44491400
2026-06-26,36532100,71034000,47081800,12728300,179304100,186201600,248372100,114706300
2026-06-29,34310300,58035200,44939100,10473900,148835700,51229900,77619200,34213900
2026-06-30,35926900,55626000,42121800,9406900,166476700,44945700,66228300,35237200
2026-07-01,45964000,47100900,40803800,13424700,146147600,48065800,53829900,26736400
2026-07-02,44166700,57447800,50959800,21288600,142068700,42128900,48246400,25974800
2026-07-06,36683000,50673300,30220400,9820700,108999000,34224500,40044000,26915800
2026-07-07,47200000,43721500,42483100,14619200,124154600,29297500,40579600,24045600
2026-07-08,34607300,43767400,35603200,9521300,147419100,25908300,29653000,22094800
2026-07-09,35221900,41441700,33654700,9045100,132037400,31083200,38091700,24729100
2026-07-10,29843300,42191300,26415900,6608400,148421000,24644600,31654000,18146100
2026-07-13,56690300,44013600,36552400,8736500,121411000,28914900,34636100,15901700
2026-07-14,52670400,35143100,29448100,7581100,124379600,27863900,30108100,18259400
2026-07-15,48520400,43844800,32627600,11020800,124797200,36253700,45240600,28284600
2026-07-16,54780900,46409800,39402000,12353300,122986100,37047400,45343700,41158500
2026-07-17,39917100,62651000,54109300,22083900,144281900,33049800,43572400,29959300
2026-07-20,36793200,50422300,29687600,6962600,88701500,27915800,32406500,24736600
2026-07-21,27748100,34324300,33728300,7129800,108685600,24126600,27732100,23369800
2026-07-22,21096700,32836200,23692200,5249700,137645600,28142500,34112700,39334100
2026-07-23,30900600,55437300,44028600,7963200,110505300,30351800,47465300,69419700
2026-07-24,46405700,44782000,42876700,19156400,114836800,27659400,35017400,31806600
2026-07-27,36916600,41461200,42681500,38682200,154353700,27856200,34999500,28471600
2026-07-28,32665400,47322200,51398700,18429000,134111500,32367500,44521600,29511900
2026-07-29,28081800,70697200,57233300,19440900,147680800,47209000,44957500,27501600
2026-07-30,41338400,66811300,66753700,14175000,129010200,110160700,101839800,30168000
2026-07-31,34438700,62445900,50540500,14673900,139961200,60846000,129054800,46498000
2026-08-03,49696900,59927500,44965100,7283800,128406900,66762100,90830200,38669700
2026-08-04,43723500,69154800,59778600,9566200,134922000,50455500,69748100,35705700
2026-08-05,23524100,44689100,33540200,6209400,158187400,33388900,45119800,46926300
2026-08-06,23073300,38416900,33035900,6231700,113940600,36441500,30672900,25235900
2026-08-07,22874000,43586300,31070400,6505000,105669400,28846200,33861400,19859900
2026-08-10,24265000,39249500,26243200,6476700,115846600,31206100,35731900,18991400
2026-08-11,28761800,36740600,29286100,5029000,101273100,23049800,31895700,29081800
2026-08-12,43559400,33179100,29066000,7414100,108783600,29001500,29941100,25012000
2026-08-13,25740000,35634500,31599700,6786000,98867200,23039000,32170200,17866100
2026-08-14,21905500,31367900,23790600,5524300,75680900,16217600,27251700,17808600
2026-08-17,20668000,34356600,26452600,7700500,93678700,29635800,43896500,18291300
2026-08-18,19152300,43920900,48997200,11364400,103128200,24087600,33171300,19248800
2026-08-19,26552900,40306000,35801700,8713300,96797300,19961900,35762400,19733800
2026-08-20,15184400,45520300,33396400,6240600,92457000,20020800,28374100,18570400
2026-08-21,19635000,39188700,33399400,9619300,98869300,22510800,35723000,20849800
2026-08-24,14158600,32430900,37443100,7743300,135187300,17230800,28070500,26338200
2026-08-25,13329400,27422300,23869600,6038900,122309000,19519000,25550200,20649700
2026-08-26,18426100,28751600,20392400,3865000,179900000,20758900,21528400,20420300
2026-08-27,30251400,34557100,28723500,6562500,298909800,28688800,35927800,23391400
2026-08-28,17800000,36744300,34105400,6461800,195116400,29207300,49547400,25347200
2026-08-31,16118900,38810800,32237200,4317100,124702700,27208900,46089400,33493600
2026-09-01,25443300,41126300,35236100,6195100,109756200,21046900,31700100,23342700
2026-09-02,21906700,29566200,23476200,5127100,157104700,15336100,24013300,22582300
2026-09-03,25101700,43531600,29449800,5623500,134681600,24125900,26891500,20726900
2026-09-04,26511300,34054200,32871100,9451200,135352400,18101800,30749900,23189300
2026-09-08,37662800,44746100,28341400,8300300,122965600,18882300,29398000,22915800
2026-09-09,27464600,32812400,26763400,3458300,82955500,12889600,33055500,33151600
2026-09-10,56824700,42740400,31414400,6621000,105768000,16038800,25484800,23557600
2026-09-11,80438600,45512700,26649100,5199300,89060100,14510500,26724100,24708300
2026-09-14,42159700,43992400,35219000,10627900,132267200,23091900,34352800,35905400
2026-09-15,31552700,46195000,26631700,6113700,88059700,17794600,36275400,21928600
2026-09-16,34366400,59217700,35688000,5998800,96563600,16670300,33488500,18928900
2026-09-17,27742400,49652800,37270300,6164200,94191300,17841600,30438800,19238400
2026-09-18,39324900,65395100,48478700,6296500,190287400,39622300,52274700,47631800
2026-09-21,22418300,50484700,46730600,9886000,109806100,27959900,42979400,30455400
2026-09-22,31260000,34802300,40128800,6631100,95746700,21652800,41982600,29788600
2026-09-23,22682300,54931700,33191800,6116400,89547300,19445600,44209200,35576200
2026-09-24,56629400,43983700,29000900,5645400,77469900,16657600,33040100,23777200
2026-09-25,23671000,36666700,30283800,4656600,89947700,38193100,34263900,21880800
2026-09-28,36060100,42694500,41775000,5823900,142344300,19626900,32596700,19318300
2026-09-29,45709700,36910500,27052300,5671500,101494900,21341800,33730400,21066900
2026-09-30,22321600,62110000,29820400,4423600,121732200,27223300,41913100,37373700
2026-10-01,25459100,47708100,35728900,5105000,98591400,19731900,33243900,33269300
2026-10-02,35409300,46335300,34498900,7324900,135167800,17822300,33433400,23772100
2026-10-05,18069600,44840200,25603200,3598700,127171500,26604800,39273900,25630600
2026-10-06,20041600,36054300,26513600,5064600,101701900,21107500,34120800,18715600
2026-10-07,15700000,30958200,25365300,7154000,81485100,16773600,36140700,20855300
