date,ORCL,SPY,QQQ,SMH,NVDA,MSFT,AMZN,GOOGL
2010-01-04,19.804964065551758,84.36900329589844,40.20465850830078,12.06242561340332,0.4228174090385437,22.98423957824707,6.695000171661377,15.536593437194824
2010-01-05,19.781051635742188,84.59231567382812,40.20465850830078,11.99449348449707,0.4289916455745697,22.991661071777344,6.734499931335449,15.468173027038574
2010-01-06,19.494140625,84.6518783569336,39.96215057373047,11.964771270751953,0.43173569440841675,22.85056495666504,6.612500190734863,15.078242301940918
2010-01-07,19.430377960205078,85.00919342041016,39.98814010620117,11.871362686157227,0.4232747554779053,22.612930297851562,6.5,14.727227210998535
2010-01-08,19.669475555419922,85.2921142578125,40.3172607421875,12.109131813049316,0.42418935894966125,22.76888084411621,6.676000118255615,14.923558235168457
2010-01-11,19.67745018005371,85.41119384765625,40.15270233154297,12.066672325134277,0.41824379563331604,22.479251861572266,6.515500068664551,14.901000022888184
2010-01-12,19.573837280273438,84.61466979980469,39.650360107421875,11.63784122467041,0.4040660560131073,22.330724716186523,6.367499828338623,14.637492179870605
2010-01-13,19.765108108520508,85.32930755615234,40.14404296875,11.786446571350098,0.4095541536808014,22.538667678833008,6.45550012588501,14.553454399108887
2010-01-14,20.236284255981445,85.56010437011719,40.17867660522461,11.803430557250977,0.40315133333206177,22.991661071777344,6.367499828338623,14.621872901916504
2010-01-15,20.156417846679688,84.59973907470703,39.71095657348633,11.434042930603027,0.3912603557109833,22.917404174804688,6.35699987411499,14.377700805664062
2010-01-19,20.228302001953125,85.65686798095703,40.35190200805664,11.599630355834961,0.39857789874076843,23.09563636779785,6.380499839782715,14.566595077514648
2010-01-20,20.01267433166504,84.7858657836914,39.771610260009766,11.535943031311035,0.3969772458076477,22.71689224243164,6.289000034332275,14.387863159179688
2010-01-21,19.82900047302246,83.15550994873047,39.39920425415039,11.468008995056152,0.38988831639289856,22.286170959472656,6.330999851226807,14.451573371887207
2010-01-22,19.28595733642578,81.30181884765625,38.247283935546875,10.899067878723145,0.37639665603637695,21.506412506103516,6.071499824523926,13.634273529052734
2010-01-25,19.19013214111328,81.71871948242188,38.377197265625,11.0476713180542,0.3827994465827942,21.773759841918945,6.015500068664551,13.38613510131836
2010-01-26,19.07033920288086,81.37623596191406,38.41181945800781,10.954261779785156,0.3706797957420349,21.907428741455078,5.973999977111816,13.446125030517578
2010-01-27,19.054367065429688,81.76336669921875,38.7149658203125,11.111357688903809,0.3807414174079895,22.033676147460938,6.137499809265137,13.438191413879395
2010-01-28,18.742918014526367,80.82536315917969,37.71894454956055,10.8438720703125,0.36793553829193115,21.654945373535156,6.301499843597412,13.244588851928711
2010-01-29,18.415494918823242,79.94690704345703,37.060699462890625,10.512696266174316,0.3519286513328552,20.927165985107422,6.270500183105469,13.136756896972656
2010-02-01,18.54327392578125,81.1901626586914,37.46775817871094,10.74197006225586,0.3789120018482208,21.09796905517578,5.94350004196167,13.213106155395508
2010-02-02,18.974506378173828,82.17284393310547,37.805564880371094,10.86510181427002,0.3827994465827942,21.135099411010742,5.906000137329102,13.166007041931152
2010-02-03,18.96652603149414,81.76336669921875,38.01342010498047,10.826889038085938,0.38600093126296997,21.261350631713867,5.954999923706055,13.406461715698242
2010-02-04,18.455427169799805,79.23968505859375,36.913455963134766,10.4065523147583,0.36359095573425293,20.67467498779297,5.796999931335449,13.058423042297363
2010-02-05,18.806804656982422,79.4034652709961,37.225257873535156,10.661299705505371,0.3709084093570709,20.808345794677734,5.869500160217285,13.170220375061035
2010-02-08,18.463411331176758,78.83023834228516,36.95676040649414,10.618842124938965,0.37022244930267334,20.585554122924805,5.8414998054504395,13.224260330200195
2010-02-09,18.77486801147461,79.82038116455078,37.33784866333008,10.729232788085938,0.36724963784217834,20.80093002319336,5.901500225067139,13.297887802124023
2010-02-10,18.455427169799805,79.6640396118164,37.259891510009766,10.758955955505371,0.3743385672569275,20.786073684692383,5.868000030517578,13.248557090759277
2010-02-11,18.6470890045166,80.49778747558594,37.8228759765625,10.950017929077148,0.39148905873298645,20.882610321044922,6.004499912261963,13.296892166137695
2010-02-12,18.69499969482422,80.43077850341797,37.900814056396484,11.064656257629395,0.3967486321926117,20.741498947143555,5.982999801635742,13.215585708618164
2010-02-16,19.014434814453125,81.6964111328125,38.38583755493164,11.3109130859375,0.4040660560131073,21.151865005493164,5.876500129699707,13.418360710144043
2010-02-17,19.309911727905273,82.08352661132812,38.60237121582031,11.319404602050781,0.4079536497592926,21.3309268951416,5.815499782562256,13.34176254272461
2010-02-18,19.581439971923828,82.56739807128906,38.844879150390625,11.383091926574707,0.38119879364967346,21.614450454711914,5.9039998054504395,13.465956687927246
2010-02-19,19.421720504760742,82.73863220214844,38.82756042480469,11.395830154418945,0.37914055585861206,21.465232849121094,5.875999927520752,13.404974937438965
2010-02-22,19.813024520874023,82.75350952148438,38.7496223449707,11.36186408996582,0.3798268437385559,21.43537139892578,5.9004998207092285,13.455545425415039
2010-02-23,19.54949188232422,81.74850463867188,38.247283935546875,11.085883140563965,0.3706797957420349,21.13694190979004,5.861999988555908,13.263924598693848
2010-02-24,19.781085968017578,82.50040435791016,38.63700866699219,11.2811918258667,0.37845462560653687,21.36077308654785,5.986000061035156,13.174683570861816
2010-02-25,19.860942840576172,82.38872528076172,38.628353118896484,11.264208793640137,0.37502455711364746,21.338382720947266,5.909999847412109,13.0497465133667
2010-02-26,19.685258865356445,82.44084930419922,38.76692581176758,11.200520515441895,0.3704509735107422,21.3906192779541,5.920000076293945,13.058918952941895
2010-03-01,19.757125854492188,83.29696655273438,39.32991027832031,11.472254753112793,0.3853148818016052,21.651750564575195,6.2270002365112305,13.204927444458008
2010-03-02,19.62934684753418,83.52771759033203,39.45115661621094,11.412814140319824,0.38508614897727966,21.233930587768555,6.276500225067139,13.4124116897583
2010-03-03,19.565465927124023,83.6021957397461,39.49445343017578,11.332140922546387,0.38028407096862793,21.233930587768555,6.29449987411499,13.518013954162598
2010-03-04,19.773094177246094,83.85533142089844,39.62438201904297,11.349126815795898,0.3809701204299927,21.36077308654785,6.426499843597412,13.747809410095215
2010-03-05,19.924833297729492,85.05389404296875,40.221981048583984,11.47650146484375,0.3926323354244232,21.3309268951416,6.445499897003174,13.986281394958496
2010-03-08,19.72518539428711,85.06876373291016,40.299949645996094,11.438287734985352,0.38691556453704834,21.36077308654785,6.505499839782715,13.943394660949707
2010-03-09,19.86893653869629,85.21019744873047,40.525115966796875,11.37884521484375,0.4013219177722931,21.48760414123535,6.440999984741211,13.886627197265625
2010-03-10,19.860942840576172,85.58990478515625,40.854244232177734,11.61661434173584,0.402236670255661,21.614450454711914,6.5254998207092285,14.289700508117676
2010-03-11,20.07655906677246,85.94721221923828,41.0101432800293,11.50622272491455,0.39308980107307434,21.77112579345703,6.678999900817871,14.405959129333496
2010-03-12,20.004688262939453,85.95462799072266,41.0188102722168,11.468008995056152,0.39446181058883667,21.83827018737793,6.591000080108643,14.366296768188477
2010-03-15,20.18836212158203,85.97699737548828,40.91487503051758,11.391584396362305,0.39240381121635437,21.853195190429688,6.55649995803833,13.960747718811035
2010-03-16,20.1324520111084,86.66192626953125,41.17472457885742,11.743989944458008,0.40612417459487915,21.912883758544922,6.5894999504089355,14.010820388793945
2010-03-17,20.3400936126709,87.17559814453125,41.287296295166016,11.909576416015625,0.4138990640640259,22.10686492919922,6.566999912261963,14.019745826721191
2010-03-18,20.268226623535156,87.13091278076172,41.42589569091797,11.824660301208496,0.3992639482021332,22.091941833496094,6.638000011444092,14.040569305419922
2010-03-19,20.116491317749023,86.68985748291016,41.1753044128418,11.671809196472168,0.39446181058883667,22.077028274536133,6.517499923706055,13.881918907165527
2010-03-22,20.41196632385254,87.15332794189453,41.54811477661133,11.884101867675781,0.4008645713329315,22.084487915039062,6.523499965667725,13.81994342803955
2010-03-23,20.75535774230957,87.76630401611328,41.83423614501953,12.147343635559082,0.4090968370437622,22.293386459350586,6.4629998207092285,13.60923957824707
2010-03-24,20.57168960571289,87.3402328491211,41.634830474853516,11.871362686157227,0.3953765630722046,22.12179183959961,6.4019999504089355,13.815730094909668
2010-03-25,20.795289993286133,87.19816589355469,41.574134826660156,11.85013484954834,0.3965199589729309,22.390384674072266,6.736499786376953,13.953311920166016
2010-03-26,20.515790939331055,87.14583587646484,41.61748123168945,11.803430557250977,0.3965199589729309,22.129247665405273,6.752999782562256,13.948599815368652
2010-03-29,20.419960021972656,87.69902801513672,41.81690216064453,11.867119789123535,0.4015507698059082,22.077028274536133,6.75600004196167,13.94265079498291
2010-03-30,20.39600372314453,87.7588119506836,41.955631256103516,11.905329704284668,0.40315133333206177,22.211326599121094,6.828999996185303,14.048254013061523
2010-03-31,20.531755447387695,87.45977783203125,41.7562255859375,11.833150863647461,0.39789193868637085,21.853195190429688,6.78849983215332,14.058417320251465
2010-04-01,20.332107543945312,88.05780792236328,41.7562255859375,11.85438060760498,0.39377567172050476,21.75620460510254,6.5904998779296875,14.100061416625977
2010-04-05,20.427946090698242,88.77545166015625,42.14636993408203,12.13460636138916,0.39972123503685,21.83827018737793,6.57450008392334,14.15484619140625
2010-04-06,20.627588272094727,88.9847640991211,42.26776123046875,12.036951065063477,0.38988831639289856,21.875585556030273,6.7779998779296875,14.085685729980469
2010-04-07,20.691476821899414,88.47645568847656,42.16373062133789,12.100640296936035,0.39240381121635437,21.89796257019043,6.743500232696533,13.969672203063965
2010-04-08,20.627588272094727,88.78291320800781,42.25908279418945,11.918067932128906,0.38600093126296997,22.323232650756836,7.047999858856201,14.067587852478027
2010-04-09,20.867172241210938,89.36595153808594,42.51054763793945,12.049688339233398,0.388516366481781,22.6366024017334,7.002999782562256,14.036107063293457
2010-04-12,20.963178634643555,89.50801849365234,42.545204162597656,12.206783294677734,0.39560508728027344,22.621679306030273,7.059999942779541,14.197484970092773
2010-04-13,21.08319664001465,89.57530212402344,42.76197052001953,12.304438591003418,0.4038374125957489,22.718666076660156,7.007999897003174,14.545524597167969
2010-04-14,21.107202529907227,90.59190368652344,43.273529052734375,12.80544662475586,0.4088682234287262,22.994722366333008,7.214000225067139,14.600802421569824
2010-04-15,20.963178634643555,90.66666412353516,43.46427536010742,12.92857837677002,0.4118410050868988,23.032028198242188,7.290999889373779,14.756974220275879
2010-04-16,20.763154983520508,89.22394561767578,42.94404602050781,12.754498481750488,0.39011698961257935,22.8828125,7.108500003814697,13.637744903564453
2010-04-19,20.955181121826172,89.56034851074219,42.918033599853516,12.699300765991211,0.38828760385513306,23.15886878967285,7.121500015258789,13.636504173278809
2010-04-20,20.923179626464844,90.36019134521484,43.13479232788086,12.839414596557617,0.3896595239639282,23.397613525390625,7.210000038146973,13.758963584899902
2010-04-21,21.03519058227539,90.19573211669922,43.377567291259766,12.669583320617676,0.37959808111190796,23.375232696533203,7.321499824523926,13.740619659423828
2010-04-22,20.995195388793945,90.46480560302734,43.62033462524414,12.839414596557617,0.38119879364967346,23.41999626159668,7.504499912261963,13.56114673614502
2010-04-23,21.187211990356445,91.05537414550781,43.80241012573242,12.8776273727417,0.375939279794693,23.099180221557617,7.18149995803833,13.509833335876465
2010-04-26,21.179222106933594,90.71153259277344,43.70704650878906,12.9073486328125,0.37959808111190796,23.21109962463379,7.355500221252441,13.1788969039917
2010-04-27,20.787153244018555,88.56612396240234,42.77931213378906,12.516732215881348,0.368850439786911,23.01711082458496,7.10099983215332,13.11494255065918
2010-04-28,20.691133499145508,89.23890686035156,42.80531692504883,12.57192611694336,0.369536429643631,23.061872482299805,6.96750020980835,13.1181640625
2010-04-29,20.779157638549805,90.34526062011719,43.55096435546875,12.758743286132812,0.3807414174079895,23.129024505615234,7.08650016784668,13.187820434570312
2010-04-30,20.699148178100586,88.81282806396484,42.69258499145508,12.308684349060059,0.35924601554870605,22.78582763671875,6.855000019073486,13.031651496887207
2010-05-03,20.811159133911133,89.96398162841797,43.29085159301758,12.567682266235352,0.35535863041877747,23.024566650390625,6.874499797821045,13.153116226196289
2010-05-04,19.979032516479492,87.84854125976562,41.99030303955078,12.121868133544922,0.3372933268547058,22.479917526245117,6.491499900817871,12.552475929260254
2010-05-05,19.955028533935547,87.32524871826172,41.77354431152344,12.041196823120117,0.3315766155719757,22.271013259887695,6.546500205993652,12.63651180267334
2010-05-06,19.130903244018555,84.42487335205078,40.37760925292969,11.629350662231445,0.32471635937690735,21.621904373168945,6.435500144958496,12.361600875854492
2010-05-07,18.73084831237793,83.1690444946289,39.37187957763672,11.463764190673828,0.3192282021045685,21.04741096496582,6.249000072479248,12.224516868591309
2010-05-10,19.51495933532715,86.83189392089844,41.41807174682617,12.053933143615723,0.3329486846923828,21.592065811157227,6.564499855041504,12.931253433227539
2010-05-11,19.354936599731445,86.5852279663086,41.37471008300781,11.977511405944824,0.3292897641658783,21.54729461669922,6.5229997634887695,12.618910789489746
2010-05-12,19.682994842529297,87.79620361328125,42.15504837036133,12.329914093017578,0.33569270372390747,21.965116500854492,6.69350004196167,12.528182983398438
2010-05-13,19.394948959350586,86.70480346679688,41.487430572509766,11.956279754638672,0.33500662446022034,21.815889358520508,6.573500156402588,12.664276123046875
2010-05-14,19.02688217163086,85.13499450683594,40.68976974487305,11.654826164245605,0.2963608503341675,21.58460235595703,6.426499843597412,12.581230163574219
2010-05-17,18.99488067626953,85.17987823486328,40.81982421875,11.85013484954834,0.297046959400177,21.592065811157227,6.445499897003174,12.592137336730957
2010-05-18,18.746843338012695,84.02120208740234,40.25625228881836,11.527451515197754,0.2872139811515808,21.434673309326172,6.314000129699707,12.35416316986084
2010-05-19,18.55481719970703,83.5428237915039,39.93546676635742,11.62086009979248,0.29178741574287415,21.16486167907715,6.229499816894531,12.256495475769043
2010-05-20,17.882709503173828,80.38825225830078,38.452816009521484,11.327895164489746,0.2849271893501282,20.31797218322754,5.985499858856201,11.775089263916016
2010-05-21,17.730690002441406,81.56187438964844,38.87767791748047,11.438287734985352,0.2911013662815094,20.115615844726562,6.136000156402588,11.701712608337402
2010-05-24,17.826704025268555,80.51535034179688,38.72159957885742,11.268457412719727,0.2826404571533203,19.688425064086914,6.105999946594238,11.828385353088379
2010-05-25,17.76270294189453,80.59756469726562,38.756290435791016,11.395830154418945,0.29018670320510864,19.538528442382812,6.243000030517578,11.826154708862305
2010-05-26,17.530664443969727,80.1117172241211,38.32276916503906,11.31515884399414,0.29155871272087097,18.744104385375977,6.1605000495910645,11.786493301391602
2010-05-27,18.066736221313477,82.7953109741211,39.77070617675781,11.833150863647461,0.3087092638015747,19.486068725585938,6.335000038146973,12.1580810546875
2010-05-28,18.058752059936523,81.75624084472656,39.5366096496582,11.642087936401367,0.300476998090744,19.3361759185791,6.2729997634887695,12.038350105285645
2010-06-01,17.76270294189453,80.38082885742188,39.17246627807617,11.446779251098633,0.28767120838165283,19.40362548828125,6.1620001792907715,11.957535743713379
2010-06-02,18.1147403717041,82.47381591796875,40.100196838378906,11.786446571350098,0.29087263345718384,19.83081817626953,6.315499782562256,12.230217933654785
2010-06-03,18.27477264404297,82.75791931152344,40.481693267822266,11.935050964355469,0.29041537642478943,20.1306095123291,6.438000202178955,12.5333890914917
2010-06-04,17.706680297851562,79.85009002685547,39.09442901611328,11.455270767211914,0.27669498324394226,19.32868194580078,6.138500213623047,12.362837791442871
2010-06-07,17.362638473510742,78.85585021972656,38.38345718383789,11.090128898620605,0.26297450065612793,18.95394515991211,6.100500106811523,12.035622596740723
2010-06-08,17.410646438598633,79.70056915283203,38.314109802246094,11.119850158691406,0.2556571364402771,18.81904411315918,5.941999912261963,12.017279624938965
2010-06-09,17.234621047973633,79.27446746826172,37.9932975769043,11.01370620727539,0.24948284029960632,18.579219818115234,5.895500183105469,11.750545501708984
2010-06-10,17.76270294189453,81.5917739868164,39.077091217041016,11.383091926574707,0.2595444321632385,18.73660659790039,6.1605000495910645,12.072558403015137
2010-06-11,18.15475082397461,81.98796844482422,39.44990539550781,11.497727394104004,0.26549002528190613,19.231252670288086,6.151500225067139,12.10949420928955
2010-06-14,18.15475082397461,81.86090850830078,39.44124221801758,11.548680305480957,0.2597731649875641,19.111337661743164,6.191500186920166,11.977864265441895
2010-06-15,18.562814712524414,83.72221374511719,40.4990119934082,12.079408645629883,0.2725788354873657,19.92075538635254,6.3420000076293945,12.344741821289062
2010-06-16,18.546815872192383,83.6922836303711,40.66374206542969,12.11337661743164,0.26914870738983154,19.725894927978516,6.34499979019165,12.426051139831543
2010-06-17,18.45880699157715,83.82685852050781,40.793800354003906,12.121868133544922,0.27943894267082214,19.763370513916016,6.29449987411499,12.396553993225098
2010-06-18,18.562814712524414,83.91773986816406,40.82769775390625,12.083654403686523,0.281268447637558,19.815832138061523,6.291500091552734,12.39531135559082
2010-06-21,18.474802017211914,83.6773910522461,40.4802131652832,11.97326374053955,0.2746368944644928,19.44860076904297,6.127500057220459,12.110982894897461
2010-06-22,18.31477928161621,82.29542541503906,40.16749572753906,11.8076753616333,0.26434651017189026,19.31368637084961,6.115499973297119,12.053717613220215
2010-06-23,18.146747589111328,82.0400619506836,40.0024528503418,11.833150863647461,0.26731938123703003,18.968935012817383,6.072500228881836,11.949606895446777
2010-06-24,17.778705596923828,80.68062591552734,39.39439010620117,11.561416625976562,0.2540561854839325,18.73660659790039,5.916500091552734,11.777320861816406
2010-06-25,18.130756378173828,81.0185775756836,39.40220260620117,11.535943031311035,0.2533702850341797,18.38435173034668,6.050000190734863,11.717329025268555
2010-06-28,17.962726593017578,80.76325225830078,39.26294708251953,11.62086009979248,0.25382760167121887,18.219465255737305,5.889999866485596,11.702457427978516
2010-06-29,17.40263557434082,78.2696304321289,37.74848175048828,11.192030906677246,0.23964978754520416,17.470012664794922,5.430500030517578,11.260716438293457
2010-06-30,17.170608520507812,77.52608489990234,37.17404556274414,11.005213737487793,0.23347564041614532,17.245168685913086,5.4629998207092285,11.029927253723145
2010-07-01,17.242618560791016,77.18058013916016,37.069580078125,10.962754249572754,0.23736310005187988,17.357593536376953,5.547999858856201,10.894577980041504
2010-07-02,17.46665382385254,76.75996398925781,36.965145111083984,10.903313636779785,0.23439033329486847,17.440031051635742,5.456999778747559,10.821699142456055
2010-07-06,17.858707427978516,77.26321411132812,37.078285217285156,10.945772171020508,0.23187492787837982,17.852235794067383,5.502999782562256,10.809800148010254
2010-07-07,18.474802017211914,79.69670867919922,38.26200485229492,11.472254753112793,0.24308009445667267,18.21197509765625,5.671500205993652,11.160070419311523
2010-07-08,18.578815460205078,80.4853286743164,38.47091293334961,11.442534446716309,0.23576237261295319,18.294418334960938,5.810999870300293,11.317728996276855
2010-07-09,18.698843002319336,81.08619689941406,38.836456298828125,11.591136932373047,0.23667702078819275,18.189491271972656,5.86299991607666,11.588674545288086
2010-07-12,18.746946334838867,81.1387710571289,38.94960403442383,11.71426773071289,0.24102190136909485,18.60919189453125,5.975500106811523,11.795414924621582
2010-07-13,19.01155662536621,82.36302947998047,39.454437255859375,11.969018936157227,0.24971146881580353,18.834035873413086,6.182499885559082,12.126846313476562
2010-07-14,19.195980072021484,82.3554916381836,39.65462875366211,11.930808067321777,0.2522268295288086,19.066375732421875,6.164999961853027,12.179895401000977
2010-07-15,19.107778549194336,82.3780517578125,39.68943405151367,11.939297676086426,0.24513806402683258,19.118831634521484,6.103000164031982,12.246330261230469
2010-07-16,18.658748626708984,80.10975646972656,38.592777252197266,11.654826164245605,0.22981685400009155,18.654165267944336,5.924499988555908,11.393336296081543
2010-07-19,18.915340423583984,80.5829849243164,38.92350769042969,11.956279754638672,0.23919238150119781,18.908985137939453,5.997000217437744,11.556200981140137
2010-07-20,19.179943084716797,81.47673797607422,39.39350509643555,11.884101867675781,0.24513806402683258,19.096345901489258,6.005000114440918,11.938200950622559
2010-07-21,18.89128303527832,80.41773223876953,38.85387420654297,11.667564392089844,0.23713438212871552,18.826547622680664,5.871500015258789,11.836812019348145
2010-07-22,19.492656707763672,82.21280670166016,39.83740234375,12.032705307006836,0.24102190136909485,19.36615562438965,6.003499984741211,12.018022537231445
2010-07-23,19.645004272460938,82.92632293701172,40.08982849121094,12.075163841247559,0.23690573871135712,19.343671798706055,5.94350004196167,12.148165702819824
2010-07-26,19.757266998291016,83.79005432128906,40.42056655883789,12.172819137573242,0.24125048518180847,19.561017990112305,5.920000076293945,12.121146202087402
2010-07-27,19.701129913330078,83.78252410888672,40.40315246582031,12.126112937927246,0.23919238150119781,19.605976104736328,5.856500148773193,12.211872100830078
2010-07-28,19.468603134155273,83.24176788330078,40.081111907958984,11.92231273651123,0.23164623975753784,19.44860076904297,5.856500148773193,12.006619453430176
2010-07-29,19.003543853759766,82.83618927001953,39.78518295288086,11.73549747467041,0.20877890288829803,19.508546829223633,5.8429999351501465,12.022483825683594
2010-07-30,18.955419540405273,82.82115173339844,39.872230529785156,11.629350662231445,0.21015094220638275,19.343671798706055,5.894499778747559,12.019011497497559
2010-08-02,19.476625442504883,84.69132995605469,40.6207389831543,11.837396621704102,0.20992232859134674,19.7333927154541,6.003499984741211,12.156841278076172
2010-08-03,19.4124698638916,84.28579711914062,40.44666290283203,11.676054954528809,0.2044341117143631,19.605976104736328,6.120999813079834,12.142463684082031
2010-08-04,19.636985778808594,84.84906005859375,40.855743408203125,11.773710250854492,0.21312366425991058,19.283710479736328,6.379000186920166,12.551238059997559
2010-08-05,19.476625442504883,84.75897216796875,40.76000213623047,11.790695190429688,0.21586784720420837,19.01390266418457,6.391499996185303,12.595361709594727
2010-08-06,19.548786163330078,84.41345977783203,40.6990852355957,11.78219985961914,0.21838319301605225,19.148805618286133,6.415999889373779,12.400022506713867
2010-08-09,19.45256805419922,84.86408233642578,40.97761154174805,11.833150863647461,0.22044122219085693,19.193784713745117,6.441500186920166,12.527190208435059
2010-08-10,19.476625442504883,84.4059066772461,40.6207389831543,11.544434547424316,0.21129430830478668,18.7890682220459,6.5,12.48653793334961
2010-08-11,18.971467971801758,82.09263610839844,39.51537322998047,11.255718231201172,0.20306208729743958,18.631681442260742,6.29449987411499,12.189811706542969
2010-08-12,18.394136428833008,81.58943939208984,39.2020378112793,11.05191707611084,0.20489144325256348,18.3543758392334,6.328000068664551,12.196505546569824
2010-08-13,18.169628143310547,81.34906005859375,38.92350769042969,10.911805152893066,0.21472442150115967,18.28692626953125,6.234499931335449,12.056197166442871
2010-08-16,18.21773338317871,81.31153106689453,38.99311828613281,11.017951011657715,0.2092362642288208,18.361873626708984,6.303500175476074,12.037358283996582
2010-08-17,18.482343673706055,82.3104248046875,39.489253997802734,11.14957046508789,0.21198035776615143,18.61804962158203,6.442999839782715,12.159568786621094
2010-08-18,18.514408111572266,82.4606704711914,39.64592742919922,11.268457412719727,0.21312366425991058,18.70093536376953,6.482500076293945,11.9520845413208
2010-08-19,18.4422550201416,81.02607727050781,39.04536056518555,11.043426513671875,0.2259294092655182,18.414621353149414,6.378499984741211,11.600573539733887
2010-08-20,18.45828628540039,80.76325225830078,39.09757614135742,11.030688285827637,0.22798748314380646,18.256380081176758,6.388000011444092,11.453076362609863
2010-08-23,18.313955307006836,80.4552993774414,38.714622497558594,10.928786277770996,0.22455738484859467,18.294065475463867,6.329999923706055,11.50389575958252
2010-08-24,17.969161987304688,79.26106262207031,37.992191314697266,10.754707336425781,0.2222706526517868,18.11323356628418,6.226500034332275,11.189569473266602
2010-08-25,17.977184295654297,79.5689926147461,38.35774612426758,10.809903144836426,0.22684408724308014,18.1584415435791,6.34250020980835,11.269638061523438
2010-08-26,17.84087562561035,79.0357666015625,37.896453857421875,10.593365669250488,0.22410008311271667,17.947463989257812,6.243000030517578,11.17940616607666
2010-08-27,18.049352645874023,80.26000213623047,38.35774612426758,10.746214866638184,0.23141758143901825,18.03034782409668,6.331999778747559,11.374002456665039
2010-08-30,17.656448364257812,79.09583282470703,37.957374572753906,10.457501411437988,0.22044122219085693,17.81184959411621,6.189499855041504,11.221796035766602
2010-08-31,17.512113571166992,79.09583282470703,37.826820373535156,10.30465030670166,0.2133522778749466,17.683757781982422,6.241499900817871,11.155607223510742
2010-09-01,18.137557983398438,81.46172332763672,38.95831298828125,10.618842124938965,0.21495307981967926,18.00774574279785,6.624499797821045,11.411185264587402
2010-09-02,18.025297164916992,82.2203140258789,39.39350509643555,10.809903144836426,0.2188405990600586,18.03788948059082,6.760499954223633,11.48183536529541
2010-09-03,18.378103256225586,83.28683471679688,40.04631042480469,10.979738235473633,0.22638683021068573,18.301593780517578,6.939499855041504,11.658332824707031
2010-09-07,19.45256805419922,82.34800720214844,39.77648162841797,10.746214866638184,0.22844484448432922,18.052947998046875,6.861000061035156,11.512075424194336
2010-09-08,19.356342315673828,82.92632293701172,40.25518798828125,10.724987030029297,0.23599106073379517,18.03034782409668,6.956999778747559,11.665271759033203
2010-09-09,19.508695602416992,83.30937194824219,40.411865234375,10.788675308227539,0.23278959095478058,18.090625762939453,7.019000053405762,11.804092407226562
2010-09-10,20.086023330688477,83.72998046875,40.559814453125,10.65705680847168,0.23027418553829193,17.970073699951172,7.122000217437744,11.8031005859375
2010-09-13,20.134126663208008,84.66128540039062,41.125579833984375,10.992474555969238,0.24330857396125793,18.9194278717041,7.253499984741211,11.955058097839355
2010-09-14,20.35062026977539,84.60872650146484,41.299644470214844,11.158063888549805,0.24102190136909485,18.859155654907227,7.287499904632568,11.909446716308594
2010-09-15,20.63928985595703,84.93169403076172,41.56075668334961,11.128342628479004,0.2414793074131012,18.926969528198242,7.272500038146973,11.914650917053223
2010-09-16,20.334583282470703,84.90918731689453,41.726139068603516,11.272701263427734,0.24170784652233124,19.08519744873047,7.406499862670898,11.925064086914062
2010-09-17,22.03447914123535,84.9408950805664,41.867462158203125,11.306668281555176,0.24125048518180847,19.0023193359375,7.415999889373779,12.150395393371582
2010-09-20,22.04250144958496,86.23967742919922,42.60030746459961,11.36186408996582,0.24490931630134583,19.160539627075195,7.565000057220459,12.599822998046875
2010-09-21,21.50527000427246,86.06598663330078,42.59158706665039,11.344879150390625,0.2581723928451538,18.949567794799805,7.536499977111816,12.728230476379395
2010-09-22,21.80997085571289,85.64313507080078,42.478153228759766,11.162307739257812,0.26045918464660645,18.54269790649414,7.5914998054504395,12.7911958694458
2010-09-23,21.74581527709961,84.94844818115234,42.46072006225586,11.264208793640137,0.26571863889694214,18.407079696655273,7.642499923706055,12.728728294372559
2010-09-24,21.61751937866211,86.70027160644531,43.32440948486328,11.693038940429688,0.28035372495651245,18.670791625976562,8.036499977111816,13.071063995361328
2010-09-27,21.609506607055664,86.28498077392578,43.08887481689453,11.603876113891602,0.2744082510471344,18.633115768432617,7.968500137329102,13.148407936096191
2010-09-28,21.801944732666016,86.58698272705078,43.0714111328125,11.828906059265137,0.27372217178344727,18.59544563293457,7.985000133514404,13.068089485168457
2010-09-29,21.785905838012695,86.43597412109375,43.00160217285156,11.786446571350098,0.2716641128063202,18.459821701049805,7.94950008392334,13.08098030090332
2010-09-30,21.52932357788086,86.17922973632812,42.809688568115234,11.765216827392578,0.2670905292034149,18.452289581298828,7.853000164031982,13.033881187438965
2010-10-01,21.842039108276367,86.54169464111328,42.75732421875,11.765216827392578,0.2595444321632385,18.369401931762695,7.685500144958496,13.029666900634766
2010-10-04,21.60907554626465,85.89230346679688,42.294944763183594,11.625103950500488,0.2570289969444275,18.015274047851562,7.769499778747559,12.948607444763184
2010-10-05,21.93041229248047,87.6214828491211,43.32440948486328,11.930808067321777,0.2588583827018738,18.3468074798584,8.043499946594238,13.34225845336914
2010-10-06,22.15532684326172,87.61390686035156,42.94926452636719,11.837396621704102,0.24650999903678894,18.407079696655273,7.769999980926514,13.246077537536621
2010-10-07,22.243690490722656,87.50819396972656,43.10631561279297,11.896838188171387,0.24468067288398743,18.482418060302734,7.813499927520752,13.138492584228516
2010-10-08,22.492721557617188,87.99903869628906,43.40291213989258,12.028459548950195,0.2483394891023636,18.51255989074707,7.777500152587891,13.295654296875
2010-10-11,22.37222671508789,88.08206939697266,43.42036437988281,12.096393585205078,0.2471959888935089,18.527633666992188,7.651500225067139,13.357378005981445
2010-10-12,22.452560424804688,88.35391998291016,43.71699905395508,12.172819137573242,0.25199827551841736,18.708465576171875,7.823999881744385,13.4205904006958
2010-10-13,22.974712371826172,89.04106140136719,44.07468032836914,12.002984046936035,0.2593156397342682,19.092731475830078,7.758500099182129,13.467938423156738
2010-10-14,22.757816314697266,88.69371032714844,43.9874382019043,11.977511405944824,0.2551996409893036,19.009857177734375,7.776500225067139,13.409189224243164
2010-10-15,23.21570587158203,88.87492370605469,44.92094039916992,12.079408645629883,0.2581723928451538,19.243423461914062,8.232000350952148,14.909427642822266
2010-10-18,23.480796813964844,89.31287384033203,44.755184173583984,12.007230758666992,0.2597731649875641,19.454389572143555,8.178000450134277,15.312499046325684
2010-10-19,23.400461196899414,88.14249420166016,44.336421966552734,11.862873077392578,0.2581723928451538,18.91189956665039,7.933499813079834,15.067584037780762
2010-10-20,23.0068359375,89.0032730102539,44.659210205078125,11.969018936157227,0.2581723928451538,19.070125579833984,7.933499813079834,15.071300506591797
2010-10-21,23.151439666748047,89.19961547851562,44.746456146240234,11.947787284851074,0.2535989284515381,19.153005599975586,8.248499870300293,15.170705795288086
2010-10-22,23.28799819946289,89.36573028564453,45.05180740356445,12.100640296936035,0.2698347270488739,19.122867584228516,8.456500053405762,15.184091567993164
2010-10-25,23.167503356933594,89.6300277709961,45.2698974609375,12.19829273223877,0.27235016226768494,18.979717254638672,8.449999809265137,15.282503128051758
2010-10-26,22.998804092407227,89.64514923095703,45.39204788208008,12.1770658493042,0.2714354395866394,19.514665603637695,8.4975004196167,15.334561347961426
2010-10-27,23.055038452148438,89.3884048461914,45.531620025634766,12.444550514221191,0.27532297372817993,19.6276912689209,8.375499725341797,15.281760215759277
2010-10-28,23.585229873657227,89.40352630615234,45.627593994140625,12.474272727966309,0.275551438331604,19.80097770690918,8.342000007629395,15.334066390991211
2010-10-29,23.601287841796875,89.47146606445312,45.52290725708008,12.529467582702637,0.27486562728881836,20.094831466674805,8.261500358581543,15.213096618652344
2010-11-01,23.400461196899414,89.50169372558594,45.55780029296875,12.55494213104248,0.27532297372817993,20.305803298950195,8.128999710083008,15.245320320129395
2010-11-02,23.721778869628906,90.2114486694336,46.04636764526367,12.6058931350708,0.28103968501091003,20.6373233795166,8.230500221252441,15.260193824768066
2010-11-03,23.456695556640625,90.57393646240234,46.25574493408203,12.733269691467285,0.2830978035926819,20.366079330444336,8.423500061035156,15.37372875213623
2010-11-04,23.67359161376953,92.31814575195312,46.82280731201172,13.051706314086914,0.28355520963668823,20.44896125793457,8.446499824523926,15.475115776062012
2010-11-05,23.496858596801758,92.66552734375,46.82280731201172,13.242769241333008,0.28835731744766235,20.23045539855957,8.53849983215332,15.495195388793945
2010-11-08,23.328157424926758,92.49182891845703,46.88387680053711,13.230031967163086,0.2895006537437439,20.20032501220703,8.599499702453613,15.537089347839355
2010-11-09,23.087177276611328,91.82736206054688,46.630889892578125,13.106903076171875,0.28790003061294556,20.305803298950195,8.513500213623047,15.488749504089355
2010-11-10,23.047006607055664,92.19738006591797,46.86643981933594,13.106903076171875,0.29133009910583496,20.29826545715332,8.666500091552734,15.440658569335938
2010-11-11,22.95061683654785,91.85002136230469,46.569801330566406,12.962545394897461,0.28835731744766235,20.10236930847168,8.518500328063965,15.299609184265137
2010-11-12,22.749780654907227,90.76262664794922,45.810813903808594,12.958297729492188,0.30322107672691345,19.79344940185547,8.284000396728516,14.955039978027344
2010-11-15,22.814043045043945,90.63426208496094,45.63631820678711,12.873383522033691,0.2995623052120209,19.740705490112305,7.945000171661377,14.761189460754395
2010-11-16,22.15532684326172,89.22230529785156,44.88603591918945,12.737515449523926,0.290644109249115,19.566347122192383,7.888999938964844,14.469917297363281
2010-11-17,22.420427322387695,89.267578125,45.01689147949219,12.779973983764648,0.29544609785079956,19.3843994140625,7.917500019073486,14.465702056884766
2010-11-18,22.741744995117188,90.58147430419922,45.74100875854492,12.971035957336426,0.30459314584732056,19.58908462524414,8.208499908447266,14.788208961486816
2010-11-19,22.61322021484375,90.83061981201172,45.775917053222656,13.09416675567627,0.3144261837005615,19.475374221801758,8.241000175476074,14.646167755126953
2010-11-22,22.532888412475586,90.75513458251953,46.15978240966797,13.255505561828613,0.3146546483039856,19.505695343017578,8.519499778747559,14.65583324432373
2010-11-23,21.842041015625,89.44123077392578,45.42694854736328,13.1705904006958,0.3073372542858124,19.043264389038086,8.40999984741211,14.452316284179688
2010-11-24,22.283864974975586,90.76262664794922,46.34297180175781,13.450815200805664,0.3148833215236664,19.2327823638916,8.862500190734863,14.748793601989746
2010-11-26,22.08303451538086,89.70555877685547,46.037628173828125,13.370144844055176,0.3109959065914154,19.141809463500977,8.859999656677246,14.625593185424805
2010-11-29,21.86613655090332,89.97737121582031,46.00273895263672,13.348915100097656,0.3144261837005615,19.187299728393555,8.974499702453613,14.430005073547363
2010-11-30,21.729572296142578,89.47146606445312,45.44438552856445,13.187575340270996,0.31122466921806335,19.149394989013672,8.770000457763672,13.77557373046875
2010-12-01,22.211559295654297,91.37429809570312,46.40403747558594,13.531487464904785,0.32494503259658813,19.740711212158203,8.827500343322754,13.989750862121582
2010-12-02,22.57304573059082,92.54469299316406,46.87516784667969,13.773500442504883,0.3288324475288391,20.385074615478516,8.826499938964844,14.174924850463867
2010-12-03,23.143402099609375,92.79387664794922,46.99729919433594,13.862662315368652,0.33820804953575134,20.48363494873047,8.784000396728516,14.20417594909668
2010-12-06,23.079132080078125,92.69570922851562,46.979854583740234,13.84567928314209,0.3318052589893341,20.347185134887695,8.90250015258789,14.337044715881348
2010-12-07,23.33620262145996,92.74856567382812,47.00603103637695,13.866907119750977,0.3425530195236206,20.369924545288086,8.838500022888184,14.554696083068848
2010-12-08,23.480796813964844,93.08837127685547,47.18050765991211,13.998529434204102,0.34552568197250366,20.64284324645996,8.814499855041504,14.6389799118042
2010-12-09,23.504886627197266,93.45082092285156,47.224143981933594,14.011266708374023,0.3398088216781616,20.529123306274414,8.742500305175781,14.662774085998535
2010-12-10,24.0511417388916,93.99452209472656,47.538204193115234,13.951824188232422,0.3418668806552887,20.726224899291992,8.781000137329102,14.680376052856445
2010-12-13,24.436737060546875,94.05491638183594,47.37242889404297,13.832942008972168,0.33317726850509644,20.658002853393555,8.712499618530273,14.740118980407715
2010-12-14,24.50902557373047,94.1379623413086,47.45968246459961,13.837187767028809,0.33363479375839233,20.938491821289062,8.696999549865723,14.747306823730469
2010-12-15,24.492961883544922,93.70755004882812,47.25031280517578,13.726794242858887,0.3263171911239624,21.112852096557617,8.778499603271484,14.633028030395508
2010-12-16,24.316234588623047,94.25125122070312,47.616729736328125,13.807463645935059,0.326774537563324,21.218992233276367,8.902000427246094,14.667983055114746
2010-12-17,25.272180557250977,94.3521957397461,47.65868377685547,13.862662315368652,0.3286038041114807,21.150758743286133,8.878999710083008,14.645423889160156
2010-12-20,25.44087791442871,94.57991027832031,47.69365692138672,13.748023986816406,0.3272317349910736,21.08252716064453,9.16450023651123,14.75102424621582
2010-12-21,25.51317596435547,95.17957305908203,47.98210906982422,13.862662315368652,0.34003758430480957,21.279632568359375,9.237500190734863,14.949585914611816
2010-12-22,25.432836532592773,95.4756088256836,47.97337341308594,13.803220748901367,0.3436962962150574,21.3705997467041,9.23799991607666,15.009573936462402
2010-12-23,25.336437225341797,95.3389663696289,47.85097885131836,13.798973083496094,0.34118086099624634,21.453998565673828,9.129500389099121,14.978340148925781
2010-12-27,25.432836532592773,95.37690734863281,47.877201080322266,13.84567928314209,0.3430102467536926,21.279632568359375,9.107000350952148,14.932480812072754
2010-12-28,25.36054039001465,95.51356506347656,47.789791107177734,13.773500442504883,0.3416381776332855,21.234148025512695,9.054499626159668,14.846711158752441
2010-12-29,25.30430793762207,95.58187103271484,47.894683837890625,13.828693389892578,0.3416381776332855,21.203826904296875,9.168499946594238,14.898273468017578
2010-12-30,25.1356201171875,95.4300537109375,47.781063079833984,13.841431617736816,0.3427814543247223,21.112852096557617,9.137499809265137,14.84522533416748
2010-12-31,25.143648147583008,95.45281982421875,47.606231689453125,13.811711311340332,0.35215723514556885,21.15833854675293,9.0,14.724004745483398
2011-01-03,25.400705337524414,96.43961334228516,48.34926223754883,13.879645347595215,0.36176154017448425,21.211395263671875,9.211000442504883,14.981315612792969
2011-01-04,25.288238525390625,96.38651275634766,48.31428527832031,13.888136863708496,0.36061808466911316,21.294797897338867,9.250499725341797,14.926036834716797
2011-01-05,24.934789657592773,96.887451171875,48.72514343261719,13.862662315368652,0.38828760385513306,21.226572036743164,9.371000289916992,15.098320007324219
2011-01-06,25.039215087890625,96.6977310180664,48.88249588012695,13.96456241607666,0.4420258402824402,21.84819793701172,9.293000221252441,15.208138465881348
2011-01-07,24.926759719848633,96.5079574584961,48.83877182006836,13.93908977508545,0.4543743133544922,21.681419372558594,9.274499893188477,15.281015396118164
2011-01-10,24.934789657592773,96.38651275634766,49.02234649658203,13.97729778289795,0.47175341844558716,21.393348693847656,9.234000205993652,15.225735664367676
2011-01-11,24.894622802734375,96.72808837890625,49.092281341552734,14.083444595336914,0.4644359052181244,21.309955596923828,9.217000007629395,15.270357131958008
2011-01-12,24.854455947875977,97.60099029541016,49.44193649291992,14.232048988342285,0.5339528322219849,21.64351463317871,9.204000473022461,15.29167652130127
2011-01-13,25.04724884033203,97.44157409667969,49.45942687988281,14.236294746398926,0.5348675847053528,21.3705997467041,9.27649974822998,15.287214279174805
2011-01-14,25.143808364868164,98.14756774902344,49.826568603515625,14.609928131103516,0.539440929889679,21.453998565673828,9.4375,15.472884178161621
2011-01-18,25.369096755981445,98.31453704833984,49.96643829345703,14.686356544494629,0.5268636345863342,21.726905822753906,9.5625,15.855877876281738
2011-01-19,25.4254207611084,97.35050201416016,49.39822769165039,14.495292663574219,0.512457549571991,21.58287239074707,9.343500137329102,15.660540580749512
2011-01-20,25.99668312072754,97.22146606445312,49.048580169677734,14.380655288696289,0.5129148364067078,21.491899490356445,9.097999572753906,15.537089347839355
2011-01-21,26.157602310180664,97.44157409667969,48.67269515991211,14.325458526611328,0.508112370967865,21.241729736328125,8.871000289916992,15.166738510131836
2011-01-24,26.069095611572266,97.9957046508789,49.34577941894531,14.626913070678711,0.5655099153518677,21.514646530151367,8.842499732971191,15.148146629333496
2011-01-25,25.980588912963867,98.04884338378906,49.41571044921875,14.541996002197266,0.5481305122375488,21.567707061767578,8.835000038146973,15.367034912109375
2011-01-26,26.197832107543945,98.42837524414062,49.67795944213867,14.631156921386719,0.5611646771430969,21.8178768157959,8.769499778747559,15.282503128051758
2011-01-27,26.487485885620117,98.67127227783203,49.98391342163086,14.915630340576172,0.5595642924308777,21.886106491088867,9.22249984741211,15.289692878723145
2011-01-28,25.74725914001465,96.94818115234375,48.716400146484375,14.605685234069824,0.5433282256126404,21.037046432495117,8.557000160217285,14.898024559020996
2011-01-31,25.771390914916992,97.67687225341797,48.952415466308594,14.609928131103516,0.546986997127533,21.02187728881836,8.482000350952148,14.882408142089844
2011-02-01,26.744972229003906,99.24056243896484,49.87026596069336,14.979315757751465,0.5595642924308777,21.218992233276367,8.605500221252441,15.14715576171875
2011-02-02,26.664499282836914,99.05078887939453,49.79160690307617,15.013284683227539,0.5849468111991882,21.18107795715332,8.67650032043457,15.170954704284668
2011-02-03,26.543811798095703,99.27091979980469,49.879024505615234,14.962336540222168,0.5739705562591553,20.96123504638672,8.685500144958496,15.125093460083008
2011-02-04,26.24611473083496,99.55179595947266,50.158756256103516,15.204346656799316,0.5870048403739929,21.052204132080078,8.796500205993652,15.145669937133789
2011-02-07,26.5357666015625,100.17422485351562,50.39475631713867,15.149152755737305,0.562536895275116,21.378183364868164,8.821499824523926,15.227721214294434
2011-02-08,26.57599449157715,100.62967681884766,50.72694396972656,15.136414527893066,0.5458438992500305,21.43882942199707,9.152999877929688,15.329108238220215
2011-02-09,26.463348388671875,100.40196990966797,50.6395263671875,15.10669231414795,0.532580554485321,21.203826904296875,9.265000343322754,15.282503128051758
2011-02-10,26.76104736328125,100.43992614746094,50.71819305419922,15.183117866516113,0.5218328237533569,20.847511291503906,9.310500144958496,15.281015396118164
2011-02-11,26.93002700805664,101.03958892822266,51.0853385925293,15.285017967224121,0.53669673204422,20.658002853393555,9.462499618530273,15.480818748474121
2011-02-14,26.785188674926758,101.282470703125,51.20771026611328,15.365689277648926,0.5284645557403564,20.64284324645996,9.520999908447266,15.571296691894531
2011-02-15,26.3587589263916,100.96369171142578,51.13779830932617,15.293509483337402,0.5156587958335876,20.558948516845703,9.451499938964844,15.472140312194824
2011-02-16,26.640361785888672,101.60128784179688,51.469966888427734,15.408146858215332,0.5346387624740601,20.604705810546875,9.331000328063965,15.473875999450684
2011-02-17,26.55990219116211,101.90489196777344,51.45248794555664,15.5355224609375,0.5872335433959961,20.749591827392578,9.387999534606934,15.499656677246094
2011-02-18,27.09898567199707,102.11744689941406,51.3388557434082,15.522784233093262,0.5860902667045593,20.63521385192871,9.324999809265137,15.619141578674316
2011-02-22,26.173694610595703,100.06795501708984,49.8527946472168,15.072729110717773,0.5307508707046509,20.27680206298828,9.020999908447266,15.126583099365234
2011-02-23,25.892091751098633,99.45315551757812,49.44193649291992,14.851941108703613,0.5055971741676331,20.27680206298828,8.833999633789062,15.154095649719238
2011-02-24,25.948406219482422,99.38478088378906,49.70417785644531,14.9708251953125,0.5179454684257507,20.414066314697266,8.887499809265137,15.092123031616211
2011-02-25,26.511627197265625,100.4474868774414,50.39475631713867,15.293509483337402,0.5286930203437805,20.246299743652344,8.862000465393066,15.122366905212402
2011-02-28,26.471399307250977,101.06995391845703,50.49967575073242,15.191606521606445,0.5181740522384644,20.269174575805664,8.66450023651123,15.205658912658691
2011-03-01,25.481740951538086,99.38478088378906,49.68671417236328,14.94534969329834,0.49507811665534973,19.94889259338379,8.472000122070312,14.892322540283203
2011-03-02,25.843801498413086,99.59737396240234,49.94895553588867,15.26379108428955,0.47449758648872375,19.887887954711914,8.60099983215332,14.893067359924316
2011-03-03,26.57599449157715,101.31282806396484,50.936744689941406,15.577981948852539,0.4772416353225708,19.97939109802246,8.63949966430664,15.110468864440918
2011-03-04,26.3587589263916,100.55377960205078,50.67449188232422,15.46334457397461,0.47472620010375977,19.788753509521484,8.583499908447266,14.888853073120117
2011-03-07,25.827713012695312,99.76434326171875,49.99265670776367,15.030268669128418,0.4680946171283722,19.613357543945312,8.454000473022461,14.666742324829102
2011-03-08,26.342660903930664,100.63726806640625,50.1937141418457,15.043007850646973,0.44705671072006226,19.75825309753418,8.344499588012695,14.682856559753418
2011-03-09,26.382890701293945,100.49303436279297,49.8527946472168,14.597193717956543,0.4376811981201172,19.743003845214844,8.452500343322754,14.669469833374023
2011-03-10,25.586339950561523,98.63331604003906,49.07479476928711,14.325458526611328,0.40978288650512695,19.37696647644043,8.307000160217285,14.385138511657715
2011-03-11,25.674846649169922,99.31648254394531,49.38075256347656,14.414623260498047,0.4127556383609772,19.582862854003906,8.403499603271484,14.296146392822266
2011-03-14,25.4173583984375,98.71678924560547,49.205902099609375,14.389143943786621,0.41618573665618896,19.590482711791992,8.33650016784668,14.129563331604004
2011-03-15,25.079431533813477,97.58582305908203,48.506595611572266,14.159869194030762,0.4038374125957489,19.361709594726562,8.253999710083008,14.118903160095215
2011-03-16,24.29897117614746,95.77920532226562,47.335227966308594,13.820201873779297,0.4008645713329315,18.904172897338867,8.234999656677246,13.810028076171875
2011-03-17,24.580577850341797,97.04688262939453,47.7723274230957,14.002775192260742,0.40841084718704224,18.896547317504883,8.048500061035156,13.915632247924805
2011-03-18,24.749547958374023,97.39985656738281,47.664642333984375,14.03249454498291,0.40292268991470337,18.91179656982422,8.090999603271484,13.908196449279785
2011-03-21,25.28057861328125,98.90933990478516,48.583797454833984,14.308473587036133,0.40612417459487915,19.315961837768555,8.22599983215332,14.290939331054688
2011-03-22,25.047250747680664,98.56626892089844,48.49625015258789,14.227805137634277,0.3990353047847748,19.293073654174805,8.130000114440918,14.311264038085938
2011-03-23,25.27253532409668,98.84834289550781,48.76762390136719,14.40188217163086,0.4072675108909607,19.476099014282227,8.265999794006348,14.431243896484375
2011-03-24,25.859899520874023,99.79365539550781,49.634254455566406,14.66512680053711,0.4397391974925995,19.681997299194336,8.555000305175781,14.548498153686523
2011-03-25,26.262197494506836,100.09861755371094,49.75680923461914,14.677864074707031,0.4260185956954956,19.537105560302734,8.548999786376953,14.371254920959473
2011-03-28,26.197832107543945,99.85468292236328,49.48545455932617,14.635404586791992,0.4417973458766937,19.37696647644043,8.467499732971191,14.262679100036621
2011-03-29,26.680591583251953,100.52555847167969,49.9669075012207,14.750042915344238,0.4383670687675476,19.437973022460938,8.730999946594238,14.420585632324219
2011-03-30,26.59208869934082,101.21929168701172,50.2032585144043,14.754288673400879,0.42190271615982056,19.52948570251465,8.970999717712402,14.423314094543457
2011-03-31,26.897830963134766,101.08209228515625,50.27329635620117,14.686356544494629,0.4221312701702118,19.361709594726562,9.006500244140625,14.545276641845703
2011-04-01,27.372539520263672,101.50898742675781,50.29955291748047,14.46981430053711,0.41618573665618896,19.43034553527832,9.006500244140625,14.670211791992188
2011-04-04,27.469104766845703,101.59285736083984,50.13322448730469,14.359426498413086,0.4013219177722931,19.483728408813477,9.147000312805176,14.568082809448242
2011-04-05,27.292089462280273,101.57762145996094,50.00191116333008,14.699090003967285,0.4020081162452698,19.65911865234375,9.26449966430664,14.10725212097168
2011-04-06,27.01852798461914,101.8978042602539,50.12447738647461,14.885908126831055,0.3992639482021332,19.941274642944336,9.137999534606934,14.233426094055176
2011-04-07,27.131166458129883,101.63862609863281,50.08946228027344,14.864680290222168,0.4138990640640259,19.97939109802246,9.245499610900879,14.377700805664062
2011-04-08,26.98634910583496,101.28791046142578,49.853111267089844,14.80948257446289,0.4013219177722931,19.880260467529297,9.23550033569336,14.332086563110352
2011-04-11,27.2281551361084,100.98297882080078,49.68678665161133,14.703337669372559,0.3960624039173126,19.811635971069336,9.20199966430664,14.312505722045898
2011-04-12,26.921863555908203,100.22820281982422,49.34539031982422,14.414623260498047,0.3972058594226837,19.55236053466797,9.02400016784668,14.144928932189941
2011-04-13,27.16366958618164,100.22063446044922,49.76555633544922,14.45283317565918,0.40612417459487915,19.544729232788086,9.114500045776367,14.285484313964844
2011-04-14,27.24427604675293,100.29683685302734,49.67802429199219,14.465570449829102,0.4232747554779053,19.38459014892578,9.090999603271484,14.340766906738281
2011-04-15,27.550569534301758,100.66277313232422,49.59047317504883,14.588700294494629,0.4278481602668762,19.346458435058594,9.000499725341797,13.155595779418945
2011-04-18,27.10724639892578,99.53449249267578,49.240325927734375,14.393389701843262,0.4136703908443451,19.125316619873047,8.916999816894531,13.059910774230957
2011-04-19,27.13948631286621,100.10625457763672,49.54670715332031,14.457077026367188,0.41206976771354675,19.17868995666504,8.940999984741211,12.928279876708984
2011-04-20,27.4941463470459,101.47086334228516,50.667205810546875,15.136414527893066,0.4246467649936676,19.64386749267578,9.193499565124512,13.032394409179688
2011-04-21,28.010025024414062,101.98930358886719,51.06989288330078,15.18736457824707,0.42350339889526367,19.460851669311523,9.294500350952148,13.016777992248535
2011-04-25,28.07450294494629,101.88256072998047,51.20119094848633,15.242559432983398,0.43013492226600647,19.52948570251465,9.270999908447266,13.015538215637207
2011-04-26,28.187353134155273,102.75926971435547,51.49006652832031,15.501556396484375,0.4413398802280426,19.971765518188477,9.114999771118164,13.208147048950195
2011-04-27,28.413042068481445,103.43019104003906,51.84022521972656,15.603456497192383,0.4413398802280426,20.116657257080078,9.831500053405762,13.330606460571289
2011-04-28,28.445281982421875,103.76561737060547,51.761451721191406,15.5355224609375,0.4461419880390167,20.368305206298828,9.753499984741211,13.335814476013184
2011-04-29,28.985328674316406,104.00957489013672,51.71767807006836,15.577981948852539,0.45734700560569763,19.765880584716797,9.790499687194824,13.487771034240723
2011-05-02,29.315805435180664,103.84945678710938,51.62137985229492,15.408146858215332,0.451172798871994,19.567615509033203,10.059499740600586,13.350439071655273
2011-05-03,29.130416870117188,103.47592163085938,51.37626647949219,15.335968971252441,0.42967748641967773,19.681997299194336,9.922499656677246,13.234673500061035
2011-05-04,28.413042068481445,102.78978729248047,51.2974853515625,15.386919021606445,0.4264761507511139,19.872634887695312,9.998499870300293,13.28177261352539
2011-05-05,27.9455509185791,101.85966491699219,51.017356872558594,15.446355819702148,0.4267045557498932,19.666744232177734,9.855500221252441,13.24409294128418
2011-05-06,28.106748580932617,102.30949401855469,51.183692932128906,15.51429271697998,0.4417973458766937,19.727746963500977,9.880000114440918,13.26962661743164
2011-05-09,28.372739791870117,102.70592498779297,51.37626647949219,15.429375648498535,0.45163029432296753,19.697248458862305,10.039999961853027,13.328622817993164
2011-05-10,28.71128273010254,103.58265686035156,51.8139533996582,15.501556396484375,0.4523162841796875,19.575237274169922,10.196999549865723,13.45207405090332
2011-05-11,28.195404052734375,102.4924545288086,51.43755340576172,15.446355819702148,0.4543743133544922,19.338834762573242,10.218999862670898,13.273344993591309
2011-05-12,28.799955368041992,102.9803695678711,51.743927001953125,15.603456497192383,0.46878066658973694,19.308334350585938,10.303500175476074,13.263429641723633
2011-05-13,28.364675521850586,102.1875228881836,51.13117599487305,15.48881721496582,0.41755780577659607,19.08718490600586,10.128000259399414,13.127089500427246
2011-05-16,27.550569534301758,101.53951263427734,50.24702072143555,15.340214729309082,0.40475207567214966,18.736404418945312,9.625499725341797,12.851183891296387
2011-05-17,27.357114791870117,101.52423858642578,50.387088775634766,15.140660285949707,0.40315133333206177,18.820838928222656,9.740500450134277,13.149645805358887
2011-05-18,27.332942962646484,102.43146514892578,50.80727767944336,15.471834182739258,0.4125269651412964,18.951324462890625,9.854499816894531,13.133535385131836
2011-05-19,27.80850601196289,102.6754150390625,50.956092834472656,15.340214729309082,0.40658143162727356,18.974346160888672,9.9399995803833,13.169231414794922
2011-05-20,27.623117446899414,101.85966491699219,50.57093048095703,15.242559432983398,0.4136703908443451,18.79781150817871,9.932499885559082,12.990252494812012
2011-05-23,26.72840118408203,100.67800903320312,49.82684326171875,14.94534969329834,0.41321298480033875,18.552186965942383,9.810999870300293,12.850441932678223
2011-05-24,26.631685256958008,100.59415435791016,49.520442962646484,14.834959030151367,0.41481372714042664,18.536828994750977,9.66349983215332,12.847219467163086
2011-05-25,26.59138298034668,100.92960357666016,49.71303176879883,14.924125671386719,0.4198446571826935,18.567541122436523,9.61299991607666,12.882171630859375
2011-05-26,26.921863555908203,101.39466857910156,50.019412994384766,14.953842163085938,0.4303634464740753,18.93596839904785,9.75,12.843995094299316
2011-05-27,27.16366958618164,101.78345489501953,50.27329635620117,15.000548362731934,0.44591328501701355,19.00506019592285,9.706500053405762,12.912663459777832
2011-05-31,27.58281707763672,102.84310913085938,51.0873908996582,15.23831558227539,0.45826175808906555,19.19695281982422,9.834500312805176,13.113950729370117
2011-06-01,26.50271987915039,100.53314971923828,49.97564697265625,14.762781143188477,0.4376811981201172,18.751754760742188,9.619999885559082,13.02917194366455
2011-06-02,26.373750686645508,100.42646789550781,50.08069610595703,14.80948257446289,0.43562307953834534,18.590566635131836,9.682499885559082,13.0901517868042
2011-06-03,26.059391021728516,99.427734375,49.32786560058594,14.503786087036133,0.4221312701702118,18.352619171142578,9.416000366210938,12.96670150756836
2011-06-06,25.946550369262695,98.37567901611328,48.925209045410156,14.45283317565918,0.41321298480033875,18.42937660217285,9.284500122070312,12.91662883758545
2011-06-07,25.664426803588867,98.31470489501953,48.83765411376953,14.550487518310547,0.4129844009876251,18.467756271362305,9.3774995803833,12.86630630493164
2011-06-08,25.188865661621094,97.90302276611328,48.48750686645508,14.24478816986084,0.4017791748046875,18.375648498535156,9.40250015258789,12.86977767944336
2011-06-09,25.495166778564453,98.65013122558594,48.575042724609375,14.287246704101562,0.3972058594226837,18.39099884033203,9.484000205993652,12.809290885925293
2011-06-10,25.1324405670166,97.2778549194336,47.830970764160156,14.05797004699707,0.39148905873298645,18.1991024017334,9.326499938964844,12.630313873291016
2011-06-13,25.495166778564453,97.35409545898438,47.830970764160156,13.947579383850098,0.38874492049217224,18.452402114868164,9.314499855041504,12.511821746826172
2011-06-14,25.85788917541504,98.58915710449219,48.443721771240234,14.198081970214844,0.3919464349746704,18.590566635131836,9.498000144958496,12.602054595947266
2011-06-15,25.116317749023438,96.83570861816406,47.524593353271484,13.943334579467773,0.38348549604415894,18.22213363647461,9.298999786376953,12.467698097229004
2011-06-16,24.826139450073242,97.04915618896484,47.34074783325195,13.807463645935059,0.37022244930267334,18.421703338623047,9.182499885559082,12.403743743896484
2011-06-17,25.1324405670166,97.33876037597656,47.192481994628906,13.722549438476562,0.36153292655944824,18.621267318725586,9.318499565124512,12.02322769165039
2011-06-20,25.72085952758789,97.83674621582031,47.43813705444336,13.769251823425293,0.357187956571579,18.78245735168457,9.38599967956543,12.012319564819336
2011-06-21,26.317331314086914,99.17749786376953,48.45586395263672,14.070706367492676,0.3649628758430481,19.00506019592285,9.71150016784668,12.221043586730957
2011-06-22,25.95460319519043,98.57992553710938,48.10493087768555,13.981544494628906,0.3599321246147156,18.920618057250977,9.581500053405762,12.072558403015137
2011-06-23,26.164175033569336,98.29644012451172,48.55235290527344,14.181102752685547,0.3706797957420349,18.905271530151367,9.708000183105469,11.904239654541016
2011-06-24,25.10019874572754,97.15486907958984,47.710121154785156,13.866907119750977,0.3599321246147156,18.651975631713867,9.6274995803833,11.771867752075195
2011-06-27,25.454856872558594,98.0206527709961,48.47340393066406,14.011266708374023,0.3523860275745392,19.342788696289062,10.0625,11.968196868896484
2011-06-28,26.06744384765625,99.30010223388672,49.192832946777344,14.121655464172363,0.3544439375400543,19.80332374572754,10.117500305175781,12.23715877532959
2011-06-29,26.140005111694336,100.15054321289062,49.39462661743164,14.096184730529785,0.3599321246147156,19.665164947509766,10.208999633789062,12.334331512451172
2011-06-30,26.526897430419922,101.10822296142578,50.05263137817383,14.46981430053711,0.3645056188106537,19.956844329833984,10.224499702453613,12.55272388458252
2011-07-01,26.639741897583008,102.6021728515625,50.807151794433594,14.762781143188477,0.3693077862262726,19.972192764282227,10.474499702453613,12.915885925292969
2011-07-05,26.647808074951172,102.51793670654297,51.061588287353516,14.609928131103516,0.3631335198879242,19.979873657226562,10.659500122070312,13.19872760772705
2011-07-06,26.768709182739258,102.64049530029297,51.22827911376953,14.597193717956543,0.35833144187927246,20.210140228271484,10.709500312805176,13.271112442016602
2011-07-07,27.478031158447266,103.7054443359375,51.930145263671875,14.932613372802734,0.3597034513950348,20.547870635986328,10.836999893188477,13.5497465133667
2011-07-08,27.357114791870117,102.969970703125,51.78977966308594,14.711828231811523,0.3528432548046112,20.663005828857422,10.913999557495117,13.187572479248047
2011-07-11,26.75958251953125,101.10822296142578,50.85100555419922,14.503786087036133,0.3404949903488159,20.440414428710938,10.6274995803833,13.070816993713379
2011-07-12,26.323551177978516,100.6714859008789,50.464996337890625,14.05372428894043,0.33592140674591064,20.3713321685791,10.56149959564209,13.237648963928223
2011-07-13,26.396228790283203,101.00860595703125,50.67554473876953,13.96031665802002,0.3352353572845459,20.440414428710938,10.675000190734863,13.343001365661621
2011-07-14,25.879444122314453,100.3113784790039,50.08771896362305,13.781990051269531,0.3219723701477051,20.317602157592773,10.519000053405762,13.111968040466309
2011-07-15,25.911752700805664,100.8936996459961,50.754493713378906,13.832942008972168,0.3224295973777771,20.5555419921875,10.643500328063965,14.814484596252441
2011-07-18,25.427265167236328,100.06626892089844,50.48252487182617,13.709813117980957,0.3155694901943207,20.409706115722656,10.576499938964844,14.748051643371582
2011-07-19,26.355854034423828,101.69046020507812,51.63185501098633,14.104677200317383,0.3251737356185913,21.138904571533203,10.902999877929688,14.936695098876953
2011-07-20,25.9036865234375,101.6291732788086,51.41252136230469,14.002775192260742,0.3210577070713043,20.770465850830078,10.77750015258789,14.75821590423584
2011-07-21,26.218589782714844,103.03887176513672,51.75468444824219,14.10892105102539,0.33615002036094666,20.801166534423828,10.660499572753906,15.046760559082031
2011-07-22,26.283187866210938,103.10782623291016,52.28986358642578,14.34669017791748,0.3430102467536926,21.131223678588867,10.826000213623047,15.325387954711914
2011-07-25,26.008655548095703,102.53321075439453,52.18460464477539,14.210819244384766,0.33752205967903137,21.42289924621582,10.674500465393066,15.343981742858887
2011-07-26,25.96019172668457,102.15015411376953,52.31618881225586,14.257527351379395,0.3292897641658783,21.55338478088379,10.708999633789062,15.431734085083008
2011-07-27,24.79743766784668,100.05859375,50.96507263183594,13.790481567382812,0.31694158911705017,20.97770881652832,11.12600040435791,15.052461624145508
2011-07-28,24.76513671875,99.7674560546875,51.05282211303711,13.714057922363281,0.3162553906440735,21.277067184448242,11.194999694824219,15.14467716217041
2011-07-29,24.692472457885742,99.0855712890625,50.88612365722656,13.612156867980957,0.3162553906440735,21.031442642211914,11.12600040435791,14.96495532989502
2011-08-01,24.312959671020508,98.66421508789062,50.649227142333984,13.616403579711914,0.33317726850509644,20.931659698486328,11.065999984741211,15.041305541992188
2011-08-02,23.860769271850586,96.14356231689453,49.3682975769043,13.238523483276367,0.3297470808029175,20.570905685424805,10.585000038146973,14.68508529663086
2011-08-03,24.377553939819336,96.66455841064453,49.84206008911133,13.365898132324219,0.33866551518440247,20.663005828857422,10.498000144958496,14.902488708496094
2011-08-04,23.31976318359375,92.13665008544922,47.52587127685547,12.639861106872559,0.30642253160476685,19.91078758239746,10.074000358581543,14.316221237182617
2011-08-05,22.89181137084961,91.99874114990234,47.22758102416992,12.482763290405273,0.29613205790519714,19.71121597290039,10.135000228881836,14.353902816772461
2011-08-08,21.010400772094727,86.00747680664062,44.38497543334961,12.007230758666992,0.2728075087070465,18.790132522583008,9.6850004196167,13.53536605834961
2011-08-09,22.286211013793945,90.00675964355469,46.525699615478516,12.38935661315918,0.29567477107048035,19.634462356567383,10.254500389099121,14.214340209960938
2011-08-10,21.381837844848633,86.03045654296875,44.621856689453125,12.092147827148438,0.2821832001209259,18.575212478637695,9.706500053405762,13.60948371887207
2011-08-11,22.366945266723633,89.89183807373047,46.58709716796875,12.546453475952148,0.30665111541748047,19.33510971069336,9.918000221252441,13.934718132019043
2011-08-12,22.116634368896484,90.49710845947266,46.99945068359375,12.516732215881348,0.29453137516975403,19.266029357910156,10.114999771118164,13.975374221801758
2011-08-15,22.31850242614746,92.41246032714844,47.69257354736328,12.71203899383545,0.3057364821434021,19.58072853088379,10.147500038146973,13.813252449035645
2011-08-16,22.261978149414062,91.62332153320312,47.28898620605469,12.50399398803711,0.297046959400177,19.580726623535156,9.883999824523926,13.361346244812012
2011-08-17,22.181236267089844,91.68460083007812,47.008235931396484,12.46578311920166,0.29293081164360046,19.50349235534668,9.796500205993652,13.216329574584961
2011-08-18,20.34020233154297,87.73133850097656,44.70081329345703,11.85013484954834,0.2730361819267273,19.055484771728516,9.12600040435791,12.515541076660156
2011-08-19,20.009138107299805,86.29862976074219,43.89366912841797,11.612367630004883,0.26823410391807556,18.57659149169922,8.946499824523926,12.16948413848877
2011-08-22,20.235227584838867,86.36759185791016,44.05158233642578,11.743989944458008,0.2730361819267273,18.52252197265625,8.876999855041504,12.34920597076416
2011-08-23,21.15574836730957,89.20996856689453,45.86770248413086,12.19829273223877,0.3025350570678711,19.094112396240234,9.677499771118164,12.861102104187012
2011-08-24,21.543333053588867,90.46643829345703,46.227394104003906,12.15583324432373,0.29819029569625854,19.233142852783203,9.68649959564209,12.971909523010254
2011-08-25,20.91350555419922,89.08739471435547,45.47288513183594,11.845887184143066,0.28538456559181213,18.978246688842773,9.601499557495117,12.89134407043457
2011-08-26,21.519102096557617,90.38217163085938,46.61343002319336,12.087899208068848,0.297504186630249,19.50349235534668,9.963500022888184,13.060406684875488
2011-08-29,22.536518096923828,92.97940826416016,47.91189193725586,12.470027923583984,0.3055077791213989,19.95921516418457,10.326499938964844,13.363329887390137
2011-08-30,22.504226684570312,93.2245864868164,48.22774887084961,12.453043937683105,0.3128252923488617,20.260448455810547,10.545999526977539,13.403486251831055
2011-08-31,22.665719985961914,93.6382827758789,48.30672073364258,12.380865097045898,0.30436447262763977,20.546247482299805,10.761500358581543,13.409933090209961
2011-09-01,22.479991912841797,92.65763092041016,47.8680305480957,12.206783294677734,0.30367836356163025,20.24500846862793,10.626999855041504,13.200216293334961
2011-09-02,21.77750015258789,90.29024505615234,46.74504470825195,11.918067932128906,0.29544609785079956,19.928319931030273,10.5,13.010332107543945
2011-09-06,21.389909744262695,89.63134765625,46.75381851196289,11.875608444213867,0.30139172077178955,19.704315185546875,10.809000015258789,12.944393157958984
2011-09-07,22.3104248046875,92.15961456298828,47.93822479248047,12.24499797821045,0.32585975527763367,20.08281135559082,10.994999885559082,13.238144874572754
2011-09-08,21.575618743896484,91.20194244384766,47.71889877319336,12.181310653686523,0.3242590129375458,20.252735137939453,10.86299991607666,13.261197090148926
2011-09-09,20.99424934387207,88.81157684326172,46.65729522705078,12.109131813049316,0.31739887595176697,19.881969451904297,10.569499969482422,13.010579109191895
2011-09-12,21.599855422973633,89.38614654541016,47.25388717651367,12.368125915527344,0.32494503259658813,19.997835159301758,10.82800006866455,13.141219139099121
2011-09-13,22.38310432434082,90.2059555053711,47.88558578491211,12.580419540405273,0.3322625458240509,20.113704681396484,10.976499557495117,13.12634563446045
2011-09-14,22.730310440063477,91.45477294921875,48.56992721557617,12.873383522033691,0.34941306710243225,20.469013214111328,11.128499984741211,13.189557075500488
2011-09-15,23.37628746032715,93.03302764892578,49.289337158203125,13.060197830200195,0.3544439375400543,20.847497940063477,11.33899974822998,13.44959545135498
2011-09-16,23.60238265991211,93.5836410522461,49.741127014160156,13.132378578186035,0.35352927446365356,20.947906494140625,11.96500015258789,13.551726341247559
2011-09-19,23.43281364440918,92.65182495117188,49.75872039794922,13.038969039916992,0.34621182084083557,21.01742935180664,12.084500312805176,13.55147933959961
2011-09-20,22.89181137084961,92.54399871826172,49.53896713256836,12.9370698928833,0.3372933268547058,20.83976936340332,11.662500381469727,13.55048656463623
2011-09-21,23.852697372436523,89.8178482055664,48.67757797241211,12.699300765991211,0.3308904469013214,20.075077056884766,11.593500137329102,13.366303443908691
2011-09-22,22.883729934692383,86.91449737548828,47.09543228149414,12.363882064819336,0.3089379370212555,19.35672950744629,11.161499977111816,12.906713485717773
2011-09-23,23.335912704467773,87.43818664550781,47.59642028808594,12.618630409240723,0.31534072756767273,19.35672950744629,11.180500030517578,13.026942253112793
2011-09-26,23.98996353149414,89.5174560546875,48.15019989013672,12.652597427368164,0.31602683663368225,19.650251388549805,11.492500305175781,13.18509578704834
2011-09-27,24.329103469848633,90.51863861083984,48.65119934082031,12.915840148925781,0.3164841830730438,19.827913284301758,11.21049976348877,13.369773864746094
2011-09-28,23.780029296875,88.67034912109375,47.93044662475586,12.57192611694336,0.3068798780441284,19.758390426635742,11.48550033569336,13.109487533569336
2011-09-29,23.941524505615234,89.37113952636719,47.35911560058594,12.474272727966309,0.2993336021900177,19.657974243164062,11.121999740600586,13.076272010803223
2011-09-30,23.206716537475586,87.13788604736328,46.137351989746094,12.075163841247559,0.2860705852508545,19.225419998168945,10.81149959564209,12.767398834228516
2011-10-03,22.560747146606445,84.65808868408203,44.950714111328125,11.752480506896973,0.27006348967552185,18.947351455688477,10.598999977111816,12.283513069152832
2011-10-04,23.166343688964844,86.5140380859375,45.8736572265625,11.535943031311035,0.29498884081840515,19.573009490966797,10.625,12.441667556762695
2011-10-05,23.82847785949707,88.11587524414062,47.05147933959961,11.896838188171387,0.3055077791213989,19.997835159301758,10.975000381469727,12.511077880859375
2011-10-06,24.280651092529297,89.71003723144531,47.84253692626953,12.049688339233398,0.317627489566803,20.345422744750977,11.075499534606934,12.759220123291016
2011-10-07,24.19975471496582,89.10933685302734,47.52611541748047,12.143097877502441,0.3235729932785034,20.275909423828125,11.237000465393066,12.769381523132324
2011-10-10,25.05738067626953,92.08965301513672,49.16980743408203,12.48701286315918,0.3379794955253601,20.80886459350586,11.565999984741211,13.3159818649292
2011-10-11,25.02501678466797,92.18206787109375,49.50380325317383,12.491255760192871,0.33432066440582275,20.855215072631836,11.77400016784668,13.464963912963867
2011-10-12,25.170656204223633,92.99068450927734,49.74992370605469,12.597400665283203,0.3340919613838196,20.82431983947754,11.840499877929688,13.596842765808105
2011-10-13,25.19492530822754,92.80583953857422,50.20698547363281,12.873383522033691,0.35352927446365356,20.99424934387207,11.807499885559082,13.856881141662598
2011-10-14,25.76937484741211,94.39228057861328,51.13870620727539,12.99651050567627,0.359474778175354,21.06377410888672,12.33549976348877,14.667238235473633
2011-10-17,25.267738342285156,92.59022521972656,50.347625732421875,12.737515449523926,0.3416381776332855,20.83976936340332,12.116499900817871,14.437443733215332
2011-10-18,25.793642044067383,94.39998626708984,50.97169494628906,12.949806213378906,0.35398656129837036,21.094663619995117,12.194000244140625,14.638236045837402
2011-10-19,25.478105545043945,93.2833251953125,49.98725128173828,12.839414596557617,0.346897691488266,20.95564079284668,11.576499938964844,14.39505386352539
2011-10-20,25.51047134399414,93.69149780273438,49.741127014160156,12.665335655212402,0.32951852679252625,20.88611602783203,11.680500030517578,14.46867561340332
2011-10-21,25.987821578979492,95.47044372558594,50.36521911621094,13.013493537902832,0.331119179725647,20.978801727294922,11.73900032043457,14.637738227844238
2011-10-24,26.594636917114258,96.64097595214844,51.411190032958984,13.425341606140137,0.3434675335884094,21.001972198486328,11.880499839782715,14.784736633300781
2011-10-25,26.190095901489258,94.76191711425781,50.400352478027344,13.293719291687012,0.33043333888053894,20.708463668823242,11.357500076293945,14.456032752990723
2011-10-26,26.214374542236328,95.72456359863281,50.33884048461914,13.348915100097656,0.33432066440582275,20.538528442382812,9.920000076293945,14.534120559692383
2011-10-27,27.23381233215332,99.05914306640625,51.72761917114258,13.803220748901367,0.34872713685035706,21.048322677612305,10.33899974822998,14.8405122756958
2011-10-28,27.258092880249023,99.03604888916016,51.80671310424805,13.815957069396973,0.3567306101322174,20.83976936340332,10.866000175476074,14.876954078674316
2011-10-31,26.513734817504883,96.648681640625,50.93653106689453,13.476290702819824,0.3384368121623993,20.569427490234375,10.67549991607666,14.691035270690918
2011-11-01,25.639921188354492,93.95333862304688,49.609283447265625,13.089919090270996,0.3215150237083435,20.075077056884766,10.604999542236328,14.344234466552734
2011-11-02,26.11728286743164,95.48583221435547,50.03120422363281,13.081427574157715,0.31602683663368225,20.090526580810547,10.781000137329102,14.497183799743652
2011-11-03,26.788820266723633,97.22626495361328,51.06838607788086,13.442323684692383,0.33500662446022034,20.492185592651367,10.91450023651123,14.811509132385254
2011-11-04,26.33573341369629,96.63329315185547,50.8046875,13.552716255187988,0.33889421820640564,20.275909423828125,10.824000358581543,14.77779769897461
2011-11-07,26.594636917114258,97.2339859008789,51.165077209472656,13.56120777130127,0.33706480264663696,20.700735092163086,10.850000381469727,15.079977035522461
2011-11-08,27.193361282348633,98.4815444946289,51.753990173339844,13.650371551513672,0.3448396325111389,20.978801727294922,10.899499893188477,15.179381370544434
2011-11-09,25.559011459350586,94.84664916992188,49.934505462646484,13.055953025817871,0.3274604380130768,20.237289428710938,10.560999870300293,14.897032737731934
2011-11-10,25.672286987304688,95.73993682861328,49.90815353393555,13.174837112426758,0.3308904469013214,20.2990779876709,10.53950023651123,14.751522064208984
2011-11-11,26.190095901489258,97.54204559326172,50.8486328125,13.590927124023438,0.3425530195236206,20.78570556640625,10.869500160217285,15.080472946166992
2011-11-14,26.133460998535156,96.61787414550781,50.53220748901367,13.459306716918945,0.33592140674591064,20.66983985900879,10.946499824523926,15.195744514465332
2011-11-15,26.66745376586914,97.09537506103516,51.094749450683594,13.646123886108398,0.3402661681175232,20.809921264648438,10.891500473022461,15.283988952636719
2011-11-16,25.882644653320312,95.55514526367188,50.250938415527344,13.556962013244629,0.3334059715270996,20.288497924804688,10.599499702453613,15.157814979553223
2011-11-17,24.936019897460938,94.03800964355469,49.073123931884766,13.081427574157715,0.3215150237083435,19.876039505004883,10.22599983215332,14.895051956176758
2011-11-18,24.758014678955078,93.93789672851562,48.695159912109375,12.941313743591309,0.3185422420501709,19.68926239013672,9.857000350952148,14.746563911437988
2011-11-21,24.19975471496582,92.15125274658203,47.76344680786133,12.635613441467285,0.33454930782318115,19.455801010131836,9.462499618530273,14.401002883911133
2011-11-22,24.118839263916016,91.78931427001953,47.9216423034668,12.444550514221191,0.3448396325111389,19.29237174987793,9.616999626159668,14.377700805664062
2011-11-23,23.463483810424805,89.76392364501953,46.84053039550781,12.087899208068848,0.33020448684692383,19.043331146240234,9.44950008392334,14.132536888122559
2011-11-25,23.25311851501465,89.59449005126953,46.48014831542969,11.99449348449707,0.3210577070713043,18.91103744506836,9.119999885559082,13.956286430358887
2011-11-28,24.167387008666992,92.18975830078125,48.09745407104492,12.359635353088379,0.33912283182144165,19.354625701904297,9.707500457763672,14.580724716186523
2011-11-29,24.062204360961914,92.45162200927734,47.79859924316406,12.334157943725586,0.3409522771835327,19.331281661987305,9.419500350952148,14.450331687927246
2011-11-30,25.36482810974121,96.25592803955078,49.56533432006836,13.02198600769043,0.35741665959358215,19.90717124938965,9.614500045776367,14.858363151550293
2011-12-01,25.62373924255371,96.24053192138672,49.90815353393555,13.077181816101074,0.36176154017448425,19.673702239990234,9.856499671936035,15.214829444885254
2011-12-02,25.24346351623535,96.15580749511719,49.76750564575195,12.992266654968262,0.359474778175354,19.62700653076172,9.80150032043457,15.378190040588379
2011-12-05,25.80982780456543,97.20317077636719,50.312469482421875,13.183327674865723,0.35398656129837036,20.00056266784668,9.812000274658203,15.50932502746582
2011-12-06,25.672286987304688,97.2339859008789,50.17183303833008,13.204556465148926,0.3489558696746826,19.96943473815918,9.599499702453613,15.46272087097168
2011-12-07,25.5185546875,97.59590911865234,50.17183303833008,13.310704231262207,0.346897691488266,19.92273712158203,9.765999794006348,15.453300476074219
2011-12-08,24.871292114257812,95.45501708984375,49.3280143737793,12.949806213378906,0.33592140674591064,19.767086029052734,9.52400016784668,15.27134895324707
2011-12-09,25.639921188354492,97.07227325439453,50.11909103393555,13.106903076171875,0.34072354435920715,20.00056266784668,9.65149974822998,15.553200721740723
2011-12-12,25.340559005737305,95.6552505493164,49.55655288696289,12.695055961608887,0.3322625458240509,19.852689743041992,9.47599983215332,15.502880096435547
2011-12-13,24.944107055664062,94.76191711425781,49.0115852355957,12.470027923583984,0.32311567664146423,20.047252655029297,9.025500297546387,15.508828163146973
2011-12-14,24.167387008666992,93.75308990478516,48.24687576293945,12.25348949432373,0.31053856015205383,19.91495132446289,9.010499954223633,15.321423530578613
2011-12-15,23.487751007080078,94.09192657470703,48.115013122558594,12.363882064819336,0.30779457092285156,19.8916015625,9.062999725341797,15.35786247253418
2011-12-16,23.633394241333008,94.23143768310547,48.36275863647461,12.363882064819336,0.3089379370212555,20.234037399291992,9.062999725341797,15.517008781433105
2011-12-19,23.14794158935547,93.22392272949219,47.886714935302734,12.266227722167969,0.3009343147277832,19.86825942993164,8.966500282287598,15.414628028869629
2011-12-20,23.601024627685547,96.04492950439453,49.3060417175293,12.750252723693848,0.31785619258880615,20.25737190246582,9.12600040435791,15.62632942199707
2011-12-21,20.85013771057129,96.23090362548828,48.60078048706055,12.60164737701416,0.3137400448322296,20.047252655029297,8.717499732971191,15.51353931427002
2011-12-22,20.78540802001953,97.08341217041016,49.015113830566406,12.920084953308105,0.3272317349910736,20.086166381835938,8.951499938964844,15.609720230102539
2011-12-23,21.08477020263672,97.9514389038086,49.43827438354492,13.013493537902832,0.32403045892715454,20.25737190246582,8.86400032043457,15.69499683380127
2011-12-27,20.736862182617188,98.02889251708984,49.62266159057617,13.013493537902832,0.3215150237083435,20.26516342163086,8.81350040435791,15.871247291564941
2011-12-28,20.63978385925293,96.74244689941406,49.049156188964844,12.85639762878418,0.31351155042648315,20.09394645690918,8.694499969482422,15.857612609863281
2011-12-29,20.87440299987793,97.74217224121094,49.402103424072266,12.971035957336426,0.31945693492889404,20.24959373474121,8.692999839782715,15.924541473388672
2011-12-30,20.753047943115234,97.26168060302734,49.26091003417969,12.920084953308105,0.31694158911705017,20.202905654907227,8.654999732971191,16.01130485534668
2012-01-03,20.922948837280273,98.8116683959961,50.20502853393555,13.098409652709961,0.3210577070713043,20.833271026611328,8.951499938964844,16.49494171142578
2012-01-04,21.0443115234375,98.96664428710938,50.41677474975586,13.106903076171875,0.32471635937690735,21.32355499267578,8.875499725341797,16.566085815429688
2012-01-05,21.513582229614258,99.2301254272461,50.83147048950195,13.268245697021484,0.33637863397598267,21.541458129882812,8.880499839782715,16.33629035949707
2012-01-06,21.788679122924805,98.97438049316406,51.0079460144043,13.251260757446289,0.3324911892414093,21.876096725463867,9.130499839782715,16.11343765258789
2012-01-09,21.918415069580078,99.21467590332031,50.84029006958008,13.467799186706543,0.3324911892414093,21.588151931762695,8.928000450134277,15.43024730682373
2012-01-10,21.86976432800293,100.07490539550781,51.210880279541016,13.565451622009277,0.331119179725647,21.66597557067871,8.967000007629395,15.447104454040527
2012-01-11,21.80488395690918,100.12913513183594,51.316741943359375,13.548468589782715,0.32448774576187134,21.57259178161621,8.944999694824219,15.517008781433105
2012-01-12,22.031946182250977,100.36940002441406,51.51968002319336,13.667351722717285,0.3224295973777771,21.790498733520508,8.796500205993652,15.608233451843262
2012-01-13,22.169795989990234,99.8501205444336,51.33441925048828,13.412602424621582,0.3139687478542328,21.985048294067383,8.920999526977539,15.492964744567871
2012-01-17,22.42928695678711,100.23762512207031,51.80204772949219,13.429587364196777,0.3091666102409363,21.992830276489258,9.083000183105469,15.581955909729004
2012-01-18,22.980684280395508,101.3458480834961,52.490264892578125,13.96456241607666,0.3196854889392853,21.969484329223633,9.472000122070312,15.68929386138916
2012-01-19,23.159080505371094,101.880615234375,52.816715240478516,14.193840026855469,0.3281465172767639,21.883878707885742,9.72249984741211,15.854390144348145
2012-01-20,23.280715942382812,102.2603530883789,52.73731231689453,14.295736312866211,0.3251737356185913,23.12126922607422,9.546500205993652,14.5261869430542
2012-01-23,23.021223068237305,101.99686431884766,52.75497817993164,14.295736312866211,0.3340919613838196,23.136831283569336,9.304499626159668,14.51453685760498
2012-01-24,23.11853790283203,101.880615234375,52.65791320800781,14.350932121276855,0.3416381776332855,22.83332061767578,9.350000381469727,14.400754928588867
2012-01-25,23.11853790283203,102.73308563232422,53.319664001464844,14.393389701843262,0.339580237865448,23.004535675048828,9.390000343322754,14.117167472839355
2012-01-26,22.940143585205078,102.20612335205078,53.13438415527344,14.32121467590332,0.33637863397598267,22.957839965820312,9.666000366210938,14.082709312438965
2012-01-27,23.045562744140625,102.15962982177734,53.293190002441406,14.333950996398926,0.3409522771835327,22.747718811035156,9.768500328063965,14.377205848693848
2012-01-30,23.191518783569336,101.81087493896484,53.337310791015625,14.236294746398926,0.3384368121623993,23.04344367980957,9.607500076293945,14.320438385009766
2012-01-31,22.875272750854492,101.77210235595703,53.40789794921875,14.232048988342285,0.33775070309638977,22.981184005737305,9.722000122070312,14.380427360534668
2012-02-01,23.418563842773438,102.66334533691406,53.840248107910156,14.465570449829102,0.34140944480895996,23.261354446411133,8.972999572753906,14.398276329040527
2012-02-02,23.361801147460938,102.82611083984375,54.00788497924805,14.46981430053711,0.35421517491340637,23.308042526245117,9.086000442504883,14.504372596740723
2012-02-03,23.605073928833008,104.267578125,54.749046325683594,14.699090003967285,0.36176154017448425,23.533729553222656,9.383999824523926,14.782506942749023
2012-02-06,23.515880584716797,104.19784545898438,54.70493698120117,14.546241760253906,0.35901740193367004,23.502605438232422,9.156999588012695,15.098816871643066
2012-02-07,23.475326538085938,104.46134185791016,54.819637298583984,14.588700294494629,0.3599321246147156,23.619340896606445,9.209500312805176,15.041305541992188
2012-02-08,23.296932220458984,104.77135467529297,55.11082077026367,14.720320701599121,0.37296637892723083,23.86058235168457,9.27400016784668,15.117655754089355
2012-02-09,23.42667579650879,104.90309143066406,55.507869720458984,14.771270751953125,0.37273791432380676,23.946195602416992,9.24899959564209,15.15756607055664
2012-02-10,23.110431671142578,104.12809753417969,55.1196403503418,14.50802993774414,0.36359095573425293,23.736066818237305,9.277000427246094,15.019988059997559
2012-02-13,23.053661346435547,104.90309143066406,55.63140106201172,14.558979034423828,0.3693077862262726,23.79833221435547,9.579500198364258,15.175909996032715
2012-02-14,22.899593353271484,104.77135467529297,55.77256393432617,14.605685234069824,0.37136590480804443,23.69649314880371,9.5649995803833,15.115426063537598
2012-02-15,22.688758850097656,104.2831039428711,55.38434982299805,14.643898010253906,0.369765043258667,23.53982925415039,9.22350025177002,15.011308670043945
2012-02-16,23.475326538085938,105.43778991699219,56.143157958984375,14.941104888916016,0.3761679232120514,24.511188507080078,8.996500015258789,15.035109519958496
2012-02-17,23.3455867767334,105.71684265136719,55.96668243408203,14.915630340576172,0.36244747042655945,24.479848861694336,9.125,14.988506317138672
2012-02-21,23.305038452148438,105.76333618164062,56.1254997253418,14.741551399230957,0.36427682638168335,24.628684997558594,9.11299991607666,15.22053050994873
2012-02-22,23.15097427368164,105.42235565185547,55.869625091552734,14.656635284423828,0.36176154017448425,24.495519638061523,9.029000282287598,15.07030963897705
2012-02-23,23.361801147460938,105.88731384277344,56.240234375,14.622665405273438,0.36381959915161133,24.573856353759766,8.944499969482422,15.024946212768555
2012-02-24,23.718595504760742,106.11981201171875,56.434326171875,14.605685234069824,0.3610754907131195,24.660024642944336,8.956500053405762,15.118894577026367
2012-02-27,23.726703643798828,106.29810333251953,56.51372146606445,14.66512680053711,0.3537580072879791,24.55818748474121,8.92650032043457,15.104269981384277
2012-02-28,23.832120895385742,106.60803985595703,57.08726119995117,14.877416610717773,0.35055649280548096,24.96553611755371,9.1899995803833,15.32935619354248
2012-02-29,23.718595504760742,106.1895523071289,56.83137893676758,14.648141860961914,0.3464403748512268,24.863698959350586,8.98449993133545,15.325885772705078
2012-03-01,24.188922882080078,106.73979949951172,57.2813606262207,14.648141860961914,0.34872713685035706,25.294544219970703,9.001999855041504,15.428760528564453
2012-03-02,24.29433250427246,106.4143295288086,57.23726272583008,14.533503532409668,0.3516998291015625,25.130033493041992,8.96500015258789,15.400253295898438
2012-03-05,24.521379470825195,105.98033142089844,56.646053314208984,14.223556518554688,0.3398088216781616,24.910696029663086,9.012999534606934,15.226727485656738
2012-03-06,24.27811622619629,104.43035125732422,56.09020233154297,14.172608375549316,0.336607426404953,24.722688674926758,9.054499626159668,14.99643611907959
2012-03-07,24.505163192749023,105.15884399414062,56.522544860839844,14.367918014526367,0.33866551518440247,24.942028045654297,9.18850040435791,15.042049407958984
2012-03-08,24.38352394104004,106.2050552368164,57.13136291503906,14.49953842163086,0.3398088216781616,25.075193405151367,9.381999969482422,15.050477981567383
2012-03-09,24.432186126708984,106.61583709716797,57.36959457397461,14.614175796508789,0.33889421820640564,25.05953598022461,9.215999603271484,14.879679679870605
2012-03-12,24.091602325439453,106.62356567382812,57.39605712890625,14.48255443572998,0.33363479375839233,25.098695755004883,9.169500350952148,15.001148223876953
2012-03-13,24.432186126708984,108.54556274414062,58.463706970214844,14.817975997924805,0.33820804953575134,25.59221076965332,9.229499816894531,15.314234733581543
2012-03-14,24.1970272064209,108.42932891845703,58.666629791259766,14.737306594848633,0.3286038041114807,25.67054557800293,9.11299991607666,15.269861221313477
2012-03-15,24.37542152404785,109.05702209472656,58.83425521850586,14.983565330505371,0.3334059715270996,25.73321533203125,9.221500396728516,15.397276878356934
2012-03-16,24.115934371948242,109.20806121826172,58.792720794677734,14.979315757751465,0.33386337757110596,25.537382125854492,9.2524995803833,15.494203567504883
2012-03-19,24.13214683532715,109.63619232177734,59.20813751220703,15.132163047790527,0.3347781300544739,25.224035263061523,9.276000022888184,15.715818405151367
2012-03-20,24.407859802246094,109.3170394897461,59.314208984375,15.038755416870117,0.3292897641658783,25.05953598022461,9.616499900817871,15.703672409057617
2012-03-21,23.848342895507812,109.13800048828125,59.32305145263672,15.110940933227539,0.33066195249557495,24.996862411499023,9.58650016784668,15.864553451538086
2012-03-22,23.21584129333496,108.35179138183594,59.199310302734375,15.026021003723145,0.33020448684692383,25.067363739013672,9.619999885559082,16.01502227783203
2012-03-23,23.15097427368164,108.70213317871094,59.16397476196289,15.043007850646973,0.3327200412750244,25.075193405151367,9.751999855041504,15.929253578186035
2012-03-26,23.645618438720703,110.22777557373047,60.19801712036133,15.276528358459473,0.336607426404953,25.5295467376709,10.143500328063965,16.096330642700195
2012-03-27,23.7996883392334,109.88526153564453,60.28643798828125,15.268033981323242,0.33889421820640564,25.474708557128906,10.272000312805176,16.03907012939453
2012-03-28,23.807796478271484,109.34040832519531,60.047786712646484,15.085463523864746,0.34666907787323,25.216205596923828,10.057999610900879,16.25572395324707
2012-03-29,23.75914192199707,109.15357208251953,59.81797790527344,15.11518383026123,0.3482697606086731,25.161365509033203,10.230500221252441,16.073524475097656
2012-03-30,23.645618438720703,109.60503387451172,59.703102111816406,15.20009994506836,0.35215723514556885,25.271045684814453,10.125499725341797,15.895788192749023
2012-04-02,23.945650100708008,110.40673828125,60.321781158447266,15.246807098388672,0.35055649280548096,25.294544219970703,9.90250015258789,16.036590576171875
2012-04-03,23.832120895385742,109.95530700683594,60.30413055419922,15.03451156616211,0.3448396325111389,25.020362854003906,9.982999801635742,15.929996490478516
2012-04-04,23.645618438720703,108.86553955078125,59.48213195800781,14.767026901245117,0.33500662446022034,24.448514938354492,9.69950008392334,15.744820594787598
2012-04-05,23.969974517822266,108.81104278564453,59.853363037109375,14.839205741882324,0.33454930782318115,24.69135856628418,9.719499588012695,15.67466926574707
2012-04-09,23.57183265686035,107.5890121459961,59.402591705322266,14.618419647216797,0.33020448684692383,24.362350463867188,9.593500137329102,15.637980461120605
2012-04-10,23.035554885864258,105.78315734863281,58.448055267333984,14.384902000427246,0.3238016963005066,23.868837356567383,9.348999977111816,15.539320945739746
2012-04-11,22.864917755126953,106.63937377929688,58.73086166381836,14.605685234069824,0.3279177248477936,23.774829864501953,9.398500442504883,15.764902114868164
2012-04-12,23.319944381713867,108.03271484375,59.402591705322266,14.868925094604492,0.33569270372390747,24.268342971801758,9.534500122070312,16.137977600097656
2012-04-13,23.20618438720703,106.74835205078125,58.501068115234375,14.66512680053711,0.3238016963005066,24.13516616821289,9.42300033569336,15.483297348022461
2012-04-16,23.27118492126465,106.67828369140625,57.84703063964844,14.720320701599121,0.3199143707752228,24.346681594848633,9.274999618530273,15.023951530456543
2012-04-17,23.791213989257812,108.25841522216797,59.02252960205078,14.89864444732666,0.3206002712249756,24.628684997558594,9.419500350952148,15.1107177734375
2012-04-18,23.66933250427246,107.89257049560547,58.87228012084961,14.800992965698242,0.31717008352279663,24.3936824798584,9.553500175476074,15.0581636428833
2012-04-19,23.57183265686035,107.19979858398438,58.20939636230469,14.7075834274292,0.31236809492111206,24.291845321655273,9.555000305175781,14.856130599975586
2012-04-20,23.46619415283203,107.37883758544922,58.050323486328125,14.45283317565918,0.3061937987804413,25.396373748779297,9.49899959564209,14.7758150100708
2012-04-23,23.141178131103516,106.47587585449219,57.52002716064453,14.249032974243164,0.3025350570678711,25.161365509033203,9.411999702453613,14.813989639282227
2012-04-24,23.311809539794922,106.88069152832031,57.21066665649414,14.083444595336914,0.2931593954563141,25.004697799682617,9.516500473022461,14.904964447021484
2012-04-25,23.458078384399414,108.34404754638672,58.73086166381836,14.380655288696289,0.2991049587726593,25.224035263061523,9.720999717712402,15.114433288574219
2012-04-26,23.579954147338867,109.09909057617188,59.075565338134766,14.7075834274292,0.2993336021900177,25.153535842895508,9.799500465393066,15.25697135925293
2012-04-27,23.758712768554688,109.27816772460938,59.42909622192383,14.784008979797363,0.29681819677352905,25.05170440673828,11.342499732971191,15.244824409484863
2012-04-30,23.888717651367188,108.87333679199219,59.00486755371094,14.686356544494629,0.2972756028175354,25.08303451538086,11.595000267028809,14.9937105178833
2012-05-01,24.02684783935547,109.55054473876953,59.10209655761719,14.750042915344238,0.3025350570678711,25.075193405151367,11.501999855041504,14.983299255371094
2012-05-02,24.140602111816406,109.2236557006836,59.270023345947266,14.830713272094727,0.29384541511535645,24.910696029663086,11.512499809265137,15.05345344543457
2012-05-03,23.872472763061523,108.39073944091797,58.64248275756836,14.495292663574219,0.2888146638870239,24.879362106323242,11.47249984741211,15.146658897399902
2012-05-04,23.084299087524414,106.63937377929688,57.18415451049805,14.164118766784668,0.28035372495651245,24.268342971801758,11.19950008392334,14.798371315002441
2012-05-07,22.686161041259766,106.71721649169922,57.2371940612793,14.138642311096191,0.28515586256980896,24.00983428955078,11.258000373840332,15.060641288757324
2012-05-08,22.69428825378418,106.28910064697266,57.02507400512695,13.985790252685547,0.2849271893501282,23.892335891723633,11.194999694824219,15.190535545349121
2012-05-09,22.57240104675293,105.65860748291016,56.84830093383789,13.930597305297852,0.2860705852508545,24.096004486083984,11.14900016784668,15.100303649902344
2012-05-10,21.95486831665039,105.87657165527344,56.73340606689453,13.956068992614746,0.2840123772621155,24.08034324645996,11.334500312805176,15.212103843688965
2012-05-11,21.938623428344727,105.55742645263672,56.72457504272461,14.03249454498291,0.3020777404308319,24.40934944152832,11.383999824523926,15.003131866455078
2012-05-14,21.90612030029297,104.38983917236328,56.19424819946289,13.832942008972168,0.30024829506874084,24.033334732055664,11.146499633789062,14.972640037536621
2012-05-15,21.98737335205078,103.79045867919922,56.00864791870117,13.718303680419922,0.2972756028175354,23.82044219970703,11.219499588012695,15.14889144897461
2012-05-16,21.711101531982422,103.39348602294922,55.628623962402344,13.595175743103027,0.29133009910583496,23.576005935668945,11.20300006866455,15.590633392333984
2012-05-17,21.3292179107666,101.86006164550781,54.4531135559082,13.340424537658691,0.28927192091941833,23.43407440185547,10.918000221252441,15.444872856140137
2012-05-18,20.809188842773438,100.98828887939453,53.74604797363281,13.106903076171875,0.27623751759529114,23.079259872436523,10.692500114440918,14.883399963378906
2012-05-21,21.33734130859375,102.72409057617188,55.24856948852539,13.382882118225098,0.28103968501091003,23.45773696899414,10.905500411987305,15.223258018493652
2012-05-22,21.418598175048828,102.90306854248047,55.186683654785156,13.310704231262207,0.2776097059249878,23.465620040893555,10.766500473022461,14.893314361572266
2012-05-23,21.678606033325195,102.95759582519531,55.29275894165039,13.255505561828613,0.2844699025154114,22.953096389770508,10.86400032043457,15.107990264892578
2012-05-24,21.223587036132812,103.15998840332031,54.93038558959961,13.1705904006958,0.27692359685897827,22.921558380126953,10.76200008392334,14.964212417602539
2012-05-25,21.239831924438477,102.82525634765625,54.85966873168945,13.259751319885254,0.28355520963668823,22.913671493530273,10.644499778747559,14.663518905639648
2012-05-29,21.49984359741211,104.0706787109375,55.55790710449219,13.497519493103027,0.29087263345718384,23.30792236328125,10.737500190734863,14.733177185058594
2012-05-30,21.264209747314453,102.56057739257812,55.089473724365234,13.297965049743652,0.28744256496429443,23.13445472717285,10.46150016784668,14.581714630126953
2012-05-31,21.507976531982422,102.33486938476562,54.85082244873047,13.191818237304688,0.2842411696910858,23.016185760498047,10.645500183105469,14.399020195007324
2012-06-01,21.126079559326172,99.75840759277344,53.392494201660156,12.699300765991211,0.27395084500312805,22.43269157409668,10.41100025177002,14.154101371765137
2012-06-04,21.288585662841797,99.71170043945312,53.7990837097168,12.690811157226562,0.26823410391807556,22.51154327392578,10.728500366210938,14.342745780944824
2012-06-05,21.702978134155273,100.46675109863281,54.02002716064453,12.9370698928833,0.2760090231895447,22.480003356933594,10.660499572753906,14.139971733093262
2012-06-06,22.369272232055664,102.72409057617188,55.25740051269531,13.32768726348877,0.2833264172077179,23.142337799072266,10.881999969482422,14.39183235168457
2012-06-07,22.084875106811523,102.78633117675781,55.03643798828125,13.21729564666748,0.2718927562236786,23.04772186279297,10.9399995803833,14.333822250366211
2012-06-08,22.068618774414062,103.6036376953125,55.566734313964844,13.357406616210938,0.27715232968330383,23.378883361816406,10.923999786376953,14.388855934143066
2012-06-11,21.784238815307617,102.2881851196289,54.6298828125,13.136625289916992,0.28035372495651245,22.78750991821289,10.824999809265137,14.09262466430664
2012-06-12,21.963001251220703,103.46353912353516,55.29275894165039,13.438077926635742,0.2860705852508545,23.095029830932617,10.821000099182129,14.008342742919922
2012-06-13,21.95486831665039,102.80193328857422,54.91269302368164,13.33617877960205,0.2785244286060333,22.968868255615234,10.736499786376953,13.908937454223633
2012-06-14,21.865489959716797,103.89167785644531,55.11597442626953,13.293719291687012,0.275094211101532,23.13445472717285,10.72249984741211,13.858368873596191
2012-06-15,22.50739860534668,104.95418548583984,55.80075454711914,13.506010055541992,0.28103968501091003,23.670623779296875,10.917499542236328,13.993717193603516
2012-06-18,22.036128997802734,105.15765380859375,56.32341003417969,13.637632369995117,0.28355520963668823,23.528697967529297,11.133000373840332,14.15087890625
2012-06-19,22.71866226196289,106.17476654052734,56.9080924987793,13.773500442504883,0.3027636706829071,24.20680046081543,11.201499938964844,14.415627479553223
2012-06-20,23.149309158325195,106.00267028808594,56.9523811340332,13.87540054321289,0.307565838098526,24.388160705566406,11.151000022888184,14.315975189208984
2012-06-21,22.596778869628906,103.62406921386719,55.53499221801758,13.408355712890625,0.29361677169799805,23.765249252319336,11.028499603271484,14.011068344116211
2012-06-22,22.751157760620117,104.42213439941406,56.11967468261719,13.548468589782715,0.2972756028175354,24.20680046081543,11.107999801635742,14.166497230529785
2012-06-25,22.442399978637695,102.74774932861328,55.038909912109375,13.085673332214355,0.28790003061294556,23.552356719970703,11.003499984741211,13.899270057678223
2012-06-26,22.6130313873291,103.26412963867188,55.3843994140625,13.085673332214355,0.2911013662815094,23.670623779296875,11.280500411987305,13.997931480407715
2012-06-27,22.8892879486084,104.19522857666016,55.72102737426758,13.255505561828613,0.300476998090744,23.78890037536621,11.281000137329102,14.112456321716309
2012-06-28,22.8892879486084,103.89791870117188,55.10093307495117,13.166342735290527,0.3027636706829071,23.583898544311523,11.065500259399414,13.98875904083252
2012-06-29,24.132482528686523,106.48773956298828,56.83723449707031,13.684337615966797,0.31602683663368225,24.120067596435547,11.417499542236328,14.379435539245605
2012-07-02,24.21373176574707,106.8084945678711,57.00553894042969,13.667351722717285,0.307565838098526,24.09642219543457,11.465999603271484,14.389351844787598
2012-07-03,24.351863861083984,107.5127182006836,57.4838981628418,13.820201873779297,0.3155694901943207,24.254114151000977,11.476499557495117,14.571799278259277
2012-07-05,24.148733139038086,107.02758026123047,57.51935958862305,13.684337615966797,0.31236809492111206,24.20680046081543,11.352999687194824,14.772343635559082
2012-07-06,23.709959030151367,106.0104751586914,56.801788330078125,13.365898132324219,0.30642253160476685,23.80467414855957,11.2524995803833,14.5259370803833
2012-07-09,23.64495849609375,105.8774642944336,56.69548416137695,13.221540451049805,0.30230626463890076,23.654855728149414,11.2524995803833,14.526683807373047
2012-07-10,23.604324340820312,104.95418548583984,56.13738250732422,13.043214797973633,0.2931593954563141,23.44985008239746,10.975000381469727,14.419841766357422
2012-07-11,23.799745559692383,104.96981811523438,55.82733154296875,12.949806213378906,0.28835731744766235,23.10291290283203,10.918499946594238,14.159308433532715
2012-07-12,23.465909957885742,104.46126556396484,55.3046760559082,12.758743286132812,0.28355520963668823,22.574613571166992,10.767999649047852,14.141707420349121
2012-07-13,24.084726333618164,106.21387481689453,56.146240234375,12.915840148925781,0.2872139811515808,23.173873901367188,10.919500350952148,14.291433334350586
2012-07-16,24.03586196899414,105.96346282958984,55.98678207397461,12.784219741821289,0.2881285846233368,23.21330451965332,10.80049991607666,14.251771926879883
2012-07-17,24.361560821533203,106.69117736816406,56.27912139892578,12.762988090515137,0.2828690707683563,23.38677215576172,10.846500396728516,14.29664134979248
2012-07-18,24.833816528320312,107.48143768310547,57.040977478027344,13.213048934936523,0.29864752292633057,24.009679794311523,10.873499870300293,14.396539688110352
2012-07-19,25.13507652282715,107.7630615234375,57.669944763183594,13.323440551757812,0.30162033438682556,24.183151245117188,11.308500289916992,14.701446533203125
2012-07-20,24.52440071105957,106.77725219726562,56.9080924987793,13.102657318115234,0.29293081164360046,23.749475479125977,11.41450023651123,15.141702651977539
2012-07-23,24.141719818115234,105.69749450683594,56.21711730957031,12.966791152954102,0.29681819677352905,23.087135314941406,11.30049991607666,15.257965087890625
2012-07-24,23.873027801513672,104.78986358642578,55.774169921875,12.873383522033691,0.29361677169799805,22.984638214111328,11.152000427246094,15.061136245727539
2012-07-25,23.824169158935547,104.8133773803711,55.402122497558594,13.14511489868164,0.2993336021900177,22.73232078552246,10.852499961853027,15.071549415588379
2012-07-26,24.42669105529785,106.54251098632812,56.13738250732422,13.412602424621582,0.30070558190345764,22.992525100708008,11.000499725341797,15.204665184020996
2012-07-27,25.053647994995117,108.50637817382812,57.46619415283203,13.735285758972168,0.30825191736221313,23.465620040893555,11.866000175476074,15.7401123046875
2012-07-30,24.898944854736328,108.50637817382812,57.421897888183594,13.633387565612793,0.30482178926467896,23.37099838256836,11.804499626159668,15.674173355102539
2012-07-31,24.58954429626465,107.74744415283203,57.40418243408203,13.688583374023438,0.30962395668029785,23.236955642700195,11.664999961853027,15.690780639648438
2012-08-01,24.68724250793457,107.65357208251953,57.23584747314453,13.688583374023438,0.3061937987804413,23.18964958190918,11.604499816894531,15.68359375
2012-08-02,24.361560821533203,106.91022491455078,57.03211975097656,13.58668327331543,0.3073372542858124,23.016185760498047,11.540499687194824,15.586169242858887
2012-08-03,25.012937545776367,109.0306625366211,58.11285400390625,13.943334579467773,0.3137400448322296,23.45773696899414,11.748499870300293,15.898019790649414
2012-08-06,25.240915298461914,109.24188232421875,58.55580139160156,13.93908977508545,0.3203715980052948,23.615432739257812,11.69950008392334,15.934956550598145
2012-08-07,25.648019790649414,109.78958892822266,59.04302978515625,14.12590503692627,0.3235729932785034,23.85987091064453,11.82800006866455,15.878435134887695
2012-08-08,25.371185302734375,109.92257690429688,59.01646041870117,14.185346603393555,0.3254023790359497,23.915061950683594,11.718999862670898,15.920330047607422
2012-08-09,25.542186737060547,110.0164566040039,59.19362258911133,14.29149055480957,0.33637863397598267,24.049110412597656,11.70300006866455,15.92330265045166
2012-08-10,25.737592697143555,110.19642639160156,59.22906494140625,14.393389701843262,0.33432066440582275,23.98602294921875,11.637499809265137,15.914628028869629
2012-08-13,25.534042358398438,110.14167022705078,59.370792388916016,14.282999992370605,0.33866551518440247,23.962369918823242,11.621999740600586,16.361083984375
2012-08-14,25.52589988708496,110.15727233886719,59.39738845825195,14.198081970214844,0.33363479375839233,23.914751052856445,11.659500122070312,16.575502395629883
2012-08-15,25.688743591308594,110.28250885009766,59.5479736328125,14.223556518554688,0.331119179725647,23.97031021118164,11.871000289916992,16.547744750976562
2012-08-16,26.079572677612305,111.09619140625,60.25666809082031,14.393389701843262,0.3379794955253601,24.4306697845459,12.077500343322754,16.67986488342285
2012-08-17,26.217987060546875,111.244873046875,60.52242660522461,14.274508476257324,0.33500662446022034,24.525917053222656,12.058500289916992,16.785717010498047
2012-08-20,26.08771514892578,111.25271606445312,60.611019134521484,14.240541458129883,0.33500662446022034,24.3989200592041,12.017499923706055,16.74605369567871
2012-08-21,25.851587295532227,110.91624450683594,60.3718376159668,14.266016006469727,0.3340919613838196,24.446537017822266,11.97249984741211,16.59657859802246
2012-08-22,25.81087303161621,110.96320343017578,60.61985778808594,14.142887115478516,0.3347781300544739,24.240175247192383,12.154999732971191,16.786706924438477
2012-08-23,25.721309661865234,110.05558776855469,60.123783111572266,13.994281768798828,0.3272317349910736,24.01793098449707,12.0600004196167,16.77728843688965
2012-08-24,26.014427185058594,110.72064971923828,60.49586868286133,14.036742210388184,0.33386337757110596,24.256046295166016,12.286999702453613,16.82265281677246
2012-08-27,25.916723251342773,110.74413299560547,60.593299865722656,13.9688081741333,0.3281465172767639,24.35923194885254,12.196000099182129,16.58938980102539
2012-08-28,25.71316909790039,110.63457489013672,60.593299865722656,13.947579383850098,0.326774537563324,24.311609268188477,12.305500030517578,16.78844451904297
2012-08-29,25.639888763427734,110.72064971923828,60.593299865722656,13.973054885864258,0.3274604380130768,24.327478408813477,12.355999946594238,17.05517578125
2012-08-30,25.379331588745117,109.92257690429688,59.982078552246094,13.773500442504883,0.3212863504886627,24.065563201904297,12.310999870300293,16.898256301879883
2012-08-31,25.770166397094727,110.44682312011719,60.380706787109375,13.998529434204102,0.32082894444465637,24.462417602539062,12.41349983215332,16.982789993286133
2012-09-04,25.705026626586914,110.34512329101562,60.31867599487305,13.781990051269531,0.30367836356163025,24.12111473083496,12.394000053405762,16.882396697998047
2012-09-05,26.112140655517578,110.25118255615234,60.25666809082031,13.684337615966797,0.30459314584732056,24.12111473083496,12.310999870300293,16.87446403503418
2012-09-06,26.56810188293457,112.4889144897461,61.59431838989258,14.121655464172363,0.3139687478542328,24.88308334350586,12.569000244140625,17.3375244140625
2012-09-07,26.543668746948242,112.92704772949219,61.50572967529297,13.985790252685547,0.30642253160476685,24.56559944152832,12.956999778747559,17.504852294921875
2012-09-10,26.307558059692383,112.28551483154297,60.71731185913086,13.760762214660645,0.30367836356163025,24.38304328918457,12.854499816894531,17.371484756469727
2012-09-11,26.315689086914062,112.59844207763672,60.61985778808594,13.828693389892578,0.3073372542858124,24.438610076904297,12.783499717712402,17.158794403076172
2012-09-12,26.26683235168457,112.97401428222656,60.797027587890625,13.828693389892578,0.3107673227787018,24.4306697845459,12.781499862670898,17.126319885253906
2012-09-13,26.559959411621094,114.69535064697266,61.62091827392578,13.934842109680176,0.3128252923488617,24.55766487121582,13.01200008392334,17.502126693725586
2012-09-14,26.828657150268555,115.2038803100586,62.17011642456055,14.147132873535156,0.3164841830730438,24.7719669342041,13.06350040435791,17.59235382080078
2012-09-17,26.95079231262207,114.8127670288086,62.19672775268555,14.007020950317383,0.30779457092285156,24.7719669342041,12.899999618530273,17.599794387817383
2012-09-18,26.885648727416992,114.71880340576172,62.249847412109375,13.994281768798828,0.309852659702301,24.748149871826172,12.9375,17.805543899536133
2012-09-19,26.690237045288086,114.78141784667969,62.36500930786133,13.854171752929688,0.31351155042648315,24.644968032836914,13.083999633789062,18.03409767150879
2012-09-20,26.26683235168457,114.78925323486328,62.303016662597656,13.697074890136719,0.31122466921806335,24.96245765686035,13.040499687194824,18.049468994140625
2012-09-21,26.43782615661621,114.74127960205078,62.320804595947266,13.709813117980957,0.3125966489315033,24.756092071533203,12.873499870300293,18.19498062133789
2012-09-24,26.234272003173828,114.56822967529297,61.956520080566406,13.518749237060547,0.31236809492111206,24.4306697845459,12.739999771118164,18.57648468017578
2012-09-25,25.485183715820312,113.3489990234375,61.08591079711914,13.293719291687012,0.30665111541748047,24.12111473083496,12.623000144958496,18.571029663085938
2012-09-26,25.021085739135742,112.71183013916016,60.58841323852539,13.251260757446289,0.30139172077178955,23.946500778198242,12.483499526977539,18.677623748779297
2012-09-27,25.4200439453125,113.77378845214844,61.423526763916016,13.53997802734375,0.30367836356163025,23.938556671142578,12.829500198364258,18.75298500061035
2012-09-28,25.615463256835938,113.24676513671875,60.91710662841797,13.433832168579102,0.30505046248435974,23.621078491210938,12.715999603271484,18.70340347290039
2012-10-01,25.786449432373047,113.54564666748047,60.82829284667969,13.429587364196777,0.30001959204673767,23.406768798828125,12.600500106811523,18.883869171142578
2012-10-02,25.770166397094727,113.66364288330078,61.0059700012207,13.49327564239502,0.3011630177497864,23.54170036315918,12.529999732971191,18.76512908935547
2012-10-03,25.90858268737793,114.12770080566406,61.3968505859375,13.446569442749023,0.29819029569625854,23.70044708251953,12.795999526977539,18.901716232299805
2012-10-04,25.97371482849121,114.94580841064453,61.61007308959961,13.518749237060547,0.3114534020423889,23.835378646850586,13.023500442504883,19.0393009185791
2012-10-05,25.5584659576416,114.95364379882812,61.281368255615234,13.56969928741455,0.30413588881492615,23.6925106048584,12.92549991607666,19.02938461303711
2012-10-08,25.387487411499023,114.56036376953125,60.721675872802734,13.391372680664062,0.3011630177497864,23.636947631835938,12.95300006866455,18.786203384399414
2012-10-09,24.955942153930664,113.42764282226562,59.75334548950195,13.179081916809082,0.29476019740104675,23.240097045898438,12.54800033569336,18.44535255432129
2012-10-10,24.947792053222656,112.70398712158203,59.45130157470703,12.992266654968262,0.2897292971611023,23.001985549926758,12.249500274658203,18.457002639770508
2012-10-11,25.062000274658203,112.7668685913086,59.26472091674805,12.992266654968262,0.29133009910583496,22.978166580200195,12.211000442504883,18.628541946411133
2012-10-12,25.290420532226562,112.39718627929688,59.23807144165039,12.949806213378906,0.2888146638870239,23.176589965820312,12.118000030517578,18.461711883544922
2012-10-15,25.535175323486328,113.33324432373047,59.67339324951172,13.09416675567627,0.2924734055995941,23.422637939453125,12.208999633789062,18.368255615234375
2012-10-16,26.00019073486328,114.48165893554688,60.51734924316406,13.374391555786133,0.3009343147277832,23.406768798828125,12.196999549865723,18.46047019958496
2012-10-17,25.47806739807129,115.00080108642578,60.48181915283203,13.28522777557373,0.29864752292633057,23.486143112182617,12.374500274658203,18.727947235107422
2012-10-18,25.388330459594727,114.70194244384766,59.77997970581055,13.251260757446289,0.29407408833503723,23.414705276489258,12.242500305175781,17.228450775146484
2012-10-19,24.866201400756836,112.79048919677734,58.349666595458984,12.945560455322266,0.27692359685897827,22.73210906982422,12.0,16.900989532470703
2012-10-22,25.127260208129883,112.80621337890625,58.65172576904297,13.009248733520508,0.27372217178344727,22.22412872314453,11.689000129699707,16.823646545410156
2012-10-23,24.95594596862793,111.24088287353516,58.092044830322266,13.089919090270996,0.2819543778896332,22.26381492614746,11.715499877929688,16.865291595458984
2012-10-24,24.964099884033203,110.92622375488281,57.88771438598633,12.962545394897461,0.2782957851886749,22.144756317138672,11.424500465393066,16.7896785736084
2012-10-25,25.17620849609375,111.24874877929688,57.88771438598633,13.09416675567627,0.2785244286060333,22.12887954711914,11.145999908447266,16.80108642578125
2012-10-26,25.282270431518555,111.18585968017578,58.056495666503906,13.251260757446289,0.275551438331604,22.390811920166016,11.911999702453613,16.736387252807617
2012-10-31,25.355697631835938,111.18585968017578,57.70115661621094,13.200309753417969,0.27395084500312805,22.65273666381836,11.644499778747559,16.864049911499023
2012-11-01,25.682022094726562,112.34999084472656,58.51847839355469,13.599417686462402,0.28698527812957764,23.430578231811523,11.607000350952148,17.044763565063477
2012-11-02,25.46175193786621,111.35102844238281,57.89658737182617,13.323440551757812,0.2856133282184601,23.414705276489258,11.621000289916992,17.052942276000977
2012-11-05,25.49437713623047,111.57913208007812,58.278587341308594,13.556962013244629,0.297732949256897,23.517894744873047,11.716500282287598,16.929988861083984
2012-11-06,25.804397583007812,112.4522476196289,58.38521194458008,13.722549438476562,0.297504186630249,23.70044708251953,11.878000259399414,16.899255752563477
2012-11-07,25.119102478027344,109.90370178222656,57.008209228515625,13.374391555786133,0.28835731744766235,23.081340789794922,11.602999687194824,16.537330627441406
2012-11-08,24.817245483398438,108.58219146728516,56.110904693603516,13.272491455078125,0.2899579405784607,22.86703872680664,11.367500305175781,16.169706344604492
2012-11-09,24.76013946533203,108.6766128540039,56.35077667236328,13.306455612182617,0.2787529528141022,22.882917404174805,11.315500259399414,16.435941696166992
2012-11-12,24.71935272216797,108.76310729980469,56.34190368652344,13.32768726348877,0.2725788354873657,22.398746490478516,11.32349967956543,16.5070858001709
2012-11-13,24.490922927856445,108.38555145263672,55.951019287109375,13.196066856384277,0.2705206573009491,21.678529739379883,11.329999923706055,16.337282180786133
2012-11-14,24.131956100463867,106.92245483398438,55.29360580444336,13.013493537902832,0.26388928294181824,21.478464126586914,11.147500038146973,16.176151275634766
2012-11-15,24.433822631835938,106.7415542602539,55.10703659057617,12.9370698928833,0.26503264904022217,21.334426879882812,11.029999732971191,16.045019149780273
2012-11-16,24.474609375,107.26856994628906,55.346893310546875,12.954054832458496,0.2602303922176361,21.222396850585938,11.261500358581543,16.043033599853516
2012-11-19,24.58881950378418,109.43956756591797,56.661720275878906,13.179081916809082,0.2675480246543884,21.390443801879883,11.48550033569336,16.564353942871094
2012-11-20,24.63776969909668,109.4867935180664,56.67949295043945,13.055953025817871,0.2644411027431488,21.374435424804688,11.689000129699707,16.607982635498047
2012-11-21,24.800931930541992,109.69125366210938,56.79498291015625,13.077181816101074,0.27203595638275146,21.566499710083008,11.90149974822998,16.506343841552734
2012-11-23,25.22515869140625,111.18585968017578,57.656715393066406,13.348915100097656,0.2738770842552185,22.166671752929688,11.994000434875488,16.55839729309082
2012-11-26,25.25779151916504,110.94985961914062,57.90547561645508,13.374391555786133,0.27871018648147583,21.918601989746094,12.180999755859375,16.389341354370117
2012-11-27,25.469905853271484,110.38349914550781,57.71004104614258,13.412602424621582,0.27986082434654236,21.6705265045166,12.170000076293945,16.626325607299805
2012-11-28,25.943084716796875,111.27233123779297,58.20751953125,13.595175743103027,0.28216248750686646,21.89459800720215,12.355500221252441,16.94759178161621
2012-11-29,25.97572135925293,111.79149627685547,58.55398941040039,13.573945045471191,0.27709928154945374,21.566499710083008,12.56350040435791,17.151357650756836
2012-11-30,26.25309944152832,111.81514739990234,58.456260681152344,13.603667259216309,0.27548810839653015,21.302413940429688,12.602499961853027,17.31199073791504
2012-12-03,26.359155654907227,111.26451110839844,58.34079360961914,13.53997802734375,0.27042484283447266,21.150367736816406,12.516500473022461,17.234647750854492
2012-12-04,26.416259765625,111.10717010498047,58.30525588989258,13.590927124023438,0.27848002314567566,21.10236358642578,12.624500274658203,17.13003921508789
2012-12-05,26.106252670288086,111.30384826660156,57.656715393066406,13.56969928741455,0.2752579152584076,21.342430114746094,12.697999954223633,17.050464630126953
2012-12-06,26.130718231201172,111.68135833740234,58.02983856201172,13.722549438476562,0.2757182717323303,21.390443801879883,12.668499946594238,17.132516860961914
2012-12-07,26.040977478027344,112.01957702636719,57.68339538574219,13.765007019042969,0.2752579152584076,21.174379348754883,12.66349983215332,16.960973739624023
2012-12-10,26.163347244262695,112.06684875488281,57.85216522216797,13.790481567382812,0.28446391224861145,21.558486938476562,12.388500213623047,16.990968704223633
2012-12-11,26.383623123168945,112.8298568725586,58.607303619384766,14.045233726501465,0.291138231754303,21.86258316040039,12.534500122070312,17.27505874633789
2012-12-12,26.20314598083496,112.88489532470703,58.48292541503906,14.015509605407715,0.28814631700515747,21.798566818237305,12.588000297546387,17.291913986206055
2012-12-13,25.932411193847656,112.19270324707031,58.020957946777344,13.871153831481934,0.28837645053863525,21.694536209106445,12.5625,17.419328689575195
2012-12-14,26.219547271728516,111.77576446533203,57.47016525268555,13.815957069396973,0.2897573411464691,21.4544620513916,12.459500312805176,17.400983810424805
2012-12-17,26.514896392822266,113.08940124511719,58.23417663574219,13.87540054321289,0.28860655426979065,21.6865291595459,12.692999839782715,17.867515563964844
2012-12-18,26.97430992126465,114.34795379638672,59.12257385253906,14.062214851379395,0.2890668511390686,22.054643630981445,13.020000457763672,17.874706268310547
2012-12-19,27.966970443725586,113.49844360351562,58.86492156982422,14.142887115478516,0.291138231754303,21.854581832885742,12.899499893188477,17.850908279418945
2012-12-20,27.843910217285156,114.15132141113281,58.86492156982422,14.134394645690918,0.2909080982208252,22.150671005249023,13.074999809265137,17.90668296813965
2012-12-21,27.69624137878418,113.11515045166016,58.24584197998047,13.990036010742188,0.28423386812210083,21.96661376953125,12.845999717712402,17.739852905273438
2012-12-24,27.57318878173828,112.76657104492188,58.129722595214844,13.9423189163208,0.2819322347640991,21.654523849487305,12.930999755859375,17.587894439697266
2012-12-26,27.57318878173828,112.29127502441406,57.62050247192383,13.872910499572754,0.2817021608352661,21.494470596313477,12.431500434875488,17.572277069091797
2012-12-27,27.29425048828125,112.14079284667969,57.531185150146484,13.855559349060059,0.27986082434654236,21.574499130249023,12.415499687194824,17.50832176208496
2012-12-28,27.08915901184082,110.92875671386719,56.97731018066406,13.760123252868652,0.27848002314567566,21.24640655517578,12.258999824523926,17.352643966674805
2012-12-31,27.33527374267578,112.81407928466797,58.183311462402344,14.024740219116211,0.28216248750686646,21.374435424804688,12.543499946594238,17.535337448120117
2013-01-02,28.459209442138672,115.70555877685547,60.03252410888672,14.580004692077637,0.2927493453025818,22.1026554107666,12.865500450134277,17.928741455078125
2013-01-03,28.147459030151367,115.44412994384766,59.71985626220703,14.506257057189941,0.2929794192314148,21.806568145751953,12.923999786376953,17.939157485961914
2013-01-04,28.39356803894043,115.951171875,59.523338317871094,14.419498443603516,0.30264565348625183,21.39844512939453,12.957500457763672,18.293642044067383
2013-01-07,28.24590301513672,115.63426208496094,59.54120635986328,14.38045597076416,0.2938999533653259,21.35843276977539,13.42300033569336,18.213821411132812
2013-01-08,28.254106521606445,115.30154418945312,59.425048828125,14.237303733825684,0.28745582699775696,21.24640655517578,13.319000244140625,18.177875518798828
2013-01-09,28.270511627197266,115.59468078613281,59.648399353027344,14.068119049072266,0.2810116410255432,21.36643409729004,13.317500114440918,18.297361373901367
2013-01-10,28.639686584472656,116.51358032226562,60.00575256347656,14.632061958312988,0.28147196769714355,21.174379348754883,13.267000198364258,18.380651473999023
2013-01-11,28.598670959472656,116.50569152832031,60.08614730834961,14.70146656036377,0.2810116410255432,21.47046661376953,13.397000312805176,18.34371566772461
2013-01-14,28.680706024169922,116.42646789550781,59.81813430786133,14.636398315429688,0.2807815968990326,21.518482208251953,13.636500358581543,17.928741455078125
2013-01-15,28.467411041259766,116.50569152832031,59.523338317871094,14.484567642211914,0.2757182717323303,21.774560928344727,13.595000267028809,17.97039031982422
2013-01-16,28.418180465698242,116.48981475830078,59.7645263671875,14.645074844360352,0.27824991941452026,21.638517379760742,13.446499824523926,17.728944778442383
2013-01-17,28.401775360107422,117.24240112304688,60.0504035949707,15.0007905960083,0.2819322347640991,21.806568145751953,13.52400016784668,17.63300895690918
2013-01-18,28.803768157958984,117.5038070678711,59.91640090942383,14.822932243347168,0.28009116649627686,21.806568145751953,13.605999946594238,17.46419906616211
2013-01-22,28.65610122680664,118.1375503540039,60.014678955078125,14.792564392089844,0.27871018648147583,21.726539611816406,13.509499549865723,17.423540115356445
2013-01-23,28.459209442138672,118.32771301269531,60.38093185424805,14.848958969116211,0.2791706621646881,22.09465980529785,13.405500411987305,18.38114356994629
2013-01-24,28.664297103881836,118.35938262939453,59.55012893676758,14.736172676086426,0.28055137395858765,22.11065101623535,13.67300033569336,18.696218490600586
2013-01-25,29.025266647338867,119.02485656738281,59.85385513305664,14.861973762512207,0.2856147885322571,22.310712814331055,14.19950008392334,18.68283462524414
2013-01-28,29.156532287597656,118.88221740722656,59.987876892089844,14.892340660095215,0.29021766781806946,22.334720611572266,13.802000045776367,18.60995101928711
2013-01-29,29.353431701660156,119.34961700439453,59.996803283691406,14.918368339538574,0.28400367498397827,22.41476058959961,13.017499923706055,18.683080673217773
2013-01-30,29.025266647338867,118.88221740722656,59.871726989746094,14.944396018981934,0.2835433781147003,22.286706924438477,13.637999534606934,18.686796188354492
2013-01-31,29.131912231445312,118.58912658691406,59.73773956298828,14.879323959350586,0.28216248750686646,21.96661376953125,13.274999618530273,18.7329044342041
2013-02-01,29.706193923950195,119.80901336669922,60.44346237182617,15.174308776855469,0.28469401597976685,22.350732803344727,13.25,19.22645378112793
2013-02-04,28.820180892944336,118.46234130859375,59.38932800292969,14.987775802612305,0.27986082434654236,21.95861053466797,12.99899959564209,18.81545066833496
2013-02-05,29.107311248779297,119.6585464477539,60.264793395996094,15.217691421508789,0.28630515933036804,22.006628036499023,13.344499588012695,18.982036590576172
2013-02-06,28.79555892944336,119.7456283569336,60.068260192871094,15.182987213134766,0.28400367498397827,21.87858772277832,13.111000061035156,19.09185028076172
2013-02-07,28.352554321289062,119.58724212646484,60.12187957763672,15.100564002990723,0.2828529477119446,21.830581665039062,13.011500358581543,19.18555450439453
2013-02-08,28.63149070739746,120.25267791748047,60.73826599121094,15.30010986328125,0.28469401597976685,22.0466365814209,13.09749984741211,19.468647003173828
2013-02-11,28.680706024169922,120.22891235351562,60.75615692138672,15.326141357421875,0.2879162132740021,22.29471206665039,12.86050033569336,19.395517349243164
2013-02-12,28.803768157958984,120.42698669433594,60.506011962890625,15.386869430541992,0.28607499599456787,22.310712814331055,12.9350004196167,19.352880477905273
2013-02-13,28.7053279876709,120.52994537353516,60.72041702270508,15.386869430541992,0.28469401597976685,22.430749893188477,13.47350025177002,19.406423568725586
2013-02-14,28.63149070739746,120.64082336425781,60.702537536621094,15.521346092224121,0.2929794192314148,22.43876075744629,13.461999893188477,19.52937889099121
2013-02-15,28.557662963867188,120.49829864501953,60.52384948730469,15.39121150970459,0.2929794192314148,22.41476058959961,13.254500389099121,19.655059814453125
2013-02-19,29.04167938232422,121.40135192871094,60.961605072021484,15.603772163391113,0.2890668511390686,22.632600784301758,13.487500190734863,20.001117706298828
2013-02-20,28.721723556518555,119.88829803466797,60.02360153198242,15.27408218383789,0.28492429852485657,22.48737144470215,13.320500373840332,19.64440155029297
2013-02-21,28.12285041809082,119.15943908691406,59.3803825378418,14.987775802612305,0.2828529477119446,22.18075942993164,13.29699993133545,19.720502853393555
2013-02-22,28.508432388305664,120.32400512695312,59.97894287109375,15.226366996765137,0.28814631700515747,22.39861297607422,13.270999908447266,19.824121475219727
2013-02-25,28.12285041809082,118.0345687866211,59.23745346069336,14.914031982421875,0.2830829918384552,22.08394432067871,12.993499755859375,19.602510452270508
2013-02-26,28.15566062927246,118.84259033203125,59.46078109741211,15.018139839172363,0.2864406704902649,22.08394432067871,12.968000411987305,19.58664321899414
2013-02-27,28.451017379760742,120.33984375,60.068260192871094,15.252391815185547,0.29176658391952515,22.4389591217041,13.162500381469727,19.82585906982422
2013-02-28,28.090024948120117,120.1021728515625,59.94321060180664,15.235042572021484,0.2931560277938843,22.43088722229004,13.213500022888184,19.86105728149414
2013-03-01,28.409982681274414,120.49829864501953,60.193328857421875,15.235042572021484,0.2943136990070343,22.55191993713379,13.286999702453613,19.984758377075195
2013-03-04,28.754554748535156,121.13992309570312,60.461334228515625,15.213353157043457,0.2931560277938843,22.713294982910156,13.655500411987305,20.364276885986328
2013-03-05,29.090896606445312,122.22518920898438,61.35468292236328,15.456281661987305,0.29639777541160583,22.87466049194336,13.779500007629395,20.788175582885742
2013-03-06,29.419050216674805,122.39155578613281,61.20281982421875,15.460612297058105,0.29616624116897583,22.664873123168945,13.689499855041504,20.609195709228516
2013-03-07,29.48469352722168,122.61344146728516,61.363609313964844,15.456281661987305,0.2954716384410858,22.705223083496094,13.694000244140625,20.639434814453125
2013-03-08,29.296005249023438,123.13615417480469,61.435089111328125,15.39988899230957,0.2968609035015106,22.59225845336914,13.709500312805176,20.6126651763916
2013-03-11,29.435462951660156,123.60359191894531,61.61375045776367,15.44760513305664,0.2940821349620819,22.48737144470215,13.562000274658203,20.694469451904297
2013-03-12,29.066293716430664,123.32630157470703,61.390419006347656,15.456281661987305,0.2950083017349243,22.51964569091797,13.706500053405762,20.5157413482666
2013-03-13,29.18935203552246,123.5006103515625,61.30999755859375,15.499659538269043,0.2950083017349243,22.527713775634766,13.755000114440918,20.458723068237305
2013-03-14,29.780033111572266,124.15817260742188,61.51551055908203,15.62112045288086,0.2952398955821991,22.705223083496094,13.286999702453613,20.365270614624023
2013-03-15,29.812849044799805,123.99422454833984,61.34444808959961,15.352167129516602,0.29269278049468994,22.62453842163086,13.090999603271484,20.1857967376709
2013-03-18,29.566713333129883,123.30989074707031,61.21013641357422,15.165635108947754,0.29060885310173035,22.672941207885742,12.894499778747559,20.024423599243164
2013-03-19,29.27959442138672,123.02346801757812,61.09372329711914,15.13526725769043,0.28875628113746643,22.73750114440918,12.820500373840332,20.11192512512207
2013-03-20,29.3452205657959,123.88278198242188,61.52353286743164,15.235042572021484,0.29222971200942993,22.8504581451416,12.86400032043457,20.195955276489258
2013-03-21,26.49848747253418,122.8245849609375,60.82509994506836,15.022480010986328,0.28759855031967163,22.681011199951172,12.669500350952148,20.110435485839844
2013-03-22,26.235958099365234,123.81122589111328,61.41608810424805,15.139606475830078,0.288987934589386,22.793973922729492,12.887499809265137,20.086889266967773
2013-03-25,25.63707160949707,123.2939682006836,61.192237854003906,15.11791706085205,0.28736695647239685,22.721357345581055,12.800999641418457,20.070274353027344
2013-03-26,25.874990463256836,124.2806167602539,61.52353286743164,15.291435241699219,0.28945082426071167,22.721357345581055,13.01550006866455,20.139192581176758
2013-03-27,26.211349487304688,124.2806167602539,61.60410690307617,15.321802139282227,0.2929244339466095,22.890804290771484,13.265000343322754,19.89725112915039
2013-03-28,26.52309226989746,124.66254425048828,61.756324768066406,15.4128999710083,0.297092467546463,23.084447860717773,13.32450008392334,19.687286376953125
2013-04-01,26.588722229003906,124.16924285888672,61.33549118041992,15.169974327087402,0.28736695647239685,23.084447860717773,13.080499649047852,19.860809326171875
2013-04-02,26.859447479248047,124.78191375732422,61.819034576416016,15.048505783081055,0.28435656428337097,23.237754821777344,13.166000366210938,20.154563903808594
2013-04-03,26.580522537231445,123.5167465209961,61.254913330078125,14.7665376663208,0.2808833420276642,23.04410743713379,12.951499938964844,19.985004425048828
2013-04-04,26.555908203125,124.01806640625,61.27281951904297,14.861973762512207,0.283661812543869,23.076385498046875,12.954000473022461,19.7091007232666
2013-04-05,26.2769718170166,123.46114349365234,60.76243591308594,14.848958969116211,0.28852468729019165,23.15707015991211,12.77400016784668,19.411134719848633
2013-04-08,26.547706604003906,124.29659271240234,61.08480453491211,14.931382179260254,0.28783005475997925,23.068313598632812,12.947500228881836,19.207862854003906
2013-04-09,27.105571746826172,124.72626495361328,61.496681213378906,15.074536323547363,0.2924613356590271,23.89131736755371,13.057000160217285,19.27727508544922
2013-04-10,27.671634674072266,126.2540054321289,62.696529388427734,15.39988899230957,0.297092467546463,24.431915283203125,13.238499641418457,19.58788299560547
2013-04-11,27.581388473510742,126.66773223876953,62.66963577270508,15.39121150970459,0.29570308327674866,23.35071563720703,13.492500305175781,19.593088150024414
2013-04-12,27.45012092590332,126.3573989868164,62.624881744384766,15.334814071655273,0.3031129837036133,23.22968864440918,13.643500328063965,19.584657669067383
2013-04-15,26.908674240112305,123.42920684814453,61.38923263549805,15.0007905960083,0.2968609035015106,23.149002075195312,13.38599967956543,19.38336944580078
2013-04-16,27.41731834411621,125.25141906738281,62.204063415527344,15.256731986999512,0.3001028001308441,23.37492561340332,13.616999626159668,19.66695785522461
2013-04-17,26.654361724853516,123.42131042480469,60.98627853393555,14.935718536376953,0.29616624116897583,23.261964797973633,13.369999885559082,19.398990631103516
2013-04-18,26.350805282592773,122.64946746826172,60.144615173339844,14.970420837402344,0.290377140045166,23.22968864440918,12.970999717712402,18.986249923706055
2013-04-19,26.555908203125,123.71573638916016,60.9683837890625,15.143943786621094,0.2910718023777008,24.020418167114258,13.015999794006348,19.828088760375977
2013-04-22,26.678974151611328,124.26478576660156,61.59516906738281,15.26540756225586,0.29153501987457275,24.875688552856445,13.177499771118164,19.83403968811035
2013-04-23,26.62973976135254,125.5457763671875,62.18613052368164,15.595097541809082,0.29917651414871216,24.690113067626953,13.444999694824219,20.02714729309082
2013-04-24,26.67076873779297,125.6253890991211,62.1592903137207,15.755599021911621,0.3093651831150055,25.62608528137207,13.439000129699707,20.164724349975586
2013-04-25,26.473873138427734,126.13462829589844,62.490562438964844,15.881400108337402,0.311912477016449,25.771312713623047,13.734999656677246,20.05689239501953
2013-04-26,26.547706604003906,125.9118881225586,62.29359817504883,15.733912467956543,0.3105229437351227,25.650291442871094,12.740500450134277,19.86651039123535
2013-04-29,26.449249267578125,126.75525665283203,62.86668395996094,15.916108131408691,0.31422796845436096,26.311918258666992,12.487000465393066,20.30379295349121
2013-04-30,26.892271041870117,127.0576400756836,63.32328414916992,16.072275161743164,0.31885913014411926,26.707279205322266,12.690500259399414,20.44038200378418
2013-05-01,27.204010009765625,125.94367218017578,63.02781677246094,16.007204055786133,0.3160804510116577,26.400671005249023,12.411499977111816,20.337753295898438
2013-05-02,27.638826370239258,127.11331176757812,63.824729919433594,16.211090087890625,0.31978556513786316,26.755695343017578,12.6274995803833,20.565319061279297
2013-05-03,27.38450813293457,128.40234375,64.57687377929688,16.336891174316406,0.3211748003959656,27.02196502685547,12.90250015258789,20.96466827392578
2013-05-06,27.491151809692383,128.72862243652344,64.82759857177734,16.41497802734375,0.32024848461151123,27.23174476623535,12.78600025177002,21.357080459594727
2013-05-07,27.286046981811523,129.38107299804688,64.79177856445312,16.44968032836914,0.3160804510116577,26.87671661376953,12.886500358581543,21.24999237060547
2013-05-08,27.45012092590332,129.9699249267578,65.10518646240234,16.64923095703125,0.3218695819377899,26.6185359954834,12.934000015258789,21.65654182434082
2013-05-09,27.64702033996582,129.60385131835938,65.01563262939453,16.701284408569336,0.32210108637809753,26.35225486755371,13.008000373840332,21.603240966796875
2013-05-10,27.909542083740234,130.0255889892578,65.40961456298828,16.814069747924805,0.33668941259384155,26.376468658447266,13.181500434875488,21.820144653320312
2013-05-13,27.71265411376953,130.1290283203125,65.49019622802734,16.610187530517578,0.32974252104759216,26.650798797607422,13.225500106811523,21.753211975097656
2013-05-14,27.62240982055664,131.47381591796875,65.8304443359375,16.63620948791504,0.3346053659915924,27.243946075439453,13.416500091552734,21.99044418334961
2013-05-15,27.884939193725586,132.18191528320312,65.96476745605469,16.779367446899414,0.3403942584991455,27.503952026367188,13.32800006866455,22.704124450683594
2013-05-16,28.196685791015625,131.56129455566406,65.89311981201172,16.631879806518555,0.3387734591960907,27.690828323364258,13.206000328063965,22.40616226196289
2013-05-17,28.738134384155273,132.83444213867188,66.52889251708984,16.818410873413086,0.344330757856369,28.33272361755371,13.494999885559082,22.537792205810547
2013-05-20,28.63149070739746,132.82647705078125,66.43038940429688,16.766355514526367,0.3436361849308014,28.503360748291016,13.381500244140625,22.52167510986328
2013-05-21,28.79555892944336,133.01747131347656,66.50200653076172,16.72731590270996,0.34724366664886475,28.316463470458984,13.442999839782715,22.483007431030273
2013-05-22,27.9915828704834,132.03074645996094,65.91999053955078,16.488723754882812,0.3351411819458008,28.121471405029297,13.14799976348877,22.047956466674805
2013-05-23,28.08182716369629,131.64886474609375,65.76777648925781,16.454015731811523,0.340494304895401,27.74770164489746,13.09000015258789,21.88360595703125
2013-05-24,27.934152603149414,131.53744506835938,65.7319564819336,16.44968032836914,0.33839964866638184,27.84521484375,13.086999893188477,21.64885139465332
2013-05-28,28.32792854309082,132.3251953125,66.16175842285156,16.5971736907959,0.3381668031215668,28.454605102539062,13.364500045776367,21.845922470092773
2013-05-29,28.221290588378906,131.4658203125,65.84834289550781,16.657901763916016,0.33607226610183716,28.340856552124023,13.27649974822998,21.524656295776367
2013-05-30,28.172069549560547,131.9512176513672,66.19757080078125,16.818410873413086,0.340494304895401,28.462736129760742,13.341500282287598,21.585390090942383
2013-05-31,27.71265411376953,130.05738830566406,65.58866882324219,16.610187530517578,0.33677053451538086,28.35711097717285,13.460000038146973,21.59679412841797
2013-06-03,28.213083267211914,130.77359008789062,65.7051010131836,16.740325927734375,0.33630502223968506,28.91773796081543,13.343999862670898,21.50779914855957
2013-06-04,28.024398803710938,130.14495849609375,65.3648452758789,16.818410873413086,0.33677053451538086,28.430227279663086,13.28499984741211,21.296348571777344
2013-06-05,27.9915828704834,128.3228302001953,64.51422119140625,16.510414123535156,0.3295556902885437,28.259599685668945,13.358499526977539,21.31122398376465
2013-06-06,27.359880447387695,129.4845428466797,64.82759857177734,16.46269416809082,0.3316502571105957,28.40585708618164,13.391500473022461,21.433679580688477
2013-06-07,27.73726463317871,131.13165283203125,65.71403503417969,16.618864059448242,0.33630502223968506,28.982742309570312,13.843500137329102,21.807748794555664
2013-06-10,27.934152603149414,131.13165283203125,65.74089813232422,16.7099609375,0.33607226610183716,28.82024383544922,14.053500175476074,22.067787170410156
2013-06-11,27.540376663208008,129.7789764404297,65.08727264404297,16.40196418762207,0.32978832721710205,28.308347702026367,13.73900032043457,21.80973243713379
2013-06-12,27.499357223510742,128.70480346679688,64.33512115478516,16.20675277709961,0.3269956409931183,28.4383487701416,13.583499908447266,21.61563491821289
2013-06-13,28.098234176635742,130.6621551513672,65.14994049072266,16.493059158325195,0.33444318175315857,28.210857391357422,13.78950023651123,21.740074157714844
2013-06-14,27.70445442199707,129.8426055908203,64.72017669677734,16.432327270507812,0.3339775800704956,27.95086097717285,13.69950008392334,21.691490173339844
2013-06-17,28.11463165283203,130.84519958496094,65.34695434570312,16.571147918701172,0.3372359573841095,28.4383487701416,13.902999877929688,21.969377517700195
2013-06-18,28.221290588378906,131.87962341308594,65.88419342041016,16.80973243713379,0.3351411819458008,28.42210578918457,14.088000297546387,22.32559585571289
2013-06-19,27.966970443725586,130.05738830566406,65.14994049072266,16.575481414794922,0.3453817367553711,28.1052188873291,13.907999992370605,22.32707977294922
2013-06-20,27.245027542114258,126.83486938476562,63.60087966918945,16.06793975830078,0.33607226610183716,27.211441040039062,13.67199993133545,21.931943893432617
2013-06-21,24.726451873779297,127.24205780029297,63.26314926147461,16.050586700439453,0.33560672402381897,27.032682418823242,13.668000221252441,21.837493896484375
2013-06-24,24.751054763793945,125.63418579101562,62.63437271118164,15.755599021911621,0.3286246657371521,27.398311614990234,13.530500411987305,21.561344146728516
2013-06-25,24.578781127929688,126.84210205078125,63.09248352050781,16.08528709411621,0.33095210790634155,27.35768699645996,13.604499816894531,21.472354888916016
2013-06-26,24.726451873779297,128.097900390625,63.65839767456055,16.18072509765625,0.3290901780128479,27.910213470458984,13.878499984741211,21.65703010559082
2013-06-27,24.98076820373535,128.84986877441406,63.92786407470703,16.267484664916992,0.3260645270347595,28.129587173461914,13.8774995803833,21.741811752319336
2013-06-28,25.19406509399414,128.32188415527344,64.01766967773438,16.349905014038086,0.3267626464366913,28.06459617614746,13.884499549865723,21.8236141204834
2013-07-01,24.70183753967285,129.07386779785156,64.41291046142578,16.3065242767334,0.3281591832637787,27.918333053588867,14.104999542236328,22.00977897644043
2013-07-02,24.69363021850586,128.95382690429688,64.43986511230469,16.30219078063965,0.32792648673057556,27.577077865600586,14.18649959564209,21.871707916259766
2013-07-03,25.185863494873047,129.0098419189453,64.70034790039062,16.40630340576172,0.3288574516773224,27.633956909179688,14.201499938964844,21.97383689880371
2013-07-05,25.58785629272461,130.40167236328125,65.19437408447266,16.627534866333008,0.3314174711704254,27.796466827392578,14.293999671936035,22.148847579956055
2013-07-08,25.965232849121094,131.1455841064453,65.25723266601562,16.271821975708008,0.32978832721710205,27.89396858215332,14.529500007629395,22.4364013671875
2013-07-09,25.858579635620117,132.08946228027344,65.65245819091797,16.40196418762207,0.3314174711704254,27.910213470458984,14.576499938964844,22.44011878967285
2013-07-10,25.718582153320312,132.137451171875,66.02974700927734,16.52776336669922,0.33583953976631165,28.19459342956543,14.616499900817871,22.458711624145508
2013-07-11,26.237396240234375,133.937255859375,67.3411636352539,16.965900421142578,0.340494304895401,28.998992919921875,14.982999801635742,22.81195831298828
2013-07-12,25.73505401611328,133.99325561523438,67.63758850097656,17.02663230895996,0.34072697162628174,28.982742309570312,15.3774995803833,22.8803768157959
2013-07-15,26.36092758178711,134.5052490234375,67.79032135009766,17.03097152709961,0.34002867341041565,29.389001846313477,15.328499794006348,22.922271728515625
2013-07-16,26.352697372436523,134.0012664794922,67.70050048828125,17.135086059570312,0.34189075231552124,29.470256805419922,15.343500137329102,22.796340942382812
2013-07-17,26.48445701599121,134.34524536132812,67.87112426757812,17.161115646362305,0.34002867341041565,29.03961944580078,15.434499740600586,22.770061492919922
2013-07-18,26.36092758178711,135.08111572265625,67.70050048828125,16.801055908203125,0.3386323153972626,28.795860290527344,15.205499649047852,22.57497215270996
2013-07-19,26.237396240234375,135.32110595703125,66.99983978271484,16.735984802246094,0.3314174711704254,25.513269424438477,15.261500358581543,22.225940704345703
2013-07-22,26.245634078979492,135.5850830078125,67.19747161865234,16.70561981201172,0.3311848044395447,26.0089054107666,15.173999786376953,22.575469970703125
2013-07-23,26.410341262817383,135.29714965820312,66.70342254638672,16.71863555908203,0.3307192623615265,25.85452651977539,15.053000450134277,22.4044246673584
2013-07-24,26.67386817932129,134.8011474609375,66.91898345947266,16.514747619628906,0.3307192623615265,25.968278884887695,14.946999549865723,22.38211441040039
2013-07-25,26.657394409179688,135.12918090820312,67.3411636352539,16.631879806518555,0.33188292384147644,25.505144119262695,15.170000076293945,22.00531768798828
2013-07-26,26.797391891479492,135.27317810058594,67.70050048828125,16.536441802978516,0.3304865062236786,25.6920166015625,15.600500106811523,21.947065353393555
2013-07-29,26.747974395751953,134.85714721679688,67.57469940185547,16.48438262939453,0.32978832721710205,25.627016067504883,15.305000305175781,21.87071418762207
2013-07-30,26.805627822875977,134.85714721679688,67.93399810791016,16.64923095703125,0.33537405729293823,25.878902435302734,15.120499610900879,22.085140228271484
2013-07-31,26.640926361083984,134.95321655273438,68.05973815917969,16.72731590270996,0.33607226610183716,25.870777130126953,15.060999870300293,22.00655746459961
2013-08-01,26.9703311920166,136.51304626464844,68.75141143798828,16.93553924560547,0.34072697162628174,25.732650756835938,15.278499603271484,22.414833068847656
2013-08-02,26.822097778320312,136.74493408203125,69.13765716552734,16.844440460205078,0.34351980686187744,25.911413192749023,15.21049976348877,22.47309112548828
2013-08-05,26.99503517150879,136.54495239257812,69.18255615234375,16.83576202392578,0.3451489806175232,25.75702476501465,15.049500465393066,22.43416976928711
2013-08-06,27.176218032836914,135.76910400390625,68.76937866210938,16.72731590270996,0.34002867341041565,25.65951919555664,15.037500381469727,22.22519874572754
2013-08-07,27.027982711791992,135.3291473388672,68.6436538696289,16.575481414794922,0.33979594707489014,26.049535751342773,14.845499992370605,22.078447341918945
2013-08-08,27.192684173583984,135.8250274658203,68.98495483398438,16.57982063293457,0.3421233296394348,26.723922729492188,14.786999702453613,22.128276824951172
2013-08-09,27.11032485961914,135.4330596923828,68.70651245117188,16.536441802978516,0.3372359573841095,26.56954002380371,14.86299991607666,22.072498321533203
2013-08-12,27.382099151611328,135.27317810058594,68.86819458007812,16.566810607910156,0.33444318175315857,26.707674026489258,14.834500312805176,21.951030731201172
2013-08-13,27.382099151611328,135.67311096191406,69.25438690185547,16.74466323852539,0.33560672402381897,26.372194290161133,14.69849967956543,21.845434188842773
2013-08-14,27.645618438720703,134.97714233398438,68.99391174316406,16.57982063293457,0.3498036563396454,26.470386505126953,14.567000389099121,21.56184196472168
2013-08-15,26.953861236572266,133.08934020996094,67.82621765136719,16.215429306030273,0.3521312177181244,26.012168884277344,14.32349967956543,21.310232162475586
2013-08-16,26.690343856811523,132.6494140625,67.79927062988281,16.23278045654297,0.3535274565219879,26.020343780517578,14.241000175476074,21.2420597076416
2013-08-19,26.402109146118164,131.80152893066406,67.6824951171875,16.211090087890625,0.3479418158531189,25.684871673583984,14.278499603271484,21.45871925354004
2013-08-20,26.51740264892578,132.44944763183594,67.97893524169922,16.289175033569336,0.34969615936279297,25.873058319091797,14.354499816894531,21.453014373779297
2013-08-21,26.59975242614746,131.63352966308594,67.74539184570312,16.154699325561523,0.3480588495731354,25.864883422851562,14.228500366210938,21.549942016601562
2013-08-22,26.682104110717773,132.8334197998047,68.41008758544922,16.254470825195312,0.3499300181865692,26.503114700317383,14.486499786376953,21.658517837524414
2013-08-23,26.16328239440918,133.28135681152344,68.86819458007812,16.3065242767334,0.3499300181865692,28.43419075012207,14.500499725341797,21.57175636291504
2013-08-26,26.632688522338867,132.78538513183594,68.90409088134766,16.276159286499023,0.35063183307647705,27.94322967529297,14.310500144958496,21.477060317993164
2013-08-27,26.171520233154297,130.64964294433594,67.49388122558594,15.950809478759766,0.34618744254112244,27.214998245239258,14.046500205993652,21.074487686157227
2013-08-28,26.072694778442383,131.1135711669922,67.7543716430664,16.072275161743164,0.34618744254112244,27.01860809326172,14.079000473022461,21.03482437133789
2013-08-29,26.105640411376953,131.32159423828125,68.23043823242188,16.20675277709961,0.34548571705818176,27.452293395996094,14.199000358581543,21.20537567138672
2013-08-30,26.237396240234375,130.90554809570312,67.79032135009766,16.111316680908203,0.34501805901527405,27.329551696777344,14.048999786376953,20.993921279907227
2013-09-03,26.36916732788086,131.49755859375,68.17655944824219,16.267484664916992,0.34525182843208313,26.0858097076416,14.4399995803833,21.328079223632812
2013-09-04,26.61622428894043,132.58538818359375,68.90409088134766,16.59283447265625,0.34852665662765503,25.529399871826172,14.682000160217285,21.606956481933594
2013-09-05,26.566810607910156,132.75340270996094,69.0208511352539,16.71863555908203,0.3494621515274048,25.553937911987305,14.704999923706055,21.80353546142578
2013-09-06,26.51740264892578,132.81739807128906,69.1017074584961,16.653566360473633,0.3480588495731354,25.488487243652344,14.793000221252441,21.804033279418945
2013-09-09,26.9703311920166,134.0892791748047,69.9101333618164,16.866127014160156,0.35390666127204895,25.905792236328125,14.98550033569336,22.013994216918945
2013-09-10,27.060916900634766,135.08111572265625,70.25147247314453,17.169788360595703,0.3613916039466858,26.503114700317383,15.017999649047852,22.02936553955078
2013-09-11,27.192684173583984,135.505126953125,70.11671447753906,17.11773109436035,0.3674733638763428,26.789512634277344,14.982000350952148,22.215778350830078
2013-09-12,27.003284454345703,135.14520263671875,70.07183074951172,17.078693389892578,0.367239385843277,26.748584747314453,14.942999839782715,22.1381893157959
2013-09-13,26.731510162353516,135.44915771484375,70.11671447753906,17.182804107666016,0.36957859992980957,27.02678871154785,14.895999908447266,22.03927993774414
2013-09-16,27.15151023864746,136.23297119140625,69.9281234741211,17.269561767578125,0.36981239914894104,26.83859634399414,14.803000450134277,22.006807327270508
2013-09-17,27.39032554626465,136.84095764160156,70.39517211914062,17.40837860107422,0.3709820508956909,26.944976806640625,15.208499908447266,21.965904235839844
2013-09-18,27.892675399780273,138.4247283935547,71.23954772949219,17.564544677734375,0.3742567300796509,27.26409149169922,15.601499557495117,22.39252471923828
2013-09-19,27.90914535522461,138.1927947998047,71.41022491455078,17.56020736694336,0.3726193308830261,27.525930404663086,15.602999687194824,22.270313262939453
2013-09-20,28.040910720825195,137.22662353515625,71.16515350341797,17.443082809448242,0.3693445324897766,26.830413818359375,15.817000389099121,22.387317657470703
2013-09-23,27.95032501220703,136.59161376953125,71.02101135253906,17.404035568237305,0.36583611369132996,26.789512634277344,15.57450008392334,21.975570678710938
2013-09-24,27.70327377319336,136.27011108398438,71.02101135253906,17.512489318847656,0.367239385843277,26.552204132080078,15.706500053405762,21.98400115966797
2013-09-25,27.892675399780273,135.876220703125,70.77775573730469,17.477785110473633,0.3677073121070862,26.60130500793457,15.632499694824219,21.745777130126953
2013-09-26,27.8432674407959,136.39866638183594,71.32730865478516,17.473445892333984,0.3665376901626587,26.814050674438477,15.906000137329102,21.769081115722656
2013-09-27,27.81856346130371,135.77175903320312,71.23722839355469,17.31727409362793,0.3644324839115143,27.22317123413086,15.80049991607666,21.724950790405273
2013-09-30,27.316207885742188,135.0482940673828,71.0660400390625,17.2999267578125,0.3639647960662842,27.231353759765625,15.631999969482422,21.713056564331055
2013-10-01,27.587970733642578,136.11734008789062,71.78678894042969,17.46910858154297,0.3637307286262512,27.476829528808594,16.047500610351562,21.987966537475586
2013-10-02,27.736207962036133,135.98873901367188,71.75977325439453,17.45609474182129,0.363496869802475,27.755041122436523,16.02549934387207,22.01250648498535
2013-10-03,27.373872756958008,134.73483276367188,70.9218978881836,17.412715911865234,0.3597543239593506,27.705951690673828,15.73799991607666,21.71751594543457
2013-10-04,27.4482421875,135.75563049316406,71.53450775146484,17.512489318847656,0.36466649174690247,27.722314834594727,15.95199966430664,21.62480354309082
2013-10-07,27.142436981201172,134.58212280273438,70.93993377685547,17.44742202758789,0.36466649174690247,27.24772834777832,15.501500129699707,21.46095085144043
2013-10-08,26.753982543945312,133.0146026611328,69.57048034667969,17.17412567138672,0.3616255819797516,27.01042938232422,15.161499977111816,21.161741256713867
2013-10-09,26.605209350585938,133.11109924316406,69.35430145263672,17.11773109436035,0.3560118079185486,27.05953025817871,14.911499977111816,21.216032028198242
2013-10-10,27.266420364379883,135.98077392578125,70.82280731201172,17.50815200805664,0.3599883019924164,27.624114990234375,15.258500099182129,21.522918701171875
2013-10-11,27.48956871032715,136.8568572998047,71.3813705444336,17.564544677734375,0.3569473624229431,27.9268798828125,15.544500350952148,21.615880966186523
2013-10-14,27.5060977935791,137.4034881591797,71.88587188720703,17.677331924438477,0.36232733726501465,28.188701629638672,15.53499984741211,21.718013763427734
2013-10-15,27.068050384521484,136.40670776367188,71.60659790039062,17.56888198852539,0.36045604944229126,28.221439361572266,15.319999694824219,21.864269256591797
2013-10-16,27.291208267211914,138.31182861328125,72.41744232177734,17.72071075439453,0.36490029096603394,28.344179153442383,15.524499893188477,22.261390686035156
2013-10-17,27.167232513427734,139.2361602783203,72.83186340332031,17.811809539794922,0.3656020164489746,28.573291778564453,15.53849983215332,22.03234100341797
2013-10-18,27.19202995300293,140.17660522460938,74.0121078491211,17.885555267333984,0.36981239914894104,28.60602378845215,16.446500778198242,25.071983337402344
2013-10-21,27.233356475830078,140.18470764160156,74.17427825927734,17.950626373291016,0.3707480728626251,28.630565643310547,16.32200050354004,24.87094497680664
2013-10-22,27.19202995300293,140.99655151367188,74.28241729736328,17.928936004638672,0.36887678503990173,28.295085906982422,16.62700080871582,24.962661743164062
2013-10-23,27.0267276763916,140.3213348388672,73.8319320678711,17.37801170349121,0.36256110668182373,27.624114990234375,16.33799934387207,25.567768096923828
2013-10-24,27.33254051208496,140.7874755859375,74.15624237060547,17.460432052612305,0.3599883019924164,27.59137725830078,16.61050033569336,25.422500610351562
2013-10-25,27.398653030395508,141.43055725097656,74.68780517578125,17.534175872802734,0.35647958517074585,29.23607063293457,18.16950035095215,25.165931701660156
2013-10-28,27.3903865814209,141.65562438964844,74.70580291748047,17.616600036621094,0.3557778298854828,29.10515022277832,17.908000946044922,25.160972595214844
2013-10-29,27.86149024963379,142.41123962402344,74.83198547363281,17.885555267333984,0.35624566674232483,29.064241409301758,18.135000228881836,25.687496185302734
2013-10-30,27.712718963623047,141.70388793945312,74.75985717773438,17.78144645690918,0.3560118079185486,29.080598831176758,18.054000854492188,25.543222427368164
2013-10-31,27.68792724609375,141.30194091796875,74.58869934082031,17.859527587890625,0.35530996322631836,28.974227905273438,18.201499938964844,25.54719352722168
2013-11-01,27.712718963623047,141.6394805908203,74.60674285888672,17.759754180908203,0.3569473624229431,29.07241439819336,17.950000762939453,25.45943832397461
2013-11-04,27.86149024963379,142.13790893554688,74.71482849121094,17.72071075439453,0.34665530920028687,29.407901763916016,17.937000274658203,25.436386108398438
2013-11-05,27.68792724609375,141.68777465820312,74.7959213256836,17.681671142578125,0.34618744254112244,29.98067855834961,17.944499969482422,25.322603225708008
2013-11-06,28.15903663635254,142.41123962402344,74.77790832519531,17.768430709838867,0.34852665662765503,31.24078941345215,17.80900001525879,25.353092193603516
2013-11-07,28.101186752319336,140.61065673828125,73.37242889404297,17.490798950195312,0.3403397500514984,30.68437385559082,17.17799949645996,24.98621368408203
2013-11-08,28.39045524597168,142.5076446533203,74.36348724365234,17.612260818481445,0.3639647960662842,30.913484573364258,17.515499114990234,25.186508178710938
2013-11-11,28.406993865966797,142.5317840576172,74.2463607788086,17.577558517456055,0.3670055866241455,30.758014678955078,17.7189998626709,25.051654815673828
2013-11-12,28.679746627807617,142.24241638183594,74.36348724365234,17.668655395507812,0.3677073121070862,30.56982421875,17.476499557495117,25.08115577697754
2013-11-13,28.927698135375977,143.38377380371094,75.2644271850586,17.790119171142578,0.3777654469013214,31.224407196044922,17.81100082397461,25.59404182434082
2013-11-14,28.415252685546875,144.09921264648438,75.49867248535156,17.681671142578125,0.3794028162956238,31.109867095947266,18.3700008392334,25.662460327148438
2013-11-15,28.86156463623047,144.7262420654297,75.64282989501953,17.80313491821289,0.37823325395584106,30.962583541870117,18.458499908447266,25.621061325073242
2013-11-18,28.869842529296875,144.21986389160156,74.904052734375,17.694683074951172,0.36911073327064514,30.43889808654785,18.30900001525879,25.571239471435547
2013-11-19,28.729320526123047,143.9062957763672,74.68780517578125,17.54719352722168,0.36311376094818115,30.290498733520508,18.246999740600586,25.41382598876953
2013-11-20,28.7210693359375,143.45616149902344,74.50762939453125,17.490798950195312,0.35770466923713684,30.57082176208496,18.12849998474121,25.342182159423828
2013-11-21,28.87809181213379,144.6136932373047,75.2644271850586,17.759754180908203,0.3605267107486725,30.83464241027832,18.445999145507812,25.633705139160156
2013-11-22,28.787193298339844,145.3370819091797,75.6697998046875,17.677331924438477,0.3569991886615753,30.974794387817383,18.61549949645996,25.579662322998047
2013-11-25,28.7458553314209,145.1924285888672,75.85003662109375,17.681671142578125,0.36476001143455505,31.03251075744629,18.832000732421875,25.927703857421875
2013-11-26,28.869842529296875,145.23257446289062,76.24642944335938,17.759754180908203,0.36781740188598633,30.79342269897461,19.068500518798828,26.23707389831543
2013-11-27,29.167373657226562,145.5863037109375,76.77799224853516,17.850852966308594,0.3692282736301422,30.999521255493164,19.335500717163086,26.35358238220215
2013-11-29,29.167373657226562,145.4897918701172,77.23747253417969,17.863868713378906,0.3668765425682068,31.436492919921875,19.680999755859375,26.26632308959961
2013-12-02,28.993812561035156,145.112060546875,77.01222229003906,17.794458389282227,0.37040430307388306,31.700319290161133,19.614999771118164,26.139652252197266
2013-12-03,28.98553466796875,144.48501586914062,76.94918060302734,17.859527587890625,0.3701690435409546,31.58489227294922,19.232999801635742,26.109407424926758
2013-12-04,28.98553466796875,144.46896362304688,77.02127075195312,17.79879379272461,0.3753429651260376,32.10429763793945,19.29800033569336,26.231372833251953
2013-12-05,28.803714752197266,143.833984375,76.92213439941406,17.85519027709961,0.3692282736301422,31.329309463500977,19.22450065612793,26.210546493530273
2013-12-06,29.324411392211914,145.44154357910156,77.48072814941406,18.06341552734375,0.36381930112838745,31.62611961364746,19.34749984741211,26.521156311035156
2013-12-09,29.4235897064209,145.8113555908203,77.79605865478516,18.14583969116211,0.35770466923713684,31.9146728515625,19.24449920654297,26.726160049438477
2013-12-10,28.76239013671875,145.28883361816406,77.74200439453125,18.076431274414062,0.36593592166900635,31.42000961303711,19.388999938964844,26.887786865234375
2013-12-11,28.564029693603516,143.6571502685547,76.74197387695312,17.954965591430664,0.36240825057029724,31.00778579711914,19.109500885009766,26.705093383789062
2013-12-12,27.770586013793945,143.18287658691406,76.54373931884766,17.759754180908203,0.3553529381752014,30.686243057250977,19.0625,26.523387908935547
2013-12-13,27.46477508544922,143.1667938232422,76.44466400146484,17.729389190673828,0.3532363474369049,30.249269485473633,19.211999893188477,26.29606819152832
2013-12-16,27.720998764038086,144.0590362548828,76.86809539794922,17.82916259765625,0.3537066578865051,30.414161682128906,19.44849967956543,26.59825325012207
2013-12-17,27.795379638671875,143.60086059570312,76.71495056152344,17.976652145385742,0.3553529381752014,30.10910987854004,19.38249969482422,26.520906448364258
2013-12-18,28.597091674804688,146.05250549316406,77.60685729980469,18.154516220092773,0.3602916896343231,30.158580780029297,19.79800033569336,26.890018463134766
2013-12-19,30.250104904174805,145.88368225097656,77.3906021118164,18.106794357299805,0.36170268058776855,29.886518478393555,19.75950050354004,26.92645835876465
2013-12-20,30.060007095336914,146.73223876953125,78.17871856689453,18.241275787353516,0.3689931035041809,30.33995246887207,20.110000610351562,27.283422470092773
2013-12-23,30.52284049987793,147.51620483398438,79.00121307373047,18.39948844909668,0.3711096942424774,30.191553115844727,20.145999908447266,27.642370223999023
2013-12-24,30.845178604125977,147.83949279785156,79.03734588623047,18.44796371459961,0.37205058336257935,30.57082176208496,19.959999084472656,27.561555862426758
2013-12-26,31.1509952545166,148.59107971191406,79.2994384765625,18.522886276245117,0.3685227036476135,30.867616653442383,20.219499588012695,27.700870513916016
2013-12-27,31.390674591064453,148.5829620361328,79.1006088256836,18.522886276245117,0.370639443397522,30.74394989013672,19.90399932861328,27.724172592163086
2013-12-30,31.39893341064453,148.55874633789062,78.98310852050781,18.61543083190918,0.3755781054496765,30.74394989013672,19.668500900268555,27.5025577545166
2013-12-31,31.62209701538086,149.26185607910156,79.49829864501953,18.699167251586914,0.3767540156841278,30.8428897857666,19.93950080871582,27.781436920166016
2014-01-02,31.27495765686035,147.8314666748047,78.87466430664062,18.505260467529297,0.372991144657135,30.636760711669922,19.898500442504883,27.593286514282227
2014-01-03,31.19205093383789,147.80715942382812,78.30529022216797,18.44796371459961,0.3685227036476135,30.430654525756836,19.82200050354004,27.392000198364258
2014-01-06,31.067678451538086,147.3787841796875,78.01607513427734,18.3289737701416,0.37346142530441284,29.78757667541504,19.681499481201172,27.697399139404297
2014-01-07,31.382749557495117,148.2840118408203,78.73909759521484,18.390670776367188,0.3795761168003082,30.01841926574707,19.901500701904297,28.23135757446289
2014-01-08,31.27496910095215,148.31626892089844,78.91083526611328,18.588991165161133,0.3847499489784241,29.482526779174805,20.09600067138672,28.29010772705078
2014-01-09,31.2169246673584,148.41329956054688,78.64871215820312,18.42593002319336,0.37040430307388306,29.29290008544922,20.050500869750977,28.017677307128906
2014-01-10,31.59833335876465,148.8173370361328,78.90180969238281,18.500844955444336,0.3699339032173157,29.7133731842041,19.882999420166016,28.016191482543945
2014-01-13,31.29983901977539,146.83726501464844,77.73589324951172,18.315752029418945,0.3612322509288788,28.83945655822754,19.548999786376953,27.837709426879883
2014-01-14,31.681230545043945,148.43756103515625,79.2181167602539,18.804931640625,0.3725208342075348,29.499025344848633,19.87700080871582,28.49263572692871
2014-01-15,31.847076416015625,149.23756408691406,79.86883544921875,18.928333282470703,0.37651878595352173,30.306978225708008,19.793500900268555,28.473299026489258
2014-01-16,31.747575759887695,149.04360961914062,79.8779067993164,18.866636276245117,0.3776947557926178,30.414161682128906,19.790000915527344,28.661699295043945
2014-01-17,31.681230545043945,148.41329956054688,79.42598724365234,18.637468338012695,0.3760484457015991,29.993696212768555,19.980499267578125,28.520648956298828
2014-01-21,31.59833335876465,148.8496856689453,80.03156280517578,18.721202850341797,0.37745949625968933,29.820552825927734,20.352500915527344,28.84712028503418
2014-01-22,31.49054718017578,148.94664001464844,80.23942565917969,18.932741165161133,0.3769891560077667,29.6226863861084,20.226999282836914,28.87984275817871
2014-01-23,31.631488800048828,147.72628784179688,79.96827697753906,18.690353393554688,0.3755781054496765,29.729875564575195,19.993499755859375,28.75788116455078
2014-01-24,30.769187927246094,144.57443237304688,78.39566802978516,18.33778953552246,0.36593592166900635,30.34821128845215,19.3799991607666,27.858776092529297
2014-01-27,30.255136489868164,143.86325073242188,77.63643646240234,18.174728393554688,0.3635840117931366,29.705123901367188,19.31399917602539,27.298540115356445
2014-01-28,30.76089096069336,144.7198944091797,77.59127044677734,18.25846290588379,0.3671117126941681,29.90299415588379,19.721500396728516,27.83845329284668
2014-01-29,30.65311622619629,143.329833984375,76.75979614257812,18.143875122070312,0.3635840117931366,30.224536895751953,19.209999084472656,27.43959617614746
2014-01-30,31.0096435546875,144.84918212890625,78.17871856689453,18.29371452331543,0.3696986734867096,30.38941764831543,20.15049934387207,28.145339965820312
2014-01-31,30.595075607299805,144.0006103515625,77.97087097167969,18.143875122070312,0.3692282736301422,31.197402954101562,17.934499740600586,29.275226593017578
2014-02-03,29.7161922454834,140.75987243652344,76.18136596679688,17.830976486206055,0.36428964138031006,30.076133728027344,17.3075008392334,28.096755981445312
2014-02-04,29.815690994262695,141.7458038330078,76.74170684814453,17.764867782592773,0.3664061427116394,29.968952178955078,17.397499084472656,28.214006423950195
2014-02-05,29.807405471801758,141.56800842285156,76.54287719726562,17.760461807250977,0.36311376094818115,29.531991958618164,17.322500228881836,28.338943481445312
2014-02-06,30.44582748413086,143.43492126464844,77.51899719238281,18.024885177612305,0.36781740188598633,29.828800201416016,17.72949981689453,28.754411697387695
2014-02-07,30.835533142089844,145.2128448486328,78.90180969238281,18.267274856567383,0.3732265532016754,30.142099380493164,18.054000854492188,29.187725067138672
2014-02-10,30.926721572875977,145.47955322265625,79.35366821289062,18.368637084960938,0.3744022846221924,30.33995246887207,18.043500900268555,29.075927734375
2014-02-11,31.37445640563965,147.0717315673828,80.25750732421875,18.59339714050293,0.38216307759284973,30.645017623901367,18.089500427246094,29.503538131713867
2014-02-12,31.565168380737305,147.14450073242188,80.4111328125,18.69475746154785,0.39580342173576355,30.89234161376953,17.462499618530273,29.417020797729492
2014-02-13,31.85537338256836,147.9041290283203,81.00762939453125,18.89307975769043,0.40826770663261414,31.00778579711914,17.860000610351562,29.744489669799805
2014-02-14,31.49054718017578,148.72042846679688,81.17034912109375,19.034103393554688,0.4212024509906769,31.016016006469727,17.86750030517578,29.816375732421875
2014-02-18,31.482254028320312,148.89817810058594,81.56800079345703,19.073766708374023,0.42096737027168274,31.08246612548828,17.6825008392334,30.016672134399414
2014-02-19,31.399333953857422,147.9121551513672,81.00762939453125,19.029693603515625,0.4266115725040436,31.1572208404541,17.368999481201172,29.804977416992188
2014-02-20,31.730995178222656,148.7850341796875,81.38726043701172,19.157501220703125,0.44166305661201477,31.356576919555664,17.489999771118164,29.848852157592773
2014-02-21,31.59003257751465,148.61529541015625,81.27881622314453,19.05173110961914,0.43837055563926697,31.547624588012695,17.33799934387207,29.840919494628906
2014-02-24,31.623197555541992,149.43971252441406,81.7126235961914,19.166316986083984,0.44472023844718933,31.306734085083008,17.589000701904297,30.057077407836914
2014-02-25,31.714418411254883,149.38304138183594,81.62224578857422,19.060544967651367,0.4427122175693512,31.18214225769043,17.916000366210938,30.24275016784668
2014-02-26,31.92170524597168,149.39112854003906,81.5499267578125,19.214792251586914,0.4420034885406494,31.124006271362305,17.989999771118164,30.246965408325195
2014-02-27,32.2947998046875,150.17510986328125,82.07901000976562,19.223608016967773,0.43704256415367126,31.44796371459961,18.006500244140625,30.223167419433594
2014-02-28,32.42747116088867,150.55490112304688,81.9882583618164,19.236827850341797,0.43420761823654175,31.82172203063965,18.104999542236328,30.13492202758789
2014-03-03,31.929975509643555,149.49623107910156,81.38019561767578,19.11343002319336,0.43208134174346924,31.381494522094727,17.98900032043457,29.813650131225586
2014-03-04,32.67620086669922,151.59747314453125,82.41483306884766,19.3646297454834,0.4365701377391815,31.90480613708496,18.19499969482422,30.116573333740234
2014-03-05,32.75081253051758,151.73486328125,82.64171600341797,19.386669158935547,0.44034990668296814,31.655607223510742,18.618499755859375,30.199617385864258
2014-03-06,32.717655181884766,152.08236694335938,82.56913757324219,19.593799591064453,0.43420761823654175,31.688825607299805,18.607999801635742,30.233081817626953
2014-03-07,32.195316314697266,152.1470489501953,82.16072845458984,19.593799591064453,0.43373510241508484,31.481184005737305,18.60300064086914,30.113595962524414
2014-03-10,32.220176696777344,152.06625366210938,82.23332214355469,19.593799591064453,0.42735666036605835,31.414724349975586,18.526500701904297,30.033777236938477
2014-03-11,32.25333786010742,151.31460571289062,81.87937927246094,19.452774047851562,0.43160897493362427,31.580856323242188,18.44099998474121,29.746719360351562
2014-03-12,31.938270568847656,151.35494995117188,82.18793487548828,19.668720245361328,0.43279018998146057,31.788509368896484,18.531999588012695,29.927927017211914
2014-03-13,31.2169246673584,149.65780639648438,81.02628326416016,19.399890899658203,0.4190882742404938,31.472867965698242,18.57550048828125,29.475772857666016
2014-03-14,31.175464630126953,149.23756408691406,80.47264099121094,19.241233825683594,0.4209781587123871,31.31504249572754,18.687000274658203,29.07270050048828
2014-03-17,31.689516067504883,150.58724975585938,81.18053436279297,19.452774047851562,0.4209781587123871,31.605764389038086,18.75200080871582,29.551130294799805
2014-03-18,32.203590393066406,151.662109375,82.16072845458984,19.681941986083984,0.4309001564979553,32.85173416137695,18.938499450683594,30.026092529296875
2014-03-19,31.963138580322266,150.85398864746094,81.71601104736328,19.659908294677734,0.4384598135948181,32.619140625,18.661500930786133,29.728374481201172
2014-03-20,31.813905715942383,151.73486328125,81.94287872314453,19.990436553955078,0.43869611620903015,33.499629974365234,18.44849967956543,29.676565170288086
2014-03-21,31.092559814453125,151.14637756347656,80.95687866210938,19.78330421447754,0.43798744678497314,33.35841751098633,18.0310001373291,29.3265438079834
2014-03-24,31.656352996826172,150.52134704589844,80.24734497070312,19.717199325561523,0.43586134910583496,33.640830993652344,17.592500686645508,28.704084396362305
2014-03-25,31.838787078857422,151.235595703125,80.51116943359375,19.92873764038086,0.43586134910583496,33.5079460144043,17.73550033569336,28.723670959472656
2014-03-26,32.40259552001953,150.1479034423828,79.47417449951172,19.72601318359375,0.4259391725063324,33.05107116699219,17.170499801635742,28.060562133789062
2014-03-27,32.535255432128906,149.8313751220703,79.02845001220703,19.615835189819336,0.4202694892883301,32.69389724731445,16.923500061035156,27.622045516967773
2014-03-28,32.80885696411133,150.5700225830078,79.18303680419922,19.761268615722656,0.42286819219589233,33.474700927734375,16.914499282836914,27.76755142211914
2014-03-31,33.9199104309082,151.8038330078125,79.74702453613281,20.10061264038086,0.42310428619384766,34.04783630371094,16.818500518798828,27.627742767333984
2014-04-01,34.40081024169922,152.8104248046875,81.14788055419922,20.400293350219727,0.44058600068092346,34.405025482177734,17.149499893188477,28.132949829101562
2014-04-02,34.102317810058594,153.3218994140625,81.35709381103516,20.298931121826172,0.43775123357772827,34.34687042236328,17.097999572753906,28.138153076171875
2014-04-03,33.4721794128418,153.118896484375,80.71122741699219,20.35181427001953,0.44247597455978394,34.064453125,16.680999755859375,28.305654525756836
2014-04-04,33.24763870239258,151.30868530273438,78.56453704833984,19.849411010742188,0.42877405881881714,33.11753845214844,16.149999618530273,27.00552749633789
2014-04-07,32.82352828979492,149.6365203857422,77.81864929199219,19.739234924316406,0.4301914870738983,33.05939483642578,15.887999534606934,26.776702880859375
2014-04-08,33.4638786315918,150.25344848632812,78.53726196289062,20.021286010742188,0.44554704427719116,33.075984954833984,16.353500366210938,27.61274528503418
2014-04-09,33.996097564697266,151.8687744140625,79.88350677490234,20.2592716217041,0.44507455825805664,33.615909576416016,16.590499877929688,28.084753036499023
2014-04-10,33.089637756347656,148.6786346435547,77.40931701660156,19.65109634399414,0.43420761823654175,32.69389724731445,15.855500221252441,27.076845169067383
2014-04-11,32.416038513183594,147.3392791748047,76.50879669189453,19.369041442871094,0.4280654191970825,32.569313049316406,15.58650016784668,26.634552001953125
2014-04-14,32.906673431396484,148.50009155273438,77.109130859375,19.540916442871094,0.43279018998146057,32.544403076171875,15.795499801635742,27.003047943115234
2014-04-15,33.03974151611328,149.5228729248047,77.36380767822266,19.67753791809082,0.43586134910583496,33.01785659790039,15.803999900817871,27.176395416259766
2014-04-16,33.372379302978516,151.08958435058594,78.39169311523438,19.63346290588379,0.43680623173713684,33.557769775390625,16.18400001525879,27.929235458374023
2014-04-17,33.3307991027832,151.3006134033203,78.40987396240234,19.8758487701416,0.4384598135948181,33.23380661010742,16.245500564575195,26.910924911499023
2014-04-21,33.4638786315918,151.82821655273438,78.99205780029297,19.98602867126465,0.4420034885406494,33.17566680908203,16.543500900268555,26.714296340942383
2014-04-22,33.64680862426758,152.51821899414062,79.61972045898438,20.12705421447754,0.44578343629837036,33.21721649169922,16.465999603271484,27.017908096313477
2014-04-23,33.089637756347656,152.1610107421875,78.91929626464844,20.060951232910156,0.4509805738925934,32.968013763427734,16.229000091552734,26.62217140197754
2014-04-24,33.05636978149414,152.46949768066406,79.67426300048828,20.210790634155273,0.4549967050552368,33.109230041503906,16.857500076293945,26.470115661621094
2014-04-25,32.8068962097168,151.2194061279297,78.40081787109375,19.571767807006836,0.44247597455978394,33.1507568359375,15.191499710083008,25.908462524414062
2014-04-28,33.372379302978516,151.69833374023438,78.65550994873047,19.51888084411621,0.44058600068092346,33.94816207885742,14.829000473022461,25.902523040771484
2014-04-29,33.35575485229492,152.40451049804688,79.28315734863281,19.602617263793945,0.4415310323238373,33.649139404296875,15.019000053405762,26.56372833251953
2014-04-30,33.996097564697266,152.85911560058594,79.49234771728516,19.68634796142578,0.4363338053226471,33.557769775390625,15.206500053405762,26.491910934448242
2014-05-01,34.070926666259766,152.87535095214844,79.7288818359375,19.540916442871094,0.43869611620903015,33.225521087646484,15.394499778747559,26.672691345214844
2014-05-02,33.93788528442383,152.65615844726562,79.58331298828125,19.571767807006836,0.43538886308670044,32.968013763427734,15.400500297546387,26.44188690185547
2014-05-05,34.27051544189453,152.94847106933594,80.00174713134766,19.576173782348633,0.4401136040687561,32.7520637512207,15.5024995803833,26.51420021057129
2014-05-06,34.104190826416016,151.6171875,78.96476745605469,19.545320510864258,0.43113648891448975,32.444698333740234,14.869000434875488,25.882211685180664
2014-05-07,34.14577865600586,152.5100860595703,78.7374038696289,19.62024688720703,0.43160897493362427,32.743743896484375,14.635499954223633,25.655864715576172
2014-05-08,33.987770080566406,152.34771728515625,78.66459655761719,19.748050689697266,0.43704256415367126,32.92647933959961,14.416000366210938,25.763343811035156
2014-05-09,34.1291389465332,152.5750274658203,78.95565795898438,19.659908294677734,0.4264116883277893,32.84339904785156,14.612000465393066,26.082801818847656
2014-05-12,34.88589096069336,154.06048583984375,80.2564468383789,19.98602867126465,0.4389323890209198,33.20058822631836,15.142999649047852,26.667736053466797
2014-05-13,34.83600616455078,154.19845581054688,80.31105041503906,19.840599060058594,0.43184515833854675,33.81123733520508,15.232000350952148,26.821767807006836
2014-05-14,34.827693939208984,153.46792602539062,79.89263153076172,19.67753791809082,0.427592933177948,33.660667419433594,14.880999565124512,26.46863555908203
2014-05-15,34.86927032470703,152.1204833984375,79.26493835449219,19.483625411987305,0.42523038387298584,33.125308990478516,14.759499549865723,26.20662498474121
2014-05-16,34.6696891784668,152.64805603027344,79.78346252441406,19.63787269592285,0.4242855906486511,33.317710876464844,14.885000228881836,26.16600799560547
2014-05-19,35.060543060302734,153.2081756591797,80.33829498291016,19.80974769592285,0.43798744678497314,33.25079345703125,14.838000297546387,26.687549591064453
2014-05-20,34.56157684326172,152.24221801757812,80.04724884033203,19.712787628173828,0.4328847825527191,33.19221878051758,15.059499740600586,26.764816284179688
2014-05-21,34.661376953125,153.5247802734375,80.81134033203125,19.82737922668457,0.4328847825527191,33.7526741027832,15.250499725341797,27.22592544555664
2014-05-22,34.5283088684082,153.89820861816406,81.16608428955078,19.897890090942383,0.4347834885120392,33.543540954589844,15.245499610900879,27.510713577270508
2014-05-23,35.052223205566406,154.5150604248047,81.75733947753906,20.05213737487793,0.4388180673122406,33.5602912902832,15.612000465393066,27.92428207397461
2014-05-27,34.8526496887207,155.46481323242188,82.77613830566406,20.338598251342773,0.44664981961250305,33.618839263916016,15.541000366210938,28.472562789916992
2014-05-28,34.569889068603516,155.35118103027344,82.52141571044922,20.369447708129883,0.4504472315311432,33.4682731628418,15.508000373840332,28.25364875793457
2014-05-29,35.093807220458984,156.1547393798828,83.04900360107422,20.37384605407715,0.4497351348400116,33.74431610107422,15.689000129699707,28.25909996032715
2014-05-30,34.94411849975586,156.40647888183594,83.05809020996094,20.422330856323242,0.45092159509658813,34.246212005615234,15.6274995803833,28.313079833984375
2014-06-02,34.90253448486328,156.58502197265625,82.97624206542969,20.536909103393555,0.44949769973754883,34.1207389831543,15.442000389099121,27.951026916503906
2014-06-03,34.769474029541016,156.50387573242188,82.93982696533203,20.792524337768555,0.4475991725921631,33.702491760253906,15.35949993133545,27.464157104492188
2014-06-04,34.67801284790039,156.82037353515625,83.24911499023438,20.85862922668457,0.4480738341808319,33.72759246826172,15.33899974822998,27.427011489868164
2014-06-05,35.01063537597656,157.8431854248047,83.94954681396484,20.942363739013672,0.4499725103378296,34.472076416015625,16.178499221801758,27.980247497558594
2014-06-06,35.4514045715332,158.59815979003906,84.431640625,21.052541732788086,0.4516337513923645,34.69792938232422,16.48349952697754,28.034732818603516
2014-06-09,35.509605407714844,158.7604522705078,84.36796569824219,21.096609115600586,0.4521084725856781,34.522254943847656,16.375,28.26751708984375
2014-06-10,35.476341247558594,158.77674865722656,84.51353454589844,21.202377319335938,0.45448166131973267,34.3884162902832,16.620500564575195,28.147159576416016
2014-06-11,35.3931884765625,158.2246856689453,84.49531555175781,21.23763656616211,0.460414856672287,34.1793098449707,16.760000228881836,28.1075382232666
2014-06-12,34.9274787902832,157.10458374023438,83.73123168945312,21.189157485961914,0.46326273679733276,33.94508361816406,16.295499801635742,27.7113094329834
2014-06-13,35.043914794921875,157.58349609375,83.976806640625,21.532909393310547,0.4637373685836792,34.48879623413086,16.313499450683594,27.753406524658203
2014-06-16,35.052223205566406,157.71334838867188,84.04956817626953,21.621051788330078,0.46231335401535034,34.714656829833984,16.381000518798828,27.354698181152344
2014-06-17,35.19358825683594,158.1516876220703,84.09505462646484,21.713600158691406,0.4653986692428589,34.86522674560547,16.2810001373291,27.271493911743164
2014-06-18,35.60109329223633,159.3125,84.56807708740234,21.673931121826172,0.4649239778518677,34.84013748168945,16.7189998626709,27.768760681152344
2014-06-19,35.35161209106445,159.4910125732422,84.51353454589844,21.75326156616211,0.4542444050312042,34.7230110168457,16.350000381469727,27.983219146728516
2014-06-20,33.946197509765625,159.81483459472656,84.61293029785156,21.75326156616211,0.44926056265830994,34.86522674560547,16.209999084472656,28.05900001525879
2014-06-23,34.179046630859375,159.76589965820312,84.63117218017578,21.682748794555664,0.4440392553806305,35.124542236328125,16.36199951171875,28.44384002685547
2014-06-24,33.896297454833984,158.80348205566406,84.549072265625,21.541725158691406,0.43715670704841614,34.923789978027344,16.20800018310547,28.357160568237305
2014-06-25,33.64680862426758,159.5211944580078,85.08720397949219,21.687158584594727,0.44166600704193115,35.15800094604492,16.371999740600586,29.020349502563477
2014-06-26,33.389015197753906,159.4070281982422,85.1327896118164,21.58138656616211,0.43573281168937683,34.898677825927734,16.284500122070312,28.96289825439453
2014-06-27,33.705020904541016,159.71701049804688,85.50674438476562,21.651899337768555,0.43620744347572327,35.34203338623047,16.228500366210938,29.008464813232422
2014-06-30,33.705020904541016,159.63540649414062,85.65267181396484,21.81055450439453,0.44000470638275146,34.881954193115234,16.23900032043457,28.95794677734375
2014-07-01,33.90461349487305,160.703857421875,86.59211730957031,22.163118362426758,0.44498857855796814,35.0241584777832,16.61949920654297,29.29572868347168
2014-07-02,34.054298400878906,160.86700439453125,86.73802185058594,22.229225158691406,0.44332727789878845,35.04925537109375,16.642499923706055,29.26056480407715
2014-07-03,34.37863540649414,161.65814208984375,87.2852783203125,22.445171356201172,0.4473619759082794,34.96562194824219,16.874500274658203,29.374481201171875
2014-07-07,34.10338592529297,161.0953826904297,87.02079010009766,22.277700424194336,0.4438018798828125,35.124542236328125,16.677499771118164,29.259572982788086
2014-07-08,33.82817459106445,160.0595703125,85.97189331054688,22.167524337768555,0.44024205207824707,34.94887161254883,16.190500259399414,28.64739990234375
2014-07-09,33.57796096801758,160.77731323242188,86.6103515625,22.238040924072266,0.4535323977470398,34.85685729980469,16.49850082397461,28.8930606842041
2014-07-10,33.62799835205078,160.14114379882812,86.33673095703125,22.251258850097656,0.45115914940834045,34.87359619140625,16.395999908447266,28.728626251220703
2014-07-11,33.469539642333984,160.361328125,86.89310455322266,22.202783584594727,0.4521084725856781,35.208187103271484,17.309999465942383,29.056013107299805
2014-07-14,33.76978302001953,161.1688232421875,87.4129867553711,22.334997177124023,0.45780423283576965,35.25001907348633,17.766000747680664,29.43292236328125
2014-07-15,33.81148147583008,160.86700439453125,87.11196899414062,22.282108306884766,0.4597029387950897,35.50932693481445,17.722000122070312,29.373491287231445
2014-07-16,33.57796096801758,161.46243286132812,87.45858764648438,22.528907775878906,0.45922815799713135,36.872825622558594,17.795000076293945,29.252641677856445
2014-07-17,33.28605270385742,159.62722778320312,86.30027770996094,21.973613739013672,0.45804163813591003,37.24924087524414,17.622499465942383,28.76725959777832
2014-07-18,33.36110305786133,161.25851440429688,87.6683578491211,22.233631134033203,0.43763139843940735,37.38307571411133,17.933000564575195,29.970314025878906
2014-07-21,33.369449615478516,160.95672607421875,87.55892944335938,22.321775436401367,0.44024205207824707,37.508567810058594,17.988000869750977,29.63995361328125
2014-07-22,33.71975326538086,161.65814208984375,88.11529541015625,22.533308029174805,0.43834346532821655,37.50018310546875,18.04199981689453,29.8940372467041
2014-07-23,33.61965560913086,162.01705932617188,88.68075561523438,22.066165924072266,0.42908766865730286,37.53364944458008,17.906999588012695,29.974273681640625
2014-07-24,33.75312042236328,162.02517700195312,88.58045959472656,22.04412841796875,0.4297996163368225,37.140506744384766,17.930500030517578,29.866302490234375
2014-07-25,33.63634490966797,161.2666778564453,88.23383331298828,21.629865646362305,0.4222051203250885,37.22414779663086,16.20050048828125,29.622127532958984
2014-07-28,33.819828033447266,161.3319549560547,88.26119232177734,21.621051788330078,0.42054393887519836,36.78080749511719,16.02050018310547,29.668684005737305
2014-07-29,33.88655471801758,160.63864135742188,88.10616302490234,21.612234115600586,0.4219679832458496,36.71390151977539,16.0,29.417572021484375
2014-07-30,34.16178512573242,160.66310119628906,88.45274353027344,21.903100967407227,0.42908766865730286,36.45456314086914,16.125499725341797,29.49136734008789
2014-07-31,33.6863899230957,157.49032592773438,86.6650619506836,21.488840103149414,0.41532275080680847,36.10324478149414,15.649499893188477,28.704357147216797
2014-08-01,33.03583526611328,157.0090789794922,86.34586334228516,21.563762664794922,0.4198318421840668,35.852291107177734,15.352999687194824,28.4096622467041
2014-08-04,33.44450759887695,158.1427459716797,86.93870544433594,21.65630531311035,0.4188825488090515,36.27890396118164,15.682499885559082,28.83907699584961
2014-08-05,33.32773971557617,156.60939025878906,86.27288818359375,21.299331665039062,0.4191199243068695,36.036312103271484,15.616000175476074,28.386877059936523
2014-08-06,33.494537353515625,156.6584014892578,86.20905303955078,21.418325424194336,0.41864532232284546,35.751895904541016,15.694499969482422,28.453744888305664
2014-08-07,33.08588409423828,155.81008911132812,85.93543243408203,21.180343627929688,0.41437333822250366,36.16179275512695,15.572500228881836,28.32100486755371
2014-08-08,33.31105422973633,157.6126251220703,86.55560302734375,21.343406677246094,0.45092159509658813,36.1367073059082,15.84000015258789,28.624614715576172
2014-08-11,33.294395446777344,158.06944274902344,87.06640625,21.563762664794922,0.44854849576950073,36.1367073059082,15.916500091552734,28.590442657470703
2014-08-12,33.277713775634766,157.8491668701172,87.02992248535156,21.54612922668457,0.44854849576950073,36.404380798339844,15.965999603271484,28.336360931396484
2014-08-13,33.5612907409668,158.91766357421875,87.95108795166016,21.81055450439453,0.45115914940834045,36.872825622558594,16.31399917602539,28.952497482299805
2014-08-14,33.54460906982422,159.66802978515625,88.40711975097656,21.885473251342773,0.4461751878261566,37.03175354003906,16.660499572753906,28.956953048706055
2014-08-15,33.59464645385742,159.63540649414062,88.83580780029297,22.066165924072266,0.45187094807624817,37.46672821044922,16.681499481201172,28.9103946685791
2014-08-18,33.89488220214844,160.97305297851562,89.51985931396484,22.163118362426758,0.45804163813591003,37.73441696166992,16.726499557495117,29.35565948486328
2014-08-19,34.537086486816406,161.8131561279297,90.021484375,22.30414581298828,0.4617365300655365,38.155269622802734,16.756500244140625,29.574079513549805
2014-08-20,34.40363693237305,162.2454376220703,90.021484375,22.427539825439453,0.458875834941864,37.83542251586914,16.788999557495117,29.489883422851562
2014-08-21,34.678871154785156,162.718505859375,90.20391845703125,22.524497985839844,0.4545849859714508,38.062686920166016,16.64550018310547,29.341793060302734
2014-08-22,34.72057342529297,162.46560668945312,90.3407211303711,22.55535125732422,0.4548235237598419,38.003761291503906,16.579500198364258,29.34773826599121
2014-08-25,34.81230926513672,163.28941345214844,90.65992736816406,22.47161102294922,0.45553866028785706,38.020591735839844,16.701000213623047,29.250164031982422
2014-08-26,34.89571762084961,163.39549255371094,90.75116729736328,22.47602081298828,0.46364346146583557,37.88591766357422,17.09149932861328,29.12881851196289
2014-08-27,34.72890090942383,163.33026123046875,90.76939392089844,22.52008819580078,0.45839905738830566,37.7680778503418,17.159000396728516,28.875232696533203
2014-08-28,34.42033004760742,163.24053955078125,90.66905975341797,22.599416732788086,0.4622131288051605,37.7765007019043,17.000999450683594,28.742494583129883
2014-08-29,34.637176513671875,163.7053985595703,91.00653076171875,22.775699615478516,0.46364346146583557,38.23945617675781,16.95199966430664,28.843534469604492
2014-09-02,34.74560546875,163.62384033203125,91.27104187011719,22.771291732788086,0.4648352563381195,37.95325469970703,17.118999481201172,29.154075622558594
2014-09-03,34.94578170776367,163.53419494628906,90.73292541503906,22.837398529052734,0.4691261053085327,37.843833923339844,16.950000762939453,29.198158264160156
2014-09-04,34.65385818481445,163.297607421875,90.65084075927734,22.88587760925293,0.4774693250656128,38.096351623535156,17.297500610351562,29.37745475769043
2014-09-05,34.42033004760742,164.03167724609375,91.10686492919922,22.99605369567871,0.47603896260261536,38.643470764160156,17.319000244140625,29.60726547241211
2014-09-08,33.89488220214844,163.6075897216797,91.28014373779297,23.013681411743164,0.47174832224845886,39.114845275878906,17.117000579833984,29.797948837280273
2014-09-09,33.953269958496094,162.57168579101562,90.52312469482422,22.841806411743164,0.4657887816429138,39.35893630981445,16.487499237060547,29.319501876831055
2014-09-10,33.953269958496094,163.1834259033203,91.27104187011719,22.837398529052734,0.4674573838710785,39.42626953125,16.566499710083008,29.391321182250977
2014-09-11,33.92825698852539,163.3710174560547,91.19807434082031,22.872657775878906,0.4626898765563965,39.56093978881836,16.525999069213867,29.276906967163086
2014-09-12,33.778106689453125,162.41671752929688,90.73292541503906,22.564159393310547,0.45577695965766907,39.308433532714844,16.559499740600586,28.96933937072754
2014-09-15,33.91157913208008,162.2943878173828,89.85733032226562,22.370250701904297,0.4495791792869568,38.92123794555664,16.194499969482422,28.80787467956543
2014-09-16,34.353607177734375,163.51779174804688,90.64170837402344,22.70077896118164,0.4562538266181946,39.35893630981445,16.38800048828125,29.161510467529297
2014-09-17,34.31190490722656,163.73806762695312,90.77851867675781,22.85062026977539,0.4564920961856842,39.15693283081055,16.200000762939453,29.3848819732666
2014-09-18,34.65385818481445,164.61082458496094,91.46259307861328,23.159114837646484,0.46340498328208923,39.291595458984375,16.25,29.582006454467773
2014-09-19,33.19430160522461,164.46240234375,91.4059066772461,22.88587760925293,0.4548235237598419,39.99864196777344,16.56599998474121,29.98467254638672
2014-09-22,33.010826110839844,163.19229125976562,90.5556640625,22.630266189575195,0.4502944052219391,39.61145782470703,16.225000381469727,29.582006454467773
2014-09-23,32.38529968261719,162.2581787109375,90.30880737304688,22.528907775878906,0.4483872652053833,39.19059753417969,16.181499481201172,29.280378341674805
2014-09-24,32.87736892700195,163.5283203125,91.27789306640625,22.7933292388916,0.45100945234298706,39.62828826904297,16.410499572753906,29.638965606689453
2014-09-25,32.32691192626953,160.88966369628906,89.35796356201172,22.401098251342773,0.4412359297275543,38.75291442871094,16.096500396728516,28.98667335510254
2014-09-26,32.48538589477539,162.1680145263672,90.30880737304688,22.60822868347168,0.4421895146369934,39.064334869384766,16.160499572753906,29.117923736572266
2014-09-29,32.06003952026367,161.87301635742188,90.18994140625,22.64349365234375,0.4414743185043335,39.08958053588867,16.090999603271484,29.113462448120117
2014-09-30,31.92658042907715,161.44696044921875,90.31792449951172,22.515682220458984,0.439805805683136,39.022247314453125,16.121999740600586,29.1431827545166
2014-10-01,31.768117904663086,159.2589569091797,88.87344360351562,22.022096633911133,0.4355149269104004,38.63504409790039,15.873000144958496,28.708322525024414
2014-10-02,31.91825294494629,159.2835693359375,88.87344360351562,21.916322708129883,0.4336078464984894,38.51721954345703,15.920499801635742,28.770235061645508
2014-10-03,32.435340881347656,161.03717041015625,89.7510986328125,22.092607498168945,0.4345613718032837,38.794979095458984,16.136999130249023,29.03620147705078
2014-10-06,32.694679260253906,160.8487091064453,89.55913543701172,21.991243362426758,0.4319392740726471,38.794979095458984,16.110000610351562,29.111980438232422
2014-10-07,32.175994873046875,158.3657989501953,88.28836059570312,21.563762664794922,0.4274100661277771,38.32361602783203,15.848999977111816,28.434425354003906
2014-10-08,32.64449691772461,161.13552856445312,90.0071029663086,22.022096633911133,0.4352765679359436,39.37577819824219,16.135000228881836,28.91188621520996
2014-10-09,32.41023254394531,157.939697265625,88.55345916748047,21.50646209716797,0.42693328857421875,38.592960357666016,15.768500328063965,28.2714786529541
2014-10-10,31.874801635742188,156.13690185546875,86.34099578857422,20.082984924316406,0.4016653597354889,37.06103515625,15.569499969482422,27.497840881347656
2014-10-13,31.98357391357422,153.57200622558594,84.98792266845703,19.79652214050293,0.4002350866794586,36.74118423461914,15.322500228881836,26.980758666992188
2014-10-14,32.175994873046875,153.8096466064453,84.99707794189453,20.219600677490234,0.4095318019390106,36.80852127075195,15.415499687194824,27.1759033203125
2014-10-15,32.04213333129883,152.7689971923828,84.44850158691406,20.21519660949707,0.4157296419143677,36.379241943359375,15.298500061035156,26.78165626525879
2014-10-16,31.42304229736328,152.63784790039062,83.91825103759766,20.45758056640625,0.41596800088882446,35.975196838378906,15.142999649047852,26.592952728271484
2014-10-17,31.6823787689209,154.44065856933594,85.02449798583984,20.673534393310547,0.4152528941631317,36.7243537902832,15.182000160217285,25.902023315429688
2014-10-20,31.623825073242188,155.94021606445312,86.2952651977539,20.871845245361328,0.4188286364078522,37.103126525878906,15.310500144958496,26.36808967590332
2014-10-21,32.08396530151367,159.029541015625,88.5625991821289,21.515277862548828,0.4367068111896515,37.7765007019043,15.766500473022461,26.647926330566406
2014-10-22,31.48997688293457,157.89869689941406,88.1054916381836,21.259668350219727,0.42645663022994995,37.35563278198242,15.648500442504883,26.878734588623047
2014-10-23,31.98357391357422,159.73426818847656,89.43114471435547,21.532909393310547,0.4359916150569916,37.89434814453125,15.659000396728516,27.42156410217285
2014-10-24,32.401859283447266,160.96340942382812,90.16251373291016,21.713600158691406,0.4405209720134735,38.828636169433594,14.352999687194824,27.18630027770996
2014-10-27,32.15089797973633,160.74217224121094,90.22653198242188,22.079383850097656,0.44075924158096313,38.643470764160156,14.498499870300293,27.234840393066406
2014-10-28,32.33495330810547,162.58595275878906,91.58872985839844,22.136674880981445,0.451247900724411,39.131683349609375,14.779500007629395,27.68357276916504
2014-10-29,32.27639389038086,162.34007263183594,91.2504653930664,22.14989471435547,0.4483872652053833,39.2410888671875,14.706000328063965,27.659303665161133
2014-10-30,32.20947265625,163.38075256347656,91.4424819946289,21.792926788330078,0.4455268085002899,38.76130294799805,14.953499794006348,27.749448776245117
2014-10-31,32.66958999633789,165.24911499023438,92.70411682128906,22.661115646362305,0.4657887816429138,39.51887512207031,15.27299976348877,28.1258602142334
2014-11-03,32.6193962097168,165.33924865722656,92.97838592529297,22.78891944885254,0.4736552834510803,39.93130874633789,15.28600025177002,27.922794342041016
2014-11-04,32.736534118652344,164.76568603515625,92.66757202148438,22.780107498168945,0.4798530340194702,40.04072952270508,15.14050006866455,27.94359588623047
2014-11-05,32.870384216308594,165.80628967285156,92.6766586303711,22.934354782104492,0.4798530340194702,40.28482437133789,14.826000213623047,27.53548240661621
2014-11-06,33.305419921875,166.47007751464844,92.9692611694336,22.90791130065918,0.4819985032081604,40.99188232421875,14.831999778747559,27.32448959350586
2014-11-07,33.41416549682617,166.62576293945312,92.88697052001953,22.731630325317383,0.47174832224845886,40.975032806396484,14.993000030517578,27.330928802490234
2014-11-10,33.840843200683594,167.1502227783203,93.21607971191406,22.903507232666016,0.4772310256958008,41.15180587768555,15.255499839782715,27.648406982421875
2014-11-11,33.85757064819336,167.31410217285156,93.50867462158203,22.837398529052734,0.4715099036693573,41.13496780395508,15.600500106811523,27.799964904785156
2014-11-12,33.58149337768555,167.13381958007812,93.6731948852539,22.78891944885254,0.4684109687805176,41.05921173095703,15.575499534606934,27.649396896362305
2014-11-13,34.06672286987305,167.32235717773438,94.0754623413086,22.85062026977539,0.46602723002433777,41.757835388183594,15.824000358581543,27.55975341796875
2014-11-14,34.16712951660156,167.36329650878906,94.36799621582031,23.048940658569336,0.47174832224845886,41.73259735107422,16.391000747680664,27.497840881347656
2014-11-17,34.43484115600586,167.4697723388672,94.08464050292969,22.934354782104492,0.4696030020713806,41.6315803527832,16.15250015258789,27.07436752319336
2014-11-18,34.51849365234375,168.43673706054688,94.78858947753906,23.22962760925293,0.4808065593242645,41.284305572509766,16.24650001525879,26.9688720703125
2014-11-19,34.23405075073242,168.1663818359375,94.35889434814453,23.189964294433594,0.4790111184120178,40.84385299682617,16.32699966430664,27.10210418701172
2014-11-20,34.23405075073242,168.46136474609375,94.77943420410156,23.538124084472656,0.4869109094142914,41.250423431396484,16.527000427246094,26.931726455688477
2014-11-21,34.66908264160156,169.36268615722656,94.96232604980469,23.674739837646484,0.4895443022251129,40.64056396484375,16.631500244140625,27.037221908569336
2014-11-24,34.66072082519531,169.8380126953125,95.70284271240234,23.855432510375977,0.4926561415195465,40.310218811035156,16.781999588012695,27.11597442626953
2014-11-25,34.42648696899414,169.71505737304688,95.84909057617188,23.837804794311523,0.4924168884754181,40.20856475830078,16.75200080871582,27.202646255493164
2014-11-26,35.028831481933594,170.14938354492188,96.47079467773438,24.318172454833984,0.5007954239845276,40.445743560791016,16.678499221801758,27.128355026245117
2014-11-28,35.4806022644043,169.78878784179688,96.91879272460938,24.481233596801758,0.5019923448562622,40.496559143066406,16.93199920654297,27.195220947265625
2014-12-01,35.20451354980469,168.6088409423828,95.8216781616211,24.19917869567871,0.4926561415195465,41.18266296386719,16.299999237060547,26.72816276550293
2014-12-02,35.288177490234375,169.69869995117188,96.20568084716797,24.2564754486084,0.4933743476867676,41.04713821411133,16.315500259399414,26.675661087036133
2014-12-03,35.187782287597656,170.3542938232422,96.37940216064453,24.67073631286621,0.5060617327690125,40.725250244140625,15.824999809265137,26.595426559448242
2014-12-04,35.045555114746094,170.16580200195312,96.33367919921875,24.705995559692383,0.5015135407447815,41.3690071105957,15.846500396728516,26.87328338623047
2014-12-05,35.079002380371094,170.44439697265625,96.3427963256836,24.913127899169922,0.5043860673904419,41.013248443603516,15.631500244140625,26.155113220214844
2014-12-08,34.61052703857422,169.30535888671875,95.6571273803711,24.573780059814453,0.49792248010635376,40.403385162353516,15.331999778747559,26.28636360168457
2014-12-09,35.028831481933594,169.19064331054688,95.95882415771484,24.529714584350586,0.4962468147277832,40.310218811035156,15.625,26.552827835083008
2014-12-10,34.23405075073242,166.47828674316406,94.45030212402344,24.15070343017578,0.4852352738380432,39.72575759887695,15.291999816894531,26.15313720703125
2014-12-11,34.100196838378906,167.32235717773438,94.8982925415039,24.25206756591797,0.4849957823753357,39.954463958740234,15.368000030517578,26.354713439941406
2014-12-12,33.42253112792969,164.6181182861328,93.86517333984375,23.890684127807617,0.4699145555496216,39.76811981201172,15.366000175476074,25.829715728759766
2014-12-15,34.393009185791016,163.48727416992188,92.89610290527344,23.683555603027344,0.468478262424469,39.530941009521484,15.303500175476074,25.54888343811035
2014-12-16,33.99142837524414,162.1762237548828,91.4059066772461,23.48523712158203,0.46321168541908264,38.251930236816406,14.753000259399414,24.673219680786133
2014-12-17,34.43484115600586,165.35557556152344,93.06982421875,23.9523868560791,0.48212316632270813,38.74320602416992,14.944000244140625,25.083810806274414
2014-12-18,37.94023895263672,169.44467163085938,95.30970001220703,24.371055603027344,0.4840383529663086,40.25091552734375,14.886500358581543,25.488460540771484
2014-12-19,38.48402786254883,170.16561889648438,95.72905731201172,24.282913208007812,0.4888259172439575,40.3695068359375,14.994999885559082,25.75691032409668
2014-12-22,38.19121170043945,170.94842529296875,95.96765899658203,24.685047149658203,0.49744394421577454,40.64056396484375,15.32699966430664,26.364124298095703
2014-12-23,38.492393493652344,171.1790771484375,95.62812042236328,24.631546020507812,0.4943319261074066,41.03865432739258,15.314499855041504,26.68457794189453
2014-12-24,38.67644500732422,171.1956024169922,95.7107162475586,24.69396209716797,0.4924168884754181,40.77607727050781,15.15149974822998,26.593446731567383
2014-12-26,38.56768798828125,171.7476348876953,96.3897933959961,24.67167091369629,0.49289554357528687,40.55585479736328,15.454500198364258,26.820781707763672
2014-12-29,38.157745361328125,171.97840881347656,96.37142944335938,24.60479736328125,0.4921776354312897,40.1916389465332,15.60200023651123,26.612266540527344
2014-12-30,37.9318733215332,171.0555877685547,95.72905731201172,24.448760986328125,0.4876290559768677,39.827423095703125,15.515000343322754,26.511722564697266
2014-12-31,37.622318267822266,169.35816955566406,94.74718475341797,24.350683212280273,0.479968786239624,39.3445930480957,15.517499923706055,26.282901763916016
2015-01-02,37.086891174316406,169.26751708984375,94.46272277832031,24.292726516723633,0.4818838834762573,39.60718536376953,15.425999641418457,26.227924346923828
2015-01-05,36.566776275634766,166.21060180664062,93.07706451416016,23.860280990600586,0.47374463081359863,39.24296188354492,15.10949993133545,25.728179931640625
2015-01-06,36.18929672241211,164.6450653076172,91.82906341552734,23.298545837402344,0.45938166975975037,38.66697311401367,14.76449966430664,25.093223571777344
2015-01-07,36.19768142700195,166.6967315673828,93.0128402709961,23.601701736450195,0.4581846594810486,39.15825271606445,14.920999526977539,25.019420623779297
2015-01-08,36.41579055786133,169.6547393798828,94.7930679321289,24.190185546875,0.47542041540145874,40.310218811035156,15.02299976348877,25.106592178344727
2015-01-09,36.39899444580078,168.29519653320312,94.1690673828125,24.11885643005371,0.4773356020450592,39.971405029296875,14.846500396728516,24.80000877380371
2015-01-12,36.2983512878418,166.9768829345703,93.18718719482422,23.811241149902344,0.4713507890701294,39.47164535522461,14.570500373840332,24.61874008178711
2015-01-13,36.01311111450195,166.5072479248047,93.15966033935547,23.677494049072266,0.4706326127052307,39.268367767333984,14.737000465393066,24.85350227355957
2015-01-14,36.122161865234375,165.50201416015625,92.64575958251953,23.588329315185547,0.4725477993488312,38.92955017089844,14.66349983215332,25.058055877685547
2015-01-15,35.7614631652832,163.98593139648438,91.44367980957031,23.717615127563477,0.4691964387893677,38.522987365722656,14.34749984741211,24.96295928955078
2015-01-16,36.49966812133789,166.13641357421875,92.51730346679688,23.909320831298828,0.47781428694725037,39.16672897338867,14.536999702453613,25.282419204711914
2015-01-20,36.826820373535156,166.49075317382812,93.25141906738281,24.145605087280273,0.4792506992816925,39.29378890991211,14.472000122070312,25.256662368774414
2015-01-21,36.4828987121582,167.3312225341797,93.72856903076172,24.457677841186523,0.4859533905982971,38.89566421508789,14.862500190734863,25.774242401123047
2015-01-22,36.952674865722656,169.81956481933594,95.46292877197266,24.676130294799805,0.4943319261074066,39.92057418823242,15.515999794006348,26.611770629882812
2015-01-23,37.070106506347656,168.88853454589844,95.67401123046875,24.569133758544922,0.49576857686042786,39.962947845458984,15.619500160217285,26.842079162597656
2015-01-26,36.826820373535156,169.28399658203125,95.56389617919922,24.573589324951172,0.49361371994018555,39.818939208984375,15.482999801635742,26.583044052124023
2015-01-27,36.40739822387695,167.05113220214844,93.08625793457031,24.083189010620117,0.4699145555496216,36.13434600830078,15.337499618530273,25.81386375427246
2015-01-28,35.81177520751953,164.90878295898438,92.60906219482422,23.87811279296875,0.46225425601005554,34.88920974731445,15.195500373840332,25.37999153137207
2015-01-29,35.954402923583984,166.43304443359375,93.49917602539062,24.011859893798828,0.47350528836250305,35.583778381347656,15.58899974822998,25.41961669921875
2015-01-30,35.14067459106445,164.3402099609375,92.77423858642578,23.50808334350586,0.4596209228038788,34.22006607055664,17.726499557495117,26.62415313720703
2015-02-02,35.80338668823242,166.37542724609375,93.5817642211914,23.552663803100586,0.46967506408691406,34.9654426574707,18.223499298095703,26.359172821044922
2015-02-03,36.10540771484375,168.78138732910156,94.48104858398438,23.887027740478516,0.4814050793647766,35.236480712890625,18.177499771118164,26.41365623474121
2015-02-04,35.585296630859375,168.13870239257812,94.39849090576172,24.056440353393555,0.4826021194458008,35.43978500366211,18.237499237060547,26.057050704956055
2015-02-05,36.20607376098633,169.83609008789062,95.2152099609375,24.297183990478516,0.49050161242485046,35.956478118896484,18.694499969482422,26.241790771484375
2015-02-06,36.0550537109375,169.3663787841797,94.63705444335938,24.038606643676758,0.4883471727371216,35.9225959777832,18.714000701904297,26.442380905151367
2015-02-09,36.40739822387695,168.6083984375,94.3342514038086,23.72207260131836,0.4878685474395752,35.8802490234375,18.527999877929688,26.21455192565918
2015-02-10,36.90235137939453,170.4045867919922,95.80245971679688,24.502260208129883,0.5015135407447815,36.083518981933594,18.649999618530273,26.7534236907959
2015-02-11,36.373836517333984,170.50344848632812,96.15119934082031,24.644920349121094,0.4981621205806732,35.89718246459961,18.756999969482422,26.646440505981445
2015-02-12,36.818458557128906,172.14317321777344,97.27074432373047,24.992664337158203,0.5338305234909058,36.498573303222656,18.85849952697754,27.043167114257812
2015-02-13,36.85200881958008,172.8517608642578,98.10577392578125,25.139781951904297,0.5340698957443237,37.159263610839844,19.09149932861328,27.29823875427246
2015-02-17,36.776512145996094,173.12374877929688,98.1975326538086,25.24677848815918,0.5357454419136047,37.17632293701172,18.771499633789062,26.993635177612305
2015-02-18,36.99461364746094,173.14016723632812,98.33521270751953,25.162073135375977,0.5295214056968689,37.1336669921875,18.668500900268555,26.876745223999023
2015-02-19,37.00299835205078,173.01657104492188,98.82157135009766,25.175447463989258,0.5309579968452454,37.10806655883789,18.950000762939453,27.064960479736328
2015-02-20,36.71778869628906,174.0548095703125,99.48225402832031,25.29136085510254,0.5347881317138672,37.4151611328125,19.183000564575195,26.83464813232422
2015-02-23,36.726165771484375,174.02999877929688,99.58320617675781,25.10857391357422,0.5304792523384094,37.662567138671875,19.006999969482422,26.497854232788086
2015-02-24,36.810054779052734,174.52444458007812,99.65662384033203,25.62572479248047,0.5361263155937195,37.611385345458984,18.929500579833984,26.678632736206055
2015-02-25,36.684226989746094,174.37612915039062,99.40885925292969,25.451854705810547,0.5320411920547485,37.52607345581055,19.26849937438965,27.108543395996094
2015-02-26,36.818458557128906,174.17015075683594,99.91354370117188,25.545475006103516,0.5334830284118652,37.585792541503906,19.239999771118164,27.70090675354004
2015-02-27,36.75970458984375,173.5768585205078,99.47307586669922,25.398359298706055,0.5301186442375183,37.406654357910156,19.007999420166016,27.8663330078125
2015-03-02,36.93587875366211,174.67274475097656,100.37238311767578,26.067087173461914,0.5430952906608582,37.43223571777344,19.283000946044922,28.47999382019043
2015-03-03,36.3906135559082,173.95591735839844,99.90438079833984,25.639101028442383,0.5330024361610413,36.9203987121582,19.230499267578125,28.666717529296875
2015-03-04,36.58355712890625,173.2225799560547,99.51895141601562,25.598974227905273,0.5390100479125977,36.732730865478516,19.13599967956543,28.643932342529297
2015-03-05,36.74294662475586,173.41204833984375,99.69330596923828,25.59006118774414,0.549343466758728,36.77538299560547,19.39150047302246,28.79747200012207
2015-03-06,35.5517463684082,170.97311401367188,98.56460571289062,25.26906967163086,0.5418938398361206,36.13560485839844,19.004499435424805,28.3749942779541
2015-03-09,35.81177520751953,171.68174743652344,98.84908294677734,25.179906845092773,0.5433353185653687,36.553585052490234,18.92799949645996,28.434425354003906
2015-03-10,35.08196258544922,168.89675903320312,97.0137939453125,24.66721534729004,0.5527074337005615,35.85407257080078,18.475500106811523,27.7286434173584
2015-03-11,34.78837203979492,168.501220703125,96.45401000976562,24.85000228881836,0.5498237013816833,35.8114128112793,18.318500518798828,27.522602081298828
2015-03-12,34.9141845703125,170.6435546875,97.08717346191406,24.7117977142334,0.5447774529457092,34.99248504638672,18.711999893188477,27.79401969909668
2015-03-13,35.5517463684082,169.59715270996094,96.66508483886719,24.916872024536133,0.5454984307289124,35.29958724975586,18.52899932861328,27.389371871948242
2015-03-16,36.41579055786133,171.86300659179688,97.91307067871094,25.24677848815918,0.5519865155220032,35.45314407348633,18.667499542236328,27.817296981811523
2015-03-17,35.962791442871094,171.35214233398438,98.06908416748047,25.077367782592773,0.5587155222892761,35.572566986083984,18.59600067138672,27.617698669433594
2015-03-18,37.01976776123047,173.41204833984375,99.03260803222656,25.30919647216797,0.5495836138725281,36.25502395629883,18.756999969482422,28.041168212890625
2015-03-19,37.044944763183594,172.6210174560547,99.17943572998047,25.34040069580078,0.5579944849014282,36.07587814331055,18.66200065612793,27.917842864990234
2015-03-20,37.25465774536133,174.14476013183594,99.82142639160156,25.741641998291016,0.5640020966529846,36.57918167114258,18.92449951171875,27.981237411499023
2015-03-23,37.12043380737305,173.8054656982422,99.62828826904297,25.514272689819336,0.545738697052002,36.56212615966797,18.75550079345703,28.002042770385742
2015-03-24,36.66744613647461,172.82887268066406,99.2695541381836,25.28244400024414,0.5382891297340393,36.596248626708984,18.704500198364258,28.604808807373047
2015-03-25,36.01311111450195,170.29623413085938,96.99774932861328,24.10102081298828,0.5056072473526001,35.36784744262695,18.54800033569336,28.082775115966797
2015-03-26,36.06346130371094,169.89068603515625,96.66664123535156,23.927148818969727,0.5039252042770386,35.154571533203125,18.36750030517578,27.916357040405273
2015-03-27,35.76984405517578,170.27972412109375,97.05294036865234,24.69396209716797,0.5137777924537659,34.9498405456543,18.527999877929688,27.614727020263672
2015-03-30,36.440956115722656,172.35704040527344,98.16585540771484,24.90349769592285,0.5159406661987305,34.94129943847656,18.72949981689453,27.79253387451172
2015-03-31,36.19768142700195,170.8507843017578,97.12651824951172,24.653839111328125,0.5029637813568115,34.68537521362305,18.604999542236328,27.473569869995117
2015-04-01,36.02152633666992,170.24659729003906,96.62066650390625,24.41309356689453,0.5048863887786865,34.73659133911133,18.51300048828125,27.215526580810547
2015-04-02,35.878395080566406,170.85899353027344,96.68505096435547,24.47996711730957,0.5060878992080688,34.369754791259766,18.612499237060547,26.810380935668945
2015-04-06,36.164634704589844,172.00941467285156,97.47602081298828,24.54238510131836,0.520746648311615,35.44460678100586,18.851999282836914,26.941139221191406
2015-04-07,36.164634704589844,171.55419921875,97.31047821044922,24.555761337280273,0.5253124833106995,35.42753982543945,18.720500946044922,26.986209869384766
2015-04-08,36.290897369384766,172.1336212158203,98.0831069946289,24.676130294799805,0.5291573405265808,35.33371353149414,19.059999465942383,27.183330535888672
2015-04-09,36.36665725708008,172.89503479003906,98.69931030273438,24.921329498291016,0.5414131283760071,35.38489532470703,19.177000045776367,27.142717361450195
2015-04-10,36.62761688232422,173.83853149414062,99.10401916503906,25.068449020385742,0.5469403266906738,35.589630126953125,19.13249969482422,27.168472290039062
2015-04-13,36.26564025878906,173.0522918701172,98.85567474365234,24.894580841064453,0.5418938398361206,35.62375259399414,19.118000030517578,27.173425674438477
2015-04-14,35.971004486083984,173.38336181640625,98.57054901123047,24.66721534729004,0.5373279452323914,35.52991485595703,19.25550079345703,26.734601974487305
2015-04-15,37.031707763671875,174.1613311767578,99.18680572509766,25.12640380859375,0.5438162684440613,36.05028533935547,19.172500610351562,26.797006607055664
2015-04-16,36.58553695678711,174.11172485351562,99.0488510131836,25.01495361328125,0.5404520630836487,35.9649772644043,19.302000045776367,26.91983985900879
2015-04-17,36.198280334472656,172.1087188720703,97.50365447998047,24.69396209716797,0.5334830284118652,35.50431823730469,18.777999877929688,26.38591957092285
2015-04-20,36.46768569946289,173.68130493164062,98.96603393554688,24.899038314819336,0.5308395624160767,36.60476303100586,19.475500106811523,26.969863891601562
2015-04-21,36.55186462402344,173.47438049316406,99.38915252685547,25.059532165527344,0.5301186442375183,36.37445068359375,19.55900001525879,26.890121459960938
2015-04-22,36.66128921508789,174.3268585205078,99.93180847167969,25.514272689819336,0.5361263155937195,36.67300033569336,19.489999771118164,27.200170516967773
2015-04-23,36.52659225463867,174.76553344726562,100.30889129638672,25.251235961914062,0.5339636206626892,36.971588134765625,19.499500274658203,27.610267639160156
2015-04-24,36.26564025878906,175.17105102539062,101.67011260986328,24.98374366760254,0.52939772605896,40.8359375,22.2549991607666,28.412635803222656
2015-04-27,36.71179962158203,174.44276428222656,101.41259002685547,25.18436622619629,0.5334830284118652,40.97242736816406,21.92799949645996,28.0391845703125
2015-04-28,37.46101379394531,174.99722290039062,101.2102279663086,25.166532516479492,0.5361263155937195,41.93639373779297,21.465499877929688,27.9525146484375
2015-04-29,37.65463638305664,174.2771759033203,100.57563781738281,24.98374366760254,0.5320411920547485,41.85108184814453,21.4685001373291,27.80491828918457
2015-04-30,36.7202262878418,172.5308380126953,98.99364471435547,24.72517204284668,0.5334830284118652,41.492794036865234,21.089000701904297,27.17986488342285
2015-05-01,37.35158920288086,174.40138244628906,100.29969787597656,25.4295654296875,0.5466998219490051,41.509857177734375,21.14349937438965,27.29823875427246
2015-05-04,37.536781311035156,174.89793395996094,100.46526336669922,25.29136085510254,0.5433353185653687,41.15157699584961,21.152000427246094,27.381444931030273
2015-05-05,36.97276306152344,172.89503479003906,98.82805633544922,24.809879302978516,0.52939772605896,40.60561752319336,21.059499740600586,26.89606475830078
2015-05-06,36.41715621948242,172.1832733154297,98.14749145507812,24.805416107177734,0.5310799479484558,39.479583740234375,20.954999923706055,26.501813888549805
2015-05-07,36.60237121582031,172.87017822265625,98.73609161376953,24.98374366760254,0.5404520630836487,39.837867736816406,21.3439998626709,26.846540451049805
2015-05-08,37.04853057861328,175.14622497558594,99.96859741210938,25.22003173828125,0.5005607008934021,40.733577728271484,21.684499740600586,27.188783645629883
2015-05-11,36.90542221069336,174.31028747558594,99.58229064941406,25.21111488342285,0.49575427174568176,40.40940856933594,21.642499923706055,27.031770706176758
2015-05-12,36.678138732910156,173.78884887695312,99.13159942626953,25.019412994384766,0.5005607008934021,40.39235305786133,21.551000595092773,26.68259620666504
2015-05-13,36.86332702636719,173.82196044921875,99.33397674560547,25.144241333007812,0.5034446120262146,40.6312141418457,21.3435001373291,26.72023582458496
2015-05-14,37.359989166259766,175.6344757080078,100.78716278076172,25.402814865112305,0.5116148591041565,41.561058044433594,21.61400032043457,27.201160430908203
2015-05-15,37.166385650634766,175.82485961914062,100.78716278076172,25.4384822845459,0.5118553042411804,41.20275115966797,21.299999237060547,27.066940307617188
2015-05-18,37.24214553833008,176.37115478515625,101.22865295410156,25.661392211914062,0.5111345052719116,40.95537185668945,21.261999130249023,27.07585334777832
2015-05-19,37.30949401855469,176.3131866455078,101.1182861328125,25.61680793762207,0.507947564125061,40.85234451293945,21.085500717163086,27.205129623413086
2015-05-20,37.28424072265625,176.18905639648438,101.18268585205078,25.69260025024414,0.507947564125061,40.85234451293945,21.19300079345703,27.365102767944336
2015-05-21,37.27582550048828,176.70225524902344,101.70695495605469,25.741641998291016,0.5043262839317322,40.71495819091797,21.581499099731445,27.57807731628418
2015-05-22,36.98118591308594,176.28009033203125,101.60572814941406,25.76392936706543,0.5036020278930664,40.26849365234375,21.381500244140625,27.46465492248535
2015-05-26,36.476097106933594,174.38478088378906,100.4376449584961,25.558855056762695,0.500463604927063,40.00233459472656,21.273500442504883,27.101608276367188
2015-05-27,37.15797424316406,176.04006958007812,102.05644989013672,26.512910842895508,0.5272613167762756,40.878089904785156,21.570999145507812,27.451282501220703
2015-05-28,36.92226028442383,175.84141540527344,101.82649230957031,26.54857063293457,0.5345039367675781,40.74073028564453,21.328500747680664,27.447813034057617
2015-05-29,36.61079788208008,174.74893188476562,101.21943664550781,26.66448402404785,0.5342621803283691,40.23414993286133,21.46150016784668,27.008989334106445
2015-06-01,36.86332702636719,175.10482788085938,101.55975341796875,26.57086181640625,0.5402979850769043,40.55183410644531,21.54599952697754,27.20166015625
2015-06-02,36.787567138671875,174.93101501464844,101.23784637451172,26.19191551208496,0.5296756625175476,40.28565216064453,21.54949951171875,27.436426162719727
2015-06-03,37.01485824584961,175.39453125,101.54137420654297,26.00913429260254,0.5238814353942871,40.22555923461914,21.829500198364258,27.502790451049805
2015-06-04,36.84649658203125,173.9130401611328,100.7687759399414,25.70151710510254,0.5332967638969421,39.804847717285156,21.538999557495117,27.32448959350586
2015-06-05,36.88017272949219,173.6150360107422,100.52961730957031,25.62572479248047,0.5374010801315308,39.6159553527832,21.34749984741211,27.217506408691406
2015-06-08,36.282474517822266,172.54742431640625,99.50873565673828,25.166532516479492,0.5250883102416992,39.26392364501953,21.174999237060547,26.917856216430664
2015-06-09,36.25722122192383,172.52255249023438,99.34313201904297,25.19327735900879,0.527743935585022,39.19523239135742,21.27400016784668,26.852481842041016
2015-06-10,36.98959732055664,174.5916748046875,100.70438385009766,25.576683044433594,0.5183286666870117,40.01948928833008,21.53849983215332,27.36956024169922
2015-06-11,37.27582550048828,175.15447998046875,100.85155487060547,25.607891082763672,0.5238814353942871,39.87353515625,21.648500442504883,27.242767333984375
2015-06-12,37.326332092285156,173.81369018554688,100.02377319335938,25.38944435119629,0.5096375942230225,39.46998596191406,21.496000289916992,27.115478515625
2015-06-15,36.80440139770508,173.0688018798828,99.52708435058594,25.3181095123291,0.5086718201637268,39.049278259277344,21.183500289916992,26.894081115722656
2015-06-16,37.578880310058594,174.0123291015625,100.06976318359375,25.4295654296875,0.5149487853050232,39.34979248046875,21.363000869750977,26.986703872680664
2015-06-17,37.80617141723633,174.29371643066406,100.34568786621094,25.451854705810547,0.520984411239624,39.46998596191406,21.390499114990234,27.0723876953125
2015-06-18,35.97941589355469,176.10629272460938,101.80810546875,25.812971115112305,0.5296756625175476,40.11394119262695,21.969499588012695,27.546875
2015-06-19,35.011322021484375,175.3245391845703,101.30475616455078,25.71934700012207,0.5279855728149414,39.581607818603516,21.746000289916992,27.613239288330078
2015-06-22,34.927146911621094,176.22276306152344,102.05149841308594,25.9422550201416,0.5258126258850098,39.6932258605957,21.81450080871582,27.7202205657959
2015-06-23,35.11234664916992,176.34747314453125,102.1344223022461,25.81743049621582,0.5122931599617004,39.41847229003906,22.29949951171875,27.903974533081055
2015-06-24,34.68300247192383,175.06668090820312,101.60896301269531,25.61680793762207,0.50722336769104,39.186641693115234,22.04199981689453,27.665246963500977
2015-06-25,34.565162658691406,174.534423828125,101.40616607666016,25.674766540527344,0.5110859870910645,39.19523239135742,22.0049991607666,27.634536743164062
2015-06-26,34.5062255859375,174.50111389160156,100.73319244384766,24.92578887939453,0.5007053017616272,38.860382080078125,21.905000686645508,27.392345428466797
2015-06-29,34.02638626098633,170.841796875,98.35478210449219,24.212478637695312,0.4857371151447296,38.09621810913086,21.493000030517578,26.807409286499023
2015-06-30,33.92536926269531,171.1993865966797,98.70504760742188,24.328392028808594,0.4854956269264221,37.90733337402344,21.704500198364258,26.747478485107422
2015-07-01,33.8748779296875,172.57167053222656,99.4886474609375,24.42201042175293,0.49249663949012756,38.16490936279297,21.86949920654297,26.9089412689209
2015-07-02,33.975887298583984,172.4136962890625,99.51632690429688,24.573589324951172,0.4929795563220978,38.12198257446289,21.885499954223633,27.109039306640625
2015-07-06,33.925193786621094,171.9229736328125,99.28587341308594,24.17681312561035,0.48694413900375366,38.113380432128906,21.802000045776367,27.023849487304688
2015-07-07,33.93362045288086,173.004150390625,99.53475189208984,24.056440353393555,0.477770060300827,38.03611373901367,21.836000442504883,27.24226951599121
2015-07-08,33.604103088378906,170.1016387939453,97.80162811279297,23.427833557128906,0.4743902087211609,37.98460388183594,21.485000610351562,26.829694747924805
2015-07-09,33.95052719116211,170.40933227539062,97.74632263183594,23.1648006439209,0.4685961604118347,38.22502136230469,21.719499588012695,26.975805282592773
2015-07-10,34.102622985839844,172.5550537109375,99.23976135253906,23.583873748779297,0.47680455446243286,38.30229949951172,22.175500869750977,27.543407440185547
2015-07-13,34.47441101074219,174.4595489501953,100.9820785522461,23.78894805908203,0.4799429476261139,39.100791931152344,22.778499603271484,28.317045211791992
2015-07-14,34.45751953125,175.21636962890625,101.64584350585938,23.98065185546875,0.4801843464374542,39.16946792602539,23.278499603271484,28.93367576599121
2015-07-15,34.46596908569336,175.15817260742188,101.75648498535156,23.860280990600586,0.47680455446243286,39.2896842956543,23.059499740600586,28.922779083251953
2015-07-16,34.60960388183594,176.56369018554688,103.19461822509766,23.846908569335938,0.48742708563804626,40.06242752075195,23.77400016784668,29.805381774902344
2015-07-17,34.13642883300781,176.71334838867188,104.71570587158203,23.83353042602539,0.4845298230648041,40.028076171875,24.15049934387207,34.65126419067383
2015-07-20,33.73929977416992,176.80487060546875,105.07523345947266,23.641826629638672,0.47559747099876404,40.28565216064453,24.405000686645508,34.315460205078125
2015-07-21,33.43510818481445,176.10626220703125,105.0107192993164,23.623992919921875,0.477770060300827,40.594764709472656,24.399999618530273,34.439781188964844
2015-07-22,33.308349609375,175.79026794433594,103.8215103149414,23.04888916015625,0.4685961604118347,39.100791931152344,24.41349983215332,34.42741012573242
2015-07-23,32.95348358154297,174.80055236816406,103.43427276611328,23.369874954223633,0.4743902087211609,39.59019470214844,24.108999252319336,33.41849899291992
2015-07-24,32.95348358154297,172.98751831054688,102.42020416259766,22.830434799194336,0.4688376188278198,39.44422912597656,26.47100067138672,32.429908752441406
2015-07-27,32.539451599121094,171.98121643066406,101.57213592529297,22.741270065307617,0.4661819636821747,38.937652587890625,26.570499420166016,32.6032600402832
2015-07-28,33.190059661865234,174.0935821533203,102.4478759765625,23.21384048461914,0.47632160782814026,38.9290657043457,26.30150032043457,32.6721076965332
2015-07-29,33.62099838256836,175.2913055419922,102.83509063720703,23.307462692260742,0.4821156859397888,39.744747161865234,26.450000762939453,32.759765625
2015-07-30,33.502708435058594,175.3328399658203,103.32366180419922,23.521455764770508,0.4833229184150696,40.25129318237305,26.83799934387207,32.914794921875
2015-07-31,33.74774932861328,175.06668090820312,103.20382690429688,23.2495059967041,0.48163285851478577,40.096771240234375,26.8075008392334,32.56511688232422
2015-08-03,33.553409576416016,174.47616577148438,102.88118743896484,23.138051986694336,0.48984113335609436,40.191219329833984,26.75149917602539,32.9227180480957
2015-08-04,33.51115036010742,174.13525390625,102.68756103515625,22.89284896850586,0.4917726218700409,40.81800079345703,26.594999313354492,32.7523307800293
2015-08-05,33.494258880615234,174.7090606689453,103.48038482666016,23.169260025024414,0.4968424141407013,40.85234451293945,26.850500106811523,33.3471794128418
2015-08-06,33.223873138427734,173.27859497070312,101.82101440429688,22.90176773071289,0.4937038719654083,40.028076171875,26.472999572753906,33.19165802001953
2015-08-07,33.426666259765625,172.94590759277344,101.69195556640625,22.9597225189209,0.554783046245575,40.131126403808594,26.131000518798828,32.906375885009766
2015-08-10,33.70549392700195,175.12489318847656,102.85352325439453,23.539289474487305,0.5740968585014343,40.63768005371094,26.200000762939453,32.84446334838867
2015-08-11,33.09712600708008,173.5447540283203,101.53523254394531,23.004304885864258,0.5711994767189026,39.847774505615234,26.37299919128418,34.189666748046875
2015-08-12,33.190059661865234,173.7526397705078,101.88554382324219,23.0622615814209,0.572648286819458,40.131126403808594,26.295499801635742,34.24761199951172
2015-08-13,33.21541976928711,173.53643798828125,101.71959686279297,22.7457275390625,0.5678196549415588,40.12253189086914,26.482999801635742,34.001953125
2015-08-14,33.29991149902344,174.16847229003906,101.87630462646484,22.58077621459961,0.5683028101921082,40.35435104370117,26.576000213623047,34.14360046386719
2015-08-17,33.561859130859375,175.1415252685547,102.72443389892578,22.75464630126953,0.5646812915802002,40.62910842895508,26.76099967956543,34.37836456298828
2015-08-18,33.6547966003418,174.6342010498047,102.19898223876953,22.353408813476562,0.5595418214797974,40.85380935668945,26.750999450683594,34.111900329589844
2015-08-19,33.40132141113281,173.25364685058594,101.52603149414062,22.126041412353516,0.5573598742485046,40.28340148925781,26.645999908447266,34.37489318847656
2015-08-20,32.64085006713867,169.63587951660156,98.71429443359375,21.40380859375,0.5372377038002014,39.46233367919922,25.788999557495117,33.65376281738281
2015-08-21,31.72829246520996,164.5293426513672,94.39991760253906,20.85991096496582,0.5205094814300537,37.22391128540039,24.723499298095703,31.897966384887695
2015-08-24,30.48619842529297,157.60159301757812,90.76774597167969,20.53000259399414,0.5020845532417297,36.0225830078125,23.168500900268555,30.614187240600586
2015-08-25,29.953872680664062,155.74696350097656,90.42662811279297,20.35613441467285,0.49165958166122437,34.976802825927734,23.318500518798828,30.33484649658203
2015-08-26,31.187519073486328,161.7266845703125,94.98069763183594,21.287900924682617,0.5287522077560425,36.91276168823242,25.03849983215332,32.676063537597656
2015-08-27,31.111467361450195,165.72702026367188,97.38682556152344,21.99675178527832,0.5486322045326233,37.941246032714844,25.918500900268555,33.08319091796875
2015-08-28,31.65223503112793,165.7353515625,97.36834716796875,22.18399429321289,0.5510565042495728,37.9671630859375,25.90049934387207,32.673587799072266
2015-08-31,31.339611053466797,164.3963623046875,96.16072845458984,22.090375900268555,0.5449957847595215,37.612831115722656,25.644500732421875,32.08567810058594
2015-09-01,30.427045822143555,159.48953247070312,93.1553726196289,21.40380859375,0.5226913094520569,36.14356231689453,24.82699966430664,31.181289672851562
2015-09-02,31.052322387695312,162.51683044433594,95.78274536132812,21.93433380126953,0.538449764251709,37.47452926635742,25.52750015258789,31.94155502319336
2015-09-03,31.179061889648438,162.63320922851562,95.31257629394531,22.152790069580078,0.5399045348167419,37.59552764892578,25.236000061035156,31.552261352539062
2015-09-04,30.646738052368164,160.17144775390625,94.17870330810547,21.805051803588867,0.5272976160049438,36.82634353637695,24.950000762939453,31.151573181152344
2015-09-08,31.838146209716797,164.1967315673828,96.83366394042969,22.634275436401367,0.5498440861701965,37.9326057434082,25.87700080871582,31.89053726196289
2015-09-09,31.339611053466797,162.00108337402344,95.74583435058594,22.29099464416504,0.538934588432312,37.22391128540039,25.844499588012695,31.867267608642578
2015-09-10,31.77897834777832,162.88272094726562,96.78754425048828,22.362321853637695,0.5474197268486023,37.41403579711914,26.11199951171875,32.24715042114258
2015-09-11,32.04090881347656,163.62290954589844,97.3222427368164,22.402450561523438,0.5491170287132263,37.578243255615234,26.472000122070312,32.45615768432617
2015-09-14,31.736732482910156,163.0157928466797,97.02726745605469,22.455947875976562,0.5500866174697876,37.19797134399414,26.069000244140625,32.31599044799805
2015-09-15,32.10005569458008,165.0533905029297,98.17040252685547,22.785856246948242,0.5561475157737732,38.010372161865234,26.118499755859375,32.940059661865234
2015-09-16,32.33666229248047,166.48387145996094,98.7235107421875,22.88839340209961,0.5600265264511108,38.286930084228516,26.36949920654297,32.96233367919922
2015-09-17,31.043865203857422,166.109619140625,98.76038360595703,22.741270065307617,0.5651178359985352,38.24372100830078,26.943500518798828,33.26694107055664
2015-09-18,30.739696502685547,163.39512634277344,97.35574340820312,22.357866287231445,0.5646329522132874,37.578243255615234,27.01300048828125,32.73451232910156
2015-09-21,31.11992645263672,164.23953247070312,97.66071319580078,22.344491958618164,0.5704512000083923,38.12273406982422,27.41950035095215,33.034645080566406
2015-09-22,30.579139709472656,162.1077117919922,96.20057678222656,21.880840301513672,0.5549352765083313,37.941246032714844,26.920000076293945,32.352142333984375
2015-09-23,30.410144805908203,161.84852600097656,96.2745361328125,21.72480010986328,0.5576019287109375,37.915313720703125,26.803499221801758,32.35660171508789
2015-09-24,30.469287872314453,161.26336669921875,95.92335510253906,21.715885162353516,0.5682694315910339,37.94987106323242,26.6875,32.43684387207031
2015-09-25,30.460847854614258,161.22157287597656,95.11013793945312,21.831796646118164,0.5723909139633179,37.975807189941406,26.212499618530273,31.70579719543457
2015-09-28,29.945415496826172,157.17535400390625,92.40247344970703,21.368144989013672,0.5648751854896545,37.41403579711914,25.202999114990234,30.918291091918945
2015-09-29,30.00455665588379,157.2672882080078,91.92192077636719,21.5152645111084,0.574815034866333,37.54368209838867,24.803499221801758,30.837064743041992
2015-09-30,30.519994735717773,160.20159912109375,94.03815460205078,22.237497329711914,0.5976040959358215,38.25238037109375,25.594499588012695,31.617637634277344
2015-10-01,30.621395111083984,160.61964416503906,94.46324920654297,22.090375900268555,0.5859673023223877,38.55487060546875,26.035999298095703,31.797426223754883
2015-10-02,31.17059898376465,163.0189208984375,96.11742401123047,22.438112258911133,0.6012406945228577,39.38457489013672,26.62700080871582,32.539859771728516
2015-10-05,31.762083053588867,165.91981506347656,97.49434661865234,22.83489418029785,0.6162715554237366,40.30067825317383,27.18400001525879,33.26743698120117
2015-10-06,31.880373001098633,165.3513641357422,97.0323257446289,22.92851448059082,0.6242719292640686,40.4044075012207,26.874000549316406,33.26545333862305
2015-10-07,31.82122230529785,166.70567321777344,97.61448669433594,23.27179718017578,0.6308176517486572,40.447601318359375,27.097000122070312,33.184226989746094
2015-10-08,32.01557922363281,168.21047973632812,98.00261688232422,23.570493698120117,0.6344544887542725,41.00938034057617,26.658000946044922,33.035640716552734
2015-10-09,32.32097244262695,168.3107452392578,98.4461669921875,23.298545837402344,0.6320300102233887,40.71553421020508,26.989999771118164,33.24564743041992
2015-10-12,32.27006530761719,168.4696044921875,98.68645477294922,23.334211349487305,0.6388180255889893,40.620460510253906,27.50950050354004,33.50270080566406
2015-10-13,32.083438873291016,167.4078826904297,98.04881286621094,23.04888916015625,0.640030562877655,40.525386810302734,27.44499969482422,33.83652114868164
2015-10-14,31.608381271362305,166.60533142089844,97.8917007446289,23.739906311035156,0.6633040904998779,40.34389877319336,27.241500854492188,33.69982147216797
2015-10-15,31.85440444946289,169.16346740722656,99.49968719482422,23.900402069091797,0.6650012731552124,40.62910461425781,28.121999740600586,34.32438659667969
2015-10-16,31.701698303222656,169.93258666992188,99.91553497314453,23.998483657836914,0.6754258871078491,41.06121826171875,28.538000106811523,34.438297271728516
2015-10-19,31.27753257751465,170.01617431640625,100.48847198486328,24.016315460205078,0.6742138862609863,41.15629196166992,28.657499313354492,34.6676139831543
2015-10-20,31.269052505493164,169.79885864257812,99.97097778320312,23.967275619506836,0.6732439994812012,41.285945892333984,28.04400062561035,33.67951202392578
2015-10-21,31.065458297729492,168.7455291748047,99.36107635498047,24.011859893798828,0.6645163297653198,40.7933235168457,27.78849983215332,33.27338409423828
2015-10-22,32.05796432495117,171.5962371826172,101.38487243652344,24.74300193786621,0.6885173916816711,41.510658264160156,28.195499420166016,33.735984802246094
2015-10-23,32.29551315307617,173.47720336914062,104.22193908691406,25.023868560791016,0.6931238174438477,45.69369125366211,29.951499938964844,35.62747573852539
2015-10-26,32.550018310546875,173.0508575439453,104.28658294677734,24.546842575073242,0.6899721026420593,46.88637924194336,30.430500030517578,36.211429595947266
2015-10-27,32.524574279785156,172.71646118164062,104.4991683959961,24.395263671875,0.6894871592521667,46.40239334106445,30.550500869750977,36.295616149902344
2015-10-28,32.982662200927734,174.68106079101562,105.36780548095703,24.64046287536621,0.6950631141662598,46.65302658081055,30.854999542236328,36.49869155883789
2015-10-29,32.96567916870117,174.58071899414062,105.20148468017578,24.00294303894043,0.6710619926452637,46.117191314697266,31.327499389648438,36.891448974609375
2015-10-30,32.948726654052734,173.82835388183594,104.73019409179688,24.16789436340332,0.6877902150154114,45.494903564453125,31.295000076293945,36.52196502685547
2015-11-02,33.72069549560547,175.88487243652344,105.91307067871094,24.395263671875,0.6957906484603882,46.01346206665039,31.417499542236328,37.03458786010742
2015-11-03,34.10243225097656,176.39483642578125,106.2826919555664,24.60479736328125,0.6909416913986206,46.79996871948242,31.265499114990234,37.08808135986328
2015-11-04,34.3399772644043,175.8598175048828,106.29193878173828,24.76529312133789,0.6795474290847778,47.01601791381836,32.04750061035156,37.409523010253906
2015-11-05,34.22968292236328,175.6842498779297,106.00547790527344,24.123310089111328,0.6717895865440369,46.99874496459961,32.782501220703125,37.67499542236328
2015-11-06,34.45872497558594,175.59226989746094,106.07941436767578,24.60479736328125,0.7648847103118896,47.46543884277344,32.96849822998047,37.7210578918457
2015-11-09,34.01761245727539,173.95372009277344,104.95198059082031,24.40863800048828,0.7614906430244446,46.80859375,32.77450180053711,37.38277816772461
2015-11-10,33.864906311035156,174.3550567626953,104.68396759033203,24.020774841308594,0.7469446659088135,46.246829986572266,32.98400115966797,37.55562973022461
2015-11-11,33.1183967590332,173.6695098876953,104.55461120605469,24.029693603515625,0.7396713495254517,46.36781692504883,33.662498474121094,37.901832580566406
2015-11-12,32.77058410644531,171.24513244628906,103.53807830810547,23.72207260131836,0.7370045781135559,46.082611083984375,33.279998779296875,37.469947814941406
2015-11-13,31.642305374145508,169.3223419189453,101.5050048828125,23.47687339782715,0.7224584221839905,45.66777038574219,32.11750030517578,36.65471267700195
2015-11-16,32.337921142578125,171.89715576171875,102.96513366699219,23.780031204223633,0.7370045781135559,46.47153091430664,32.390499114990234,37.167327880859375
2015-11-17,32.34641647338867,171.77175903320312,103.02978515625,24.020774841308594,0.7370045781135559,46.08869552612305,32.165000915527344,36.94741439819336
2015-11-18,32.82997131347656,174.4971160888672,105.00741577148438,24.145605087280273,0.755134642124176,46.8543815612793,33.176998138427734,37.64230728149414
2015-11-19,33.1014289855957,174.34666442871094,105.08132934570312,24.332847595214844,0.7573249340057373,46.93268585205078,33.063499450683594,37.63884353637695
2015-11-20,33.372886657714844,174.98199462890625,105.79291534423828,24.426469802856445,0.7638956308364868,47.15021896362305,33.42250061035156,38.48379898071289
2015-11-23,33.20323181152344,174.7813720703125,105.48795318603516,24.150060653686523,0.7524575591087341,47.15021896362305,33.949501037597656,38.46894073486328
2015-11-24,33.47467803955078,175.01548767089844,105.39553833007812,24.4041805267334,0.7585417032241821,47.20241165161133,33.557498931884766,38.11876678466797
2015-11-25,33.30500793457031,174.99038696289062,105.48795318603516,24.439844131469727,0.7575684189796448,46.71516036987305,33.766998291015625,38.10044860839844
2015-11-27,33.237152099609375,175.19097900390625,105.63581085205078,24.56021499633789,0.7638956308364868,46.923973083496094,33.66299819946289,38.23466873168945
2015-11-30,33.05900192260742,174.4636688232422,105.36780548095703,24.876747131347656,0.7719263434410095,47.28941345214844,33.2400016784668,37.78297424316406
2015-12-01,33.27956771850586,176.12730407714844,106.42131805419922,25.170988082885742,0.7969919443130493,48.04640197753906,33.952999114990234,38.820098876953125
2015-12-02,32.82997131347656,174.32994079589844,105.76517486572266,25.07291030883789,0.7909078598022461,48.037715911865234,33.800498962402344,38.525901794433594
2015-12-03,32.07496643066406,171.88880920410156,103.97239685058594,24.90349769592285,0.7892047762870789,47.1589241027832,33.3125,38.047943115234375
2015-12-04,33.220191955566406,175.24114990234375,106.40282440185547,25.322568893432617,0.8213277459144592,48.64677047729492,33.63199996948242,38.593257904052734
2015-12-07,32.93175506591797,174.17947387695312,105.92229461669922,25.1130313873291,0.8057529926300049,48.55974578857422,33.49150085449219,38.285194396972656
2015-12-08,32.855403900146484,173.00904846191406,105.9315414428711,24.885665893554688,0.8167038559913635,48.542354583740234,33.86650085449219,38.39167404174805
2015-12-09,32.728179931640625,171.6630859375,104.32356262207031,24.622631072998047,0.7960184812545776,47.83757019042969,33.239498138427734,37.76810836791992
2015-12-10,32.397308349609375,172.10617065429688,104.79486846923828,24.7117977142334,0.8025893568992615,48.08990478515625,33.11600112915039,37.6437873840332
2015-12-11,31.565956115722656,168.7705841064453,102.38290405273438,24.234769821166992,0.7906646728515625,47.03709411621094,32.00749969482422,37.167327880859375
2015-12-14,31.93921661376953,169.62322998046875,103.15919494628906,24.051982879638672,0.7926114201545715,47.97678756713867,32.89550018310547,37.76761245727539
2015-12-15,32.41427993774414,171.40394592285156,103.78761291503906,24.43092918395996,0.8023457527160645,48.02899932861328,32.93199920654297,37.64627456665039
2015-12-16,33.008113861083984,173.9119415283203,105.33087158203125,24.622631072998047,0.8072128295898438,48.838199615478516,33.78850173950195,38.46349334716797
2015-12-17,31.328441619873047,171.2618408203125,103.79681396484375,24.292726516723633,0.7950452566146851,48.46405792236328,33.532501220703125,38.12868118286133
2015-12-18,30.836410522460938,168.2108154296875,101.8057632446289,23.958358764648438,0.7821469902992249,47.097991943359375,33.207000732421875,37.48579025268555
2015-12-21,30.895793914794922,169.598388671875,102.93663024902344,24.377864837646484,0.8006424903869629,47.70705795288086,33.22549819946289,37.68143081665039
2015-12-22,31.04001235961914,171.13734436035156,103.61331939697266,24.482624053955078,0.8013723492622375,48.15952682495117,33.157501220703125,37.99494934082031
2015-12-23,31.328441619873047,173.2566680908203,104.38264465332031,24.614721298217773,0.8045362234115601,48.568450927734375,33.185001373291016,38.06330108642578
2015-12-24,31.39630126953125,172.97068786621094,104.3641128540039,24.683042526245117,0.8072128295898438,48.43793869018555,33.13949966430664,37.93106460571289
2015-12-28,31.209671020507812,172.57545471191406,104.3084945678711,24.623830795288086,0.8064830303192139,48.68157196044922,33.7599983215332,38.74333190917969
2015-12-29,31.4217586517334,174.41714477539062,105.9491958618164,24.89712905883789,0.8196242451667786,49.2036247253418,34.69850158691406,39.32381057739258
2015-12-30,31.3199405670166,173.18093872070312,104.99443054199219,24.655715942382812,0.8125668168067932,48.99479293823242,34.45349884033203,39.14252853393555
2015-12-31,30.989103317260742,171.4485626220703,103.68743133544922,24.268550872802734,0.8021023869514465,48.272621154785156,33.794498443603516,38.53382873535156
2016-01-04,30.45246696472168,169.05174255371094,101.49986267089844,24.013473510742188,0.7877444624900818,47.68096160888672,31.84950065612793,37.61407470703125
2016-01-05,30.3587589263916,169.3376922607422,101.32376098632812,23.790283203125,0.8003989458084106,47.898475646972656,31.68950080871582,37.717594146728516
2016-01-06,30.512094497680664,167.20166015625,100.35044860839844,23.175369262695312,0.7673026323318481,47.02838897705078,31.63249969482422,37.6086311340332
2016-01-07,29.847671508789062,163.190185546875,97.2081298828125,22.460250854492188,0.7368829846382141,45.39262771606445,30.39699935913086,36.700767517089844
2016-01-08,29.515472412109375,161.39894104003906,96.41098022460938,22.104965209960938,0.7210649847984314,45.531837463378906,30.352500915527344,36.201026916503906
2016-01-11,29.762479782104492,161.5587158203125,96.70762634277344,22.30538558959961,0.7222815752029419,45.5057373046875,30.886999130249023,36.308006286621094
2016-01-12,30.128780364990234,162.86221313476562,97.82917022705078,22.496688842773438,0.734449565410614,45.923370361328125,30.894500732421875,36.91572189331055
2016-01-13,29.029924392700195,158.80032348632812,94.45510864257812,21.83622932434082,0.7120605707168579,44.93147659301758,29.090499877929688,35.63936233520508
2016-01-14,29.634716033935547,161.40733337402344,96.46659088134766,22.41469955444336,0.6977027058601379,46.21051025390625,29.649999618530273,36.22479248046875
2016-01-15,29.064002990722656,157.94256591796875,93.47257232666016,21.271421432495117,0.6597388982772827,44.36592102050781,28.509000778198242,35.18964385986328
2016-01-19,29.430288314819336,158.15272521972656,93.6764907836914,21.412620544433594,0.6650928258895874,43.991783142089844,28.724000930786133,35.61509704589844
2016-01-20,28.910667419433594,156.1260528564453,93.38912963867188,21.467281341552734,0.6687431335449219,44.19190216064453,28.588499069213867,35.58934020996094
2016-01-21,29.064002990722656,157.0006866455078,93.48181915283203,21.763347625732422,0.6765303611755371,43.92217254638672,28.750999450683594,35.99102020263672
2016-01-22,29.64323616027832,160.2215576171875,96.18850708007812,22.17784309387207,0.692348837852478,45.49703598022461,29.819000244140625,36.921661376953125
2016-01-25,29.251392364501953,157.7996063232422,94.76101684570312,21.927326202392578,0.6916185021400452,45.06199645996094,29.826499938964844,36.335243225097656
2016-01-26,30.009521484375,159.9524688720703,95.61382293701172,22.11407470703125,0.6984328031539917,45.39262771606445,30.0625,36.34366226196289
2016-01-27,29.736940383911133,158.211669921875,93.23157501220703,21.86811065673828,0.6901587247848511,44.566043853759766,29.167499542236328,35.54080581665039
2016-01-28,30.09469985961914,159.0358123779297,94.54779815673828,21.75423812866211,0.6826145648956299,45.29691696166992,31.767499923706055,37.06232833862305
2016-01-29,30.929473876953125,162.9126739501953,96.522216796875,22.64699935913086,0.7127906680107117,47.93327713012695,29.350000381469727,37.70867919921875
2016-02-01,30.93800163269043,162.85386657714844,96.78174591064453,22.747207641601562,0.7130340337753296,47.6026611328125,28.74049949645996,38.175235748291016
2016-02-02,30.111745834350586,159.91885375976562,94.6868667602539,22.123184204101562,0.6828578114509583,46.11479949951172,27.604999542236328,38.67745590209961
2016-02-03,30.40135383605957,160.8775177001953,94.23265838623047,22.155071258544922,0.6862649321556091,45.38391876220703,26.553499221801758,37.11581802368164
2016-02-04,31.04872703552246,161.1298065185547,94.22337341308594,22.58323097229004,0.6865081787109375,45.244720458984375,26.812999725341797,36.157440185546875
2016-02-05,30.40987777709961,158.06027221679688,90.95130920410156,21.79523277282715,0.6431908011436462,43.643741607666016,25.10650062561035,34.856319427490234
2016-02-08,30.333209991455078,155.9326171875,89.56087493896484,21.330631256103516,0.6137447357177734,42.991172790527344,24.405000686645508,34.876136779785156
2016-02-09,29.88174819946289,155.9410400390625,89.28279113769531,21.239534378051758,0.620315432548523,42.87805938720703,24.103500366210938,34.72060775756836
2016-02-10,29.983970642089844,155.80648803710938,89.6257553100586,20.934356689453125,0.6188552379608154,43.252201080322266,24.52400016784668,35.00936508178711
2016-02-11,29.67731285095215,153.77980041503906,89.49602508544922,20.784042358398438,0.6156914234161377,43.23480224609375,25.19099998474121,34.98508834838867
2016-02-12,30.27358055114746,156.95022583007812,90.85859680175781,21.193984985351562,0.6261557340621948,43.93958282470703,25.354000091552734,35.01134490966797
2016-02-16,30.40987777709961,159.59925842285156,92.9071273803711,21.91366195678711,0.6568188071250916,44.7720947265625,26.05500030517578,35.54377365112305
2016-02-17,31.202064514160156,162.206298828125,95.01129913330078,22.437471389770508,0.6731234788894653,45.9376106262207,26.704999923706055,36.253517150878906
2016-02-18,31.202064514160156,161.5419158935547,93.92676544189453,22.346378326416016,0.7310423851013184,45.736061096191406,26.25,35.53733444213867
2016-02-19,31.3298397064209,161.46624755859375,94.20487213134766,22.38736915588379,0.740776538848877,45.41181945800781,26.7450008392334,35.76517105102539
2016-02-22,31.610929489135742,163.8041229248047,95.73432159423828,22.75176239013672,0.7670591473579407,46.139183044433594,27.975000381469727,36.10890197753906
2016-02-23,31.1339054107666,161.7353515625,94.15850830078125,22.36915397644043,0.769006073474884,44.85096740722656,27.64699935913086,35.52643966674805
2016-02-24,31.202064514160156,162.47532653808594,95.05763244628906,22.656110763549805,0.7743597030639648,45.008705139160156,27.70199966430664,35.705238342285156
2016-02-25,31.764263153076172,164.44320678710938,95.99383544921875,22.92029571533203,0.7760634422302246,45.65718460083008,27.75749969482422,36.11236572265625
2016-02-26,31.4831600189209,164.06480407714844,95.87335968017578,23.04783058166504,0.7709528207778931,44.95613098144531,27.761499404907227,35.90137481689453
2016-02-29,31.3298397064209,162.77809143066406,95.01129913330078,22.97039794921875,0.7659459710121155,44.58806228637695,27.625999450683594,35.522979736328125
2016-03-01,32.36052322387695,166.6044921875,98.06092071533203,23.67641258239746,0.7998955845832825,46.077850341796875,28.95199966430664,36.75871276855469
2016-03-02,32.16462326049805,167.35299682617188,98.09799194335938,23.799392700195312,0.8045362830162048,46.402069091796875,29.010499954223633,36.625484466552734
2016-03-03,32.275352478027344,168.00892639160156,97.91261291503906,23.854053497314453,0.7974532842636108,45.87629318237305,28.874500274658203,36.234703063964844
2016-03-04,32.275352478027344,168.5555877685547,97.94969940185547,24.00891876220703,0.7950106859207153,45.59585189819336,28.756999969482422,36.16685104370117
2016-03-07,32.67570877075195,168.69017028808594,97.34716796875,24.10001564025879,0.7898815870285034,44.719512939453125,28.139999389648438,35.30405044555664
2016-03-08,32.496822357177734,166.8484344482422,96.5407485961914,23.6445255279541,0.7754712700843811,45.262840270996094,28.01300048828125,35.340206146240234
2016-03-09,32.777931213378906,167.67259216308594,97.16180419921875,23.81305694580078,0.7749829292297363,46.30568313598633,27.973499298095703,35.928611755371094
2016-03-10,32.41164779663086,167.80715942382812,97.01348114013672,23.940597534179688,0.7737616300582886,45.6133918762207,27.946500778198242,36.263427734375
2016-03-11,33.17827606201172,170.51499938964844,98.70978546142578,24.42341423034668,0.7869506478309631,46.50724411010742,28.480499267578125,36.89244842529297
2016-03-14,32.96533203125,170.29638671875,98.8766098022461,24.314096450805664,0.7889047265052795,46.59486389160156,28.668500900268555,37.15841293334961
2016-03-15,32.99939727783203,170.01889038085938,98.83953857421875,24.232107162475586,0.7849965691566467,46.96294403076172,28.85099983215332,37.17475509643555
2016-03-16,34.260093688964844,171.00282287597656,99.72013854980469,24.514511108398438,0.8084442615509033,47.62895202636719,28.713499069213867,37.51105499267578
2016-03-17,34.59229278564453,172.08767700195312,99.66452026367188,24.683042526245117,0.8016054034233093,47.9006233215332,27.972000122070312,37.56653594970703
2016-03-18,35.333377838134766,172.76393127441406,99.82071685791016,24.99733543395996,0.8257854580879211,46.87530517578125,27.604000091552734,37.41447448730469
2016-03-21,35.44411087036133,173.009033203125,100.21119689941406,24.99733543395996,0.8282278180122375,47.19955062866211,27.698999404907227,37.74880599975586
2016-03-22,35.24818420410156,172.91603088378906,100.51797485351562,24.983667373657227,0.8267623782157898,47.38357925415039,28.02400016784668,37.644283294677734
2016-03-23,34.7115478515625,171.77488708496094,99.6905517578125,24.687599182128906,0.8409286737442017,47.29594802856445,28.48150062561035,37.520957946777344
2016-03-24,34.89895248413086,171.69883728027344,99.71845245361328,24.6466064453125,0.842149555683136,47.50625991821289,29.147499084472656,37.38624572753906
2016-03-28,34.60079574584961,171.8002166748047,99.5789794921875,24.637495040893555,0.8506983518600464,46.91911697387695,28.993499755859375,37.30897903442383
2016-03-29,34.66896057128906,173.389404296875,101.1780776977539,24.979114532470703,0.8643758296966553,47.94443893432617,29.69300079345703,37.933528900146484
2016-03-30,34.89895248413086,174.15025329589844,101.67078399658203,25.229633331298828,0.8734127283096313,48.24238586425781,29.934499740600586,38.05488204956055
2016-03-31,34.84783172607422,173.72752380371094,101.52204895019531,25.088430404663086,0.8702375292778015,48.40012741088867,29.68199920654297,37.78544616699219
2016-04-01,35.060794830322266,174.9109649658203,102.60047912597656,25.20686149597168,0.8829383850097656,48.698089599609375,29.924999237060547,38.120758056640625
2016-04-04,34.984130859375,174.3446502685547,102.21000671386719,25.010997772216797,0.8743897080421448,48.57539749145508,29.659500122070312,37.8953971862793
2016-04-05,34.52415466308594,172.60328674316406,101.22453308105469,24.82424545288086,0.8731685280799866,47.812984466552734,29.30699920654297,37.57098388671875
2016-04-06,34.7115478515625,174.48837280273438,102.88870239257812,25.056547164916992,0.8743897080421448,48.30375289916992,30.104000091552734,38.04150390625
2016-04-07,34.04712677001953,172.4004364013672,101.41046905517578,24.72403907775879,0.8653526902198792,47.72534942626953,29.571500778198242,37.64775085449219
2016-04-08,34.37934875488281,172.8653564453125,101.33612823486328,24.842466354370117,0.8709703683853149,47.6903076171875,29.729999542236328,37.615562438964844
2016-04-11,34.40489959716797,172.4595947265625,100.96422576904297,24.869794845581055,0.8763437271118164,47.593894958496094,29.796499252319336,37.51997375488281
2016-04-12,34.55879211425781,174.06568908691406,101.81022644042969,24.82880401611328,0.8753668665885925,47.8918571472168,30.15850067138672,37.85577392578125
2016-04-13,35.31974792480469,175.8239288330078,103.11181640625,25.33439826965332,0.8973485231399536,48.50529479980469,30.740999221801758,38.2317008972168
2016-04-14,35.259891510009766,175.8323516845703,103.12112426757812,25.06110191345215,0.8997910022735596,48.51406478881836,31.037500381469727,38.404056549072266
2016-04-15,35.071781158447266,175.63795471191406,102.86079406738281,24.87434959411621,0.9068741798400879,48.768192291259766,31.29450035095215,38.63238525390625
2016-04-18,35.259891510009766,176.87208557128906,103.40930938720703,24.906234741210938,0.9029661417007446,49.47802734375,31.767499923706055,39.012760162353516
2016-04-19,35.105995178222656,177.4299774169922,102.77713775634766,24.69670867919922,0.8868460655212402,49.416690826416016,31.395000457763672,38.44664764404297
2016-04-20,35.14018630981445,177.59909057617188,102.86079406738281,24.815139770507812,0.8902655243873596,48.715614318847656,31.649499893188477,38.38078689575195
2016-04-21,35.04613494873047,176.6438751220703,102.87007904052734,24.67848777770996,0.8892887234687805,48.88211441040039,31.549999237060547,38.63238525390625
2016-04-22,34.79819869995117,176.6438751220703,101.31751251220703,24.692153930664062,0.8858692646026611,45.37676239013672,31.024999618530273,36.54079055786133
2016-04-25,34.86660385131836,176.33950805664062,101.31751251220703,24.569171905517578,0.8902655243873596,45.66597366333008,31.309999465942383,36.76069641113281
2016-04-26,34.75544357299805,176.60157775878906,100.82479095458984,24.833356857299805,0.890998363494873,45.07881546020508,30.8439998626709,35.926639556884766
2016-04-27,34.926448822021484,176.9651336669922,100.01596069335938,25.1248722076416,0.9112703800201416,44.6406364440918,30.328500747680664,35.73297882080078
2016-04-28,34.481849670410156,175.35897827148438,98.80736541748047,24.5008487701416,0.884159505367279,43.729251861572266,30.100000381469727,34.92070388793945
2016-04-29,34.08000183105469,174.41229248046875,98.28673553466797,23.89504623413086,0.8677952289581299,43.70296859741211,32.97949981689453,35.06037521362305
2016-05-02,34.456180572509766,175.79855346679688,99.2164306640625,24.054466247558594,0.879274845123291,44.3514404296875,34.192501068115234,35.38379669189453
2016-05-03,33.926109313964844,174.26858520507812,98.29602813720703,23.80394744873047,0.8687719702720642,43.62407684326172,33.566001892089844,35.088111877441406
2016-05-04,33.5926513671875,173.29638671875,97.66383361816406,23.548873901367188,0.8489885926246643,43.70296859741211,33.54499816894531,35.23323440551758
2016-05-05,33.541351318359375,173.2626495361328,97.63595581054688,23.635414123535156,0.854117751121521,43.76430892944336,32.954498291015625,35.39866256713867
2016-05-06,33.69526290893555,173.89659118652344,98.1565933227539,23.639968872070312,0.8629100918769836,44.15865707397461,33.6974983215332,35.91722106933594
2016-05-09,33.65251922607422,174.04029846191406,98.43547058105469,23.617197036743164,0.8616892099380493,43.87823486328125,33.98749923706055,36.11286163330078
2016-05-10,34.21678924560547,176.20431518554688,99.78353881835938,23.88138198852539,0.8782976269721985,44.71075439453125,35.153499603271484,36.62053298950195
2016-05-11,33.900455474853516,174.55592346191406,98.88175201416016,23.772064208984375,0.8807399868965149,44.73704147338867,35.6614990234375,36.18319320678711
2016-05-12,34.045799255371094,174.6067352294922,98.44474029541016,23.34845733642578,0.8687719702720642,45.14016342163086,35.89649963378906,36.06036376953125
2016-05-13,33.86624526977539,173.0851287841797,98.08221435546875,23.416780471801758,1.0009074211120605,44.76333236694336,35.49599838256836,35.8998908996582
2016-05-16,34.17404556274414,174.79261779785156,99.30937957763672,23.885936737060547,1.0304607152938843,45.42058563232422,35.53300094604492,36.170806884765625
2016-05-17,33.85769271850586,173.16119384765625,98.0635986328125,23.66274642944336,1.0326591730117798,44.57341003417969,34.76350021362305,35.670074462890625
2016-05-18,33.74655532836914,173.2119140625,98.41686248779297,24.081798553466797,1.0590378046035767,44.83815002441406,34.872501373291016,35.74882888793945
2016-05-19,33.20790481567383,172.61172485351562,97.90555572509766,23.872272491455078,1.0636779069900513,44.405757904052734,34.92599868774414,35.42837142944336
2016-05-20,33.69526290893555,173.70217895507812,98.9840087890625,24.664825439453125,1.0827291011810303,44.67048263549805,35.13999938964844,35.745357513427734
2016-05-23,33.49860382080078,173.46556091308594,98.85384368896484,24.82424545288086,1.0844389200210571,44.14983367919922,34.837501525878906,35.52445983886719
2016-05-24,34.11420822143555,175.7140350341797,100.83406066894531,25.42549705505371,1.110762596130371,45.5264778137207,35.209999084472656,36.30601501464844
2016-05-25,34.310848236083984,176.9058837890625,101.5592269897461,25.56669807434082,1.1061110496520996,45.99418258666992,35.41749954223633,36.55713653564453
2016-05-26,34.15694808959961,176.95664978027344,101.85674285888672,25.653240203857422,1.1178643703460693,45.79121017456055,35.74549865722656,36.49917984008789
2016-05-27,34.25953674316406,177.7174072265625,102.38666534423828,25.82176971435547,1.1239864826202393,46.17068099975586,35.61199951171875,37.027652740478516
2016-05-31,34.37068557739258,177.3792724609375,102.58186340332031,25.91742515563965,1.144066333770752,46.77075958251953,36.13949966430664,37.08957290649414
2016-06-01,34.42200469970703,177.7427978515625,102.59117889404297,26.022188186645508,1.1462700366973877,46.63838195800781,35.97200012207031,37.07025146484375
2016-06-02,33.054012298583984,178.2837677001953,102.80501556396484,26.01763153076172,1.1543505191802979,46.31187438964844,36.4119987487793,36.86272430419922
2016-06-03,33.43019104003906,177.75119018554688,102.32157135009766,26.06773567199707,1.1381888389587402,45.70298767089844,36.277000427246094,36.44618606567383
2016-06-06,33.72089767456055,178.65565490722656,102.69345092773438,26.003969192504883,1.1323121786117554,46.003013610839844,36.33649826049805,36.15891647338867
2016-06-07,33.45585250854492,178.93470764160156,102.43312072753906,26.277257919311523,1.1345162391662598,45.97653579711914,36.1870002746582,36.20993423461914
2016-06-08,33.5840950012207,179.51792907714844,102.60979461669922,26.281818389892578,1.1308424472808838,45.9235954284668,36.332000732421875,36.796356201171875
2016-06-09,33.38745880126953,179.2727813720703,102.44245147705078,26.281818389892578,1.1602283716201782,45.55295944213867,36.38249969482422,36.77605056762695
2016-06-10,33.122406005859375,177.5736846923828,101.28031921386719,25.826324462890625,1.131332278251648,45.42940139770508,35.89550018310547,36.31394958496094
2016-06-13,33.019805908203125,176.20431518554688,100.43433380126953,25.717008590698242,1.145780324935913,44.24689865112305,35.762001037597656,36.24906921386719
2016-06-14,33.19935989379883,175.85769653320312,100.43433380126953,25.68512535095215,1.147984504699707,43.973331451416016,35.96500015258789,36.316917419433594
2016-06-15,32.865901947021484,175.61256408691406,100.14611053466797,25.65779685974121,1.159738302230835,43.84979248046875,35.7130012512207,36.26442337036133
2016-06-16,33.036903381347656,176.13668823242188,100.44358825683594,25.67146110534668,1.164391279220581,44.467529296875,35.8754997253418,35.87116622924805
2016-06-17,33.926109313964844,175.48074340820312,99.26626586914062,25.498371124267578,1.144066333770752,44.23808288574219,35.31949996948242,34.880592346191406
2016-06-20,33.96885299682617,176.61082458496094,99.89082336425781,25.926532745361328,1.1646360158920288,44.18511962890625,35.70050048828125,34.973697662353516
2016-06-21,34.191139221191406,177.11212158203125,100.20775604248047,26.049518585205078,1.1575344800949097,45.17348861694336,35.79100036621094,35.10990905761719
2016-06-22,34.20823669433594,176.82325744628906,99.96539306640625,26.01763153076172,1.1565548181533813,44.99699401855469,35.529998779296875,35.188655853271484
2016-06-23,34.90935134887695,179.1259307861328,101.3916244506836,26.668983459472656,1.1874094009399414,45.808876037597656,36.104000091552734,35.40658187866211
2016-06-24,33.541351318359375,172.69369506835938,97.21552276611328,25.111204147338867,1.1198234558105469,43.973331451416016,34.948001861572266,33.93706512451172
2016-06-27,32.900115966796875,169.6007537841797,95.28592681884766,24.336870193481445,1.107824444770813,42.73788070678711,34.56800079345703,33.735984802246094
2016-06-28,33.45585250854492,172.65966796875,97.37399291992188,25.001888275146484,1.1239864826202393,43.629180908203125,35.397499084472656,34.23720932006836
2016-06-29,34.669952392578125,175.59967041015625,99.0984878540039,25.512039184570312,1.142351746559143,44.59990310668945,35.779998779296875,34.43185806274414
2016-06-30,34.99484634399414,177.995849609375,100.24504852294922,25.967529296875,1.1511677503585815,45.15583419799805,35.78099822998047,34.84492111206055
2016-07-01,35.06348419189453,178.3696746826172,100.74842834472656,25.77622413635254,1.1425966024398804,45.147003173828125,36.284000396728516,35.17776107788086
2016-07-05,34.66875457763672,177.086669921875,100.13321685791016,25.36627960205078,1.159493327140808,45.15583419799805,36.404998779296875,34.912288665771484
2016-07-06,34.780296325683594,178.1488037109375,100.95347595214844,25.402721405029297,1.166839838027954,45.34117126464844,36.88050079345703,35.11436080932617
2016-07-07,34.780296325683594,178.03829956054688,101.25180053710938,25.689680099487305,1.1972047090530396,45.34117126464844,36.82849884033203,35.02967071533203
2016-07-08,35.07206726074219,180.68939208984375,102.81783294677734,26.39113426208496,1.2452003955841064,46.15303421020508,37.29050064086914,35.55070495605469
2016-07-11,34.99485397338867,181.32669067382812,103.40510559082031,26.746416091918945,1.2738510370254517,46.40896224975586,37.68899917602539,36.017269134521484
2016-07-12,35.544044494628906,182.64370727539062,103.92708587646484,27.037931442260742,1.2929518222808838,46.956085205078125,37.410499572753906,36.280269622802734
2016-07-13,35.578372955322266,182.6182098388672,103.67545318603516,27.0424861907959,1.2924617528915405,47.22083282470703,37.131500244140625,36.13019561767578
2016-07-14,35.75857925415039,183.63784790039062,104.38386535644531,27.270231246948242,1.3056849241256714,47.42378616333008,37.060001373291016,36.4432258605957
2016-07-15,35.84438705444336,183.39144897460938,104.216064453125,27.19279670715332,1.2905027866363525,47.38848876953125,36.77199935913086,36.43479919433594
2016-07-18,35.73283386230469,183.88426208496094,104.90589141845703,27.985353469848633,1.297114610671997,47.61792755126953,36.80350112915039,37.30501937866211
2016-07-19,35.25228500366211,183.69732666015625,104.52368927001953,27.876039505004883,1.3105827569961548,46.85018539428711,36.997501373291016,37.3154182434082
2016-07-20,35.39815902709961,184.4620361328125,105.74483489990234,28.304195404052734,1.3277238607406616,49.33873748779297,37.2859992980957,37.497188568115234
2016-07-21,35.24369430541992,183.76531982421875,105.50245666503906,28.06278419494629,1.303236484527588,49.24165725708008,37.221500396728516,37.36494827270508
2016-07-22,35.25228500366211,184.58953857421875,105.94060516357422,28.231321334838867,1.3387436866760254,49.92117691040039,37.24300003051758,37.60615158081055
2016-07-25,35.32093048095703,184.08819580078125,105.94989776611328,28.3634090423584,1.363476037979126,50.06234359741211,36.980499267578125,37.51898193359375
2016-07-26,35.13215255737305,184.1731719970703,106.07106018066406,29.18329429626465,1.3867396116256714,50.08883285522461,36.77949905395508,37.525421142578125
2016-07-27,35.12356185913086,183.97776794433594,106.8075180053711,29.078533172607422,1.3727812767028809,49.58582305908203,36.833499908447266,37.7393798828125
2016-07-28,35.34667205810547,184.19020080566406,107.18035888671875,29.042091369628906,1.3757200241088867,49.603477478027344,37.63050079345703,37.93106460571289
2016-07-29,35.21794509887695,184.487548828125,107.41341400146484,28.923664093017578,1.3982487916946411,50.01823806762695,37.94049835205078,39.19404983520508
2016-08-01,35.31235885620117,184.3345947265625,107.98202514648438,29.005651473999023,1.389188289642334,49.93000411987305,38.387001037597656,39.66950988769531
2016-08-02,34.93476867675781,183.15353393554688,107.16170501708984,28.623037338256836,1.372291922569275,49.93000411987305,38.02899932861328,39.62890625
2016-08-03,34.93476867675781,183.68882751464844,107.51594543457031,28.695919036865234,1.3759654760360718,50.274166107177734,37.731998443603516,39.56946563720703
2016-08-04,35.09781265258789,183.88426208496094,107.82357025146484,28.90089225769043,1.4014322757720947,50.6447868347168,38.03850173950195,39.48674774169922
2016-08-05,35.295188903808594,185.3882293701172,108.85824584960938,29.23795509338379,1.425185203552246,51.147789001464844,38.29899978637695,39.9661979675293
2016-08-08,35.32093048095703,185.27777099609375,108.73709106445312,29.23795509338379,1.438408613204956,51.236045837402344,38.327999114990234,39.88199996948242
2016-08-09,35.26945114135742,185.3882293701172,108.98875427246094,29.433815002441406,1.4420820474624634,51.35957336425781,38.41550064086914,39.99342727661133
2016-08-10,35.26084899902344,184.9293670654297,108.70909881591797,29.23795509338379,1.4327765703201294,51.20075225830078,38.428001403808594,40.04344940185547
2016-08-11,35.42390823364258,185.7876434326172,109.17520904541016,29.35637855529785,1.4619166851043701,51.447837829589844,38.5620002746582,40.02909851074219
2016-08-12,35.26084899902344,185.6261749267578,109.24976348876953,29.47936248779297,1.5437058210372925,51.130157470703125,38.62799835205078,39.972137451171875
2016-08-15,35.5182991027832,186.16146850585938,109.71583557128906,29.811870574951172,1.5422368049621582,51.28898239135742,38.42449951171875,39.918148040771484
2016-08-16,35.45823669433594,185.20130920410156,109.10994720458984,29.638784408569336,1.5329310894012451,51.00483703613281,38.20199966430664,39.68190002441406
2016-08-17,35.36383056640625,185.54969787597656,109.30570220947266,29.575016021728516,1.4974242448806763,51.11139678955078,38.23149871826172,39.89140701293945
2016-08-18,35.303775787353516,185.96604919433594,109.33365631103516,29.802762985229492,1.520687460899353,51.14690399169922,38.222999572753906,39.7591667175293
2016-08-19,35.45823669433594,185.69412231445312,109.30570220947266,29.957626342773438,1.524605631828308,51.1646842956543,37.865501403808594,39.605621337890625
2016-08-22,35.3724250793457,185.6856231689453,109.38958740234375,29.966739654541016,1.5309720039367676,51.209075927734375,37.9739990234375,39.471900939941406
2016-08-23,35.612693786621094,186.0594940185547,109.58533477783203,30.11249542236328,1.5433614253997803,51.404415130615234,38.122501373291016,39.45406723022461
2016-08-24,35.24369430541992,185.10787963867188,108.87690734863281,29.875635147094727,1.5195645093917847,51.45770263671875,37.86249923706055,39.30598068237305
2016-08-25,35.26945114135742,184.98036193847656,108.69982147216797,29.975847244262695,1.5095057487487793,51.65305709838867,37.96099853515625,39.19205856323242
2016-08-26,35.40674591064453,184.6320037841797,108.85824584960938,30.10338592529297,1.5217722654342651,51.52875518798828,38.45000076293945,39.28715515136719
2016-08-29,35.44966125488281,185.54122924804688,109.00740051269531,30.208148956298828,1.5207911729812622,51.59089279174805,38.56449890136719,39.41593551635742
2016-08-30,35.44966125488281,185.23533630371094,108.65320587158203,30.15804672241211,1.5119590759277344,51.404415130615234,38.37900161743164,39.22277069091797
2016-08-31,35.3724250793457,184.70849609375,108.54132843017578,30.15804672241211,1.5048449039459229,51.0225944519043,38.45800018310547,39.12024688720703
2016-09-01,35.32093048095703,184.71701049804688,108.82096862792969,30.43589210510254,1.5492491722106934,51.13802719116211,38.53099822998047,39.19701385498047
2016-09-02,35.39815902709961,185.54969787597656,109.17520904541016,30.408567428588867,1.5340386629104614,51.209075927734375,38.62200164794922,39.467933654785156
2016-09-06,35.39815902709961,186.1104736328125,109.85568237304688,30.404010772705078,1.5485135316848755,51.15580368041992,39.44350051879883,40.02018356323242
2016-09-07,35.39815902709961,186.0934600830078,109.92091369628906,30.203594207763672,1.5256972312927246,51.2001953125,39.2239990234375,40.01869583129883
2016-09-08,34.943363189697266,185.6686553955078,109.27775573730469,30.144380569458008,1.536737322807312,50.99596405029297,39.202999114990234,39.76362228393555
2016-09-09,34.35124206542969,181.22471618652344,106.52783966064453,29.051198959350586,1.4601949453353882,49.91263961791992,38.00699996948242,39.05238723754883
2016-09-12,34.909034729003906,183.82481384277344,108.43876647949219,29.64789390563965,1.4903703927993774,50.658538818359375,38.574501037597656,39.56451416015625
2016-09-13,34.47995376586914,181.1822052001953,107.46932220458984,29.324493408203125,1.4687813520431519,50.19679260253906,38.050498962402344,39.06428527832031
2016-09-14,34.540035247802734,181.11422729492188,107.98202514648438,29.570459365844727,1.4817835092544556,49.95702362060547,38.054500579833984,39.150455474853516
2016-09-15,35.06348419189453,182.92410278320312,109.65991973876953,30.30379867553711,1.5379639863967896,50.782840728759766,38.484500885009766,39.68388366699219
2016-09-16,33.398704528808594,182.21697998046875,109.60758972167969,30.317466735839844,1.5416440963745117,50.83612823486328,38.92599868774414,39.52241516113281
2016-09-19,33.66473388671875,182.25115966796875,109.1310043334961,30.42222785949707,1.5620067119598389,50.55197525024414,38.755001068115234,39.394630432128906
2016-09-20,33.52743148803711,182.25970458984375,109.33657836914062,30.308353424072266,1.5477774143218994,50.4454231262207,39.01100158691406,39.612060546875
2016-09-21,33.90500259399414,184.30929565429688,110.41127014160156,30.72740364074707,1.5912007093429565,51.28899383544922,39.48699951171875,39.872093200683594
2016-09-22,33.90500259399414,185.470703125,111.28968048095703,30.87316131591797,1.595125675201416,51.3422737121582,40.23500061035156,40.412940979003906
2016-09-23,33.66473388671875,184.4544677734375,110.57946014404297,30.513324737548828,1.5934083461761475,50.99596405029297,40.287498474121094,40.36390686035156
2016-09-26,33.49310302734375,182.95999145507812,109.65428924560547,30.230924606323242,1.578443169593811,50.52534103393555,39.95800018310547,39.754207611083984
2016-09-27,33.72479248046875,184.0957794189453,110.73833465576172,30.72740364074707,1.6324152946472168,51.45770263671875,40.80550003051758,40.1544075012207
2016-09-28,33.84492874145508,185.00958251953125,110.92521667480469,30.768404006958008,1.6383031606674194,51.52875518798828,41.43600082397461,40.121219635009766
2016-09-29,33.57033157348633,183.33575439453125,110.12156677246094,31.146451950073242,1.6535139083862305,50.969322204589844,41.45249938964844,39.753719329833984
2016-09-30,33.70762634277344,184.71922302246094,110.94393157958984,31.642940521240234,1.6809903383255005,51.14690399169922,41.865501403808594,39.824039459228516
2016-10-03,33.458770751953125,184.27513122558594,110.78504943847656,31.396974563598633,1.6792728900909424,50.987083435058594,41.83700180053711,39.64178466796875
2016-10-04,33.35580062866211,183.33575439453125,110.6168441772461,31.264883041381836,1.6755934953689575,50.827247619628906,41.701499938964844,39.761138916015625
2016-10-05,33.59606170654297,184.14703369140625,111.00934600830078,31.50629997253418,1.6738760471343994,51.18244171142578,42.21799850463867,39.68388366699219
2016-10-06,33.35580062866211,184.27513122558594,110.95327758789062,31.688491821289062,1.6520419120788574,51.2712287902832,42.08300018310547,39.77550506591797
2016-10-07,33.3471794128418,183.64320373535156,110.71031188964844,31.711265563964844,1.640020489692688,51.32450485229492,41.971500396728516,39.65812301635742
2016-10-10,33.269657135009766,184.5996551513672,111.4111557006836,31.611059188842773,1.6461541652679443,51.537628173828125,42.08549880981445,40.32478332519531
2016-10-11,32.744171142578125,182.26820373535156,109.8225326538086,30.959707260131836,1.6223574876785278,50.782840728759766,41.54999923706055,40.09695053100586
2016-10-12,32.778621673583984,182.50733947753906,109.7290267944336,30.959707260131836,1.6297169923782349,50.71181106567383,41.704498291015625,40.20591735839844
2016-10-13,32.76139450073242,181.9095916748047,109.33657836914062,30.604427337646484,1.6032215356826782,50.54309844970703,41.4640007019043,39.82503890991211
2016-10-14,33.08875274658203,182.00347900390625,109.46739196777344,30.8002872467041,1.618922472000122,50.987083435058594,41.14799880981445,39.85078811645508
2016-10-17,32.9853630065918,181.37156677246094,109.16837310791016,30.672744750976562,1.6095995903015137,50.80949020385742,40.647499084472656,39.961734771728516
2016-10-18,33.09736633300781,182.50733947753906,110.1402587890625,31.018918991088867,1.634132981300354,51.2001953125,40.88249969482422,40.68733596801758
2016-10-19,33.037044525146484,182.99417114257812,110.13090515136719,30.700075149536133,1.630698323249817,51.08475875854492,40.884498596191406,40.952308654785156
2016-10-20,32.813079833984375,182.65252685546875,110.00006866455078,30.96881866455078,1.6616095304489136,50.83612823486328,40.51599884033203,40.69426345825195
2016-10-21,32.67525100708008,182.73789978027344,110.41127014160156,30.927824020385742,1.656948208808899,52.97612762451172,40.949501037597656,40.81461715698242
2016-10-24,32.96814727783203,183.51504516601562,111.73823547363281,31.324094772338867,1.7347172498703003,54.1660041809082,41.90449905395508,41.39311981201172
2016-10-25,33.04566955566406,182.90023803710938,111.38314056396484,31.23755645751953,1.7631756067276,54.157127380371094,41.75899887084961,41.03700256347656
2016-10-26,33.00259780883789,182.53298950195312,110.626220703125,31.146451950073242,1.7702901363372803,53.83745574951172,41.12950134277344,40.71754455566406
2016-10-27,32.9250602722168,182.04623413085938,110.12156677246094,31.055356979370117,1.7339812517166138,53.366825103759766,40.917999267578125,40.48228454589844
2016-10-28,32.881988525390625,181.50819396972656,109.43002319335938,30.87772560119629,1.7310377359390259,53.16259765625,38.816001892089844,40.59174346923828
2016-10-31,33.09736633300781,181.51673889160156,109.32725524902344,31.09635353088379,1.7457574605941772,53.206993103027344,39.49100112915039,40.11328887939453
2016-11-01,33.1318244934082,180.20155334472656,108.50487518310547,30.80939483642578,1.6939924955368042,53.100440979003906,39.27050018310547,39.89437484741211
2016-11-02,32.76139450073242,179.11703491210938,107.63579559326172,30.61808967590332,1.6868786811828613,52.771888732910156,38.27799987792969,39.049407958984375
2016-11-03,33.00259780883789,178.29710388183594,106.57982635498047,30.49055290222168,1.667252540588379,52.576534271240234,38.35150146484375,38.74085235595703
2016-11-04,32.976741790771484,178.10076904296875,106.20602416992188,30.331127166748047,1.6576846837997437,52.1325569152832,37.752498626708984,38.68687438964844
2016-11-07,33.67454147338867,182.0290985107422,108.72913360595703,31.242103576660156,1.7484560012817383,53.650978088378906,39.246498107910156,39.723506927490234
2016-11-08,33.7089958190918,182.8489227294922,109.43936920166016,31.296770095825195,1.7457574605941772,53.69538116455078,39.38750076293945,40.216312408447266
2016-11-09,34.07080841064453,184.78753662109375,109.94400024414062,31.04625129699707,1.7163176536560059,53.428993225097656,38.59400177001953,39.89982604980469
2016-11-10,34.09666061401367,185.24867248535156,108.16844940185547,30.467777252197266,1.6625909805297852,52.123680114746094,37.11899948120117,38.64674758911133
2016-11-11,33.98466110229492,184.82171630859375,108.21517181396484,31.22844886779785,2.1581549644470215,52.4078254699707,36.95050048828125,38.22377395629883
2016-11-14,33.85544204711914,184.9668731689453,107.12181854248047,30.891382217407227,2.051926851272583,51.6086540222168,35.95349884033203,37.30601119995117
2016-11-15,33.74345397949219,186.41015625,108.60768127441406,31.406082153320312,2.1144866943359375,52.627777099609375,37.1619987487793,38.392662048339844
2016-11-16,34.200035095214844,186.05996704101562,109.2524642944336,31.652050018310547,2.2479445934295654,53.325069427490234,37.324501037597656,38.63139343261719
2016-11-17,34.67384338378906,187.0164337158203,110.04679870605469,31.85246467590332,2.266589641571045,54.2100944519043,37.81999969482422,38.93748474121094
2016-11-18,34.33786392211914,186.5979766845703,109.63561248779297,32.034664154052734,2.29038667678833,53.95083999633789,38.007999420166016,38.43278503417969
2016-11-21,34.36370086669922,188.0071258544922,110.77572631835938,32.24419403076172,2.2810637950897217,54.406768798828125,39.0,38.8701286315918
2016-11-22,34.53600311279297,188.3743133544922,111.11215209960938,32.61769485473633,2.2975013256073,54.639198303222656,39.26649856567383,38.88003158569336
2016-11-23,34.544612884521484,188.476806640625,110.66360473632812,32.56759262084961,2.3088033199310303,53.99554443359375,39.00600051879883,38.58285903930664
2016-11-25,34.691062927246094,189.1770477294922,111.01870727539062,32.66324234008789,2.313471794128418,54.111751556396484,39.01850128173828,38.64377975463867
2016-11-28,34.71689987182617,188.2888946533203,110.76637268066406,32.58124542236328,2.3122425079345703,54.18328094482422,38.3385009765625,38.919158935546875
2016-11-29,34.932273864746094,188.6561737060547,111.14950561523438,32.45827102661133,2.2911133766174316,54.612388610839844,38.125999450683594,39.099937438964844
2016-11-30,34.62214279174805,188.20352172851562,109.80384063720703,32.36717224121094,2.265315294265747,53.87038803100586,37.528499603271484,38.4283332824707
2016-12-01,33.33857345581055,187.51177978515625,107.90679931640625,30.82761573791504,2.1532773971557617,52.922786712646484,37.182498931884766,37.85626983642578
2016-12-02,33.16628646850586,187.6056671142578,108.12174224853516,31.324094772338867,2.173178195953369,52.96748352050781,37.016998291015625,37.86271286010742
2016-12-05,33.571163177490234,188.73300170898438,108.9627685546875,31.63839340209961,2.257452964782715,53.834632873535156,37.96799850463867,38.54422378540039
2016-12-06,34.001895904541016,189.3307647705078,109.22442626953125,31.984561920166016,2.2945518493652344,53.593265533447266,38.236000061035156,38.44318771362305
2016-12-07,34.734134674072266,191.80734252929688,110.6075210571289,32.622249603271484,2.335829257965088,54.86268997192383,38.520999908447266,39.20048522949219
2016-12-08,34.75998306274414,192.2770538330078,110.80374908447266,32.818111419677734,2.2967638969421387,54.54085922241211,38.36650085449219,39.38373565673828
2016-12-09,34.90642166137695,193.4384765625,111.67284393310547,32.64957046508789,2.2559781074523926,55.39908218383789,38.43299865722656,40.091007232666016
2016-12-12,34.89780807495117,193.21641540527344,111.1682357788086,32.51293182373047,2.201188325881958,55.57786560058594,38.00600051879883,40.01424026489258
2016-12-13,35.11318588256836,194.50595092773438,112.56996154785156,33.091407775878906,2.2400081157684326,56.30198669433594,38.71699905395508,40.382728576660156
2016-12-14,35.21657180786133,192.90049743652344,112.33634185791016,32.73611831665039,2.3697359561920166,56.03378677368164,38.441001892089844,40.509033203125
2016-12-15,35.19932174682617,193.6947021484375,112.51387023925781,33.25993347167969,2.425262451171875,55.94438934326172,38.04999923706055,40.39808654785156
2016-12-16,33.68313980102539,193.3158721923828,112.09680938720703,32.83177185058594,2.4670307636260986,55.69407653808594,37.88850021362305,40.110321044921875
2016-12-19,33.510868072509766,193.73678588867188,112.55604553222656,33.238590240478516,2.4970054626464844,56.87411117553711,38.29999923706055,40.242069244384766
2016-12-20,33.59700393676758,194.48411560058594,112.98722076416016,33.28909683227539,2.583982467651367,56.80260467529297,38.56100082397461,40.37579345703125
2016-12-21,33.450557708740234,193.94297790527344,112.9028549194336,33.2569580078125,2.60019850730896,56.80260467529297,38.529998779296875,40.227210998535156
2016-12-22,33.56256866455078,193.60789489746094,112.58419036865234,33.42685317993164,2.6316468715667725,56.8115348815918,38.31700134277344,40.10239791870117
2016-12-23,33.40748977661133,193.8914337158203,112.65916442871094,33.58295822143555,2.6972475051879883,56.53440856933594,38.02949905395508,40.00928497314453
2016-12-27,33.44194030761719,194.37246704101562,113.24028778076172,33.86764144897461,2.8825020790100098,56.5701789855957,38.56999969482422,40.114784240722656
2016-12-28,33.32135009765625,192.7660675048828,112.35922241210938,33.307464599609375,2.68422532081604,56.310916900634766,38.60649871826172,39.849308013916016
2016-12-29,33.3299446105957,192.72312927246094,112.19989013671875,33.31664276123047,2.737787961959839,56.230464935302734,38.25749969482422,39.76560974121094
2016-12-30,33.123207092285156,192.01876831054688,111.04706573486328,32.89421844482422,2.622556447982788,55.551055908203125,37.493499755859375,39.24901580810547
2017-01-03,33.339412689208984,193.4877166748047,112.04057312011719,32.94932174682617,2.5063424110412598,55.94438934326172,37.68349838256836,40.019691467285156
2017-01-04,33.50372314453125,194.6387939453125,112.64979553222656,33.05492401123047,2.5648176670074463,55.69407653808594,37.85900115966797,40.0078010559082
2017-01-05,33.4172477722168,194.48411560058594,113.28713989257812,32.86207962036133,2.4997081756591797,55.69407653808594,39.022499084472656,40.267826080322266
2017-01-06,33.25293731689453,195.1799774169922,114.28063201904297,33.03196334838867,2.533123254776001,56.17683029174805,39.79949951171875,40.87158203125
2017-01-09,33.75453186035156,194.5356903076172,114.65554809570312,33.41307067871094,2.635823965072632,55.9980354309082,39.84600067138672,40.969146728515625
2017-01-10,33.434539794921875,194.5356903076172,114.90858459472656,33.5416374206543,2.615922689437866,55.980140686035156,39.79499816894531,40.91120147705078
2017-01-11,33.82372283935547,195.08547973632812,115.21786499023438,33.6839714050293,2.5837368965148926,56.48971176147461,39.95100021362305,41.10188293457031
2017-01-12,33.90156173706055,194.59585571289062,115.039794921875,33.12379455566406,2.5414767265319824,55.97119903564453,40.68199920654297,41.08554458618164
2017-01-13,33.95344543457031,195.04254150390625,115.43346405029297,33.61509704589844,2.541231393814087,56.051666259765625,40.856998443603516,41.15538024902344
2017-01-17,33.8150634765625,194.3552703857422,115.08663940429688,33.22023010253906,2.48422908782959,55.89968490600586,40.486000061035156,40.98302459716797
2017-01-18,33.89291763305664,194.78480529785156,115.32096862792969,33.80794906616211,2.529438018798828,55.87287521362305,40.374000549316406,41.060279846191406
2017-01-19,33.91020584106445,194.06320190429688,115.26473999023438,33.55082321166992,2.5837368965148926,55.69407653808594,40.45199966430664,40.8299674987793
2017-01-20,34.480979919433594,194.7762451171875,115.5178451538086,33.872230529785156,2.5554816722869873,56.08743667602539,40.416500091552734,41.018184661865234
2017-01-23,34.31669616699219,194.2693634033203,115.61155700683594,33.57377243041992,2.5820164680480957,56.284088134765625,40.89400100708008,41.82352066040039
2017-01-24,34.67991638183594,195.5149688720703,116.38947296142578,34.230377197265625,2.637051582336426,56.78471374511719,41.12200164794922,42.07612228393555
2017-01-25,34.72315216064453,197.20729064941406,117.56108093261719,34.652801513671875,2.6483547687530518,56.927757263183594,41.82600021362305,42.51791000366211
2017-01-26,34.70585250854492,197.0011444091797,117.68291473388672,34.3864860534668,2.6940536499023438,57.45518493652344,41.95750045776367,42.44511032104492
2017-01-27,34.792327880859375,196.69186401367188,117.9078369140625,34.82728576660156,2.746141195297241,58.805076599121094,41.78850173950195,41.85323715209961
2017-01-30,34.792327880859375,195.4720001220703,116.98932647705078,34.661983489990234,2.703143835067749,58.22400665283203,41.51900100708008,40.803226470947266
2017-01-31,34.68857192993164,195.45486450195312,116.7550048828125,34.17987060546875,2.6825063228607178,57.79490661621094,41.17399978637695,40.62294387817383
2017-02-01,34.455047607421875,195.53211975097656,117.56108093261719,34.52882766723633,2.799703598022461,56.8383674621582,41.61750030517578,40.377777099609375
2017-02-02,34.57612228393555,195.66104125976562,117.45795440673828,34.5655632019043,2.835082769393921,56.471839904785156,41.997501373291016,40.527347564697266
2017-02-03,34.96531295776367,197.00967407226562,117.79537963867188,34.71708679199219,2.810267210006714,56.927757263183594,40.5099983215332,40.61997604370117
2017-02-06,34.67991638183594,196.65753173828125,117.93595886230469,34.67576217651367,2.882256269454956,56.89199447631836,40.38199996948242,40.69377517700195
2017-02-07,34.65396499633789,196.6660919189453,118.36710357666016,34.822696685791016,2.926973581314087,56.70426940917969,40.625,41.070682525634766
2017-02-08,34.6107292175293,196.92379760742188,118.56393432617188,34.85942077636719,2.9141976833343506,56.623802185058594,40.98550033569336,41.102874755859375
2017-02-09,34.792327880859375,198.0920867919922,118.99507904052734,34.55638885498047,2.8594069480895996,57.26747131347656,41.06800079345703,41.11178970336914
2017-02-10,35.276641845703125,198.8737335205078,119.38873291015625,34.593109130859375,2.791594982147217,57.21381378173828,41.37300109863281,41.34903335571289
2017-02-13,35.536102294921875,199.95620727539062,120.06356048583984,35.04768371582031,2.6628503799438477,57.85747528076172,41.826499938964844,41.55259704589844
2017-02-14,35.54475021362305,200.75509643554688,120.46659851074219,34.77677536010742,2.6726789474487305,58.07332229614258,41.81949996948242,41.60559844970703
2017-02-15,35.81283950805664,201.8030548095703,121.17887115478516,35.134918212890625,2.678083658218384,58.03736114501953,42.1349983215332,41.471370697021484
2017-02-16,35.96852111816406,201.63125610351562,121.14139556884766,35.2680778503418,2.635087013244629,58.02836608886719,42.207000732421875,41.711585998535156
2017-02-17,36.37499237060547,201.9490509033203,121.66624450683594,35.396636962890625,2.6345956325531006,58.11829376220703,42.253501892089844,41.928524017333984
2017-02-21,36.55659103393555,203.15176391601562,122.26611328125,35.73183059692383,2.72894287109375,58.00138854980469,42.821998596191406,42.0632438659668
2017-02-22,36.764156341552734,202.97132873535156,122.3130111694336,35.575714111328125,2.7247602939605713,57.88444519042969,42.78049850463867,42.166748046875
2017-02-23,37.15333557128906,203.10882568359375,121.8537368774414,35.18084716796875,2.4721124172210693,58.11829376220703,42.609500885009766,42.14892578125
2017-02-24,37.33494567871094,203.3665008544922,122.0880355834961,35.231346130371094,2.4959757328033447,58.11829376220703,42.262001037597656,41.99093246459961
2017-02-27,36.9284782409668,203.6843719482422,122.23798370361328,35.4012336730957,2.568547010421753,57.767555236816406,42.43199920654297,42.08305740356445
2017-02-28,36.83335494995117,203.134521484375,121.86310577392578,35.07522964477539,2.496467113494873,57.542701721191406,42.25199890136719,41.84828186035156
2017-03-01,37.118736267089844,205.9779815673828,123.1939926147461,35.48387908935547,2.5286946296691895,58.40611267089844,42.65399932861328,42.4337158203125
2017-03-02,37.092796325683594,204.6808319091797,122.57542419433594,35.171653747558594,2.435457468032837,57.56967544555664,42.445499420166016,42.09196472167969
2017-03-03,36.919822692871094,204.80966186523438,122.80037689208984,35.29562759399414,2.4214353561401367,57.785526275634766,42.49399948120117,42.05382537841797
2017-03-06,36.816062927246094,204.19976806640625,122.52854919433594,35.30940246582031,2.4027390480041504,57.80351257324219,42.330501556396484,41.96417999267578
2017-03-07,36.84199142456055,203.58985900878906,122.32233428955078,35.396636962890625,2.4290611743927,57.920440673828125,42.30099868774414,42.15635299682617
2017-03-08,36.850643157958984,203.2119140625,122.5379867553711,35.43337631225586,2.4246339797973633,58.451072692871094,42.525001525878906,42.27968215942383
2017-03-09,36.70362091064453,203.46961975097656,122.6316146850586,35.447147369384766,2.4241421222686768,58.217227935791016,42.650001525878906,42.487701416015625
2017-03-10,36.91117858886719,204.18258666992188,123.14715576171875,35.78233337402344,2.4384098052978516,58.39711380004883,42.62300109863281,42.664520263671875
2017-03-13,36.82470703125,204.28567504882812,123.35338592529297,35.95681381225586,2.5055694580078125,58.199241638183594,42.72949981689453,42.82152557373047
2017-03-14,37.006309509277344,203.5039825439453,123.05342102050781,35.8282470703125,2.5038466453552246,57.92943572998047,42.62649917602539,42.88740539550781
2017-03-15,37.231178283691406,205.2649688720703,123.81259155273438,36.15425491333008,2.52278995513916,58.23522186279297,42.64849853515625,43.01022720336914
2017-03-16,39.54893112182617,204.86122131347656,123.72826385498047,36.18180847167969,2.553786516189575,58.13628387451172,42.67100143432617,43.089969635009766
2017-03-17,39.4883918762207,204.50144958496094,123.68502807617188,36.27823257446289,2.6093835830688477,58.3431396484375,42.615501403808594,43.20734786987305
2017-03-20,39.116512298583984,204.2771453857422,123.79777526855469,36.5078125,2.6925339698791504,58.39711380004883,42.8484992980957,42.986454010009766
2017-03-21,38.779232025146484,201.65432739257812,121.91931915283203,35.80988693237305,2.605447292327881,57.74955368041992,42.15999984741211,42.10633087158203
2017-03-22,38.735984802246094,202.12884521484375,122.74585723876953,36.158851623535156,2.6585850715637207,58.4870491027832,42.40299987792969,42.089500427246094
2017-03-23,38.87435531616211,201.9131317138672,122.43589782714844,36.048648834228516,2.634477376937866,58.3431396484375,42.36899948120117,41.58677291870117
2017-03-24,38.614906311035156,201.7664794921875,122.6894760131836,36.33332443237305,2.643824338912964,58.44208908081055,42.28049850463867,41.363399505615234
2017-03-27,38.779232025146484,201.55943298339844,122.88668823242188,36.498626708984375,2.663012742996216,58.54999923706055,42.340999603271484,41.53031539916992
2017-03-28,38.64950180053711,203.02610778808594,123.63813018798828,36.567501068115234,2.6492366790771484,58.720890045166016,42.79999923706055,41.63531494140625
2017-03-29,38.502479553222656,203.21592712402344,124.21101379394531,36.420570373535156,2.640626907348633,58.882774353027344,43.715999603271484,42.092960357666016
2017-03-30,38.64085388183594,203.86297607421875,124.41764068603516,36.60422897338867,2.6913034915924072,59.0986328125,43.81700134277344,42.073638916015625
2017-03-31,38.58031463623047,203.388427734375,124.33316802978516,36.599639892578125,2.679741382598877,59.233543395996094,44.32699966430664,41.99043273925781
2017-04-03,38.58031463623047,203.03472900390625,124.25794982910156,36.51240158081055,2.666210889816284,58.95471954345703,44.57550048828125,42.4337158203125
2017-04-04,38.563018798828125,203.16412353515625,124.45524597167969,36.38383483886719,2.4792468547821045,59.11662292480469,45.34149932861328,42.2266845703125
2017-04-05,38.47652816772461,202.5602264404297,123.94805908203125,36.168025970458984,2.460796594619751,58.963722229003906,45.4640007019043,42.045413970947266
2017-04-06,38.20843505859375,203.12960815429688,124.01374816894531,36.186397552490234,2.478755235671997,59.11662292480469,44.91400146484375,41.85670471191406
2017-04-07,38.30356979370117,202.92257690429688,123.94805908203125,36.328739166259766,2.46817684173584,59.0716438293457,44.74399948120117,41.7081184387207
2017-04-10,38.216712951660156,203.04339599609375,123.99500274658203,36.007320404052734,2.4051992893218994,58.93675231933594,45.35200119018555,41.68830490112305
2017-04-11,38.36437225341797,202.8017578125,123.45964050292969,35.736427307128906,2.4138095378875732,58.89177703857422,45.11800003051758,41.59815979003906
2017-04-12,38.373050689697266,201.9131317138672,122.96183776855469,35.27267074584961,2.393882989883423,58.666927337646484,44.811500549316406,41.67641830444336
2017-04-13,38.216712951660156,200.6017608642578,122.47344970703125,35.010948181152344,2.3491101264953613,58.415096282958984,44.23350143432617,41.6130256652832
2017-04-17,38.468597412109375,202.37904357910156,123.4878158569336,35.39205551147461,2.441115617752075,58.89177703857422,45.0994987487793,42.35347366333008
2017-04-18,38.668365478515625,201.7751007080078,123.29998779296875,35.534393310546875,2.4425911903381348,58.810829162597656,45.18899917602539,42.29701614379883
2017-04-19,38.38172912597656,201.40411376953125,123.49723815917969,35.72723388671875,2.452186107635498,58.49604797363281,44.959999084472656,42.42182540893555
2017-04-20,38.67705154418945,203.04339599609375,124.53036499023438,36.241493225097656,2.491055727005005,58.909759521484375,45.10300064086914,42.59864807128906
2017-04-21,38.59020233154297,202.3962860107422,124.50215148925781,36.09457015991211,2.5013880729675293,59.71921157836914,44.92649841308594,42.54268264770508
2017-04-24,38.94629669189453,204.62222290039062,126.00496673583984,36.61800765991211,2.532630205154419,60.73550796508789,45.37049865722656,43.532257080078125
2017-04-25,38.84206771850586,205.81283569335938,126.91596221923828,36.98534393310547,2.576664686203003,61.086265563964844,45.38100051879883,44.02309036254883
2017-04-26,38.816017150878906,205.6834259033203,126.73748016357422,36.70524978637695,2.558953046798706,61.00534439086914,45.464500427246094,44.03794479370117
2017-04-27,38.88550567626953,205.8560028076172,127.49832153320312,37.19655227661133,2.5988059043884277,61.401039123535156,45.91899871826172,44.15186309814453
2017-04-28,39.050537109375,205.40736389160156,127.72366333007812,36.59504318237305,2.565840482711792,61.57192611694336,46.2495002746582,45.79027557373047
2017-05-01,39.12871170043945,205.9250030517578,128.86013793945312,36.97615432739258,2.6234054565429688,62.42637252807617,47.4114990234375,46.20136260986328
2017-05-02,39.19818878173828,206.0026397705078,129.076171875,36.77872085571289,2.545668363571167,62.32743835449219,47.34700012207031,46.412845611572266
2017-05-03,38.989742279052734,205.75244140625,128.6628875732422,36.989925384521484,2.564610481262207,62.129573822021484,47.05149841308594,46.975494384765625
2017-05-04,39.493507385253906,205.9940185546875,128.70986938476562,36.95319366455078,2.5547702312469482,61.88672637939453,46.87649917602539,47.28604507446289
2017-05-05,39.58905029296875,206.80503845214844,129.17945861816406,37.100128173828125,2.555016279220581,62.0576171875,46.70750045776367,47.066139221191406
2017-05-08,39.57167434692383,206.77053833007812,129.46121215820312,37.00828552246094,2.5282022953033447,62.003639221191406,47.45199966430664,47.482669830322266
2017-05-09,39.50217819213867,206.5807342529297,129.91204833984375,37.38021469116211,2.532383680343628,62.09358596801758,47.64099884033203,47.384605407714844
2017-05-10,39.545616149902344,206.95172119140625,129.98721313476562,37.8531494140625,2.983804702758789,62.33643341064453,47.4474983215332,47.291988372802734
2017-05-11,39.22425079345703,206.52891540527344,129.88385009765625,37.93579864501953,3.111973524093628,61.57192611694336,47.38100051879883,47.343994140625
2017-05-12,39.15475845336914,206.18385314941406,130.17503356933594,38.04140853881836,3.1461687088012695,61.499996185302734,48.067501068115234,47.30683898925781
2017-05-15,39.363216400146484,207.3226776123047,130.5883026123047,38.463829040527344,3.3041043281555176,61.54494857788086,47.89849853515625,47.5089225769043
2017-05-16,39.337158203125,207.13287353515625,131.1330108642578,38.92298889160156,3.365605592727661,62.78419494628906,48.30350112915039,47.77587127685547
2017-05-17,38.4164924621582,203.45753479003906,127.79878997802734,37.45827102661133,3.141986608505249,61.03843307495117,47.237998962402344,46.664459228515625
2017-05-18,38.36437225341797,204.2771453857422,128.91650390625,38.013858795166016,3.2736001014709473,61.2464599609375,47.92449951171875,47.077030181884766
2017-05-19,38.48596954345703,205.6057586669922,129.46121215820312,38.45465087890625,3.3492026329040527,61.22835159301758,47.992000579833984,47.28257369995117
2017-05-22,38.763912200927734,206.64974975585938,130.5507049560547,38.82197570800781,3.4206197261810303,61.915828704833984,48.53350067138672,47.7491340637207
2017-05-23,38.70310974121094,207.1070098876953,130.68218994140625,38.73933410644531,3.3745675086975098,62.123870849609375,48.57699966430664,48.0700798034668
2017-05-24,38.9376220703125,207.59011840820312,131.28330993652344,38.90921401977539,3.4124937057495117,62.20526123046875,49.01750183105469,48.41975402832031
2017-05-25,39.25898742675781,208.5823211669922,132.4009552001953,39.17552947998047,3.4048588275909424,62.974117279052734,49.66899871826172,49.12554168701172
2017-05-26,39.311100006103516,208.5391845703125,132.63575744628906,39.249000549316406,3.493021249771118,63.28168869018555,49.78900146484375,49.19537353515625
2017-05-30,39.450077056884766,208.3580322265625,132.74842834472656,39.529083251953125,3.567641019821167,63.68873596191406,49.834999084472656,49.33900451660156
2017-05-31,39.42402267456055,208.30625915527344,132.7015380859375,39.4831657409668,3.5548341274261475,63.17312240600586,49.73099899291992,48.88928985595703
2017-06-01,39.771427154541016,209.96273803710938,133.21804809570312,39.55663299560547,3.555079936981201,63.40831756591797,49.79750061035156,48.9487190246582
2017-06-02,39.65851593017578,210.66159057617188,134.7396240234375,39.86427307128906,3.5373494625091553,64.90986633300781,50.33649826049805,49.336524963378906
2017-06-05,39.88434600830078,210.50636291503906,134.71142578125,39.969879150390625,3.6449668407440186,65.38019561767578,50.56700134277344,49.72087478637695
2017-06-06,39.61509704589844,209.8333740234375,134.1761016845703,40.06170654296875,3.628466844558716,65.5972900390625,50.150001525878906,49.364261627197266
2017-06-07,39.43270492553711,210.22158813476562,134.7020263671875,40.36015319824219,3.672302722930908,65.47972106933594,50.503501892089844,49.60299301147461
2017-06-08,39.450077056884766,210.32508850097656,134.84291076660156,40.89278030395508,3.938760995864868,65.08171844482422,50.51350021362305,49.74068069458008
2017-06-09,39.11132049560547,210.00587463378906,131.47113037109375,39.34541702270508,3.6841235160827637,63.60730743408203,48.91550064086914,48.04877853393555
2017-06-12,38.95499038696289,209.96273803710938,130.7666778564453,39.106651306152344,3.693235158920288,63.11886215209961,48.24549865722656,47.63719940185547
2017-06-13,39.067901611328125,210.98944091796875,131.82803344726562,39.35919189453125,3.7284514904022217,63.905826568603516,49.03950119018555,48.067604064941406
2017-06-14,38.920249938964844,210.72201538085938,131.25514221191406,39.01941680908203,3.73633074760437,63.562095642089844,48.82350158691406,47.9403076171875
2017-06-15,38.80732727050781,210.3164825439453,130.67279052734375,38.66127395629883,3.7523386478424072,63.22740936279297,48.208499908447266,47.55646514892578
2017-06-16,39.163448333740234,210.36245727539062,130.1058807373047,38.638309478759766,3.7338688373565674,63.317874908447266,49.385501861572266,47.47919845581055
2017-06-19,39.719322204589844,212.1136932373047,132.2813720703125,39.32246017456055,3.8742403984069824,64.10482788085938,49.75849914550781,48.30137634277344
2017-06-20,39.81485366821289,210.68324279785156,131.2454071044922,38.83116149902344,3.86857533454895,63.2364616394043,49.62950134277344,47.99281311035156
2017-06-21,40.24046325683594,210.63119506835938,132.54502868652344,39.276546478271484,3.927186965942383,63.562095642089844,50.11149978637695,48.46829605102539
2017-06-22,43.68864822387695,210.5358428955078,132.5074005126953,39.17552947998047,3.900097370147705,63.553043365478516,50.064998626708984,48.370723724365234
2017-06-23,44.25322341918945,210.78726196289062,133.0159149169922,39.33623504638672,3.7882936000823975,64.41233825683594,50.1870002746582,48.839759826660156
2017-06-26,44.17505645751953,210.9259796142578,132.39442443847656,39.18470764160156,3.7469210624694824,63.797264099121094,49.69900131225586,48.146358489990234
2017-06-27,44.079498291015625,209.22671508789062,129.9928436279297,38.064361572265625,3.609750986099243,62.603271484375,48.8390007019043,46.957664489746094
2017-06-28,44.1837272644043,211.09938049316406,131.86700439453125,38.615352630615234,3.7370705604553223,63.136962890625,49.51649856567383,47.59757995605469
2017-06-29,43.601810455322266,209.2440643310547,129.57847595214844,37.74753952026367,3.6122138500213623,61.952003479003906,48.79650115966797,46.44900131225586
2017-06-30,43.5496826171875,209.6342315673828,129.62550354003906,37.58683776855469,3.560006618499756,62.35000991821289,48.400001525878906,46.045841217041016
2017-07-03,42.8722038269043,209.98965454101562,128.25997924804688,37.15522003173828,3.4312095642089844,61.662559509277344,47.68299865722656,45.53965377807617
2017-07-05,42.95905303955078,210.47511291503906,129.52198791503906,37.86233139038086,3.522820234298706,62.485687255859375,48.56999969482422,46.17361831665039
2017-07-06,42.42924499511719,208.55044555664062,128.35415649414062,37.701629638671875,3.5334091186523438,62.02437210083008,48.25699996948242,45.9472770690918
2017-07-07,42.863521575927734,209.90292358398438,129.738525390625,38.20669937133789,3.6141841411590576,62.82942199707031,48.9379997253418,46.59709548950195
2017-07-10,43.0980224609375,210.12835693359375,130.58612060546875,38.6015739440918,3.7850918769836426,63.29977798461914,49.82350158691406,47.1017951965332
2017-07-11,43.323856353759766,209.97230529785156,130.9534912109375,38.90921401977539,3.8387770652770996,63.30881881713867,49.70650100708008,47.22710037231445
2017-07-12,43.818939208984375,211.5501708984375,132.5074005126953,39.469390869140625,4.00205135345459,64.35808563232422,50.32550048828125,47.926944732666016
2017-07-13,43.732086181640625,211.9056396484375,132.79931640625,39.377559661865234,3.9557533264160156,64.91887664794922,50.03150177001953,47.985877990722656
2017-07-14,43.91448211669922,212.8939971923828,133.8446807861328,39.86427307128906,4.062139511108398,65.83245849609375,50.09049987792969,48.38507843017578
2017-07-17,43.97550964355469,212.8679962158203,133.9105987548828,39.75407791137695,4.044900894165039,66.34807586669922,50.50199890136719,48.33802795410156
2017-07-18,43.9842414855957,212.9806671142578,134.8052978515625,39.90559768676758,4.087014198303223,66.3028564453125,51.22249984741211,48.88235092163086
2017-07-19,44.4637336730957,214.13377380371094,135.5963592529297,40.30046844482422,4.065834999084473,66.80939483642578,51.34349822998047,49.17060089111328
2017-07-20,44.57706832885742,214.22915649414062,135.77532958984375,40.38771057128906,4.124936103820801,67.135009765625,51.435001373291016,49.14188766479492
2017-07-21,44.289363861083984,214.03843688964844,135.71884155273438,40.1627197265625,4.139713287353516,66.74608612060547,51.28350067138672,49.22360610961914
2017-07-24,44.254493713378906,213.9864044189453,136.34039306640625,40.03416061401367,4.091691493988037,66.57421875,51.9474983215332,49.44499206542969
2017-07-25,44.6119499206543,214.50660705566406,135.99192810058594,39.92395782470703,4.071990966796875,67.10791015625,51.993499755859375,47.99479675292969
2017-07-26,44.6119499206543,214.51528930664062,136.43458557128906,40.34638977050781,4.119027137756348,66.98123931884766,52.63999938964844,47.810546875
2017-07-27,43.9842414855957,214.31582641601562,135.57757568359375,39.83671951293945,3.9830892086029053,66.17621612548828,52.29999923706055,47.176578521728516
2017-07-28,43.85345458984375,214.06439208984375,135.4645538330078,39.64846420288086,4.048349380493164,66.06765747070312,51.00199890136719,47.464839935302734
2017-07-31,43.5308723449707,213.94302368164062,134.8900604248047,39.4142951965332,4.00205135345459,65.76013946533203,49.388999938964844,46.82939529418945
2017-08-01,43.731388092041016,214.4198760986328,135.2008514404297,39.58418273925781,4.050812244415283,65.65155792236328,49.80950164794922,46.88188552856445
2017-08-02,43.39136505126953,214.52389526367188,135.56814575195312,39.36837387084961,4.048349380493164,65.36212921142578,49.794498443603516,46.93537902832031
2017-08-03,43.79241943359375,214.10777282714844,135.04075622558594,39.23063278198242,4.099820137023926,65.26260375976562,49.34600067138672,46.57183074951172
2017-08-04,43.55702209472656,214.49790954589844,135.28561401367188,39.34541702270508,4.117795467376709,65.7420425415039,49.37900161743164,46.84374237060547
2017-08-07,43.278038024902344,214.89674377441406,136.1426239013672,40.038753509521484,4.244376182556152,65.48876190185547,49.61349868774414,46.84177017211914
2017-08-08,42.80724334716797,214.36785888671875,135.9071807861328,39.919368743896484,4.193891525268555,65.84152221679688,49.492000579833984,46.764503479003906
2017-08-09,42.77237319946289,214.3591766357422,135.72825622558594,39.841312408447266,4.238466262817383,65.55206298828125,49.10049819946289,46.560935974121094
2017-08-10,41.935394287109375,211.33349609375,132.8181610107422,38.748512268066406,4.0569682121276855,64.59326934814453,47.84600067138672,45.74421691894531
2017-08-11,42.057456970214844,211.64553833007812,133.82589721679688,39.106651306152344,3.840747833251953,65.57920837402344,48.39950180053711,46.06614685058594
2017-08-14,42.58927917480469,213.74362182617188,135.54930114746094,39.8780403137207,4.147100448608398,66.56517028808594,49.165000915527344,46.50398254394531
2017-08-15,42.57185363769531,213.71762084960938,135.6435089111328,40.024967193603516,4.112131595611572,66.58333587646484,49.137001037597656,46.461883544921875
2017-08-16,42.938011169433594,214.0904083251953,135.87893676757812,40.10762023925781,4.06706428527832,66.97437286376953,48.909000396728516,46.768463134765625
2017-08-17,42.327728271484375,210.75254821777344,133.10072326660156,39.157161712646484,3.9764392375946045,65.83767700195312,48.028499603271484,45.945796966552734
2017-08-18,42.38875961303711,210.4231414794922,133.0065460205078,39.24440002441406,3.977177858352661,65.91951751708984,47.923500061035156,45.87248992919922
2017-08-21,42.63287353515625,210.58787536621094,132.8370361328125,39.09747314453125,3.919306993484497,65.61031341552734,47.66450119018555,45.6094970703125
2017-08-22,42.946746826171875,212.78994750976562,134.86181640625,39.62091827392578,4.006560802459717,66.52880859375,48.345001220703125,46.5767936706543
2017-08-23,42.78108596801758,212.02699279785156,134.3815155029297,39.70356369018555,4.086667060852051,66.12869262695312,47.900001525878906,46.68476486206055
2017-08-24,42.88570022583008,211.53292846679688,133.98594665527344,39.698974609375,4.071632385253906,66.10137939453125,47.622501373291016,46.4029426574707
2017-08-25,42.92930221557617,212.02699279785156,133.70343017578125,39.57500076293945,4.037617206573486,66.21961212158203,47.26300048828125,46.08646011352539
2017-08-28,42.92930221557617,212.03573608398438,134.11782836914062,39.68979263305664,4.06620979309082,66.22871398925781,47.30099868774414,45.96907424926758
2017-08-29,43.11238098144531,212.27847290039062,134.64523315429688,39.79998016357422,4.059554576873779,66.42876434326172,47.702999114990234,46.34648132324219
2017-08-30,43.41753005981445,213.28416442871094,136.22740173339844,40.355567932128906,4.083709716796875,67.30175018310547,48.37950134277344,46.73676300048828
2017-08-31,43.879600524902344,214.56724548339844,137.6870880126953,40.672393798828125,4.176385402679443,67.99286651611328,49.029998779296875,47.311798095703125
2017-09-01,44.132442474365234,214.87069702148438,137.49874877929688,40.865234375,4.201525688171387,67.23812103271484,48.912498474121094,47.15082550048828
2017-09-05,44.40270233154297,213.32748413085938,136.26502990722656,40.34638977050781,4.089377403259277,66.9380111694336,48.26350021362305,46.63028335571289
2017-09-06,44.47245407104492,214.05572509765625,136.67941284179688,40.48872756958008,4.086913108825684,66.74703216552734,48.38999938964844,46.65702438354492
2017-09-07,45.10017776489258,214.02972412109375,136.99966430664062,40.64483642578125,4.105892658233643,67.60183715820312,48.9734992980957,47.04681396484375
2017-09-08,44.96940994262695,213.77828979492188,135.81300354003906,40.20404815673828,4.034658908843994,67.27445983886719,48.29499816894531,46.62681579589844
2017-09-11,45.762779235839844,216.0584716796875,137.3762969970703,40.934112548828125,4.1655426025390625,67.98375701904297,48.89799880981445,46.71992874145508
2017-09-12,46.00688552856445,216.78668212890625,137.7059783935547,41.09022521972656,4.180577278137207,67.9110336303711,49.12900161743164,46.88634490966797
2017-09-13,46.03304672241211,216.89076232910156,137.8943634033203,41.09940719604492,4.199310302734375,68.3929672241211,49.97999954223633,47.07405471801758
2017-09-14,46.02432632446289,216.8214111328125,137.08441162109375,41.27847671508789,4.175400733947754,67.99286651611328,49.61050033569336,46.56342315673828
2017-09-15,42.49338150024414,217.11329650878906,137.55528259277344,41.824886322021484,4.439382553100586,68.48393249511719,49.339500427246094,46.32370376586914
2017-09-18,42.135929107666016,217.5750274658203,137.37503051757812,42.408016204833984,4.622763633728027,68.34749603271484,48.70949935913086,46.04930877685547
2017-09-19,41.88311004638672,217.79287719726562,137.61097717285156,42.51821517944336,4.617835998535156,68.6021499633789,48.49300003051758,46.40145492553711
2017-09-20,41.82207489013672,217.87127685546875,137.18624877929688,41.95344543457031,4.580615997314453,68.1474380493164,48.660499572753906,46.93042755126953
2017-09-21,41.82207489013672,217.28746032714844,136.34619140625,41.875389099121094,4.455403804779053,67.4836196899414,48.23249816894531,46.93092346191406
2017-09-22,41.987728118896484,217.33108520507812,136.214111328125,42.04528045654297,4.41202449798584,67.66548919677734,47.755001068115234,46.718441009521484
2017-09-25,41.82207489013672,216.88671875,134.77944946289062,41.20042037963867,4.214839458465576,66.6197280883789,46.989498138427734,46.27367401123047
2017-09-26,41.778465270996094,217.01742553710938,135.1287078857422,41.25093460083008,4.238499641418457,66.6197280883789,46.93000030517578,46.42969512939453
2017-09-27,41.987728118896484,217.862548828125,136.34619140625,42.18302917480469,4.331424236297607,67.15624237060547,47.54349899291992,47.54259490966797
2017-09-28,41.91797637939453,218.1239776611328,136.2990264892578,42.45392990112305,4.3301920890808105,67.17443084716797,47.81999969482422,47.785789489746094
2017-09-29,42.153358459472656,218.890625,137.2806854248047,42.848812103271484,4.406355381011963,67.73820495605469,48.067501068115234,48.22708511352539
2017-10-02,42.545684814453125,219.8403778076172,137.40333557128906,43.13349533081055,4.41202449798584,67.84737396240234,47.95949935913086,47.91753005981445
2017-10-03,42.44978713989258,220.31085205078125,137.6959228515625,43.27582550048828,4.421142578125,67.52909088134766,47.85499954223633,48.14585876464844
2017-10-04,42.63287353515625,220.572265625,137.82806396484375,43.34011459350586,4.4581170082092285,67.92011260986328,48.272499084472656,47.883358001708984
2017-10-05,42.64158630371094,221.87916564941406,139.1776885986328,43.386024475097656,4.4556498527526855,69.0841064453125,49.04249954223633,48.79518127441406
2017-10-06,42.19696044921875,221.62646484375,139.3665008544922,43.56050491333008,4.468714237213135,69.11137390136719,49.479000091552734,49.21369552612305
2017-10-09,42.162086486816406,221.26052856445312,139.2060546875,43.877323150634766,4.569523811340332,69.37506866455078,49.54949951171875,49.147830963134766
2017-10-10,42.197105407714844,221.8442840576172,139.30990600585938,44.102317810058594,4.656780242919922,69.37506866455078,49.36000061035156,48.92444610595703
2017-10-11,42.258365631103516,222.1927947998047,139.72512817382812,44.414546966552734,4.706320762634277,69.49329376220703,49.75,49.80854034423828
2017-10-12,42.21459197998047,221.86172485351562,139.47035217285156,44.32271957397461,4.708540439605713,70.1298599243164,50.04650115966797,49.80854034423828
2017-10-13,42.547203063964844,222.1317901611328,140.00833129882812,44.625755310058594,4.796287536621094,70.46632385253906,50.14699935913086,49.91849136352539
2017-10-16,42.76601791381836,222.4280242919922,140.48960876464844,44.86451721191406,4.878612041473389,70.6118392944336,50.31700134277344,49.99179458618164
2017-10-17,43.05487060546875,222.58493041992188,140.66900634765625,44.85533905029297,4.874175071716309,70.55726623535156,50.45650100708008,50.07351303100586
2017-10-18,43.39622497558594,222.80274963378906,140.4990997314453,45.02063751220703,4.869986534118652,70.57544708251953,49.849998474121094,50.15969467163086
2017-10-19,43.194915771484375,222.86370849609375,139.97999572753906,44.92879867553711,4.8754096031188965,70.8482666015625,49.330501556396484,49.61983108520508
2017-10-20,43.107383728027344,224.0137481689453,140.35752868652344,45.17216110229492,4.853226184844971,71.66666412353516,49.14550018310547,49.779808044433594
2017-10-23,43.15990447998047,223.1424560546875,139.44203186035156,45.342044830322266,4.846323490142822,71.68486022949219,48.314998626708984,48.81251907348633
2017-10-24,43.746341705322266,223.5345916748047,139.67796325683594,45.61754608154297,4.897099018096924,71.71214294433594,48.79499816894531,48.958621978759766
2017-10-25,43.50126647949219,222.4280242919922,139.14939880371094,45.03900146484375,4.773364543914795,71.50299072265625,48.64550018310547,49.10572814941406
2017-10-26,43.8951301574707,222.71559143066406,138.70582580566406,45.28235626220703,4.823400974273682,71.62122344970703,48.621498107910156,49.10374069213867
2017-10-27,44.534088134765625,224.53651428222656,142.74545288085938,46.19149398803711,4.975479602813721,76.21346282958984,55.04750061035156,51.19633483886719
2017-10-30,44.35903549194336,223.7001190185547,143.0663299560547,46.209861755371094,5.024282932281494,76.28622436523438,55.54249954223633,51.16958999633789
2017-10-31,44.55158996582031,224.04864501953125,143.6043243408203,46.655242919921875,5.097488880157471,75.64058685302734,55.263999938964844,51.165130615234375
2017-11-01,44.324012756347656,224.3448944091797,143.55711364746094,46.531272888183594,5.1071014404296875,75.64058685302734,55.183998107910156,51.63862609863281
2017-11-02,44.008907318115234,224.4320068359375,143.2833709716797,46.75166702270508,5.076045513153076,76.43174743652344,54.71099853515625,51.65694808959961
2017-11-03,43.921382904052734,225.18130493164062,144.661376953125,47.26593017578125,5.143828868865967,76.5135726928711,55.58000183105469,52.004638671875
2017-11-06,44.11395263671875,225.52975463867188,145.15216064453125,47.87660598754883,5.166997909545898,76.81365966796875,56.03300094604492,51.64258575439453
2017-11-07,44.19273376464844,225.37298583984375,145.23715209960938,47.78018569946289,5.22615385055542,76.63179779052734,56.15850067138672,52.12350845336914
2017-11-08,44.23649215698242,225.75636291503906,145.82232666015625,47.89038848876953,5.155411720275879,76.8955078125,56.64400100708008,52.41572570800781
2017-11-09,43.0986213684082,224.9373016357422,145.05784606933594,46.95828628540039,5.060760974884033,76.46809387207031,56.45650100708008,51.892215728759766
2017-11-10,43.16863250732422,224.86764526367188,145.04833984375,47.229190826416016,5.327456951141357,76.2680435180664,56.26750183105469,51.715389251708984
2017-11-13,43.238677978515625,225.0767364501953,145.22772216796875,47.42662811279297,5.240941524505615,76.32260131835938,56.458499908447266,51.56928253173828
2017-11-14,43.06362533569336,224.55397033691406,144.69911193847656,47.42662811279297,5.279146671295166,76.43174743652344,56.84199905395508,51.5910758972168
2017-11-15,42.73100662231445,223.43002319335938,144.01959228515625,46.985843658447266,5.175624370574951,75.8376693725586,56.33449935913086,51.33203887939453
2017-11-16,43.06362533569336,225.32940673828125,145.86009216308594,48.15210723876953,5.215799331665039,76.03871154785156,56.864498138427734,51.92934799194336
2017-11-17,42.836036682128906,224.66722106933594,145.30322265625,47.40827178955078,5.20963716506958,75.30760192871094,56.49399948120117,51.3062858581543
2017-11-20,42.906070709228516,225.0505828857422,145.1898956298828,47.98221206665039,5.276681423187256,75.42638397216797,56.31549835205078,51.24536895751953
2017-11-21,42.5647087097168,226.52304077148438,146.7661895751953,48.473514556884766,5.325236797332764,76.51396179199219,56.9744987487793,52.019996643066406
2017-11-22,42.52094650268555,226.32264709472656,146.94546508789062,48.15669250488281,5.301311492919922,75.95648956298828,57.80799865722656,52.10023498535156
2017-11-24,42.89731216430664,226.84539794921875,147.4834442138672,48.56535339355469,5.351383209228516,76.09356689453125,59.29999923706055,52.328067779541016
2017-11-27,42.78351974487305,226.73216247558594,147.41737365722656,47.81232833862305,5.281826972961426,76.65107727050781,59.791500091552734,53.09525680541992
2017-11-28,42.89731216430664,229.03233337402344,147.79495239257812,47.770999908447266,5.197224140167236,77.57415008544922,59.68000030517578,52.66337203979492
2017-11-29,42.46842956542969,228.8928680419922,145.21823120117188,45.74610137939453,4.8447585105896,76.16667938232422,58.063499450683594,51.38008499145508
2017-11-30,42.94107437133789,230.89686584472656,146.43580627441406,46.03078079223633,4.950571060180664,76.92523956298828,58.837501525878906,51.32014846801758
2017-12-01,43.422489166259766,230.41769409179688,145.81289672851562,45.63131332397461,4.87583589553833,77.00749206542969,58.11750030517578,50.770389556884766
2017-12-04,42.3633918762207,230.1388702392578,144.1328887939453,44.66249084472656,4.604024887084961,74.10120391845703,56.6974983215332,50.116607666015625
2017-12-05,42.00453567504883,229.31112670898438,144.2272491455078,44.66249084472656,4.630663871765137,74.56729125976562,57.07849884033203,50.49946594238281
2017-12-06,42.380897521972656,229.35472106933594,144.8784942626953,44.76350402832031,4.668155193328857,75.65487670898438,57.61750030517578,51.1492805480957
2017-12-07,42.46842956542969,230.07785034179688,145.3693084716797,45.20429992675781,4.735489845275879,75.38986206054688,57.989498138427734,51.73619079589844
2017-12-08,43.413726806640625,231.33248901367188,146.01104736328125,44.997676849365234,4.7231574058532715,76.91608428955078,58.099998474121094,51.974430084228516
2017-12-11,44.17522048950195,232.02955627441406,147.14364624023438,45.273170471191406,4.801346302032471,77.8940200805664,58.44599914550781,52.10270309448242
2017-12-12,44.10519790649414,232.43896484375,146.94546508789062,44.82779312133789,4.707125186920166,78.2138671875,58.25400161743164,51.944217681884766
2017-12-13,43.80760192871094,232.41293334960938,147.22866821289062,44.85533905029297,4.59218692779541,78.00366973876953,58.20650100708008,52.07398223876953
2017-12-14,43.930145263671875,231.46319580078125,147.12481689453125,44.836971282958984,4.599340438842773,77.40050506591797,58.7130012512207,52.375118255615234
2017-12-15,42.275856018066406,233.3906707763672,148.79534912109375,45.57162857055664,4.724883079528809,79.37457275390625,58.957000732421875,53.09476089477539
2017-12-18,41.75945281982422,234.87066650390625,150.0428924560547,46.37544250488281,4.881263256072998,78.94503021240234,59.52899932861328,53.743099212646484
2017-12-19,41.855735778808594,233.9686737060547,149.15383911132812,46.35215759277344,4.837111473083496,78.44235229492188,59.36899948120117,53.48009490966797
2017-12-20,41.92576599121094,233.84608459472656,148.99307250976562,46.654869079589844,4.854129791259766,78.1590576171875,58.88100051879883,53.172027587890625
2017-12-21,41.38309097290039,234.32774353027344,149.011962890625,46.16122055053711,4.831686019897461,78.14076232910156,58.737998962402344,53.03780746459961
2017-12-22,41.45310592651367,234.26637268066406,148.84176635742188,46.17985153198242,4.81639289855957,78.14990997314453,58.417999267578125,52.939247131347656
2017-12-26,41.5143928527832,233.98619079589844,148.0377655029297,45.65825271606445,4.86991548538208,78.04937744140625,58.8380012512207,52.79016876220703
2017-12-27,41.470619201660156,234.10008239746094,148.05673217773438,45.80727767944336,4.863256931304932,78.33267974853516,59.112998962402344,52.51032638549805
2017-12-28,41.5931510925293,234.5816650390625,148.23643493652344,45.974937438964844,4.868929386138916,78.34183502197266,59.30500030517578,52.29983901977539
2017-12-29,41.38309097290039,233.6971893310547,147.31900024414062,45.55113983154297,4.77273416519165,78.17733764648438,58.4734992980957,52.173526763916016
2018-01-02,40.81415939331055,235.36981201171875,149.90103149414062,46.74335861206055,4.917027473449707,78.55204010009766,59.45050048828125,53.154693603515625
2018-01-03,41.75945281982422,236.85855102539062,151.3576202392578,47.404666900634766,5.240635395050049,78.91761016845703,60.209999084472656,54.06156921386719
2018-01-04,42.170841217041016,237.85693359375,151.62242126464844,47.64683532714844,5.268261432647705,79.6122055053711,60.47949981689453,54.271568298339844
2018-01-05,42.424652099609375,239.44198608398438,153.14512634277344,47.954200744628906,5.312904357910156,80.59923553466797,61.457000732421875,54.9912223815918
2018-01-08,42.87105178833008,239.87973022460938,153.74102783203125,48.284854888916016,5.475697040557861,80.68148803710938,62.34349822998047,55.185367584228516
2018-01-09,43.10830307006836,240.42282104492188,153.75048828125,47.83311462402344,5.474215984344482,80.62663269042969,62.6349983215332,55.11504364013672
2018-01-10,42.87984085083008,240.0549774169922,153.39105224609375,47.199745178222656,5.517131805419922,80.26107025146484,62.71649932861328,54.98379135131836
2018-01-11,43.01164245605469,241.80642700195312,154.44090270996094,47.42329406738281,5.52700138092041,80.49870300292969,63.83399963378906,55.078392028808594
2018-01-12,43.50370407104492,243.3827667236328,155.575927734375,47.66546630859375,5.4998674392700195,81.88786315917969,65.26000213623047,55.999629974365234
2018-01-16,43.57400894165039,242.55081176757812,155.13136291503906,47.88434600830078,5.429079055786133,80.74544525146484,65.24299621582031,56.002098083496094
2018-01-17,44.171504974365234,244.8627471923828,156.80540466308594,49.3140754699707,5.542786598205566,82.3813705444336,64.75,56.418148040771484
2018-01-18,44.136356353759766,244.4510955810547,156.83383178710938,49.677330017089844,5.535880088806152,82.34481048583984,64.66600036621094,56.263118743896484
2018-01-19,44.443904876708984,245.56326293945312,157.3256072998047,49.72389602661133,5.675730228424072,82.25342559814453,64.72899627685547,56.63606643676758
2018-01-22,44.558128356933594,247.5600128173828,159.00918579101562,50.2129020690918,5.764033317565918,83.72483825683594,66.3655014038086,57.659332275390625
2018-01-23,44.918392181396484,248.08538818359375,160.32379150390625,50.53889846801758,5.892787456512451,83.9898910522461,68.12699890136719,58.25417709350586
2018-01-24,45.2083625793457,247.9890899658203,159.28343200683594,49.51433181762695,5.8160786628723145,83.91676330566406,67.87550354003906,58.01247024536133
2018-01-25,45.34016418457031,248.09413146972656,159.22671508789062,48.713314056396484,5.829644203186035,84.38290405273438,68.89749908447266,58.54985809326172
2018-01-26,46.35064697265625,250.96658325195312,161.66688537597656,50.26412582397461,6.001806259155273,85.9639663696289,70.10250091552734,58.81830596923828
2018-01-29,45.63892364501953,249.302734375,160.88189697265625,50.17098617553711,6.088630199432373,85.8360366821289,70.88400268554688,58.76481246948242
2018-01-30,44.777809143066406,246.7455596923828,159.5577850341797,49.1883430480957,5.986761093139648,84.75758361816406,71.89099884033203,58.31360626220703
2018-01-31,45.331382751464844,246.86813354492188,160.21978759765625,49.602821350097656,6.062730312347412,86.83222198486328,72.54450225830078,58.55381393432617
2018-02-01,45.36652755737305,246.5878448486328,158.85784912109375,49.30010223388672,5.932004451751709,86.14678192138672,69.5,58.522621154785156
2018-02-02,44.04848861694336,241.21971130371094,155.6893768310547,47.92626190185547,5.75984001159668,83.8802261352539,71.49749755859375,55.43252182006836
2018-02-05,42.255977630615234,231.13134765625,149.55108642578125,45.7653694152832,5.270974636077881,80.4255599975586,69.5,52.61879348754883
2018-02-06,43.40705871582031,235.68515014648438,153.51400756835938,47.451236724853516,5.563999176025391,83.46896362304688,72.14199829101562,53.710411071777344
2018-02-07,42.94135665893555,234.40655517578125,151.52786254882812,46.19847106933594,5.643418788909912,81.89701843261719,70.83899688720703,52.2730827331543
2018-02-08,41.157630920410156,225.61422729492188,145.13412475585938,44.358917236328125,5.365195274353027,77.69293975830078,67.5250015258789,49.91057205200195
2018-02-09,41.93964767456055,229.0032958984375,147.6405792236328,45.51853561401367,5.7243218421936035,80.59009552001953,66.9800033569336,51.82039260864258
2018-02-12,42.30868911743164,232.3660430908203,150.2604217529297,46.48255920410156,5.6244282722473145,81.45832061767578,69.3115005493164,52.230987548828125
2018-02-13,42.60744094848633,232.94400024414062,151.03599548339844,46.38941955566406,5.737887859344482,82.09806823730469,70.72550201416016,52.21018981933594
2018-02-14,43.45098876953125,236.08790588378906,153.86402893066406,47.3767204284668,5.9546966552734375,83.3835678100586,72.55249786376953,53.129432678222656
2018-02-15,44.49661636352539,239.1004638671875,156.72030639648438,47.97283172607422,6.079995155334473,85.082275390625,73.08799743652344,54.05364227294922
2018-02-16,44.558128356933594,239.17044067382812,156.02047729492188,47.87037658691406,6.0143866539001465,84.47625732421875,72.43450164794922,54.25870132446289
2018-02-20,43.83761215209961,237.67295837402344,156.33250427246094,48.82042694091797,6.143633842468262,85.13739013671875,73.4175033569336,54.65937805175781
2018-02-21,43.43341064453125,236.4907989501953,155.8879852294922,48.28951644897461,5.956915855407715,84.00797271728516,74.14600372314453,55.16259002685547
2018-02-22,43.57400894165039,236.7972869873047,155.86915588378906,48.12651062011719,5.976413726806641,84.22834014892578,74.26699829101562,54.971900939941406
2018-02-23,44.37361526489258,240.57168579101562,159.05642700195312,49.20696258544922,6.069707870483398,86.3677749633789,75.0,55.872833251953125
2018-02-26,44.962318420410156,243.3651885986328,161.16563415527344,50.19892883300781,6.085749626159668,87.61656951904297,76.09750366210938,56.645973205566406
2018-02-27,44.57571029663086,240.32640075683594,159.1699981689453,50.01264190673828,6.072915554046631,86.49630737304688,75.5989990234375,55.348812103271484
2018-02-28,44.52299118041992,237.8918914794922,158.1485137939453,49.61678695678711,5.972713470458984,86.10151672363281,75.62249755859375,54.67572021484375
2018-03-01,43.679447174072266,234.4328155517578,155.56640625,48.825077056884766,5.731089115142822,85.25672912597656,74.67250061035156,53.06554412841797
2018-03-02,44.21543502807617,235.64134216308594,156.99462890625,49.58885192871094,5.837955474853516,85.44039916992188,75.01249694824219,53.696044921875
2018-03-05,45.067771911621094,238.36488342285156,158.7349090576172,50.16166687011719,5.815989971160889,85.98213958740234,76.18049621582031,54.222042083740234
2018-03-06,45.25229263305664,238.96905517578125,159.4064178466797,50.89748764038086,5.976659774780273,85.68830108642578,76.88200378417969,54.52614212036133
2018-03-07,45.44560623168945,238.8814239501953,159.77529907226562,51.11637878417969,5.968761444091797,86.18415069580078,77.25,55.226478576660156
2018-03-08,45.80586242675781,240.03758239746094,160.65487670898438,51.13966369628906,5.952475547790527,86.70755004882812,77.59300231933594,55.93671798706055
2018-03-09,46.543968200683594,244.2146453857422,163.7760009765625,52.12696838378906,6.054897785186768,88.6449966430664,78.94450378417969,57.494895935058594
2018-03-12,46.482452392578125,243.90818786621094,164.6461181640625,52.65787887573242,6.1642327308654785,88.85614776611328,79.91950225830078,57.747005462646484
2018-03-13,46.20127487182617,242.33192443847656,162.40463256835938,51.922054290771484,6.1136369705200195,86.68914794921875,79.40899658203125,56.4582633972168
2018-03-14,45.97280502319336,241.0883331298828,162.37619018554688,51.94999313354492,6.1390581130981445,86.17497253417969,79.55000305175781,56.90303039550781
2018-03-15,46.01673889160156,240.82562255859375,162.23440551757812,51.90342712402344,6.153867244720459,86.47797393798828,79.11599731445312,56.988216400146484
2018-03-16,45.928871154785156,241.0867919921875,161.75204467773438,51.88479995727539,6.182003974914551,86.8636245727539,78.58399963378906,56.18635177612305
2018-03-19,45.64769744873047,237.82481384277344,158.30084228515625,51.04186248779297,5.948031902313232,85.2934799194336,77.24649810791016,54.485042572021484
2018-03-20,41.34213638305664,238.22923278808594,158.8218994140625,51.38648986816406,6.159791946411133,85.51383972167969,79.32550048828125,54.2735481262207
2018-03-21,41.3157844543457,237.77206420898438,158.1302947998047,51.49360275268555,6.134617328643799,84.9170150756836,79.09300231933594,54.18439483642578
2018-03-22,40.322879791259766,231.8284149169922,154.22726440429688,50.105777740478516,5.9690093994140625,82.44699096679688,77.24600219726562,52.16114807128906
2018-03-23,39.3563232421875,226.8870849609375,150.16317749023438,48.4804573059082,5.749846935272217,80.05046081542969,74.77799987792969,50.84368896484375
2018-03-26,40.841304779052734,233.09451293945312,155.74301147460938,50.40849304199219,6.033918857574463,86.11067962646484,77.79299926757812,52.20770263671875
2018-03-27,39.87473678588867,229.1291046142578,150.70314025878906,48.6713981628418,5.565974235534668,82.15315246582031,74.85250091552734,49.8724250793457
2018-03-28,39.52326202392578,228.45211791992188,148.9695281982422,47.5909538269043,5.463056564331055,82.0797119140625,71.57099914550781,49.785255432128906
2018-03-29,40.199851989746094,231.37115478515625,151.69789123535156,48.56428146362305,5.715786933898926,83.80596923828125,72.36699676513672,51.368202209472656
2018-04-02,39.54961395263672,226.3771209716797,147.32119750976562,46.78527069091797,5.455652713775635,81.28084564208984,68.59950256347656,50.15424728393555
2018-04-03,39.444183349609375,229.27854919433594,148.97898864746094,47.64683532714844,5.5617804527282715,82.37354278564453,69.60250091552734,50.453895568847656
2018-04-04,39.98896026611328,231.73165893554688,151.3284149169922,48.228973388671875,5.583745002746582,84.77926635742188,70.52850341796875,51.000205993652344
2018-04-05,40.38436508178711,233.56053161621094,152.1904754638672,47.69805908203125,5.4637980461120605,84.8251953125,72.5875015258789,51.145320892333984
2018-04-06,39.391456604003906,228.35537719726562,148.3821563720703,46.31956100463867,5.2878241539001465,82.85101318359375,70.2614974975586,50.02151107788086
2018-04-09,39.4529914855957,229.48081970214844,149.42425537109375,46.6362419128418,5.316452980041504,83.34683227539062,70.30400085449219,50.52373504638672
2018-04-10,40.2613525390625,233.1296844482422,152.72100830078125,48.061317443847656,5.624961853027344,85.2843246459961,71.81099700927734,51.33650588989258
2018-04-11,40.07682800292969,231.9075164794922,151.83998107910156,48.03803253173828,5.583745002746582,84.34769439697266,71.35250091552734,50.7698860168457
2018-04-12,40.314083099365234,233.81546020507812,153.66836547851562,48.83439254760742,5.790073871612549,85.9270248413086,72.42500305175781,51.37561798095703
2018-04-13,40.48981475830078,233.1296844482422,152.87255859375,48.37799835205078,5.713564395904541,85.46795654296875,71.53949737548828,51.3137092590332
2018-04-16,40.630985260009766,235.04635620117188,154.03782653808594,48.475791931152344,5.713317394256592,86.46878814697266,72.07499694824219,51.81197738647461
2018-04-17,41.169212341308594,237.56105041503906,157.35350036621094,49.36064910888672,5.862636089324951,88.21339416503906,75.19149780273438,53.45930099487305
2018-04-18,41.5397834777832,237.73684692382812,157.6756134033203,48.801795959472656,5.833759784698486,88.55315399169922,76.39199829101562,53.26267623901367
2018-04-19,41.310386657714844,236.41799926757812,156.2261505126953,46.626930236816406,5.652851104736328,88.25011444091797,77.84549713134766,53.959041595458984
2018-04-20,40.78980255126953,234.413330078125,153.7535858154297,46.09135818481445,5.6447062492370605,87.2309341430664,76.37449645996094,53.35826110839844
2018-04-23,40.4104118347168,234.37818908691406,153.36514282226562,45.4952507019043,5.525500774383545,87.55228424072266,75.89299774169922,53.184410095214844
2018-04-24,40.172183990478516,231.2217254638672,150.1158447265625,45.262393951416016,5.459355354309082,85.5046615600586,73.00450134277344,50.650028228759766
2018-04-25,40.36629104614258,231.793212890625,150.29579162597656,45.034202575683594,5.347304821014404,84.76090240478516,73.00849914550781,50.66736602783203
2018-04-26,40.55158233642578,234.14967346191406,153.4599609375,45.979591369628906,5.558570384979248,86.55145263671875,75.89800262451172,51.673789978027344
2018-04-27,40.172183990478516,234.36936950683594,153.55467224121094,45.68153381347656,5.585964679718018,87.98387908935547,78.63099670410156,51.08637237548828
2018-04-30,40.29570770263672,232.56698608398438,152.46522521972656,45.2484245300293,5.550671577453613,85.87196350097656,78.30650329589844,50.44894790649414
2018-05-01,40.54275131225586,232.980224609375,154.20831298828125,45.974937438964844,5.605958461761475,87.2309341430664,79.11299896240234,51.54698944091797
2018-05-02,40.15453338623047,231.41513061523438,153.2988739013672,45.64427947998047,5.585472583770752,85.8627700805664,78.48400115966797,50.81892395019531
2018-05-03,39.75749206542969,230.90518188476562,153.2799530029297,45.756046295166016,5.750339031219482,86.37696838378906,78.60399627685547,50.831302642822266
2018-05-04,40.330997467041016,233.89459228515625,156.1882781982422,46.9436149597168,5.900150775909424,87.37782287597656,79.04750061035156,52.054664611816406
2018-05-07,40.648643493652344,234.6859130859375,157.48614501953125,47.195091247558594,6.137578964233398,88.35115814208984,80.00700378417969,52.47367477416992
2018-05-08,40.53392791748047,234.6859130859375,157.3250732421875,47.5257453918457,6.180027484893799,87.97467803955078,79.61949920654297,52.43058776855469
2018-05-09,41.09862518310547,236.95436096191406,159.039794921875,48.201026916503906,6.312811374664307,89.01226043701172,80.4000015258789,53.93427658081055
2018-05-10,41.407432556152344,239.1700439453125,160.6881103515625,49.00205612182617,6.420169830322266,89.90294647216797,80.4540023803711,54.75249099731445
2018-05-11,41.310386657714844,239.89981079101562,160.53652954101562,48.62482452392578,6.2819600105285645,89.71011352539062,80.14550018310547,54.64897918701172
2018-05-14,41.310386657714844,240.0140838623047,160.811279296875,49.47241973876953,6.3024444580078125,90.01313781738281,80.0770034790039,54.80846405029297
2018-05-15,41.30155944824219,238.36106872558594,159.0302734375,48.91822052001953,6.060575485229492,89.36117553710938,78.80599975585938,53.732200622558594
2018-05-16,41.2309684753418,239.36338806152344,160.08184814453125,49.61213302612305,6.071681022644043,89.59173583984375,79.36399841308594,53.69356918334961
2018-05-17,41.063331604003906,239.16123962402344,159.46609497070312,49.28614044189453,6.1136369705200195,88.69721221923828,79.08799743652344,53.55340576171875
2018-05-18,40.86921691894531,238.5632781982422,158.64190673828125,48.690025329589844,6.069953441619873,88.86318969726562,78.71849822998047,52.977874755859375
2018-05-21,41.654483795166016,240.3570098876953,159.53237915039062,49.38859558105469,6.02799654006958,90.0067367553711,79.27300262451172,53.689605712890625
2018-05-22,40.913333892822266,239.68878173828125,159.32395935058594,49.742530822753906,5.989988327026367,89.91452026367188,79.06999969482422,53.25870132446289
2018-05-23,41.38097381591797,240.34820556640625,160.66921997070312,49.79841232299805,6.113220691680908,90.98426818847656,80.09300231933594,53.786190032958984
2018-05-24,40.99274826049805,239.85586547851562,160.62184143066406,49.94278335571289,6.116923809051514,90.66149139404297,80.15350341796875,53.76092529296875
2018-05-25,41.46918487548828,239.2843017578125,160.78285217285156,50.441097259521484,6.156190872192383,90.70761108398438,80.50749969482422,53.69308090209961
2018-05-29,40.816280364990234,236.53231811523438,160.07235717773438,50.035926818847656,6.139150619506836,90.38481903076172,80.64350128173828,52.900123596191406
2018-05-30,41.5133056640625,239.68878173828125,161.21865844726562,50.33864212036133,6.2478132247924805,91.2516860961914,81.24449920654297,53.365692138671875
2018-05-31,41.22216033935547,238.22039794921875,161.11448669433594,49.91950988769531,6.22805643081665,91.15025329589844,81.48100280761719,54.4815673828125
2018-06-01,41.77802276611328,240.55917358398438,163.6438446044922,51.00926208496094,6.362155914306641,92.94853973388672,82.0770034790039,56.2150764465332
2018-06-04,41.75153732299805,241.70220947265625,165.12171936035156,51.35853958129883,6.540706634521484,93.76009368896484,83.26349639892578,57.10857391357422
2018-06-05,41.58390426635742,241.87814331054688,165.6332550048828,51.64728927612305,6.546139240264893,94.23963928222656,84.81749725341797,57.00852584838867
2018-06-06,42.130943298339844,243.9003143310547,166.59959411621094,51.97794723510742,6.548116207122803,94.51626586914062,84.7874984741211,56.80694580078125
2018-06-07,42.06917953491211,243.87384033203125,165.24485778808594,51.56345748901367,6.492549419403076,93.03156280517578,84.46499633789062,56.18635177612305
2018-06-08,42.510337829589844,244.59487915039062,165.25428771972656,51.21417236328125,6.477238655090332,93.72322082519531,84.19950103759766,56.10165786743164
2018-06-11,42.519161224365234,244.92027282714844,165.69961547851562,51.158287048339844,6.436244010925293,93.18833923339844,84.45600128173828,56.50729751586914
2018-06-12,42.748565673828125,245.2367401123047,166.5711212158203,51.311973571777344,6.484646797180176,93.42807006835938,84.9375,56.86835861206055
2018-06-13,42.589752197265625,244.45416259765625,166.56170654296875,51.20486068725586,6.480202674865723,93.00387573242188,85.24299621582031,56.67222595214844
2018-06-14,40.498653411865234,245.0697021484375,168.24795532226562,51.284034729003906,6.591578483581543,93.5295181274414,86.19300079345703,57.458736419677734
2018-06-15,40.83392333984375,244.7570343017578,167.66053771972656,51.367855072021484,6.5508317947387695,92.33991241455078,85.79850006103516,57.41713333129883
2018-06-18,41.045684814453125,244.2535400390625,167.56375122070312,50.74846649169922,6.546634674072266,93.01311492919922,86.18949890136719,58.62118148803711
2018-06-19,40.825111389160156,243.3174285888672,167.0890655517578,50.143043518066406,6.42512845993042,93.01311492919922,86.73899841308594,58.37897872924805
2018-06-20,37.78109359741211,243.73255920410156,168.27577209472656,50.45506286621094,6.4779791831970215,93.94454193115234,87.50399780273438,58.645442962646484
2018-06-21,38.028133392333984,242.2046661376953,166.81373596191406,49.826358795166016,6.349560260772705,93.27131652832031,86.51100158691406,57.920841217041016
2018-06-22,38.91045379638672,242.64633178710938,166.44349670410156,49.640071868896484,6.1974334716796875,92.59811401367188,85.78350067138672,57.913414001464844
2018-06-25,39.069278717041016,239.34307861328125,162.6935272216797,47.84708786010742,5.905282497406006,90.73528289794922,83.15750122070312,56.42705154418945
2018-06-26,39.183990478515625,239.87307739257812,163.3580780029297,48.28951644897461,5.976158142089844,91.37158203125,84.55449676513672,56.09719467163086
2018-06-27,38.336952209472656,237.8859405517578,161.136474609375,47.106605529785156,5.821317195892334,89.95138549804688,83.02549743652344,55.32059097290039
2018-06-28,38.68105697631836,239.24598693847656,162.52261352539062,47.58163070678711,5.948252201080322,90.95661926269531,85.07250213623047,55.80794906616211
2018-06-29,38.87517166137695,239.59043884277344,162.9593048095703,47.814491271972656,5.850456237792969,90.93814849853516,84.98999786376953,55.927310943603516
2018-07-02,39.66043472290039,240.10267639160156,164.05111694335938,47.83311462402344,5.982333183288574,92.2292251586914,85.68900299072266,56.56721878051758
2018-07-03,39.45750045776367,239.2548370361328,162.15232849121094,46.994842529296875,5.848974704742432,91.34391784667969,84.697998046875,55.287899017333984
2018-07-05,40.06630325317383,241.20660400390625,164.1649932861328,48.26156997680664,5.994433879852295,91.99867248535156,84.98650360107422,56.526607513427734
2018-07-06,40.58686447143555,243.2467803955078,166.71881103515625,48.87630844116211,6.108034610748291,93.2897720336914,85.53150177001953,57.209617614746094
2018-07-09,41.2309684753418,245.43704223632812,168.21885681152344,49.24422073364258,6.155452251434326,93.92607879638672,86.95099639892578,57.81386184692383
2018-07-10,41.46037673950195,246.3203582763672,168.3422393798828,49.77513122558594,6.254234313964844,94.17507934570312,87.15350341796875,57.80693054199219
2018-07-11,42.03388977050781,244.5186004638672,167.48779296875,48.40594482421875,6.112973213195801,94.04596710205078,87.75,58.020896911621094
2018-07-12,42.48387145996094,246.7354278564453,170.3738555908203,48.992733001708984,6.204348087310791,96.08401489257812,89.83100128173828,59.49684524536133
2018-07-13,42.907386779785156,246.9296875,170.51629638671875,48.890281677246094,6.15717887878418,97.22755432128906,90.65149688720703,59.65335464477539
2018-07-16,42.92510223388672,246.70887756347656,170.10806274414062,48.74125671386719,6.129519462585449,96.74803161621094,91.12449645996094,59.26158905029297
2018-07-17,43.314849853515625,247.7068328857422,171.14285278320312,49.383934020996094,6.265100479125977,97.70708465576172,92.19650268554688,60.082275390625
2018-07-18,43.08454513549805,248.22801208496094,170.820068359375,49.88690185546875,6.215954303741455,96.94168090820312,92.14600372314453,60.073856353759766
2018-07-19,42.90737533569336,247.2918701171875,169.96566772460938,49.72389602661133,6.224104404449463,96.27769470214844,90.64849853515625,59.389869689941406
2018-07-20,42.97825622558594,247.00918579101562,169.92770385742188,49.67267608642578,6.195953845977783,98.00222778320312,90.68499755859375,59.329437255859375
2018-07-23,43.11110305786133,247.4684295654297,170.4688262939453,49.640071868896484,6.159401893615723,99.5699691772461,90.0999984741211,59.979251861572266
2018-07-24,43.11110305786133,248.71372985839844,171.17135620117188,49.02067947387695,6.142114639282227,99.2840805053711,91.46199798583984,62.314537048339844
2018-07-25,43.35912322998047,250.833251953125,173.5637664794922,49.26750564575195,6.220152854919434,102.20742797851562,93.18049621582031,63.195648193359375
2018-07-26,43.28826904296875,250.24156188964844,170.9340362548828,49.9940185546875,6.29349946975708,101.09158325195312,90.4000015258789,63.66914749145508
2018-07-27,43.075679779052734,248.5459442138672,168.6270294189453,49.747188568115234,6.223859786987305,99.30252075195312,90.8635025024414,62.05401611328125
2018-07-30,42.27847671508789,247.2476043701172,166.244140625,49.4072151184082,6.029007434844971,97.17224884033203,88.96099853515625,60.92228317260742
2018-07-31,42.23419189453125,248.4663848876953,167.51622009277344,49.3140754699707,6.047036647796631,97.82699584960938,88.87200164794922,60.78261947631836
2018-08-01,41.941890716552734,248.05128479003906,168.1523895263672,49.52830123901367,6.086796283721924,98.01141357421875,89.8584976196289,61.06840133666992
2018-08-02,42.42905807495117,249.40260314941406,170.4403076171875,50.026611328125,6.189284324645996,99.20106506347656,91.71649932861328,61.471553802490234
2018-08-03,42.933956146240234,250.47129821777344,170.9624481201172,50.105777740478516,6.225834846496582,99.63450622558594,91.16449737548828,61.32445526123047
2018-08-06,43.11110305786133,251.38975524902344,171.9688262939453,50.37124252319336,6.273498058319092,99.71749114990234,92.38749694824219,61.30018615722656
2018-08-07,42.94281768798828,252.22000122070312,172.59539794921875,50.711212158203125,6.34561014175415,100.4091567993164,93.1240005493164,62.20012283325195
2018-08-08,42.863094329833984,252.11398315429688,172.8042755126953,50.86955642700195,6.3819122314453125,100.97167205810547,94.32599639892578,62.472042083740234
2018-08-09,42.99595260620117,251.76951599121094,172.69984436035156,50.375892639160156,6.33350944519043,101.13768005371094,94.9260025024414,62.62705612182617
2018-08-10,42.801082611083984,250.08267211914062,171.38018798828125,49.192989349365234,6.292266845703125,100.5197982788086,94.31500244140625,62.03519058227539
2018-08-13,42.526493072509766,249.146484375,171.19036865234375,49.248870849609375,6.32511043548584,99.79129028320312,94.80999755859375,61.8435173034668
2018-08-14,42.72136688232422,250.7362060546875,172.26312255859375,49.1324462890625,6.4562458992004395,101.03623962402344,95.98249816894531,62.314048767089844
2018-08-15,42.375919342041016,248.8638153076172,170.15550231933594,48.31745147705078,6.398211479187012,99.66614532470703,94.13099670410156,61.030250549316406
2018-08-16,42.6062126159668,250.87745666503906,170.71566772460938,48.242942810058594,6.357708930969238,99.64762878417969,94.32599639892578,60.626102447509766
2018-08-17,42.836517333984375,251.7606964111328,170.7535858154297,47.888999938964844,6.046047687530518,99.59207916259766,94.11100006103516,60.2194709777832
2018-08-20,42.88966751098633,252.2994842529297,170.60171508789062,47.82380676269531,6.12062931060791,98.93480682373047,93.83550262451172,60.52159118652344
2018-08-21,42.88080978393555,252.89117431640625,171.2283172607422,48.81111145019531,6.2559638023376465,98.11087036132812,94.1709976196289,60.29673385620117
2018-08-22,43.22625732421875,252.74111938476562,171.89283752441406,48.992733001708984,6.490574359893799,99.11068725585938,95.24500274658203,60.51169204711914
2018-08-23,43.36798858642578,252.4053497314453,171.64605712890625,49.053279876708984,6.589850902557373,99.57355499267578,95.1449966430664,60.482460021972656
2018-08-24,43.63372039794922,253.9246063232422,173.24099731445312,49.80307388305664,6.722715854644775,100.35118865966797,95.26950073242188,61.25462341308594
2018-08-27,43.69572830200195,255.929443359375,175.00682067871094,50.580806732177734,6.813596725463867,101.46209716796875,96.38400268554688,62.22142028808594
2018-08-28,43.08454513549805,256.0530700683594,175.26315307617188,50.77174758911133,6.776057720184326,102.07308959960938,96.64099884033203,61.7058219909668
2018-08-29,43.30598068237305,257.43072509765625,177.28526306152344,51.06049346923828,6.881321430206299,103.70240020751953,99.90499877929688,62.6364631652832
2018-08-30,42.85424041748047,256.3885498046875,176.97201538085938,50.51560974121094,6.864518642425537,103.63760375976562,100.11900329589844,62.13078308105469
2018-08-31,43.03139114379883,256.3973388671875,177.1998291015625,50.734493255615234,6.935434341430664,103.98939514160156,100.635498046875,61.009456634521484
2018-09-04,43.03139114379883,255.9558563232422,176.44032287597656,51.1024055480957,7.010056018829346,103.41541290283203,101.97550201416016,59.99460983276367
2018-09-05,42.55307388305664,255.2670440673828,174.16184997558594,50.822975158691406,6.879591941833496,100.43450164794922,99.74099731445312,59.389869689941406
2018-09-06,42.26076126098633,254.49859619140625,172.60488891601562,49.505027770996094,6.738746643066406,100.66595458984375,97.91549682617188,58.6414909362793
2018-09-07,42.34934997558594,254.00405883789062,171.94032287597656,49.28614044189453,6.7174973487854,100.17530059814453,97.60350036621094,58.32450866699219
2018-09-10,43.2794189453125,254.44549560546875,172.5194854736328,49.76581573486328,6.788412094116211,101.2583999633789,96.95050048828125,58.19919204711914
2018-09-11,43.33256149291992,255.28465270996094,173.8485565185547,49.141761779785156,6.740724086761475,102.98031616210938,99.35749816894531,58.938663482666016
2018-09-12,43.70458984375,255.34645080566406,173.3358917236328,48.57825469970703,6.6270599365234375,103.41541290283203,99.5,58.02782440185547
2018-09-13,43.36798858642578,256.856689453125,175.18722534179688,49.17436218261719,6.704648494720459,104.52632904052734,99.49349975585938,58.54985809326172
2018-09-14,43.62487030029297,256.9009094238281,174.67453002929688,49.68198776245117,6.830418586730957,104.95216369628906,98.5094985961914,58.343814849853516
2018-09-17,43.5628662109375,255.54078674316406,172.15872192382812,49.01136779785156,6.768645286560059,103.8134765625,95.40149688720703,57.44487380981445
2018-09-18,43.429988861083984,256.9273376464844,173.5827178955078,49.383934020996094,6.696739673614502,104.80403137207031,97.05249786376953,57.805442810058594
2018-09-19,43.7843132019043,257.2011413574219,173.4497833251953,49.49570846557617,6.720461845397949,103.40615844726562,96.32099914550781,58.160072326660156
2018-09-20,44.67009353637695,259.285400390625,175.36756896972656,50.13373565673828,6.579617977142334,105.13731384277344,97.21499633789062,59.016910552978516
2018-09-21,45.26356887817383,259.0484313964844,174.40870666503906,49.882240295410156,6.50969123840332,105.77608489990234,95.75050354003906,58.05358123779297
2018-09-24,45.3875846862793,258.18804931640625,174.8937225341797,50.23618698120117,6.565286159515381,106.1556396484375,96.71800231933594,58.42206573486328
2018-09-25,45.812747955322266,257.9484558105469,175.13153076171875,49.43516540527344,6.632249355316162,105.95198822021484,98.72750091552734,59.13182067871094
2018-09-26,45.7330436706543,257.1766357421875,175.25514221191406,48.99739074707031,6.595432281494141,105.51689910888672,98.74250030517578,59.140235900878906
2018-09-27,45.78617858886719,257.895263671875,176.7388153076172,49.30476379394531,6.607293605804443,105.91495513916016,100.64900207519531,59.79896545410156
2018-09-28,45.6710319519043,257.92181396484375,176.7008056640625,49.57487869262695,6.9438347816467285,105.87789916992188,100.1500015258789,59.785099029541016
2018-10-01,45.88361358642578,258.8179016113281,177.06219482421875,49.70528030395508,7.149912357330322,107.02584075927734,100.21800231933594,59.85691833496094
2018-10-02,44.49293518066406,258.6670837402344,176.66281127929688,49.66801834106445,7.07874870300293,106.59999084472656,98.56549835205078,59.81283187866211
2018-10-03,44.0677604675293,258.80908203125,176.85296630859375,49.85896301269531,7.084925651550293,106.61853790283203,97.63800048828125,60.00550842285156
2018-10-04,43.819740295410156,256.7863464355469,173.45761108398438,48.736595153808594,6.901088237762451,104.41521453857422,95.47100067138672,58.298744201660156
2018-10-05,43.71345138549805,255.34906005859375,171.3367156982422,47.62820053100586,6.668078899383545,103.80423736572266,94.48249816894531,57.84109878540039
2018-10-08,43.72229766845703,255.34906005859375,170.29051208496094,47.06935501098633,6.567017078399658,102.6192626953125,93.22100067138672,57.251216888427734
2018-10-09,43.28826904296875,254.9764404296875,170.84217834472656,46.980865478515625,6.561334609985352,103.92456817626953,93.51599884033203,56.718780517578125
2018-10-10,41.98619079589844,246.9029998779297,163.32867431640625,44.8479118347168,6.070852756500244,98.27751922607422,87.76249694824219,54.09326171875
2018-10-11,41.436981201171875,241.46458435058594,161.30282592773438,44.452056884765625,5.809920310974121,98.04610443115234,85.96800231933594,54.02293395996094
2018-10-12,41.96846389770508,244.8181610107422,165.7919464111328,45.332244873046875,6.091855049133301,101.43431091308594,89.43049621582031,55.498897552490234
2018-10-15,41.90620422363281,243.4430389404297,163.78512573242188,44.83859634399414,5.816098690032959,99.61060333251953,88.04750061035156,54.60242462158203
2018-10-16,42.89338302612305,248.76611328125,168.550048828125,46.35681915283203,6.074310779571533,102.75814056396484,90.99800109863281,56.119972229003906
2018-10-17,42.5643196105957,248.81045532226562,168.61659240722656,46.12862014770508,6.005866527557373,102.48968505859375,91.58650207519531,55.84806823730469
2018-10-18,42.13743591308594,245.21746826171875,164.70770263671875,44.927085876464844,5.918642997741699,100.44377899169922,88.53600311279297,54.3780517578125
2018-10-19,42.324195861816406,245.0843048095703,164.5554962158203,44.27975082397461,5.66265344619751,100.59188842773438,88.20149993896484,54.738128662109375
2018-10-22,42.635467529296875,243.9842529296875,165.4020233154297,44.51725387573242,5.713306427001953,101.4898681640625,89.46499633789062,55.04471206665039
2018-10-23,42.67993927001953,242.7420654296875,164.79335021972656,44.34028625488281,5.462259769439697,100.0734634399414,88.43499755859375,55.220035552978516
2018-10-24,41.58602523803711,235.3874053955078,157.25131225585938,41.36439895629883,4.92730188369751,94.7226333618164,83.20999908447266,52.3577766418457
2018-10-25,42.653255462646484,239.61036682128906,162.69140625,42.53333282470703,5.13560152053833,100.25862121582031,89.1084976196289,54.65937805175781
2018-10-26,42.08406448364258,235.39625549316406,158.5066375732422,41.764915466308594,4.899625778198242,99.01810455322266,82.1405029296875,53.676727294921875
2018-10-29,41.8172607421875,234.092041015625,155.2445068359375,41.28523254394531,4.586557865142822,96.13902282714844,76.94400024414062,51.24883270263672
2018-10-30,43.19575500488281,237.56100463867188,157.8028564453125,43.040958404541016,5.016006946563721,96.0279541015625,76.52100372314453,51.980865478515625
2018-10-31,43.435890197753906,240.09837341308594,161.51206970214844,43.525291442871094,5.2094831466674805,98.87924194335938,79.90049743652344,54.01500701904297
2018-11-01,43.21353530883789,242.65341186523438,163.6425018310547,45.625648498535156,5.389367580413818,98.05533599853516,83.27649688720703,53.78717803955078
2018-11-02,43.426979064941406,241.21612548828125,161.09356689453125,44.899147033691406,5.310543537139893,98.27751922607422,83.27649688720703,53.06950759887695
2018-11-05,43.5959587097168,242.5469970703125,160.69418334960938,44.48465347290039,5.232708930969238,99.52725219726562,81.38999938964844,52.28893280029297
2018-11-06,43.80051803588867,244.08180236816406,161.9115753173828,44.94571304321289,5.215165615081787,99.7216796875,82.1405029296875,52.97441101074219
2018-11-07,44.698760986328125,249.3072967529297,166.99026489257812,45.49990463256836,5.282622337341309,103.64685821533203,87.77449798583984,54.889686584472656
2018-11-08,44.84994888305664,248.85487365722656,165.92510986328125,45.29034423828125,5.089889049530029,103.45245361328125,87.74549865722656,54.215606689453125
2018-11-09,45.010032653808594,246.42393493652344,163.12890625,44.47068786621094,5.081982612609863,101.43431091308594,85.62149810791016,53.343406677246094
2018-11-12,43.77382278442383,241.8195343017578,158.19284057617188,42.524017333984375,4.683420658111572,98.93480682373047,81.84249877929688,51.97343444824219
2018-11-13,44.031742095947266,241.36697387695312,158.3260040283203,43.073551177978516,4.924830436706543,98.99961853027344,81.55850219726562,51.90459442138672
2018-11-14,43.435890197753906,239.7168731689453,157.11810302734375,43.29710006713867,4.872446060180664,97.595703125,79.95050048828125,52.23197555541992
2018-11-15,45.02781677246094,242.21875,159.86671447753906,44.666290283203125,5.000935077667236,99.74336242675781,80.97200012207031,53.0477180480957
2018-11-16,45.50807189941406,242.84860229492188,159.30555725097656,43.90717697143555,4.062966346740723,100.68244934082031,79.67050170898438,52.9100227355957
2018-11-19,44.06732177734375,238.74095153808594,154.1317138671875,42.25856399536133,3.5754504203796387,97.270263671875,75.614501953125,50.88676834106445
2018-11-20,42.98231506347656,234.3227996826172,151.3736114501953,42.221309661865234,3.6836767196655273,94.56468963623047,74.77300262451172,51.0368537902832
2018-11-21,43.240230560302734,235.12123107910156,152.52438354492188,42.4075927734375,3.575697183609009,95.86634063720703,75.83650207519531,51.67973327636719
2018-11-23,43.31138610839844,233.55088806152344,151.421142578125,42.347049713134766,3.5828633308410645,95.82917022705078,75.10299682617188,51.0195198059082
2018-11-26,42.9200553894043,237.32139587402344,154.92115783691406,43.18998718261719,3.781773567199707,98.99030303955078,79.06649780273438,52.299339294433594
2018-11-27,42.1907958984375,238.1199188232422,155.44422912597656,43.25518798828125,3.798576831817627,99.61322784423828,79.07099914550781,52.11805725097656
2018-11-28,42.85780715942383,243.6027069091797,160.44686889648438,44.40083312988281,3.9552338123321533,103.31362915039062,83.88749694824219,54.0749397277832
2018-11-29,42.599891662597656,243.0703887939453,159.92379760742188,43.981693267822266,3.8921613693237305,102.44896697998047,83.67849731445312,54.21311950683594
2018-11-30,43.3647346496582,244.5519561767578,161.08409118652344,45.0574836730957,4.04229736328125,103.09980010986328,84.50849914550781,54.95952606201172
2018-12-03,44.31633377075195,247.79022216796875,163.89926147460938,45.84918975830078,4.2057905197143555,104.2154769897461,88.61799621582031,55.29185485839844
2018-12-04,43.3558349609375,239.76116943359375,157.61265563964844,43.595157623291016,3.8859784603118896,100.89627838134766,83.41999816894531,52.62276077270508
2018-12-06,41.51488494873047,239.3974609375,158.7253875732422,43.339012145996094,3.915163993835449,101.51923370361328,84.95950317382812,53.39590835571289
2018-12-07,40.910125732421875,233.8348846435547,153.48497009277344,41.6950569152832,3.6510040760040283,97.45620727539062,81.45649719238281,51.83574676513672
2018-12-10,41.505985260009766,234.2783966064453,155.09228515625,42.17939376831055,3.7561233043670654,100.03160858154297,82.05149841308594,52.16263198852539
2018-12-11,41.31923294067383,234.33164978027344,155.60586547851562,42.38896942138672,3.6653494834899902,100.96139526367188,82.16200256347656,52.5821418762207
2018-12-12,42.08406448364258,235.51161193847656,156.97543334960938,43.031646728515625,3.682910442352295,101.41696166992188,83.177001953125,53.18045425415039
2018-12-13,42.00403594970703,235.43173217773438,157.02297973632812,42.887271881103516,3.682663917541504,101.76093292236328,82.91899871826172,53.17103958129883
2018-12-14,41.44373321533203,231.08453369140625,153.1996612548828,42.221309661865234,3.622312068939209,98.58120727539062,79.59549713134766,52.08982467651367
2018-12-17,40.66999816894531,226.551025390625,149.72825622558594,41.82080078125,3.5513250827789307,95.66181945800781,76.04550170898438,50.79910659790039
2018-12-18,40.77672576904297,226.30262756347656,150.66978454589844,42.323760986328125,3.634432315826416,96.66595458984375,77.5739974975586,51.678741455078125
2018-12-19,41.31033706665039,222.91357421875,146.97007751464844,40.488868713378906,3.4259233474731445,96.40560150146484,74.75399780273438,51.28498840332031
2018-12-20,41.12356948852539,219.2850341796875,144.83966064453125,40.16514587402344,3.3415799140930176,94.3787612915039,73.04149627685547,50.69657897949219
2018-12-21,39.13141632080078,214.7919921875,140.35064697265625,39.472164154052734,3.204800844192505,91.32918548583984,68.87249755859375,49.0953254699707
2018-12-24,37.96636962890625,209.1165771484375,136.8701934814453,38.427921295166016,3.143211841583252,87.5172119140625,67.197998046875,48.769432067871094
2018-12-26,39.6561393737793,219.68209838867188,145.41619873046875,40.587589263916016,3.2921111583709717,93.4954833984375,73.54499816894531,51.898651123046875
2018-12-27,39.99410629272461,221.36866760253906,145.9789581298828,40.943580627441406,3.2443747520446777,94.07192993164062,73.08200073242188,52.14876937866211
2018-12-28,39.86069107055664,221.08314514160156,145.90269470214844,41.22362518310547,3.305715560913086,93.3374252319336,73.9010009765625,51.8406982421875
2018-12-31,40.154170989990234,223.01959228515625,147.13302612304688,41.427730560302734,3.3020055294036865,94.4345474243164,75.09850311279297,51.75551223754883
2019-01-02,40.21643829345703,223.25152587890625,147.72442626953125,41.731502532958984,3.369281768798828,94.01616668701172,76.95649719238281,52.236934661865234
2019-01-03,39.82511901855469,217.92416381835938,142.898193359375,39.22533416748047,3.165719985961914,90.55750274658203,75.01399993896484,50.790199279785156
2019-01-04,41.54155731201172,225.22373962402344,149.0120086669922,41.05274963378906,3.368539810180664,94.76921081542969,78.76950073242188,53.395408630371094
2019-01-07,42.199684143066406,226.99951171875,150.78610229492188,41.84542465209961,3.546872615814209,94.89012908935547,81.47550201416016,53.28891372680664
2019-01-08,42.58210372924805,229.1322479248047,152.1500244140625,41.60334777832031,3.4585719108581543,95.57814025878906,82.8290023803711,53.75697326660156
2019-01-09,42.49317169189453,230.20310974121094,153.38998413085938,42.666568756103516,3.5265915393829346,96.94486236572266,82.97100067138672,53.572723388671875
2019-01-10,42.528751373291016,231.01515197753906,153.82867431640625,43.107994079589844,3.592136859893799,96.3219223022461,82.81099700927734,53.43305206298828
2019-01-11,42.946739196777344,231.1044158935547,153.26600646972656,43.4639892578125,3.6811797618865967,95.57814025878906,82.02799987792969,52.72180938720703
2019-01-14,42.848907470703125,229.69442749023438,151.9115753173828,42.718788146972656,3.721001386642456,94.88082885742188,80.8604965209961,52.07992935180664
2019-01-15,43.19712448120117,232.32693481445312,154.8778839111328,42.832698822021484,3.7069029808044434,97.63287353515625,83.72799682617188,53.81342315673828
2019-01-16,42.911415100097656,232.88905334472656,154.84930419921875,42.495697021484375,3.681426763534546,97.97686767578125,84.18900299072266,53.96200942993164
2019-01-17,43.375701904296875,234.65602111816406,156.07017517089844,43.02256393432617,3.7526612281799316,98.6648941040039,84.66100311279297,54.43798065185547
2019-01-18,43.991790771484375,237.77926635742188,157.6153106689453,44.085784912109375,3.881525754928589,100.1431655883789,84.80999755859375,54.8431282043457
2019-01-22,43.697139739990234,234.56674194335938,154.458251953125,42.808963775634766,3.6796953678131104,98.25582122802734,81.6084976196289,53.42314147949219
2019-01-23,43.964996337890625,235.0575408935547,154.65858459472656,42.638092041015625,3.6925573348999023,99.21344757080078,82.0009994506836,53.709415435791016
2019-01-24,43.929283142089844,235.18247985839844,155.66001892089844,45.149009704589844,3.904033899307251,98.73927307128906,82.74649810791016,53.68910598754883
2019-01-25,44.46500778198242,237.17242431640625,157.51991271972656,45.98914337158203,3.9611685276031494,99.64112854003906,83.52850341796875,54.55635070800781
2019-01-28,44.21500015258789,235.36985778808594,155.57418823242188,45.13002014160156,3.4135560989379883,97.69795227050781,81.89450073242188,53.48405838012695
2019-01-29,44.29536819458008,235.0575408935547,154.10531616210938,44.53196334838867,3.2550108432769775,95.70828247070312,79.69400024414062,52.99867630004883
2019-01-30,44.96501159667969,238.7787628173828,158.025390625,45.87997817993164,3.398221254348755,98.9066162109375,83.52149963378906,54.382022857666016
2019-01-31,44.848941802978516,240.875732421875,160.39083862304688,45.846744537353516,3.555529832839966,97.09362030029297,85.9365005493164,55.76386260986328
2019-02-01,45.3668098449707,240.9917449951172,159.71368408203125,46.43056869506836,3.5797698497772217,95.55953216552734,81.3115005493164,55.4037971496582
2019-02-04,45.563236236572266,242.687255859375,161.6975860595703,46.65840530395508,3.689836263656616,98.31156921386719,81.66549682617188,56.533050537109375
2019-02-05,45.75075149536133,243.70455932617188,163.1282501220703,46.919464111328125,3.7088820934295654,99.68760681152344,82.94049835205078,57.05062484741211
2019-02-06,45.768611907958984,243.3833465576172,162.64183044433594,48.08236312866211,3.784320116043091,98.58120727539062,82.01300048828125,55.61528396606445
2019-02-07,44.84002685546875,241.0631866455078,160.45761108398438,47.04762268066406,3.64630389213562,97.87460327148438,80.71849822998047,54.77428436279297
2019-02-08,45.563236236572266,241.35765075683594,160.77236938476562,46.919464111328125,3.6648552417755127,98.24649810791016,79.41100311279297,54.599449157714844
2019-02-11,45.74181365966797,241.49147033691406,160.61973571777344,47.12356948852539,3.622312068939209,97.85600280761719,79.55000305175781,54.586570739746094
2019-02-12,45.73289108276367,244.596923828125,162.9947509765625,48.17254638671875,3.7390573024749756,99.38080596923828,81.90049743652344,55.847572326660156
2019-02-13,45.91144943237305,245.39111328125,163.10919189453125,48.286468505859375,3.7813527584075928,99.3064193725586,82.0,55.899574279785156
2019-02-14,45.96503448486328,244.8467559814453,163.30947875976562,48.428863525390625,3.8221638202667236,99.39010620117188,81.13249969482422,55.92781066894531
2019-02-15,46.1793212890625,247.51498413085938,163.99620056152344,48.67567825317383,3.8916666507720947,100.6173324584961,80.39749908447266,55.453819274902344
2019-02-19,46.44719314575195,247.9432830810547,164.32046508789062,48.61872863769531,3.8743526935577393,100.57086944580078,81.37899780273438,55.79457473754883
2019-02-20,46.223968505859375,248.44302368164062,164.29188537597656,49.060150146484375,3.9215948581695557,100.0479965209961,81.1050033569336,55.501365661621094
2019-02-21,46.527549743652344,247.5596160888672,163.69097900390625,48.756370544433594,3.852834463119507,102.15819549560547,80.97200012207031,54.690086364746094
2019-02-22,46.857913970947266,249.0944061279297,164.90234375,49.44936752319336,3.937425136566162,103.61479949951172,81.5780029296875,55.301761627197266
2019-02-25,46.929344177246094,249.43350219726562,165.5032501220703,49.90028381347656,3.925057888031006,104.19367980957031,81.6500015258789,55.339900970458984
2019-02-26,46.96503829956055,249.25503540039062,165.67491149902344,49.5775146484375,3.8857309818267822,104.91265869140625,81.81999969482422,55.571685791015625
2019-02-27,46.768611907958984,249.14797973632812,165.56997680664062,49.069644927978516,3.8439297676086426,104.7352523803711,82.05449676513672,55.61528396606445
2019-02-28,46.5453987121582,248.6839141845703,165.18844604492188,49.0459098815918,3.8194174766540527,104.60453796386719,81.99150085449219,55.79655838012695
2019-03-01,46.88468933105469,250.23666381835938,166.33297729492188,49.496829986572266,3.8736417293548584,105.0713882446289,83.58650207519531,56.88470458984375
2019-03-04,46.46503829956055,249.326416015625,166.36163330078125,49.52056884765625,3.881812810897827,104.81932067871094,84.80850219726562,57.127403259277344
2019-03-05,46.75075912475586,248.98739624023438,166.48561096191406,49.28798294067383,3.8753747940063477,104.29641723632812,84.62149810791016,57.90846252441406
2019-03-06,46.74182891845703,247.47923278808594,165.54139709472656,48.45733642578125,3.7646992206573486,104.34310150146484,83.44750213623047,57.697967529296875
2019-03-07,46.94718933105469,245.4090118408203,163.50975036621094,47.930484771728516,3.6956193447113037,103.07325744628906,81.29750061035156,57.000099182128906
2019-03-08,47.116844177246094,244.9181671142578,163.2617645263672,47.916236877441406,3.729787588119507,103.185302734375,81.04000091552734,56.95651626586914
2019-03-11,47.01861572265625,248.46978759765625,166.6573028564453,48.93674087524414,3.989764928817749,105.35151672363281,83.53099822998047,58.40721893310547
2019-03-12,47.143619537353516,249.40675354003906,167.5729522705078,49.17881393432617,4.023933410644531,106.08914947509766,83.65499877929688,59.298240661621094
2019-03-13,47.37577819824219,251.05763244628906,168.83197021484375,49.37816619873047,4.174966335296631,106.91082763671875,84.54049682617188,59.38787841796875
2019-03-14,47.36684036254883,250.89700317382812,168.5458221435547,49.102867126464844,4.099201202392578,106.99485778808594,84.31099700927734,59.064456939697266
2019-03-15,47.26861572265625,252.13662719726562,170.11009216308594,50.417659759521484,4.20443058013916,108.22736358642578,85.61799621582031,58.95401382446289
2019-03-18,47.73291015625,253.05088806152344,170.5152130126953,50.280006408691406,4.183136940002441,109.77735137939453,87.10749816894531,58.86734390258789
2019-03-19,48.25078201293945,253.11351013183594,171.0885467529297,50.85908508300781,4.350511074066162,109.85203552246094,88.09249877929688,59.55628204345703
2019-03-20,47.000762939453125,252.35171508789062,171.76698303222656,50.422401428222656,4.318077564239502,109.73067474365234,89.8635025024414,60.74348449707031
2019-03-21,48.25078201293945,255.201904296875,174.45205688476562,52.159637451171875,4.55428409576416,112.25170135498047,90.96299743652344,61.22391128540039
2019-03-22,47.116844177246094,250.2902374267578,170.62033081054688,50.66923141479492,4.394832134246826,109.29178619384766,88.2385025024414,59.813331604003906
2019-03-25,47.090049743652344,250.10203552246094,170.29542541503906,50.0284423828125,4.3027262687683105,109.86138916015625,88.71299743652344,59.30467987060547
2019-03-26,47.57220458984375,251.96629333496094,171.0885467529297,50.49359893798828,4.379232883453369,110.09481811523438,89.18800354003906,58.93122100830078
2019-03-27,47.15255355834961,250.64871215820312,169.98963928222656,49.757896423339844,4.370072364807129,109.0303726196289,88.28500366210938,58.345306396484375
2019-03-28,47.49184036254883,251.59881591796875,170.3814239501953,49.6629638671875,4.388641834259033,109.17976379394531,88.6709976196289,58.06100082397461
2019-03-29,47.95613479614258,253.18519592285156,171.67140197753906,50.469871520996094,4.445837020874023,110.1228256225586,89.0374984741211,58.28983688354492
2019-04-01,48.732940673828125,256.1878356933594,173.945556640625,51.71345901489258,4.513181686401367,111.13123321533203,90.70950317382812,59.38392639160156
2019-04-02,48.34900665283203,256.31329345703125,174.60487365722656,51.75617980957031,4.531008720397949,111.28996276855469,90.6989974975586,59.70882797241211
2019-04-03,48.268646240234375,256.7166748046875,175.6082305908203,52.96179962158203,4.6701579093933105,112.01825714111328,91.03500366210938,59.969844818115234
2019-04-04,48.05433654785156,257.3978271484375,175.54132080078125,53.01875305175781,4.661244869232178,111.44872283935547,90.94300079345703,60.39777374267578
2019-04-05,48.15256118774414,258.6436462402344,176.44906616210938,53.41747283935547,4.727848529815674,111.94356536865234,91.86399841308594,60.00153732299805
2019-04-08,47.96506118774414,258.8408203125,176.89817810058594,53.526634216308594,4.748645782470703,111.9809341430664,92.49299621582031,59.84453582763672
2019-04-09,48.06328201293945,257.5143737792969,176.27706909179688,52.942813873291016,4.686004161834717,111.37401580810547,91.79199981689453,59.56767272949219
2019-04-10,48.40410232543945,258.39276123046875,177.2230682373047,53.369998931884766,4.756320953369141,112.22370147705078,92.36650085449219,59.7538948059082
2019-04-11,48.24264907836914,258.321044921875,176.80262756347656,53.31779098510742,4.742457866668701,112.35440826416016,92.20349884033203,59.909420013427734
2019-04-12,48.87943649291992,260.06884765625,177.56707763671875,54.06774139404297,4.704574108123779,112.93330383300781,92.15299987792969,60.56023025512695
2019-04-15,48.99602508544922,259.89849853515625,177.5957489013672,53.67852020263672,4.5731000900268555,113.02669525146484,92.24349975585938,60.748435974121094
2019-04-16,48.960147857666016,260.06884765625,178.20730590820312,54.98856735229492,4.660006523132324,112.7652359008789,93.1520004272461,61.01490783691406
2019-04-17,48.86149597167969,259.43243408203125,178.8284149169922,55.80022430419922,4.6372270584106445,113.69895935058594,93.24099731445312,61.422523498535156
2019-04-18,48.897369384765625,259.94329833984375,179.05764770507812,55.880916595458984,4.612716197967529,115.19291687011719,93.08450317382812,61.48839569091797
2019-04-22,48.9870491027832,260.1673583984375,179.56410217285156,55.838199615478516,4.666443824768066,115.55706787109375,94.3655014038086,62.09710693359375
2019-04-23,49.2740478515625,262.5066833496094,181.84788513183594,56.28911590576172,4.7209153175354,117.12571716308594,96.1884994506836,62.93067169189453
2019-04-24,49.48931121826172,261.9241638183594,181.2745819091797,56.768516540527344,4.733295917510986,116.7242202758789,95.0875015258789,62.40863800048828
2019-04-25,49.33683776855469,261.7628173828125,182.0102996826172,55.648338317871094,4.627819061279297,120.58977508544922,95.11250305175781,62.76969909667969
2019-04-26,49.69559097290039,262.9817199707031,182.1727752685547,54.969581604003906,4.4094390869140625,121.28076171875,97.53150177001953,63.26895523071289
2019-04-29,49.399635314941406,263.39404296875,182.52630615234375,54.68004608154297,4.4401421546936035,121.16868591308594,96.92150115966797,64.1990966796875
2019-04-30,49.623844146728516,263.5284118652344,181.11212158203125,55.17842483520508,4.481489181518555,121.94371795654297,96.32599639892578,59.382930755615234
2019-05-01,49.220245361328125,261.5476379394531,180.5292205810547,54.7559928894043,4.468367576599121,119.40397644042969,95.57599639892578,58.11301803588867
2019-05-02,48.969120025634766,260.98297119140625,179.7456817626953,55.27335739135742,4.5357136726379395,117.8447036743164,95.04100036621094,57.775726318359375
2019-05-03,49.139522552490234,263.53741455078125,182.61227416992188,55.766998291015625,4.531257629394531,120.35638427734375,98.12300109863281,58.916866302490234
2019-05-06,49.19334411621094,262.45294189453125,181.4943084716797,54.8746452331543,4.453017234802246,119.65608978271484,97.52749633789062,59.11051940917969
2019-05-07,48.43099594116211,258.07000732421875,177.95883178710938,53.6215705871582,4.286137104034424,117.20040130615234,96.05000305175781,58.38740921020508
2019-05-08,48.42204284667969,257.7115478515625,177.50973510742188,53.23709487915039,4.306191921234131,117.19108581542969,95.88849639892578,57.98720932006836
2019-05-09,48.655216217041016,256.9317626953125,176.55421447753906,52.487144470214844,4.213837623596191,117.18172454833984,94.99349975585938,57.848026275634766
2019-05-10,49.01396942138672,258.2223815917969,176.77395629882812,52.43018341064453,4.179917335510254,118.70367431640625,94.4990005493164,57.831687927246094
2019-05-13,47.91979217529297,251.7332305908203,170.63946533203125,49.99995803833008,3.923161268234253,115.17424011230469,91.13400268554688,56.29381561279297
2019-05-14,48.54759216308594,254.0098419189453,172.5122833251953,51.28152847290039,4.012047290802002,116.46278381347656,92.00599670410156,55.71285629272461
2019-05-15,48.93324279785156,255.4976806640625,174.94886779785156,51.75617980957031,3.951138973236084,118.10282897949219,93.55750274658203,57.98820114135742
2019-05-16,49.0049934387207,257.8639221191406,176.7070770263672,51.02521514892578,3.9662423133850098,120.82999420166016,95.37850189208984,58.666744232177734
2019-05-17,48.87943649291992,256.19683837890625,174.90110778808594,50.04268264770508,3.8756215572357178,120.02406311035156,93.44999694824219,57.88814926147461
2019-05-20,48.12605285644531,254.5028076171875,171.94851684570312,48.05387878417969,3.7572710514068604,118.29025268554688,92.94850158691406,56.69352722167969
2019-05-21,48.58346176147461,256.7972717285156,173.7449493408203,49.15034103393555,3.8392250537872314,118.92753601074219,92.8759994506836,57.177913665771484
2019-05-22,48.61037826538086,256.008544921875,172.97093200683594,48.286468505859375,3.7684130668640137,119.6491928100586,92.98400115966797,57.24774932861328
2019-05-23,47.605873107910156,252.88055419921875,170.32411193847656,47.48430252075195,3.6475863456726074,118.25279235839844,90.77400207519531,56.72719955444336
2019-05-24,47.32784652709961,253.45419311523438,170.23809814453125,47.194759368896484,3.593857765197754,118.30901336669922,91.16400146484375,56.39387512207031
2019-05-28,46.41304016113281,251.0968780517578,169.59788513183594,46.777069091796875,3.548795223236084,118.23405456542969,91.82150268554688,56.4409294128418
2019-05-29,46.359214782714844,249.41189575195312,168.2028350830078,46.9337043762207,3.474764347076416,117.09069061279297,90.95950317382812,55.469173431396484
2019-05-30,46.386131286621094,250.09304809570312,168.90997314453125,47.29444122314453,3.4482414722442627,117.8310546875,90.81600189208984,55.54197692871094
2019-05-31,45.381629943847656,246.72296142578125,166.21533203125,46.62518310546875,3.357764959335327,115.90982818603516,88.75350189208984,54.803504943847656
2019-06-03,45.05876159667969,246.0955810546875,162.55560302734375,46.57297134399414,3.316121816635132,112.31106567382812,84.6344985961914,51.44744110107422
2019-06-04,46.65520477294922,251.4374542236328,167.1326446533203,48.48107147216797,3.544666051864624,115.42251586914062,86.47799682617188,52.227516174316406
2019-06-05,46.72694778442383,253.615478515625,168.37486267089844,48.11083984375,3.502031087875366,117.92475128173828,86.92500305175781,51.73966598510742
2019-06-06,47.16640853881836,255.2646026611328,169.71258544921875,48.77535629272461,3.564000368118286,119.78972625732422,87.71800231933594,51.89419174194336
2019-06-07,47.76731491088867,257.819091796875,172.99008178710938,49.406646728515625,3.606635332107544,123.14482879638672,90.20149993896484,52.91497039794922
2019-06-10,48.43996810913086,259.002197265625,175.00625610351562,50.6407470703125,3.6792640686035156,124.26939392089844,93.03150177001953,53.6276969909668
2019-06-11,48.377193450927734,258.9394836425781,175.24505615234375,50.82585906982422,3.736772298812866,123.80086517333984,93.18499755859375,53.542503356933594
2019-06-12,48.090187072753906,258.4822998046875,174.2322540283203,49.72467041015625,3.6239871978759766,123.22919464111328,92.76599884033203,53.4464225769043
2019-06-13,48.28749465942383,259.5489196777344,175.26419067382812,49.97148132324219,3.675050735473633,124.00702667236328,93.51499938964844,54.036312103271484
2019-06-14,47.78525161743164,259.2620849609375,174.51890563964844,48.72789001464844,3.5853183269500732,124.12889862060547,93.4834976196289,53.80302810668945
2019-06-17,47.650718688964844,259.36077880859375,175.5699920654297,48.428863525390625,3.5949857234954834,124.50373077392578,94.30149841308594,54.17894744873047
2019-06-18,47.44444274902344,262.0765075683594,178.1212921142578,50.3986701965332,3.7895705699920654,126.66860961914062,95.06849670410156,54.7411003112793
2019-06-19,47.24713134765625,262.6680603027344,178.79014587402344,50.517337799072266,3.7955193519592285,127.16536712646484,95.43949890136719,54.7049446105957
2019-06-20,51.112640380859375,265.1777038574219,180.45278930664062,51.10116195678711,3.8198115825653076,128.34616088867188,95.90950012207031,55.135345458984375
2019-06-21,50.33237075805664,264.7922058105469,180.18521118164062,50.85908508300781,3.7618072032928467,128.36488342285156,95.56500244140625,55.73811721801758
2019-06-24,50.888427734375,264.4679870605469,180.1909637451172,50.95402145385742,3.7841169834136963,129.1240234375,95.69499969482422,55.30869674682617
2019-06-25,50.287532806396484,261.87408447265625,177.0977783203125,50.071163177490234,3.7548670768737793,125.04729461669922,93.91349792480469,53.86642074584961
2019-06-26,50.81667709350586,261.6128845214844,177.9213409423828,51.55207824707031,3.947716474533081,125.51590728759766,94.8915023803711,53.5068473815918
2019-06-27,50.91532516479492,262.54052734375,178.60130310058594,52.24506759643555,4.046125411987305,125.72203826904297,95.21399688720703,53.3240852355957
2019-06-28,51.094696044921875,263.89154052734375,178.8311309814453,52.29728317260742,4.0709123611450195,125.54399871826172,94.68150329589844,53.629676818847656
2019-07-01,52.02745056152344,266.2873229980469,181.24436950683594,53.77345657348633,4.11899995803833,127.15592193603516,96.1094970703125,54.4815673828125
2019-07-02,52.43104553222656,266.9806823730469,181.96261596679688,53.14216613769531,4.021336078643799,127.99943542480469,96.71549987792969,55.10563278198242
2019-07-03,52.7897834777832,269.1153869628906,183.33206176757812,52.94755935668945,4.034226417541504,128.82412719726562,96.94999694824219,55.6202392578125
2019-07-05,53.16647720336914,268.8091125488281,182.95860290527344,52.558345794677734,3.9717609882354736,128.44923400878906,97.14550018310547,56.09967041015625
2019-07-08,53.39068603515625,267.3320617675781,181.6753692626953,52.21659851074219,3.8969013690948486,128.35552978515625,97.61599731445312,55.31315994262695
2019-07-09,53.45347213745117,267.6652526855469,182.58506774902344,52.58207321166992,3.899380683898926,127.88693237304688,99.41500091552734,55.68462371826172
2019-07-10,53.946754455566406,268.94427490234375,184.4046173095703,53.10419464111328,3.9675474166870117,129.18959045410156,100.87049865722656,56.50779342651367
2019-07-11,53.80325698852539,269.5746765136719,184.27056884765625,53.251338958740234,4.121728420257568,129.70504760742188,100.05349731445312,56.664791107177734
2019-07-12,53.64181900024414,270.7815856933594,185.3335723876953,54.22911834716797,4.154694557189941,130.17364501953125,100.55000305175781,56.72719955444336
2019-07-15,53.39068603515625,270.87158203125,185.92727661132812,54.665802001953125,4.146266460418701,130.17364501953125,101.04949951171875,56.9832649230957
2019-07-16,52.77836227416992,269.9979248046875,184.96966552734375,54.10096740722656,4.141557693481445,128.46798706054688,100.49500274658203,57.129371643066406
2019-07-17,52.220035552978516,268.16064453125,184.05987548828125,54.295570373535156,4.206750869750977,127.70890045166016,99.60150146484375,56.79654312133789
2019-07-18,52.33710479736328,269.1423645019531,184.27056884765625,55.27335739135742,4.218398571014404,127.84943389892578,98.8949966430664,56.82130432128906
2019-07-19,51.81482696533203,267.6472473144531,182.92019653320312,55.27811050415039,4.1752705574035645,128.0369110107422,98.22599792480469,56.04419708251953
2019-07-22,51.86885070800781,268.3046875,184.37591552734375,56.38404846191406,4.246658802032471,129.73316955566406,99.28150177001953,56.42359161376953
2019-07-23,51.733768463134766,270.2231140136719,185.58253479003906,57.010589599609375,4.354239463806152,130.53912353515625,99.72450256347656,56.86143112182617
2019-07-24,52.32810974121094,271.49310302734375,186.8849334716797,58.529483795166016,4.42860221862793,131.87933349609375,100.04049682617188,56.449337005615234
2019-07-25,52.49018859863281,270.1961975097656,185.1133270263672,57.47100067138672,4.297722339630127,131.38259887695312,98.69100189208984,56.26163101196289
2019-07-26,52.679298400878906,272.0065002441406,187.0189666748047,57.35234069824219,4.3396124839782715,132.46035766601562,97.15249633789062,61.674129486083984
2019-07-29,52.2830696105957,271.5109558105469,186.37733459472656,57.54694366455078,4.333415508270264,132.16986083984375,95.62249755859375,61.5067138671875
2019-07-30,51.76979446411133,270.8445739746094,185.57293701171875,57.29063415527344,4.349032402038574,131.53256225585938,94.92649841308594,60.82123947143555
2019-07-31,50.69819641113281,267.8813781738281,183.00643920898438,55.5771369934082,4.1822099685668945,127.70890045166016,93.33899688720703,60.33586502075195
2019-08-01,50.31998825073242,265.54876708984375,182.09671020507812,54.45695877075195,4.088017463684082,129.3863983154297,92.76599884033203,60.01789474487305
2019-08-02,50.283966064453125,263.5491638183594,179.41529846191406,53.716495513916016,3.995556354522705,128.29930114746094,91.16200256347656,59.25217056274414
2019-08-05,48.41092300415039,255.62350463867188,173.07571411132812,51.40019226074219,3.7377634048461914,123.9039306640625,88.25650024414062,57.193267822265625
2019-08-06,48.59101486206055,259.208251953125,175.49847412109375,52.21659851074219,3.776432752609253,126.22814178466797,89.3915023803711,58.00206756591797
2019-08-07,48.03271484375,259.3612976074219,176.4465789794922,52.50138473510742,3.814605951309204,126.78104400634766,89.66999816894531,58.24129867553711
2019-08-08,49.212379455566406,264.449951171875,180.2867431640625,53.84465789794922,3.922929286956787,130.1642608642578,91.64450073242188,59.74102783203125
2019-08-09,48.536991119384766,262.6485900878906,178.59170532226562,52.914337158203125,3.821793794631958,129.0584259033203,90.37899780273438,58.88467025756836
2019-08-12,47.95166778564453,259.45135498046875,176.54237365722656,52.28778839111328,3.7541236877441406,127.25898742675781,89.24600219726562,58.17145919799805
2019-08-13,48.600032806396484,263.4862976074219,180.4112548828125,53.78769302368164,3.868147134780884,129.89248657226562,91.21700286865234,59.272483825683594
2019-08-14,47.11420822143555,255.69561767578125,175.0196990966797,52.05521011352539,3.719916820526123,125.98088073730469,88.14800262451172,57.66379165649414
2019-08-15,47.35734939575195,256.3710632324219,174.8185577392578,51.99825668334961,3.6876919269561768,125.69876098632812,88.80599975585938,57.91490173339844
2019-08-16,48.25783920288086,260.15386962890625,177.6244659423828,53.27032470703125,3.955153703689575,128.0025177001953,89.62850189208984,58.40473556518555
2019-08-19,48.509971618652344,263.2881164550781,180.4495391845703,54.14842987060547,4.233273029327393,130.14642333984375,90.80599975585938,59.45623016357422
2019-08-20,47.708534240722656,261.2706298828125,179.05142211914062,53.839908599853516,4.161141395568848,129.0649871826172,90.06900024414062,58.61870574951172
2019-08-21,47.942657470703125,263.396240234375,180.64108276367188,54.3905029296875,4.244427680969238,130.50372314453125,91.177001953125,59.01740646362305
2019-08-22,47.89763259887695,263.31512451171875,180.0569305419922,54.31930923461914,4.250624179840088,129.5540313720703,90.23300170898438,59.01443862915039
2019-08-23,46.44783401489258,256.55126953125,174.3589630126953,52.0694465637207,4.026543617248535,125.42609405517578,87.48100280761719,57.13531494140625
2019-08-26,46.94310760498047,259.3883056640625,176.992431640625,52.605812072753906,4.1011528968811035,127.36311340332031,88.44349670410156,58.00701904296875
2019-08-27,47.1772346496582,258.3705139160156,176.61891174316406,52.482398986816406,4.010677337646484,127.63577270507812,88.09149932861328,57.98919677734375
2019-08-28,46.781009674072266,260.1898193359375,177.25099182128906,52.81940460205078,4.000257968902588,127.46651458740234,88.2125015258789,58.13431167602539
2019-08-29,46.97012710571289,263.51324462890625,179.9611053466797,53.96331787109375,4.143672943115234,129.87367248535156,89.31999969482422,59.1491584777832
2019-08-30,46.880069732666016,263.396240234375,179.53021240234375,54.309810638427734,4.156327724456787,129.62921142578125,88.81449890136719,58.96540451049805
2019-09-03,46.726985931396484,261.8560791015625,177.7872772216797,53.45069122314453,4.073454856872559,127.91789245605469,89.49199676513672,57.926292419433594
2019-09-04,47.69951629638672,264.82818603515625,180.3538055419922,55.02653884887695,4.187342166900635,129.41294860839844,90.03099822998047,58.556297302246094
2019-09-05,48.48296356201172,268.232666015625,183.6576690673828,56.697322845458984,4.459783554077148,131.6884765625,92.03600311279297,60.03818893432617
2019-09-06,47.87062072753906,268.4398193359375,183.47573852539062,56.744789123535156,4.432737827301025,130.7952423095703,91.67549896240234,59.74746322631836
2019-09-09,49.11331558227539,268.5749816894531,183.09262084960938,56.96311950683594,4.478642463684082,129.3094940185547,91.56749725341797,59.695457458496094
2019-09-10,49.950775146484375,268.5118408203125,182.56593322753906,57.07704162597656,4.54513692855835,127.95548248291016,91.02749633789062,59.71675491333008
2019-09-11,50.68918991088867,270.4213562011719,184.28012084960938,57.803260803222656,4.573671340942383,127.99308776855469,91.14949798583984,60.42501449584961
2019-09-12,48.52798080444336,271.3579406738281,185.04627990722656,57.8934440612793,4.572183132171631,129.3094940185547,92.17749786376953,61.16645812988281
2019-09-13,48.401920318603516,271.1778564453125,184.38543701171875,57.864967346191406,4.514370441436768,129.12144470214844,91.96700286865234,61.417076110839844
2019-09-16,47.85261535644531,270.3402404785156,183.56190490722656,57.475746154785156,4.471445083618164,128.19058227539062,90.39199829101562,61.001033782958984
2019-09-17,47.60948944091797,271.02484130859375,184.4429473876953,57.708335876464844,4.49278450012207,129.18728637695312,91.12750244140625,60.91436004638672
2019-09-18,47.33032989501953,271.1868896484375,184.36634826660156,57.77003479003906,4.465737819671631,130.2498321533203,90.87300109863281,61.05155563354492
2019-09-19,48.05972671508789,271.1687927246094,184.67279052734375,57.53745651245117,4.390308856964111,132.6475830078125,91.07499694824219,61.353675842285156
2019-09-20,48.149784088134766,269.8875427246094,182.7191619873047,56.459991455078125,4.284855365753174,131.1148681640625,89.70800018310547,60.91238021850586
2019-09-23,48.64504623413086,269.8243103027344,182.79977416992188,56.94413757324219,4.338201522827148,130.8328094482422,89.26499938964844,61.152584075927734
2019-09-24,48.04172134399414,267.70703125,180.3720703125,56.09925842285156,4.280884742736816,129.1779022216797,87.08049774169922,60.34230041503906
2019-09-25,48.48296356201172,269.2904052734375,182.39674377441406,57.05805206298828,4.422316074371338,131.0396728515625,88.41649627685547,61.70978927612305
2019-09-26,48.59101486206055,268.72943115234375,181.72506713867188,57.25740432739258,4.400232315063477,131.2089385986328,86.99199676513672,61.52900695800781
2019-09-27,48.70808792114258,267.28167724609375,179.4700469970703,55.89990234375,4.261780261993408,129.50698852539062,86.27249908447266,60.71971130371094
2019-09-30,49.554561614990234,268.5212707519531,181.17811584472656,56.54542922973633,4.319096088409424,130.72935485839844,86.79550170898438,60.481468200683594
2019-10-01,48.44694900512695,265.3273620605469,179.70034790039062,56.16096496582031,4.317359447479248,128.88638305664062,86.78250122070312,59.73161315917969
2019-10-02,47.861629486083984,260.640380859375,176.61044311523438,55.244876861572266,4.293541431427002,126.61087036132812,85.6614990234375,58.34084701538086
2019-10-03,48.50096893310547,262.77581787109375,178.548828125,56.094505310058594,4.4987382888793945,128.1435089111328,86.22100067138672,58.91092300415039
2019-10-04,49.65361785888672,266.3316345214844,181.17811584472656,57.081790924072266,4.5151143074035645,129.87367248535156,86.98249816894531,59.97727966308594
2019-10-07,49.347442626953125,265.1825256347656,180.6311492919922,56.797000885009766,4.573671340942383,128.9333953857422,86.63300323486328,59.843048095703125
2019-10-08,48.67206954956055,261.065673828125,177.92507934570312,55.306583404541016,4.397503852844238,127.56995391845703,85.27549743652344,58.94559097290039
2019-10-09,49.32331848144531,263.54486083984375,179.6619415283203,56.27962112426758,4.483851432800293,129.9865264892578,86.09950256347656,59.55331039428711
2019-10-10,50.1916618347168,265.3273620605469,181.05332946777344,56.81598663330078,4.541416645050049,130.7952423095703,86.01300048828125,59.90347671508789
2019-10-11,51.45798110961914,268.0779724121094,183.38507080078125,58.111785888671875,4.614860534667969,131.3405303955078,86.59600067138672,60.2125358581543
2019-10-14,51.06904602050781,267.77935791015625,183.3658905029297,58.19722366333008,4.628258228302002,131.21829223632812,86.82150268554688,60.3145637512207
2019-10-15,50.96953582763672,270.4304504394531,185.69769287109375,59.355377197265625,4.872412204742432,133.1177520751953,88.36900329589844,61.52653121948242
2019-10-16,50.5444221496582,269.9960632324219,185.23709106445312,58.49150848388672,4.818819522857666,132.0269775390625,88.87149810791016,61.564178466796875
2019-10-17,49.80271530151367,270.79241943359375,185.72647094726562,58.529483795166016,4.820803165435791,131.34996032714844,89.3740005493164,62.0495491027832
2019-10-18,49.341407775878906,269.60711669921875,183.941650390625,57.95514678955078,4.726515769958496,129.20606994628906,87.87550354003906,61.63401412963867
2019-10-21,49.86603927612305,271.4348449707031,185.57293701171875,59.04210662841797,4.8634819984436035,130.1651611328125,89.28299713134766,61.62757873535156
2019-10-22,48.94342041015625,270.54815673828125,184.09524536132812,58.59593200683594,4.853555679321289,128.22816467285156,88.2864990234375,61.475032806396484
2019-10-23,48.961517333984375,271.3353576660156,184.45025634765625,57.5754280090332,4.840653419494629,129.04623413085938,88.1084976196289,62.28877639770508
2019-10-24,49.079105377197266,271.77862548828125,186.2446746826172,59.09906768798828,4.884571075439453,131.58505249023438,89.03900146484375,62.362083435058594
2019-10-25,48.997684478759766,272.8915710449219,187.7320556640625,60.295188903808594,5.075129985809326,132.32785034179688,88.06649780273438,62.619136810302734
2019-10-28,49.42281723022461,274.4298095703125,189.583984375,61.211273193359375,5.130957126617432,135.58131408691406,88.85399627685547,63.841495513916016
2019-10-29,49.567535400390625,274.3482666015625,188.11581420898438,60.793575286865234,5.0349345207214355,134.30247497558594,88.135498046875,62.43885040283203
2019-10-30,49.61277389526367,275.1898193359375,189.02745056152344,60.86003112792969,5.036919593811035,135.97621154785156,88.99949645996094,62.440826416015625
2019-10-31,49.287147521972656,274.4568786621094,189.11383056640625,60.513526916503906,4.987791061401367,134.81028747558594,88.83300018310547,62.34672546386719
2019-11-01,49.74843978881836,276.99945068359375,190.83145141601562,61.76186752319336,5.026747226715088,135.1393280029297,89.5719985961914,63.01288986206055
2019-11-04,50.15547561645508,278.11236572265625,192.01171875,63.076663970947266,5.223011493682861,135.91981506347656,90.23300170898438,63.872718811035156
2019-11-05,50.354469299316406,277.8047790527344,192.1172637939453,63.10988998413086,5.200929641723633,135.83514404296875,90.08550262451172,63.96334457397461
2019-11-06,50.38160705566406,277.8680114746094,191.68548583984375,62.72540283203125,5.151801109313965,135.45901489257812,89.78849792480469,63.94204330444336
2019-11-07,50.63487243652344,278.8453369140625,192.32839965820312,63.095645904541016,5.1694183349609375,135.64710998535156,89.41000366210938,64.73103332519531
2019-11-08,51.09617233276367,279.532958984375,193.09605407714844,63.228553771972656,5.155521869659424,137.24560546875,89.29399871826172,64.83306121826172
2019-11-11,51.04189682006836,278.9991149902344,192.8369598388672,62.97223663330078,5.165448188781738,137.38665771484375,88.5824966430664,64.30211639404297
2019-11-12,51.186622619628906,279.5872497558594,193.3935089111328,63.10514450073242,5.200929641723633,138.28936767578125,88.9000015258789,64.24913024902344
2019-11-13,50.84290313720703,279.6776428222656,193.44149780273438,63.21429443359375,5.175125598907471,138.5150604248047,87.65550231933594,64.1981201171875
2019-11-14,50.73436737060547,280.0848388671875,193.2879638671875,63.10038757324219,5.2053961753845215,139.22021484375,87.7300033569336,64.84049224853516
2019-11-15,51.03285217285156,282.1117248535156,194.7081756591797,63.74116897583008,5.0664472579956055,141.01614379882812,86.97450256347656,66.04850006103516
2019-11-18,50.82481384277344,282.3197021484375,194.86166381835938,63.77913284301758,5.267179489135742,141.36410522460938,87.62650299072266,65.3699722290039
2019-11-19,50.897178649902344,282.2382507324219,195.14955139160156,63.56080627441406,5.160734176635742,141.4110870361328,87.6395034790039,65.01087188720703
2019-11-20,50.87004852294922,281.1887512207031,193.97886657714844,62.93900680541992,5.239885330200195,141.16580200195312,87.27649688720703,64.47942352294922
2019-11-21,50.86100387573242,280.736328125,193.54708862304688,62.25075912475586,5.215073108673096,141.03370666503906,86.7354965209961,64.39425659179688
2019-11-22,51.005714416503906,281.3606872558594,193.67181396484375,62.14159393310547,5.23268985748291,141.13754272460938,87.28600311279297,64.07379150390625
2019-11-25,51.15949249267578,283.54119873046875,195.96519470214844,63.575050354003906,5.488753318786621,142.68479919433594,88.69200134277344,64.6666488647461
2019-11-26,51.114253997802734,284.1836242675781,196.3394317626953,63.37093734741211,5.384293556213379,143.4396209716797,89.84700012207031,65.03118896484375
2019-11-27,51.20471954345703,285.4503479003906,197.71163940429688,63.79813766479492,5.419055938720703,143.7133026123047,90.92549896240234,64.98809051513672
2019-11-29,50.77958679199219,284.39178466796875,196.8096160888672,63.086158752441406,5.381810188293457,142.82635498046875,90.04000091552734,64.58987426757812
2019-12-02,50.13738250732422,281.9759216308594,194.7945098876953,62.26499938964844,5.195826530456543,141.09979248046875,89.08000183105469,63.83555221557617
2019-12-03,49.377586364746094,280.0848388671875,193.26876831054688,61.391632080078125,5.156347274780273,140.87332153320312,88.49800109863281,64.12678527832031
2019-12-04,49.21477508544922,281.8130798339844,194.24752807617188,62.293487548828125,5.200048446655273,141.38279724121094,88.03450012207031,65.32537841796875
2019-12-05,49.45900344848633,282.3197021484375,194.63136291503906,62.66845703125,5.183164119720459,141.4582977294922,87.02400207519531,65.72261047363281
2019-12-06,49.59466552734375,284.8984069824219,196.7136688232422,63.59877395629883,5.268333911895752,143.1754608154297,87.58000183105469,66.33824920654297
2019-12-09,50.028846740722656,284.0027160644531,195.8212890625,63.17158508300781,5.268333911895752,142.8074951171875,87.47550201416016,66.51655578613281
2019-12-10,50.49014663696289,283.6859436035156,195.6581573486328,63.42315673828125,5.313277721405029,142.59048461914062,86.96050262451172,66.5115966796875
2019-12-11,50.93335723876953,284.4913635253906,196.69444274902344,64.7806625366211,5.396708965301514,143.12828063964844,87.43599700927734,66.57894897460938
2019-12-12,51.07808303833008,286.9433288574219,198.1626434326172,66.64130401611328,5.56381893157959,144.5812530517578,88.0165023803711,66.7889633178711
2019-12-13,49.30522155761719,287.1152648925781,198.8151397705078,66.38499450683594,5.561832904815674,145.79835510253906,88.0469970703125,66.7087173461914
2019-12-16,48.83488845825195,289.0876770019531,200.81105041503906,66.92609405517578,5.590635776519775,146.7418670654297,88.46050262451172,67.3936996459961
2019-12-17,47.79469299316406,289.151123046875,200.92620849609375,67.30581665039062,5.668605804443359,145.94935607910156,89.53299713134766,67.10594177246094
2019-12-18,48.29215621948242,289.1691589355469,201.07974243164062,67.0732421875,5.698899269104004,145.64743041992188,89.20149993896484,66.95834350585938
2019-12-19,48.15648651123047,290.3544921875,202.3367919921875,67.46244812011719,5.846641540527344,146.91168212890625,89.61399841308594,67.18270874023438
2019-12-20,48.48210906982422,291.6274108886719,203.15243530273438,68.11272430419922,5.943729400634766,148.515625,89.32499694824219,66.9241714477539
2019-12-23,48.58161163330078,292.07293701171875,203.6890411376953,68.45093536376953,5.930073261260986,148.515625,89.6500015258789,66.89495086669922
2019-12-24,48.33739471435547,292.0820617675781,203.79481506347656,68.59065246582031,5.925106525421143,148.48731994628906,89.46050262451172,66.58785247802734
2019-12-26,48.454986572265625,293.63690185546875,205.59312438964844,68.77372741699219,5.9392595291137695,149.7044677734375,93.4384994506836,67.48136138916016
2019-12-27,48.35547637939453,293.5641174316406,205.42005920410156,68.53765106201172,5.88165283203125,149.97808837890625,93.48999786376953,67.09356689453125
2019-12-30,47.668052673339844,291.9457092285156,204.07369995117188,68.04141998291016,5.768672943115234,148.68545532226562,92.34449768066406,66.35408782958984
2019-12-31,47.921321868896484,292.6549377441406,204.45835876464844,68.12814331054688,5.842667579650879,148.7892608642578,92.39199829101562,66.33824920654297
2020-01-02,48.79869079589844,295.39178466796875,207.87225341796875,69.70354461669922,5.9571380615234375,151.5442657470703,94.90049743652344,67.7889404296875
2020-01-03,48.62683868408203,293.155029296875,205.96817016601562,68.5617446899414,5.861786842346191,149.65728759765625,93.74849700927734,67.43431091308594
2020-01-06,48.880096435546875,294.27337646484375,207.29527282714844,67.82943725585938,5.8863701820373535,150.04409790039062,95.14399719238281,69.23172760009766
2020-01-07,48.988651275634766,293.446044921875,207.26641845703125,68.96161651611328,5.957635879516602,148.67604064941406,95.34300231933594,69.09797668457031
2020-01-08,49.179447174072266,295.0099182128906,208.82431030273438,69.0772476196289,5.968808650970459,151.04417419433594,94.59850311279297,69.58980560302734
2020-01-09,49.40657424926758,297.0102844238281,210.5937957763672,69.47230529785156,6.034361362457275,152.93121337890625,95.05249786376953,70.32035827636719
2020-01-10,49.470176696777344,296.1555480957031,210.0552520751953,68.89417266845703,6.066641807556152,152.2235870361328,94.15799713134766,70.77452850341797
2020-01-13,49.588287353515625,298.1922302246094,212.47857666015625,69.85772705078125,6.256844997406006,154.05397033691406,94.56500244140625,71.32282257080078
2020-01-14,49.86085510253906,297.7376708984375,211.6419677734375,70.00226593017578,6.140141010284424,152.9689483642578,93.47200012207031,70.85526275634766
2020-01-15,49.75182342529297,298.4104919433594,211.72848510742188,68.9664306640625,6.0976786613464355,153.9596405029297,93.10099792480469,71.2817153930664
2020-01-16,50.36054611206055,300.89276123046875,213.75759887695312,70.079345703125,6.18110990524292,156.78067016601562,93.89700317382812,71.82454681396484
2020-01-17,50.08799362182617,301.82928466796875,214.8154754638672,70.368408203125,6.189802646636963,157.65809631347656,93.23600006103516,73.27869415283203
2020-01-21,50.16975402832031,301.2383728027344,214.71923828125,70.42621612548828,6.156529426574707,157.092041015625,94.5999984741211,73.4139175415039
2020-01-22,49.715484619140625,301.2746276855469,215.2866668701172,71.00435638427734,6.210411548614502,156.33724975585938,94.37300109863281,73.49414825439453
2020-01-23,49.95170974731445,301.62030029296875,215.97903442382812,71.44758605957031,6.2786946296691895,157.29957580566406,94.22899627685547,73.5347671508789
2020-01-24,49.12492370605469,298.9379577636719,214.16148376464844,71.13443756103516,6.219598770141602,155.71453857421875,93.08200073242188,72.61750030517578
2020-01-27,47.87113952636719,294.14605712890625,209.7378692626953,68.26785278320312,5.964338302612305,153.11045837402344,91.41699981689453,70.9117202758789
2020-01-28,48.570709228515625,297.2284240722656,212.95947265625,69.9781723022461,6.15727424621582,156.11080932617188,92.6624984741211,71.84138488769531
2020-01-29,48.33449935913086,296.9830017089844,213.30563354492188,68.91343688964844,6.096936225891113,158.54501342773438,92.9000015258789,72.14845275878906
2020-01-30,48.43443298339844,297.9468078613281,214.0653533935547,68.75446319580078,6.103638648986816,163.01715087890625,93.53399658203125,72.02710723876953
2020-01-31,47.65310287475586,292.53662109375,210.670654296875,66.27812194824219,5.870726585388184,160.61126708984375,100.43599700927734,70.9637222290039
2020-02-03,48.23455047607422,294.709716796875,213.85377502441406,67.18385314941406,5.967566013336182,164.52676391601562,100.20999908447266,73.43124389648438
2020-02-04,49.09766387939453,299.20159912109375,218.74864196777344,69.3470458984375,6.136415958404541,169.9424591064453,102.4834976196289,71.58927917480469
2020-02-05,49.73366165161133,302.6567687988281,219.46987915039062,70.72492218017578,6.226551055908203,169.73484802246094,101.99349975585938,71.62096405029297
2020-02-06,49.70640182495117,303.6751708984375,221.36434936523438,70.7730941772461,6.313211441040039,173.25413513183594,102.5114974975586,73.10287475585938
2020-02-07,49.715484619140625,302.05670166015625,220.41232299804688,69.1543197631836,6.247160911560059,173.49940490722656,103.96399688720703,73.25839233398438
2020-02-10,49.960792541503906,304.3116455078125,223.07606506347656,70.2431411743164,6.529735088348389,178.0376434326172,106.69550323486328,74.72196960449219
2020-02-11,50.10615539550781,304.8390197753906,223.1145782470703,71.72702026367188,6.651900291442871,174.01834106445312,107.54000091552734,74.79130554199219
2020-02-12,50.633121490478516,306.8030700683594,225.2879180908203,72.7387466430664,6.767364025115967,174.27304077148438,108.0,75.21578216552734
2020-02-13,50.25152587890625,306.4756164550781,224.9994354248047,72.91219329833984,6.723662853240967,173.32958984375,107.49349975585938,74.95623779296875
2020-02-14,50.39688491821289,306.9666442871094,225.6437225341797,72.59903717041016,7.195694446563721,174.87689208984375,106.74349975585938,75.22071075439453
2020-02-18,50.378719329833984,306.175537109375,225.7303009033203,71.51021575927734,7.3640456199646,176.6506805419922,107.78350067138672,75.2558822631836
2020-02-19,50.36962890625,307.6394348144531,227.8939971923828,73.3506088256836,7.814227104187012,177.1804656982422,108.51100158691406,75.52481842041016
2020-02-20,50.433231353759766,306.3757019042969,225.7783660888672,72.19434356689453,7.665242671966553,174.47474670410156,107.65499877929688,75.134521484375
2020-02-21,49.67914581298828,303.2205505371094,221.44125366210938,70.07452392578125,7.301970958709717,168.9591522216797,104.79850006103516,73.47383117675781
2020-02-24,47.834800720214844,293.16412353515625,212.90176391601562,66.89962005615234,6.785738945007324,161.67434692382812,100.4645004272461,70.32382202148438
2020-02-25,46.29935836791992,284.2806091308594,207.11257934570312,64.9725112915039,6.506890773773193,159.00640869140625,98.63700103759766,68.66262817382812
2020-02-26,47.2896728515625,283.2350158691406,208.1799774169922,65.36273956298828,6.645941734313965,160.99317932128906,98.97949981689453,68.86817169189453
2020-02-27,46.13582992553711,270.514404296875,197.75559997558594,62.35163879394531,6.275991916656494,149.64974975585938,94.21499633789062,65.12776184082031
2020-02-28,44.93654251098633,269.37786865234375,197.9095001220703,63.58016586303711,6.710043430328369,153.2732391357422,94.1875,66.3313217163086
2020-03-02,46.24485778808594,281.0436096191406,208.12228393554688,65.78187561035156,6.8680620193481445,163.471923828125,97.69750213623047,68.66262817382812
2020-03-03,44.382328033447266,272.9966735839844,201.44830322265625,63.623512268066406,6.606189727783203,155.638427734375,95.44950103759766,66.25554656982422
2020-03-04,45.91777801513672,284.47149658203125,209.85328674316406,66.88514709472656,7.068813800811768,161.35267639160156,98.79149627685547,68.42884826660156
2020-03-05,43.61006546020508,275.01519775390625,203.4774627685547,64.78461456298828,6.790046691894531,157.3035430908203,96.20149993896484,65.11835479736328
2020-03-06,43.03768539428711,270.4688415527344,200.0443572998047,63.53680419921875,6.609915256500244,152.85693359375,95.05449676513672,64.17631530761719
2020-03-09,41.80207061767578,249.34677124023438,186.14842224121094,58.251712799072266,6.09809684753418,142.49746704101562,90.03050231933594,60.21650314331055
2020-03-10,44.13703155517578,262.2492370605469,196.28428649902344,61.8409538269043,6.486680507659912,152.24205017089844,94.59100341796875,63.15751266479492
2020-03-11,40.63005828857422,249.4649200439453,187.735107421875,58.502227783203125,6.123687267303467,145.34519958496094,91.04299926757812,59.97430419921875
2020-03-12,36.1600227355957,225.59690856933594,170.5214080810547,52.325843811035156,5.374346733093262,131.5608673095703,83.83049774169922,55.053627014160156
2020-03-13,43.546470642089844,244.88233947753906,184.9654998779297,57.398963928222656,5.98380708694458,150.26470947265625,89.25,60.14122009277344
2020-03-16,38.81296157836914,218.0863494873047,162.80892944335938,49.1268424987793,4.879670143127441,128.1171417236328,84.4574966430664,53.14429473876953
2020-03-17,42.5743293762207,229.86131286621094,175.15663146972656,53.106327056884766,5.398196220397949,138.66586303710938,90.39199829101562,55.37605667114258
2020-03-18,42.94683837890625,218.22271728515625,169.8290252685547,48.69324493408203,5.039178371429443,132.82858276367188,91.5,54.04522705078125
2020-03-19,40.94803237915039,218.68646240234375,170.84837341308594,49.55562210083008,5.291360855102539,135.01402282714844,94.04650115966797,55.0595703125
2020-03-20,41.47499465942383,209.26235961914062,164.15521240234375,48.68842315673828,5.111976146697998,129.9430694580078,92.30449676513672,52.90705490112305
2020-03-23,40.148529052734375,203.91188049316406,164.27374267578125,50.495086669921875,5.2844038009643555,128.64700317382812,95.1415023803711,52.20969009399414
2020-03-24,43.46470260620117,222.3870086669922,176.99472045898438,55.70792007446289,6.1910176277160645,140.3404083251953,97.00499725341797,55.96792984008789
2020-03-25,41.738468170166016,225.71615600585938,175.68411254882812,55.288780212402344,6.102568626403809,138.99696350097656,94.29199981689453,54.561805725097656
2020-03-26,45.86325454711914,238.8956298828125,184.93568420410156,58.641944885253906,6.391275882720947,147.69143676757812,97.77449798583984,57.5979118347168
2020-03-27,45.272705078125,231.780029296875,178.57521057128906,55.39957809448242,6.279220104217529,141.62705993652344,95.00499725341797,54.98973083496094
2020-03-30,45.75422668457031,239.30715942382812,185.07058715820312,57.57240295410156,6.598736763000488,151.58921813964844,98.19750213623047,56.775245666503906
2020-03-31,43.909889221191406,235.74024963378906,183.4901123046875,56.43540573120117,6.549293518066406,149.2051239013672,97.48600006103516,57.54987716674805
2020-04-01,44.255149841308594,225.13076782226562,175.69374084472656,53.63628005981445,6.039212703704834,143.90707397460938,95.38500213623047,54.585575103759766
2020-04-02,45.24544143676758,230.32577514648438,179.2593994140625,55.08161163330078,6.3472981452941895,146.88723754882812,95.94149780273438,55.325042724609375
2020-04-03,44.88203048706055,226.99661254882812,176.7152862548828,53.97834396362305,6.060082912445068,145.5343780517578,95.32949829101562,54.119998931884766
2020-04-06,46.780887603759766,242.24310302734375,189.3494110107422,59.34534454345703,6.668551921844482,156.35739135742188,99.87950134277344,58.601863861083984
2020-04-07,46.1176643371582,242.49009704589844,189.27235412597656,59.16226577758789,6.43574857711792,154.67343139648438,100.58000183105469,58.57065200805664
2020-04-08,47.58735656738281,250.6300811767578,193.29103088378906,61.12310028076172,6.632524490356445,156.22500610351562,102.1500015258789,59.78113555908203
2020-04-09,48.54584884643555,254.44390869140625,193.57049560546875,59.677772521972656,6.533143520355225,156.23440551757812,102.13800048828125,59.75983428955078
2020-04-13,48.35414505004883,252.12094116210938,195.66180419921875,60.45824432373047,6.704577922821045,156.58450317382812,108.44349670410156,59.95002746582031
2020-04-14,49.294403076171875,259.5566101074219,204.17129516601562,63.103206634521484,7.054901123046875,164.3328094482422,114.16600036621094,62.66519546508789
2020-04-15,48.52759552001953,254.0415802001953,201.82943725585938,61.402530670166016,6.977631092071533,162.61097717285156,115.38400268554688,62.27243423461914
2020-04-16,49.020545959472656,255.26719665527344,205.5108642578125,63.03093719482422,7.3219895362854,167.49270629882812,120.40950012207031,62.27886962890625
2020-04-17,49.86037063598633,262.16326904296875,207.47682189941406,63.647605895996094,7.262857913970947,168.96861267089844,118.75,63.34720230102539
2020-04-20,49.21223449707031,257.5445251464844,205.0193634033203,62.29863357543945,7.131920337677002,165.6194305419922,119.68049621582031,62.46311950683594
2020-04-21,46.83880615234375,249.72459411621094,197.45423889160156,59.50914001464844,6.696130275726318,158.7699432373047,116.40599822998047,60.03671646118164
2020-04-22,47.715152740478516,255.26719665527344,203.31361389160156,62.871952056884766,7.109560012817383,164.16249084472656,118.17449951171875,62.32741165161133
2020-04-23,47.4412956237793,255.2488555908203,202.87991333007812,62.293819427490234,7.056388854980469,162.17575073242188,119.97250366210938,62.95940017700195
2020-04-24,48.39067077636719,258.806640625,206.07943725585938,63.55125045776367,7.195028781890869,165.13697814941406,120.51100158691406,63.22834396362305
2020-04-27,48.71929931640625,262.53826904296875,207.7370147705078,64.3365478515625,7.3811235427856445,164.6639404296875,118.80000305175781,62.94404983520508
2020-04-28,48.564125061035156,261.33099365234375,203.82437133789062,63.907772064208984,7.239006519317627,160.65257263183594,115.7040023803711,61.048583984375
2020-04-29,49.184852600097656,268.1723327636719,211.0522003173828,66.90924835205078,7.415410041809082,167.8616485595703,118.635498046875,66.47643280029297
2020-04-30,48.35414505004883,265.67535400390625,210.96543884277344,64.4281005859375,7.2618632316589355,169.54571533203125,123.69999694824219,66.70030212402344
2020-05-01,47.2769889831543,258.64202880859375,205.0193634033203,61.39289474487305,7.02583122253418,165.15591430664062,114.302001953125,65.2451400756836
2020-05-04,47.2404670715332,259.35546875,207.4093475341797,62.07219696044922,7.2372660636901855,169.19564819335938,115.79949951171875,65.52152252197266
2020-05-05,47.51432800292969,261.7516784667969,209.76080322265625,62.881587982177734,7.298140048980713,171.01210021972656,115.88999938964844,66.81521606445312
2020-05-06,47.34089279174805,259.9773864746094,211.0522003173828,63.61870574951172,7.3987627029418945,172.6960906982422,117.56300354003906,66.63740539550781
2020-05-07,48.01639175415039,263.1144714355469,213.7698516845703,64.19683837890625,7.574670791625977,173.69895935058594,118.38050079345703,67.81864929199219
2020-05-08,48.90187454223633,267.46795654296875,216.6995086669922,65.83488464355469,7.764241695404053,174.720703125,118.98049926757812,68.56456756591797
2020-05-11,48.8653564453125,267.52288818359375,218.6365203857422,65.86861419677734,8.015680313110352,176.66961669921875,120.44999694824219,69.5179672241211
2020-05-12,47.715152740478516,262.1907653808594,214.05894470214844,64.05712890625,7.754301071166992,172.66769409179688,117.84750366210938,68.11087799072266
2020-05-13,47.149192810058594,257.5536804199219,211.37982177734375,62.92013931274414,7.731941223144531,170.05654907226562,118.39600372314453,66.7810287475586
2020-05-14,48.29939651489258,260.635986328125,213.7794647216797,64.68344116210938,7.98089599609375,170.79452514648438,119.44249725341797,67.20352172851562
2020-05-15,48.308509826660156,261.83404541015625,215.167236328125,63.209197998046875,8.438301086425781,173.28268432617188,120.48899841308594,68.00586700439453
2020-05-18,48.51847839355469,269.8094177246094,219.17623901367188,65.93124389648438,8.69620132446289,174.93836975097656,121.31300354003906,68.60616302490234
2020-05-19,47.77906036376953,267.0381164550781,218.6269073486328,65.68553161621094,8.751106262207031,173.72732543945312,122.46649932861328,68.0722427368164
2020-05-20,48.290260314941406,271.57452392578125,222.99253845214844,68.06550598144531,8.914591789245605,176.13705444335938,124.89700317382812,69.79386138916016
2020-05-21,47.66950988769531,269.69970703125,220.56396484375,66.34075164794922,8.721044540405273,174.0214080810547,122.33699798583984,69.67449951171875
2020-05-22,48.0346565246582,270.2117919921875,221.32534790039062,66.48046875,8.970492362976074,174.09732055664062,121.84400177001953,69.99594116210938
2020-05-26,48.18071365356445,273.54095458984375,220.72779846191406,67.05378723144531,8.663898468017578,172.2568359375,121.09300231933594,70.39860534667969
2020-05-27,48.564125061035156,277.6109924316406,221.9324493408203,68.06550598144531,8.472586631774902,172.48458862304688,120.51950073242188,70.34461975097656
2020-05-28,48.947513580322266,277.0987548828125,221.643310546875,66.61054992675781,8.434575080871582,172.0955352783203,120.05500030517578,70.24358367919922
2020-05-29,49.08445358276367,278.3335266113281,224.89102172851562,67.945068359375,8.82067584991455,173.85064697265625,122.11849975585938,71.0003890991211
2020-06-01,48.43631362915039,279.45849609375,225.5656280517578,67.84388732910156,8.751850128173828,173.4521942138672,123.552001953125,71.0672378540039
2020-06-02,48.63714599609375,281.77252197265625,227.07862854003906,69.17842102050781,8.770733833312988,175.42556762695312,123.62049865722656,71.43573760986328
2020-06-03,48.82884216308594,285.52239990234375,228.10020446777344,71.08625793457031,8.715331077575684,175.85243225097656,123.91999816894531,71.2841796875
2020-06-04,48.244606018066406,284.7723693847656,226.50042724609375,71.87155151367188,8.716323852539062,173.53758239746094,123.02999877929688,70.04843139648438
2020-06-05,49.276145935058594,292.0708923339844,230.99130249023438,73.5674057006836,8.86894416809082,177.5980682373047,124.1500015258789,71.32231903076172
2020-06-08,50.29854965209961,295.60137939453125,232.78382873535156,73.34579467773438,8.75460433959961,178.69854736328125,126.2030029296875,71.71953582763672
2020-06-09,49.458717346191406,293.397216796875,234.47027587890625,73.48069763183594,8.994224548339844,180.064697265625,130.04299926757812,71.91964721679688
2020-06-10,49.394813537597656,291.760009765625,237.28431701660156,73.85647583007812,9.313138008117676,186.74362182617188,132.37249755859375,72.54469299316406
2020-06-11,46.83880615234375,274.9403076171875,225.52708435058594,69.32294464111328,8.745903968811035,176.7157745361328,127.89800262451172,69.43428802490234
2020-06-12,47.34089279174805,278.2329406738281,227.31956481933594,70.30095672607422,8.881373405456543,178.1103973388672,127.2509994506836,69.98009490966797
2020-06-15,48.60975646972656,280.83038330078125,230.08541870117188,71.21151733398438,9.12124252319336,179.248779296875,128.63400268554688,70.36739349365234
2020-06-16,49.83298110961914,286.2358093261719,234.03665161132812,72.32442474365234,9.016593933105469,183.64129638671875,130.7635040283203,71.64177703857422
2020-06-17,47.0305061340332,285.0468444824219,234.77865600585938,73.09044647216797,9.183136940002441,184.27694702148438,132.0489959716797,71.94241333007812
2020-06-18,49.01142501831055,285.1566162109375,235.41473388671875,72.9892807006836,9.165240287780762,186.25027465820312,132.69900512695312,71.03009796142578
2020-06-19,49.659542083740234,283.5268859863281,235.37619018554688,72.64720916748047,9.208243370056152,185.1402587890625,133.75050354003906,70.56058502197266
2020-06-22,50.31679916381836,285.34576416015625,238.19895935058594,73.31206512451172,9.472223281860352,190.28225708007812,135.6909942626953,71.84929656982422
2020-06-23,50.380699157714844,286.6594543457031,240.22625732421875,73.55296325683594,9.39591121673584,191.55355834960938,138.2205047607422,72.50902557373047
2020-06-24,49.69606018066406,279.34710693359375,235.2738494873047,72.01126098632812,9.182641983032227,187.69229125976562,136.72000122070312,70.95977783203125
2020-06-25,49.778221130371094,282.34185791015625,237.51353454589844,72.502685546875,9.435683250427246,190.06405639648438,137.72900390625,71.37581634521484
2020-06-26,49.458717346191406,275.6358642578125,231.90464782714844,71.14407348632812,9.102602005004883,186.25975036621094,134.64349365234375,67.48484802246094
2020-06-29,49.98817825317383,279.6870422363281,234.43399047851562,71.86674499511719,9.147344589233398,188.2615509033203,134.0189971923828,69.20001220703125
2020-06-30,50.45372772216797,283.2696838378906,239.02923583984375,73.61558532714844,9.443387031555176,193.07142639160156,137.9409942626953,70.23417663574219
2020-07-01,50.65456771850586,285.2539367675781,241.8191680908203,72.77247619628906,9.475454330444336,194.20045471191406,143.93499755859375,71.4203872680664
2020-07-02,51.06535339355469,286.8247375488281,243.46031188964844,73.8853759765625,9.557232856750488,195.680419921875,144.51499938964844,72.80372619628906
2020-07-06,51.6678352355957,291.2525634765625,249.44570922851562,75.92330169677734,9.78293228149414,199.89266967773438,152.8520050048828,74.27571105957031
2020-07-07,51.40310287475586,288.2486877441406,247.7272491455078,74.97901916503906,9.81524658203125,197.56832885742188,150.00599670410156,73.79380798339844
2020-07-08,51.722618103027344,290.45343017578125,250.9902801513672,76.05339050292969,10.157526016235352,201.91342163085938,154.0554962158203,74.47135162353516
2020-07-09,52.51679229736328,288.7998962402344,253.1044464111328,77.37345123291016,10.448848724365234,203.32701110839844,159.13150024414062,75.2172622680664
2020-07-10,52.38898849487305,291.7486572265625,254.83253479003906,77.06993103027344,10.419270515441895,202.7103271484375,160.0,76.22515869140625
2020-07-13,52.04210662841797,289.22247314453125,249.5904541015625,75.96185302734375,9.994715690612793,196.44888305664062,155.1999969482422,74.89878845214844
2020-07-14,52.43629837036133,292.97039794921875,251.3571319580078,77.23855590820312,10.317606925964355,197.6632080078125,154.1999969482422,75.32622528076172
2020-07-15,51.904598236083984,295.6619567871094,251.8688201904297,76.88685607910156,10.168713569641113,197.36911010742188,150.44349670410156,75.12908935546875
2020-07-16,51.17122268676758,294.6882629394531,250.15040588378906,76.82905578613281,10.076741218566895,193.46043395996094,149.9949951171875,75.03202056884766
2020-07-17,50.32783889770508,295.5426025390625,250.4400634765625,77.18556213378906,10.143113136291504,192.47377014160156,148.09849548339844,75.12760162353516
2020-07-20,50.78621292114258,297.93109130859375,257.54534912109375,78.72725677490234,10.450591087341309,200.74652099609375,159.8419952392578,77.45496368408203
2020-07-21,51.25373458862305,298.5649719238281,254.86138916015625,78.33219146728516,10.269383430480957,198.0426788330078,156.9145050048828,77.06269836425781
2020-07-22,51.345401763916016,300.2643737792969,255.75927734375,78.90550231933594,10.37900161743164,200.88882446289062,154.99549865722656,77.5049819946289
2020-07-23,51.11623001098633,296.68170166015625,249.07888793945312,77.60470581054688,10.071770668029785,192.1511993408203,149.32749938964844,75.12264251708984
2020-07-24,51.0153923034668,294.7709045410156,246.71365356445312,76.82422637939453,10.136150360107422,190.97483825683594,150.44549560546875,74.69969177246094
2020-07-27,50.73120880126953,296.9205322265625,251.11581420898438,79.92205047607422,10.361851692199707,193.39405822753906,152.760498046875,75.75067901611328
2020-07-28,50.74037170410156,295.037353515625,247.92039489746094,77.8456039428711,10.157029151916504,191.65789794921875,150.01649475097656,74.47383117675781
2020-07-29,51.06121826171875,298.6659851074219,250.77793884277344,79.80642700195312,10.405600547790527,193.59327697753906,151.67649841308594,75.45746612548828
2020-07-30,50.64870071411133,297.60028076171875,252.09088134765625,80.55799865722656,10.553248405456543,193.4414825439453,152.593994140625,76.19347381591797
2020-07-31,50.83205032348633,299.95208740234375,256.5896301269531,80.08103942871094,10.553995132446289,194.49452209472656,158.23399353027344,73.69622039794922
2020-08-03,51.31790542602539,302.0373840332031,260.0551452636719,81.50708770751953,10.947232246398926,205.43313598632812,155.59449768066406,73.43917083740234
2020-08-04,51.336246490478516,303.2040100097656,261.02056884765625,82.69226837158203,11.163485527038574,202.349853515625,156.94149780273438,72.97063446044922
2020-08-05,50.87788009643555,305.08709716796875,261.66741943359375,82.76453399658203,11.222148895263672,202.0177764892578,160.25149536132812,73.25739288330078
2020-08-06,50.676204681396484,307.1265563964844,265.13323974609375,82.6200180053711,11.270620346069336,205.2528839111328,161.25,74.53821563720703
2020-08-07,50.63036346435547,307.3470458984375,262.0729064941406,81.67090606689453,11.135397911071777,201.5813446044922,158.3730010986328,74.21233367919922
2020-08-10,50.36451721191406,308.26568603515625,260.9530944824219,81.72872161865234,11.101097106933594,197.56832885742188,157.4080047607422,74.13554382324219
2020-08-11,49.75032043457031,305.7210388183594,256.0103759765625,80.57246398925781,10.787898063659668,192.94815063476562,154.0334930419922,73.3292236328125
2020-08-12,49.65864562988281,309.98358154296875,262.44940185546875,83.10660552978516,11.374770164489746,198.46009826660156,158.11199951171875,74.65162658691406
2020-08-13,49.52113723754883,309.4231262207031,263.0480041503906,82.31649017333984,11.377504348754883,197.9952392578125,158.05099487304688,75.1176986694336
2020-08-14,49.6861457824707,309.432373046875,262.739013671875,82.22975158691406,11.497812271118164,198.18499755859375,157.4010009765625,74.52235412597656
2020-08-17,49.4936408996582,310.41522216796875,265.78961181640625,83.42939758300781,12.266387939453125,199.49420166015625,159.12049865722656,75.09739685058594
2020-08-18,50.584537506103516,311.0859375,268.34796142578125,82.91390228271484,12.190574645996094,200.6421356201172,165.62449645996094,77.05577087402344
2020-08-19,51.51959228515625,309.7906188964844,266.54266357421875,82.40803527832031,12.069022178649902,199.42486572265625,163.0240020751953,76.50252532958984
2020-08-20,50.65786361694336,310.75518798828125,270.2400817871094,81.74798583984375,12.07150936126709,204.06573486328125,164.86849975585938,78.06962585449219
2020-08-21,50.593692779541016,311.8575134277344,272.1128845214844,82.340576171875,12.6109037399292,202.5822296142578,164.23599243164062,78.03594207763672
2020-08-24,51.345401763916016,315.0176086425781,273.81207275390625,83.0728759765625,12.647442817687988,203.21937561035156,165.3730010986328,78.51040649414062
2020-08-25,51.41874694824219,316.1199951171875,275.9647521972656,84.01234436035156,12.677022933959961,205.86314392089844,167.32449340820312,79.53565216064453
2020-08-26,52.7021598815918,319.28924560546875,281.85369873046875,84.47966766357422,12.699892044067383,210.31381225585938,172.09249877929688,81.43160247802734
2020-08-27,52.417972564697266,319.9874267578125,280.97515869140625,83.29450225830078,12.555971145629883,215.477783203125,170.0,80.6584701538086
2020-08-28,53.05967330932617,322.0543518066406,282.4039001464844,84.619384765625,13.072497367858887,217.69361877441406,170.08999633789062,81.19882202148438
2020-08-31,52.45463180541992,320.8876953125,284.6725769042969,84.48929595947266,13.297950744628906,214.4791717529297,172.54800415039062,80.70848846435547
2020-09-01,52.85799026489258,323.9100341796875,289.53814697265625,86.14662170410156,13.746006965637207,216.13394165039062,174.95599365234375,81.97395324707031
2020-09-02,54.113887786865234,328.5950927734375,292.27978515625,88.43024444580078,14.268656730651855,220.29937744140625,176.57249450683594,85.06008911132812
2020-09-03,52.34463119506836,317.28662109375,277.4612121582031,83.73291015625,12.944876670837402,206.65248107910156,168.39999389648438,80.70752716064453
2020-09-04,51.08872604370117,314.6961364746094,273.7637634277344,82.58145904541016,12.554008483886719,203.75198364257812,164.7310028076172,78.3152847290039
2020-09-08,50.71286392211914,306.09771728515625,260.6054992675781,78.91996002197266,11.848358154296875,192.72984313964844,157.49200439453125,75.46192169189453
2020-09-09,52.20711898803711,312.1423034667969,268.2610168457031,81.17949676513672,12.646007537841797,200.93698120117188,163.4304962158203,76.63227844238281
2020-09-10,52.555477142333984,306.722412109375,262.9128112792969,80.15813446044922,12.244945526123047,195.30706787109375,158.7554931640625,75.58326721191406
2020-09-11,52.25294876098633,306.8785400390625,261.0882263183594,80.00395202636719,12.098492622375488,194.03271484375,155.81100463867188,75.0736312866211
2020-09-14,54.508087158203125,310.9205322265625,265.63519287109375,81.80580139160156,12.80240249633789,195.3450927734375,155.14849853515625,74.73039245605469
2020-09-15,55.86482238769531,312.49139404296875,269.4001159667969,83.52574920654297,12.92050838470459,198.54994201660156,157.80650329589844,76.0324935913086
2020-09-16,55.39730453491211,311.2512512207031,265.10418701171875,82.49956512451172,12.446593284606934,195.00274658203125,153.90499877929688,74.89185333251953
2020-09-17,55.16812515258789,308.513671875,260.96270751953125,82.3116683959961,12.395872116088867,192.9676055908203,150.43649291992188,73.6511459350586
2020-09-18,54.7739372253418,304.9617919921875,257.6321716308594,81.06869506835938,12.123108863830566,190.57106018066406,147.74549865722656,71.87060546875
2020-09-21,55.75481414794922,301.5677795410156,258.2499694824219,81.10722351074219,12.449329376220703,192.61569213867188,148.02349853515625,70.83297729492188
2020-09-22,55.571475982666016,304.63909912109375,263.0480041503906,81.77207946777344,12.569175720214844,197.25662231445312,156.44949340820312,72.30299377441406
2020-09-23,54.049720764160156,297.57427978515625,255.01597595214844,79.90279388427734,12.057962417602539,190.76129150390625,149.9929962158203,69.80526733398438
2020-09-24,54.36140441894531,298.3674011230469,256.20343017578125,80.60136413574219,12.280998229980469,193.23388671875,150.989501953125,70.47240447998047
2020-09-25,54.81977081298828,303.1910705566406,262.1597900390625,81.53600311279297,12.8038969039917,197.63699340820312,154.75650024414062,71.27477264404297
2020-09-28,54.61808776855469,308.2268371582031,267.60455322265625,83.60765075683594,12.964268684387207,199.17759704589844,158.70249938964844,72.24552154541016
2020-09-29,54.51725769042969,306.5483093261719,266.3977966308594,84.05089569091797,13.153985023498535,197.1044464111328,157.24400329589844,72.61006164550781
2020-09-30,54.72810363769531,308.8724365234375,268.2223815917969,83.92562103271484,13.457082748413086,200.02398681640625,157.43649291992188,72.5892562866211
2020-10-01,54.70976257324219,310.85540771484375,272.4797668457031,85.99726867675781,13.54062557220459,202.0496368408203,161.06300354003906,73.69376373291016
2020-10-02,53.9305534362793,307.9040832519531,264.81463623046875,83.41976165771484,12.99137020111084,196.0868377685547,156.25,72.0939712524414
2020-10-05,54.59975814819336,313.3641662597656,270.46209716796875,86.26223754882812,13.568472862243652,200.071533203125,159.9600067138672,73.44264221191406
2020-10-06,54.55392074584961,308.90936279296875,265.63519287109375,85.505859375,13.66196346282959,195.82061767578125,154.9980010986328,71.86712646484375
2020-10-07,55.76887893676758,314.2864685058594,270.23040771484375,87.33660888671875,13.888228416442871,199.5485076904297,159.7845001220703,72.2693099975586
2020-10-08,56.04500198364258,317.0718688964844,271.6688537597656,88.4061508178711,13.763659477233887,200.2617645263672,159.52749633789062,73.47235870361328
2020-10-09,56.284332275390625,319.9033508300781,275.8199768066406,89.92374420166016,13.688070297241211,205.2354736328125,164.33250427246094,74.81062316894531
2020-10-12,56.56966018676758,325.0498046875,284.3346862792969,91.5088119506836,14.148805618286133,210.5515899658203,172.14649963378906,77.49211883544922
2020-10-13,56.118648529052734,322.928466796875,284.32501220703125,91.23418426513672,14.170936584472656,211.94007873535156,172.18150329589844,77.61493682861328
2020-10-14,56.109439849853516,320.8994140625,281.9501647949219,90.7524185180664,14.018768310546875,210.03802490234375,168.1855010986328,77.43514251708984
2020-10-15,55.70445251464844,320.5028991699219,280.0580139160156,90.40071868896484,13.894195556640625,208.8968505859375,166.9324951171875,77.04041290283203
2020-10-16,55.49276351928711,320.30914306640625,278.5230712890625,89.8370361328125,13.73655891418457,208.8968505859375,163.635498046875,77.6461410522461
2020-10-19,54.87607192993164,315.4393310546875,273.97607421875,89.393798828125,13.42451286315918,203.72340393066406,160.36050415039062,75.77644348144531
2020-10-20,54.99571990966797,316.7029113769531,274.5650329589844,89.466064453125,13.571456909179688,204.13232421875,160.85049438476562,76.82298278808594
2020-10-21,54.92207717895508,316.1034240722656,274.35260009765625,88.89273834228516,13.451360702514648,204.2750244140625,159.2469940185547,78.5520248413086
2020-10-22,54.94049835205078,317.8372802734375,274.3429870605469,88.85902404785156,13.28850269317627,204.36056518554688,158.82000732421875,79.57577514648438
2020-10-23,55.133785247802734,318.91632080078125,274.883544921875,88.64704132080078,13.516508102416992,205.63487243652344,160.22000122070312,80.87938690185547
2020-10-26,52.91554260253906,313.0229187011719,270.7614440917969,86.74884033203125,13.069944381713867,199.7862548828125,160.3520050048828,78.46782684326172
2020-10-27,52.538169860839844,311.9437255859375,272.87554931640625,86.45014190673828,13.324060440063477,202.80091857910156,164.31649780273438,79.19044494628906
2020-10-28,51.166725158691406,301.28179931640625,262.237060546875,83.66063690185547,12.558484077453613,192.7488555908203,158.13900756835938,74.82794952392578
2020-10-29,51.5625114440918,304.34393310546875,266.8226623535156,85.72747039794922,12.953329086303711,194.6888885498047,160.55050659179688,77.11023712158203
2020-10-30,51.645362854003906,301.1712341308594,260.0551452636719,84.2869644165039,12.46599006652832,192.5491485595703,151.8074951171875,80.0438232421875
2020-11-02,51.95830535888672,304.54693603515625,260.6345520019531,84.94216918945312,12.512486457824707,192.416015625,150.2239990234375,80.4504623413086
2020-11-03,52.28046417236328,309.92388916015625,265.1427917480469,86.71029663085938,12.948856353759766,196.31507873535156,152.42050170898438,81.50738525390625
2020-11-04,51.99512481689453,316.8504943847656,276.9784240722656,89.89002990722656,13.719402313232422,205.7870635986328,162.05799865722656,86.46968841552734
2020-11-05,52.15159606933594,323.0299377441406,284.199462890625,93.45999908447266,14.08316707611084,212.34898376464844,166.10000610351562,87.29434204101562
2020-11-06,52.28046417236328,322.9561767578125,284.411865234375,94.91014862060547,14.482985496520996,212.7579345703125,165.56849670410156,87.15713500976562
2020-11-09,52.3172721862793,327.014404296875,278.60028076171875,93.87432861328125,13.55678939819336,207.6890869140625,157.18699645996094,87.24085235595703
2020-11-10,52.160797119140625,326.5347595214844,273.60919189453125,90.9692153930664,12.700709342956543,200.6707000732422,151.75100708007812,86.06702423095703
2020-11-11,52.64863586425781,328.96044921875,279.7298278808594,94.16822052001953,13.345191955566406,205.93923950195312,156.8695068359375,86.53804016113281
2020-11-12,51.95830535888672,325.7691650390625,278.41680908203125,93.15165710449219,13.383729934692383,204.8836669921875,155.51400756835938,86.31961059570312
2020-11-13,52.38169860839844,330.2792663574219,280.8592834472656,94.52471923828125,13.224848747253418,205.9011993408203,156.4405059814453,87.77774047851562
2020-11-16,52.602603912353516,334.4020080566406,283.0507507324219,97.18413543701172,13.441913604736328,206.58595275878906,156.55299377441406,87.86540985107422
2020-11-17,52.57499694824219,332.6035461425781,282.1528625488281,96.06641387939453,13.349420547485352,203.95169067382812,156.7830047607422,87.25273895263672
2020-11-18,51.77421569824219,328.6007080078125,280.0677185058594,95.58946990966797,13.355883598327637,201.26283264160156,155.2729949951172,86.21162414550781
2020-11-19,51.95830535888672,329.9841003417969,282.259033203125,96.8372573852539,13.367321014404297,202.54043579101562,155.8509979248047,87.09968566894531
2020-11-20,51.26797866821289,327.7244873046875,280.328369140625,96.34584045410156,13.016733169555664,200.6049041748047,154.97000122070312,86.00064086914062
2020-11-23,51.61774826049805,329.6890563964844,280.3379821777344,97.8297119140625,13.068700790405273,200.3379364013672,154.91949462890625,85.56381225585938
2020-11-24,52.98918533325195,335.0015563964844,284.2767333984375,98.13805389404297,12.887438774108887,203.9134979248047,155.9029998779297,87.36366271972656
2020-11-25,52.8419189453125,334.4850769042969,286.0242004394531,98.13324737548828,13.162933349609375,203.92306518554688,159.2534942626953,87.37506103515625
2020-11-27,53.164066314697266,335.4166259765625,288.6595764160156,99.448486328125,13.18929386138916,205.21978759765625,159.76699829101562,88.5087661743164
2020-11-30,53.12725067138672,333.9317321777344,289.2485046386719,100.50358581542969,13.328780174255371,204.11373901367188,158.40199279785156,86.89314270019531
2020-12-01,54.06608581542969,337.5839538574219,292.9555969238281,102.32951354980469,13.317343711853027,206.15423583984375,161.00399780273438,88.92183685302734
2020-12-02,54.37903594970703,338.2940979003906,293.33209228515625,102.7390365600586,13.47100830078125,205.353271484375,160.17649841308594,90.38839721679688
2020-12-03,54.55392074584961,338.2019348144531,293.7471618652344,102.70049285888672,13.327248573303223,204.2758331298828,159.3365020751953,90.23336029052734
2020-12-04,55.18901062011719,341.1165466308594,294.9443054199219,105.69715118408203,13.488664627075195,204.39022827148438,158.12899780273438,90.3284683227539
2020-12-07,55.0417366027832,340.41546630859375,296.61431884765625,106.29936218261719,13.53691291809082,204.32350158691406,157.89999389648438,89.99512481689453
2020-12-08,54.33301544189453,341.41168212890625,297.618408203125,106.43907928466797,13.281485557556152,205.96353149414062,158.864501953125,89.71281433105469
2020-12-09,54.97731018066406,338.3495788574219,290.8799743652344,103.14371490478516,12.864387512207031,201.94932556152344,155.2100067138672,88.05509948730469
2020-12-10,54.74720764160156,338.23883056640625,292.048095703125,103.22081756591797,12.905673027038574,200.72886657714844,155.07449340820312,87.54940032958984
2020-12-11,55.78729248046875,337.8422546386719,291.4012756347656,102.38250732421875,12.94646167755127,203.34141540527344,155.8209991455078,87.90353393554688
2020-12-14,55.925357818603516,336.32958984375,293.5155029296875,103.42797088623047,13.240446090698242,204.2377166748047,157.84849548339844,86.78717041015625
2020-12-15,56.93783187866211,340.87664794921875,296.6530456542969,105.05156707763672,13.29193115234375,204.17095947265625,158.25599670410156,87.22399139404297
2020-12-16,57.78464126586914,341.41168212890625,298.2845458984375,105.00820922851562,13.17453670501709,209.08140563964844,162.04800415039062,87.03132629394531
2020-12-17,58.548580169677734,343.32080078125,300.2346496582031,104.98411560058594,13.272780418395996,209.21485900878906,161.8040008544922,86.20519256591797
2020-12-18,59.883209228515625,341.94989013671875,299.32708740234375,104.62279510498047,13.20388126373291,208.42352294921875,160.08250427246094,85.49742126464844
2020-12-21,59.34935760498047,340.72723388671875,298.7671813964844,104.09496307373047,13.263826370239258,212.23745727539062,160.3090057373047,85.9104995727539
2020-12-22,59.9660530090332,340.1529846191406,299.57952880859375,103.91060638427734,13.210101127624512,213.5247039794922,160.3260040283203,85.20025634765625
2020-12-23,60.10411071777344,340.45867919921875,298.0707702636719,103.1343994140625,12.942481994628906,210.74050903320312,159.2635040283203,85.59699249267578
2020-12-24,59.791168212890625,341.7831115722656,299.3861083984375,104.2405014038086,12.92706298828125,212.3900146484375,158.63450622558594,85.89070892333984
2020-12-28,59.70832824707031,344.7193908691406,302.40350341796875,104.03189086914062,12.83378791809082,214.49728393554688,164.197998046875,87.8619155883789
2020-12-29,59.3309440612793,344.0616760253906,302.6743469238281,103.7699203491211,12.87682056427002,213.72496032714844,166.10000610351562,87.0595703125
2020-12-30,59.275733947753906,344.55267333984375,302.6839599609375,105.68619537353516,13.078283309936523,211.3698272705078,164.29249572753906,85.99419403076172
2020-12-31,59.54265594482422,346.3033142089844,303.4286804199219,105.96272277832031,12.987997055053711,212.07542419433594,162.84649658203125,86.80596923828125
2021-01-04,58.67744064331055,341.5887145996094,299.144287109375,106.17617797851562,13.046198844909668,207.56533813476562,159.3314971923828,85.49298858642578
2021-01-05,57.95030212402344,343.94134521484375,301.6104736328125,108.03424835205078,13.335953712463379,207.76560974121094,160.92550659179688,86.18241882324219
2021-01-06,57.811710357666016,345.9975891113281,297.4324951171875,107.704345703125,12.549758911132812,202.37840270996094,156.91900634765625,85.3320083618164
2021-01-07,58.27369689941406,351.13824462890625,304.62799072265625,112.14816284179688,13.275514602661133,208.1374969482422,158.10800170898438,87.88075256347656
2021-01-08,58.560123443603516,353.1389465332031,308.5448913574219,111.74549865722656,13.208610534667969,209.40557861328125,159.13499450683594,89.044189453125
2021-01-11,58.23673629760742,350.7584533691406,304.0863952636719,113.4192123413086,13.551590919494629,207.3746795654297,155.7104949951172,86.98675537109375
2021-01-12,57.67311477661133,350.8326721191406,303.6029052734375,113.94800567626953,13.415543556213379,204.93373107910156,156.04150390625,86.05264282226562
2021-01-13,57.34050750732422,351.7773742675781,305.653076171875,113.33189392089844,13.462301254272461,206.2781982421875,158.29449462890625,86.53902435302734
2021-01-14,56.91547393798828,350.5455017089844,304.0186767578125,116.1505126953125,13.132499694824219,203.11256408691406,156.37350463867188,85.73021697998047
2021-01-15,57.081790924072266,347.9891052246094,301.6104736328125,113.88978576660156,12.793502807617188,202.759765625,155.21249389648438,85.5667495727539
2021-01-19,56.62906265258789,350.7214050292969,306.01092529296875,117.79996490478516,12.958399772644043,206.3734893798828,156.03799438476562,88.38249206542969
2021-01-20,56.87852478027344,355.5749816894531,313.12908935546875,117.30998229980469,13.29715347290039,213.90609741210938,163.16900634765625,93.11742401123047
2021-01-21,56.555145263671875,355.89910888671875,315.6339111328125,119.1243667602539,13.796329498291016,214.5067596435547,165.34950256347656,93.31950378417969
2021-01-22,55.769775390625,354.63946533203125,314.7248840332031,116.88304901123047,13.642121315002441,215.44119262695312,164.6114959716797,93.73603820800781
2021-01-25,56.26871871948242,356.0380859375,317.326416015625,117.34394073486328,13.583179473876953,218.8546905517578,164.6999969482422,93.82122039794922
2021-01-26,57.10026168823242,355.4822692871094,317.7906799316406,115.31608581542969,13.36629581451416,221.52447509765625,166.30650329589844,94.498291015625
2021-01-27,57.79323196411133,346.794189453125,308.9316711425781,109.6836929321289,12.85145092010498,222.0679473876953,161.62899780273438,90.08973693847656
2021-01-28,56.56438064575195,349.7767028808594,310.7595520019531,111.9783706665039,12.984018325805664,227.8175048828125,161.88099670410156,91.78659057617188
2021-01-29,55.83445739746094,342.7742919921875,304.2217712402344,109.93595886230469,12.92308235168457,221.1717071533203,160.30999755859375,90.50675964355469
2021-02-01,56.83232498168945,348.4798583984375,311.8234558105469,114.24393463134766,13.16906452178955,228.50401306152344,167.1439971923828,93.76130676269531
2021-02-02,57.62692642211914,353.4075622558594,316.9104919433594,115.80606842041016,13.487173080444336,228.37057495117188,169.0,95.051513671875
2021-02-03,57.44213104248047,353.6854553222656,315.6533203125,113.62781524658203,13.461058616638184,231.6982421875,165.62649536132812,101.97364807128906
2021-02-04,58.53239440917969,357.705322265625,319.3865051269531,114.9425277709961,13.594121932983398,230.75428771972656,166.5500030517578,101.71363067626953
2021-02-05,58.76338195800781,359.1131591796875,320.4695739746094,114.10810089111328,13.521245002746582,230.9354248046875,167.6074981689453,103.45703887939453
2021-02-08,58.31065368652344,361.70672607421875,322.6166076660156,117.92125701904297,14.36464786529541,231.19288635253906,166.14700317382812,103.24356842041016
2021-02-09,58.82806396484375,361.4658203125,322.5489807128906,117.57195281982422,14.190046310424805,232.4324188232422,165.25,102.79137420654297
2021-02-10,58.4584846496582,361.3083801269531,321.81396484375,117.87273406982422,14.688472747802734,231.526611328125,164.32899475097656,103.34064483642578
2021-02-11,57.93181228637695,361.891845703125,323.5837097167969,122.23892974853516,15.172477722167969,233.11891174316406,163.10650634765625,103.45307159423828
2021-02-12,58.282928466796875,363.6795654296875,325.392333984375,123.49542236328125,14.884464263916016,233.595703125,163.885498046875,103.76410675048828
2021-02-16,57.414405822753906,363.36456298828125,324.5123291015625,124.25222778320312,15.251571655273438,232.36569213867188,163.44749450683594,104.54022979736328
2021-02-17,57.36820602416992,363.447998046875,322.9552001953125,121.84598541259766,14.829497337341309,233.37872314453125,165.4320068359375,104.93248748779297
2021-02-18,57.349735260009766,361.90118408203125,321.5430908203125,120.55067443847656,14.75289535522461,232.98683166503906,166.4114990234375,104.29801940917969
2021-02-19,56.48122787475586,361.2620849609375,320.14080810546875,123.15583038330078,14.849891662597656,230.29183959960938,162.4949951171875,103.45603942871094
2021-02-22,59.54874038696289,358.48333740234375,311.8427429199219,118.65380096435547,14.282073020935059,224.11810302734375,159.03700256347656,101.74482727050781
2021-02-23,59.59494400024414,358.9186706542969,310.914306640625,117.51373291015625,14.069417953491211,222.93304443359375,159.72500610351562,102.03507232666016
2021-02-24,59.77973175048828,362.87371826171875,313.47723388671875,121.29293060302734,14.424585342407227,224.1563262939453,157.97650146484375,103.20840454101562
2021-02-25,60.334102630615234,354.12994384765625,302.5484619140625,114.53016662597656,13.239202499389648,218.8426971435547,152.85800170898438,99.8473892211914
2021-02-26,59.604183197021484,352.3052062988281,303.8155822753906,116.89275360107422,13.644112586975098,222.08248901367188,154.64649963378906,100.14256286621094
2021-03-01,61.137935638427734,360.84521484375,312.9549560546875,120.40996551513672,13.770711898803711,226.4404296875,157.3070068359375,102.507568359375
2021-03-02,61.5906982421875,358.02947998046875,307.9355773925781,116.70841979980469,13.337444305419922,223.50643920898438,154.72650146484375,102.25101470947266
2021-03-03,61.8216667175293,353.2870788574219,298.999267578125,113.03111267089844,12.739031791687012,217.47605895996094,150.25,99.62252807617188
2021-03-04,60.62053298950195,348.915283203125,294.1055603027344,107.54424285888672,12.306760787963867,216.682861328125,148.8784942626953,100.73790740966797
2021-03-05,64.64897155761719,355.3341369628906,298.53497314453125,110.99353790283203,12.397543907165527,221.33706665039062,150.0229949951172,103.8651351928711
2021-03-08,66.67241668701172,353.56494140625,290.0822448730469,104.89543914794922,11.533751487731934,217.31361389160156,147.59750366210938,99.42886352539062
2021-03-09,67.11590576171875,358.6130676269531,301.52349853515625,111.1099853515625,12.460293769836426,223.42047119140625,153.1425018310547,101.05638122558594
2021-03-10,66.6354751586914,360.84521484375,300.6628112792969,108.85411834716797,12.408540725708008,222.1206817626953,152.8820037841797,100.84983825683594
2021-03-11,62.28365707397461,364.5038757324219,307.58740234375,113.42891693115234,12.9312744140625,226.62197875976562,155.67950439453125,104.03701782226562
2021-03-12,62.05265426635742,364.9948425292969,305.0921325683594,112.0123291015625,12.794432640075684,225.30313110351562,154.47450256347656,101.53382873535156
2021-03-15,62.57931900024414,367.1715087890625,308.3513488769531,114.42829895019531,13.12807846069336,224.40478515625,154.08399963378906,101.75374603271484
2021-03-16,61.766231536865234,366.70843505859375,310.0439147949219,115.679931640625,13.22760009765625,227.17628479003906,154.59300231933594,103.21237182617188
2021-03-17,61.184146881103516,367.9588317871094,311.320556640625,116.76663208007812,13.277359008789062,226.5359344482422,156.7864990234375,103.129638671875
2021-03-18,61.66457748413086,362.60516357421875,301.7845153808594,112.0899429321289,12.66157341003418,220.49603271484375,151.39950561523438,100.11434936523438
2021-03-19,61.221099853515625,361.9342346191406,302.84844970703125,113.3658447265625,12.784231185913086,220.1424102783203,153.7480010986328,100.39268493652344
2021-03-22,61.27653884887695,364.8242492675781,308.5278625488281,116.06803894042969,13.123102188110352,225.5325164794922,155.5435028076172,100.57744598388672
2021-03-23,62.15431213378906,361.95281982421875,307.1818542480469,113.1620864868164,13.00815486907959,227.05201721191406,156.875,101.10440826416016
2021-03-24,61.74775695800781,360.11279296875,302.0010986328125,111.2215576171875,12.582453727722168,225.02601623535156,154.35350036621094,100.6685791015625
2021-03-25,63.41086959838867,362.1386413574219,301.4782409667969,111.62907409667969,12.47521686553955,222.04425048828125,152.31300354003906,100.66510009765625
2021-03-26,64.90766906738281,367.9745178222656,306.0004577636719,117.22750854492188,12.777762413024902,226.00074768066406,152.60150146484375,100.28224182128906
2021-03-29,65.72074890136719,367.78863525390625,305.9132385253906,115.35003662109375,12.886242866516113,224.81573486328125,153.7864990234375,101.32532501220703
2021-03-30,65.18486785888672,366.8128356933594,304.3736267089844,114.85520935058594,12.810108184814453,221.57594299316406,152.76449584960938,101.35900115966797
2021-03-31,64.83374786376953,368.29974365234375,309.0314025878906,118.15411376953125,13.284326553344727,225.32228088378906,154.70399475097656,102.15394592285156
2021-04-01,66.34904479980469,372.2770690917969,314.29931640625,122.70951080322266,13.745607376098633,231.61068725585938,158.0500030517578,105.48523712158203
2021-04-05,68.52032470703125,377.6202697753906,320.5741271972656,124.75192260742188,13.920516014099121,238.03289794921875,161.3365020751953,109.90221405029297
2021-04-06,68.63119506835938,377.3973693847656,320.35150146484375,123.04424285888672,13.79511833190918,236.8765411376953,161.1909942626953,109.4217758178711
2021-04-07,68.7332763671875,377.8341064453125,321.12615966796875,122.76287841796875,14.075767517089844,238.8260955810547,163.96949768066406,110.89625549316406
2021-04-08,69.85608673095703,379.6275939941406,324.4765930175781,124.52391052246094,14.248438835144043,242.0276641845703,164.96499633789062,111.46086883544922
2021-04-09,70.13447570800781,382.3875732421875,326.4424133300781,124.23281860351562,14.331040382385254,244.512451171875,168.61000061035156,112.46333312988281
2021-04-12,70.63558197021484,382.5270080566406,326.0163269042969,122.7919921875,15.136165618896484,244.56979370117188,168.96949768066406,111.17312622070312
2021-04-13,71.14593505859375,383.6606140136719,329.8220520019531,122.5494155883789,15.604410171508789,247.03546142578125,170.0,111.65898895263672
2021-04-14,71.28514099121094,382.3504638671875,325.86138916015625,121.37539672851562,15.203839302062988,244.263916015625,166.64999389648438,111.03888702392578
2021-04-15,72.64923095703125,386.45770263671875,330.79998779296875,122.93266296386719,16.05997657775879,248.00071716308594,168.95449829101562,113.18545532226562
2021-04-16,73.26166534423828,387.7494812011719,331.18743896484375,122.45238494873047,15.836296081542969,249.1857452392578,169.9720001220703,113.06163024902344
2021-04-19,73.07608032226562,385.8443908691406,328.1563720703125,119.42030334472656,15.28818416595459,247.2743682861328,168.60049438476562,113.4088363647461
2021-04-20,73.53077697753906,383.0194396972656,325.76458740234375,117.7466049194336,15.098596572875977,246.81570434570312,166.7344970703125,112.87639617919922
2021-04-21,71.13665771484375,386.6436462402344,328.55352783203125,120.85144805908203,15.286938667297363,249.03282165527344,168.1009979248047,112.84371185302734
2021-04-22,69.47563934326172,383.11236572265625,324.59283447265625,118.17837524414062,14.779136657714844,245.77392578125,165.45199584960938,111.56439971923828
2021-04-23,69.56844329833984,387.26617431640625,328.6794128417969,120.89511108398438,15.192144393920898,249.5775604248047,167.04400634765625,113.91253662109375
2021-04-26,69.13229370117188,388.0747375488281,330.81939697265625,122.96178436279297,15.403877258300781,249.9598388671875,170.4499969482422,114.4078369140625
2021-04-27,69.80042266845703,387.9910583496094,329.3862609863281,122.24378204345703,15.308089256286621,250.36123657226562,170.8715057373047,113.4692611694336
2021-04-28,69.38282775878906,387.8795471191406,328.2726745605469,120.28868865966797,15.20358943939209,243.27960205078125,172.9250030517578,116.8401870727539
2021-04-29,70.40359497070312,390.3514709472656,329.4540100097656,121.39965057373047,15.251359939575195,241.32040405273438,173.5655059814453,118.51029968261719
2021-04-30,70.32935333251953,387.7865905761719,327.2945556640625,117.88729095458984,14.937620162963867,241.00506591796875,173.37100219726562,116.5657958984375
2021-05-03,71.75838470458984,388.62298583984375,325.551513671875,116.51921081542969,14.765695571899414,240.69924926757812,169.32449340820312,116.04969787597656
2021-05-04,72.87190246582031,386.22540283203125,319.6929626464844,115.07351684570312,14.28252124786377,236.80958557128906,165.593505859375,114.25430297851562
2021-05-05,73.48438262939453,386.3462829589844,318.6181640625,115.5829086303711,14.389261245727539,235.54812622070312,163.52699279785156,114.64755249023438
2021-05-06,73.99474334716797,389.431396484375,321.0196838378906,116.53376770019531,14.453448295593262,238.6636199951172,165.31849670410156,115.76591491699219
2021-05-07,74.60718536376953,392.2657775878906,323.62451171875,118.17837524414062,14.741314888000488,241.2726593017578,164.58050537109375,116.48802947998047
2021-05-10,74.37521362304688,388.3814392089844,315.4516296386719,112.93892669677734,14.197432518005371,236.2266387939453,159.52450561523438,113.50740051269531
2021-05-11,72.09246826171875,384.9151916503906,315.01580810546875,113.15723419189453,14.237738609313965,235.31875610351562,161.19549560546875,112.43310546875
2021-05-12,71.2201919555664,376.737548828125,306.8623046875,108.49026489257812,13.692610740661621,228.4091033935547,157.5970001220703,108.97551727294922
2021-05-13,72.51004028320312,381.26312255859375,309.2347412109375,109.72250366210938,13.599808692932129,232.26052856445312,158.07350158691406,110.40145874023438
2021-05-14,73.20599365234375,387.1175842285156,316.06170654296875,113.2009048461914,14.174790382385254,237.15365600585938,161.14500427246094,112.84519958496094
2021-05-17,73.3823013305664,386.132568359375,314.1443176269531,111.93955993652344,14.097662925720215,234.31527709960938,163.51950073242188,113.36724090576172
2021-05-18,73.0204086303711,382.8056945800781,312.0237121582031,111.32344055175781,13.948629379272461,232.30833435058594,161.61399841308594,112.05718994140625
2021-05-19,73.06678771972656,381.80206298828125,312.38189697265625,113.31733703613281,13.998391151428223,232.8831024169922,161.58999633789062,112.50444030761719
2021-05-20,73.04826354980469,385.9094543457031,318.4244079589844,116.13111114501953,14.542525291442871,236.10159301757812,162.38400268554688,114.26024627685547
2021-05-21,73.33592224121094,385.59356689453125,316.662109375,115.54410552978516,14.91995620727539,234.84674072265625,160.1540069580078,113.6252670288086
2021-05-24,73.66067504882812,389.5244445800781,321.9879455566406,118.08134460449219,15.537236213684082,240.2205352783203,162.24949645996094,116.93925476074219
2021-05-25,73.15032958984375,388.6601867675781,322.4333801269531,118.8575439453125,15.572813987731934,241.1209716796875,162.95249938964844,117.02987670898438
2021-05-26,73.54933166503906,389.431396484375,323.5567626953125,118.97883605957031,15.6248140335083,240.90066528320312,163.25799560546875,117.89366912841797
2021-05-27,73.28951263427734,389.6358947753906,322.3462829589844,119.55128479003906,15.41382884979248,238.8124237060547,161.5054931640625,117.0204849243164
2021-05-28,73.06678771972656,390.3328857421875,323.3630676269531,120.8902587890625,16.16670799255371,239.16683959960938,161.15350341796875,116.73171997070312
2021-06-01,73.8370132446289,389.9890441894531,322.2882080078125,120.71076965332031,16.186614990234375,236.98284912109375,160.9324951171875,117.93675231933594
2021-06-02,74.48654174804688,390.6023864746094,322.9176330566406,121.41905975341797,16.697904586791992,236.8870391845703,161.69949340820312,117.41223907470703
2021-06-03,75.24748229980469,389.15264892578125,319.55743408203125,119.34268188476562,16.888479232788086,235.36399841308594,159.35049438476562,116.2725830078125
2021-06-04,76.91780853271484,392.7117919921875,324.9802551269531,122.00121307373047,17.49406623840332,240.2301025390625,160.31100463867188,118.55040740966797
2021-06-07,77.89213562011719,392.33074951171875,325.9486083984375,121.3802490234375,17.534626007080078,243.12294006347656,159.90049743652344,118.98279571533203
2021-06-08,78.51387023925781,392.41448974609375,326.1035461425781,120.38087463378906,17.373395919799805,241.9351806640625,163.20550537109375,118.79161071777344
2021-06-09,78.43034362792969,391.82891845703125,326.1809387207031,120.00731658935547,17.279083251953125,242.9121856689453,164.0574951171875,119.26213836669922
2021-06-10,76.37031555175781,393.650390625,329.5798645019531,121.57429504394531,17.345529556274414,246.40847778320312,167.4824981689453,120.60881042480469
2021-06-11,76.92706298828125,394.30084228515625,330.4417419433594,122.00121307373047,17.743953704833984,247.03114318847656,167.3415069580078,120.36466217041016
2021-06-14,76.66724395751953,395.1836242675781,333.6082458496094,123.65067291259766,17.93656349182129,248.94696044921875,169.19349670410156,121.29133605957031
2021-06-15,75.75785827636719,394.45880126953125,331.429443359375,122.5833740234375,17.707368850708008,247.4813690185547,169.156494140625,120.27498626708984
2021-06-16,71.52641296386719,392.2564697265625,330.218994140625,121.550048828125,17.729015350341797,246.54261779785156,170.7624969482422,119.63410186767578
2021-06-17,71.97183227539062,392.1263427734375,334.412109375,122.9229736328125,18.57215690612793,249.91439819335938,174.46200561523438,120.595947265625
2021-06-18,70.73765563964844,386.83642578125,331.78778076171875,119.79385375976562,18.553739547729492,248.50625610351562,174.34500122070312,118.97883605957031
2021-06-21,72.37083435058594,392.3743896484375,333.8498840332031,120.10919952392578,18.34320640563965,251.57154846191406,172.697998046875,120.66429901123047
2021-06-22,73.0111083984375,394.4720458984375,336.9618835449219,120.89511108398438,18.80061149597168,254.3302764892578,175.27200317382812,121.17741394042969
2021-06-23,72.472900390625,393.9965515136719,337.12664794921875,121.50637817382812,18.970333099365234,254.10037231445312,175.1909942626953,120.975830078125
2021-06-24,72.13885498046875,396.327392578125,339.2110900878906,123.4905776977539,19.117904663085938,255.46066284179688,172.45399475097656,121.34530639648438
2021-06-25,72.8069839477539,397.735107421875,338.794189453125,123.00543975830078,18.9442081451416,253.8608856201172,170.072998046875,121.35372924804688
2021-06-28,72.84408569335938,398.5369567871094,342.91448974609375,125.989013671875,19.893850326538086,257.4051208496094,172.1945037841797,121.3809814453125
2021-06-29,72.472900390625,398.7513732910156,344.1553649902344,127.08541107177734,19.935415267944336,259.9722900390625,172.40699768066406,121.11996459960938
2021-06-30,72.23164367675781,399.0870666503906,343.6125183105469,127.22125244140625,19.911279678344727,259.4933166503906,172.00799560546875,120.93867492675781
2021-07-01,73.80917358398438,401.2966613769531,343.748291015625,125.3437728881836,20.119815826416016,260.1639404296875,171.64849853515625,121.29033660888672
2021-07-02,75.92489624023438,404.3639221191406,347.6940002441406,126.03751373291016,20.393564224243164,265.95916748046875,175.5489959716797,124.07682037353516
2021-07-06,77.09410095214844,403.6274108886719,349.1966857910156,125.99871826171875,20.60409927368164,265.96868896484375,183.78700256347656,125.00054168701172
2021-07-07,79.88721466064453,405.0538024902344,349.93353271484375,124.25222778320312,20.27884292602539,268.14306640625,184.82899475097656,125.28185272216797
2021-07-08,79.42324829101562,401.7534484863281,347.8200378417969,122.5882339477539,19.811983108520508,265.7388610839844,186.57049560546875,123.8653335571289
2021-07-09,81.43692016601562,406.04205322265625,349.99163818359375,124.67914581298828,19.958805084228516,266.2369079589844,185.9669952392578,124.3353500366211
2021-07-12,80.80592346191406,407.49652099609375,351.3585510253906,126.31404113769531,20.4189510345459,265.6430358886719,185.92750549316406,125.77863311767578
2021-07-13,80.79662322998047,406.10736083984375,351.3585510253906,126.04236602783203,20.157644271850586,269.1488952636719,183.8679962158203,126.14116668701172
2021-07-14,82.22162628173828,406.71331787109375,351.9887390136719,125.76583862304688,19.751001358032227,270.6144714355469,184.08399963378906,127.02823638916016
2021-07-15,80.32162475585938,405.3241882324219,349.5166015625,122.31655883789062,18.87974739074707,269.1968078613281,181.55999755859375,125.8078384399414
2021-07-16,81.48583221435547,402.14501953125,346.68572998046875,119.75504302978516,18.078170776367188,268.9286193847656,178.68150329589844,125.7731704711914
2021-07-19,81.01084899902344,396.2062683105469,343.8451843261719,119.73080444335938,18.694101333618164,265.3460693359375,177.47950744628906,123.40371704101562
2021-07-20,82.5755615234375,401.88397216796875,347.83941650390625,121.19589233398438,18.527118682861328,267.5588073730469,178.6595001220703,125.01985168457031
2021-07-21,83.53487396240234,405.13775634765625,350.5248718261719,124.67914581298828,19.321474075317383,269.5511779785156,179.25999450683594,126.34672546386719
2021-07-22,84.46624755859375,405.9862060546875,352.8419189453125,123.92719268798828,19.5046329498291,274.0916748046875,181.90150451660156,127.21099090576172
2021-07-23,81.67212677001953,410.16290283203125,356.9621887207031,124.82953643798828,19.46880340576172,277.4730224609375,182.83200073242188,131.76119995117188
2021-07-26,81.83045959472656,411.1698303222656,357.2433776855469,124.6888427734375,19.206003189086914,276.87908935546875,184.99099731445312,132.77159118652344
2021-07-27,81.77458190917969,409.2959289550781,353.3072509765625,122.48634338378906,19.120393753051758,274.4748840332031,181.3195037841797,130.65670776367188
2021-07-28,81.19712829589844,409.1280822753906,354.6645202636719,124.6742935180664,19.414047241210938,274.1683044433594,181.51600646972656,134.8111572265625
2021-07-29,81.6162338256836,410.82489013671875,355.2947082519531,127.01262664794922,19.572324752807617,274.4364318847656,179.99600219726562,134.4976806640625
2021-07-30,81.15985107421875,408.82965087890625,353.4429626464844,127.65788269042969,19.41006851196289,272.91339111328125,166.37950134277344,133.45657348632812
2021-08-02,81.58829498291016,407.971923828125,353.4721374511719,128.56021118164062,19.659923553466797,272.8272705078125,166.57400512695312,133.58335876464844
2021-08-03,83.58142852783203,411.291015625,355.6146545410156,129.7245330810547,19.72463035583496,275.0303649902344,168.31199645996094,134.35154724121094
2021-08-04,83.87015533447266,409.2679443359375,356.12847900390625,131.14111328125,20.181537628173828,274.44610595703125,167.73599243164062,133.851806640625
2021-08-05,83.29271697998047,411.8597717285156,358.3873291015625,130.99557495117188,20.542875289916992,277.3292541503906,168.79949951171875,134.96722412109375
2021-08-06,83.37654876708984,412.54034423828125,356.8168029785156,130.29214477539062,20.27311134338379,277.2718811035156,167.2469940185547,134.45901489257812
2021-08-09,83.73046112060547,412.20477294921875,357.4760437011719,129.89918518066406,20.202442169189453,276.1894226074219,167.093505859375,135.6224365234375
2021-08-10,83.4883041381836,412.71746826171875,355.64373779296875,128.23516845703125,19.845075607299805,274.3789978027344,166.03399658203125,135.51744079589844
2021-08-11,83.47898864746094,413.7430419921875,355.0329284667969,127.89556121826172,19.609155654907227,274.8675537109375,164.60549926757812,134.9944610595703
2021-08-12,83.64662170410156,414.9830322265625,356.3126220703125,126.49838256835938,19.81421661376953,277.60711669921875,165.1750030517578,135.90081787109375
2021-08-13,84.1775131225586,415.73822021484375,357.5633239746094,127.3231201171875,20.095924377441406,280.5190734863281,164.69850158691406,136.42929077148438
2021-08-16,84.58732604980469,416.7171630859375,357.7183837890625,126.7749252319336,19.859010696411133,282.19537353515625,164.94949340820312,137.0057830810547
2021-08-17,84.70838165283203,413.98541259765625,354.56756591796875,124.3735122680664,19.3692569732666,280.7394104003906,162.09800720214844,135.37332153320312
2021-08-18,82.83633422851562,409.454345703125,351.1549377441406,122.7677230834961,18.95315933227539,279.0215759277344,160.06100463867188,134.17225646972656
2021-08-19,82.62213134765625,410.0882568359375,352.8515930175781,123.84471893310547,19.707704544067383,284.81817626953125,159.3874969482422,134.4010772705078
2021-08-20,82.83633422851562,413.3514709472656,356.506591796875,124.37836456298828,20.721065521240234,292.1025390625,159.99749755859375,136.13409423828125
2021-08-23,83.00399780273438,416.987548828125,361.8387145996094,127.95378875732422,21.85785484313965,292.3808288574219,163.2935028076172,138.7214813232422
2021-08-24,82.47309112548828,417.64947509765625,362.94384765625,128.04110717773438,21.693605422973633,290.43267822265625,165.28900146484375,139.92996215820312
2021-08-25,82.53829193115234,418.52581787109375,363.3607177734375,129.43345642089844,22.1116886138916,289.8472595214844,164.95899963378906,140.73974609375
2021-08-26,82.63143920898438,416.05517578125,361.05340576171875,129.63235473632812,21.96735382080078,287.0448303222656,165.8000030517578,140.1072998046875
2021-08-27,83.21818542480469,419.7751159667969,364.5628967285156,131.97555541992188,22.53276252746582,287.6494445800781,167.48150634765625,142.64659118652344
2021-08-30,83.31131744384766,421.62109375,368.6540832519531,132.39276123046875,22.584522247314453,291.3636169433594,171.07850646972656,143.22760009765625
2021-08-31,83.01327514648438,420.9964904785156,368.3535461425781,131.38851928710938,22.286834716796875,289.722412109375,173.5395050048828,143.33358764648438
2021-09-01,83.77703094482422,421.2201843261719,368.9643859863281,131.18478393554688,22.342588424682617,289.67449951171875,173.9499969482422,143.84671020507812
2021-09-02,83.63732147216797,422.5160827636719,368.7898254394531,131.5049591064453,22.29778480529785,289.0219421386719,173.156005859375,141.9364013671875
2021-09-03,83.82357788085938,422.41351318359375,369.9241943359375,132.58197021484375,22.742830276489258,289.0122985839844,173.90249633789062,142.38458251953125
2021-09-07,82.63143920898438,420.9031982421875,370.4476318359375,132.310302734375,22.562623977661133,288.0909118652344,175.46449279785156,142.92051696777344
2021-09-08,83.3299789428711,420.3904724121094,369.1583251953125,130.56381225585938,22.241039276123047,288.1197204589844,176.27499389648438,142.33656311035156
2021-09-09,83.39515686035156,418.5910339355469,367.8881530761719,131.102294921875,22.079750061035156,285.2788391113281,174.20799255371094,142.18798828125
2021-09-10,83.52554321289062,415.2906188964844,365.09619140625,132.09197998046875,22.379426956176758,283.8009338378906,173.45750427246094,139.54811096191406
2021-09-13,82.78977966308594,416.3534851074219,364.8440246582031,133.08163452148438,22.05485725402832,285.0294189453125,172.85850524902344,140.99085998535156
2021-09-14,80.4613265991211,414.106689453125,363.8067626953125,133.16897583007812,22.14446449279785,287.7166748046875,172.5,141.20086669921875
2021-09-15,81.7093734741211,417.5655517578125,366.5116271972656,133.6346893310547,22.243024826049805,292.5440673828125,173.7895050048828,143.068115234375
2021-09-16,81.2623062133789,416.903564453125,366.763671875,133.82875061035156,22.14446449279785,292.927978515625,174.41200256347656,142.25633239746094
2021-09-17,80.4613265991211,412.8424987792969,362.42034912109375,131.4710235595703,21.80396270751953,287.79339599609375,173.12600708007812,139.4728240966797
2021-09-20,80.25643157958984,405.9585876464844,354.9316101074219,128.2691192626953,21.020414352416992,282.44775390625,167.7864990234375,137.41192626953125
2021-09-21,80.95496368408203,405.5751953125,355.3683776855469,128.5408172607422,21.152830123901367,282.92755126953125,167.18150329589844,137.72247314453125
2021-09-22,82.37066650390625,409.5315856933594,358.6876525878906,130.85972595214844,21.84478187561035,286.5552978515625,169.00250244140625,138.96119689941406
2021-09-23,83.28337860107422,414.50732421875,361.9971618652344,132.5043487548828,22.383405685424805,287.4958801269531,170.8000030517578,139.88491821289062
2021-09-24,83.76770782470703,415.190185546875,362.3369445800781,132.14535522460938,21.984167098999023,287.2943420410156,171.2760009765625,140.8744659423828
2021-09-27,84.79220581054688,414.0023193359375,359.44464111328125,131.67478942871094,21.565017700195312,282.322998046875,170.2899932861328,139.74224853515625
2021-09-28,84.27996826171875,405.6594543457031,349.2732238769531,126.37226104736328,20.608224868774414,272.10186767578125,165.79800415039062,134.54966735839844
2021-09-29,84.98783111572266,406.34210205078125,348.70062255859375,124.46568298339844,20.427024841308594,272.5625,165.05599975585938,133.0870819091797
2021-09-30,81.15054321289062,401.3757019042969,347.4194641113281,124.32499694824219,20.625154495239258,270.56634521484375,164.2519989013672,132.4159393310547
2021-10-01,83.58142852783203,406.1457214355469,349.5740661621094,124.43172454833984,20.651042938232422,277.4571838378906,164.16299438476562,135.25595092773438
2021-10-04,83.13438415527344,400.907958984375,342.2366638183594,121.19104766845703,19.64546775817871,271.7083740234375,159.48899841308594,132.39964294433594
2021-10-05,85.21134948730469,405.0794982910156,346.8565673828125,122.89385986328125,20.361310958862305,277.1308898925781,161.0500030517578,134.74082946777344
2021-10-06,85.0716323852539,406.76300048828125,349.0791320800781,123.26740264892578,20.609224319458008,281.3056640625,163.10049438476562,136.26832580566406
2021-10-07,85.97506713867188,410.27978515625,352.2820739746094,124.80043029785156,20.982582092285156,282.97564697265625,165.1215057373047,137.91268920898438
2021-10-08,88.21814727783203,409.5315856933594,350.525146484375,123.58759307861328,20.739652633666992,282.97564697265625,164.43099975585938,138.46788024902344
2021-10-11,89.05929565429688,406.5666198730469,347.8368225097656,122.85018920898438,20.604248046875,282.3804931640625,162.31500244140625,137.6046142578125
2021-10-12,89.32096862792969,405.5658264160156,346.6237487792969,121.60826110839844,20.580347061157227,281.08489990234375,162.3665008544922,135.16281127929688
2021-10-13,90.09671783447266,407.0248718261719,349.3994445800781,122.64644622802734,20.847177505493164,284.37677001953125,164.21400451660156,136.28515625
2021-10-14,89.04994201660156,413.871337890625,355.8341369628906,126.32860565185547,21.6506404876709,290.5574645996094,164.9929962158203,139.8205108642578
2021-10-15,89.09668731689453,417.0232849121094,358.0762023925781,127.38616943359375,21.766132354736328,291.9586486816406,170.4510040283203,140.03546142578125
2021-10-18,90.19950866699219,418.25787353515625,361.67694091796875,128.39041137695312,22.124549865722656,294.9146423339844,172.33700561523438,141.4321746826172
2021-10-19,90.71355438232422,421.4847106933594,364.4139099121094,129.86036682128906,22.1922550201416,295.8167724609375,172.20750427246094,141.88687133789062
2021-10-20,90.32102966308594,423.14013671875,363.9383544921875,129.28790283203125,22.006071090698242,295.0297546386719,170.7530059814453,140.4326629638672
2021-10-21,90.00325775146484,424.24383544921875,366.16082763671875,130.76272583007812,22.592485427856445,298.24481201171875,171.75050354003906,140.54856872558594
2021-10-22,91.82575225830078,423.8042907714844,363.0842590332031,129.60809326171875,22.626338958740234,296.7092590332031,166.77749633789062,136.26980590820312
2021-10-25,91.48927307128906,426.0769958496094,366.801513671875,130.26304626464844,23.06440544128418,295.720703125,166.01849365234375,136.1514434814453
2021-10-26,90.6387939453125,426.4604797363281,367.9564208984375,131.00527954101562,24.608606338500977,297.6210021972656,168.80349731445312,137.995361328125
2021-10-27,89.75090789794922,424.5711669921875,368.8105163574219,129.89918518066406,24.343772888183594,310.1551208496094,169.62449645996094,144.83924865722656
2021-10-28,89.93782806396484,428.6678466796875,372.90625,132.3733367919922,24.831626892089844,311.28753662109375,172.32850646972656,144.47422790527344
2021-10-29,89.66680145263672,429.5376281738281,374.740478515625,132.7517547607422,25.45488166809082,318.2647399902344,168.6215057373047,146.6505126953125
2021-11-01,88.20877838134766,430.276611328125,376.02178955078125,134.27508544921875,25.71373748779297,316.1054382324219,165.90550231933594,142.1444091796875
2021-11-02,89.60134887695312,432.0162353515625,377.5940246582031,135.75473022460938,26.285221099853516,319.7139587402344,165.6374969482422,144.06166076660156
2021-11-03,89.86306762695312,434.6537780761719,381.6024475097656,137.0985565185547,26.48136329650879,320.5489196777344,169.1999969482422,145.21621704101562
2021-11-04,89.37704467773438,436.70208740234375,386.4940490722656,142.77459716796875,29.670316696166992,322.8905944824219,173.85000610351562,146.86993408203125
2021-11-05,88.74153137207031,438.21722412109375,386.8629150390625,143.89041137695312,29.621530532836914,322.52593994140625,175.94949340820312,147.44891357421875
2021-11-08,88.91909790039062,438.59136962890625,386.33868408203125,146.48101806640625,30.668914794921875,323.4184875488281,174.44900512695312,147.62623596191406
2021-11-09,88.40505981445312,437.1416320800781,383.6794738769531,146.67506408691406,30.522563934326172,322.42034912109375,178.81149291992188,147.5147705078125
2021-11-10,87.69475555419922,433.62493896484375,378.0405578613281,142.04689025878906,29.329809188842773,317.4777526855469,174.1024932861328,144.518310546875
2021-11-11,87.8910140991211,433.7652893066406,379.0886535644531,144.60354614257812,30.256729125976562,319.04217529296875,173.625,144.39251708984375
2021-11-12,87.42371368408203,437.03875732421875,383.07763671875,146.07351684570312,30.256729125976562,323.1593322753906,176.25750732421875,147.27651977539062
2021-11-15,87.87234497070312,437.1883850097656,382.99029541015625,145.87945556640625,29.89333152770996,322.53558349609375,177.28399658203125,147.05270385742188
2021-11-16,89.35835266113281,438.918701171875,385.7175598144531,147.771484375,30.07054901123047,325.8370666503906,177.03500366210938,146.4821319580078
2021-11-17,89.09668731689453,437.8525085449219,385.9213562011719,146.8933868408203,29.132678985595703,326.05816650390625,177.4499969482422,146.65150451660156
2021-11-18,88.47048950195312,439.3396911621094,389.9200744628906,150.5076141357422,31.53609848022461,328.1253356933594,184.80299377441406,148.4261474609375
2021-11-19,87.82561492919922,438.5539245605469,392.09405517578125,151.45851135253906,32.8403434753418,329.89447021484375,183.82850646972656,147.5227508544922
2021-11-22,88.42375946044922,437.3193359375,387.54217529296875,149.17349243164062,31.81586456298828,326.7408447265625,178.6284942626953,144.92294311523438
2021-11-23,86.86295318603516,437.8993225097656,385.77581787109375,148.09165954589844,31.606786727905273,324.6735534667969,179.0019989013672,144.4078369140625
2021-11-24,87.46110534667969,439.0683898925781,387.01806640625,149.58587646484375,32.53071975708008,324.8947448730469,179.02049255371094,144.74267578125
2021-11-26,86.2928237915039,429.2757263183594,379.68072509765625,145.248779296875,31.364852905273438,316.9818420410156,175.22799682617188,140.8427734375
2021-11-29,86.86295318603516,434.54150390625,387.9207458496094,151.080078125,33.22963333129883,323.6640319824219,178.07850646972656,144.15870666503906
2021-11-30,84.8067855834961,426.0863952636719,382.2235412597656,147.9169921875,32.5327033996582,317.856689453125,175.35350036621094,140.55999755859375
2021-12-01,83.88154602050781,421.3537902832031,375.7208557128906,147.39308166503906,31.30098533630371,317.3663024902344,172.18600463867188,139.72193908691406
2021-12-02,84.10585021972656,427.807373046875,378.4287414550781,147.7763214111328,31.989036560058594,316.7990417480469,171.8679962158203,141.61837768554688
2021-12-03,82.47028350830078,424.08477783203125,371.84832763671875,146.09776306152344,30.562149047851562,310.56866455078125,169.489501953125,140.66297912597656
2021-12-06,83.12449645996094,429.107421875,374.8279113769531,145.5398712158203,29.90894317626953,313.626220703125,171.36849975585938,141.80560302734375
2021-12-07,84.16190338134766,437.9834289550781,386.115478515625,152.59854125976562,32.28874969482422,322.0199279785156,176.1645050048828,145.88131713867188
2021-12-08,83.12449645996094,439.1432189941406,387.8431091308594,151.93878173828125,31.6903133392334,322.0680847167969,176.1580047607422,146.78968811035156
2021-12-09,82.96560668945312,436.1783142089844,382.13616943359375,148.26144409179688,30.360008239746094,320.27008056640625,174.17100524902344,146.24685668945312
2021-12-10,95.91934204101562,440.28424072265625,386.2901306152344,149.20262145996094,30.069250106811523,329.3464050292969,172.21200561523438,146.6064453125
2021-12-13,94.29312133789062,436.38409423828125,380.7095031738281,145.33126831054688,28.04093360900879,326.3273620605469,169.5675048828125,144.4519500732422
2021-12-14,93.35852813720703,433.3817138671875,376.76904296875,144.49195861816406,28.216190338134766,315.6933288574219,169.0915069580078,142.550537109375
2021-12-15,96.87265014648438,440.1532897949219,385.3583679199219,150.46881103515625,30.32914161682129,321.7602844238281,173.31500244140625,145.06063842773438
2021-12-16,96.47077941894531,436.2718505859375,375.4490661621094,143.92922973632812,28.265975952148438,312.3858642578125,168.87100219726562,143.08348083496094
2021-12-17,90.30232238769531,431.6286315917969,373.5759582519531,143.2548828125,27.682476043701172,311.3282165527344,170.0175018310547,140.38909912109375
2021-12-20,85.64796447753906,427.0389099121094,369.9521484375,142.178466796875,27.60082244873047,307.5881042480469,167.07899475097656,140.272216796875
2021-12-21,85.5264663696289,434.6226806640625,378.2317810058594,147.31427001953125,28.951040267944336,314.6838684082031,170.41700744628906,142.12014770507812
2021-12-22,83.98434448242188,438.9683532714844,382.838134765625,149.0652313232422,29.274656295776367,320.36614990234375,171.03700256347656,145.03488159179688
2021-12-23,83.8534927368164,441.6997375488281,385.7243957519531,150.34796142578125,29.513628005981445,321.7987976074219,171.06849670410156,145.5316619873047
2021-12-27,83.68524932861328,447.95068359375,392.09930419921875,154.3961181640625,30.813072204589844,329.2598876953125,169.66949462890625,146.5123291015625
2021-12-28,82.85345458984375,447.5846252441406,390.2819519042969,152.87442016601562,30.19272804260254,328.1061096191406,170.66099548339844,145.30433654785156
2021-12-29,82.4422378540039,448.1572265625,390.2236022949219,152.85003662109375,29.873092651367188,328.7792053222656,169.2010040283203,145.2726287841797
2021-12-30,82.25528717041016,446.9182434082031,389.05755615234375,151.11367797851562,29.45986557006836,326.25048828125,168.64450073242188,144.82240295410156
2021-12-31,81.50762939453125,445.79193115234375,386.6280822753906,150.60646057128906,29.28561019897461,323.3659362792969,166.7169952392578,143.48666381835938
2022-01-03,82.15249633789062,448.373046875,390.3500061035156,153.92791748046875,29.992584228515625,321.8565368652344,170.4044952392578,143.6248016357422
2022-01-04,83.03101348876953,448.222900390625,385.2869873046875,153.12803649902344,29.165124893188477,316.3375244140625,167.52200317382812,143.03839111328125
2022-01-05,80.80665588378906,439.61602783203125,373.4505615234375,147.8751678466797,27.486312866210938,304.1940612792969,164.35699462890625,136.476318359375
2022-01-06,80.99427795410156,439.2030944824219,373.18817138671875,149.34324645996094,28.057865142822266,301.79034423828125,163.25399780273438,136.44908142089844
2022-01-07,82.09183502197266,437.4666748046875,369.1454772949219,144.80247497558594,27.130836486816406,301.94415283203125,162.5540008544922,135.72547912597656
2022-01-10,83.75223541259766,436.9222412109375,369.38836669921875,144.98779296875,27.283184051513672,302.165283203125,161.48599243164062,137.36239624023438
2022-01-11,83.00179290771484,440.90179443359375,374.9373474121094,147.9141845703125,27.69840431213379,302.84796142578125,165.36199951171875,138.41880798339844
2022-01-12,82.8423080444336,442.09393310546875,376.4241943359375,149.17739868164062,27.879627227783203,306.0111999511719,165.20700073242188,140.09735107421875
2022-01-13,82.35450744628906,436.0024719238281,367.0075988769531,146.58270263671875,26.461702346801758,293.0600891113281,161.21400451660156,137.28070068359375
2022-01-14,82.26071166992188,436.1808166503906,369.291259765625,149.68951416015625,26.827136993408203,298.2520446777344,162.13800048828125,138.16575622558594
2022-01-18,80.25318145751953,428.4561767578125,360.0981140136719,142.99298095703125,25.79256248474121,290.99285888671875,158.91749572753906,134.7161102294922
2022-01-19,78.21753692626953,424.00732421875,356.1429138183594,139.04234313964844,24.960132598876953,291.6466369628906,156.2989959716797,133.84288024902344
2022-01-20,77.59840393066406,419.3143615722656,351.5172119140625,134.7844696044922,24.047040939331055,289.9833068847656,151.66749572753906,132.0509490966797
2022-01-21,77.12934875488281,411.0829772949219,341.77008056640625,132.5408935546875,23.27435302734375,284.6278381347656,142.64300537109375,129.122802734375
2022-01-24,77.31697845458984,412.8287353515625,343.3346862792969,134.2382049560547,23.272356033325195,284.95477294921875,144.54400634765625,129.57106018066406
2022-01-25,76.05059051513672,407.7885437011719,335.3756408691406,128.9219207763672,22.228824615478516,277.3782653808594,139.98599243164062,125.7385025024414
2022-01-26,74.66218566894531,406.7654113769531,334.8508605957031,130.7801971435547,22.674917221069336,285.2816467285156,138.87249755859375,128.01483154296875
2022-01-27,74.8404312133789,404.7568054199219,331.47882080078125,125.1956787109375,21.850444793701172,288.2910461425781,139.6374969482422,127.78899383544922
2022-01-28,75.49712371826172,414.8091125488281,341.8769226074219,127.63434600830078,22.742626190185547,296.3868103027344,143.97799682617188,132.09402465820312
2022-01-31,76.135009765625,422.2803955078125,352.80963134765625,134.32110595703125,24.381608963012695,299.00201416015625,149.57350158691406,134.0281219482422
2022-02-01,76.0224380493164,425.1335754394531,355.2099304199219,134.89662170410156,24.532958984375,296.8675537109375,151.19349670410156,136.3465576171875
2022-02-02,77.39202880859375,429.2633972167969,358.09619140625,138.3400421142578,25.134382247924805,301.3865051269531,150.6125030517578,146.60496520996094
2022-02-03,76.86670684814453,419.173583984375,343.5776062011719,132.20436096191406,23.845897674560547,289.64678955078125,138.8455047607422,141.74124145507812
2022-02-04,77.02616882324219,421.1446228027344,347.9118957519531,132.9213409423828,24.215320587158203,294.15606689453125,157.63949584960938,141.9423065185547
2022-02-07,75.74099731445312,419.79302978515625,345.1130065917969,133.1310577392578,24.622575759887695,289.3583679199219,157.9355010986328,137.88888549804688
2022-02-08,75.78791809082031,423.24700927734375,348.990478515625,135.85745239257812,25.00095558166504,292.8292541503906,161.4134979248047,138.08505249023438
2022-02-09,78.28318786621094,429.4417419433594,356.38592529296875,140.5884552001953,26.591148376464844,299.22314453125,161.1894989013672,140.2573699951172
2022-02-10,76.78227233886719,421.72650146484375,348.3200378417969,136.37933349609375,25.713899612426758,290.73321533203125,159.0034942626953,137.31333923339844
2022-02-11,74.81228637695312,413.41064453125,337.2706604003906,129.3706512451172,23.846893310546875,283.67596435546875,153.2935028076172,133.01673889160156
2022-02-14,74.06181335449219,412.05908203125,337.68853759765625,129.28285217285156,24.163536071777344,283.63751220703125,155.16700744628906,134.24851989746094
2022-02-15,74.83103942871094,418.70428466796875,346.0848083496094,136.31593322753906,26.382041931152344,288.89678955078125,156.510498046875,135.32083129882812
2022-02-16,74.28697204589844,419.173583984375,345.9974365234375,136.2866668701172,26.397972106933594,288.5596008300781,158.10049438476562,136.439697265625
2022-02-17,70.85356140136719,410.2194519042969,335.70611572265625,130.8240966796875,24.40251922607422,280.1099853515625,154.65249633789062,131.2896728515625
2022-02-18,69.95301818847656,407.563232421875,331.87725830078125,129.3706512451172,23.54120445251465,277.4122314453125,152.60150146484375,129.173828125
2022-02-22,69.53087615966797,403.1894226074219,328.5439453125,128.4829864501953,23.290279388427734,277.20989990234375,150.19749450683594,128.5898895263672
2022-02-23,67.98303985595703,396.037353515625,320.1282653808594,125.79071044921875,22.291555404663086,270.0320129394531,144.82699584960938,126.38536834716797
2022-02-24,70.17813873291016,401.997314453125,330.8858947753906,130.1071319580078,23.64674949645996,283.8289794921875,151.35800170898438,131.44024658203125
2022-02-25,71.62279510498047,410.86700439453125,336.0170593261719,131.92149353027344,24.05400848388672,286.4495849609375,153.7884979248047,133.1920928955078
2022-02-28,71.26632690429688,409.8158264160156,337.01800537109375,130.78506469726562,24.281036376953125,287.8755798339844,153.56300354003906,133.7839813232422
2022-03-01,71.30384826660156,403.57421875,331.8577880859375,126.65885925292969,23.376907348632812,284.1758728027344,151.14199829101562,132.79782104492188
2022-03-02,73.43331146240234,410.99847412109375,337.4261169433594,130.80458068847656,24.120847702026367,289.224365234375,152.05250549316406,133.3030242919922
2022-03-03,73.40515899658203,408.9523620605469,332.6060485839844,127.98548126220703,23.61692237854004,285.11041259765625,147.89849853515625,132.6373748779297
2022-03-04,71.75413513183594,405.6297912597656,327.7859191894531,124.5421142578125,22.84210777282715,279.27178955078125,145.64100646972656,130.6631317138672
2022-03-07,69.7184829711914,393.6720886230469,315.6968078613281,118.34305572509766,21.264589309692383,268.7217102050781,137.4530029296875,125.187255859375
2022-03-08,68.789794921875,390.68743896484375,314.2294921875,120.12814331054688,21.425928115844727,265.7735595703125,136.01449584960938,125.90641784667969
2022-03-09,71.3882827758789,401.1620788574219,325.5411376953125,125.34685516357422,22.919788360595703,277.9614562988281,139.2790069580078,132.16236877441406
2022-03-10,71.90421295166016,399.3505554199219,321.9260559082031,122.63508605957031,22.565250396728516,275.15777587890625,146.8175048828125,131.18121337890625
2022-03-11,73.00177764892578,394.2728576660156,315.249755859375,119.87940216064453,22.00952911376953,269.83935546875,145.52450561523438,128.64634704589844
2022-03-14,72.29821014404297,391.391357421875,309.1954650878906,116.41651916503906,21.2426815032959,266.3419494628906,141.85299682617188,124.76377868652344
2022-03-15,75.60967254638672,399.9982604980469,318.8940734863281,121.2938232421875,22.878955841064453,276.6607666015625,147.3665008544922,127.98017120361328
2022-03-16,75.00927734375,408.867919921875,330.7207946777344,127.71723175048828,24.395719528198242,283.63629150390625,153.10400390625,132.02420043945312
2022-03-17,75.60967254638672,413.9831848144531,334.724609375,128.5171356201172,24.66461753845215,284.43597412109375,157.23899841308594,132.57745361328125
2022-03-18,76.62279510498047,418.5174560546875,341.5757141113281,131.2923126220703,26.344707489013672,289.45562744140625,161.25050354003906,134.84237670898438
2022-03-21,75.9473648071289,418.39501953125,340.6260681152344,130.9850311279297,26.62455940246582,288.23199462890625,161.4915008544922,134.81861877441406
2022-03-22,76.73538208007812,423.2908935546875,347.3203125,131.88734436035156,26.415416717529297,292.9530334472656,164.88900756835938,138.54962158203125
2022-03-23,75.41265869140625,417.83953857421875,342.328857421875,128.59027099609375,25.529064178466797,288.5499572753906,163.4080047607422,136.9721221923828
2022-03-24,77.14810943603516,424.1382141113281,349.9376525878906,134.84786987304688,28.03476333618164,292.9915771484375,163.64950561523438,140.237548828125
2022-03-25,76.66970825195312,426.2095031738281,349.645751953125,134.28695678710938,27.57863426208496,292.5868835449219,164.77349853515625,140.3376007080078
2022-03-28,78.42391967773438,429.2412109375,355.0556945800781,135.26243591308594,28.10348129272461,299.35052490234375,168.99049377441406,140.1221466064453
2022-03-29,79.07120513916016,434.5512390136719,361.166015625,138.3205108642578,28.5386905670166,303.8884582519531,169.31500244140625,141.16220092773438
2022-03-30,78.19877624511719,431.8679504394531,357.1767578125,134.30648803710938,27.576642990112305,302.3950500488281,166.30099487304688,140.60061645507812
2022-03-31,77.60780334472656,425.220947265625,352.7496337890625,131.58494567871094,27.17429542541504,297.0478820800781,162.99749755859375,137.7566680908203
2022-04-01,76.932373046875,426.4261169433594,352.0782470703125,129.45358276367188,26.602643966674805,298.1172790527344,163.55999755859375,138.82945251464844
2022-04-04,78.86481475830078,430.0790710449219,359.3270263671875,131.58981323242188,27.247995376586914,303.4645690917969,168.34649658203125,141.6238555908203
2022-04-05,77.80480194091797,424.64666748046875,351.3485107421875,125.9126205444336,25.824840545654297,299.52392578125,164.05499267578125,139.26580810546875
2022-04-06,77.03555297851562,420.40045166015625,343.7202453613281,123.30815124511719,24.30708122253418,288.5596008300781,158.75599670410156,135.2609100341797
2022-04-07,76.79067993164062,422.5189208984375,344.5375671386719,123.3276596069336,24.108901977539062,290.361328125,157.7845001220703,134.6076202392578
2022-04-08,76.22563934326172,421.38909912109375,339.72125244140625,120.39640045166016,23.024356842041016,286.1220703125,154.4604949951172,132.03114318847656
2022-04-11,75.11438751220703,414.1866149902344,331.6842956542969,117.68949890136719,21.8272762298584,274.8398132324219,151.1219940185547,127.60921478271484
2022-04-12,74.70941162109375,412.65191650390625,330.28314208984375,117.05543518066406,21.415969848632812,271.7566833496094,150.78750610351562,126.51066589355469
2022-04-13,75.10494995117188,417.37823486328125,336.9967956542969,119.83551025390625,22.112110137939453,277.1136779785156,155.54100036621094,128.6696319580078
2022-04-14,74.82243347167969,412.18109130859375,329.2906799316406,116.18727111816406,21.170974731445312,269.60809326171875,151.7064971923828,125.53544616699219
2022-04-18,73.66407775878906,412.3505859375,329.54376220703125,118.1772232055664,21.693830490112305,270.2728576660156,152.78500366210938,126.4730224609375
2022-04-19,74.92601013183594,419.0069885253906,336.9093017578125,120.69391632080078,22.107126235961914,274.8782958984375,158.11549377441406,128.78355407714844
2022-04-20,75.61351013183594,418.6963195800781,331.99560546875,120.47443389892578,21.39405632019043,275.8995666503906,153.9980010986328,126.83307647705078
2022-04-21,74.8506851196289,412.4353332519531,325.1262512207031,117.17250061035156,20.10037612915039,270.5523681640625,148.29600524902344,123.63798522949219
2022-04-22,71.7711410522461,401.11846923828125,316.61260986328125,114.48509979248047,19.43511199951172,264.0199890136719,144.35000610351562,118.50780487060547
2022-04-25,72.49629974365234,403.4440002441406,320.6796569824219,116.46528625488281,19.82052993774414,270.4656677246094,146.07400512695312,121.91390228271484
2022-04-26,70.17015075683594,391.75994873046875,308.57562255859375,111.50018310546875,18.711088180541992,260.34918212890625,139.39100646972656,117.53160858154297
2022-04-27,70.40560150146484,392.8614501953125,308.2059020996094,110.96368408203125,18.339618682861328,272.8742980957031,138.16700744628906,113.2171630859375
2022-04-28,71.70523071289062,402.7848815917969,319.1521301269531,117.29930877685547,19.70101547241211,279.0501708984375,144.59649658203125,117.40530395507812
2022-04-29,69.12483215332031,387.8996887207031,304.7906799316406,112.10497283935547,18.4710750579834,267.3825378417969,124.28150177001953,113.03389739990234
2022-05-02,69.68986511230469,390.23468017578125,309.8794250488281,115.36788940429688,19.45303726196289,274.07867431640625,124.5,115.48407745361328
2022-05-03,69.02120971679688,392.0235290527344,310.21026611328125,116.3140869140625,19.52175521850586,271.4869384765625,124.25350189208984,116.2280044555664
2022-05-04,70.82939910888672,403.9617919921875,320.6990966796875,120.3037338256836,20.250761032104492,279.3873596191406,125.92849731445312,121.10856628417969
2022-05-05,68.55976104736328,389.60382080078125,304.5474548339844,114.65580749511719,18.76685905456543,267.2187194824219,116.40699768066406,115.4073257446289
2022-05-06,68.26781463623047,387.2783203125,300.8987121582031,113.4803695678711,18.59855079650879,264.6944580078125,114.77249908447266,114.65547180175781
2022-05-09,67.37315368652344,374.8787841796875,289.12542724609375,107.73490142822266,16.880615234375,254.9152069091797,108.78900146484375,111.45047760009766
2022-05-10,68.30548095703125,375.7449645996094,292.63800048828125,110.51985168457031,17.52297019958496,259.65545654296875,108.85900115966797,113.31671905517578
2022-05-11,66.89285278320312,369.7757568359375,283.9588317871094,107.13011169433594,16.561918258666992,251.03240966796875,105.37200164794922,112.53169250488281
2022-05-12,66.61031341552734,369.38970947265625,283.2874755859375,107.63735961914062,16.10878562927246,246.02239990234375,106.93049621582031,111.78031921386719
2022-05-13,67.02468872070312,378.2210388183594,293.7861022949219,113.28040313720703,17.633516311645508,251.5816192626953,113.05500030517578,114.95660400390625
2022-05-16,65.64974212646484,376.6864318847656,290.38067626953125,111.45140838623047,17.193328857421875,251.94772338867188,110.81050109863281,113.36624145507812
2022-05-17,67.69335174560547,384.43499755859375,297.90185546875,116.78231811523438,18.102588653564453,257.0733947753906,115.36849975585938,115.37512969970703
2022-05-18,64.32186889648438,368.9378662109375,283.27777099609375,111.20266723632812,16.868661880493164,245.3689422607422,107.11250305175781,110.8447494506836
2022-05-19,63.135257720947266,366.6781921386719,281.7598571777344,111.23193359375,17.053895950317383,244.46112060546875,107.31900024414062,109.3435287475586
2022-05-20,64.63263702392578,366.8382568359375,280.8841552734375,111.28559112548828,16.625661849975586,243.9010467529297,107.59100341796875,107.88143157958984
2022-05-23,65.96051025390625,373.701904296875,285.55462646484375,112.17813873291016,16.828821182250977,251.71363830566406,107.55699920654297,110.43712615966797
2022-05-24,65.00934600830078,370.84912109375,279.483154296875,109.21759796142578,16.087871551513672,250.71897888183594,104.0999984741211,104.97113037109375
2022-05-25,65.76274108886719,374.12548828125,283.39447021484375,111.49043273925781,16.9055118560791,253.51947021484375,106.7750015258789,104.80768585205078
2022-05-26,67.48616790771484,381.60107421875,291.2466125488281,115.2166976928711,17.77791976928711,256.78369140625,111.07749938964844,106.77645111083984
2022-05-27,68.54090881347656,390.96905517578125,300.75274658203125,119.78673553466797,18.73399543762207,263.8720703125,115.14649963378906,111.25779724121094
2022-05-31,67.73101806640625,388.77532958984375,299.9549255371094,119.28926086425781,18.595563888549805,262.5489807128906,120.20950317382812,112.68968200683594
2022-06-01,67.42965698242188,385.63067626953125,297.7364501953125,117.32856750488281,18.24500274658203,263.0801696777344,121.68399810791016,112.81845092773438
2022-06-02,68.87995147705078,392.9744567871094,305.8901672363281,121.47428131103516,19.511796951293945,265.16607666015625,125.51100158691406,116.51378631591797
2022-06-03,67.60858154296875,386.5251770019531,297.93109130859375,117.89433288574219,18.64336585998535,260.762451171875,122.3499984741211,113.46134185791016
2022-06-06,68.71986389160156,387.70208740234375,298.92352294921875,117.99188232421875,18.709095001220703,259.53594970703125,124.79000091552734,115.71935272216797
2022-06-07,68.45616912841797,391.42095947265625,301.501953125,118.9332046508789,18.84852409362793,263.1573791503906,123.0,116.04524993896484
2022-06-08,67.22247314453125,387.1653137207031,299.3322448730469,116.45553588867188,18.575586318969727,261.1390686035156,121.18000030517578,116.08932495117188
2022-06-09,65.18827056884766,377.9574279785156,291.3146667480469,113.35844421386719,17.97791290283203,255.7117156982422,116.1500015258789,113.75305938720703
2022-06-10,63.22941970825195,366.9983215332031,281.0399169921875,109.1639633178711,16.9080867767334,244.3162841796875,109.6500015258789,110.11369323730469
2022-06-13,60.31941223144531,353.0641174316406,267.97247314453125,103.0965805053711,15.5862398147583,233.95411682128906,103.66999816894531,105.38964080810547
2022-06-14,66.60091400146484,352.0001525878906,268.4590148925781,103.8525619506836,15.774506568908691,236.10772705078125,102.30999755859375,105.7095947265625
2022-06-15,65.64028930664062,357.0184020996094,275.1629333496094,105.75471496582031,16.462820053100586,243.12843322753906,107.66999816894531,108.72987365722656
2022-06-16,64.70797729492188,345.2025451660156,264.06109619140625,99.48737335205078,15.540416717529297,236.57125854492188,103.66000366210938,105.03404235839844
2022-06-17,63.77565383911133,345.94671630859375,267.27203369140625,100.3018798828125,15.818331718444824,239.1593780517578,106.22000122070312,106.13357543945312
2022-06-21,63.73798751831055,354.6554260253906,274.0151062011719,103.14534759521484,16.50167465209961,245.04058837890625,108.68000030517578,110.4925765991211
2022-06-22,62.654945373535156,354.0124206542969,273.615478515625,101.69190979003906,16.29647445678711,244.45147705078125,108.94999694824219,110.43663024902344
2022-06-23,63.69089126586914,357.4826354980469,277.6903381347656,101.16516876220703,16.161996841430664,249.98504638671875,112.44000244140625,111.18400573730469
2022-06-24,66.58207702636719,368.8484191894531,287.2050476074219,105.42793273925781,17.059492111206055,258.5219421386719,116.45999908447266,116.86296844482422
2022-06-27,66.3089828491211,367.4395446777344,285.099365234375,105.07676696777344,16.80350112915039,255.80838012695312,113.22000122070312,114.74163818359375
2022-06-28,64.5855484008789,359.9317321777344,276.41339111328125,102.42838287353516,15.919939041137695,247.68661499023438,107.4000015258789,110.95171356201172
2022-06-29,65.17884063720703,359.6385498046875,276.6667175292969,100.623779296875,15.481645584106445,251.33702087402344,108.91999816894531,110.64860534667969
2022-06-30,65.80042266845703,356.71673583984375,273.2352600097656,99.36544036865234,15.100135803222656,248.02459716796875,106.20999908447266,107.93590545654297
2022-07-01,66.74217224121094,360.4895935058594,275.0387878417969,95.59040069580078,14.466605186462402,250.68032836914062,109.55999755859375,107.7125473022461
2022-07-05,67.79693603515625,361.1703796386719,279.747314453125,96.09276580810547,14.905889511108398,253.83824157714844,113.5,112.19538879394531
2022-07-06,67.48616790771484,362.3902282714844,281.54107666015625,96.74633026123047,15.071246147155762,257.0829772949219,114.33000183105469,113.4920425415039
2022-07-07,67.6462631225586,367.81781005859375,287.5657653808594,101.21393585205078,15.796420097351074,259.1979675292969,116.33000183105469,117.6633529663086
2022-07-08,67.68392944335938,367.5152587890625,287.9264221191406,101.76020050048828,15.77649974822998,258.48333740234375,115.54000091552734,118.22846984863281
2022-07-11,67.7028579711914,363.3168029785156,281.7751159667969,99.32154083251953,15.093160629272461,255.44139099121094,111.75,114.58613586425781
2022-07-12,66.60554504394531,360.10186767578125,279.0454406738281,99.28252410888672,15.023433685302734,244.97296142578125,109.22000122070312,112.94573211669922
2022-07-13,66.24604797363281,358.21075439453125,278.4703063964844,100.06776428222656,15.10511589050293,244.05552673339844,110.4000015258789,110.30387115478516
2022-07-14,65.69738006591797,357.3407287597656,279.4646911621094,102.17964935302734,15.31230640411377,245.3689422607422,110.62999725341797,109.32717895507812
2022-07-15,66.91769409179688,364.1678466796875,284.5339660644531,104.7597427368164,15.700793266296387,247.9184112548828,113.55000305175781,110.72388458251953
2022-07-18,66.41632843017578,361.1609802246094,282.12603759765625,103.98424530029297,16.038476943969727,245.53306579589844,113.76000213623047,108.00227355957031
2022-07-19,68.33663177490234,370.91925048828125,290.8023681640625,108.73475646972656,16.926013946533203,250.632080078125,118.20999908447266,112.73722839355469
2022-07-20,68.667724609375,373.2831115722656,295.4134521484375,111.29533386230469,17.737855911254883,253.27809143066406,122.7699966430664,112.82637786865234
2022-07-21,70.51236724853516,377.0844421386719,299.6540832519531,113.1633529663086,17.97990608215332,255.76007080078125,124.62999725341797,113.26223754882812
2022-07-22,70.85291290283203,373.585693359375,294.3995666503906,110.60275268554688,17.251745223999023,251.43360900878906,122.41999816894531,106.8829345703125
2022-07-25,70.8150863647461,374.03961181640625,292.7227783203125,109.91993713378906,16.957895278930664,249.95611572265625,121.13999938964844,106.49661254882812
2022-07-26,70.0299301147461,369.6142883300781,286.97100830078125,108.26165008544922,16.468801498413086,243.26365661621094,114.80999755859375,104.03008270263672
2022-07-27,71.7705078125,379.2119140625,299.0984191894531,113.32917785644531,17.720916748046875,259.5263671875,120.97000122070312,111.9942855834961
2022-07-28,72.87728118896484,383.9681396484375,302.02301025390625,114.71432495117188,17.91416358947754,266.933349609375,122.27999877929688,113.14337158203125
2022-07-29,73.63406372070312,389.56591796875,307.5310363769531,115.6702880859375,18.092472076416016,271.1148681640625,134.9499969482422,115.22356414794922
2022-08-01,73.25566864013672,388.4123229980469,307.34576416015625,115.9043960571289,18.369386672973633,268.4784851074219,135.38999938964844,113.77732849121094
2022-08-02,72.22455596923828,385.8497314453125,306.4294738769531,115.6654052734375,18.454059600830078,265.3978576660156,134.16000366210938,114.0447769165039
2022-08-03,73.18946075439453,391.8920593261719,314.77423095703125,118.43083953857422,18.819631576538086,272.78558349609375,139.52000427246094,116.96698760986328
2022-08-04,73.21782684326172,391.627197265625,316.2463073730469,119.63553619384766,19.140384674072266,273.92510986328125,142.57000732421875,117.07594299316406
2022-08-05,73.1705322265625,390.9653625488281,313.66290283203125,118.82102966308594,18.915264129638672,273.21051025390625,140.8000030517578,116.36273193359375
2022-08-08,72.33808898925781,390.511474609375,312.6490783691406,116.7676773071289,17.723905563354492,270.70928955078125,139.41000366210938,116.1943359375
2022-08-09,72.62188720703125,388.9607238769531,309.11029052734375,111.880615234375,17.0196533203125,272.6213684082031,137.8300018310547,115.53063201904297
2022-08-10,73.35025787353516,397.13043212890625,317.73785400390625,116.41163635253906,18.0267276763916,279.2462463378906,142.69000244140625,118.57170104980469
2022-08-11,72.99079895019531,397.13043212890625,315.93426513671875,116.38724517822266,17.872325897216797,277.1795654296875,140.63999938964844,117.71980285644531
2022-08-12,74.87328338623047,403.853515625,322.08575439453125,119.67455291748047,18.636348724365234,281.90191650390625,143.5500030517578,120.53305053710938
2022-08-15,74.8354263305664,405.51763916015625,324.68865966796875,120.21593475341797,18.95808982849121,283.408447265625,143.17999267578125,120.92927551269531
2022-08-16,75.2232666015625,406.3119812011719,323.9281921386719,118.86003875732422,18.805688858032227,282.67449951171875,144.77999877929688,120.55286407470703
2022-08-17,74.96786499023438,403.4279479980469,320.2335510253906,116.30921936035156,18.2637996673584,281.9293518066406,142.10000610351562,118.4231185913086
2022-08-18,75.03407287597656,404.6004943847656,321.0035705566406,117.93335723876953,18.700103759765625,280.81640625,142.3000030517578,119.03726959228516
2022-08-19,74.40975189208984,399.1634826660156,314.7449645996094,114.6119155883789,17.779687881469727,276.9259338378906,138.22999572753906,116.10518646240234
2022-08-22,72.32862854003906,390.8518981933594,306.4586181640625,110.61740112304688,16.967853546142578,268.7967834472656,133.22000122070312,113.1631851196289
2022-08-23,72.28133392333984,389.90631103515625,306.2052307128906,111.33435821533203,17.114280700683594,267.52899169921875,133.6199951171875,112.78675842285156
2022-08-24,72.05429077148438,391.15447998046875,307.0923156738281,111.26119232177734,17.15512466430664,266.89990234375,133.8000030517578,112.61837005615234
2022-08-25,72.73538970947266,396.6765441894531,312.5223388671875,114.99722290039062,17.84343910217285,269.8612976074219,137.27999877929688,115.55046081542969
2022-08-26,70.61642456054688,383.2494812011719,299.7125549316406,108.60305786132812,16.196861267089844,259.4480895996094,130.75,109.29991912841797
2022-08-29,70.1812744140625,380.71533203125,296.7587585449219,106.58872985839844,15.739644050598145,256.6803283691406,129.7899932861328,108.38861846923828
2022-08-30,70.13397979736328,376.5358581542969,293.4539489746094,105.36940002441406,15.40793514251709,254.49314880371094,128.72999572753906,107.91313934326172
2022-08-31,70.14344787597656,373.67083740234375,291.7479553222656,104.65245056152344,15.03538703918457,253.04148864746094,126.7699966430664,107.19992065429688
2022-09-01,71.23130798339844,374.8432922363281,291.8746643066406,102.36499786376953,13.882880210876465,252.00599670410156,127.81999969482422,108.70558166503906
2022-09-02,70.64480590820312,370.890869140625,287.7510681152344,101.3602523803711,13.59400749206543,247.80592346191406,127.51000213623047,106.83341217041016
2022-09-06,69.84073638916016,369.491455078125,285.68426513671875,100.22872161865234,13.412710189819336,245.08648681640625,126.11000061035156,105.8031997680664
2022-09-07,70.4650650024414,376.1292724609375,291.45550537109375,101.82847595214844,13.664803504943848,249.7704315185547,129.47999572753906,108.41831970214844
2022-09-08,70.61642456054688,378.58782958984375,292.96649169921875,103.20875549316406,13.939814567565918,250.18658447265625,129.82000732421875,107.35840606689453
2022-09-09,71.8083267211914,384.4693298339844,299.3713684082031,105.76934051513672,14.3353910446167,255.93521118164062,133.27000427246094,109.60700988769531
2022-09-12,72.91512298583984,388.6014709472656,302.9296875,106.03272247314453,14.452967643737793,258.0545349121094,136.4499969482422,109.8150405883789
2022-09-13,71.93132781982422,371.70404052734375,286.31793212890625,99.72148895263672,13.08389663696289,243.8671112060547,126.81999969482422,103.33667755126953
2022-09-14,68.22315216064453,373.1223449707031,288.58935546875,100.80423736572266,13.080906867980957,244.08969116210938,128.5500030517578,104.0102767944336
2022-09-15,66.44470977783203,368.88623046875,283.78326416015625,99.00939178466797,12.882622718811035,237.47018432617188,126.27999877929688,101.93997192382812
2022-09-16,65.11089324951172,366.0721130371094,282.04803466796875,99.45323181152344,13.150656700134277,236.85084533691406,123.52999877929688,101.83100891113281
2022-09-19,65.33793640136719,368.9109191894531,284.24444580078125,100.1067886352539,13.333996772766113,236.6378936767578,124.66000366210938,102.09845733642578
2022-09-20,64.4298095703125,364.67633056640625,281.9787292480469,98.72163391113281,13.128734588623047,234.63462829589844,122.19000244140625,100.18665313720703
2022-09-21,63.143287658691406,358.3150634765625,276.9295959472656,97.8973617553711,13.21342945098877,231.24742126464844,118.54000091552734,98.34418487548828
2022-09-22,62.46218490600586,355.30523681640625,273.52117919921875,95.18557739257812,12.51594066619873,233.21202087402344,117.30999755859375,99.19609832763672
2022-09-23,61.06216049194336,349.35211181640625,269.06781005859375,93.82481384277344,12.471102714538574,230.25064086914062,113.77999877929688,97.80927276611328
2022-09-26,60.02159881591797,345.8961486816406,267.9544372558594,92.7322998046875,12.184136390686035,229.7958221435547,115.1500015258789,97.2446517944336
2022-09-27,59.0472412109375,345.01318359375,268.0619201660156,93.43463134765625,12.3684720993042,228.78933715820312,114.41000366210938,96.58097076416016
2022-09-28,59.66212844848633,351.8017272949219,273.3941955566406,94.62468719482422,12.690312385559082,233.29913330078125,118.01000213623047,99.10691833496094
2022-09-29,58.082366943359375,344.45294189453125,265.51300048828125,91.6446533203125,12.176166534423828,229.84422302246094,114.80000305175781,96.50171661376953
2022-09-30,57.770198822021484,339.1264343261719,261.0107727050781,90.28876495361328,12.09545612335205,225.39247131347656,113.0,94.74839782714844
2022-10-03,59.67158889770508,348.0798645019531,267.1341552734375,93.52729034423828,12.467118263244629,232.97976684570312,115.87999725341797,97.71022033691406
2022-10-04,62.140567779541016,358.8656311035156,275.5330505371094,97.52669525146484,13.119767189025879,240.8573760986328,121.08999633789062,100.68194580078125
2022-10-05,63.03923416137695,358.0301208496094,275.38653564453125,98.4924087524414,13.161615371704102,241.16705322265625,120.94999694824219,100.47391510009766
2022-10-06,61.771636962890625,354.3367919921875,273.2184753417969,97.81932830810547,13.082900047302246,238.83474731445312,120.30000305175781,100.46401977539062
2022-10-07,59.870243072509766,344.45294189453125,262.8077087402344,91.98606872558594,12.03268051147461,226.6893310546875,114.55999755859375,97.74983978271484
2022-10-10,59.189151763916016,341.8230285644531,260.1805419921875,88.91336059570312,11.628138542175293,221.86013793945312,113.66999816894531,96.93757629394531
2022-10-11,59.341278076171875,339.6581726074219,256.60614013671875,86.1089096069336,11.544438362121582,218.14390563964844,112.20999908447266,96.26397705078125
2022-10-12,60.6439094543457,338.5378112792969,256.518310546875,85.5919189453125,11.458745956420898,218.47296142578125,112.9000015258789,96.6404037475586
2022-10-13,61.99409484863281,347.47222900390625,262.5342712402344,88.21102905273438,11.917098045349121,226.6893310546875,112.52999877929688,98.12625885009766
2022-10-14,61.147850036621094,339.55377197265625,254.64317321777344,84.45063018798828,11.186727523803711,221.19236755371094,106.9000015258789,95.64982604980469
2022-10-17,63.72458267211914,348.2791748046875,263.05181884765625,86.45032501220703,11.845354080200195,229.8732147216797,113.79000091552734,99.02767944335938
2022-10-18,63.7341194152832,352.3714294433594,265.1321105957031,86.4698257446289,11.924071311950684,230.81198120117188,116.36000061035156,99.82013702392578
2022-10-19,63.04000473022461,349.87432861328125,264.1651916503906,87.16728210449219,12.007769584655762,228.8570556640625,115.06999969482422,98.69088745117188
2022-10-20,65.84495544433594,346.9405212402344,262.81744384765625,87.85986328125,12.15025806427002,228.5376739501953,115.25,99.02767944335938
2022-10-21,69.12532043457031,355.3717041015625,268.9799499511719,90.88867950439453,12.421281814575195,234.31527709960938,119.31999969482422,100.1767349243164
2022-10-24,69.33448791503906,359.72021484375,271.93914794921875,91.17643737792969,12.553804397583008,239.2799072265625,119.81999969482422,101.55364227294922
2022-10-25,69.5436782836914,365.46441650390625,277.5643615722656,92.6201171875,13.21342945098877,242.58001708984375,120.5999984741211,103.49517059326172
2022-10-26,71.14108276367188,362.7109680175781,271.4313049316406,91.71293640136719,12.84974193572998,223.86341857910156,115.66000366210938,94.03519439697266
2022-10-27,71.4548568725586,360.77410888671875,266.4895935058594,90.56676483154297,13.128734588623047,219.44073486328125,110.95999908447266,91.35073852539062
2022-10-28,73.5561752319336,369.3570861816406,274.644287109375,94.0247802734375,13.78437614440918,228.26673889160156,103.41000366210938,95.38237762451172
2022-10-31,74.23126220703125,366.68914794921875,271.4508056640625,92.28846740722656,13.448582649230957,224.6472930908203,102.44000244140625,93.61914825439453
2022-11-01,73.31846618652344,365.0846252441406,268.6771240234375,92.9273910522461,13.494420051574707,220.81494140625,96.79000091552734,89.61722564697266
2022-11-02,71.42632293701172,355.9223327636719,259.4676513671875,90.26437377929688,13.17158031463623,213.00511169433594,92.12000274658203,86.15022277832031
2022-11-03,71.34072875976562,352.25750732421875,254.39898681640625,89.20599365234375,13.372855186462402,207.34365844726562,89.30000305175781,82.6435775756836
2022-11-04,72.26305389404297,357.32763671875,258.4910583496094,93.3517074584961,14.105219841003418,214.25350952148438,90.9800033569336,85.763916015625
2022-11-07,72.96665954589844,360.74566650390625,261.3330078125,95.19532775878906,14.249698638916016,220.52462768554688,90.52999877929688,87.65587615966797
2022-11-08,71.92073059082031,362.6920166015625,263.2373352050781,97.24868774414062,14.549620628356934,221.49241638183594,89.9800033569336,88.06202697753906
2022-11-09,71.93978881835938,355.21978759765625,257.16290283203125,94.60517883300781,13.726582527160645,217.27288818359375,86.13999938964844,86.49693298339844
2022-11-10,73.37553405761719,374.7406005859375,276.1385192871094,104.27201080322266,15.693503379821777,235.1475372314453,96.62999725341797,93.05453491210938
2022-11-11,73.9175033569336,378.36749267578125,281.2266845703125,107.69100952148438,16.268428802490234,239.14439392089844,100.79000091552734,95.5012435913086
2022-11-14,74.66864776611328,375.14886474609375,278.765625,106.6716537475586,16.23654556274414,233.76364135742188,98.48999786376953,94.79793548583984
2022-11-15,75.28668975830078,378.3485107421875,282.6233215332031,110.03211975097656,16.606216430664062,234.17010498046875,98.94000244140625,97.51210021972656
2022-11-16,75.96177673339844,375.46221923828125,278.765625,106.07174682617188,15.852927207946777,234.59710693359375,97.12000274658203,97.91824340820312
2022-11-17,75.30567932128906,374.3133239746094,278.1504211425781,106.87162017822266,15.62076187133789,234.548583984375,94.8499984741211,97.432861328125
2022-11-18,75.80964660644531,376.01287841796875,278.16009521484375,107.06671142578125,15.35372543334961,234.10215759277344,94.13999938964844,96.5116195678711
2022-11-21,75.89521026611328,374.6456298828125,275.2986145019531,105.1938247680664,15.262056350708008,234.90768432617188,92.45999908447266,94.69886779785156
2022-11-22,78.08212280273438,379.687255859375,279.26373291015625,108.25189971923828,15.98047161102295,237.7997283935547,93.19999694824219,96.13520812988281
2022-11-23,78.50048065185547,382.0798645019531,282.0666198730469,109.19322967529297,16.45974349975586,240.27450561523438,94.12999725341797,97.53191375732422
2022-11-25,78.65261840820312,381.9944152832031,280.21099853515625,107.91048431396484,16.21163558959961,240.18716430664062,93.41000366210938,96.54133605957031
2022-11-28,77.38800811767578,375.8988342285156,276.0995178222656,105.36453247070312,15.770223617553711,234.62625122070312,93.94999694824219,95.1446304321289
2022-11-29,76.87456512451172,375.2532958984375,274.0094909667969,105.07676696777344,15.582900047302246,233.23843383789062,92.41999816894531,94.29273986816406
2022-11-30,78.9473648071289,387.0740051269531,286.50042724609375,111.07098388671875,16.866605758666992,247.6114044189453,96.54000091552734,100.0380630493164
2022-12-01,79.97429656982422,386.7891540527344,286.8520202636719,110.71493530273438,17.077898025512695,247.17469787597656,95.5,100.0380630493164
2022-12-02,79.25164794921875,386.3429260253906,285.70941162109375,109.19322967529297,16.81975746154785,247.4949188232422,94.12999725341797,99.49324798583984
2022-12-05,75.52439880371094,379.3929138183594,280.9142150878906,107.89097595214844,16.55465316772461,242.81716918945312,91.01000213623047,98.54231262207031
2022-12-06,75.02996063232422,373.9240417480469,275.09356689453125,105.52547454833984,15.933727264404297,237.88706970214844,88.25,96.06585693359375
2022-12-07,74.90636444091797,373.28790283203125,273.9704284667969,105.5010986328125,16.0662841796875,237.15921020507812,88.45999908447266,94.04509735107422
2022-12-08,76.13291931152344,376.2122497558594,277.2127990722656,108.18848419189453,17.111785888671875,240.09976196289062,90.3499984741211,92.8266830444336
2022-12-09,75.93325805664062,373.4018249511719,275.4451599121094,107.32032775878906,16.94434928894043,238.17822265625,89.08999633789062,91.95498657226562
2022-12-12,77.28343963623047,378.78521728515625,278.9023132324219,109.23223114013672,17.47657012939453,245.0590057373047,90.55000305175781,92.43045806884766
2022-12-13,76.59880828857422,381.65264892578125,281.90057373046875,111.05147552490234,18.011781692504883,249.33889770507812,92.48999786376953,94.72859191894531
2022-12-14,77.7968978881836,379.21258544921875,279.8106384277344,109.13957214355469,17.61510467529297,249.63002014160156,91.58000183105469,94.17387390136719
2022-12-15,76.13291931152344,369.9363708496094,270.4154968261719,104.98409271240234,16.895509719848633,241.66226196289062,88.44999694824219,90.0035629272461
2022-12-16,75.66699981689453,365.5688171386719,267.8372802734375,104.16959381103516,16.515777587890625,237.4698028564453,87.86000061035156,89.40921783447266
2022-12-19,76.54177856445312,362.4689025878906,264.0731506347656,102.9368896484375,16.199832916259766,233.3549041748047,84.91999816894531,87.60636901855469
2022-12-20,76.96014404296875,362.9649353027344,263.8675842285156,102.43375396728516,16.031400680541992,234.66506958007812,85.19000244140625,88.180908203125
2022-12-21,77.49261474609375,368.39215087890625,267.6954040527344,104.7225570678711,16.446014404296875,237.21743774414062,86.7699966430664,88.73561096191406
2022-12-22,76.53227233886719,363.1365661621094,261.1460876464844,100.38172149658203,15.287886619567871,231.16152954101562,83.79000091552734,86.9327621459961
2022-12-23,76.87456512451172,365.2254943847656,261.7335205078125,100.37185668945312,15.155329704284668,231.68560791015625,85.25,88.388916015625
2022-12-27,76.99818420410156,363.7851867675781,258.0329895019531,98.57632446289062,14.073946952819824,229.96788024902344,83.04000091552734,86.5662612915039
2022-12-28,76.38014221191406,359.2640686035156,254.62631225585938,97.32340240478516,13.989230155944824,227.60960388183594,81.81999969482422,85.20916748046875
2022-12-29,77.39752960205078,365.73095703125,260.8328552246094,100.50010681152344,14.554339408874512,233.89833068847656,84.18000030517578,87.61625671386719
2022-12-30,77.72080993652344,364.767578125,260.6762390136719,100.10548400878906,14.565300941467285,232.7434539794922,84.0,87.39835357666016
2023-01-03,79.60345458984375,363.2319641113281,258.91412353515625,99.33597564697266,14.267300605773926,232.51052856445312,85.81999969482422,88.27996063232422
2023-01-04,80.32608795166016,366.0361633300781,260.1476135253906,101.8615493774414,14.69985294342041,222.3397979736328,85.13999938964844,87.249755859375
2023-01-05,80.16443634033203,361.8584899902344,256.07513427734375,100.03643035888672,14.217464447021484,215.7501678466797,83.12000274658203,85.38748168945312
2023-01-06,81.44806671142578,370.1567077636719,263.1431579589844,104.41178894042969,14.80948543548584,218.29286193847656,86.08000183105469,86.51673126220703
2023-01-09,82.47880554199219,369.94683837890625,264.8466491699219,106.685791015625,15.575923919677734,220.418212890625,87.36000061035156,87.1903076171875
2023-01-10,82.55516815185547,372.5412292480469,267.08837890625,108.07188415527344,15.855987548828125,222.09718322753906,89.87000274658203,87.58655548095703
2023-01-11,84.55937957763672,377.2530517578125,271.70904541015625,109.3396224975586,15.947677612304688,228.81297302246094,95.08999633789062,90.65734100341797
2023-01-12,84.73118591308594,378.6265869140625,273.177490234375,110.97728729248047,16.455982208251953,231.47210693359375,95.2699966430664,90.27101135253906
2023-01-13,85.13202667236328,380.0954284667969,275.0570983886719,111.37683868408203,16.84268569946289,232.1708526611328,98.12000274658203,91.2516860961914
2023-01-17,84.55937957763672,379.399169921875,275.6151428222656,112.037841796875,17.64301300048828,233.25787353515625,96.05000305175781,90.42949676513672
2023-01-18,82.75559997558594,373.40924072265625,272.03216552734375,111.33738708496094,17.319091796875,228.85179138183594,95.45999908447266,90.26112365722656
2023-01-19,82.02070617675781,370.6908264160156,269.359619140625,108.614501953125,16.709129333496094,225.08631896972656,93.68000030517578,92.17292022705078
2023-01-20,83.27095794677734,377.59649658203125,276.7310791015625,112.14635467529297,17.779558181762695,233.1316680908203,97.25,97.09606170654297
2023-01-23,84.91253662109375,382.12701416015625,282.8789367675781,117.43428802490234,19.129047393798828,235.42202758789062,97.5199966430664,98.84938049316406
2023-01-24,85.60922241210938,381.7169189453125,282.30133056640625,116.60064697265625,19.200801849365234,234.89797973632812,96.31999969482422,96.77908325195312
2023-01-25,85.55196380615234,381.8599548339844,281.6748962402344,116.71903228759766,19.25861167907715,233.51016235351562,97.18000030517578,94.32246398925781
2023-01-26,85.73328399658203,386.05682373046875,287.16668701171875,118.81051635742188,19.736013412475586,240.6820831298828,99.22000122070312,96.60077667236328
2023-01-27,84.93159484863281,386.94384765625,290.0253601074219,118.03114318847656,20.29714012145996,240.83737182617188,102.23999786376953,98.43334197998047
2023-01-30,83.36639404296875,382.08892822265625,284.1613464355469,115.20467376708984,19.098148345947266,235.5482177734375,100.55000305175781,96.02623748779297
2023-01-31,84.42578887939453,387.7069091796875,288.4197692871094,116.95580291748047,19.471895217895508,240.49769592285156,103.12999725341797,97.90831756591797
2023-02-01,85.9432601928711,391.8273620605469,294.5872802734375,122.47062683105469,20.873210906982422,245.29193115234375,105.1500015258789,99.48334503173828
2023-02-02,85.30381774902344,397.53118896484375,305.15997314453125,125.08992004394531,21.636659622192383,256.7923278808594,112.91000366210938,106.72444915771484
2023-02-03,85.53287506103516,393.3057861328125,299.73651123046875,122.79125213623047,21.029687881469727,250.72669982910156,103.38999938964844,103.7923355102539
2023-02-06,84.49258422851562,390.902099609375,297.2010498046875,120.74909210205078,21.018726348876953,249.19329833984375,102.18000030517578,101.93006134033203
2023-02-07,83.73861694335938,396.0145568847656,303.35870361328125,124.37467193603516,22.09911346435547,259.6649475097656,102.11000061035156,106.6253890991211
2023-02-08,82.73650360107422,391.6842956542969,297.964599609375,121.9378890991211,22.131010055541992,258.8594665527344,100.05000305175781,98.43334197998047
2023-02-09,82.69831085205078,388.2886962890625,295.3312683105469,122.42130279541016,22.26256561279297,255.8411407470703,98.23999786376953,94.11443328857422
2023-02-10,83.1659927368164,389.1947937011719,293.39288330078125,120.36433410644531,21.19413948059082,255.3365020751953,97.61000061035156,93.67858123779297
2023-02-13,85.34198760986328,393.7635498046875,298.0918884277344,122.17465209960938,21.715396881103516,263.3139953613281,99.54000091552734,93.71820831298828
2023-02-14,85.02703857421875,393.5823974609375,300.2945251464844,124.80382537841797,22.894454956054688,264.1388854980469,99.69999694824219,93.78755187988281
2023-02-15,84.31124114990234,394.8605041503906,302.59515380859375,124.79889678955078,22.688146591186523,262.02764892578125,101.16000366210938,96.02623748779297
2023-02-16,83.71952056884766,389.4237976074219,296.9171447753906,121.41007995605469,21.92868423461914,255.0518341064453,98.1500015258789,94.60972595214844
2023-02-17,83.29959106445312,388.4508972167969,294.8221740722656,119.752685546875,21.316730499267578,251.07252502441406,97.19999694824219,93.46064758300781
2023-02-21,82.26884460449219,380.658203125,287.8422546386719,116.11229705810547,20.586172103881836,245.82846069335938,94.58000183105469,90.9247817993164
2023-02-22,82.38336944580078,380.1335754394531,288.0576171875,115.54503631591797,20.684843063354492,244.69989013671875,95.79000091552734,90.78610229492188
2023-02-23,84.54029083251953,382.1557312011719,290.5736083984375,119.63922119140625,23.585142135620117,247.87161254882812,95.81999969482422,90.03325653076172
2023-02-24,84.61665344238281,378.0733947753906,285.7081604003906,117.50334167480469,23.208406448364258,242.47190856933594,93.5,88.28986358642578
2023-02-27,83.94857788085938,379.3609924316406,287.75408935546875,118.03114318847656,23.422685623168945,243.38644409179688,93.76000213623047,89.02288055419922
2023-02-28,83.41411590576172,377.95892333984375,287.38214111328125,118.09033203125,23.13863754272461,242.66651916503906,94.2300033569336,89.21110534667969
2023-03-01,82.4024658203125,376.5091857910156,285.0717468261719,118.16925811767578,22.622364044189453,239.60177612304688,92.16999816894531,89.50825500488281
2023-03-02,83.00373077392578,379.437255859375,287.4310302734375,119.21500396728516,23.236310958862305,244.31076049804688,92.12999725341797,91.1328125
2023-03-03,85.17973327636719,385.52264404296875,293.37335205078125,120.83294677734375,23.810392379760742,248.3775634765625,94.9000015258789,92.76725769042969
2023-03-06,85.64739990234375,385.7897033691406,293.7061767578125,119.75760650634766,23.475513458251953,249.91476440429688,93.75,94.23329162597656
2023-03-07,84.33033752441406,379.8760681152344,290.1036376953125,118.42082977294922,23.21434211730957,247.26840209960938,93.55000305175781,92.97528076171875
2023-03-08,84.45440673828125,380.4961242675781,291.5525207519531,121.51861572265625,24.104515075683594,246.83059692382812,93.91999816894531,93.3615951538086
2023-03-09,82.90829467773438,373.4759521484375,286.5010681152344,119.19033813476562,23.361867904663086,245.48802185058594,92.25,91.44979095458984
2023-03-10,80.23597717285156,368.0869140625,282.4775390625,117.26163482666016,22.89236068725586,241.85897827148438,90.7300033569336,89.77571868896484
2023-03-13,81.05677032470703,367.5623474121094,284.572509765625,117.18270874023438,22.893356323242188,247.04466247558594,92.43000030517578,90.25120544433594
2023-03-14,80.7036361694336,373.6380920410156,291.1119384765625,120.68989562988281,23.986888885498047,253.72866821289062,94.87999725341797,93.084228515625
2023-03-15,79.19570922851562,371.3013000488281,292.63909912109375,119.33338928222656,24.151369094848633,258.252685546875,96.19999694824219,95.20406341552734
2023-03-16,80.9517822265625,377.8158264160156,300.35333251953125,124.10830688476562,25.460214614868164,268.7213439941406,100.04000091552734,99.37437438964844
2023-03-17,81.37171173095703,373.39813232421875,298.93377685546875,123.47692108154297,25.643634796142578,271.8639221191406,98.94999694824219,100.66213989257812
2023-03-20,82.99418640136719,376.98858642578125,299.9947204589844,124.71996307373047,25.818077087402344,264.85882568359375,97.70999908447266,100.26590728759766
2023-03-21,83.58590698242188,381.93865966796875,304.2793273925781,125.11459350585938,26.116132736206055,266.3669128417969,100.61000061035156,103.93102264404297
2023-03-22,83.89131164550781,375.4279479980469,300.1417236328125,124.310546875,26.384281158447266,264.917236328125,98.69999694824219,102.39562225341797
2023-03-23,83.77679443359375,376.44287109375,303.7008972167969,127.6155014038086,27.104991912841797,270.1418151855469,98.70999908447266,104.60460662841797
2023-03-24,83.99630737304688,378.9130859375,304.818603515625,125.5979995727539,26.69429588317871,272.9730529785156,98.12999725341797,104.44613647460938
2023-03-27,86.02915954589844,379.6216735839844,302.7301940917969,124.13296508789062,26.447086334228516,268.89654541015625,98.04000091552734,101.49420928955078
2023-03-28,85.75238037109375,378.76947021484375,301.1222229003906,123.26972961425781,26.326465606689453,267.7776184082031,97.23999786376953,100.07768249511719
2023-03-29,86.48727416992188,384.27484130859375,306.61285400390625,127.10741424560547,26.89864730834961,272.9147033691406,100.25,100.43429565429688
2023-03-30,86.38227844238281,386.52490234375,309.5150146484375,128.9276123046875,27.296384811401367,276.3587951660156,102.0,99.93900299072266
2023-03-31,88.68238067626953,391.9727783203125,314.6624755859375,129.8253631591797,27.689144134521484,280.4937438964844,103.29000091552734,102.75222778320312
2023-04-03,89.63677215576172,393.4664306640625,313.8977355957031,129.08547973632812,27.876548767089844,279.4527282714844,102.41000366210938,103.37629699707031
2023-04-04,89.713134765625,391.2834167480469,312.8388366699219,127.10249328613281,27.36616325378418,279.404052734375,103.94999694824219,103.73289489746094
2023-04-05,90.56253814697266,390.2589111328125,309.75030517578125,124.87781524658203,26.795974731445312,276.64093017578125,101.0999984741211,103.48526763916016
2023-04-06,91.5455551147461,391.78131103515625,311.8387756347656,124.50292205810547,26.95148468017578,283.704345703125,102.05999755859375,107.39803314208984
2023-04-10,89.85880279541016,392.183349609375,311.66229248046875,126.38723754882812,27.49176597595215,281.5543212890625,102.16999816894531,105.43669128417969
2023-04-11,90.06005859375,392.28875732421875,309.6620788574219,125.71638488769531,27.083065032958984,275.1718444824219,99.91999816894531,104.35696411132812
2023-04-12,89.99297332763672,390.689697265625,306.9266052246094,123.48184967041016,26.41119384765625,275.8139953613281,97.83000183105469,103.65365600585938
2023-04-13,91.5743179321289,395.8791809082031,312.9369201660156,124.47826385498047,26.37929916381836,281.9919738769531,102.4000015258789,106.41737365722656
2023-04-14,91.7276611328125,394.912109375,312.3486633300781,124.34508514404297,26.673364639282227,278.3923034667969,102.51000213623047,107.84379577636719
2023-04-17,91.61265563964844,396.3292236328125,312.61334228515625,124.25628662109375,26.916593551635742,280.9801940917969,102.73999786376953,104.97113037109375
2023-04-18,92.4560317993164,396.5876770019531,312.6329345703125,124.81369018554688,27.579492568969727,280.56182861328125,102.30000305175781,103.51498413085938
2023-04-19,91.82349395751953,396.5207214355469,312.48590087890625,123.62983703613281,27.842649459838867,280.6396789550781,104.30000305175781,103.197998046875
2023-04-20,90.88428497314453,394.3568115234375,310.1033630371094,123.76795196533203,27.018266677856445,278.363037109375,103.80999755859375,104.29753875732422
2023-04-21,91.19096374511719,394.6632385253906,310.4268493652344,122.5002212524414,27.033222198486328,278.0225524902344,106.95999908447266,104.41641235351562
2023-04-24,91.46890258789062,395.0749206542969,309.77978515625,121.84416961669922,26.956466674804688,274.1405029296875,106.20999908447266,104.97113037109375
2023-04-25,90.14630126953125,388.8036193847656,303.9361267089844,117.9818115234375,26.157997131347656,267.96246337890625,102.56999969482422,102.87109375
2023-04-26,89.8108901977539,387.15673828125,305.77947998046875,118.80558776855469,26.870737075805664,287.372314453125,104.9800033569336,102.73242950439453
2023-04-27,91.08553314208984,394.8642883300781,314.09381103515625,119.95491790771484,27.1398868560791,296.576171875,109.81999969482422,106.57584381103516
2023-04-28,90.77884674072266,398.2344970703125,316.2607116699219,121.96255493164062,27.661231994628906,298.9403381347656,105.44999694824219,106.32820892333984
2023-05-01,90.92261505126953,397.8324279785156,315.8979187011719,122.89484405517578,28.818557739257812,297.2864074707031,102.05000305175781,106.18952178955078
2023-05-02,90.85552978515625,393.361083984375,313.1427917480469,121.8293685913086,28.12076759338379,297.1404113769531,103.62999725341797,104.32725524902344
2023-05-03,90.83636474609375,390.6610412597656,311.09356689453125,120.5715103149414,27.71406364440918,296.15777587890625,103.6500015258789,104.41641235351562
2023-05-04,91.01844024658203,387.8940124511719,309.9955139160156,120.16703796386719,27.474817276000977,297.1404113769531,104.0,103.70320129394531
2023-05-05,92.93522644042969,395.0749206542969,316.584228515625,122.70740509033203,28.589282989501953,302.2385559082031,105.66000366210938,104.57489776611328
2023-05-08,92.7627182006836,395.1802062988281,317.3686218261719,123.38812255859375,29.058794021606445,300.292724609375,105.83000183105469,106.75416564941406
2023-05-09,92.13976287841797,393.447265625,315.3586120605469,121.48407745361328,28.480628967285156,298.6874084472656,106.62000274658203,106.3381118774414
2023-05-10,93.46234893798828,395.28558349609375,318.790283203125,122.47062683105469,28.793636322021484,303.8536376953125,110.19000244140625,110.6966323852539
2023-05-11,93.38567352294922,394.5962219238281,319.8296203613281,121.38542175292969,28.48760223388672,301.7132263183594,112.18000030517578,115.47120666503906
2023-05-12,93.77861022949219,394.07916259765625,318.6824035644531,121.24730682373047,28.25035858154297,300.6040344238281,110.26000213623047,116.40235137939453
2023-05-15,93.21317291259766,395.4387512207031,320.4080810546875,124.42400360107422,28.861417770385742,301.080810546875,111.19999694824219,115.41177368164062
2023-05-16,94.16197967529297,392.7961730957031,320.7708740234375,124.3944091796875,29.12059783935547,303.299072265625,113.4000015258789,118.38351440429688
2023-05-17,95.61871337890625,397.5643615722656,324.653564453125,127.758544921875,30.082548141479492,306.1658020019531,115.5,119.70096588134766
2023-05-18,98.08177947998047,401.39410400390625,330.683349609375,132.2375030517578,31.577802658081055,310.5729064941406,118.1500015258789,121.6722183227539
2023-05-19,98.56097412109375,400.81011962890625,329.9382629394531,131.50746154785156,31.165111541748047,310.39739990234375,116.25,121.60285949707031
2023-05-22,97.53550720214844,400.97283935546875,331.0462341308594,131.39894104003906,31.077388763427734,313.16650390625,115.01000213623047,123.87128448486328
2023-05-23,94.43988800048828,396.4727783203125,326.8497619628906,129.50474548339844,30.5909366607666,307.39422607421875,114.98999786376953,121.40474700927734
2023-05-24,94.22906494140625,393.6004333496094,325.1731262207031,127.60071563720703,30.44140625,306.0194396972656,116.75,119.7603988647461
2023-05-25,99.9506607055664,397.0090026855469,333.0855407714844,138.57118225097656,37.8598747253418,317.788330078125,115.0,122.31608581542969
2023-05-26,99.74940490722656,402.1505126953125,341.59600830078125,145.37838745117188,38.822811126708984,324.5843505859375,120.11000061035156,123.4354248046875
2023-05-30,100.7748794555664,402.3037109375,343.14520263671875,146.07884216308594,39.984127044677734,322.9462890625,121.66000366210938,122.5042953491211
2023-05-31,101.53199768066406,400.07281494140625,341.19403076171875,142.3891143798828,37.71432876586914,320.1966857910156,120.58000183105469,121.71183013916016
2023-06-01,101.5799331665039,403.8739929199219,345.13555908203125,144.52993774414062,39.64420700073242,324.2820739746094,122.7699966430664,122.55381774902344
2023-06-02,101.48407745361328,409.7144775390625,347.7239685058594,144.17477416992188,39.202606201171875,327.03179931640625,124.25,123.49486541748047
2023-06-05,102.48081970214844,408.9292907714844,347.9690856933594,142.369384765625,39.04711151123047,327.5583190917969,125.30000305175781,124.82222747802734
2023-06-06,102.64371490478516,409.8197021484375,347.9102783203125,143.3756866455078,38.53173828125,325.3546447753906,126.61000061035156,126.1099624633789
2023-06-07,100.87071990966797,408.4026794433594,342.0078125,142.5568389892578,37.36033248901367,315.3116760253906,121.2300033569336,121.34530639648438
2023-06-08,103.0079345703125,410.8729248046875,346.2532958984375,144.20437622070312,38.39216613769531,317.1447448730469,124.25,120.98870086669922
2023-06-09,105.27930450439453,411.61016845703125,347.576904296875,144.8653564453125,38.651363372802734,318.6366271972656,123.43000030517578,121.07785034179688
2023-06-12,111.58553314208984,415.3442077636719,353.4499206542969,149.14700317382812,39.36118698120117,323.5703430175781,126.56999969482422,122.47457122802734
2023-06-13,111.82512664794922,418.0826110839844,356.16583251953125,151.2089080810547,40.896480560302734,325.94952392578125,126.66000366210938,122.66277313232422
2023-06-14,117.18253326416016,418.58050537109375,358.7543029785156,153.507568359375,42.86543655395508,328.92333984375,126.41999816894531,122.5042953491211
2023-06-15,121.28446197509766,423.7698974609375,363.0291748046875,152.4026336669922,42.52249526977539,339.4149475097656,127.11000061035156,123.910888671875
2023-06-16,120.23980712890625,422.3263854980469,360.74462890625,151.31744384765625,42.561370849609375,333.7888488769531,125.48999786376953,122.3656005859375
2023-06-20,116.96210479736328,420.1353454589844,360.22821044921875,150.78468322753906,43.6739501953125,329.6156311035156,125.77999877929688,121.93964385986328
2023-06-21,117.01960754394531,417.982666015625,355.3191223144531,147.33175659179688,42.91328430175781,325.23760986328125,124.83000183105469,119.4136962890625
2023-06-22,115.56285858154297,419.4914245605469,359.51153564453125,148.06179809570312,42.89335250854492,331.2342529296875,130.14999389648438,121.98918914794922
2023-06-23,113.70356750488281,416.3200988769531,355.9474792480469,145.5460968017578,42.07984924316406,326.6612243652344,129.3300018310547,121.18681335449219
2023-06-26,111.92096710205078,414.619140625,351.1759033203125,144.875244140625,40.50767135620117,320.40142822265625,127.33000183105469,117.22453308105469
2023-06-27,112.93687438964844,419.1647033691406,357.2139892578125,149.47256469726562,41.74787139892578,326.2225341796875,129.17999267578125,117.2146224975586
2023-06-28,111.68136596679688,419.37615966796875,357.9111328125,148.12098693847656,40.99118423461914,327.47052001953125,129.0399932861328,119.04718780517578
2023-06-29,112.87935638427734,421.0290832519531,357.1944274902344,147.90394592285156,40.69709396362305,326.6905212402344,127.9000015258789,117.97736358642578
2023-06-30,114.13484954833984,425.99749755859375,362.702392578125,150.20262145996094,42.17256164550781,332.0435791015625,130.36000061035156,118.57170104980469
2023-07-03,112.27557373046875,426.48760986328125,363.556640625,151.53448486328125,42.2832145690918,329.55712890625,130.22000122070312,118.76983642578125
2023-07-05,111.13508605957031,425.8533020019531,363.5467529296875,148.6734619140625,42.187522888183594,329.713134765625,130.3800048828125,120.60238647460938
2023-07-06,110.64630889892578,422.5186767578125,360.7779541015625,146.9075469970703,41.97417068481445,332.75531005859375,128.36000061035156,118.97784423828125
2023-07-07,109.84124755859375,421.4518737792969,359.58026123046875,147.045654296875,42.372947692871094,328.8063049316406,129.77999877929688,118.35377502441406
2023-07-10,109.6208267211914,422.5186767578125,359.6980285644531,149.12728881835938,42.050941467285156,323.5508117675781,127.12999725341797,115.35234832763672
2023-07-11,110.48640441894531,425.20953369140625,361.4751892089844,149.28512573242188,42.275238037109375,324.1748962402344,128.77999877929688,116.03582763671875
2023-07-12,111.58280181884766,428.630615234375,366.0406188964844,152.42236328125,43.76766586303711,328.7868957519531,130.8000030517578,117.80896759033203
2023-07-13,112.95811462402344,432.03265380859375,372.2554016113281,156.08248901367188,45.83631896972656,334.1106262207031,134.3000030517578,123.36609649658203
2023-07-14,114.70851135253906,431.7635498046875,372.1768798828125,154.7900848388672,45.32988357543945,336.6262512207031,134.67999267578125,124.23779296875
2023-07-17,114.34303283691406,433.26275634765625,375.65252685546875,157.6708221435547,46.3188362121582,337.1040344238281,133.55999755859375,123.47505950927734
2023-07-18,116.1511459350586,436.4821472167969,378.7256774902344,158.1049041748047,47.34867477416992,350.5207214355469,132.8300018310547,122.59343719482422
2023-07-19,114.15070343017578,437.45269775390625,378.63720703125,156.44749450683594,46.932952880859375,346.220703125,135.36000061035156,120.8797378540039
2023-07-20,111.44815063476562,434.55047607421875,369.9089050292969,150.91293334960938,45.38071823120117,338.21563720703125,129.9600067138672,118.076416015625
2023-07-21,113.15045166015625,434.55047607421875,368.7994384765625,151.72190856933594,44.173423767089844,335.19293212890625,130.0,118.8886947631836
2023-07-24,113.55440521240234,436.49176025390625,369.38861083984375,151.85015869140625,44.47549819946289,336.49957275390625,128.8000030517578,120.38446044921875
2023-07-25,113.4389877319336,437.6833801269531,371.8922119140625,154.2869415283203,45.53923416137695,342.2230224609375,129.1300048828125,121.05804443359375
2023-07-26,111.08269500732422,437.7506408691406,370.65509033203125,152.5999298095703,45.31291961669922,329.34259033203125,128.14999389648438,128.051513671875
2023-07-27,111.94827270507812,434.84844970703125,369.7715148925781,155.34255981445312,45.75955581665039,322.468505859375,128.25,128.18026733398438
2023-07-28,111.553955078125,439.1056823730469,376.5066833496094,158.3416748046875,46.606956481933594,329.927734375,132.2100067138672,131.330322265625
2023-07-31,112.74654388427734,439.9418029785156,376.703125,158.46006774902344,46.58601760864258,327.53875732421875,133.67999267578125,131.468994140625
2023-08-01,113.4005355834961,438.6828918457031,375.8292541503906,158.37127685546875,46.36470413208008,327.9483337402344,131.69000244140625,130.30999755859375
2023-08-02,111.28466796875,432.5804138183594,367.5820007324219,152.5604705810547,44.13355255126953,319.328857421875,128.2100067138672,127.16989135742188
2023-08-03,110.16903686523438,431.3407287597656,366.992919921875,152.1165313720703,44.37879180908203,318.5098571777344,128.91000366210938,127.2392349243164
2023-08-04,110.063232421875,429.3898620605469,365.2748107910156,152.17572021484375,44.54328536987305,319.60186767578125,139.57000732421875,126.90243530273438
2023-08-07,111.65975189208984,433.1378173828125,368.36749267578125,153.81341552734375,45.27803421020508,321.873779296875,142.22000122070312,130.29019165039062
2023-08-08,110.82302856445312,431.25421142578125,365.2354736328125,151.27796936035156,44.52732849121094,317.9150390625,139.94000244140625,130.1614227294922
2023-08-09,108.77448272705078,428.3711853027344,361.2198486328125,148.2788543701172,42.42378616333008,314.19036865234375,137.85000610351562,128.4378204345703
2023-08-10,108.66868591308594,428.52496337890625,361.8875427246094,147.95327758789062,42.258296966552734,314.8729248046875,138.55999755859375,128.46754455566406
2023-08-11,108.73602294921875,428.2750549316406,359.58026123046875,144.2438507080078,40.72998809814453,313.0007629394531,138.41000366210938,128.33877563476562
2023-08-14,111.15001678466797,430.63916015625,363.615478515625,148.63400268554688,43.61912536621094,315.9551696777344,140.57000732421875,130.0920867919922
2023-08-15,112.80425262451172,425.6227111816406,359.7569274902344,146.8483428955078,43.80554962158203,313.82952880859375,137.6699981689453,128.5566864013672
2023-08-16,110.92881774902344,422.49945068359375,355.9474792480469,144.52993774414062,43.352943420410156,313.0674743652344,135.07000732421875,127.48686218261719
2023-08-17,110.48640441894531,419.28009033203125,352.0596008300781,143.55325317382812,43.21137237548828,309.6279602050781,133.97999572753906,128.6953582763672
2023-08-18,112.00597381591797,419.4818420410156,351.6176452636719,144.1649169921875,43.16650390625,309.2371520996094,133.22000122070312,126.25856018066406
2023-08-21,112.1310043334961,422.2110900878906,357.28277587890625,149.00888061523438,46.82329177856445,314.5135803222656,134.67999267578125,127.15998077392578
2023-08-22,112.08293914794922,421.0675354003906,356.77227783203125,147.51919555664062,45.52825927734375,315.08038330078125,134.25,127.86328887939453
2023-08-23,113.33320617675781,425.7572326660156,362.3980712890625,150.71563720703125,46.971832275390625,319.5163879394531,135.52000427246094,131.1222686767578
2023-08-24,108.59175109863281,419.8566589355469,354.6515197753906,146.8187713623047,47.0186882019043,312.64727783203125,131.83999633789062,128.5566864013672
2023-08-25,111.62126159667969,422.8165283203125,357.40057373046875,147.08511352539062,45.877197265625,315.5884704589844,133.25999450683594,128.65574645996094
2023-08-28,112.3714370727539,425.497802734375,360.0907897949219,148.90036010742188,46.69169616699219,316.2919616699219,133.13999938964844,129.77511596679688
2023-08-29,116.03573608398438,431.6482238769531,367.955078125,152.7183380126953,48.63473129272461,320.8941345214844,134.91000366210938,133.30154418945312
2023-08-30,116.4877700805664,433.4261779785156,370.0070495605469,153.49769592285156,49.11326217651367,321.26544189453125,135.07000732421875,134.5991973876953
2023-08-31,115.78567504882812,432.7918395996094,371.1165771484375,154.11923217773438,49.203983306884766,320.2590026855469,138.00999450683594,134.886474609375
2023-09-01,116.30502319335938,433.59906005859375,370.7238464355469,154.109375,48.360572814941406,321.1383972167969,138.1199951171875,134.38128662109375
2023-09-05,119.23838806152344,431.72515869140625,371.1950988769531,154.47438049316406,48.399452209472656,325.91656494140625,137.27000427246094,134.49024963378906
2023-09-06,119.57499694824219,428.8228759765625,367.92559814453125,152.67886352539062,46.92086410522461,325.2618713378906,135.36000061035156,133.19259643554688
2023-09-07,120.30590057373047,427.50628662109375,365.29437255859375,149.29498291015625,46.103309631347656,322.35986328125,137.85000610351562,133.98504638671875
2023-09-08,121.48888397216797,428.1501770019531,365.8049011230469,148.35777282714844,45.43629455566406,326.6200256347656,138.22999572753906,135.09446716308594
2023-09-11,121.86396026611328,430.9659118652344,370.1151123046875,148.46629333496094,45.04347229003906,330.2060241699219,143.10000610351562,135.62940979003906
2023-09-12,105.41795349121094,428.601806640625,366.0111083984375,147.3514862060547,44.73638916015625,324.17718505859375,141.22999572753906,134.0642852783203
2023-09-13,107.56265258789062,429.1015930175781,367.4052429199219,148.54522705078125,45.34955978393555,328.36907958984375,144.85000610351562,135.42138671875
2023-09-14,109.31307220458984,432.8014831542969,370.4096984863281,149.35418701171875,45.445274353027344,330.94866943359375,144.72000122070312,136.79827880859375
2023-09-15,109.55350494384766,427.5869445800781,364.0671081542969,144.8357696533203,43.769283294677734,322.6628112792969,140.38999938964844,136.1048583984375
2023-09-18,107.91853332519531,427.83770751953125,364.4466247558594,145.31919860839844,43.8350830078125,321.52923583984375,139.97999572753906,136.9072265625
2023-09-19,108.45709991455078,426.950439453125,363.66986083984375,144.06626892089844,43.39040756225586,321.128662109375,137.6300048828125,136.7388458251953
2023-09-20,108.55329132080078,423.02532958984375,358.42926025390625,141.69854736328125,42.11322021484375,313.4289855957031,135.2899932861328,132.47935485839844
2023-09-21,105.24484252929688,416.033447265625,351.8611755371094,138.86712646484375,40.894859313964844,312.21734619140625,129.3300018310547,129.21047973632812
2023-09-22,104.86013793945312,415.097900390625,351.910400390625,140.05099487304688,41.48610305786133,309.7550354003906,129.1199951171875,129.0222625732422
2023-09-25,104.15805053710938,416.8435363769531,353.5818786621094,141.0375518798828,42.096275329589844,310.27288818359375,131.27000427246094,129.87416076660156
2023-09-26,100.86885833740234,410.7195739746094,348.27239990234375,138.8079376220703,41.78620529174805,304.9964904785156,125.9800033569336,127.35810089111328
2023-09-27,100.61880493164062,410.88348388671875,349.0884704589844,140.08059692382812,42.34153366088867,305.63165283203125,125.9800033569336,129.3095245361328
2023-09-28,102.09027862548828,413.26556396484375,352.0086975097656,142.3496551513672,42.960689544677734,306.4622497558594,125.9800033569336,131.06283569335938
2023-09-29,101.86907958984375,412.2626037597656,352.26434326171875,143.03038024902344,43.36946487426758,308.5238342285156,127.12000274658203,129.62652587890625
2023-10-02,102.62886810302734,412.0986328125,355.2042236328125,144.26356506347656,44.64865493774414,314.43536376953125,129.4600067138672,132.9053192138672
2023-10-03,100.52261352539062,406.58221435546875,348.9705505371094,141.05728149414062,43.38741683959961,306.2178649902344,124.72000122070312,131.18170166015625
2023-10-04,102.98471069335938,409.5429992675781,353.7194519042969,143.25729370117188,43.90986633300781,311.660400390625,127.0,133.9652099609375
2023-10-05,104.20613861083984,409.38861083984375,352.67730712890625,143.25729370117188,44.554931640625,312.0512390136719,125.95999908447266,133.79684448242188
2023-10-06,105.75457763671875,414.249267578125,358.5865478515625,146.35507202148438,45.625736236572266,319.7704772949219,127.95999908447266,136.28318786621094
2023-10-09,106.1008071899414,416.9013671875,360.41534423828125,145.9801788330078,45.13818359375,322.27191162109375,128.25999450683594,137.11524963378906
2023-10-10,105.51412963867188,419.0712585449219,362.4113464355469,147.7855682373047,45.661624908447266,320.8746032714844,129.47999572753906,136.7586669921875
2023-10-11,105.83267211914062,420.7879333496094,364.997314453125,149.38377380371094,46.666622161865234,324.8123779296875,131.8300018310547,139.2251739501953
2023-10-12,105.32107543945312,418.22259521484375,363.7289123535156,150.14341735839844,46.805206298828125,323.5811767578125,132.3300018310547,137.6600799560547
2023-10-13,104.4909439086914,416.1395263671875,359.15679931640625,146.38465881347656,45.32563018798828,320.2297058105469,129.7899932861328,136.06521606445312
2023-10-16,104.9349594116211,420.5178527832031,363.2175598144531,148.0716552734375,45.9577522277832,325.02734375,132.5500030517578,137.7888641357422
2023-10-17,105.2535171508789,420.49859619140625,362.02789306640625,146.32546997070312,43.807159423828125,324.46063232421875,131.47000122070312,138.40301513671875
2023-10-18,104.4909439086914,414.8954162597656,357.2788391113281,143.39541625976562,42.070350646972656,322.5552673339844,128.1300048828125,136.65957641601562
2023-10-19,104.57781982421875,411.2499694824219,353.9358215332031,142.41871643066406,41.97563934326172,323.737548828125,128.39999389648438,136.4515838623047
2023-10-20,98.31318664550781,406.1965026855469,348.6558837890625,140.1891326904297,41.263763427734375,319.1940002441406,125.16999816894531,134.32183837890625
2023-10-23,100.0603256225586,405.4924621582031,349.7079162597656,140.68240356445312,42.8470344543457,321.7833557128906,126.55999755859375,135.21331787109375
2023-10-24,99.6163101196289,408.54962158203125,353.10992431640625,142.32992553710938,43.53297805786133,322.9656677246094,128.55999755859375,137.50157165527344
2023-10-25,97.90778350830078,402.6860656738281,344.4673156738281,136.81509399414062,41.65459442138672,332.87359619140625,121.38999938964844,124.42599487304688
2023-10-26,96.91354370117188,397.8640441894531,337.8992004394531,135.6115264892578,40.20592498779297,320.3860778808594,119.56999969482422,121.12738037109375
2023-10-27,97.48307037353516,396.0605773925781,339.5215759277344,136.45008850097656,40.37940216064453,322.2620544433594,127.73999786376953,121.01842498779297
2023-10-30,98.12013244628906,400.7958679199219,343.34637451171875,136.1047821044922,41.03843688964844,329.5904846191406,132.7100067138672,123.2868423461914
2023-10-31,99.80936431884766,403.31298828125,344.9884033203125,137.0814666748047,40.6585693359375,330.3721008300781,133.08999633789062,122.91043090820312
2023-11-01,102.07775115966797,407.6141662597656,350.976318359375,140.49496459960938,42.198970794677734,338.1499938964844,137.0,125.25809478759766
2023-11-02,103.15885925292969,415.4258728027344,357.3476257324219,144.1353302001953,43.37644577026367,340.3485107421875,138.07000732421875,126.28827667236328
2023-11-03,104.29790496826172,419.21588134765625,361.54608154296875,147.4994659423828,44.8709831237793,344.72589111328125,138.60000610351562,127.88311767578125
2023-11-06,105.32107543945312,420.1803283691406,363.0209045410156,147.9335479736328,45.61477279663086,348.3706359863281,139.74000549316406,129.0222625732422
2023-11-07,105.20523834228516,421.376220703125,366.452392578125,148.8609161376953,45.81816864013672,352.2790832519531,142.7100067138672,129.73545837402344
2023-11-08,108.42926788330078,421.6847839355469,366.6884460449219,149.3936309814453,46.43532180786133,354.88800048828125,142.0800018310547,130.5972900390625
2023-11-09,108.28446197509766,418.39617919921875,363.8665466308594,149.12728881835938,46.81019592285156,352.4353942871094,140.60000610351562,129.01235961914062
2023-11-10,109.14356231689453,424.9251708984375,372.0470886230469,155.1649932861328,48.191070556640625,361.2098693847656,143.55999755859375,131.34017944335938
2023-11-13,110.18607330322266,424.52020263671875,370.8868103027344,154.2178955078125,48.475223541259766,358.2882995605469,142.58999633789062,130.84490966796875
2023-11-14,112.06835174560547,432.756103515625,378.8707275390625,158.92373657226562,49.50813674926758,361.7961730957031,145.8000030517578,132.3604736328125
2023-11-15,110.09918975830078,433.6723327636719,379.1558532714844,159.04214477539062,48.74242401123047,361.9429931640625,143.1999969482422,133.35107421875
2023-11-16,110.68799591064453,434.2027282714844,379.4803161621094,159.63406372070312,49.332664489746094,368.3071594238281,142.8300018310547,135.6392822265625
2023-11-17,111.35404968261719,434.7427673339844,379.5688171386719,160.38385009765625,49.151206970214844,362.1192321777344,145.17999267578125,134.03457641601562
2023-11-20,112.85986328125,438.08929443359375,384.1900634765625,162.68251037597656,50.25890350341797,369.55059814453125,146.1300048828125,134.96572875976562
2023-11-21,112.0490493774414,437.13446044921875,381.9581298828125,160.28518676757812,49.7952766418457,365.27197265625,143.89999389648438,135.67892456054688
2023-11-22,112.20348358154297,438.822265625,383.5214538574219,159.93988037109375,48.57093811035156,369.9520263671875,146.7100067138672,137.1845703125
2023-11-24,112.21312713623047,439.0921936035156,382.9806823730469,159.58473205566406,47.63373565673828,369.5408020019531,146.74000549316406,135.4015655517578
2023-11-27,112.42549133300781,438.3014831542969,382.6463928222656,159.486083984375,48.09834671020508,370.6960754394531,147.72999572753906,135.1242218017578
2023-11-28,112.20348358154297,438.7354431152344,383.64923095703125,158.56857299804688,47.67859649658203,374.7006530761719,147.02999877929688,135.90673828125
2023-11-29,112.17452239990234,438.4267578125,383.275634765625,160.02867126464844,47.99665832519531,370.93115234375,146.32000732421875,133.7176055908203
2023-11-30,112.17452239990234,440.153076171875,382.31201171875,158.3219451904297,46.630733489990234,370.98992919921875,146.08999633789062,131.28077697753906
2023-12-01,113.09153747558594,442.7569274902344,383.40350341796875,158.9632110595703,46.62574768066406,366.6818542480469,147.02999877929688,130.6170654296875
2023-12-04,111.75946044921875,440.4327697753906,379.84417724609375,156.64480590820312,45.37447738647461,361.42413330078125,144.83999633789062,128.051513671875
2023-12-05,110.55287170410156,440.3459777832031,380.7978820800781,156.64480590820312,46.431427001953125,364.7334899902344,146.8800048828125,129.75531005859375
2023-12-06,108.13968658447266,438.5714416503906,378.59539794921875,155.38201904296875,45.371482849121094,361.0912170410156,144.52000427246094,128.79443359375
2023-12-07,108.95050811767578,441.9179992675781,383.8852844238281,158.93360900878906,46.461334228515625,363.1961975097656,146.8800048828125,135.6392822265625
2023-12-08,109.6648178100586,443.81781005859375,385.5960998535156,160.29505920410156,47.36870574951172,366.40777587890625,147.4199981689453,133.7176055908203
2023-12-11,111.13201141357422,445.5440673828125,388.8899230957031,164.14260864257812,46.492244720458984,363.5389404296875,145.88999938964844,132.0336151123047
2023-12-12,97.30929565429688,447.5789794921875,391.9871826171875,165.87893676757812,47.5192756652832,366.5545959472656,147.47999572753906,131.27085876464844
2023-12-13,99.41358947753906,453.75115966796875,396.9721374511719,167.83230590820312,47.94902420043945,366.5447692871094,148.83999633789062,131.32041931152344
2023-12-14,96.82667541503906,455.2073669433594,396.6280517578125,170.93008422851562,48.21026611328125,358.28118896484375,147.4199981689453,130.69631958007812
2023-12-15,99.73213958740234,454.4579162597656,398.54534912109375,171.73904418945312,48.74870681762695,362.9808654785156,149.97000122070312,131.35012817382812
2023-12-18,101.35381317138672,457.0143127441406,401.0556335449219,172.039794921875,49.93227767944336,364.8607177734375,154.07000732421875,134.51995849609375
2023-12-19,102.5604019165039,459.7933044433594,403.1048278808594,172.61544799804688,49.46063995361328,365.4580078125,153.7899932861328,135.3619384765625
2023-12-20,100.53331756591797,453.4218444824219,397.11474609375,167.81175231933594,47.97195816040039,362.8731994628906,152.1199951171875,137.03598022460938
2023-12-21,102.1839370727539,457.72119140625,401.7353515625,171.96038818359375,48.84841537475586,365.7321472167969,153.83999633789062,139.0963897705078
2023-12-22,102.51212310791016,458.6410217285156,402.3363037109375,171.98023986816406,48.688880920410156,366.7503662109375,153.4199981689453,140.15631103515625
2023-12-26,102.50247955322266,460.5776672363281,404.79931640625,174.35231018066406,49.13658142089844,366.8287353515625,153.41000366210938,140.18606567382812
2023-12-27,102.26115417480469,461.4104309082031,405.6234436035156,174.5408935546875,49.27418518066406,366.25103759765625,153.33999633789062,139.04685974121094
2023-12-28,102.5604019165039,461.584716796875,405.4262390136719,174.50120544433594,49.37887954711914,367.4357604980469,153.3800048828125,138.90818786621094
2023-12-29,101.76885223388672,460.2484436035156,403.6717224121094,173.55831909179688,49.37887954711914,368.1799011230469,151.94000244140625,138.37326049804688
2024-01-02,100.44644165039062,457.67266845703125,396.8406677246094,167.70257568359375,48.028785705566406,363.1179504394531,149.92999267578125,136.8675994873047
2024-01-03,98.90201568603516,453.9350280761719,392.6414794921875,164.72506713867188,47.431522369384766,362.8536071777344,148.47000122070312,137.61053466796875
2024-01-04,99.02749633789062,452.4728698730469,390.620849609375,163.75242614746094,47.85928726196289,360.2491760253906,144.57000732421875,135.10438537597656
2024-01-05,99.16263580322266,453.0926208496094,391.0840759277344,164.83425903320312,48.95510482788086,360.0631103515625,145.24000549316406,134.4506072998047
2024-01-08,101.02559661865234,459.5609130859375,399.1669921875,170.67015075683594,52.101985931396484,366.8580627441406,149.10000610351562,137.5312957763672
2024-01-09,100.0313720703125,458.86376953125,399.95556640625,171.12669372558594,52.986419677734375,367.9351501464844,151.3699951171875,139.6214141845703
2024-01-10,100.69998168945312,461.45880126953125,402.666259765625,171.28549194335938,54.19292449951172,374.7691955566406,153.72999572753906,140.9388427734375
2024-01-11,101.52365112304688,461.25543212890625,403.5041198730469,172.2581329345703,54.6635627746582,376.5903015136719,155.17999267578125,140.74073791503906
2024-01-12,103.29695892333984,461.5750427246094,403.71112060546875,171.6527099609375,54.551883697509766,380.3500671386719,154.6199951171875,141.30540466308594
2024-01-16,103.26788330078125,459.88043212890625,403.6717224121094,174.382080078125,56.21905517578125,382.1124267578125,153.16000366210938,141.14691162109375
2024-01-17,103.13221740722656,457.3241882324219,401.3946533203125,173.33004760742188,55.89100646972656,381.3292541503906,151.7100067138672,140.13650512695312
2024-01-18,105.3318862915039,461.39105224609375,407.0921325683594,178.95750427246094,56.94195556640625,385.63720703125,153.5,142.1275634765625
2024-01-19,106.27182006835938,467.142822265625,415.1651916503906,185.77597045898438,59.319068908691406,390.33685302734375,155.33999633789062,145.00021362304688
2024-01-22,106.68850708007812,468.1305236816406,415.7073669433594,186.6394500732422,59.48160171508789,388.22198486328125,154.77999877929688,144.61390686035156
2024-01-23,108.36489868164062,469.49578857421875,417.4323425292969,187.5922393798828,59.69997024536133,390.5619812011719,156.02000427246094,145.65399169921875
2024-01-24,110.76805114746094,470.00897216796875,419.7487487792969,190.9270477294922,61.18466567993164,394.1454772949219,156.8699951171875,147.29833984375
2024-01-25,111.43667602539062,472.56536865234375,420.2613525390625,190.9270477294922,61.43891906738281,396.4072265625,157.75,150.4384765625
2024-01-26,111.08782958984375,471.9649963378906,417.7576599121094,186.85781860351562,60.854618072509766,395.4869384765625,159.1199951171875,150.75547790527344
2024-01-29,110.22540283203125,475.7026672363281,422.0356750488281,189.0512237548828,62.28447341918945,401.1558837890625,161.25999450683594,152.06300354003906
2024-01-30,110.6227035522461,475.334716796875,419.2263488769531,187.17539978027344,62.59257125854492,400.0494689941406,159.0,150.03231811523438
2024-01-31,108.23892211914062,467.5785827636719,411.01531982421875,184.47579956054688,61.349185943603516,389.2696228027344,155.1999969482422,138.7794189453125
2024-02-01,111.95024871826172,473.6983337402344,415.8551940917969,186.16305541992188,62.8448486328125,395.34002685546875,159.27999877929688,139.8294219970703
2024-02-02,112.20219421386719,478.68511962890625,422.8834228515625,189.78567504882812,65.96881103515625,402.6245422363281,171.80999755859375,141.03793334960938
2024-02-05,112.78360748291016,476.9421081542969,422.3314208984375,193.48770141601562,69.13162994384766,397.17095947265625,170.30999755859375,142.32569885253906
2024-02-06,111.72737884521484,478.32684326171875,421.4836730957031,191.29428100585938,68.02583312988281,397.0142822265625,169.14999389648438,142.74169921875
2024-02-07,113.6363296508789,482.3162841796875,425.8207702636719,195.15509033203125,69.89640808105469,405.39532470703125,170.52999877929688,144.1681365966797
2024-02-08,113.06462097167969,482.529296875,426.6094055175781,197.93408203125,69.4397201538086,405.4541320800781,169.83999633789062,144.53463745117188
2024-02-09,113.02586364746094,485.3180236816406,430.8085632324219,202.32095336914062,71.92454528808594,411.75946044921875,174.4499969482422,147.5955352783203
2024-02-12,112.25064849853516,485.1050109863281,429.1230163574219,201.536865234375,72.03919219970703,406.580078125,172.33999633789062,146.13938903808594
2024-02-13,110.15757751464844,478.4236145019531,422.4299621582031,197.80506896972656,71.9195556640625,397.82696533203125,168.63999938964844,143.7719268798828
2024-02-14,110.71959686279297,482.7713928222656,427.0332336425781,201.7750701904297,73.68641662597656,401.6720886230469,170.97999572753906,144.5643768310547
2024-02-15,109.28546142578125,486.1024169921875,428.3048095703125,201.1001739501953,72.4480209350586,398.79803466796875,169.8000030517578,141.42422485351562
2024-02-16,107.86101531982422,483.6816101074219,424.4211120605469,200.23667907714844,72.40313720703125,396.3457946777344,169.50999450683594,139.19546508789062
2024-02-20,105.08961486816406,481.01873779296875,421.2174987792969,196.2964630126953,69.25128936767578,395.1000671386719,167.0800018310547,139.78977966308594
2024-02-21,104.8086166381836,481.4544677734375,419.5318908691406,195.03599548339844,67.27701568603516,394.5016784667969,168.58999633789062,141.20632934570312
2024-02-22,107.57029724121094,491.4184265136719,431.8139953613281,208.35533142089844,78.31101989746094,403.7909240722656,174.5800018310547,142.7318115234375
2024-02-23,108.48118591308594,491.7572937011719,430.54241943359375,207.05516052246094,78.5892105102539,402.5058898925781,174.99000549316406,142.60305786132812
2024-02-26,107.53153991699219,489.9562683105469,430.315673828125,208.77218627929688,78.86341857910156,399.75933837890625,174.72999572753906,136.2732696533203
2024-02-27,107.9288330078125,490.866455078125,431.3507080078125,208.16676330566406,78.4735336303711,399.7004699707031,173.5399932861328,137.5709228515625
2024-02-28,108.21955108642578,490.2177429199219,429.0539245605469,205.854248046875,77.43856048583984,399.9359130859375,173.16000366210938,135.09446716308594
2024-02-29,108.21955108642578,491.97998046875,432.730712890625,210.3601837158203,78.88335418701172,405.742919921875,176.75999450683594,137.15487670898438
2024-03-01,110.25447845458984,496.59881591796875,439.2463073730469,218.8857421875,82.04120635986328,407.5673522949219,178.22000122070312,135.84732055664062
2024-03-04,110.52580261230469,496.0663146972656,437.67901611328125,222.40911865234375,84.99064636230469,406.9984436035156,177.5800018310547,132.0930633544922
2024-03-05,107.50247192382812,491.1085205078125,429.8227844238281,219.00485229492188,85.71959686279297,394.962646484375,174.1199951171875,131.41944885253906
2024-03-06,108.791259765625,493.5970764160156,432.5236511230469,224.6521759033203,88.44779205322266,394.4133605957031,173.50999450683594,130.1614227294922
2024-03-07,110.99092102050781,498.4967346191406,439.088623046875,232.41351318359375,92.40550231933594,401.328857421875,176.82000732421875,133.11334228515625
2024-03-08,108.9366226196289,495.50469970703125,432.75042724609375,223.30238342285156,87.27914428710938,398.4645080566406,175.35000610351562,134.1336212158203
2024-03-11,110.59362030029297,495.07861328125,431.1437072753906,219.32244873046875,85.53011322021484,396.7969970703125,171.9600067138672,136.372314453125
2024-03-12,123.58811950683594,500.4043884277344,437.3241271972656,226.260009765625,91.65167999267578,407.3515625,175.38999938964844,137.1945037841797
2024-03-13,121.63069915771484,499.6199645996094,433.9628601074219,221.7838592529297,90.62957763671875,407.1750183105469,176.55999755859375,138.47232055664062
2024-03-14,121.64039611816406,498.63238525390625,432.86871337890625,217.81385803222656,87.69395446777344,417.101806640625,178.75,141.75112915039062
2024-03-15,121.65007781982422,495.20843505859375,427.7232360839844,216.2060089111328,87.5872573852539,408.4698181152344,174.4199981689453,139.8492431640625
2024-03-18,123.84007263183594,498.15155029296875,431.8026428222656,216.6427001953125,88.20349884033203,409.3526306152344,174.47999572753906,146.2879638671875
2024-03-19,125.18698120117188,500.9197998046875,432.87847900390625,216.1663055419922,89.14382934570312,413.3645324707031,175.89999389648438,145.6440887451172
2024-03-20,125.23545837402344,505.552978515625,438.0109558105469,219.63011169433594,90.11505126953125,417.11163330078125,178.14999389648438,147.33799743652344
2024-03-21,125.01255798339844,507.22369384765625,440.0837707519531,224.6124725341797,91.17501831054688,421.17254638671875,178.14999389648438,146.20870971679688
2024-03-22,123.83036041259766,506.2621154785156,440.5871276855469,225.9324951171875,94.02091217041016,420.55462646484375,178.8699951171875,149.34881591796875
2024-03-25,122.17334747314453,504.8634033203125,438.98822021484375,225.37669372558594,94.73188018798828,414.786865234375,179.7100067138672,148.65545654296875
2024-03-26,122.55126953125,503.9308776855469,437.56683349609375,223.2825164794922,92.29782104492188,413.5998840332031,178.3000030517578,149.24978637695312
2024-03-27,121.38847351074219,508.1658935546875,439.0572509765625,223.20310974121094,89.99340057373047,413.3841247558594,179.8300018310547,149.44789123535156
2024-03-28,121.71791076660156,508.0687561035156,438.2478942871094,223.30238342285156,90.09909057617188,412.68768310546875,180.3800048828125,149.50733947753906
2024-04-01,121.59194946289062,507.18475341796875,439.17572021484375,226.23023986816406,90.10607147216797,416.4642028808594,180.97000122070312,154.02435302734375
2024-04-02,120.48725891113281,503.96014404296875,435.3854675292969,223.3222198486328,89.19766235351562,413.3939514160156,180.69000244140625,153.10311889648438
2024-04-03,122.3283920288086,504.51361083984375,436.3626708984375,224.21546936035156,88.7110595703125,412.4228515625,182.41000366210938,153.459716796875
2024-04-04,120.34191131591797,498.35552978515625,429.6904296875,218.24063110351562,85.66073608398438,409.9019775390625,180.0,149.11109924316406
2024-04-05,121.0299301147461,503.561767578125,434.7538146972656,220.97000122070312,87.75777435302734,417.3960876464844,185.07000732421875,151.06256103515625
2024-04-08,120.49696350097656,503.84344482421875,434.88214111328125,221.3868408203125,86.88525390625,416.48382568359375,185.19000244140625,153.39039611816406
2024-04-09,119.79702758789062,504.4262390136719,436.490966796875,222.41905212402344,85.11128997802734,418.14154052734375,185.6699981689453,155.12391662597656
2024-04-10,118.35824584960938,499.3754577636719,432.6810607910156,220.48365783691406,86.7915267944336,415.1792297363281,185.9499969482422,154.66822814941406
2024-04-11,119.8067398071289,503.1440734863281,439.5902404785156,225.60496520996094,90.35836029052734,419.760009765625,189.0500030517578,157.90740966796875
2024-04-12,117.73607635498047,496.1991882324219,432.5823669433594,219.02468872070312,87.93526458740234,413.8451232910156,186.1300048828125,156.24325561523438
2024-04-15,116.54035186767578,489.98272705078125,425.46600341796875,215.72959899902344,85.75646209716797,405.742919921875,183.6199951171875,153.40029907226562
2024-04-16,117.2597427368164,489.0890808105469,425.5054016113281,217.51609802246094,87.16645050048828,406.6649169921875,183.32000732421875,152.9446258544922
2024-04-17,115.36405944824219,486.1946105957031,420.3137512207031,210.80679321289062,83.79605102539062,403.9772644042969,181.27999877929688,154.00454711914062
2024-04-18,112.7684326171875,485.194091796875,417.9152526855469,207.06509399414062,84.43025207519531,396.5517578125,179.22000122070312,154.53945922851562
2024-04-19,111.67963409423828,480.95916748046875,409.2689208984375,197.71575927734375,75.98334503173828,391.5001220703125,174.6300048828125,152.63754272460938
2024-04-22,111.33939361572266,485.38836669921875,413.3847961425781,201.49716186523438,79.29190826416016,393.304931640625,177.22999572753906,154.80690002441406
2024-04-23,111.88378143310547,491.1483154296875,419.5537109375,206.24131774902344,82.18865203857422,399.78875732421875,179.5399932861328,156.7682342529297
2024-04-24,112.12681579589844,490.91522216796875,420.9749755859375,206.47950744628906,79.45045471191406,401.2502746582031,176.58999633789062,157.63003540039062
2024-04-25,111.68934631347656,489.0502624511719,418.9417419433594,210.60830688476562,82.39704895019531,391.421630859375,173.6699981689453,154.529541015625
2024-04-26,113.9447250366211,493.6834716796875,425.4067687988281,216.0074920654297,87.48555755615234,398.5626220703125,179.6199951171875,170.3292236328125
2024-04-29,113.24478149414062,495.4317932128906,427.1340026855469,216.74195861816406,87.5074691772461,394.5703430175781,180.9600067138672,164.58387756347656
2024-04-30,110.58111572265625,487.5835876464844,419.0799560546875,212.484130859375,86.1563491821289,381.89697265625,175.0,161.24562072753906
2024-05-01,111.43659973144531,486.0003662109375,416.0497131347656,206.2909393310547,82.80488586425781,387.3998718261719,179.0,162.31546020507812
2024-05-02,111.75741577148438,490.5461120605469,421.3599548339844,210.43959045410156,85.572998046875,390.2444763183594,184.72000122070312,165.04942321777344
2024-05-03,112.57401275634766,496.6266174316406,429.82861328125,216.09683227539062,88.53654479980469,398.8961181640625,186.2100067138672,165.66360473632812
2024-05-06,115.04325103759766,501.7550964355469,434.53668212890625,220.99977111816406,91.87802124023438,405.6448059082031,188.6999969482422,166.51548767089844
2024-05-07,114.64466094970703,502.30877685546875,434.60577392578125,219.07432556152344,90.29652404785156,401.5249938964844,188.75999450683594,169.63577270507812
2024-05-08,114.11972045898438,502.3572998046875,434.34918212890625,219.73928833007812,90.15493774414062,402.70208740234375,188.0,167.78338623046875
2024-05-09,113.3906021118164,505.2518615722656,435.29669189453125,218.32994079589844,88.49467468261719,404.4480895996094,189.5,168.35800170898438
2024-05-10,113.41976165771484,505.9027099609375,436.3232116699219,221.62506103515625,89.62244415283203,406.8218688964844,187.47999572753906,167.060302734375
2024-05-13,113.12814331054688,505.97064208984375,437.3299255371094,221.58534240722656,90.14197540283203,405.8213195800781,186.57000732421875,167.545654296875
2024-05-14,117.50277709960938,508.2921142578125,440.1429443359375,225.37669372558594,91.09626007080078,408.6070861816406,187.07000732421875,168.73434448242188
2024-05-15,118.24159240722656,514.5863037109375,447.0224914550781,232.14553833007812,94.3609390258789,415.7511291503906,185.99000549316406,170.8839111328125
2024-05-16,118.75682830810547,513.5275268554688,446.1144714355469,230.45828247070312,94.09071350097656,413.6973571777344,183.6300048828125,172.5381622314453
2024-05-17,120.05950927734375,514.2657470703125,445.8973388671875,228.52291870117188,92.21605682373047,412.930908203125,184.6999969482422,174.4004364013672
2024-05-20,121.05108642578125,514.8582153320312,449.0064697265625,233.23728942871094,94.5105209350586,417.9720458984375,183.5399932861328,175.25238037109375
2024-05-21,121.15801239013672,516.1210327148438,449.8849182128906,232.90975952148438,95.11478424072266,421.6079406738281,183.14999389648438,176.17359924316406
2024-05-22,121.12884521484375,514.634765625,449.7960510253906,234.8153533935547,94.6800308227539,423.0623474121094,183.1300048828125,174.71746826171875
2024-05-23,120.633056640625,510.87579345703125,447.7726745605469,238.02113342285156,103.5038833618164,419.6032409667969,181.0500030517578,171.9141082763672
2024-05-24,119.4859390258789,514.2560424804688,452.00701904296875,242.42782592773438,106.16629028320312,422.7085876464844,180.75,173.34054565429688
2024-05-28,121.02191925048828,514.6154174804688,453.7145080566406,247.95603942871094,113.57713317871094,422.8658142089844,182.14999389648438,174.73727416992188
2024-05-29,120.29281616210938,511.0117492675781,450.5166015625,243.80738830566406,114.49851989746094,421.7357177734375,182.02000427246094,174.24197387695312
2024-05-30,113.82807159423828,507.6219482421875,445.6900329589844,240.4527587890625,110.1858139038086,407.48687744140625,179.32000732421875,170.48770141601562
2024-05-31,113.92527770996094,512.2454833984375,444.8609619140625,238.67617797851562,109.3212890625,407.9388732910156,176.44000244140625,170.8740234375
2024-06-03,115.9570541381836,512.6630249023438,447.24957275390625,241.65367126464844,114.67301940917969,406.35675048828125,178.33999633789062,171.53768920898438
2024-06-04,116.72505187988281,513.2362060546875,448.47344970703125,240.78028869628906,116.1059341430664,408.8626403808594,179.33999633789062,172.15185546875
2024-06-05,119.21373748779297,519.3360595703125,457.5145263671875,252.50169372558594,122.09186553955078,416.66510009765625,181.27999877929688,173.756591796875
2024-06-06,120.05950927734375,519.3262329101562,457.3566589355469,250.51670837402344,120.65396881103516,417.16619873046875,185.0,175.06414794921875
2024-06-07,122.41207885742188,518.6950073242188,456.9519958496094,250.3181915283203,120.5442886352539,416.5078430175781,184.3000030517578,172.81552124023438
2024-06-10,121.03163146972656,520.297607421875,458.7976989746094,253.94081115722656,121.4437255859375,420.458251953125,187.05999755859375,173.55929565429688
2024-06-11,120.42891693115234,521.5506591796875,461.9462890625,253.5636749267578,120.57612609863281,425.1849060058594,187.22999572753906,175.15597534179688
2024-06-12,136.46925354003906,525.8342895507812,467.99676513671875,261.1165771484375,124.85427856445312,433.4197692871094,186.88999938964844,176.31625366210938
2024-06-13,135.9540252685547,526.8929443359375,470.5333557128906,265.2056884765625,129.25210571289062,433.9306945800781,183.8300018310547,173.7080841064453
2024-06-14,134.28195190429688,527.2135009765625,472.9713134765625,265.8805847167969,131.5158233642578,434.9035949707031,183.66000366210938,175.32455444335938
2024-06-17,137.37332153320312,531.4095458984375,478.7651672363281,270.4361572265625,130.6183319091797,440.60308837890625,184.05999755859375,175.77084350585938
2024-06-18,140.61058044433594,532.7597045898438,478.9132385253906,274.6840515136719,135.20559692382812,438.6082458496094,182.80999755859375,173.63865661621094
2024-06-20,138.92877197265625,531.3124389648438,475.22174072265625,266.9028625488281,130.41885375976562,437.9794006347656,186.10000610351562,174.83863830566406
2024-06-21,137.5580596923828,530.60009765625,473.9485168457031,262.903076171875,126.22049713134766,441.9887390136719,189.0800018310547,178.1410369873047
2024-06-24,135.99288940429688,528.8753051757812,468.5527648925781,253.86141967773438,117.78384399414062,439.91522216796875,185.57000732421875,177.73439025878906
2024-06-25,135.29296875,530.9119873046875,473.9109191894531,259.8064880371094,125.74180603027344,443.13836669921875,186.33999633789062,182.50453186035156
2024-06-26,134.379150390625,531.5745239257812,474.8896484375,258.95294189453125,126.05097198486328,444.32745361328125,193.61000061035156,182.3557891845703
2024-06-27,136.2748260498047,532.4125366210938,476.1155090332031,256.9183044433594,123.64762878417969,445.0055236816406,197.85000610351562,183.87313842773438
2024-06-28,137.2664031982422,530.3175659179688,473.6440124511719,258.7445068359375,123.19886016845703,439.20770263671875,193.25,180.64012145996094
2024-07-01,139.10374450683594,531.408935546875,476.4219055175781,259.0522155761719,123.95677185058594,448.81829833984375,197.1999969482422,181.47317504882812
2024-07-02,139.2884521484375,534.9851684570312,481.42425537109375,261.65252685546875,122.33125305175781,451.3241271972656,200.0,183.7045440673828
2024-07-03,140.35781860351562,537.3724975585938,485.4378967285156,267.5976257324219,127.92577362060547,452.7882995605469,197.58999633789062,184.2797088623047
2024-07-05,140.79527282714844,540.4713745117188,490.49945068359375,267.69683837890625,125.4825439453125,459.4606628417969,200.0,189.02011108398438
2024-07-08,140.9897003173828,541.0950927734375,491.666015625,272.1531677246094,127.84597778320312,458.1635437011719,199.2899932861328,187.46311950683594
2024-07-09,136.76087951660156,541.6212158203125,492.0911560058594,272.7486572265625,131.01722717285156,451.57965087890625,199.33999633789062,187.41351318359375
2024-07-10,138.11216735839844,546.9805908203125,497.2218933105469,279.1601867675781,134.5374755859375,458.1733703613281,199.7899932861328,189.5952606201172
2024-07-11,139.1748046875,542.2642211914062,486.31781005859375,268.9870910644531,127.04820251464844,446.823486328125,195.0500030517578,184.03179931640625
2024-07-12,141.13430786132812,545.6845703125,489.1748046875,272.3913879394531,128.88311767578125,445.6933288574219,194.49000549316406,183.5359344482422
2024-07-15,139.47702026367188,547.185302734375,490.4896240234375,271.7760314941406,128.0853271484375,446.0962829589844,192.72000122070312,184.9838409423828
2024-07-16,139.028564453125,550.43017578125,490.6774597167969,271.65692138671875,126.01107788085938,441.7331848144531,193.02000427246094,182.39544677734375
2024-07-17,135.7626953125,542.7125244140625,476.273681640625,252.31312561035156,117.6641845703125,435.83709716796875,187.92999267578125,179.51951599121094
2024-07-18,134.56356811523438,538.5418701171875,474.0196838378906,253.6232147216797,120.75562286376953,432.74169921875,183.75,176.2171173095703
2024-07-19,135.0802764892578,534.9656982421875,469.81817626953125,246.2787322998047,117.60435485839844,429.53814697265625,183.1300048828125,176.1873779296875
2024-07-22,136.6498260498047,540.4810791015625,476.8174133300781,255.786865234375,123.19886016845703,435.2671203613281,182.5500030517578,180.16412353515625
2024-07-23,139.51602172851562,539.63330078125,475.13677978515625,252.9483184814453,122.25148010253906,437.14410400390625,186.41000366210938,180.2831268310547
2024-07-24,135.28500366210938,527.4038696289062,458.0934753417969,239.17242431640625,113.93451690673828,421.47039794921875,180.8300018310547,171.1990509033203
2024-07-25,134.3588409423828,524.6558837890625,453.0417785644531,234.78558349609375,111.96996307373047,411.15228271484375,179.85000610351562,165.89340209960938
2024-07-26,135.51898193359375,530.5318603515625,457.6881408691406,238.50746154785156,112.74779510498047,417.90325927734375,182.5,165.61572265625
2024-07-29,134.8365478515625,530.8436889648438,458.6075439453125,236.81028747558594,111.28184509277344,419.33795166015625,183.1999969482422,168.12472534179688
2024-07-30,132.26284790039062,528.1542358398438,452.31024169921875,227.74876403808594,103.44355773925781,415.593994140625,181.7100067138672,168.87843322753906
2024-07-31,135.9479217529297,536.7391967773438,465.69573974609375,245.13735961914062,116.69686126708984,411.1031799316406,186.97999572753906,170.11807250976562
2024-08-01,134.05665588378906,529.138427734375,454.4159240722656,229.27720642089844,108.90843200683594,409.8846130371094,184.07000732421875,169.3445281982422
2024-08-02,129.932861328125,519.2868041992188,443.6304016113281,216.7915802001953,106.97378540039062,401.4139099121094,167.89999389648438,165.27853393554688
2024-08-05,124.64898681640625,504.1631774902344,430.403076171875,211.70997619628906,100.172607421875,388.30499267578125,161.02000427246094,157.9299774169922
2024-08-06,124.99020385742188,508.8113098144531,434.5155334472656,215.828857421875,103.9621353149414,392.687744140625,161.92999267578125,156.9779052734375
2024-08-07,122.73820495605469,505.4104919433594,429.809814453125,209.88377380371094,98.63687133789062,391.52813720703125,162.77000427246094,157.62252807617188
2024-08-08,125.72136688232422,517.0941162109375,442.9581298828125,223.2229766845703,104.68013000488281,395.71441650390625,165.8000030517578,160.68692016601562
2024-08-09,128.74351501464844,519.3743896484375,445.2714538574219,223.16342163085938,104.46074676513672,398.9867248535156,166.94000244140625,162.3133087158203
2024-08-12,129.25045776367188,519.6471557617188,446.23040771484375,225.2576141357422,108.71894836425781,399.7630310058594,166.8000030517578,160.94476318359375
2024-08-13,130.88824462890625,528.193115234375,457.3025817871094,234.41836547851562,115.81929779052734,406.83837890625,170.22999572753906,162.79925537109375
2024-08-14,132.19461059570312,529.8594970703125,457.4508972167969,234.61685180664062,117.75394439697266,409.6389465332031,170.10000610351562,159.04067993164062
2024-08-15,133.4912109375,538.9414672851562,469.00750732421875,244.52200317382812,122.52073669433594,414.482421875,177.58999633789062,159.96295166015625
2024-08-16,134.01763916015625,540.1497802734375,469.6105651855469,244.85946655273438,124.23599243164062,411.9622497558594,177.05999755859375,161.6092071533203
2024-08-19,134.4563446044922,545.3143920898438,475.77935791015625,249.4547119140625,129.6410369873047,414.9746398925781,178.22000122070312,165.28843688964844
2024-08-20,135.67495727539062,544.4275512695312,474.7808532714844,246.19932556152344,126.89862823486328,418.1937561035156,178.8800048828125,165.79421997070312
2024-08-21,136.67910766601562,546.2985229492188,476.9953308105469,248.75006103515625,128.14517211914062,417.5440673828125,180.11000061035156,164.4752197265625
2024-08-22,134.6123046875,542.0109252929688,469.4326171875,240.6016387939453,123.3983154296875,409.08758544921875,176.1300048828125,162.44224548339844
2024-08-23,135.6944580078125,547.7700805664062,474.52386474609375,246.52685546875,129.01275634765625,410.308349609375,177.0399932861328,164.24713134765625
2024-08-26,135.4116973876953,546.4642333984375,469.9169921875,240.75050354003906,126.11079406738281,407.0596923828125,175.5,164.78268432617188
2024-08-27,135.0022735595703,547.2146606445312,471.3208312988281,243.1721954345703,127.94571685791016,407.4042053222656,173.1199951171875,163.31495666503906
2024-08-28,134.41737365722656,544.0377807617188,465.97259521484375,239.08311462402344,125.26315307617188,404.21466064453125,170.8000030517578,161.5001220703125
2024-08-29,135.9186553955078,544.0864868164062,465.2904052734375,236.12545776367188,117.26528930664062,406.6954040527344,172.1199951171875,160.43896484375
2024-08-30,137.74169921875,549.2803955078125,470.8363952636719,241.6338348388672,119.04037475585938,410.6529235839844,178.5,162.02572631835938
2024-09-03,135.99667358398438,537.9766845703125,456.5413513183594,223.50086975097656,107.70177459716797,403.0726013183594,176.25,156.05564880371094
2024-09-04,137.2152862548828,536.8756103515625,455.35504150390625,222.9649200439453,105.9167251586914,402.5409851074219,173.3300018310547,155.1531524658203
2024-09-05,139.028564453125,535.5697631835938,455.7801513671875,222.5778350830078,106.91394805908203,402.0389404296875,177.88999938964844,155.9366455078125
2024-09-06,138.24864196777344,526.5560302734375,443.5710754394531,213.38731384277344,102.54605102539062,395.4530944824219,171.38999938964844,149.66900634765625
2024-09-09,136.37686157226562,532.4515380859375,449.2752380371094,218.21084594726562,106.1760025024414,399.4104919433594,175.39999389648438,147.67303466796875
2024-09-10,151.9750518798828,534.7706909179688,453.42730712890625,220.27525329589844,107.8014907836914,407.7586669921875,179.5500030517578,147.6233673095703
2024-09-11,153.232666015625,540.2568359375,463.27374267578125,231.64927673339844,116.5871810913086,416.461181640625,184.52000427246094,150.10594177246094
2024-09-12,157.32717895507812,544.8076782226562,467.82122802734375,232.14553833007812,118.8211669921875,420.35955810546875,187.0,153.61131286621094
2024-09-13,157.96084594726562,547.6530151367188,469.9169921875,235.13296508789062,118.7812728881836,423.893798828125,186.49000549316406,156.36199951171875
2024-09-16,166.0524139404297,548.4619140625,467.8409729003906,232.04629516601562,116.46748352050781,424.632080078125,184.88999938964844,156.9578399658203
2024-09-17,163.2642364501953,548.6859741210938,468.0881652832031,231.96688842773438,115.28067779541016,428.3828430175781,186.8800048828125,158.20904541015625
2024-09-18,160.39810180664062,547.0586547851562,466.0614929199219,229.32684326171875,113.06661987304688,424.1103515625,186.42999267578125,158.6956024169922
2024-09-19,163.38119506835938,556.3939819335938,477.8455505371094,239.28160095214844,117.55458068847656,431.8677978515625,189.8699951171875,161.00936889648438
2024-09-20,163.7809295654297,555.43212890625,476.9360046386719,236.11553955078125,115.68958282470703,428.5009460449219,191.60000610351562,162.44924926757812
2024-09-23,161.7824249267578,556.820068359375,478.2001647949219,237.15765380859375,115.94889068603516,426.76837158203125,193.8800048828125,160.7213897705078
2024-09-24,161.6361846923828,558.413330078125,480.50689697265625,241.5742645263672,120.54654693603516,422.495849609375,193.9600067138672,161.15830993652344
2024-09-25,162.1041259765625,557.1817626953125,480.95233154296875,243.69821166992188,123.17948150634766,425.3901062011719,192.52999877929688,160.36392211914062
2024-09-26,163.87843322753906,559.3906860351562,484.5657653808594,250.72511291503906,123.70806121826172,424.6025390625,191.16000366210938,161.5952606201172
2024-09-27,164.50233459472656,558.5794677734375,481.873046875,245.88172912597656,121.07513427734375,421.36370849609375,187.97000122070312,162.80674743652344
2024-09-30,166.1206512451172,560.8177490234375,483.1798095703125,243.60890197753906,121.11502075195312,423.6082763671875,186.3300018310547,164.6934814453125
2024-10-01,162.96202087402344,555.7937622070312,476.44793701171875,237.0881805419922,116.6868896484375,414.1477355957031,185.1300048828125,165.8255615234375
2024-10-02,163.49819946289062,556.0283203125,477.1211242675781,240.50238037109375,118.53194427490234,410.64306640625,184.75999450683594,164.70343017578125
2024-10-03,162.66954040527344,555.0118408203125,476.7647399902344,242.71566772460938,122.52124786376953,410.062255859375,181.9600067138672,164.70343017578125
2024-10-04,166.569091796875,560.0553588867188,482.4373779296875,245.9611358642578,124.58570098876953,409.5896911621094,186.50999450683594,165.89505004882812
2024-10-07,165.7014617919922,554.9922485351562,477.2696838378906,246.35813903808594,127.37821960449219,403.171142578125,180.8000030517578,161.843505859375
2024-10-08,169.99095153808594,560.2411499023438,484.39752197265625,250.62586975097656,132.5343780517578,408.2607116699219,182.72000122070312,163.23374938964844
2024-10-09,173.8125,564.1215209960938,488.20892333984375,253.23614501953125,132.29502868652344,410.96795654296875,185.1699981689453,160.7313232421875
2024-10-10,171.38937377929688,563.1344604492188,487.6545104980469,252.73988342285156,134.44923400878906,409.3731689453125,186.64999389648438,160.9498291015625
2024-10-11,171.74110412597656,566.5065307617188,488.41680908203125,254.7646026611328,134.43927001953125,409.845703125,188.82000732421875,162.10169982910156
2024-10-14,172.08306884765625,571.1395874023438,492.5153503417969,259.3201599121094,137.70053100585938,412.621826171875,187.5399932861328,163.80970764160156
2024-10-15,170.099609375,566.7020263671875,485.93194580078125,245.3060760498047,131.2478485107422,412.2280578613281,187.69000244140625,164.30621337890625
2024-10-16,170.76402282714844,569.1651611328125,485.99139404296875,245.4648895263672,135.35679626464844,409.6487731933594,186.88999938964844,164.00828552246094
2024-10-17,171.65313720703125,569.214111328125,486.3279724121094,249.69293212890625,136.56358337402344,410.239501953125,187.52999877929688,161.79385375976562
2024-10-18,170.6858367919922,571.403564453125,489.5157165527344,249.62344360351562,137.63070678710938,411.65704345703125,188.99000549316406,162.28042602539062
2024-10-21,169.77716064453125,570.4651489257812,490.4562072753906,250.94346618652344,143.325439453125,412.26739501953125,189.07000732421875,162.92591857910156
2024-10-22,171.29164123535156,570.162109375,490.9907531738281,249.80209350585938,143.2057342529297,420.8616638183594,189.6999969482422,163.9884490966797
2024-10-23,169.13230895996094,564.952392578125,483.46685791015625,247.14219665527344,139.1865234375,417.99688720703125,184.7100067138672,161.64491271972656
2024-10-24,170.38296508789062,566.1742553710938,487.38720703125,248.184326171875,140.03427124023438,418.1249084472656,186.3800048828125,161.58531188964844
2024-10-25,169.5426788330078,565.9786987304688,490.357177734375,251.0625762939453,141.16123962402344,421.49169921875,187.8300018310547,164.1175537109375
2024-10-28,168.46788024902344,567.7283325195312,490.4364013671875,249.32571411132812,140.1439666748047,419.9559326171875,188.38999938964844,165.55743408203125
2024-10-29,169.45469665527344,568.6470947265625,495.148681640625,254.99285888671875,140.87200927734375,425.2326354980469,190.8300018310547,168.49679565429688
2024-10-30,170.55886840820312,566.9268798828125,491.40655517578125,248.79965209960938,138.9671173095703,425.8035583496094,192.72999572753906,173.2434539794922
2024-10-31,163.9928436279297,555.8133544921875,479.0021057128906,239.86717224121094,132.4047088623047,400.0307312011719,186.39999389648438,169.9168243408203
2024-11-01,166.12289428710938,558.1590576171875,482.54620361328125,242.91415405273438,135.03765869140625,403.9881896972656,197.92999267578125,170.09556579589844
2024-11-04,165.70272827148438,556.9569091796875,481.1405029296875,242.43775939941406,135.68592834472656,402.1078796386719,195.77999877929688,168.0598602294922
2024-11-05,167.84254455566406,563.6914672851562,487.2783203125,246.44744873046875,139.5355987548828,405.0612487792969,199.5,168.55636596679688
2024-11-06,177.0857391357422,577.7080078125,500.5143737792969,252.89869689941406,145.2203369140625,413.6456298828125,207.08999633789062,175.2791748046875
2024-11-07,182.09812927246094,582.1749267578125,508.3946838378906,259.0621032714844,148.48159790039062,418.81396484375,210.0500030517578,179.48960876464844
2024-11-08,184.91212463378906,584.6968383789062,508.9886779785156,257.39471435546875,147.23492431640625,415.9689636230469,208.17999267578125,177.10633850097656
2024-11-11,184.79486083984375,585.2539672851562,508.6916198730469,251.6282958984375,144.87127685546875,411.5094299316406,206.83999633789062,179.09239196777344
2024-11-12,185.2345733642578,583.4358520507812,507.7708435058594,249.9708251953125,147.8931427001953,416.4513244628906,208.91000366210938,180.35354614257812
2024-11-13,185.28341674804688,583.7193603515625,507.1175231933594,245.77256774902344,145.87857055664062,418.58758544921875,214.10000610351562,177.63265991210938
2024-11-14,182.7625274658203,579.9658813476562,503.59326171875,246.31842041015625,146.36727905273438,420.2513122558594,211.47999572753906,174.3556365966797
2024-11-15,179.52842712402344,572.5374145507812,491.5946960449219,238.15016174316406,141.6000518798828,408.5462341308594,202.61000061035156,171.28721618652344
2024-11-18,181.47279357910156,574.8831787109375,495.0101013183594,239.7282257080078,139.77493286132812,409.2944030761719,201.6999969482422,174.07760620117188
2024-11-19,184.5701446533203,576.9847412109375,498.41558837890625,242.34841918945312,146.61659240722656,411.2928161621094,204.61000061035156,176.87794494628906
2024-11-20,186.3777313232422,577.1802368164062,498.1285400390625,240.72071838378906,145.4995880126953,409.02862548828125,202.8800048828125,174.75283813476562
2024-11-21,188.0192413330078,580.2786254882812,499.92041015625,244.25404357910156,146.27749633789062,407.2629089355469,198.3800048828125,166.46107482910156
2024-11-22,187.8824005126953,582.0771484375,500.7223205566406,242.7851104736328,141.57012939453125,411.3367919921875,197.1199951171875,163.611083984375
2024-11-25,183.6809844970703,584.0516357421875,501.5142822265625,241.83233642578125,135.656005859375,413.1025085449219,201.4499969482422,166.48095703125
2024-11-26,186.00645446777344,587.101318359375,504.20703125,239.609130859375,136.55360412597656,422.1775817871094,207.86000061035156,167.94068908691406
2024-11-27,178.5122528076172,585.3223876953125,500.2372131347656,236.46290588378906,134.97781372070312,417.2454528808594,205.74000549316406,168.0499267578125
2024-11-29,180.6031951904297,588.9584350585938,504.6326904296875,240.31381225585938,137.88003540039062,417.7090759277344,207.88999938964844,167.77188110351562
2024-12-02,177.2518310546875,590.0140380859375,510.1270751953125,246.0107421875,138.259033203125,425.126953125,210.7100067138672,170.29415893554688
2024-12-03,178.69790649414062,590.28759765625,511.6912841796875,246.55662536621094,139.88465881347656,425.3439636230469,213.44000244140625,170.14523315429688
2024-12-04,183.87640380859375,593.9531860351562,518.0172119140625,250.73504638671875,144.75160217285156,431.4794616699219,218.16000366210938,173.15406799316406
2024-12-05,181.97108459472656,592.9757080078125,516.5818481445312,246.43751525878906,144.6818084716797,436.60888671875,220.5500030517578,171.4361572265625
2024-12-06,187.29620361328125,594.0997314453125,521.2048950195312,246.7451934814453,142.068603515625,437.5459289550781,227.02999877929688,173.49172973632812
2024-12-09,186.08460998535156,591.0404052734375,517.1461791992188,244.22425842285156,138.4480743408203,439.96270751953125,226.08999633789062,174.34669494628906
2024-12-10,173.6659393310547,589.2026977539062,515.3838500976562,238.0806884765625,134.71783447265625,437.3092041015625,225.0399932861328,184.08949279785156
2024-12-11,174.4866943359375,593.7577514648438,524.6104125976562,243.9066619873047,138.94677734375,442.8923034667969,230.25999450683594,194.2598114013672
2024-12-12,171.30140686035156,590.6982421875,521.224853515625,241.5445098876953,136.98190307617188,443.45458984375,228.97000122070312,190.8398895263672
2024-12-13,169.4156494140625,590.5810546875,525.2144165039062,247.61859130859375,133.89996337890625,441.1957092285156,227.4600067138672,188.71238708496094
2024-12-16,167.30517578125,593.102783203125,532.77783203125,251.3503875732422,131.65582275390625,445.4570617675781,232.92999267578125,195.51248168945312
2024-12-17,165.8200225830078,590.6591186523438,530.4315795898438,248.0850830078125,130.05001831054688,448.2880554199219,231.14999389648438,194.2797088623047
2024-12-18,161.6185760498047,573.0554809570312,511.2952575683594,240.17486572265625,128.5738983154297,431.44989013671875,220.52000427246094,187.3006591796875
2024-12-19,164.9210968017578,572.8794555664062,509.0183410644531,237.0782470703125,130.33926391601562,431.0947570800781,223.2899932861328,187.41001892089844
2024-12-20,165.7711181640625,579.7603759765625,513.4632568359375,240.88946533203125,134.34878540039062,430.6706848144531,224.9199981689453,190.29310607910156
2024-12-23,165.2630615234375,583.2320556640625,518.4658813476562,248.44692993164062,139.30581665039062,429.3389587402344,225.05999755859375,193.49432373046875
2024-12-24,167.4810028076172,589.7147216796875,525.4962158203125,250.5902557373047,139.85440063476562,433.3634948730469,229.0500030517578,194.9656982421875
2024-12-26,167.74484252929688,589.7540283203125,525.1390991210938,250.15162658691406,139.56515502929688,432.1601257324219,227.0500030517578,194.45867919921875
2024-12-27,165.0872039794922,583.5458984375,518.158447265625,247.6294708251953,136.6527557373047,424.68304443359375,223.75,191.63522338867188
2024-12-30,163.08419799804688,576.8866577148438,511.2669982910156,243.9010772705078,137.1315155029297,419.0604248046875,221.3000030517578,190.1240997314453
2024-12-31,162.8203582763672,574.7879028320312,506.9239196777344,241.41879272460938,133.93984985351562,415.7757263183594,219.38999938964844,188.19541931152344
2025-01-02,162.22434997558594,573.3756713867188,505.9322814941406,244.03067016601562,137.94937133789062,412.8953552246094,220.22000122070312,188.3246612548828
2025-01-03,162.50772094726562,580.544921875,514.2120361328125,251.09869384765625,144.09332275390625,417.6005859375,224.19000244140625,190.67088317871094
2025-01-06,161.89215087890625,583.8890991210938,520.1217041015625,259.42279052734375,149.04037475585938,422.03948974609375,227.61000061035156,195.72125244140625
2025-01-07,158.31605529785156,577.288818359375,510.8406066894531,253.25196838378906,139.77459716796875,416.63385009765625,222.11000061035156,194.3493194580078
2025-01-08,159.4005889892578,578.1322631835938,510.9298400878906,251.4475860595703,139.74468994140625,418.7941589355469,222.1300048828125,192.81826782226562
2025-01-10,151.32968139648438,569.3056640625,502.91790771484375,246.4132537841797,135.55564880371094,413.2603759765625,218.94000244140625,190.91943359375
2025-01-13,150.76158142089844,570.1882934570312,501.3016357421875,243.88113403320312,132.88262939453125,411.52423095703125,218.4600067138672,189.89544677734375
2025-01-14,153.1025390625,570.972900390625,500.82568359375,244.6786651611328,131.4164581298828,410.02490234375,217.75999450683594,188.55331420898438
2025-01-15,155.06149291992188,581.35888671875,512.3478393554688,250.43077087402344,135.88479614257812,420.5204162597656,223.35000610351562,194.408935546875
2025-01-16,156.26625061035156,580.2408447265625,508.75836181640625,251.5074005126953,133.22174072265625,418.8138732910156,220.66000366210938,191.78436279296875
2025-01-17,157.72567749023438,586.06640625,517.3453369140625,257.44891357421875,137.35096740722656,423.2033996582031,225.94000244140625,194.85630798339844
2025-01-21,169.02891540527344,591.4309692382812,520.3795776367188,261.5760803222656,140.4628143310547,422.6806335449219,230.7100067138672,196.89437866210938
2025-01-22,180.43983459472656,594.7557373046875,527.0330200195312,266.3412780761719,146.68655395507812,440.1402587890625,235.00999450683594,197.21249389648438
2025-01-23,182.64366149902344,598.0018310546875,528.1536254882812,266.0222473144531,146.83615112304688,440.6433410644531,235.4199981689453,196.8247833251953
2025-01-24,179.83258056640625,596.2561645507812,525.1689453125,260.71875,142.2481231689453,438.029296875,234.85000610351562,199.04176330566406
2025-01-27,155.0321044921875,587.8218994140625,509.8787536621094,235.07852172851562,118.11124420166016,428.6582946777344,235.4199981689453,190.6907501220703
2025-01-28,160.634765625,592.8726806640625,517.414794921875,239.70413208007812,128.65367126464844,441.1266784667969,238.14999389648438,194.16041564941406
2025-01-29,158.69537353515625,590.2149658203125,516.4429931640625,238.7869873046875,123.37747955322266,436.3227844238281,237.07000732421875,194.269775390625
2025-01-30,166.8838348388672,593.3826293945312,518.6443481445312,244.4095001220703,124.32499694824219,409.3540954589844,234.63999938964844,199.69790649414062
2025-01-31,166.57040405273438,590.224609375,517.8907470703125,242.8643035888672,119.7569351196289,409.42315673828125,237.67999267578125,202.82952880859375
2025-02-03,165.14036560058594,586.252685546875,513.7459716796875,238.03932189941406,116.3558349609375,405.3393859863281,237.4199981689453,200.05580139160156
2025-02-04,164.44491577148438,590.1854858398438,520.0523681640625,240.72097778320312,118.34063720703125,406.7696838378906,242.05999755859375,205.17575073242188
2025-02-05,168.13755798339844,592.5784301757812,522.4122924804688,246.37338256835938,124.50452423095703,407.67718505859375,236.1699981689453,190.21359252929688
2025-02-06,168.81341552734375,594.6380004882812,525.1390991210938,247.5796356201172,128.344482421875,410.1728515625,238.8300018310547,190.48199462890625
2025-02-07,170.88011169433594,589.1949462890625,518.5154418945312,244.24002075195312,129.50144958496094,404.18524169921875,229.14999389648438,184.25852966308594
2025-02-10,175.24859619140625,593.1962280273438,524.7921142578125,248.84568786621094,133.22174072265625,406.6217346191406,233.13999938964844,185.38194274902344
2025-02-11,173.55409240722656,593.6474609375,523.5426635742188,249.09490966796875,132.45375061035156,405.8523254394531,232.75999450683594,184.2386474609375
2025-02-12,168.68605041503906,591.7349853515625,523.8500366210938,247.7391357421875,130.79808044433594,403.4849548339844,228.92999267578125,182.53863525390625
2025-02-13,170.2924346923828,597.9822387695312,531.3861083984375,251.1385498046875,134.93724060058594,404.96453857421875,230.3699951171875,185.05386352539062
2025-02-14,170.5862579345703,597.952880859375,533.6172485351562,251.7965087890625,138.48797607421875,402.8832092285156,228.67999267578125,184.14915466308594
2025-02-18,176.11053466796875,599.7083129882812,534.826904296875,255.4252166748047,139.03652954101562,404.0767517089844,226.64999389648438,182.6976776123047
2025-02-19,177.7952423095703,601.12060546875,534.9757080078125,256.541748046875,138.86697387695312,409.1370849609375,226.6300048828125,184.1889190673828
2025-02-20,172.38851928710938,598.6198120117188,532.7048950195312,257.00030517578125,139.74468994140625,411.3017272949219,222.8800048828125,183.48306274414062
2025-02-21,164.3665771484375,588.3809204101562,521.6488647460938,249.2145538330078,134.07948303222656,403.4735412597656,216.5800018310547,178.61166381835938
2025-02-24,166.4724578857422,585.7034912109375,515.4910888671875,242.6649169921875,129.94033813476562,399.3124084472656,212.7100067138672,178.2040557861328
2025-02-25,165.08157348632812,582.790771484375,508.9962463378906,237.51095581054688,126.2998275756836,393.2832336425781,212.8000030517578,174.3964080810547
2025-02-26,168.93093872070312,583.0849609375,510.2257995605469,243.06369018554688,130.93771362304688,395.0919494628906,214.35000610351562,171.72210693359375
2025-02-27,161.37913513183594,573.7777709960938,496.05621337890625,228.08029174804688,119.83673095703125,387.97552490234375,208.74000549316406,167.5167999267578
2025-02-28,162.65248107910156,582.7318725585938,503.8896789550781,232.04795837402344,124.59429168701172,392.3837585449219,212.27999877929688,169.28639221191406
2025-03-03,158.69537353515625,572.5223999023438,492.8633117675781,222.3182373046875,113.76261138916016,383.982421875,205.02000427246094,166.0354766845703
2025-03-04,154.2387237548828,565.74560546875,491.3759460449219,224.53134155273438,115.68757629394531,384.1009826660156,203.8000030517578,169.9226531982422
2025-03-05,158.2447967529297,571.8261108398438,497.7815246582031,228.6884002685547,116.99415588378906,396.36700439453125,208.36000061035156,172.0104217529297
2025-03-06,147.84274291992188,561.6755981445312,484.087890625,219.09825134277344,110.28170776367188,392.2849426269531,200.6999969482422,171.3443145751953
2025-03-07,151.9761505126953,564.8236694335938,487.64764404296875,224.39178466796875,112.39618682861328,388.7464904785156,199.25,172.84552001953125
2025-03-10,145.73683166503906,549.779296875,468.7481689453125,213.86453247070312,106.70106506347656,375.7490539550781,194.5399932861328,165.092041015625
2025-03-11,141.221435546875,545.2090454101562,467.627685546875,213.5554962158203,108.47643280029297,376.03570556640625,196.58999633789062,163.2706298828125
2025-03-12,147.7937774658203,548.1021728515625,472.9029235839844,219.83596801757812,115.44884490966797,378.8229675292969,198.88999938964844,166.32623291015625
2025-03-13,144.63003540039062,540.795654296875,464.3951416015625,218.8689727783203,115.28925323486328,374.37518310546875,193.88999938964844,161.99664306640625
2025-03-14,146.20701599121094,551.9662475585938,475.6197814941406,225.86720275878906,121.36392211914062,384.0515441894531,197.9499969482422,164.7138214111328
2025-03-17,150.84974670410156,556.2227172851562,478.70361328125,228.24978637695312,119.22931671142578,384.1899719238281,195.74000549316406,163.51943969726562
2025-03-18,146.38328552246094,550.2108154296875,470.54296875,224.72076416015625,115.1396255493164,379.0700378417969,192.82000732421875,159.9164276123047
2025-03-19,149.3217315673828,556.203125,476.8394470214844,226.70458984375,117.22435760498047,383.3201904296875,195.5399932861328,163.121337890625
2025-03-20,149.58619689941406,554.5946655273438,475.22320556640625,226.345703125,118.23181915283203,382.3515625,194.9499969482422,162.03646850585938
2025-03-21,149.1062469482422,554.7776489257812,476.78985595703125,224.07278442382812,117.4039077758789,386.7202453613281,196.2100067138672,163.22088623046875
2025-03-24,151.6920623779297,564.7128295898438,487.2527160644531,229.9145965576172,121.10458374023438,388.51910400390625,203.25999450683594,166.89353942871094
2025-03-25,150.77139282226562,566.0703125,490.0332336425781,228.93763732910156,120.38639068603516,390.5750427246094,205.7100067138672,169.76007080078125
2025-03-26,144.7671661376953,559.3124389648438,481.0162658691406,221.3213348388672,113.47382354736328,385.4452209472656,201.1300048828125,164.2858428955078
2025-03-27,142.78863525390625,557.8270263671875,478.27545166015625,217.07455444335938,111.14967346191406,386.048095703125,201.36000061035156,161.4790802001953
2025-03-28,137.9793701171875,546.5934448242188,465.68353271484375,211.51185607910156,109.39410400390625,374.4048156738281,192.72000122070312,153.60617065429688
2025-03-31,136.9411163330078,550.2625732421875,465.6636962890625,210.81402587890625,108.10735321044922,371.0343933105469,190.25999450683594,153.9147186279297
2025-04-01,139.0274200439453,551.8167114257812,469.4173889160156,211.83087158203125,109.8729019165039,377.7554931640625,192.1699981689453,156.3333282470703
2025-04-02,142.8669891357422,555.3088989257812,472.84344482421875,213.4259033203125,110.14221954345703,377.7060852050781,196.00999450683594,156.30345153808594
2025-04-03,134.4140625,527.9427490234375,447.5304870605469,194.96336364746094,101.5439224243164,368.7808532714844,178.41000366210938,150.0131072998047
2025-04-04,125.63790893554688,497.0354309082031,419.7348327636719,180.23916625976562,94.07275390625,355.664794921875,171.0,144.91712951660156
2025-04-07,124.55070495605469,496.150146484375,420.7477722167969,184.32644653320312,97.39437103271484,353.7077941894531,175.25999450683594,146.06173706054688
2025-04-08,121.94528198242188,488.3790588378906,413.17071533203125,179.3917999267578,96.05775451660156,350.44610595703125,170.66000366210938,144.0213165283203
2025-04-09,136.8235626220703,539.6683349609375,462.76397705078125,210.176025390625,114.04239654541016,385.95916748046875,191.10000610351562,157.96563720703125
2025-04-10,131.0828857421875,516.0205688476562,443.08160400390625,195.60137939453125,107.29940032958984,376.92523193359375,181.22000122070312,152.103271484375
2025-04-11,130.09988403320312,525.227783203125,451.2445068359375,200.685546875,110.65094757080078,383.94287109375,184.8699951171875,156.4029998779297
2025-04-14,132.35093688964844,530.3232421875,454.3031005859375,200.984619140625,110.43150329589844,383.31024169921875,182.1199951171875,158.323974609375
2025-04-15,131.66285705566406,528.8378295898438,454.8095397949219,202.29055786132812,111.9177474975586,381.2544250488281,179.58999633789062,155.576904296875
2025-04-16,127.55391693115234,517.0828247070312,441.095458984375,193.7471466064453,104.2271499633789,367.2982177734375,174.3300018310547,152.61087036132812
2025-04-17,126.43328857421875,517.8206176757812,441.0160217285156,191.9327850341797,101.23468780517578,363.51263427734375,172.61000061035156,150.45103454589844
2025-04-21,120.73190307617188,505.4951171875,430.1023254394531,187.2473602294922,96.66621398925781,354.9531555175781,167.32000732421875,146.97740173339844
2025-04-22,125.07675170898438,518.64697265625,441.3934020996094,191.3047332763672,98.64122009277344,362.5638427734375,173.17999267578125,150.75958251953125
2025-04-23,129.16603088378906,526.68359375,451.4033508300781,198.29299926757812,102.45162200927734,370.0460205078125,180.60000610351562,154.6214141845703
2025-04-24,135.17214965820312,537.7698364257812,464.10455322265625,208.32179260253906,106.16226196289062,382.8061828613281,186.5399932861328,158.532958984375
2025-04-25,136.13548278808594,541.6553344726562,469.2783508300781,211.31248474121094,110.73074340820312,387.3034362792969,188.99000549316406,161.20040893554688
2025-04-28,137.75743103027344,541.86181640625,469.1294250488281,209.99656677246094,108.45648956298828,386.6214294433594,187.6999969482422,159.8567352294922
2025-04-29,138.39637756347656,545.2753295898438,472.2277526855469,209.63768005371094,108.74574279785156,389.4679870605469,187.38999938964844,159.40884399414062
2025-04-30,138.32757568359375,545.49169921875,472.168212890625,210.62461853027344,108.64599609375,390.673828125,184.4199981689453,158.0552215576172
2025-05-01,143.0164794921875,549.3575439453125,478.33502197265625,211.64146423339844,111.32923889160156,420.464111328125,190.1999969482422,160.54348754882812
2025-05-02,148.16738891601562,557.5123291015625,485.43536376953125,218.3505859375,114.21196746826172,430.2295227050781,189.97999572753906,163.26068115234375
2025-05-05,146.7518768310547,554.3152465820312,482.5555114746094,216.9349822998047,113.53368377685547,431.1091613769531,186.35000610351562,163.43984985351562
2025-05-06,145.18890380859375,549.6821899414062,478.0669250488281,214.92124938964844,113.25438690185547,428.28228759765625,185.00999450683594,162.46441650390625
2025-05-07,146.8304901123047,551.9937744140625,479.94378662109375,219.33750915527344,116.7655258178711,428.3218688964844,188.7100067138672,150.67001342773438
2025-05-08,147.74472045898438,555.8399658203125,484.899169921875,221.2615203857422,117.07474517822266,433.0859375,192.0800018310547,153.556396484375
2025-05-09,147.78402709960938,555.1317749023438,484.5813903808594,222.70701599121094,116.35655975341797,433.6394958496094,193.05999755859375,152.03358459472656
2025-05-12,154.5470428466797,573.4775390625,504.32330322265625,236.67356872558594,122.69058990478516,444.0472412109375,208.63999938964844,157.71681213378906
2025-05-13,159.51119995117188,577.2647094726562,512.0096435546875,244.79827880859375,129.60313415527344,443.9287109375,211.3699951171875,158.7817840576172
2025-05-14,160.1796417236328,578.0023803710938,515.078125,247.2207489013672,134.99952697753906,447.6845397949219,210.25,164.59439086914062
2025-05-15,156.6899871826172,580.8255615234375,515.6441650390625,246.36341857910156,134.49082946777344,448.6946105957031,205.1699981689453,163.19102478027344
2025-05-16,157.76145935058594,584.5045166015625,517.8884887695312,245.65562438964844,135.05938720703125,449.82342529296875,205.58999633789062,165.41053771972656
2025-05-19,156.92591857910156,585.1439208984375,518.3848876953125,245.24688720703125,135.22897338867188,454.37841796875,206.16000366210938,165.75889587402344
2025-05-20,157.58450317382812,583.1765747070312,516.6571044921875,244.77833557128906,134.04196166992188,453.6852722167969,204.07000732421875,163.21092224121094
2025-05-21,154.5077362060547,573.349609375,509.47723388671875,240.72097778320312,131.4684600830078,448.1401062011719,201.1199951171875,167.76943969726562
2025-05-22,154.63552856445312,573.5758666992188,510.43060302734375,240.06301879882812,132.49583435058594,450.40765380859375,203.10000610351562,170.06858825683594
2025-05-23,153.31829833984375,569.6607055664062,505.70367431640625,236.70347595214844,130.959716796875,445.7734680175781,200.99000549316406,167.6798553466797
2025-05-27,159.15731811523438,581.50439453125,517.6004638671875,244.21011352539062,135.15914916992188,456.1806335449219,206.02000427246094,172.08908081054688
2025-05-28,161.06434631347656,578.1401977539062,515.3064575195312,241.60821533203125,134.4708709716797,452.8831787109375,204.72000122070312,171.55162048339844
2025-05-29,160.13047790527344,580.4223022460938,516.3193969726562,243.3228759765625,138.83984375,454.1902770996094,205.6999969482422,171.053955078125
2025-05-30,162.7157745361328,579.7730712890625,515.5050659179688,239.0063018798828,134.7900848388672,455.85382080078125,205.00999450683594,170.93450927734375
2025-06-02,163.7380828857422,583.0388793945312,519.57666015625,242.54530334472656,137.03440856933594,457.4480895996094,206.64999389648438,168.23721313476562
2025-06-03,166.264404296875,586.3637084960938,523.63818359375,248.0182647705078,140.86474609375,458.4382629394531,205.7100067138672,165.4005889892578
2025-06-04,165.24208068847656,586.206298828125,525.0980834960938,250.96908569335938,141.56300354003906,459.3294677734375,207.22999572753906,167.2618408203125
2025-06-05,168.2303924560547,583.373291015625,521.1456298828125,250.52047729492188,139.63784790039062,463.1021728515625,207.91000366210938,167.4210662841797
2025-06-06,171.06141662597656,589.3639526367188,526.239990234375,251.946044921875,141.36349487304688,465.7757568359375,213.57000732421875,172.86541748046875
2025-06-09,174.13819885253906,589.8951416015625,527.0145874023438,256.16290283203125,142.27122497558594,468.12255859375,216.97999572753906,175.47628784179688
2025-06-10,174.4626007080078,593.2396850585938,530.500244140625,261.257080078125,143.5978546142578,466.31048583984375,217.61000061035156,177.9775390625
2025-06-11,173.3813018798828,591.5477294921875,528.7127685546875,261.0676574707031,142.4805908203125,467.9938049316406,213.1999969482422,176.73190307617188
2025-06-12,196.46209716796875,593.8987426757812,529.9540405273438,262.3337097167969,144.64527893066406,474.1826477050781,213.24000549316406,175.087646484375
2025-06-13,211.56097412109375,587.2589111328125,523.3006591796875,256.19281005859375,141.62269592285156,470.3108825683594,212.10000610351562,174.0612335205078
2025-06-16,207.5110321044922,592.8461303710938,530.5796508789062,262.5630187988281,144.33604431152344,474.45001220703125,216.10000610351562,176.15394592285156
2025-06-17,204.64065551757812,587.7802734375,525.4059448242188,260.778564453125,143.7674102783203,473.3608093261719,214.82000732421875,175.33677673339844
2025-06-18,207.28492736816406,587.6917114257812,525.31640625,261.77545166015625,145.1240997314453,475.53924560546875,212.52000427246094,172.71597290039062
2025-06-20,201.68185424804688,586.3114624023438,523.1715087890625,259.462646484375,143.4980926513672,472.7270202636719,209.69000244140625,166.05921936035156
2025-06-23,203.52005004882812,592.1027221679688,528.5509643554688,261.1075439453125,143.8173065185547,481.2428894042969,208.47000122070312,164.61428833007812
2025-06-24,211.61013793945312,598.6439208984375,536.633544921875,270.69769287109375,147.53817749023438,485.3126220703125,212.77000427246094,166.18878173828125
2025-06-25,207.13746643066406,598.9793090820312,538.0055541992188,274.3463439941406,153.93251037597656,487.45147705078125,211.99000549316406,170.08514404296875
2025-06-26,209.2017822265625,603.6655883789062,543.0360717773438,276.34014892578125,154.64076232910156,492.580810546875,217.1199951171875,172.9351806640625
2025-06-27,206.66566467285156,606.6647338867188,544.8950805664062,277.5563659667969,157.3640899658203,491.0855712890625,223.3000030517578,177.9077911376953
2025-06-30,214.91302490234375,609.5654296875,548.4244384765625,278.0149230957031,157.603515625,492.5411682128906,219.38999938964844,175.61582946777344
2025-07-01,215.23741149902344,609.3681640625,543.801513671875,274.9843444824219,152.9250030517578,487.2336120605469,220.4600067138672,175.22715759277344
2025-07-02,226.0700225830078,612.1304931640625,547.5892944335938,280.3775634765625,156.86532592773438,486.2830505371094,219.9199981689453,178.0174102783203
2025-07-03,233.28526306152344,616.9549560546875,552.9777221679688,282.740234375,158.9501953125,493.9571838378906,223.41000366210938,178.90432739257812
2025-07-07,228.31126403808594,612.357421875,548.8121948242188,278.8922119140625,157.85289001464844,492.8481140136719,223.47000122070312,176.17385864257812
2025-07-08,230.51319885253906,612.0220947265625,549.1204223632812,282.6006774902344,159.60858154296875,491.7589111328125,219.36000061035156,173.75233459472656
2025-07-09,231.80088806152344,615.6920776367188,553.0075073242188,284.53466796875,162.48155212402344,498.5815124511719,222.5399932861328,176.0044403076172
2025-07-10,231.4955291748047,617.4285278320312,552.2122192382812,286.62811279296875,163.6985626220703,496.5713806152344,222.25999450683594,177.00094604492188
2025-07-11,227.12176513671875,615.2579956054688,550.9695434570312,286.59820556640625,164.51654052734375,498.3933410644531,225.02000427246094,179.56201171875
2025-07-14,225.86087036132812,616.4320678710938,552.9678344726562,284.4349670410156,163.6686248779297,498.09625244140625,225.69000244140625,180.92721557617188
2025-07-15,231.45614624023438,613.7978515625,553.4747314453125,289.89794921875,170.28240966796875,500.86883544921875,226.35000610351562,181.36569213867188
2025-07-16,237.70159912109375,615.8499755859375,554.04150390625,288.3826599121094,170.95079040527344,500.67083740234375,223.19000244140625,182.3323211669922
2025-07-17,245.04049682617188,619.6187133789062,558.5252075195312,290.80511474609375,172.57679748535156,506.6913146972656,223.8800048828125,182.940185546875
2025-07-18,241.7897186279297,619.1649780273438,557.9884033203125,289.40948486328125,171.9882354736328,505.05743408203125,226.1300048828125,184.41502380371094
2025-07-21,239.90817260742188,620.3390502929688,560.8814086914062,289.6088562011719,170.9607696533203,505.0673522949219,229.3000030517578,189.43746948242188
2025-07-22,234.55918884277344,620.4277954101562,557.9783935546875,284.48480224609375,166.6213836669922,500.3242492675781,227.47000122070312,190.6731414794922
2025-07-23,238.29266357421875,625.7060546875,560.5234985351562,285.720947265625,170.3622283935547,500.9183654785156,228.2899932861328,189.5670166015625
2025-07-24,239.20877075195312,625.9132690429688,561.716552734375,286.9072570800781,173.31497192382812,505.87933349609375,232.22999572753906,191.50025939941406
2025-07-25,241.46463012695312,628.5572509765625,563.0685424804688,286.59820556640625,173.0755615234375,508.6816711425781,231.44000244140625,192.50672912597656
2025-07-28,244.01602172851562,628.3994140625,564.828369140625,290.5060729980469,176.317626953125,507.48345947265625,232.7899932861328,191.90882873535156
2025-07-29,246.25213623046875,626.741943359375,563.953369140625,291.9914245605469,175.08062744140625,507.55279541015625,231.00999450683594,195.06777954101562
2025-07-30,246.8629150390625,625.9526977539062,564.708984375,295.3410339355469,178.8314666748047,508.21624755859375,230.19000244140625,195.84506225585938
2025-07-31,249.9856414794922,623.6046142578125,561.716552734375,287.88421630859375,177.4348602294922,528.2778930664062,234.11000061035156,191.23118591308594
2025-08-01,240.77505493164062,613.3834228515625,550.6513671875,283.0692138671875,173.29501342773438,518.9797973632812,214.75,188.4708709716797
2025-08-04,248.7641143798828,622.7067260742188,560.811767578125,289.28985595703125,179.5596466064453,530.3969116210938,211.64999389648438,194.3602294921875
2025-08-05,251.8572998046875,619.5496215820312,557.0042114257812,286.2094421386719,177.82391357421875,522.5841674804688,213.75,193.99154663085938
2025-08-06,252.60595703125,624.295166015625,564.0130615234375,285.7309265136719,178.98106384277344,519.8017578125,222.30999755859375,195.40658569335938
2025-08-07,245.67095947265625,623.7722778320312,565.921875,290.2169494628906,180.32777404785156,515.7417602539062,223.1300048828125,195.83509826660156
2025-08-08,246.3210906982422,628.6361694335938,571.200927734375,292.6194763183594,182.2530517578125,516.9300537109375,222.69000244140625,200.718017578125
2025-08-11,248.911865234375,627.39306640625,569.5108032226562,292.4898681640625,181.6146240234375,516.6627807617188,221.3000030517578,200.2994842529297
2025-08-12,250.07427978515625,634.072265625,576.6688232421875,299.1690979003906,182.71192932128906,524.0596313476562,221.47000122070312,202.63131713867188
2025-08-13,240.53863525390625,636.2427978515625,576.9571533203125,300.345458984375,181.14576721191406,515.484375,224.55999755859375,201.2561492919922
2025-08-14,241.30702209472656,636.3020629882812,576.509765625,300.98345947265625,181.57472229003906,517.36572265625,230.97999572753906,202.23272705078125
2025-08-15,244.57749938964844,634.812255859375,573.9746704101562,294.73291015625,180.00856018066406,515.078369140625,231.02999877929688,203.18936157226562
2025-08-18,245.35574340820312,634.6741943359375,573.7459716796875,295.93914794921875,181.56472778320312,512.0384521484375,231.49000549316406,202.790771484375
2025-08-19,231.1212158203125,631.2310180664062,565.9616088867188,289.9677429199219,175.2103271484375,504.7801818847656,228.00999450683594,200.8674774169922
2025-08-20,231.55465698242188,629.5537719726562,562.6013793945312,288.06365966796875,174.9709014892578,500.76983642578125,223.80999755859375,198.6253204345703
2025-08-21,229.6829833984375,627.0280151367188,559.9966430664062,286.56829833984375,174.55194091796875,500.1250915527344,221.9499969482422,199.05384826660156
2025-08-22,232.8450927734375,636.6572265625,568.6359252929688,292.7291564941406,177.55458068847656,503.09075927734375,228.83999633789062,205.37173461914062
2025-08-25,231.8994140625,633.855224609375,566.9955444335938,293.00830078125,179.37013244628906,500.1449890136719,227.94000244140625,207.7633819580078
2025-08-26,230.7173309326172,636.5091552734375,569.2721557617188,295.8294982910156,181.32533264160156,497.9430847167969,228.7100067138672,206.41806030273438
2025-08-27,232.29344177246094,637.9595336914062,570.1470947265625,296.7366638183594,181.15573120117188,502.6047058105469,229.1199951171875,206.75689697265625
2025-08-28,236.73622131347656,640.2186889648438,573.7161865234375,297.952880859375,179.72923278808594,505.4810485839844,231.60000610351562,210.9023895263672
2025-08-29,222.75784301757812,636.4006958007812,567.0750732421875,289.3895568847656,173.75390625,502.5551452636719,229.0,212.16798400878906
2025-09-02,221.940185546875,631.6847534179688,562.322998046875,285.59136962890625,170.3622283935547,500.9979248046875,225.33999633789062,210.61341857910156
2025-09-03,220.1177978515625,635.1082153320312,566.7470092773438,285.54150390625,170.20260620117188,501.22607421875,225.99000549316406,229.85610961914062
2025-09-04,219.6745147705078,640.4161376953125,571.876953125,288.9608459472656,171.24008178710938,503.8247375488281,235.67999267578125,231.4904022216797
2025-09-05,229.328369140625,638.561279296875,572.7020263671875,292.3702697753906,166.61141967773438,490.9605712890625,232.3300018310547,234.18099975585938
2025-09-08,234.92364501953125,640.1300048828125,575.4957275390625,295.6001892089844,167.89825439453125,494.1344299316406,235.83999633789062,233.4329071044922
2025-09-09,237.90846252441406,641.60986328125,577.1261596679688,296.8861999511719,170.34225463867188,494.3427429199219,238.24000549316406,239.00840759277344
2025-09-10,323.43377685546875,643.4646606445312,577.3150634765625,299.8968200683594,176.89620971679688,496.2867431640625,230.3300018310547,238.54962158203125
2025-09-11,303.2690124511719,648.81201171875,580.6754150390625,302.9872131347656,176.74655151367188,496.9215087890625,229.9499969482422,239.74649047851562
2025-09-12,287.8228454589844,648.594970703125,583.2402954101562,303.37603759765625,177.39500427246094,505.73895263671875,228.14999389648438,240.17538452148438
2025-09-15,297.6343078613281,652.0480346679688,588.2310180664062,306.2171936035156,177.32516479492188,511.15435791015625,231.42999267578125,250.9573516845703
2025-09-16,302.0770568847656,651.1502075195312,587.7340087890625,306.2570495605469,174.4620361328125,504.8859558105469,234.0500030517578,250.5084991455078
2025-09-17,296.9151916503906,650.34130859375,586.5608520507812,304.3031311035156,169.8829803466797,505.8579406738281,231.6199951171875,248.88275146484375
2025-09-18,292.1966247558594,653.3799438476562,591.8499145507812,315.9867858886719,175.8187713623047,504.30078125,231.22999572753906,251.37623596191406
2025-09-19,304.0570983886719,656.615966796875,595.8563232421875,314.7306823730469,176.24774169921875,513.703369140625,231.47999572753906,254.0592803955078
2025-09-22,323.2564392089844,659.7225341796875,599.3837890625,321.170654296875,183.171142578125,510.2518005371094,227.6300048828125,251.8749542236328
2025-09-23,309.1499938964844,656.1312255859375,595.4025268554688,320.7021179199219,178.0035400390625,505.0744323730469,220.7100067138672,251.00721740722656
2025-09-24,303.8600769042969,654.043701171875,593.3123168945312,320.1139221191406,176.54702758789062,505.98687744140625,220.2100067138672,246.4989471435547
2025-09-25,286.9855041503906,651.0263061523438,590.75439453125,320.0640869140625,177.2653045654297,502.8923645019531,218.14999389648438,245.15243530273438
2025-09-26,279.2328796386719,654.756103515625,593.1829223632812,320.8217468261719,177.76409912109375,507.2862243652344,219.77999877929688,245.90048217773438
2025-09-29,278.5433349609375,656.59619140625,595.9300537109375,321.65911865234375,181.41537475585938,510.4005432128906,222.1699981689453,243.4169464111328
2025-09-30,277.04595947265625,659.0695190429688,597.5623168945312,325.3476257324219,186.13406372070312,513.7232666015625,219.57000732421875,242.4694366455078
2025-10-01,284.7000732421875,661.3153686523438,600.428955078125,332.6549072265625,186.79248046875,515.4689331054688,220.6300048828125,244.26473999023438
2025-10-02,284.4735412597656,662.0769653320312,602.897216796875,337.1907958984375,188.4385528564453,511.53131103515625,222.41000366210938,245.0526885986328
2025-10-03,281.8729248046875,662.0671997070312,600.3591918945312,335.6356201171875,187.17156982421875,513.1280517578125,219.50999450683594,244.71360778808594
2025-10-06,287.24163818359375,664.4415283203125,604.8681030273438,342.3148498535156,185.09652709960938,524.256591796875,220.89999389648438,249.7803955078125
2025-10-07,280.001220703125,661.9780883789062,601.6829833984375,336.0044860839844,184.5977325439453,519.7040405273438,221.77999877929688,245.1225128173828
2025-10-08,284.3258056640625,665.925537109375,608.58056640625,344.99652099609375,188.6580047607422,520.56689453125,225.22000122070312,243.9854736328125
2025-10-09,293.0392150878906,663.9963989257812,607.8441162109375,344.13916015625,192.10975646972656,518.1369018554688,227.74000549316406,240.9034881591797
2025-10-10,289.092041015625,646.0499877929688,586.7431640625,324.330810546875,182.7222442626953,506.790283203125,216.3699951171875,235.95635986328125
2025-10-13,303.9433288574219,655.9630126953125,599.1947021484375,338.69610595703125,187.86990356445312,509.8550720214844,220.07000732421875,243.51669311523438
2025-10-14,295.05230712890625,655.1616821289062,595.2034301757812,332.46551513671875,179.59971618652344,509.37896728515625,216.38999938964844,244.8133087158203
2025-10-15,299.61126708984375,658.0703125,599.4036254882812,340.7198181152344,179.4001922607422,509.2401123046875,215.57000732421875,250.37884521484375
2025-10-16,308.867431640625,653.5886840820312,597.18408203125,342.2350769042969,181.37545776367188,507.4349365234375,214.47000122070312,250.8077392578125
2025-10-17,287.4637756347656,657.298583984375,601.1056518554688,341.76654052734375,182.7821044921875,509.38897705078125,213.0399932861328,252.64297485351562
2025-10-20,273.5203552246094,664.1348266601562,608.6800537109375,346.1429443359375,182.20347595214844,512.5726318359375,216.47999572753906,255.88453674316406
2025-10-21,271.51715087890625,664.1249389648438,608.5208740234375,344.2288818359375,180.72702026367188,513.4356079101562,222.02999877929688,249.8103485107422
2025-10-22,269.06005859375,660.6721801757812,602.6583862304688,337.5496826171875,179.84910583496094,516.2921142578125,217.9499969482422,251.0371551513672
2025-10-23,276.3722229003906,664.5899658203125,607.724609375,343.7304382324219,181.72462463378906,516.3119506835938,221.08999633789062,252.42352294921875
2025-10-24,279.58917236328125,670.0213623046875,614.214111328125,350.0508117675781,185.81480407714844,519.3370361328125,224.2100067138672,259.24578857421875
2025-10-27,277.68463134765625,677.926025390625,625.1527099609375,358.823486328125,191.03231811523438,527.1825561523438,226.97000122070312,268.571533203125
2025-10-28,277.1221618652344,679.7266235351562,629.9601440429688,361.983642578125,200.54953002929688,537.6464233398438,229.25,266.77618408203125
2025-10-29,271.6651611328125,680.0531616210938,632.7968139648438,367.4665832519531,206.54515075683594,537.130615234375,230.3000030517578,273.8577880859375
2025-10-30,253.49827575683594,672.5739135742188,623.1221923828125,362.60174560546875,202.4050750732422,521.469482421875,222.86000061035156,280.7498779296875
2025-10-31,259.1427307128906,674.7799682617188,626.1281127929688,361.8939208984375,202.0060272216797,513.5843505859375,244.22000122070312,280.46063232421875
2025-11-03,254.44558715820312,676.04638671875,629.1240234375,364.9643859863281,206.3855438232422,512.8107299804688,254.0,282.98406982421875
2025-11-04,244.8933868408203,668.0328369140625,616.3540649414062,351.665771484375,198.21511840820312,510.1328430175781,249.32000732421875,276.8200988769531
2025-11-05,247.00514221191406,670.3478393554688,620.365234375,358.3848571777344,194.74343872070312,503.02130126953125,250.1999969482422,283.5725402832031
2025-11-06,240.58108520507812,663.1553955078125,608.8094482421875,350.0009460449219,187.63047790527344,493.04339599609375,243.0399932861328,284.0113830566406
2025-11-07,236.10101318359375,663.808349609375,606.8884887695312,347.0401611328125,187.70030212402344,492.76568603515625,244.41000366210938,278.1067199707031
2025-11-10,237.65029907226562,674.1665649414062,620.3154296875,357.67706298828125,198.5742645263672,501.8707275390625,248.39999389648438,289.34747314453125
2025-11-11,233.03207397460938,675.7099609375,618.6632080078125,349.9610595703125,192.69833374023438,504.5289001464844,249.10000610351562,290.5543518066406
2025-11-12,223.99302673339844,676.0859985351562,618.175537109375,354.4271545410156,193.33680725097656,506.9688415527344,244.1999969482422,285.96630859375
2025-11-13,214.69741821289062,664.8670043945312,605.5548095703125,343.7503967285156,186.41339111328125,499.1828918457031,237.5800018310547,277.8474426269531
2025-11-14,219.90769958496094,664.7581176757812,606.0125732421875,343.909912109375,189.71546936035156,506.0166320800781,234.69000244140625,275.6929931640625
2025-11-17,216.95718383789062,658.56494140625,600.8369140625,339.244384765625,186.1540069580078,503.34857177734375,232.8699951171875,284.2806701660156
2025-11-18,217.57884216308594,653.03466796875,593.5213623046875,332.25616455078125,180.92652893066406,489.76043701171875,222.5500030517578,283.5426025390625
2025-11-19,222.55230712890625,655.5574340820312,597.0646362304688,338.3870849609375,186.07420349121094,483.1448059082031,222.69000244140625,292.0504455566406
2025-11-20,207.9082489013672,645.5652465820312,582.9310913085938,324.091552734375,180.20826721191406,475.41387939453125,217.13999938964844,288.6991882324219
2025-11-21,196.13572692871094,651.9959106445312,587.310546875,325.1183776855469,178.4524688720703,469.1436767578125,220.69000244140625,298.8826904296875
2025-11-24,197.63568115234375,661.59228515625,602.3298950195312,338.06805419921875,182.1136932373047,471.0118103027344,226.27999877929688,317.75360107421875
2025-11-25,194.4285888671875,667.815185546875,606.0425415039062,338.955322265625,177.39500427246094,473.9829406738281,229.6699981689453,322.60101318359375
2025-11-26,202.25390625,672.4254150390625,611.3973388671875,346.63140869140625,179.82916259765625,482.4393005371094,229.16000366210938,319.1200866699219
2025-11-28,199.2836456298828,676.0958251953125,616.3540649414062,351.187255859375,176.5769500732422,488.9082946777344,233.22000122070312,319.3494873046875
2025-12-01,198.28697204589844,673.0090942382812,614.2837524414062,351.8651428222656,179.48997497558594,483.6715087890625,233.8800048828125,314.0732421875
2025-12-02,198.4448699951172,674.2557373046875,619.0911865234375,358.3150634765625,181.02630615234375,486.91094970703125,234.4199981689453,314.9908447265625
2025-12-03,204.9873046875,676.5905151367188,620.6041259765625,363.23974609375,179.16078186035156,474.7182922363281,232.3800048828125,318.8009033203125
2025-12-04,211.50018310546875,677.085205078125,620.0267944335938,360.47833251953125,182.95188903808594,477.8086853027344,229.11000061035156,316.7961120605469
2025-12-05,214.707275390625,678.3712158203125,622.554931640625,363.28961181640625,181.98414611816406,480.1140441894531,229.52999877929688,320.4366760253906
2025-12-08,217.62818908691406,676.3333740234375,621.3605346679688,367.4067687988281,185.1168212890625,487.9245300292969,226.88999938964844,313.11090087890625
2025-12-09,218.60511779785156,675.7495727539062,622.1268920898438,367.8553771972656,184.53817749023438,488.918212890625,227.9199981689453,316.4643859863281
2025-12-10,220.06558227539062,680.2312622070312,624.6748657226562,372.9395751953125,183.35096740722656,475.5430603027344,231.77999877929688,319.58831787109375
2025-12-11,196.22457885742188,681.8141479492188,622.6544799804688,369.7395324707031,180.5076141357422,480.422119140625,230.27999877929688,311.82342529296875
2025-12-12,187.46180725097656,674.4832153320312,610.7504272460938,353.02154541015625,174.61141967773438,475.5132751464844,226.19000244140625,308.68951416015625
2025-12-15,182.4784698486328,673.4641723632812,607.6847534179688,351.8053283691406,175.87843322753906,471.82666015625,222.5399932861328,307.62158203125
2025-12-16,186.1592254638672,671.6240844726562,608.8890991210938,350.8482971191406,177.3050994873047,473.3867492675781,222.55999755859375,305.97479248046875
2025-12-17,176.1038055419922,664.2338256835938,597.6021118164062,338.18768310546875,170.5409393310547,473.1184387207031,221.27000427246094,296.1439208984375
2025-12-18,177.65304565429688,669.2495727539062,606.2614135742188,346.1728515625,173.73345947265625,480.9289245605469,226.75999450683594,301.8727722167969
2025-12-19,189.43539428710938,675.3153686523438,614.164306640625,355.125,180.56747436523438,482.856689453125,227.35000610351562,306.56365966796875
2025-12-22,195.76077270507812,679.5225219726562,617.1083374023438,359.70001220703125,183.26116943359375,481.86297607421875,228.42999267578125,309.1785583496094
2025-12-23,192.76089477539062,682.6282348632812,619.9984741210938,363.1600036621094,188.76828002929688,483.78082275390625,232.13999938964844,313.73968505859375
2025-12-24,194.8825225830078,685.0294799804688,621.812255859375,364.1700134277344,188.169677734375,484.94342041015625,232.3800048828125,313.4801940917969
2025-12-26,195.37591552734375,684.9600219726562,621.7724609375,365.8599853515625,190.085205078125,484.6354064941406,232.52000427246094,312.9013366699219
2025-12-29,192.80038452148438,682.51904296875,618.7626342773438,364.2099914550781,187.7805938720703,484.02923583984375,232.07000732421875,312.95123291015625
2025-12-30,194.60621643066406,681.685546875,617.3275756835938,363.30999755859375,187.1021728515625,484.4068603515625,232.52999877929688,313.24066162109375
2025-12-31,192.3365936279297,676.635009765625,612.2249145507812,360.1300048828125,186.06460571289062,480.5711669921875,230.82000732421875,312.392333984375
2026-01-02,193.12600708007812,677.8753051757812,611.0389404296875,373.29998779296875,188.4091339111328,469.95849609375,226.5,314.5381164550781
2026-01-05,190.04721069335938,682.3900756835938,615.8923950195312,377.5899963378906,187.68081665039062,469.86907958984375,233.05999755859375,315.9254455566406
2026-01-06,191.19190979003906,686.4484252929688,621.3040161132812,387.6199951171875,186.80288696289062,475.4933776855469,240.92999267578125,313.72967529296875
2026-01-07,190.29391479492188,684.2356567382812,621.9019775390625,385.0199890136719,188.66851806640625,480.422119140625,241.55999755859375,321.3548889160156
2026-01-08,187.14602661132812,684.1661987304688,618.3639526367188,378.9800109863281,184.60801696777344,475.0959167480469,246.2899932861328,324.80816650390625
2026-01-09,196.41676330566406,688.69091796875,624.5230712890625,389.2200012207031,184.42843627929688,476.258544921875,247.3800048828125,327.9320983886719
2026-01-12,202.51148986816406,689.7723999023438,625.041259765625,390.6600036621094,184.5082550048828,474.1717529296875,246.47000122070312,331.2156982421875
2026-01-13,200.1468048095703,688.3931884765625,624.114501953125,391.5299987792969,185.37620544433594,467.70281982421875,242.60000610351562,335.31768798828125
2026-01-14,191.55877685546875,685.009521484375,617.4471435546875,388.3500061035156,182.7124481201172,456.4840087890625,236.64999389648438,335.1879577636719
2026-01-15,187.83863830566406,686.875,619.6696166992188,396.4100036621094,186.6133270263672,453.7811279296875,238.17999267578125,332.1339416503906
2026-01-16,189.0654754638672,686.299560546875,619.1513671875,400.3900146484375,185.7952423095703,456.9609680175781,239.1199951171875,329.35931396484375
2026-01-20,178.01380920410156,672.3286743164062,605.9961547851562,390.3900146484375,177.654296875,451.65460205078125,231.0,321.3748474121094
2026-01-21,172.03781127929688,680.088134765625,614.1883544921875,401.92999267578125,182.8920440673828,441.3102111816406,231.30999755859375,327.7424621582031
2026-01-22,176.292236328125,683.6402587890625,618.6530151367188,402.82000732421875,184.40847778320312,448.2959289550781,234.33999633789062,329.89825439453125
2026-01-23,175.28306579589844,683.8883056640625,620.6063842773438,400.0899963378906,187.23187255859375,463.0125732421875,239.16000366210938,327.2933349609375
2026-01-26,180.5071258544922,687.3612060546875,623.337158203125,398.82000732421875,186.03468322753906,467.3152770996094,238.4199981689453,332.61297607421875
2026-01-27,173.04698181152344,690.099853515625,628.9878540039062,407.25,188.07989501953125,477.5503234863281,244.67999267578125,333.90045166015625
2026-01-28,170.96926879882812,690.0303955078125,631.0707397460938,416.6300048828125,191.07289123535156,478.59368896484375,243.00999450683594,335.3576354980469
2026-01-29,167.2194061279297,688.6610717773438,627.2935791015625,417.5199890136719,192.06057739257812,430.76715087890625,241.72999572753906,337.5932922363281
2026-01-30,162.83633422851562,686.6071166992188,619.7592163085938,403.4599914550781,190.68380737304688,427.5773620605469,239.3000030517578,337.3437805175781
2026-02-02,158.36422729492188,690.0203857421875,624.0147705078125,407.9700012207031,185.1766815185547,420.70098876953125,242.9600067138672,343.022705078125
2026-02-03,153.03134155273438,684.18603515625,614.4274291992188,397.67999267578125,179.9189910888672,408.6176452636719,238.6199951171875,339.0504455566406
2026-02-04,145.1160888671875,680.8719482421875,603.6939697265625,382.0199890136719,173.78335571289062,411.5788879394531,232.99000549316406,332.3934326171875
2026-02-05,135.03404235839844,672.3682861328125,595.0036010742188,381.07000732421875,171.47874450683594,391.1882629394531,222.69000244140625,330.6069030761719
2026-02-06,141.306884765625,685.2676391601562,607.580810546875,401.6499938964844,184.97715759277344,398.61114501953125,210.32000732421875,322.233154296875
2026-02-09,154.93099975585938,688.5718383789062,612.2349243164062,406.6499938964844,189.59632873535156,410.99261474609375,208.72000122070312,323.6903381347656
2026-02-10,158.19602966308594,686.7559814453125,609.3945922851562,404.760009765625,188.09983825683594,410.6646423339844,206.9600067138672,317.9614562988281
2026-02-11,155.49496459960938,686.5972290039062,611.0289916992188,414.7799987792969,189.6063232421875,401.8207702636719,204.0800018310547,310.35626220703125
2026-02-12,154.82215881347656,675.9900512695312,598.6013793945312,406.1099853515625,186.5035858154297,399.3067321777344,199.60000610351562,308.40008544921875
2026-02-13,158.44338989257812,676.4663696289062,599.876953125,407.7200012207031,182.38320922851562,398.7900085449219,198.7899932861328,305.12646484375
2026-02-17,152.3387451171875,677.5578002929688,599.2590942382812,407.510009765625,184.53817749023438,394.3581237792969,201.14999389648438,301.4336242675781
2026-02-18,154.51544189453125,680.9711303710938,603.7338256835938,412.54998779296875,187.5411376953125,397.0808410644531,204.7899932861328,302.7410888671875
2026-02-19,154.8815155029297,679.1751098632812,601.4216918945312,410.20001220703125,187.46133422851562,396.8517761230469,204.86000061035156,302.26202392578125
2026-02-20,146.5111541748047,684.0867919921875,606.7435913085938,415.0299987792969,189.37686157226562,395.6267395019531,210.11000061035156,314.36846923828125
2026-02-23,139.8128662109375,677.1013793945312,599.3687133789062,412.8800048828125,191.10281372070312,382.9182434082031,205.27000427246094,310.8852233886719
2026-02-24,144.59170532226562,682.02294921875,605.8068237304688,419.1600036621094,192.39979553222656,387.429931640625,208.55999755859375,310.29638671875
2026-02-25,146.3231658935547,687.7779541015625,614.5868530273438,426.1600036621094,195.10345458984375,398.9831237792969,210.63999938964844,312.2925109863281
2026-02-26,148.717529296875,683.957763671875,607.1721801757812,412.010009765625,184.4583740234375,400.0986022949219,207.9199981689453,306.783203125
2026-02-27,143.8595428466797,680.6734619140625,605.228759765625,406.3699951171875,176.77635192871094,391.15484619140625,210.0,311.1547546386719
2026-03-02,147.6687469482422,681.0604858398438,606.0260620117188,406.3900146484375,182.05398559570312,396.9413757324219,208.38999938964844,305.92486572265625
2026-03-03,147.43128967285156,675.057373046875,599.5381469726562,391.05999755859375,179.62966918945312,402.2996826171875,208.72999572753906,302.9906005859375
2026-03-04,150.75567626953125,679.8201904296875,608.677001953125,399.1000061035156,182.6126708984375,403.5645751953125,216.82000732421875,302.5414733886719
2026-03-05,153.15005493164062,676.0297241210938,606.8432006835938,395.3500061035156,182.91197204589844,409.0224304199219,218.94000244140625,300.2958679199219
2026-03-06,151.33944702148438,667.1690063476562,597.71435546875,380.55999755859375,177.40489196777344,407.30938720703125,213.2100067138672,297.9403991699219
2026-03-09,149.95428466796875,673.0133056640625,605.6972045898438,394.3699951171875,182.22360229492188,407.757568359375,213.49000549316406,305.98040771484375
2026-03-10,147.81715393066406,671.9317016601562,605.7071533203125,397.3299865722656,184.33865356445312,404.122314453125,214.3300018310547,306.65960693359375
2026-03-11,161.3917999267578,671.08837890625,605.6273803710938,401.0299987792969,185.60574340820312,403.245849609375,212.64999389648438,308.31756591796875
2026-03-12,157.47377014160156,660.89794921875,595.2327880859375,388.1300048828125,182.7223358154297,400.2380065917969,209.52999877929688,303.17388916015625
2026-03-13,153.4666748046875,657.1571655273438,591.7047729492188,387.3299865722656,179.8389434814453,393.9534912109375,207.6699981689453,301.9054870605469
2026-03-16,154.31756591796875,663.8449096679688,598.3422241210938,393.9200134277344,182.80215454101562,398.33575439453125,211.74000549316406,305.1814270019531
2026-03-17,153.05111694335938,665.5912475585938,601.2623291015625,396.8800048828125,181.51510620117188,397.7979431152344,215.1999969482422,310.5347900390625
2026-03-18,151.2800750732422,656.3038330078125,592.880859375,393.6700134277344,179.98858642578125,390.20867919921875,209.8699951171875,307.30877685546875
2026-03-19,153.87232971191406,654.6864624023438,591.0071411132812,394.9200134277344,178.15277099609375,387.4498596191406,208.75999450683594,306.7494812011719
2026-03-20,148.09420776367188,645.3009643554688,580.0843505859375,384.739990234375,172.30615234375,380.3287048339844,205.3699951171875,300.6270751953125
2026-03-23,152.70481872558594,652.07666015625,586.7431640625,391.3599853515625,175.23944091796875,381.4541931152344,210.13999938964844,301.685791015625
2026-03-24,145.53163146972656,649.8877563476562,582.731689453125,394.5899963378906,174.80044555664062,371.2355651855469,207.24000549316406,290.0801696777344
2026-03-25,144.47299194335938,653.5094604492188,586.5635375976562,399.0199890136719,178.2725067138672,369.5424499511719,211.7100067138672,290.5695495605469
2026-03-26,141.29698181152344,641.838623046875,572.5634765625,380.8399963378906,170.8494873046875,364.4928894042969,207.5399932861328,280.57196044921875
2026-03-27,138.18035888671875,630.89404296875,561.37744140625,374.25,167.13796997070312,355.3300476074219,199.33999633789062,274.0001220703125
2026-03-30,137.32948303222656,628.78466796875,557.0867309570312,362.5299987792969,164.79331970214844,357.5111999511719,200.9499969482422,273.1611633300781
2026-03-31,145.5514373779297,647.0621337890625,575.9462280273438,383.3999938964844,174.00225830078125,368.67596435546875,208.27000427246094,287.2037353515625
2026-04-01,143.69134521484375,651.9373779296875,583.06103515625,391.9700012207031,175.34918212890625,367.8791809082031,210.57000732421875,297.0215759277344
2026-04-02,144.82916259765625,652.5244750976562,583.7295532226562,392.32000732421875,176.98545837402344,371.9526672363281,209.77000427246094,295.403564453125
2026-04-06,143.998046875,655.6087646484375,587.2420654296875,395.9800109863281,177.23487854003906,371.3750305175781,212.7899932861328,299.6183166503906
2026-04-07,141.65316772460938,655.8972778320312,587.3319091796875,399.8999938964844,177.69383239746094,370.78741455078125,213.77000427246094,305.08154296875
2026-04-08,142.1379852294922,672.6027221679688,604.7944946289062,422.9200134277344,181.66476440429688,372.8191223144531,221.25,316.9268798828125
2026-04-09,136.8758087158203,676.4830322265625,608.8856811523438,430.30999755859375,183.4906005859375,371.5642395019531,233.64999389648438,318.09539794921875
2026-04-10,137.1041717529297,676.0353393554688,609.7637939453125,436.8800048828125,188.1998291015625,369.37310791015625,238.3800048828125,316.8469543457031
2026-04-13,154.50901794433594,682.6417846679688,616.0703735351562,443.3399963378906,188.87826538085938,382.8186340332031,239.88999938964844,320.91192626953125
2026-04-14,161.83633422851562,690.959716796875,627.2562866210938,452.0,196.0618438720703,391.5233459472656,249.02000427246094,332.49755859375
2026-04-15,168.59771728515625,696.412109375,636.0375366210938,453.0,198.41647338867188,409.5602722167969,248.5,336.70233154296875
2026-04-16,177.06683349609375,698.1234130859375,639.1009521484375,454.79998779296875,197.8976593017578,418.56378173828125,249.6999969482422,335.6036682128906
2026-04-17,173.81024169921875,706.5607299804688,647.4630126953125,464.1600036621094,201.2200469970703,421.0835876464844,250.55999755859375,341.2566833496094
2026-04-20,176.312255859375,705.1477661132812,645.4074096679688,463.9599914550781,201.59918212890625,416.38262939453125,248.27999877929688,337.0019836425781
2026-04-21,179.8766326904297,700.53125,642.9527587890625,464.6600036621094,199.42417907714844,422.4480285644531,249.91000366210938,331.8783264160156
2026-04-22,186.16143798828125,707.6253051757812,653.7096557617188,476.8299865722656,202.03819274902344,431.1726989746094,255.36000061035156,338.8996276855469
2026-04-23,175.0215301513672,704.8792114257812,650.0275268554688,481.8500061035156,199.18470764160156,414.0719909667969,255.0800018310547,338.47015380859375
2026-04-24,172.04295349121094,710.3414916992188,662.4609375,506.44000244140625,207.79502868652344,422.90618896484375,263.989990234375,343.9732971191406
2026-04-27,171.72523498535156,711.5653686523438,662.8101806640625,506.260009765625,216.1160125732422,423.1053771972656,261.1199951171875,349.90594482421875
2026-04-28,164.7752227783203,708.1029052734375,656.1444702148438,491.2099914550781,212.68385314941406,427.5174865722656,259.70001220703125,349.3466491699219
2026-04-29,162.66041564941406,707.993408203125,660.1558837890625,499.5799865722656,208.77279663085938,422.746826171875,263.0400085449219,349.5064697265625
2026-04-30,160.2378387451172,715.0377197265625,666.3126831054688,506.7200012207031,199.1148681640625,406.1341552734375,265.05999755859375,384.3232421875
2026-05-01,170.60330200195312,717.0177001953125,672.7090454101562,509.82000732421875,197.9974365234375,412.76727294921875,268.260009765625,385.2121887207031
2026-05-04,179.00289916992188,714.3909912109375,671.4417114257812,506.7900085449219,198.02734375,411.9505615234375,272.04998779296875,382.7751770019531
2026-05-05,184.02679443359375,720.1220092773438,680.1530151367188,522.6900024414062,196.05186462402344,409.7196044921875,273.54998779296875,387.9487609863281
2026-05-06,192.6448211669922,730.1312866210938,694.2827758789062,549.760009765625,207.3560333251953,412.2891845703125,274.989990234375,397.546875
2026-05-07,193.20082092285156,727.8926391601562,693.4545288085938,540.0999755859375,211.01766967773438,419.07171630859375,271.1700134277344,397.4969177246094
2026-05-08,194.55111694335938,733.9021606445312,709.709716796875,566.5399780273438,214.709228515625,413.44451904296875,272.67999267578125,400.3034362792969
2026-05-11,192.45616149902344,735.5736694335938,711.7653198242188,576.3099975585938,218.93955993652344,410.99444580078125,268.989990234375,388.15850830078125
2026-05-12,185.4962158203125,734.4593505859375,705.7282104492188,561.25,220.27650451660156,406.1241760253906,265.82000732421875,386.8701171875
2026-05-13,188.40528869628906,738.5685424804688,713.1823120117188,572.4600219726562,225.3149871826172,403.57452392578125,270.1300048828125,402.1211853027344
2026-05-14,194.21353149414062,744.3989868164062,718.2514038085938,578.3400268554688,235.202392578125,407.7774658203125,267.2200012207031,400.5731201171875
2026-05-15,191.57252502441406,735.4443969726562,707.4146118164062,556.3400268554688,224.80615234375,420.2170715332031,264.1400146484375,396.2884216308594
2026-05-18,185.2777862548828,734.927001953125,704.3711547851562,546.1599731445312,221.81300354003906,421.83056640625,264.8599853515625,396.4482421875
2026-05-19,180.16456604003906,730.03173828125,700.030517578125,543.9600219726562,220.1068878173828,415.7352600097656,259.3399963378906,387.1797180175781
2026-05-20,186.8167266845703,737.5138549804688,711.6256103515625,564.6599731445312,222.9603729248047,419.36053466796875,265.010009765625,388.4281921386719
2026-05-21,188.4152374267578,738.9764404296875,712.9827270507812,567.8800048828125,219.0093994140625,418.3025207519531,268.4599914550781,387.1797180175781
2026-05-22,190.708740234375,741.8817749023438,716.0062255859375,576.3200073242188,214.83892822265625,417.7835388183594,266.32000732421875,382.49554443359375
2026-05-26,191.68173217773438,746.8068237304688,728.718994140625,602.1400146484375,214.37001037597656,415.248291015625,265.2900085449219,388.398193359375
2026-05-27,189.5967559814453,746.6774291992188,727.8907470703125,595.5,212.1151580810547,411.8946228027344,271.8500061035156,388.3482360839844
2026-05-28,202.24578857421875,750.7965698242188,734.0276489257812,599.8300170898438,213.7613983154297,426.18768310546875,274.0,389.64666748046875
2026-05-29,224.16815185546875,752.6671142578125,736.7318115234375,598.9299926757812,210.6584930419922,449.3940124511719,270.6400146484375,379.8687744140625
2026-06-01,246.37844848632812,754.7166748046875,741.15234375,607.8099975585938,223.8483428955078,459.6546936035156,261.260009765625,375.9037170410156
2026-06-02,242.83395385742188,755.7415771484375,744.5650024414062,632.2100219726562,222.3118438720703,440.48077392578125,256.5199890136719,361.4017028808594
2026-06-03,228.6856689453125,750.4384155273438,742.6192626953125,637.9000244140625,214.26025390625,426.53704833984375,250.02000427246094,358.54522705078125
2026-06-04,234.65277099609375,753.2740478515625,739.0269165039062,627.530029296875,218.4156036376953,427.2456970214844,253.7899932861328,371.7289123535156
2026-06-05,212.15452575683594,733.83251953125,703.5528564453125,569.6900024414062,204.87075805664062,415.8870849609375,246.02999877929688,368.07342529296875
2026-06-08,210.3078155517578,735.4940795898438,714.5394287109375,598.1599731445312,208.40679931640625,410.9663391113281,245.22000122070312,363.0766296386719
2026-06-09,204.34072875976562,733.3350830078125,706.3170166015625,591.010009765625,207.95730590820312,402.6520080566406,244.19000244140625,364.0260314941406
2026-06-10,199.8231964111328,721.7736206054688,692.2072143554688,570.9099731445312,200.19598388671875,396.61334228515625,238.0,356.1510925292969
2026-06-11,182.78570556640625,734.04150390625,715.587158203125,609.4500122070312,204.64100646972656,389.6065673828125,241.50999450683594,357.5401611328125
2026-06-12,182.81549072265625,738.0113525390625,719.7981567382812,619.9600219726562,204.96066284179688,390.00579833984375,238.5500030517578,359.4489440917969
2026-06-15,191.26473999023438,751.0254516601562,742.40966796875,647.0999755859375,212.21253967285156,399.0088806152344,246.02000427246094,369.1127624511719
2026-06-16,186.98550415039062,746.5481567382812,728.2998657226562,616.0,207.1781768798828,393.0899963378906,246.0,373.01025390625
2026-06-17,182.21978759765625,737.225341796875,720.9656372070312,623.969970703125,204.42124938964844,378.1980285644531,237.5,363.55633544921875
2026-06-18,182.97434997558594,744.8902587890625,739.0369262695312,659.8800048828125,210.4545135498047,378.6871032714844,244.38999938964844,367.7935791015625
2026-06-22,173.8201904296875,742.546142578125,737.1818237304688,668.9099731445312,208.41677856445312,366.6497802734375,232.7899932861328,349.45538330078125
2026-06-23,163.9809112548828,731.7628784179688,712.9071655273438,622.0499877929688,199.81640625,373.23736572265625,234.11000061035156,345.90765380859375
2026-06-24,156.4053955078125,731.4237060546875,709.8803100585938,618.9199829101562,198.77757263183594,364.7733154296875,234.27000427246094,345.0682067871094
2026-06-25,151.37159729003906,732.4810791015625,715.63427734375,636.8800048828125,195.52122497558594,352.1670227050781,227.00999450683594,343.48919677734375
2026-06-26,147.4696502685547,727.1842651367188,705.7846069335938,611.6099853515625,192.31480407714844,372.2691955566406,232.69000244140625,337.17327880859375
2026-06-29,146.70513916015625,739.1644897460938,723.3262939453125,631.97998046875,194.7520751953125,367.8774719238281,240.13999938964844,353.4228210449219
2026-06-30,145.5037841796875,744.9202270507812,735.6334838867188,655.8900146484375,199.86634826660156,372.319091796875,238.33999633789062,357.14044189453125
2026-07-01,141.48269653320312,743.9127197265625,724.4151000976562,620.4600219726562,197.35916137695312,383.5579528808594,241.6999969482422,360.97796630859375
2026-07-02,139.26861572265625,742.9351806640625,711.8582153320312,592.2899780273438,194.61224365234375,389.7562561035156,242.6699981689453,359.6788024902344
2026-07-06,142.7336883544922,749.4190673828125,722.067626953125,604.2999877929688,195.33143615722656,386.0133056640625,244.16000366210938,366.2245788574219
2026-07-07,140.589111328125,745.85791015625,708.6915283203125,581.4500122070312,196.7098846435547,388.109375,245.97999572753906,366.7942199707031
2026-07-08,139.48704528808594,743.5536499023438,710.699462890625,593.0,203.891845703125,382.6197204589844,243.6199951171875,361.6875305175781
2026-07-09,143.19041442871094,749.8480224609375,722.5271606445312,607.72998046875,202.5533447265625,383.6377868652344,247.0399932861328,358.65948486328125
2026-07-10,140.12176513671875,753.0799560546875,724.7548217773438,611.030029296875,210.72421264648438,384.37640380859375,245.33999633789062,356.9505615234375
2026-07-13,131.05528259277344,747.3142700195312,710.9990844726562,585.6199951171875,203.30250549316406,390.2553405761719,247.30999755859375,352.2835693359375
2026-07-14,127.46855926513672,749.9677124023438,718.9408569335938,600.3099975585938,211.5632781982422,384.20672607421875,247.49000549316406,359.2790832519531
2026-07-15,132.00180053710938,752.9403076171875,716.9928588867188,590.77001953125,212.26248168945312,394.8866271972656,254.9600067138672,370.6817626953125
2026-07-16,123.75230407714844,748.8604125976562,705.2051391601562,568.9199829101562,207.16818237304688,400.3463439941406,249.88999938964844,354.2322998046875
2026-07-17,125.94419860839844,741.4487915039062,694.606201171875,556.530029296875,202.58331298828125,393.08001708984375,247.22999572753906,346.5472412109375
2026-07-20,120.93272399902344,740.2518310546875,695.33544921875,558.8300170898438,203.05279541015625,401.53411865234375,249.99000549316406,351.7638854980469
2026-07-21,126.58184051513672,746.426513671875,708.2319946289062,584.0800170898438,207.0583038330078,397.00262451171875,247.5500030517578,346.927001953125
2026-07-22,125.37628936767578,745.55859375,704.61572265625,586.9099731445312,211.82298278808594,389.6065673828125,244.85000610351562,341.8702392578125
2026-07-23,119.59767150878906,736.3515014648438,691.23974609375,580.1699829101562,208.5266571044922,380.8630065917969,233.66000366210938,317.4859313964844
2026-07-24,114.56627655029297,737.099609375,683.5177612304688,561.1900024414062,206.6088104248047,380.9828186035156,232.11000061035156,319.53460693359375
2026-07-27,119.45818328857422,737.25927734375,681.4099731445312,548.5499877929688,196.2903594970703,388.368896484375,231.38999938964844,326.3502197265625
2026-07-28,119.51795959472656,739.0248413085938,674.786865234375,529.5999755859375,196.789794921875,392.61090087890625,230.86000061035156,333.4956359863281
2026-07-29,117.30613708496094,727.6531372070312,661.0411376953125,504.2200012207031,189.79762268066406,389.8061828613281,226.64999389648438,336.49371337890625
2026-07-30,127.08995819091797,739.852783203125,682.8384399414062,538.9000244140625,194.82199096679688,450.2524108886719,235.5,333.4456787109375
2026-07-31,129.3914337158203,745.1796264648438,687.2738647460938,540.530029296875,200.52561950683594,463.8468017578125,271.5799865722656,355.9012451171875
2026-08-03,141.32730102539062,755.793212890625,699.34130859375,545.4600219726562,206.40904235839844,486.73370361328125,284.0199890136719,373.27008056640625
2026-08-04,145.20297241210938,769.4193725585938,723.0964965820312,575.7100219726562,211.70310974121094,491.884033203125,277.4200134277344,377.40740966796875
2026-08-05,143.85794067382812,767.8831787109375,716.5533447265625,569.7000122070312,218.9749755859375,486.5440673828125,272.6499938964844,362.1971740722656
2026-08-06,142.9413299560547,766.65625,713.9061279296875,571.47998046875,218.7452392578125,498.9207458496094,272.260009765625,357.52020263671875
2026-08-07,146.47825622558594,771.3446044921875,722.2774047851562,582.7000122070312,223.70968627929688,499.0505065917969,274.4800109863281,354.0723876953125
2026-08-10,150.493408203125,771.1151733398438,720.11962890625,569.4099731445312,217.3068389892578,505.109130859375,278.0899963378906,357.29034423828125
2026-08-11,144.9439239501953,768.6513061523438,717.7021484375,572.9299926757812,217.25689697265625,502.86334228515625,272.2699890136719,343.5791320800781
2026-08-12,152.71517944335938,770.5764770507812,722.9467163085938,584.8300170898438,223.8395233154297,491.5047302246094,267.2799987792969,343.3193359375
2026-08-13,155.64434814453125,775.9531860351562,731.3079833984375,589.1199951171875,225.04818725585938,495.9463806152344,265.1300048828125,346.13751220703125
2026-08-14,149.96536254882812,774.4169921875,730.3090209960938,587.8200073242188,224.90834045410156,494.4691467285156,262.6499938964844,345.67779541015625
2026-08-17,146.10960388183594,770.7560424804688,729.1102294921875,594.0700073242188,224.7584991455078,479.44744873046875,261.30999755859375,343.7790222167969
2026-08-18,142.26382446289062,765.5490112304688,716.7631225585938,569.77001953125,219.49440002441406,480.72503662109375,259.45001220703125,343.9789123535156
2026-08-19,143.2800750732422,767.1549682617188,715.3345947265625,560.9199829101562,217.31683349609375,483.3999938964844,265.8399963378906,344.4985656738281
2026-08-20,141.54649353027344,760.7109985351562,710.18994140625,562.6500244140625,216.60763549804688,481.1499938964844,260.1099853515625,340.451171875
2026-08-21,145.93028259277344,763.8232421875,712.6973876953125,560.4199829101562,214.48001098632812,483.239990234375,258.6300048828125,344.5985107421875
2026-08-24,141.92507934570312,761.5787963867188,705.5847778320312,546.7999877929688,208.24697875976562,487.30999755859375,262.07000732421875,347.83642578125
2026-08-25,144.22657775878906,764.0127563476562,709.9801635742188,555.8200073242188,212.81187438964844,491.7099914550781,261.05999755859375,346.73712158203125
2026-08-26,148.32142639160156,764.182373046875,710.6295166015625,555.77001953125,209.4256591796875,496.3699951171875,260.2799987792969,341.7803039550781
2026-08-27,151.380126953125,769.18994140625,720.359375,573.0,227.7251739501953,505.05999755859375,256.260009765625,340.4311828613281
2026-08-28,150.2941436767578,767.4442749023438,715.6842651367188,553.1099853515625,217.3068389892578,513.530029296875,266.42999267578125,346.36737060546875
2026-08-31,148.5705108642578,765.1499633789062,716.013916015625,556.6300048828125,220.53323364257812,507.2900085449219,259.7699890136719,339.13201904296875
2026-09-01,140.79925537109375,759.89306640625,706.9033813476562,545.219970703125,217.1969757080078,501.0199890136719,254.9199981689453,334.8047790527344
2026-09-02,145.2129364013672,763.2646484375,708.501708984375,550.47998046875,224.1591796875,496.82000732421875,254.97999572753906,336.9034423828125
2026-09-03,153.47238159179688,771.2548217773438,716.9229125976562,552.5999755859375,228.1946563720703,510.1199951171875,258.8999938964844,342.260009765625
2026-09-04,158.19491577148438,768.2822265625,718.2116088867188,567.010009765625,230.10252380371094,499.70001220703125,258.510009765625,338.4599914550781
2026-09-08,161.921142578125,764.0626831054688,717.6122436523438,573.72998046875,225.47769165039062,493.95001220703125,256.9700012207031,338.3599853515625
2026-09-09,161.034423828125,760.5115356445312,715.5643920898438,574.2899780273438,223.4199981689453,491.6499938964844,252.39999389648438,330.6499938964844
2026-09-10,152.37643432617188,755.9528198242188,707.9523315429688,560.280029296875,218.36000061035156,492.44000244140625,251.88999938964844,332.6000061035156
2026-09-11,149.7262420654297,762.3967895507812,714.1358642578125,568.530029296875,218.2899932861328,495.6300048828125,256.7799987792969,338.5
2026-09-14,144.25645446777344,758.9952392578125,708.4417724609375,541.5,210.9600067138672,505.4100036621094,253.5399932861328,349.3900146484375
2026-09-15,139.8328399658203,755.513916015625,703.8065795898438,542.1099853515625,212.1699981689453,497.1199951171875,248.4199981689453,344.9800109863281
2026-09-16,142.63247680664062,752.1821899414062,703.9863891601562,545.5599975585938,213.89999389648438,490.29998779296875,245.9600067138672,342.8699951171875
2026-09-17,150.03509521484375,760.7109985351562,716.1737060546875,560.6099853515625,219.33999633789062,497.75,251.19000244140625,347.3299865722656
2026-09-18,147.06607055664062,761.6900024414062,720.6990356445312,573.0,222.27000427246094,493.7799987792969,253.7100067138672,349.5400085449219
2026-09-21,148.0125732421875,773.5,741.469970703125,596.030029296875,227.3800048828125,501.6099853515625,258.45001220703125,354.9700012207031
2026-09-22,148.65020751953125,773.3800048828125,747.4600219726562,607.4600219726562,228.8699951171875,498.0,254.97999572753906,351.1600036621094
2026-09-23,144.02731323242188,767.8099975585938,741.2100219726562,601.4099731445312,225.50999450683594,500.5899963378906,249.27000427246094,337.8299865722656
2026-09-24,139.0258026123047,767.1799926757812,741.0999755859375,600.52001953125,224.5800018310547,497.92999267578125,249.3800048828125,342.3599853515625
2026-09-25,136.5948028564453,771.3499755859375,744.5,606.5599975585938,225.07000732421875,516.1699829101562,249.6699981689453,343.9200134277344
2026-09-28,132.11138916015625,765.6099853515625,736.530029296875,600.010009765625,228.86000061035156,509.2200012207031,246.14999389648438,342.75
2026-09-29,137.28225708007812,764.2000122070312,737.9299926757812,606.9000244140625,227.2100067138672,508.9599914550781,246.6699981689453,340.9200134277344
2026-09-30,136.7940673828125,762.6300048828125,739.77001953125,609.0,228.3800048828125,512.9000244140625,249.14999389648438,344.0799865722656
2026-10-01,137.5612335205078,763.989990234375,742.030029296875,617.8099975585938,230.86000061035156,512.7999877929688,248.22999572753906,338.239990234375
2026-10-02,141.77565002441406,769.6400146484375,749.5800170898438,630.5999755859375,233.9499969482422,517.530029296875,251.52000427246094,343.5
2026-10-05,141.95497131347656,774.8300170898438,756.2000122070312,633.9000244140625,238.89999389648438,525.1799926757812,251.39999389648438,346.4700012207031
2026-10-06,144.23654174804688,779.0900268554688,759.6599731445312,632.5,239.24000549316406,529.2999877929688,256.2900085449219,347.67999267578125
2026-10-07,143.03099060058594,777.219970703125,757.72998046875,625.030029296875,237.47000122070312,529.760009765625,259.9200134277344,350.5
2026-10-08,135.19000244140625,773.9299926757812,747.5800170898438,607.27001953125,230.47999572753906,522.6099853515625,254.05999755859375,348.2900085449219
2026-10-09,141.39999389648438,778.5700073242188,751.27001953125,603.3300170898438,229.27999877929688,535.0700073242188,262.42999267578125,351.6600036621094
