date,ORCL,SPY,QQQ,SMH,NVDA,MSFT,AMZN,GOOGL
2010-01-04,24.850000381469727,113.33000183105467,46.41999816894531,14.204999923706056,0.4622499942779541,30.950000762939453,6.695000171661377,15.684433937072754
2010-01-05,24.81999969482422,113.62999725341795,46.41999816894531,14.125,0.4690000116825104,30.959999084472656,6.734499931335449,15.615365028381348
2010-01-06,24.459999084472656,113.70999908447266,46.13999938964844,14.09000015258789,0.4720000028610229,30.770000457763672,6.612500190734863,15.221721649169922
2010-01-07,24.3799991607666,114.19000244140624,46.16999816894531,13.979999542236328,0.4627499878406524,30.450000762939453,6.5,14.867366790771484
2010-01-08,24.68000030517578,114.56999969482422,46.54999923706055,14.260000228881836,0.4637500047683716,30.65999984741211,6.676000118255615,15.065566062927246
2010-01-11,24.690000534057617,114.7300033569336,46.36000061035156,14.210000038146973,0.4572499990463257,30.270000457763672,6.515500068664551,15.04279327392578
2010-01-12,24.559999465942383,113.66000366210938,45.77999877929688,13.704999923706056,0.4417499899864197,30.06999969482422,6.367499828338623,14.776777267456056
2010-01-13,24.799999237060547,114.62000274658205,46.34999847412109,13.880000114440918,0.4477500021457672,30.350000381469727,6.45550012588501,14.69194221496582
2010-01-14,25.34000015258789,114.93000030517578,46.38999938964844,13.899999618530272,0.4407500028610229,30.959999084472656,6.367499828338623,14.761011123657228
2010-01-15,25.239999771118164,113.63999938964844,45.84999847412109,13.46500015258789,0.4277499914169311,30.86000061035156,6.35699987411499,14.514514923095703
2010-01-19,25.32999992370605,115.05999755859376,46.59000015258789,13.65999984741211,0.4357500076293945,31.100000381469727,6.380499839782715,14.705204963684082
2010-01-20,25.059999465942383,113.88999938964844,45.91999816894531,13.585000038146973,0.4339999854564667,30.59000015258789,6.289000034332275,14.524774551391602
2010-01-21,24.82999992370605,111.6999969482422,45.4900016784668,13.505000114440918,0.426250010728836,30.01000022888184,6.330999851226807,14.589089393615724
2010-01-22,24.149999618530277,109.20999908447266,44.15999984741211,12.835000038146973,0.4115000069141388,28.959999084472656,6.071499824523926,13.76401424407959
2010-01-25,24.030000686645508,109.7699966430664,44.310001373291016,13.010000228881836,0.418500006198883,29.31999969482422,6.015500068664551,13.513513565063477
2010-01-26,23.8799991607666,109.30999755859376,44.34999847412109,12.899999618530272,0.4052500128746032,29.5,5.973999977111816,13.574073791503906
2010-01-27,23.86000061035156,109.83000183105467,44.70000076293945,13.085000038146973,0.4162499904632568,29.670000076293945,6.137499809265137,13.566065788269045
2010-01-28,23.46999931335449,108.56999969482422,43.54999923706055,12.770000457763672,0.4022499918937683,29.15999984741211,6.301499843597412,13.370620727539062
2010-01-29,23.059999465942383,107.38999938964844,42.790000915527344,12.380000114440918,0.3847500085830688,28.18000030517578,6.270500183105469,13.261761665344238
2010-02-01,23.21999931335449,109.05999755859376,43.2599983215332,12.649999618530272,0.414249986410141,28.40999984741211,5.94350004196167,13.338838577270508
2010-02-02,23.76000022888184,110.37999725341795,43.650001525878906,12.795000076293944,0.418500006198883,28.459999084472656,5.906000137329102,13.29129123687744
2010-02-03,23.75,109.83000183105467,43.88999938964844,12.75,0.421999990940094,28.6299991607666,5.954999923706055,13.53403377532959
2010-02-04,23.11000061035156,106.44000244140624,42.619998931884766,12.255000114440918,0.3975000083446502,27.84000015258789,5.796999931335449,13.182682991027832
2010-02-05,23.549999237060547,106.66000366210938,42.97999954223633,12.55500030517578,0.4054999947547912,28.020000457763672,5.869500160217285,13.29554557800293
2010-02-08,23.1200008392334,105.88999938964844,42.66999816894531,12.505000114440918,0.4047499895095825,27.71999931335449,5.84149980545044,13.350099563598633
2010-02-09,23.51000022888184,107.22000122070312,43.11000061035156,12.635000228881836,0.4014999866485595,28.01000022888184,5.901500225067139,13.424424171447754
2010-02-10,23.11000061035156,107.01000213623048,43.02000045776367,12.670000076293944,0.4092499911785126,27.989999771118164,5.868000030517578,13.374625205993652
2010-02-11,23.350000381469727,108.12999725341795,43.66999816894531,12.895000457763672,0.4280000030994415,28.1200008392334,6.004499912261963,13.423422813415527
2010-02-12,23.40999984741211,108.04000091552734,43.7599983215332,13.029999732971191,0.4337500035762787,27.93000030517578,5.982999801635742,13.341341018676758
2010-02-16,23.809999465942383,109.73999786376952,44.31999969482422,13.31999969482422,0.4417499899864197,28.350000381469727,5.876500129699707,13.546046257019045
2010-02-17,24.18000030517578,110.26000213623048,44.56999969482422,13.329999923706056,0.4460000097751617,28.59000015258789,5.815499782562256,13.46871852874756
2010-02-18,24.520000457763672,110.91000366210938,44.84999847412109,13.404999732971191,0.4167500138282776,28.96999931335449,5.90399980545044,13.594094276428224
2010-02-19,24.31999969482422,111.13999938964844,44.83000183105469,13.420000076293944,0.4144999980926513,28.770000457763672,5.875999927520752,13.532532691955566
2010-02-22,24.809999465942383,111.16000366210938,44.7400016784668,13.380000114440918,0.4152500033378601,28.729999542236328,5.9004998207092285,13.58358383178711
2010-02-23,24.479999542236328,109.80999755859376,44.15999984741211,13.05500030517578,0.4052500128746032,28.32999992370605,5.861999988555908,13.39013957977295
2010-02-24,24.770000457763672,110.81999969482422,44.61000061035156,13.28499984741211,0.4137499928474426,28.6299991607666,5.986000061035156,13.300049781799316
2010-02-25,24.8700008392334,110.66999816894533,44.59999847412109,13.265000343322754,0.4099999964237213,28.600000381469727,5.909999847412109,13.173924446105955
2010-02-26,24.649999618530277,110.73999786376952,44.7599983215332,13.1899995803833,0.4050000011920929,28.670000076293945,5.920000076293945,13.183182716369627
2010-03-01,24.739999771118164,111.88999938964844,45.40999984741211,13.510000228881836,0.4212499856948852,29.020000457763672,6.227000236511231,13.330580711364746
2010-03-02,24.57999992370605,112.1999969482422,45.54999923706055,13.4399995803833,0.4210000038146972,28.459999084472656,6.276500225067139,13.540040016174316
2010-03-03,24.5,112.3000030517578,45.59999847412109,13.345000267028809,0.4157499969005584,28.459999084472656,6.29449987411499,13.646647453308104
2010-03-04,24.76000022888184,112.63999938964844,45.75,13.364999771118164,0.4165000021457672,28.6299991607666,6.426499843597412,13.878628730773926
2010-03-05,24.950000762939453,114.25,46.43999862670898,13.515000343322754,0.4292500019073486,28.59000015258789,6.445499897003174,14.11936855316162
2010-03-08,24.700000762939453,114.2699966430664,46.52999877929688,13.470000267028809,0.4230000078678131,28.6299991607666,6.505499839782715,14.076075553894045
2010-03-09,24.8799991607666,114.45999908447266,46.790000915527344,13.399999618530272,0.4387499988079071,28.799999237060547,6.440999984741211,14.018769264221191
2010-03-10,24.8700008392334,114.97000122070312,47.16999816894531,13.68000030517578,0.4397499859333038,28.96999931335449,6.5254998207092285,14.425676345825195
2010-03-11,25.13999938964844,115.4499969482422,47.34999847412109,13.550000190734863,0.429749995470047,29.18000030517578,6.678999900817871,14.54304313659668
2010-03-12,25.049999237060547,115.45999908447266,47.36000061035156,13.505000114440918,0.4312500059604645,29.270000457763672,6.591000080108643,14.503003120422363
2010-03-15,25.280000686645508,115.48999786376952,47.2400016784668,13.414999961853027,0.4289999902248382,29.290000915527344,6.55649995803833,14.09359359741211
2010-03-16,25.209999084472656,116.41000366210938,47.540000915527344,13.829999923706056,0.4440000057220459,29.3700008392334,6.589499950408936,14.14414405822754
2010-03-17,25.46999931335449,117.0999984741211,47.66999816894531,14.024999618530272,0.4524999856948852,29.6299991607666,6.566999912261963,14.153153419494627
2010-03-18,25.3799991607666,117.04000091552734,47.83000183105469,13.925000190734863,0.4365000128746032,29.61000061035156,6.638000011444092,14.174174308776855
2010-03-19,25.190000534057617,115.97000122070312,47.4900016784668,13.744999885559082,0.4312500059604645,29.59000015258789,6.517499923706055,14.01401424407959
2010-03-22,25.559999465942383,116.58999633789062,47.91999816894531,13.994999885559082,0.4382500052452087,29.600000381469727,6.523499965667725,13.951451301574709
2010-03-23,25.989999771118164,117.41000366210938,48.25,14.30500030517578,0.4472500085830688,29.8799991607666,6.4629998207092285,13.738739013671877
2010-03-24,25.76000022888184,116.83999633789062,48.02000045776367,13.979999542236328,0.4322499930858612,29.649999618530277,6.401999950408936,13.94719696044922
2010-03-25,26.040000915527344,116.6500015258789,47.95000076293945,13.954999923706056,0.4334999918937683,30.01000022888184,6.736499786376953,14.08608627319336
2010-03-26,25.690000534057617,116.58000183105467,48.0,13.899999618530272,0.4334999918937683,29.65999984741211,6.752999782562256,14.081331253051758
2010-03-29,25.56999969482422,117.31999969482422,48.22999954223633,13.975000381469728,0.4390000104904175,29.59000015258789,6.75600004196167,14.075325012207031
2010-03-30,25.540000915527344,117.4000015258789,48.38999938964844,14.020000457763672,0.4407500028610229,29.770000457763672,6.828999996185303,14.18193244934082
2010-03-31,25.709999084472656,117.0,48.15999984741211,13.9350004196167,0.4350000023841858,29.290000915527344,6.78849983215332,14.19219207763672
2010-04-01,25.459999084472656,117.8000030517578,48.15999984741211,13.960000038146973,0.4305000007152557,29.15999984741211,6.590499877929688,14.234233856201172
2010-04-05,25.57999992370605,118.76000213623048,48.61000061035156,14.289999961853027,0.4370000064373016,29.270000457763672,6.57450008392334,14.28954029083252
2010-04-06,25.82999992370605,119.04000091552734,48.75,14.175000190734863,0.426250010728836,29.31999969482422,6.777999877929688,14.219719886779783
2010-04-07,25.90999984741211,118.36000061035156,48.630001068115234,14.25,0.4289999902248382,29.350000381469727,6.743500232696533,14.1026029586792
2010-04-08,25.82999992370605,118.7699966430664,48.7400016784668,14.03499984741211,0.421999990940094,29.920000076293945,7.047999858856201,14.201451301574709
2010-04-09,26.1299991607666,119.5500030517578,49.02999877929688,14.1899995803833,0.4247500002384186,30.34000015258789,7.002999782562256,14.169670104980469
2010-04-12,26.200000762939453,119.73999786376952,49.06999969482422,14.375,0.4325000047683716,30.31999969482422,7.059999942779541,14.3325834274292
2010-04-13,26.350000381469727,119.83000183105467,49.31999969482422,14.489999771118164,0.4415000081062317,30.450000762939453,7.007999897003174,14.683934211730955
2010-04-14,26.3799991607666,121.19000244140624,49.90999984741211,15.079999923706056,0.4469999969005584,30.81999969482422,7.214000225067139,14.739740371704102
2010-04-15,26.200000762939453,121.29000091552734,50.130001068115234,15.225000381469728,0.4502499997615814,30.8700008392334,7.290999889373779,14.8973970413208
2010-04-16,25.950000762939453,119.36000061035156,49.52999877929688,15.020000457763672,0.426499992609024,30.670000076293945,7.108500003814697,13.767518043518066
2010-04-19,26.190000534057617,119.80999755859376,49.5,14.954999923706056,0.4244999885559082,31.040000915527344,7.121500015258789,13.766265869140623
2010-04-20,26.149999618530277,120.87999725341795,49.75,15.119999885559082,0.4259999990463257,31.36000061035156,7.210000038146973,13.88988971710205
2010-04-21,26.290000915527344,120.66000366210938,50.02999877929688,14.920000076293944,0.4149999916553497,31.32999992370605,7.321499824523926,13.871371269226074
2010-04-22,26.239999771118164,121.0199966430664,50.310001373291016,15.119999885559082,0.4167500138282776,31.38999938964844,7.504499912261963,13.690190315246582
2010-04-23,26.479999542236328,121.80999755859376,50.52000045776367,15.164999961853027,0.4110000133514404,30.959999084472656,7.18149995803833,13.638387680053713
2010-04-26,26.46999931335449,121.3499984741211,50.40999984741211,15.199999809265137,0.4149999916553497,31.11000061035156,7.355500221252441,13.304304122924805
2010-04-27,25.979999542236328,118.4800033569336,49.34000015258789,14.739999771118164,0.4032500088214874,30.850000381469727,7.10099983215332,13.239740371704102
2010-04-28,25.86000061035156,119.37999725341795,49.369998931884766,14.80500030517578,0.4040000140666961,30.90999984741211,6.96750020980835,13.242993354797363
2010-04-29,25.96999931335449,120.86000061035156,50.22999954223633,15.024999618530272,0.4162499904632568,31.0,7.08650016784668,13.313312530517578
2010-04-30,25.8700008392334,118.80999755859376,49.2400016784668,14.494999885559082,0.3927499949932098,30.540000915527344,6.855000019073486,13.15565586090088
2010-05-03,26.01000022888184,120.3499984741211,49.93000030517578,14.800000190734863,0.3885000050067901,30.86000061035156,6.874499797821045,13.278278350830078
2010-05-04,24.96999931335449,117.5199966430664,48.43000030517578,14.274999618530272,0.3687500059604645,30.1299991607666,6.491499900817871,12.671921730041504
2010-05-05,24.940000534057617,116.81999969482422,48.18000030517578,14.18000030517578,0.3625000119209289,29.850000381469727,6.546500205993652,12.756756782531738
2010-05-06,23.90999984741211,112.94000244140624,46.56999969482422,13.69499969482422,0.3549999892711639,28.979999542236328,6.435500144958496,12.479228973388672
2010-05-07,23.40999984741211,111.26000213623048,45.40999984741211,13.5,0.3490000069141388,28.209999084472656,6.249000072479248,12.34084129333496
2010-05-10,24.38999938964844,116.16000366210938,47.77000045776367,14.19499969482422,0.363999992609024,28.940000534057617,6.564499855041504,13.054304122924805
2010-05-11,24.190000534057617,115.83000183105467,47.720001220703125,14.104999542236328,0.3600000143051147,28.8799991607666,6.5229997634887695,12.738988876342772
2010-05-12,24.600000381469727,117.4499969482422,48.619998931884766,14.520000457763672,0.367000013589859,29.440000534057617,6.69350004196167,12.6473970413208
2010-05-13,24.239999771118164,115.98999786376952,47.84999847412109,14.079999923706056,0.3662500083446502,29.239999771118164,6.573500156402588,12.784785270690918
2010-05-14,23.780000686645508,113.88999938964844,46.93000030517578,13.725000381469728,0.3240000009536743,28.93000030517578,6.426499843597412,12.700950622558594
2010-05-17,23.739999771118164,113.9499969482422,47.08000183105469,13.954999923706056,0.324750006198883,28.940000534057617,6.445499897003174,12.71196174621582
2010-05-18,23.43000030517578,112.4000015258789,46.43000030517578,13.574999809265137,0.3140000104904175,28.600000381469727,6.314000129699707,12.471721649169922
2010-05-19,23.190000534057617,111.76000213623048,46.060001373291016,13.6850004196167,0.3190000057220459,28.239999771118164,6.229499816894531,12.373123168945312
2010-05-20,22.350000381469727,107.54000091552734,44.34999847412109,13.34000015258789,0.3115000128746032,27.11000061035156,5.985499858856201,11.887137413024902
2010-05-21,22.15999984741211,109.11000061035156,44.84000015258789,13.470000267028809,0.3182500004768371,26.84000015258789,6.136000156402588,11.81306266784668
2010-05-24,22.280000686645508,107.70999908447266,44.65999984741211,13.270000457763672,0.3089999854564667,26.270000457763672,6.105999946594238,11.940940856933594
2010-05-25,22.200000762939453,107.81999969482422,44.70000076293945,13.420000076293944,0.3172500133514404,26.06999969482422,6.243000030517578,11.93868923187256
2010-05-26,21.90999984741211,107.16999816894533,44.20000076293945,13.324999809265137,0.3187499940395355,25.01000022888184,6.1605000495910645,11.898649215698242
2010-05-27,22.57999992370605,110.76000213623048,45.869998931884766,13.9350004196167,0.3375000059604645,26.0,6.335000038146973,12.273774147033691
2010-05-28,22.56999969482422,109.37000274658205,45.59999847412109,13.710000038146973,0.3285000026226043,25.799999237060547,6.2729997634887695,12.152902603149414
2010-06-01,22.200000762939453,107.52999877929688,45.18000030517578,13.479999542236328,0.3145000040531158,25.88999938964844,6.162000179290772,12.07132053375244
2010-06-02,22.63999938964844,110.33000183105467,46.25,13.880000114440918,0.3179999887943268,26.459999084472656,6.315499782562256,12.346596717834473
2010-06-03,22.84000015258789,110.70999908447266,46.68999862670898,14.05500030517578,0.3174999952316284,26.86000061035156,6.438000202178955,12.652652740478516
2010-06-04,22.1299991607666,106.81999969482422,45.09000015258789,13.489999771118164,0.3025000095367431,25.790000915527344,6.138500213623047,12.480480194091797
2010-06-07,21.700000762939453,105.48999786376952,44.27000045776367,13.0600004196167,0.2874999940395355,25.290000915527344,6.100500106811523,12.150150299072266
2010-06-08,21.76000022888184,106.62000274658205,44.18999862670898,13.095000267028809,0.2795000076293945,25.11000061035156,5.941999912261963,12.131631851196287
2010-06-09,21.540000915527344,106.0500030517578,43.81999969482422,12.970000267028809,0.2727499902248382,24.790000915527344,5.895500183105469,11.862361907958984
2010-06-10,22.200000762939453,109.1500015258789,45.06999969482422,13.404999732971191,0.2837499976158142,25.0,6.1605000495910645,12.187437057495115
2010-06-11,22.690000534057617,109.68000030517578,45.5,13.539999961853027,0.2902500033378601,25.65999984741211,6.151500225067139,12.224724769592283
2010-06-14,22.690000534057617,109.51000213623048,45.4900016784668,13.600000381469728,0.2840000092983246,25.5,6.191500186920166,12.091841697692873
2010-06-15,23.200000762939453,112.0,46.709999084472656,14.225000381469728,0.2980000078678131,26.57999992370605,6.3420000076293945,12.46221160888672
2010-06-16,23.18000030517578,111.95999908447266,46.900001525878906,14.265000343322754,0.2942500114440918,26.31999969482422,6.34499979019165,12.544294357299805
2010-06-17,23.06999969482422,112.13999938964844,47.04999923706055,14.274999618530272,0.3055000007152557,26.3700008392334,6.29449987411499,12.514514923095703
2010-06-18,23.200000762939453,111.7300033569336,47.0,14.229999542236328,0.3075000047683716,26.440000534057617,6.291500091552734,12.513262748718262
2010-06-21,23.09000015258789,111.41000366210938,46.59999847412109,14.100000381469728,0.3002499938011169,25.950000762939453,6.127500057220459,12.226225852966309
2010-06-22,22.88999938964844,109.56999969482422,46.2400016784668,13.904999732971191,0.289000004529953,25.770000457763672,6.115499973297119,12.168417930603027
2010-06-23,22.68000030517578,109.2300033569336,46.04999923706055,13.9350004196167,0.2922500073909759,25.309999465942383,6.072500228881836,12.063312530517578
2010-06-24,22.21999931335449,107.41999816894533,45.34999847412109,13.614999771118164,0.2777499854564667,25.0,5.916500091552734,11.889389038085938
2010-06-25,22.65999984741211,107.87000274658205,45.27000045776367,13.585000038146973,0.2770000100135803,24.530000686645508,6.050000190734863,11.828828811645508
2010-06-28,22.450000762939453,107.52999877929688,45.11000061035156,13.6850004196167,0.2775000035762787,24.309999465942383,5.889999866485596,11.813814163208008
2010-06-29,21.75,104.20999908447266,43.369998931884766,13.18000030517578,0.2619999945163727,23.309999465942383,5.430500030517578,11.367868423461914
2010-06-30,21.459999084472656,103.22000122070312,42.709999084472656,12.960000038146973,0.2552500069141388,23.01000022888184,5.4629998207092285,11.13488483428955
2010-07-01,21.549999237060547,102.76000213623048,42.59000015258789,12.90999984741211,0.2594999969005584,23.15999984741211,5.547999858856201,10.998248100280762
2010-07-02,21.82999992370605,102.1999969482422,42.470001220703125,12.84000015258789,0.2562499940395355,23.270000457763672,5.456999778747559,10.924674987792969
2010-07-06,22.31999969482422,102.87000274658205,42.59999847412109,12.890000343322754,0.2535000145435333,23.81999969482422,5.502999782562256,10.912663459777832
2010-07-07,23.09000015258789,106.11000061035156,43.959999084472656,13.510000228881836,0.265749990940094,24.299999237060547,5.671500205993652,11.266265869140623
2010-07-08,23.21999931335449,107.16000366210938,44.20000076293945,13.475000381469728,0.257750004529953,24.40999984741211,5.810999870300293,11.425424575805664
2010-07-09,23.3700008392334,107.95999908447266,44.619998931884766,13.649999618530272,0.2587499916553497,24.270000457763672,5.86299991607666,11.698948860168455
2010-07-12,23.3799991607666,108.02999877929688,44.75,13.795000076293944,0.2635000050067901,24.82999992370605,5.975500106811523,11.907657623291016
2010-07-13,23.709999084472656,109.66000366210938,45.33000183105469,14.095000267028809,0.2730000019073486,25.1299991607666,6.182499885559082,12.242241859436035
2010-07-14,23.940000534057617,109.6500015258789,45.560001373291016,14.050000190734863,0.2757500112056732,25.440000534057617,6.164999961853027,12.295796394348145
2010-07-15,23.82999992370605,109.68000030517578,45.59999847412109,14.0600004196167,0.2680000066757202,25.51000022888184,6.103000164031982,12.362862586975098
2010-07-16,23.270000457763672,106.66000366210938,44.34000015258789,13.725000381469728,0.2512499988079071,24.88999938964844,5.924499988555908,11.501751899719238
2010-07-19,23.59000015258789,107.29000091552734,44.720001220703125,14.079999923706056,0.2615000009536743,25.229999542236328,5.997000217437744,11.666166305541992
2010-07-20,23.920000076293945,108.4800033569336,45.2599983215332,13.994999885559082,0.2680000066757202,25.479999542236328,6.005000114440918,12.051801681518556
2010-07-21,23.559999465942383,107.06999969482422,44.63999938964844,13.739999771118164,0.2592499852180481,25.1200008392334,5.871500015258789,11.949448585510254
2010-07-22,24.309999465942383,109.45999908447266,45.77000045776367,14.170000076293944,0.2635000050067901,25.84000015258789,6.003499984741211,12.1323823928833
2010-07-23,24.5,110.41000366210938,46.060001373291016,14.220000267028809,0.2590000033378601,25.809999465942383,5.94350004196167,12.263764381408691
2010-07-26,24.63999938964844,111.55999755859376,46.43999862670898,14.335000038146973,0.2637499868869781,26.100000381469727,5.920000076293945,12.236486434936523
2010-07-27,24.56999969482422,111.5500030517578,46.41999816894531,14.279999732971191,0.2615000009536743,26.15999984741211,5.856500148773193,12.328078269958496
2010-07-28,24.280000686645508,110.83000183105467,46.04999923706055,14.039999961853027,0.2532500028610229,25.950000762939453,5.856500148773193,12.12087059020996
2010-07-29,23.700000762939453,110.29000091552734,45.709999084472656,13.81999969482422,0.2282499969005584,26.030000686645508,5.8429999351501465,12.136886596679688
2010-07-30,23.63999938964844,110.2699966430664,45.810001373291016,13.69499969482422,0.2297500073909759,25.809999465942383,5.894499778747559,12.133382797241213
2010-08-02,24.290000915527344,112.76000213623048,46.66999816894531,13.9399995803833,0.2294999957084655,26.32999992370605,6.003499984741211,12.272522926330566
2010-08-03,24.209999084472656,112.22000122070312,46.470001220703125,13.75,0.2234999984502792,26.15999984741211,6.120999813079834,12.258008003234863
2010-08-04,24.489999771118164,112.97000122070312,46.93999862670898,13.864999771118164,0.2329999953508377,25.729999542236328,6.379000186920166,12.670671463012695
2010-08-05,24.290000915527344,112.8499984741211,46.83000183105469,13.885000228881836,0.2360000014305114,25.3700008392334,6.391499996185303,12.715214729309082
2010-08-06,24.3799991607666,112.38999938964844,46.7599983215332,13.875,0.2387499958276748,25.549999237060547,6.415999889373779,12.518017768859863
2010-08-09,24.26000022888184,112.98999786376952,47.08000183105469,13.9350004196167,0.2409999966621399,25.61000061035156,6.441500186920166,12.646395683288574
2010-08-10,24.290000915527344,112.37999725341795,46.66999816894531,13.595000267028809,0.231000006198883,25.06999969482422,6.5,12.605355262756348
2010-08-11,23.65999984741211,109.3000030517578,45.400001525878906,13.255000114440918,0.2220000028610229,24.86000061035156,6.29449987411499,12.305806159973145
2010-08-12,22.940000534057617,108.62999725341795,45.040000915527344,13.015000343322754,0.2240000069141388,24.489999771118164,6.328000068664551,12.312562942504885
2010-08-13,22.65999984741211,108.30999755859376,44.720001220703125,12.850000381469728,0.2347500026226043,24.399999618530277,6.234499931335449,12.170921325683594
2010-08-16,22.71999931335449,108.26000213623048,44.79999923706055,12.975000381469728,0.228750005364418,24.5,6.303500175476074,12.151902198791504
2010-08-17,23.049999237060547,109.58999633789062,45.369998931884766,13.130000114440918,0.2317499965429306,24.709999084472656,6.442999839782715,12.275275230407717
2010-08-18,23.09000015258789,109.79000091552734,45.54999923706055,13.270000457763672,0.2329999953508377,24.81999969482422,6.482500076293945,12.065815925598145
2010-08-19,23.0,107.87999725341795,44.86000061035156,13.005000114440918,0.2469999939203262,24.440000534057617,6.378499984741211,11.71096134185791
2010-08-20,23.020000457763672,107.52999877929688,44.91999816894531,12.989999771118164,0.2492499947547912,24.229999542236328,6.388000011444092,11.56206226348877
2010-08-23,22.84000015258789,107.12000274658205,44.47999954223633,12.869999885559082,0.2454999983310699,24.280000686645508,6.329999923706055,11.613363265991213
2010-08-24,22.40999984741211,105.52999877929688,43.650001525878906,12.664999961853027,0.2430000007152557,24.040000915527344,6.226500034332275,11.296046257019045
2010-08-25,22.420000076293945,105.94000244140624,44.06999969482422,12.729999542236328,0.2479999959468841,24.100000381469727,6.34250020980835,11.376876831054688
2010-08-26,22.25,105.2300033569336,43.540000915527344,12.475000381469728,0.2450000047683715,23.81999969482422,6.243000030517578,11.285785675048828
2010-08-27,22.51000022888184,106.86000061035156,44.06999969482422,12.654999732971191,0.2529999911785126,23.93000030517578,6.331999778747559,11.482232093811035
2010-08-30,22.020000457763672,105.30999755859376,43.61000061035156,12.3149995803833,0.2409999966621399,23.63999938964844,6.189499855041504,11.32857894897461
2010-08-31,21.84000015258789,105.30999755859376,43.459999084472656,12.135000228881836,0.233250007033348,23.46999931335449,6.241499900817871,11.261761665344238
2010-09-01,22.6200008392334,108.45999908447266,44.7599983215332,12.505000114440918,0.2349999994039535,23.899999618530277,6.624499797821045,11.519769668579102
2010-09-02,22.479999542236328,109.47000122070312,45.2599983215332,12.729999542236328,0.2392500042915344,23.940000534057617,6.760499954223633,11.59109115600586
2010-09-03,22.920000076293945,110.88999938964844,46.0099983215332,12.93000030517578,0.2475000023841858,24.290000915527344,6.939499855041504,11.769268989562988
2010-09-07,24.26000022888184,109.63999938964844,45.70000076293945,12.654999732971191,0.2497500032186508,23.959999084472656,6.861000061035156,11.621622085571287
2010-09-08,24.13999938964844,110.41000366210938,46.25,12.630000114440918,0.257999986410141,23.93000030517578,6.956999778747559,11.776275634765623
2010-09-09,24.32999992370605,110.91999816894533,46.43000030517578,12.704999923706056,0.25450000166893,24.01000022888184,7.019000053405762,11.91641616821289
2010-09-10,25.049999237060547,111.4800033569336,46.59999847412109,12.550000190734863,0.2517499923706054,23.850000381469727,7.122000217437744,11.915414810180664
2010-09-13,25.11000061035156,112.72000122070312,47.25,12.94499969482422,0.2660000026226043,25.11000061035156,7.253499984741211,12.068819046020508
2010-09-14,25.3799991607666,112.6500015258789,47.45000076293945,13.140000343322754,0.2635000050067901,25.030000686645508,7.287499904632568,12.022772789001465
2010-09-15,25.739999771118164,113.08000183105467,47.75,13.104999542236328,0.2639999985694885,25.1200008392334,7.272500038146973,12.028027534484863
2010-09-16,25.36000061035156,113.0500030517578,47.93999862670898,13.274999618530272,0.2642500102519989,25.32999992370605,7.406499862670898,12.038538932800291
2010-09-17,27.479999542236328,112.48999786376952,47.9900016784668,13.3149995803833,0.2637499868869781,25.21999931335449,7.415999889373779,12.266016006469728
2010-09-20,27.489999771118164,114.20999908447266,48.83000183105469,13.380000114440918,0.2677499949932098,25.43000030517578,7.565000057220459,12.719719886779783
2010-09-21,26.81999969482422,113.9800033569336,48.81999969482422,13.359999656677246,0.2822499871253967,25.149999618530277,7.536499977111816,12.84934902191162
2010-09-22,27.200000762939453,113.41999816894533,48.68999862670898,13.145000457763672,0.2847500145435333,24.61000061035156,7.591499805450439,12.91291332244873
2010-09-23,27.1200008392334,112.5,48.66999816894531,13.265000343322754,0.2904999852180481,24.43000030517578,7.642499923706055,12.849849700927734
2010-09-24,26.959999084472656,114.81999969482422,49.65999984741211,13.770000457763672,0.3064999878406524,24.780000686645508,8.036499977111816,13.19544506072998
2010-09-27,26.950000762939453,114.2699966430664,49.38999938964844,13.664999961853027,0.3000000119209289,24.729999542236328,7.968500137329102,13.273524284362791
2010-09-28,27.190000534057617,114.66999816894533,49.369998931884766,13.93000030517578,0.2992500066757202,24.68000030517578,7.985000133514404,13.192441940307615
2010-09-29,27.170000076293945,114.47000122070312,49.290000915527344,13.880000114440918,0.296999990940094,24.5,7.94950008392334,13.20545482635498
2010-09-30,26.850000381469727,114.12999725341795,49.06999969482422,13.854999542236328,0.2919999957084656,24.489999771118164,7.853000164031982,13.15790843963623
2010-10-01,27.239999771118164,114.61000061035156,49.0099983215332,13.854999542236328,0.2837499976158142,24.3799991607666,7.685500144958496,13.153654098510742
2010-10-04,26.899999618530277,113.75,48.47999954223633,13.6899995803833,0.2809999883174896,23.90999984741211,7.769499778747559,13.071822166442873
2010-10-05,27.299999237060547,116.04000091552734,49.65999984741211,14.050000190734863,0.2829999923706054,24.350000381469727,8.043499946594238,13.469219207763672
2010-10-06,27.57999992370605,116.02999877929688,49.22999954223633,13.9399995803833,0.2694999873638153,24.43000030517578,7.769999980926514,13.372121810913086
2010-10-07,27.690000534057617,115.88999938964844,49.40999984741211,14.010000228881836,0.2675000131130218,24.530000686645508,7.813499927520752,13.263513565063477
2010-10-08,28.0,116.54000091552734,49.75,14.164999961853027,0.2714999914169311,24.56999969482422,7.777500152587891,13.422171592712402
2010-10-11,27.850000381469727,116.6500015258789,49.77000045776367,14.244999885559082,0.270249992609024,24.59000015258789,7.651500225067139,13.48448371887207
2010-10-12,27.950000762939453,117.01000213623048,50.11000061035156,14.335000038146973,0.2754999995231628,24.82999992370605,7.823999881744385,13.548297882080078
2010-10-13,28.600000381469727,117.91999816894533,50.52000045776367,14.135000228881836,0.2834999859333038,25.34000015258789,7.758500099182129,13.59609603881836
2010-10-14,28.32999992370605,117.45999908447266,50.41999816894531,14.104999542236328,0.2790000140666961,25.229999542236328,7.776500225067139,13.536787033081056
2010-10-15,28.899999618530277,117.6999969482422,51.4900016784668,14.225000381469728,0.2822499871253967,25.540000915527344,8.232000350952148,15.05130100250244
2010-10-18,29.229999542236328,118.27999877929688,51.29999923706055,14.140000343322754,0.2840000092983246,25.81999969482422,8.178000450134277,15.458208084106444
2010-10-19,29.1299991607666,116.7300033569336,50.81999969482422,13.970000267028809,0.2822499871253967,25.100000381469727,7.933499813079834,15.21096134185791
2010-10-20,28.63999938964844,117.87000274658205,51.18999862670898,14.095000267028809,0.2822499871253967,25.309999465942383,7.933499813079834,15.214715003967283
2010-10-21,28.81999969482422,118.12999725341795,51.290000915527344,14.06999969482422,0.2772499918937683,25.420000076293945,8.248499870300293,15.315065383911133
2010-10-22,28.989999771118164,118.3499984741211,51.63999938964844,14.25,0.2949999868869781,25.3799991607666,8.456500053405762,15.32857894897461
2010-10-25,28.84000015258789,118.6999969482422,51.88999938964844,14.364999771118164,0.2977499961853027,25.190000534057617,8.449999809265137,15.42792797088623
2010-10-26,28.6299991607666,118.72000122070312,52.02999877929688,14.34000015258789,0.296750009059906,25.899999618530277,8.4975004196167,15.480480194091797
2010-10-27,28.700000762939453,118.37999725341795,52.18999862670898,14.654999732971191,0.3009999990463257,26.049999237060547,8.375499725341797,15.42717742919922
2010-10-28,29.36000061035156,118.4000015258789,52.29999923706055,14.6899995803833,0.301250010728836,26.280000686645508,8.342000007629395,15.47998046875
2010-10-29,29.3799991607666,118.48999786376952,52.18000030517578,14.755000114440918,0.3005000054836273,26.670000076293945,8.261500358581543,15.357857704162598
2010-11-01,29.1299991607666,118.52999877929688,52.220001220703125,14.78499984741211,0.3009999990463257,26.950000762939453,8.128999710083008,15.390390396118164
2010-11-02,29.530000686645508,119.47000122070312,52.77999877929688,14.845000267028809,0.3072499930858612,27.38999938964844,8.230500221252441,15.405405044555664
2010-11-03,29.200000762939453,119.9499969482422,53.02000045776367,14.994999885559082,0.3095000088214874,27.030000686645508,8.423500061035156,15.52001953125
2010-11-04,29.46999931335449,122.26000213623048,53.66999816894531,15.369999885559082,0.3100000023841858,27.13999938964844,8.446499824523926,15.622371673583984
2010-11-05,29.25,122.72000122070312,53.66999816894531,15.595000267028809,0.3152500092983246,26.850000381469727,8.53849983215332,15.642642974853516
2010-11-08,29.040000915527344,122.48999786376952,53.7400016784668,15.579999923706056,0.3165000081062317,26.809999465942383,8.599499702453613,15.684934616088867
2010-11-09,28.739999771118164,121.61000061035156,53.45000076293945,15.4350004196167,0.3147499859333038,26.950000762939453,8.513500213623047,15.636136054992676
2010-11-10,28.690000534057617,122.0999984741211,53.720001220703125,15.4350004196167,0.3185000121593475,26.940000534057617,8.666500091552734,15.5875883102417
2010-11-11,28.56999969482422,121.63999938964844,53.380001068115234,15.265000343322754,0.3152500092983246,26.68000030517578,8.518500328063965,15.445195198059082
2010-11-12,28.31999969482422,120.1999969482422,52.5099983215332,15.260000228881836,0.3314999938011169,26.270000457763672,8.284000396728516,15.097347259521484
2010-11-15,28.399999618530277,120.02999877929688,52.310001373291016,15.15999984741211,0.3274999856948852,26.200000762939453,7.945000171661377,14.901652336120604
2010-11-16,27.57999992370605,118.16000366210938,51.45000076293945,15.0,0.3177500069141388,25.809999465942383,7.888999938964844,14.6076078414917
2010-11-17,27.90999984741211,118.22000122070312,51.59999847412109,15.050000190734863,0.3230000138282776,25.56999969482422,7.917500019073486,14.603352546691896
2010-11-18,28.309999465942383,119.95999908447266,52.43000030517578,15.274999618530272,0.3330000042915344,25.84000015258789,8.208499908447266,14.928929328918455
2010-11-19,28.149999618530277,120.29000091552734,52.470001220703125,15.420000076293944,0.34375,25.690000534057617,8.241000175476074,14.78553581237793
2010-11-22,28.049999237060547,120.19000244140624,52.90999984741211,15.609999656677246,0.3440000116825104,25.729999542236328,8.519499778747559,14.795294761657717
2010-11-23,27.190000534057617,118.4499969482422,52.06999969482422,15.510000228881836,0.335999995470047,25.1200008392334,8.40999984741211,14.589839935302734
2010-11-24,27.739999771118164,120.1999969482422,53.119998931884766,15.84000015258789,0.3442499935626983,25.3700008392334,8.862500190734863,14.88913917541504
2010-11-26,27.489999771118164,118.8000030517578,52.77000045776367,15.744999885559082,0.3400000035762787,25.25,8.859999656677246,14.764764785766602
2010-11-29,27.21999931335449,119.16000366210938,52.72999954223633,15.720000267028809,0.34375,25.309999465942383,8.974499702453613,14.567317008972168
2010-11-30,27.049999237060547,118.48999786376952,52.09000015258789,15.529999732971191,0.3402499854564667,25.26000022888184,8.770000457763672,13.906657218933104
2010-12-01,27.649999618530277,121.01000213623048,53.18999862670898,15.9350004196167,0.3552500009536743,26.040000915527344,8.827500343322754,14.122873306274414
2010-12-02,28.100000381469727,122.55999755859376,53.72999954223633,16.219999313354492,0.359499990940094,26.88999938964844,8.826499938964844,14.309809684753418
2010-12-03,28.809999465942383,122.88999938964844,53.869998931884766,16.325000762939453,0.3697499930858612,27.020000457763672,8.784000396728516,14.33933925628662
2010-12-06,28.729999542236328,122.76000213623048,53.84999847412109,16.30500030517578,0.3627499938011169,26.84000015258789,8.90250015258789,14.473472595214844
2010-12-07,29.049999237060547,122.83000183105467,53.880001068115234,16.329999923706055,0.3745000064373016,26.8700008392334,8.838500022888184,14.693193435668944
2010-12-08,29.229999542236328,123.27999877929688,54.08000183105469,16.485000610351562,0.3777500092983246,27.229999542236328,8.814499855041504,14.778278350830078
2010-12-09,29.26000022888184,123.76000213623048,54.130001068115234,16.5,0.3714999854564667,27.07999992370605,8.742500305175781,14.802302360534668
2010-12-10,29.940000534057617,124.4800033569336,54.4900016784668,16.43000030517578,0.3737500011920929,27.34000015258789,8.781000137329102,14.820070266723633
2010-12-13,30.420000076293945,124.55999755859376,54.29999923706055,16.290000915527344,0.3642500042915344,27.25,8.712499618530273,14.880379676818848
2010-12-14,30.51000022888184,124.66999816894533,54.400001525878906,16.295000076293945,0.3647499978542328,27.6200008392334,8.696999549865723,14.887638092041016
2010-12-15,30.489999771118164,124.0999984741211,54.15999984741211,16.165000915527344,0.3567500114440918,27.850000381469727,8.778499603271484,14.772272109985352
2010-12-16,30.270000457763672,124.81999969482422,54.58000183105469,16.260000228881836,0.3572500050067901,27.989999771118164,8.902000427246094,14.807558059692385
2010-12-17,31.459999084472656,124.3000030517578,54.52000045776367,16.325000762939453,0.359250009059906,27.899999618530277,8.878999710083008,14.784785270690918
2010-12-20,31.670000076293945,124.5999984741211,54.560001373291016,16.190000534057617,0.3577499985694885,27.809999465942383,9.16450023651123,14.891390800476074
2010-12-21,31.76000022888184,125.38999938964844,54.88999938964844,16.325000762939453,0.371749997138977,28.06999969482422,9.237500190734863,15.091841697692873
2010-12-22,31.65999984741211,125.77999877929688,54.880001068115234,16.2549991607666,0.3757500052452087,28.190000534057617,9.23799991607666,15.1524019241333
2010-12-23,31.540000915527344,125.5999984741211,54.7400016784668,16.25,0.3729999959468841,28.299999237060547,9.12950038909912,15.12087059020996
2010-12-27,31.65999984741211,125.6500015258789,54.77000045776367,16.30500030517578,0.375,28.06999969482422,9.107000350952148,15.074575424194336
2010-12-28,31.56999969482422,125.83000183105467,54.66999816894531,16.219999313354492,0.3734999895095825,28.01000022888184,9.054499626159668,14.987988471984863
2010-12-29,31.5,125.91999816894533,54.790000915527344,16.28499984741211,0.3734999895095825,27.96999931335449,9.168499946594238,15.040040016174316
2010-12-30,31.290000915527344,125.72000122070312,54.65999984741211,16.299999237060547,0.3747499883174896,27.850000381469727,9.137499809265137,14.986486434936523
2010-12-31,31.299999237060547,125.75,54.459999084472656,16.264999389648438,0.3849999904632568,27.90999984741211,9.0,14.864113807678224
2011-01-03,31.6200008392334,127.0500030517578,55.310001373291016,16.344999313354492,0.3955000042915344,27.979999542236328,9.211000442504885,15.123873710632324
2011-01-04,31.479999542236328,126.9800033569336,55.27000045776367,16.354999542236328,0.3942500054836273,28.09000015258789,9.250499725341797,15.06806755065918
2011-01-05,31.040000915527344,127.63999938964844,55.7400016784668,16.325000762939453,0.4244999885559082,28.0,9.371000289916992,15.241991996765137
2011-01-06,31.170000076293945,127.38999938964844,55.91999816894531,16.44499969482422,0.4832499921321869,28.81999969482422,9.29300022125244,15.352852821350098
2011-01-07,31.030000686645508,127.13999938964844,55.869998931884766,16.415000915527344,0.496749997138977,28.600000381469727,9.274499893188477,15.42642593383789
2011-01-10,31.040000915527344,126.9800033569336,56.08000183105469,16.459999084472656,0.515749990940094,28.21999931335449,9.234000205993652,15.370620727539062
2011-01-11,30.989999771118164,127.43000030517578,56.15999984741211,16.584999084472656,0.5077499747276306,28.11000061035156,9.217000007629396,15.41566562652588
2011-01-12,30.940000534057617,128.5800018310547,56.560001373291016,16.760000228881836,0.5837500095367432,28.549999237060547,9.20400047302246,15.43718719482422
2011-01-13,31.18000030517578,128.3699951171875,56.58000183105469,16.764999389648438,0.5847499966621399,28.190000534057617,9.27649974822998,15.432682991027832
2011-01-14,31.25,129.3000030517578,57.0,17.204999923706055,0.5897499918937683,28.299999237060547,9.4375,15.62012004852295
2011-01-18,31.530000686645508,129.52000427246094,57.15999984741211,17.295000076293945,0.5759999752044678,28.65999984741211,9.5625,16.006757736206055
2011-01-19,31.600000381469727,128.25,56.5099983215332,17.06999969482422,0.5602499842643738,28.46999931335449,9.343500137329102,15.80955982208252
2011-01-20,32.310001373291016,128.0800018310547,56.11000061035156,16.934999465942383,0.5607500076293945,28.350000381469727,9.097999572753906,15.684934616088867
2011-01-21,32.5099983215332,128.3699951171875,55.68000030517578,16.8700008392334,0.5554999709129333,28.020000457763672,8.871000289916992,15.311060905456545
2011-01-24,32.400001525878906,129.10000610351562,56.45000076293945,17.225000381469727,0.6182500123977661,28.3799991607666,8.842499732971191,15.292291641235352
2011-01-25,32.290000915527344,129.1699981689453,56.52999877929688,17.125,0.5992500185966492,28.450000762939453,8.835000038146973,15.513262748718262
2011-01-26,32.560001373291016,129.6699981689453,56.83000183105469,17.229999542236328,0.6134999990463257,28.780000686645508,8.769499778747559,15.42792797088623
2011-01-27,32.91999816894531,129.99000549316406,57.18000030517578,17.565000534057617,0.6117500066757202,28.8700008392334,9.22249984741211,15.435185432434082
2011-01-28,32.0,127.72000122070312,55.72999954223633,17.200000762939453,0.593999981880188,27.75,8.557000160217285,15.039790153503418
2011-01-31,32.029998779296875,128.67999267578125,56.0,17.204999923706055,0.5979999899864197,27.729999542236328,8.482000350952148,15.02402400970459
2011-02-01,33.2400016784668,130.74000549316406,57.04999923706055,17.639999389648438,0.6117500066757202,27.989999771118164,8.605500221252441,15.29129123687744
2011-02-02,33.13999938964844,130.49000549316406,56.959999084472656,17.68000030517578,0.6395000219345093,27.940000534057617,8.67650032043457,15.315315246582031
2011-02-03,32.9900016784668,130.77999877929688,57.060001373291016,17.6200008392334,0.6274999976158142,27.649999618530277,8.685500144958496,15.26901912689209
2011-02-04,32.619998931884766,131.14999389648438,57.380001068115234,17.905000686645508,0.6417499780654907,27.770000457763672,8.796500205993652,15.289790153503418
2011-02-07,32.97999954223633,131.97000122070312,57.650001525878906,17.84000015258789,0.6150000095367432,28.200000762939453,8.821499824523926,15.372623443603516
2011-02-08,33.029998779296875,132.57000732421875,58.02999877929688,17.825000762939453,0.596750020980835,28.280000686645508,9.152999877929688,15.474974632263184
2011-02-09,32.88999938964844,132.27000427246094,57.93000030517578,17.790000915527344,0.5822499990463257,27.96999931335449,9.265000343322754,15.42792797088623
2011-02-10,33.2599983215332,132.32000732421875,58.02000045776367,17.8799991607666,0.5705000162124634,27.5,9.310500144958496,15.42642593383789
2011-02-11,33.470001220703125,133.11000061035156,58.43999862670898,18.0,0.5867499709129333,27.25,9.462499618530272,15.628128051757812
2011-02-14,33.290000915527344,133.42999267578125,58.58000183105469,18.09499931335449,0.577750027179718,27.229999542236328,9.520999908447266,15.71946907043457
2011-02-15,32.7599983215332,133.00999450683594,58.5,18.010000228881836,0.5637500286102295,26.959999084472656,9.451499938964844,15.61936855316162
2011-02-16,33.11000061035156,133.85000610351562,58.880001068115234,18.145000457763672,0.5845000147819519,27.020000457763672,9.331000328063965,15.621121406555176
2011-02-17,33.0099983215332,134.25,58.86000061035156,18.295000076293945,0.6420000195503235,27.209999084472656,9.387999534606934,15.647147178649902
2011-02-18,33.68000030517578,134.52999877929688,58.72999954223633,18.280000686645508,0.640749990940094,27.059999465942383,9.324999809265137,15.767767906188965
2011-02-22,32.529998779296875,131.8300018310547,57.02999877929688,17.75,0.5802500247955322,26.59000015258789,9.020999908447266,15.27052116394043
2011-02-23,32.18000030517578,131.02000427246094,56.560001373291016,17.489999771118164,0.5527499914169312,26.59000015258789,8.833999633789062,15.298297882080078
2011-02-24,32.25,130.92999267578125,56.86000061035156,17.6299991607666,0.5662500262260437,26.770000457763672,8.887499809265137,15.235735893249512
2011-02-25,32.95000076293945,132.3300018310547,57.650001525878906,18.010000228881836,0.578000009059906,26.549999237060547,8.862000465393066,15.266265869140623
2011-02-28,32.900001525878906,133.14999389648438,57.77000045776367,17.889999389648438,0.5665000081062317,26.57999992370605,8.66450023651123,15.350350379943848
2011-03-01,31.670000076293945,130.92999267578125,56.84000015258789,17.600000381469727,0.5412499904632568,26.15999984741211,8.472000122070312,15.03403377532959
2011-03-02,32.119998931884766,131.2100067138672,57.13999938964844,17.975000381469727,0.518750011920929,26.07999992370605,8.60099983215332,15.034785270690918
2011-03-03,33.029998779296875,133.47000122070312,58.27000045776367,18.34499931335449,0.5217499732971191,26.200000762939453,8.63949966430664,15.254254341125488
2011-03-04,32.7599983215332,132.47000122070312,57.970001220703125,18.209999084472656,0.5189999938011169,25.950000762939453,8.583499908447266,15.03053092956543
2011-03-07,32.099998474121094,131.42999267578125,57.18999862670898,17.700000762939453,0.5117499828338623,25.71999931335449,8.454000473022461,14.80630588531494
2011-03-08,32.7400016784668,132.5800018310547,57.41999816894531,17.71500015258789,0.488750010728836,25.90999984741211,8.344499588012695,14.822572708129885
2011-03-09,32.790000915527344,132.38999938964844,57.02999877929688,17.190000534057617,0.4785000085830688,25.88999938964844,8.452500343322754,14.809059143066406
2011-03-10,31.799999237060547,129.94000244140625,56.13999938964844,16.8700008392334,0.4480000138282776,25.40999984741211,8.307000160217285,14.522022247314451
2011-03-11,31.90999984741211,130.83999633789062,56.4900016784668,16.975000381469727,0.4512499868869781,25.68000030517578,8.403499603271484,14.43218231201172
2011-03-14,31.59000015258789,130.0500030517578,56.290000915527344,16.94499969482422,0.4550000131130218,25.690000534057617,8.33650016784668,14.26401424407959
2011-03-15,31.170000076293945,128.55999755859375,55.4900016784668,16.674999237060547,0.4415000081062317,25.38999938964844,8.253999710083008,14.253252983093262
2011-03-16,30.200000762939453,126.18000030517578,54.150001525878906,16.274999618530273,0.4382500052452087,24.790000915527344,8.234999656677246,13.94144058227539
2011-03-17,30.549999237060547,127.8499984741211,54.650001525878906,16.489999771118164,0.4465000033378601,24.780000686645508,8.048500061035156,14.04804801940918
2011-03-18,30.76000022888184,127.76000213623048,54.45000076293945,16.524999618530273,0.4404999911785126,24.799999237060547,8.090999603271484,14.04054069519043
2011-03-21,31.420000076293945,129.74000549316406,55.5,16.850000381469727,0.4440000057220459,25.32999992370605,8.22599983215332,14.426926612854004
2011-03-22,31.1299991607666,129.2899932861328,55.400001525878906,16.7549991607666,0.4362500011920929,25.299999237060547,8.130000114440918,14.447446823120115
2011-03-23,31.40999984741211,129.66000366210938,55.709999084472656,16.959999084472656,0.445250004529953,25.540000915527344,8.265999794006348,14.56856918334961
2011-03-24,32.13999938964844,130.89999389648438,56.70000076293945,17.270000457763672,0.4807499945163727,25.809999465942383,8.555000305175781,14.68693733215332
2011-03-25,32.63999938964844,131.3000030517578,56.84000015258789,17.28499984741211,0.4657500088214874,25.6200008392334,8.548999786376953,14.508008003234863
2011-03-28,32.560001373291016,130.97999572753906,56.52999877929688,17.235000610351562,0.4830000102519989,25.40999984741211,8.467499732971191,14.398398399353027
2011-03-29,33.15999984741211,131.86000061035156,57.08000183105469,17.3700008392334,0.4792500138282776,25.489999771118164,8.730999946594238,14.55780792236328
2011-03-30,33.04999923706055,132.77000427246094,57.34999847412109,17.375,0.4612500071525574,25.61000061035156,8.970999717712402,14.560561180114746
2011-03-31,33.43000030517578,132.58999633789062,57.43000030517578,17.295000076293945,0.4614999890327453,25.38999938964844,9.006500244140625,14.68368434906006
2011-04-01,34.02000045776367,133.14999389648438,57.459999084472656,17.040000915527344,0.4550000131130218,25.479999542236328,9.006500244140625,14.809809684753418
2011-04-04,34.13999938964844,133.25999450683594,57.27000045776367,16.90999984741211,0.4387499988079071,25.549999237060547,9.147000312805176,14.706707000732422
2011-04-05,33.91999816894531,133.24000549316406,57.119998931884766,17.309999465942383,0.4395000040531158,25.780000686645508,9.26449966430664,14.241491317749023
2011-04-06,33.58000183105469,133.66000366210938,57.2599983215332,17.530000686645508,0.4365000128746032,26.149999618530277,9.137999534606934,14.368868827819824
2011-04-07,33.720001220703125,133.32000732421875,57.220001220703125,17.5049991607666,0.4524999856948852,26.200000762939453,9.24549961090088,14.514514923095703
2011-04-08,33.540000915527344,132.86000061035156,56.95000076293945,17.440000534057617,0.4387499988079071,26.06999969482422,9.23550033569336,14.468467712402344
2011-04-11,33.779998779296875,132.4600067138672,56.7599983215332,17.315000534057617,0.4329999983310699,25.979999542236328,9.20199966430664,14.44869899749756
2011-04-12,33.400001525878906,131.47000122070312,56.369998931884766,16.975000381469727,0.434249997138977,25.63999938964844,9.02400016784668,14.279529571533203
2011-04-13,33.70000076293945,131.4600067138672,56.84999847412109,17.020000457763672,0.4440000057220459,25.6299991607666,9.114500045776367,14.42142105102539
2011-04-14,33.79999923706055,131.55999755859375,56.75,17.03499984741211,0.4627499878406524,25.420000076293945,9.090999603271484,14.477227210998535
2011-04-15,34.18000030517578,132.0399932861328,56.650001525878906,17.18000030517578,0.4677500128746032,25.3700008392334,9.000499725341797,13.280780792236328
2011-04-18,33.630001068115234,130.55999755859375,56.25,16.950000762939453,0.4522500038146972,25.07999992370605,8.916999816894531,13.184184074401855
2011-04-19,33.66999816894531,131.30999755859375,56.59999847412109,17.024999618530273,0.4505000114440918,25.149999618530277,8.940999984741211,13.05130100250244
2011-04-20,34.11000061035156,133.10000610351562,57.880001068115234,17.825000762939453,0.4642499983310699,25.76000022888184,9.193499565124512,13.15640640258789
2011-04-21,34.75,133.77999877929688,58.34000015258789,17.885000228881836,0.4629999995231628,25.520000457763672,9.294500350952148,13.14064121246338
2011-04-25,34.83000183105469,133.63999938964844,58.4900016784668,17.950000762939453,0.4702500104904175,25.61000061035156,9.270999908447266,13.139389038085938
2011-04-26,34.970001220703125,134.7899932861328,58.81999969482422,18.2549991607666,0.4824999868869781,26.190000534057617,9.114999771118164,13.333833694458008
2011-04-27,35.25,135.6699981689453,59.220001220703125,18.375,0.4824999868869781,26.3799991607666,9.831500053405762,13.457456588745115
2011-04-28,35.290000915527344,136.11000061035156,59.130001068115234,18.295000076293945,0.4877499938011169,26.709999084472656,9.753499984741213,13.462713241577148
2011-04-29,35.959999084472656,136.42999267578125,59.08000183105469,18.34499931335449,0.5,25.920000076293945,9.790499687194824,13.61611557006836
2011-05-02,36.369998931884766,136.22000122070312,58.970001220703125,18.145000457763672,0.4932500123977661,25.65999984741211,10.059499740600586,13.477477073669434
2011-05-03,36.13999938964844,135.72999572753906,58.68999862670898,18.059999465942383,0.4697499871253967,25.809999465942383,9.922499656677246,13.360610961914062
2011-05-04,35.25,134.8300018310547,58.59999847412109,18.1200008392334,0.4662500023841858,26.059999465942383,9.998499870300291,13.408158302307127
2011-05-05,34.66999816894531,133.61000061035156,58.27999877929688,18.190000534057617,0.4665000140666961,25.790000915527344,9.85550022125244,13.37012004852295
2011-05-06,34.869998931884766,134.1999969482422,58.470001220703125,18.270000457763672,0.4830000102519989,25.8700008392334,9.880000114440918,13.395895957946776
2011-05-09,35.20000076293945,134.72000122070312,58.68999862670898,18.170000076293945,0.4937500059604645,25.82999992370605,10.039999961853027,13.45545482635498
2011-05-10,35.619998931884766,135.8699951171875,59.18999862670898,18.2549991607666,0.4945000112056732,25.670000076293945,10.196999549865724,13.580080032348633
2011-05-11,34.97999954223633,134.44000244140625,58.7599983215332,18.190000534057617,0.496749997138977,25.36000061035156,10.218999862670898,13.399649620056152
2011-05-12,35.72999954223633,135.0800018310547,59.11000061035156,18.375,0.512499988079071,25.31999969482422,10.303500175476074,13.389639854431152
2011-05-13,35.189998626708984,134.0399932861328,58.40999984741211,18.239999771118164,0.4564999938011169,25.030000686645508,10.128000259399414,13.252001762390137
2011-05-16,34.18000030517578,133.19000244140625,57.400001525878906,18.065000534057617,0.4424999952316284,24.56999969482422,9.625499725341797,12.973472595214844
2011-05-17,33.939998626708984,133.1699981689453,57.560001373291016,17.829999923706055,0.4407500028610229,24.520000457763672,9.740500450134276,13.274774551391602
2011-05-18,33.90999984741211,134.36000061035156,58.040000915527344,18.21999931335449,0.4510000050067901,24.690000534057617,9.854499816894531,13.258508682250977
2011-05-19,34.5,134.67999267578125,58.209999084472656,18.065000534057617,0.4444999992847442,24.71999931335449,9.9399995803833,13.29454517364502
2011-05-20,34.27000045776367,133.61000061035156,57.77000045776367,17.950000762939453,0.4522500038146972,24.489999771118164,9.932499885559082,13.113863945007324
2011-05-23,33.15999984741211,132.05999755859375,56.91999816894531,17.600000381469727,0.4517500102519989,24.170000076293945,9.810999870300291,12.972723007202148
2011-05-24,33.040000915527344,131.9499969482422,56.56999969482422,17.469999313354492,0.4535000026226043,24.149999618530277,9.66349983215332,12.96946907043457
2011-05-25,32.9900016784668,132.38999938964844,56.790000915527344,17.575000762939453,0.4589999914169311,24.190000534057617,9.61299991607666,13.004755020141602
2011-05-26,33.400001525878906,133.0,57.13999938964844,17.610000610351562,0.4704999923706054,24.670000076293945,9.75,12.966216087341309
2011-05-27,33.70000076293945,133.50999450683594,57.43000030517578,17.665000915527344,0.4875000119209289,24.76000022888184,9.706500053405762,13.03553581237793
2011-05-31,34.220001220703125,134.89999389648438,58.36000061035156,17.94499969482422,0.5009999871253967,25.01000022888184,9.834500312805176,13.238739013671877
2011-06-01,32.880001068115234,131.8699951171875,57.09000015258789,17.385000228881836,0.4785000085830688,24.43000030517578,9.619999885559082,13.153153419494627
2011-06-02,32.720001220703125,131.72999572753906,57.209999084472656,17.440000534057617,0.4762499928474426,24.21999931335449,9.682499885559082,13.214715003967283
2011-06-03,32.33000183105469,130.4199981689453,56.34999847412109,17.079999923706055,0.4614999890327453,23.90999984741211,9.416000366210938,13.090089797973633
2011-06-06,32.189998626708984,129.0399932861328,55.88999938964844,17.020000457763672,0.4517500102519989,24.01000022888184,9.284500122070312,13.03954029083252
2011-06-07,31.84000015258789,128.9600067138672,55.790000915527344,17.135000228881836,0.4514999985694885,24.059999465942383,9.3774995803833,12.988739013671877
2011-06-08,31.25,128.4199981689453,55.38999938964844,16.774999618530273,0.4392499923706054,23.940000534057617,9.40250015258789,12.992241859436035
2011-06-09,31.6299991607666,129.39999389648438,55.4900016784668,16.825000762939453,0.434249997138977,23.959999084472656,9.484000205993652,12.931180953979492
2011-06-10,31.18000030517578,127.5999984741211,54.63999938964844,16.55500030517578,0.4280000030994415,23.709999084472656,9.326499938964844,12.750500679016112
2011-06-13,31.6299991607666,127.6999969482422,54.63999938964844,16.424999237060547,0.4250000119209289,24.040000915527344,9.314499855041504,12.630881309509276
2011-06-14,32.08000183105469,129.32000732421875,55.34000015258789,16.719999313354492,0.4284999966621399,24.21999931335449,9.498000144958496,12.721972465515137
2011-06-15,31.15999984741211,127.0199966430664,54.290000915527344,16.420000076293945,0.4192500114440918,23.739999771118164,9.298999786376951,12.586336135864258
2011-06-16,30.799999237060547,127.3000030517578,54.08000183105469,16.260000228881836,0.4047499895095825,24.0,9.182499885559082,12.521772384643556
2011-06-17,31.18000030517578,127.0500030517578,53.790000915527344,16.15999984741211,0.395249992609024,24.26000022888184,9.318499565124512,12.137638092041016
2011-06-20,31.90999984741211,127.6999969482422,54.06999969482422,16.21500015258789,0.390500009059906,24.46999931335449,9.38599967956543,12.126626968383787
2011-06-21,32.650001525878906,129.4499969482422,55.22999954223633,16.56999969482422,0.3989999890327453,24.76000022888184,9.71150016784668,12.337336540222168
2011-06-22,32.20000076293945,128.6699981689453,54.83000183105469,16.46500015258789,0.3935000002384186,24.649999618530277,9.581500053405762,12.187437057495115
2011-06-23,32.459999084472656,128.3000030517578,55.34000015258789,16.700000762939453,0.4052500128746032,24.6299991607666,9.708000183105469,12.017518043518066
2011-06-24,31.13999938964844,126.80999755859376,54.380001068115234,16.329999923706055,0.3935000002384186,24.299999237060547,9.6274995803833,11.88388442993164
2011-06-27,31.57999992370605,127.94000244140624,55.25,16.5,0.3852500021457672,25.200000762939453,10.0625,12.08208179473877
2011-06-28,32.34000015258789,129.61000061035156,56.06999969482422,16.6299991607666,0.387499988079071,25.799999237060547,10.11750030517578,12.353604316711426
2011-06-29,32.43000030517578,130.72000122070312,56.29999923706055,16.600000381469727,0.3935000002384186,25.6200008392334,10.208999633789062,12.451702117919922
2011-06-30,32.90999984741211,131.97000122070312,57.04999923706055,17.040000915527344,0.398499995470047,26.0,10.224499702453612,12.672171592712402
2011-07-01,33.04999923706055,133.9199981689453,57.90999984741211,17.385000228881836,0.4037500023841858,26.020000457763672,10.474499702453612,13.038788795471191
2011-07-05,33.060001373291016,133.80999755859375,58.20000076293945,17.204999923706055,0.3970000147819519,26.030000686645508,10.659500122070312,13.324323654174805
2011-07-06,33.209999084472656,133.97000122070312,58.38999938964844,17.190000534057617,0.3917500078678131,26.32999992370605,10.709500312805176,13.3973970413208
2011-07-07,34.09000015258789,135.36000061035156,59.18999862670898,17.584999084472656,0.3932499885559082,26.770000457763672,10.836999893188477,13.67867946624756
2011-07-08,33.939998626708984,134.39999389648438,59.02999877929688,17.325000762939453,0.3857499957084656,26.920000076293945,10.913999557495115,13.31306266784668
2011-07-11,33.13999938964844,131.97000122070312,57.959999084472656,17.079999923706055,0.3722499907016754,26.6299991607666,10.6274995803833,13.195195198059082
2011-07-12,32.599998474121094,131.39999389648438,57.52000045776367,16.549999237060547,0.367249995470047,26.540000915527344,10.56149959564209,13.363614082336426
2011-07-13,32.689998626708984,131.83999633789062,57.7599983215332,16.440000534057617,0.3664999902248382,26.6299991607666,10.675000190734863,13.469969749450684
2011-07-14,32.04999923706055,130.92999267578125,57.09000015258789,16.229999542236328,0.3519999980926513,26.46999931335449,10.519000053405762,13.236737251281738
2011-07-15,32.09000015258789,131.69000244140625,57.84999847412109,16.290000915527344,0.3524999916553497,26.780000686645508,10.643500328063965,14.95545482635498
2011-07-18,31.489999771118164,130.61000061035156,57.540000915527344,16.145000457763672,0.3449999988079071,26.59000015258789,10.576499938964844,14.888387680053713
2011-07-19,32.63999938964844,132.72999572753906,58.84999847412109,16.610000610351562,0.3555000126361847,27.540000915527344,10.902999877929688,15.078828811645508
2011-07-20,32.08000183105469,132.64999389648438,58.59999847412109,16.489999771118164,0.3510000109672546,27.059999465942383,10.77750015258789,14.898649215698242
2011-07-21,32.470001220703125,134.49000549316406,58.9900016784668,16.614999771118164,0.3675000071525574,27.100000381469727,10.660499572753906,15.189940452575684
2011-07-22,32.54999923706055,134.5800018310547,59.59999847412109,16.895000457763672,0.375,27.530000686645508,10.826000213623049,15.471220970153809
2011-07-25,32.209999084472656,133.8300018310547,59.47999954223633,16.735000610351562,0.3689999878406524,27.90999984741211,10.674500465393066,15.489990234375
2011-07-26,32.150001525878906,133.3300018310547,59.630001068115234,16.790000915527344,0.3600000143051147,28.07999992370605,10.708999633789062,15.57857894897461
2011-07-27,30.709999084472656,130.60000610351562,58.09000015258789,16.239999771118164,0.3465000092983246,27.32999992370605,11.12600040435791,15.195695877075195
2011-07-28,30.670000076293945,130.22000122070312,58.18999862670898,16.149999618530273,0.3457500040531158,27.71999931335449,11.19499969482422,15.288788795471191
2011-07-29,30.57999992370605,129.3300018310547,58.0,16.030000686645508,0.3457500040531158,27.399999618530277,11.12600040435791,15.107357025146484
2011-08-01,30.11000061035156,128.77999877929688,57.72999954223633,16.03499984741211,0.3642500042915344,27.270000457763672,11.065999984741213,15.184433937072754
2011-08-02,29.549999237060547,125.48999786376952,56.27000045776367,15.59000015258789,0.3605000078678131,26.799999237060547,10.585000038146973,14.824825286865234
2011-08-03,30.190000534057617,126.16999816894533,56.810001373291016,15.739999771118164,0.3702499866485595,26.920000076293945,10.498000144958496,15.044294357299805
2011-08-04,28.8799991607666,120.26000213623048,54.16999816894531,14.885000228881836,0.3350000083446502,25.940000534057617,10.074000358581545,14.452451705932615
2011-08-05,28.350000381469727,120.08000183105467,53.83000183105469,14.699999809265137,0.3237499892711639,25.68000030517578,10.135000228881836,14.490489959716797
2011-08-08,26.020000457763672,112.26000213623048,50.59000015258789,14.140000343322754,0.2982499897480011,24.479999542236328,9.6850004196167,13.66416358947754
2011-08-09,27.600000381469727,117.4800033569336,53.02999877929688,14.59000015258789,0.3232499957084656,25.57999992370605,10.25450038909912,14.349599838256836
2011-08-10,26.479999542236328,112.29000091552734,50.86000061035156,14.239999771118164,0.3084999918937683,24.200000762939453,9.706500053405762,13.738988876342772
2011-08-11,27.700000762939453,117.33000183105467,53.09999847412109,14.774999618530272,0.3352499902248382,25.190000534057617,9.91800022125244,14.067317008972168
2011-08-12,27.38999938964844,118.12000274658205,53.56999969482422,14.739999771118164,0.3219999969005584,25.100000381469727,10.114999771118164,14.108358383178713
2011-08-15,27.63999938964844,120.62000274658205,54.36000061035156,14.970000267028809,0.3342500030994415,25.51000022888184,10.147500038146973,13.944695472717283
2011-08-16,27.56999969482422,119.58999633789062,53.900001525878906,14.725000381469728,0.324750006198883,25.350000381469727,9.883999824523926,13.48848819732666
2011-08-17,27.46999931335449,119.66999816894533,53.58000183105469,14.68000030517578,0.320250004529953,25.25,9.796500205993652,13.34209156036377
2011-08-18,25.190000534057617,114.51000213623048,50.95000076293945,13.954999923706056,0.2985000014305115,24.670000076293945,9.12600040435791,12.634634971618652
2011-08-19,24.780000686645508,112.63999938964844,50.02999877929688,13.675000190734863,0.2932499945163727,24.049999237060547,8.946499824523926,12.285284996032717
2011-08-22,25.059999465942383,112.7300033569336,50.209999084472656,13.829999923706056,0.2985000014305115,23.979999542236328,8.876999855041504,12.466716766357422
2011-08-23,26.200000762939453,116.44000244140624,52.27999877929688,14.364999771118164,0.3307499885559082,24.71999931335449,9.677499771118164,12.98348331451416
2011-08-24,26.68000030517578,118.08000183105467,52.68999862670898,14.3149995803833,0.3260000050067901,24.899999618530277,9.68649959564209,13.095344543457031
2011-08-25,25.899999618530277,116.27999877929688,51.83000183105469,13.949999809265137,0.3120000064373016,24.56999969482422,9.601499557495115,13.01401424407959
2011-08-26,26.649999618530277,117.97000122070312,53.130001068115234,14.234999656677246,0.3252499997615814,25.25,9.963500022888184,13.184684753417969
2011-08-29,27.90999984741211,121.36000061035156,54.61000061035156,14.6850004196167,0.3339999914169311,25.84000015258789,10.326499938964844,13.490489959716797
2011-08-30,27.8700008392334,121.68000030517578,54.970001220703125,14.664999961853027,0.3420000076293945,26.229999542236328,10.54599952697754,13.531030654907228
2011-08-31,28.06999969482422,122.22000122070312,55.060001373291016,14.579999923706056,0.332749992609024,26.600000381469727,10.761500358581545,13.537537574768066
2011-09-01,27.84000015258789,120.94000244140624,54.560001373291016,14.375,0.3319999873638153,26.209999084472656,10.626999855041504,13.325825691223145
2011-09-02,26.96999931335449,117.8499984741211,53.27999877929688,14.03499984741211,0.3230000138282776,25.799999237060547,10.5,13.13413429260254
2011-09-06,26.489999771118164,116.98999786376952,53.290000915527344,13.984999656677246,0.3294999897480011,25.51000022888184,10.809000015258787,13.067567825317385
2011-09-07,27.6299991607666,120.29000091552734,54.63999938964844,14.420000076293944,0.356249988079071,26.0,10.994999885559082,13.364113807678224
2011-09-08,26.71999931335449,119.04000091552734,54.38999938964844,14.345000267028809,0.3544999957084656,26.21999931335449,10.86299991607666,13.3873872756958
2011-09-09,26.0,115.91999816894533,53.18000030517578,14.260000228881836,0.3470000028610229,25.739999771118164,10.569499969482422,13.134384155273438
2011-09-12,26.75,116.66999816894533,53.86000061035156,14.5649995803833,0.3552500009536743,25.88999938964844,10.82800006866455,13.266265869140623
2011-09-13,27.71999931335449,117.73999786376952,54.58000183105469,14.8149995803833,0.3632499873638153,26.040000915527344,10.976499557495115,13.251251220703123
2011-09-14,28.149999618530277,119.37000274658205,55.36000061035156,15.15999984741211,0.3819999992847442,26.5,11.128499984741213,13.315065383911133
2011-09-15,28.950000762939453,121.43000030517578,56.18000030517578,15.380000114440918,0.387499988079071,26.989999771118164,11.33899974822998,13.577577590942385
2011-09-16,29.229999542236328,121.5199966430664,56.59000015258789,15.46500015258789,0.3865000009536743,27.1200008392334,11.96500015258789,13.680681228637695
2011-09-19,29.020000457763672,120.30999755859376,56.61000061035156,15.354999542236328,0.3785000145435333,27.209999084472656,12.084500312805176,13.68043041229248
2011-09-20,28.350000381469727,120.16999816894533,56.36000061035156,15.234999656677246,0.3687500059604645,26.979999542236328,11.662500381469728,13.679429054260254
2011-09-21,29.540000915527344,116.62999725341795,55.380001068115234,14.954999923706056,0.3617500066757202,25.989999771118164,11.593500137329102,13.49349308013916
2011-09-22,28.34000015258789,112.86000061035156,53.58000183105469,14.5600004196167,0.3377499878406524,25.059999465942383,11.161499977111816,13.029529571533203
2011-09-23,28.899999618530277,113.54000091552734,54.150001525878906,14.859999656677246,0.3447499871253967,25.059999465942383,11.180500030517578,13.150900840759276
2011-09-26,29.709999084472656,116.23999786376952,54.77999877929688,14.899999618530272,0.3454999923706054,25.440000534057617,11.49250030517578,13.310561180114746
2011-09-27,30.1299991607666,117.54000091552734,55.34999847412109,15.210000038146973,0.3459999859333038,25.670000076293945,11.21049976348877,13.496996879577637
2011-09-28,29.450000762939453,115.13999938964844,54.52999877929688,14.80500030517578,0.3355000019073486,25.57999992370605,11.48550033569336,13.234233856201172
2011-09-29,29.649999618530277,116.0500030517578,53.880001068115234,14.6899995803833,0.3272500038146972,25.450000762939453,11.121999740600586,13.200700759887695
2011-09-30,28.739999771118164,113.1500015258789,52.4900016784668,14.220000267028809,0.3127500116825104,24.88999938964844,10.81149959564209,12.88888931274414
2011-10-03,27.940000534057617,109.93000030517578,51.13999938964844,13.84000015258789,0.2952499985694885,24.530000686645508,10.598999977111816,12.400400161743164
2011-10-04,28.690000534057617,112.33999633789062,52.18999862670898,13.585000038146973,0.3224999904632568,25.34000015258789,10.625,12.560059547424316
2011-10-05,29.51000022888184,114.41999816894533,53.52999877929688,14.010000228881836,0.3339999914169311,25.88999938964844,10.975000381469728,12.63012981414795
2011-10-06,30.06999969482422,116.48999786376952,54.43000030517578,14.1899995803833,0.3472500145435333,26.34000015258789,11.075499534606934,12.88063144683838
2011-10-07,29.90999984741211,115.70999908447266,54.06999969482422,14.300000190734863,0.3537499904632568,26.25,11.237000465393066,12.890891075134276
2011-10-10,30.96999931335449,119.58000183105467,55.93999862670898,14.704999923706056,0.3695000112056732,26.940000534057617,11.565999984741213,13.442692756652832
2011-10-11,30.93000030517578,119.6999969482422,56.31999969482422,14.710000038146973,0.3655000030994415,27.0,11.77400016784668,13.593092918395996
2011-10-12,31.11000061035156,120.75,56.59999847412109,14.835000038146973,0.3652499914169311,26.959999084472656,11.840499877929688,13.726225852966309
2011-10-13,31.13999938964844,120.51000213623048,57.119998931884766,15.15999984741211,0.3865000009536743,27.18000030517578,11.807499885559082,13.988739013671877
2011-10-14,31.850000381469727,122.56999969482422,58.18000030517578,15.30500030517578,0.3930000066757202,27.270000457763672,12.33549976348877,14.806806564331056
2011-10-17,31.229999542236328,120.2300033569336,57.27999877929688,15.0,0.3734999895095825,26.979999542236328,12.116499900817873,14.574825286865234
2011-10-18,31.8799991607666,122.58000183105467,57.9900016784668,15.25,0.3869999945163727,27.309999465942383,12.194000244140623,14.777527809143066
2011-10-19,31.489999771118164,121.12999725341795,56.869998931884766,15.119999885559082,0.3792499899864197,27.1299991607666,11.576499938964844,14.532032012939451
2011-10-20,31.530000686645508,121.66000366210938,56.59000015258789,14.914999961853027,0.3602499961853027,27.040000915527344,11.680500030517578,14.606355667114258
2011-10-21,32.119998931884766,123.97000122070312,57.29999923706055,15.324999809265137,0.3619999885559082,27.15999984741211,11.73900032043457,14.777027130126951
2011-10-24,32.869998931884766,125.48999786376952,58.4900016784668,15.8100004196167,0.3754999935626983,27.190000534057617,11.880499839782717,14.925424575805664
2011-10-25,32.369998931884766,123.0500030517578,57.34000015258789,15.654999732971191,0.3612500131130218,26.809999465942383,11.357500076293944,14.59359359741211
2011-10-26,32.400001525878906,124.3000030517578,57.27000045776367,15.720000267028809,0.3655000030994415,26.59000015258789,9.920000076293944,14.672422409057615
2011-10-27,33.65999984741211,128.6300048828125,58.84999847412109,16.2549991607666,0.3812499940395355,27.25,10.33899974822998,14.981732368469238
2011-10-28,33.689998626708984,128.60000610351562,58.93999862670898,16.270000457763672,0.3899999856948852,26.979999542236328,10.866000175476074,15.018519401550291
2011-10-31,32.77000045776367,125.5,57.95000076293945,15.869999885559082,0.3700000047683716,26.6299991607666,10.67549991607666,14.830830574035645
2011-11-01,31.690000534057617,122.0,56.43999862670898,15.414999961853027,0.351500004529953,25.989999771118164,10.604999542236328,14.480731010437012
2011-11-02,32.279998779296875,123.98999786376952,56.91999816894531,15.404999732971191,0.3454999923706054,26.01000022888184,10.781000137329102,14.63513469696045
2011-11-03,33.11000061035156,126.25,58.09999847412109,15.829999923706056,0.3662500083446502,26.530000686645508,10.91450023651123,14.952451705932615
2011-11-04,32.54999923706055,125.4800033569336,57.79999923706055,15.960000038146973,0.3704999983310699,26.25,10.824000358581545,14.918417930603027
2011-11-07,32.869998931884766,126.26000213623048,58.209999084472656,15.970000267028809,0.3684999942779541,26.799999237060547,10.850000381469728,15.223472595214844
2011-11-08,33.61000061035156,127.87999725341795,58.880001068115234,16.075000762939453,0.3770000040531158,27.15999984741211,10.899499893188477,15.323823928833008
2011-11-09,31.59000015258789,123.16000366210938,56.810001373291016,15.375,0.3580000102519989,26.200000762939453,10.560999870300291,15.038788795471191
2011-11-10,31.729999542236328,124.31999969482422,56.77999877929688,15.515000343322754,0.3617500066757202,26.280000686645508,10.53950023651123,14.891892433166504
2011-11-11,32.369998931884766,126.66000366210938,57.84999847412109,16.0049991607666,0.3745000064373016,26.90999984741211,10.869500160217283,15.223974227905272
2011-11-14,32.29999923706055,125.45999908447266,57.4900016784668,15.850000381469728,0.367249995470047,26.76000022888184,10.946499824523926,15.340339660644531
2011-11-15,32.959999084472656,126.08000183105467,58.130001068115234,16.06999969482422,0.3720000088214874,26.739999771118164,10.89150047302246,15.429429054260254
2011-11-16,31.989999771118164,124.08000183105467,57.16999816894531,15.96500015258789,0.3644999861717224,26.06999969482422,10.599499702453612,15.302051544189451
2011-11-17,30.81999969482422,122.11000061035156,55.83000183105469,15.404999732971191,0.351500004529953,25.540000915527344,10.22599983215332,15.036787033081056
2011-11-18,30.600000381469727,121.9800033569336,55.400001525878906,15.239999771118164,0.34825000166893,25.299999237060547,9.857000350952148,14.886886596679688
2011-11-21,29.90999984741211,119.66000366210938,54.34000015258789,14.880000114440918,0.3657500147819519,25.0,9.462499618530272,14.53803825378418
2011-11-22,29.809999465942383,119.19000244140624,54.52000045776367,14.654999732971191,0.3770000040531158,24.790000915527344,9.616999626159668,14.514514923095703
2011-11-23,29.0,116.55999755859376,53.290000915527344,14.234999656677246,0.3610000014305115,24.46999931335449,9.44950008392334,14.267017364501951
2011-11-25,28.739999771118164,116.33999633789062,52.880001068115234,14.125,0.3510000109672546,24.299999237060547,9.119999885559082,14.089089393615724
2011-11-28,29.8700008392334,119.70999908447266,54.720001220703125,14.55500030517578,0.3707500100135803,24.8700008392334,9.707500457763672,14.71946907043457
2011-11-29,29.739999771118164,120.0500030517578,54.380001068115234,14.524999618530272,0.3727500140666961,24.84000015258789,9.419500350952148,14.587838172912598
2011-11-30,31.350000381469727,124.98999786376952,56.38999938964844,15.335000038146973,0.390749990940094,25.57999992370605,9.614500045776367,14.999750137329102
2011-12-01,31.670000076293945,124.97000122070312,56.77999877929688,15.399999618530272,0.3955000042915344,25.280000686645508,9.856499671936035,15.359609603881836
2011-12-02,31.200000762939453,124.86000061035156,56.619998931884766,15.300000190734863,0.3930000066757202,25.21999931335449,9.80150032043457,15.524524688720703
2011-12-05,31.899999618530277,126.22000122070312,57.2400016784668,15.524999618530272,0.3869999945163727,25.700000762939453,9.812000274658203,15.656907081604004
2011-12-06,31.729999542236328,126.26000213623048,57.08000183105469,15.550000190734863,0.3815000057220459,25.65999984741211,9.599499702453612,15.60986042022705
2011-12-07,31.540000915527344,126.7300033569336,57.08000183105469,15.675000190734863,0.3792499899864197,25.600000381469727,9.765999794006348,15.600350379943848
2011-12-08,30.739999771118164,123.9499969482422,56.119998931884766,15.25,0.367249995470047,25.399999618530277,9.52400016784668,15.416666984558104
2011-12-09,31.690000534057617,126.0500030517578,57.02000045776367,15.4350004196167,0.3725000023841858,25.700000762939453,9.65149974822998,15.701201438903809
2011-12-12,31.31999969482422,124.20999908447266,56.380001068115234,14.949999809265137,0.3632499873638153,25.51000022888184,9.47599983215332,15.650400161743164
2011-12-13,30.82999992370605,123.0500030517578,55.7599983215332,14.6850004196167,0.3532499969005584,25.76000022888184,9.025500297546388,15.65640640258789
2011-12-14,29.8700008392334,121.73999786376952,54.88999938964844,14.43000030517578,0.3395000100135803,25.59000015258789,9.010499954223633,15.467217445373535
2011-12-15,29.030000686645508,122.18000030517578,54.7400016784668,14.5600004196167,0.3364999890327453,25.559999465942383,9.062999725341797,15.504003524780272
2011-12-16,29.209999084472656,121.58999633789062,54.86000061035156,14.5600004196167,0.3377499878406524,26.0,9.062999725341797,15.664665222167969
2011-12-19,28.61000061035156,120.29000091552734,54.31999969482422,14.44499969482422,0.3289999961853027,25.530000686645508,8.966500282287598,15.56131076812744
2011-12-20,29.170000076293945,123.93000030517578,55.93000030517578,15.015000343322754,0.3474999964237213,26.030000686645508,9.12600040435791,15.775025367736816
2011-12-21,25.770000457763672,124.16999816894533,55.130001068115234,14.84000015258789,0.3429999947547912,25.76000022888184,8.717499732971191,15.661161422729492
2011-12-22,25.690000534057617,125.2699966430664,55.59999847412109,15.21500015258789,0.3577499985694885,25.809999465942383,8.951499938964844,15.758257865905762
2011-12-23,26.059999465942383,126.38999938964844,56.08000183105469,15.324999809265137,0.3542500138282776,26.030000686645508,8.86400032043457,15.84434413909912
2011-12-27,25.6299991607666,126.48999786376952,56.2400016784668,15.324999809265137,0.351500004529953,26.040000915527344,8.81350040435791,16.02227210998535
2011-12-28,25.51000022888184,124.83000183105467,55.59000015258789,15.140000343322754,0.3427500128746032,25.81999969482422,8.694499969482422,16.008508682250977
2011-12-29,25.799999237060547,126.12000274658205,55.9900016784668,15.274999618530272,0.3492499887943268,26.020000457763672,8.692999839782715,16.07607650756836
2011-12-30,25.649999618530277,125.5,55.83000183105469,15.21500015258789,0.3465000092983246,25.959999084472656,8.654999732971191,16.163663864135742
2012-01-03,25.86000061035156,127.5,56.900001525878906,15.425000190734863,0.3510000109672546,26.770000457763672,8.951499938964844,16.651901245117188
2012-01-04,26.01000022888184,127.6999969482422,57.13999938964844,15.4350004196167,0.3549999892711639,27.399999618530277,8.875499725341797,16.723724365234375
2012-01-05,26.59000015258789,128.0399932861328,57.61000061035156,15.625,0.3677499890327453,27.68000030517578,8.880499839782715,16.491741180419922
2012-01-06,26.93000030517578,127.70999908447266,57.810001373291016,15.604999542236328,0.3634999990463257,28.11000061035156,9.130499839782717,16.266767501831055
2012-01-09,27.030000686645508,128.02000427246094,57.619998931884766,15.859999656677246,0.3634999990463257,27.739999771118164,8.928000450134277,15.57707691192627
2012-01-10,26.96999931335449,129.1300048828125,58.040000915527344,15.975000381469728,0.3619999885559082,27.84000015258789,8.967000007629395,15.594094276428224
2012-01-11,26.88999938964844,129.1999969482422,58.15999984741211,15.954999923706056,0.3547500073909759,27.71999931335449,8.944999694824219,15.664665222167969
2012-01-12,27.170000076293945,129.50999450683594,58.38999938964844,16.094999313354492,0.3524999916553497,28.0,8.796500205993652,15.756756782531738
2012-01-13,27.34000015258789,128.83999633789062,58.18000030517578,15.795000076293944,0.3432500064373016,28.25,8.920999526977539,15.640390396118164
2012-01-17,27.65999984741211,129.33999633789062,58.709999084472656,15.8149995803833,0.3379999995231628,28.26000022888184,9.083000183105469,15.730230331420898
2012-01-18,28.34000015258789,130.77000427246094,59.4900016784668,16.44499969482422,0.3495000004768371,28.229999542236328,9.472000122070312,15.83858871459961
2012-01-19,28.559999465942383,131.4600067138672,59.86000061035156,16.71500015258789,0.3587499856948852,28.1200008392334,9.72249984741211,16.0052547454834
2012-01-20,28.709999084472656,131.9499969482422,59.77000045776367,16.834999084472656,0.3555000126361847,29.709999084472656,9.546500205993652,14.664414405822754
2012-01-23,28.38999938964844,131.61000061035156,59.790000915527344,16.834999084472656,0.3652499914169311,29.729999542236328,9.304499626159668,14.652652740478516
2012-01-24,28.51000022888184,131.4600067138672,59.68000030517578,16.899999618530273,0.3734999895095825,29.34000015258789,9.350000381469728,14.53778839111328
2012-01-25,28.51000022888184,132.55999755859375,60.43000030517578,16.950000762939453,0.3712500035762787,29.559999465942383,9.390000343322754,14.25150203704834
2012-01-26,28.290000915527344,131.8800048828125,60.220001220703125,16.864999771118164,0.3677499890327453,29.5,9.666000366210938,14.216716766357422
2012-01-27,28.420000076293945,131.82000732421875,60.400001525878906,16.8799991607666,0.3727500140666961,29.229999542236328,9.768500328063965,14.51401424407959
2012-01-30,28.600000381469727,131.3699951171875,60.45000076293945,16.764999389648438,0.3700000047683716,29.61000061035156,9.607500076293944,14.456707000732422
2012-01-31,28.209999084472656,131.32000732421875,60.52999877929688,16.760000228881836,0.3692499995231628,29.530000686645508,9.722000122070312,14.517267227172852
2012-02-01,28.8799991607666,132.47000122070312,61.02000045776367,17.03499984741211,0.3732500076293945,29.88999938964844,8.972999572753906,14.535284996032717
2012-02-02,28.809999465942383,132.67999267578125,61.209999084472656,17.040000915527344,0.387250006198883,29.950000762939453,9.086000442504885,14.6423921585083
2012-02-03,29.11000061035156,134.5399932861328,62.04999923706055,17.309999465942383,0.3955000042915344,30.239999771118164,9.383999824523926,14.923172950744627
2012-02-06,29.0,134.4499969482422,62.0,17.1299991607666,0.3925000131130218,30.200000762939453,9.156999588012695,15.242491722106934
2012-02-07,28.950000762939453,134.7899932861328,62.130001068115234,17.18000030517578,0.3935000002384186,30.350000381469727,9.209500312805176,15.184433937072754
2012-02-08,28.729999542236328,135.19000244140625,62.459999084472656,17.334999084472656,0.4077500104904175,30.65999984741211,9.27400016784668,15.26151180267334
2012-02-09,28.88999938964844,135.36000061035156,62.90999984741211,17.395000457763672,0.4074999988079071,30.770000457763672,9.24899959564209,15.301801681518556
2012-02-10,28.5,134.36000061035156,62.470001220703125,17.084999084472656,0.3975000083446502,30.5,9.277000427246094,15.16291332244873
2012-02-13,28.43000030517578,135.36000061035156,63.04999923706055,17.145000457763672,0.4037500023841858,30.57999992370605,9.579500198364258,15.320320129394531
2012-02-14,28.239999771118164,135.19000244140625,63.209999084472656,17.200000762939453,0.4059999883174896,30.25,9.5649995803833,15.259259223937988
2012-02-15,27.979999542236328,134.55999755859375,62.77000045776367,17.2450008392334,0.4042499959468841,30.049999237060547,9.22350025177002,15.15415382385254
2012-02-16,28.950000762939453,136.0500030517578,63.630001068115234,17.594999313354492,0.4112499952316284,31.290000915527344,8.996500015258789,15.178177833557127
2012-02-17,28.790000915527344,136.41000366210938,63.43000030517578,17.565000534057617,0.3962500095367431,31.25,9.125,15.131131172180176
2012-02-21,28.739999771118164,136.47000122070312,63.61000061035156,17.360000610351562,0.398250013589859,31.440000534057617,9.11299991607666,15.365365028381348
2012-02-22,28.549999237060547,136.02999877929688,63.31999969482422,17.260000228881836,0.3955000042915344,31.270000457763672,9.029000282287598,15.21371364593506
2012-02-23,28.809999465942383,136.6300048828125,63.7400016784668,17.219999313354492,0.3977499902248382,31.3700008392334,8.944499969482422,15.16791820526123
2012-02-24,29.25,136.92999267578125,63.959999084472656,17.200000762939453,0.3947499990463257,31.479999542236328,8.956500053405762,15.262763023376465
2012-02-27,29.26000022888184,137.16000366210938,64.05000305175781,17.270000457763672,0.3867500126361847,31.350000381469727,8.92650032043457,15.247998237609863
2012-02-28,29.38999938964844,137.55999755859375,64.69999694824219,17.520000457763672,0.3832499980926513,31.8700008392334,9.1899995803833,15.475225448608398
2012-02-29,29.25,137.02000427246094,64.41000366210938,17.25,0.3787499964237213,31.739999771118164,8.98449993133545,15.471721649169922
2012-03-01,29.82999992370605,137.72999572753906,64.91999816894531,17.25,0.3812499940395355,32.290000915527344,9.001999855041504,15.575575828552246
2012-03-02,29.959999084472656,137.30999755859375,64.87000274658203,17.114999771118164,0.3844999969005584,32.08000183105469,8.96500015258789,15.546796798706056
2012-03-05,30.239999771118164,136.75,64.19999694824219,16.75,0.3714999854564667,31.799999237060547,9.012999534606934,15.371622085571287
2012-03-06,29.940000534057617,134.75,63.56999969482422,16.690000534057617,0.3680000007152557,31.559999465942383,9.054499626159668,15.13913917541504
2012-03-07,30.21999931335449,135.69000244140625,64.05999755859375,16.920000076293945,0.3702499866485595,31.84000015258789,9.18850040435791,15.185185432434082
2012-03-08,30.06999969482422,137.0399932861328,64.75,17.075000762939453,0.3714999854564667,32.0099983215332,9.381999969482422,15.19369411468506
2012-03-09,30.1299991607666,137.57000732421875,65.0199966430664,17.209999084472656,0.3704999983310699,31.989999771118164,9.215999603271484,15.021270751953123
2012-03-12,29.709999084472656,137.5800018310547,65.05000305175781,17.05500030517578,0.3647499978542328,32.040000915527344,9.169500350952148,15.14389419555664
2012-03-13,30.1299991607666,140.05999755859375,66.26000213623047,17.450000762939453,0.3697499930858612,32.66999816894531,9.229499816894531,15.459959983825684
2012-03-14,29.84000015258789,139.91000366210938,66.48999786376953,17.354999542236328,0.359250009059906,32.77000045776367,9.11299991607666,15.415164947509766
2012-03-15,30.059999465942383,140.72000122070312,66.68000030517578,17.645000457763672,0.3644999861717224,32.849998474121094,9.221500396728516,15.543793678283691
2012-03-16,29.739999771118164,140.3000030517578,66.5199966430664,17.639999389648438,0.3650000095367431,32.599998474121094,9.2524995803833,15.641641616821287
2012-03-19,29.76000022888184,140.85000610351562,66.98999786376953,17.81999969482422,0.3659999966621399,32.20000076293945,9.276000022888184,15.865365028381348
2012-03-20,30.100000381469727,140.44000244140625,67.11000061035156,17.709999084472656,0.3600000143051147,31.989999771118164,9.616499900817873,15.853102684020996
2012-03-21,29.40999984741211,140.2100067138672,67.12000274658203,17.795000076293945,0.3614999949932098,31.90999984741211,9.58650016784668,16.01551628112793
2012-03-22,28.6299991607666,139.1999969482422,66.9800033569336,17.69499969482422,0.3610000014305115,32.0,9.619999885559082,16.167417526245117
2012-03-23,28.549999237060547,139.64999389648438,66.94000244140625,17.71500015258789,0.363750010728836,32.0099983215332,9.751999855041504,16.08083152770996
2012-03-26,29.15999984741211,141.61000061035156,68.11000061035156,17.989999771118164,0.3680000007152557,32.59000015258789,10.143500328063965,16.24949836730957
2012-03-27,29.350000381469727,141.1699981689453,68.20999908447266,17.979999542236328,0.3704999983310699,32.52000045776367,10.272000312805176,16.191692352294922
2012-03-28,29.36000061035156,140.47000122070312,67.94000244140625,17.764999389648438,0.3790000081062317,32.189998626708984,10.05799961090088,16.410409927368164
2012-03-29,29.299999237060547,140.22999572753906,67.68000030517578,17.799999237060547,0.3807500004768371,32.119998931884766,10.23050022125244,16.226476669311523
2012-03-30,29.15999984741211,140.80999755859375,67.55000305175781,17.899999618530273,0.3849999904632568,32.2599983215332,10.125499725341797,16.047046661376953
2012-04-02,29.530000686645508,141.83999633789062,68.25,17.954999923706055,0.3832499980926513,32.290000915527344,9.90250015258789,16.189189910888672
2012-04-03,29.38999938964844,141.25999450683594,68.2300033569336,17.704999923706055,0.3770000040531158,31.940000534057617,9.982999801635742,16.081581115722656
2012-04-04,29.15999984741211,139.86000061035156,67.30000305175781,17.389999389648438,0.3662500083446502,31.209999084472656,9.69950008392334,15.894644737243652
2012-04-05,29.559999465942383,139.7899932861328,67.72000122070312,17.475000381469727,0.3657500147819519,31.520000457763672,9.719499588012695,15.823823928833008
2012-04-09,29.01000022888184,138.22000122070312,67.20999908447266,17.21500015258789,0.3610000014305115,31.100000381469727,9.593500137329102,15.786787033081056
2012-04-10,28.350000381469727,135.89999389648438,66.12999725341797,16.940000534057617,0.3540000021457672,30.46999931335449,9.348999977111816,15.68718719482422
2012-04-11,28.13999938964844,137.0,66.44999694824219,17.200000762939453,0.3585000038146972,30.350000381469727,9.398500442504885,15.914915084838867
2012-04-12,28.700000762939453,138.7899932861328,67.20999908447266,17.510000228881836,0.367000013589859,30.979999542236328,9.534500122070312,16.291542053222656
2012-04-13,28.559999465942383,137.13999938964844,66.19000244140625,17.270000457763672,0.3540000021457672,30.809999465942383,9.42300033569336,15.63063144683838
2012-04-16,28.63999938964844,137.0500030517578,65.44999694824219,17.334999084472656,0.3497500121593475,31.07999992370605,9.274999618530272,15.166916847229004
2012-04-17,29.280000686645508,139.0800018310547,66.77999877929688,17.545000076293945,0.3504999876022339,31.440000534057617,9.419500350952148,15.254505157470703
2012-04-18,29.1299991607666,138.61000061035156,66.61000061035156,17.43000030517578,0.3467499911785126,31.13999938964844,9.553500175476074,15.201451301574709
2012-04-19,29.01000022888184,137.72000122070312,65.86000061035156,17.31999969482422,0.3415000140666961,31.01000022888184,9.55500030517578,14.997496604919434
2012-04-20,28.8799991607666,137.9499969482422,65.68000030517578,17.020000457763672,0.3347499966621399,32.41999816894531,9.49899959564209,14.91641616821289
2012-04-23,28.479999542236328,136.7899932861328,65.08000183105469,16.780000686645508,0.3307499885559082,32.119998931884766,9.411999702453612,14.954955101013184
2012-04-24,28.690000534057617,137.30999755859375,64.7300033569336,16.584999084472656,0.320499986410141,31.920000076293945,9.51650047302246,15.046796798706056
2012-04-25,28.8700008392334,139.19000244140625,66.44999694824219,16.934999465942383,0.3269999921321869,32.20000076293945,9.720999717712402,15.258257865905762
2012-04-26,29.020000457763672,140.16000366210938,66.83999633789062,17.31999969482422,0.3272500038146972,32.11000061035156,9.799500465393066,15.402152061462402
2012-04-27,29.239999771118164,140.38999938964844,67.23999786376953,17.40999984741211,0.3244999945163727,31.979999542236328,11.342499732971191,15.38988971710205
2012-04-30,29.399999618530277,139.8699951171875,66.76000213623047,17.295000076293945,0.324999988079071,32.02000045776367,11.595000267028809,15.136385917663574
2012-05-01,29.56999969482422,140.74000549316406,66.87000274658203,17.3700008392334,0.3307499885559082,32.0099983215332,11.501999855041504,15.125876426696776
2012-05-02,29.709999084472656,140.32000732421875,67.05999755859375,17.46500015258789,0.3212499916553497,31.799999237060547,11.512499809265137,15.196697235107422
2012-05-03,29.3799991607666,139.25,66.3499984741211,17.06999969482422,0.3157500028610229,31.76000022888184,11.47249984741211,15.290790557861328
2012-05-04,28.40999984741211,137.0,64.69999694824219,16.68000030517578,0.3064999878406524,30.979999542236328,11.19950008392334,14.939188957214355
2012-05-07,27.920000076293945,137.10000610351562,64.76000213623047,16.649999618530273,0.3117499947547912,30.649999618530277,11.258000373840332,15.203953742980955
2012-05-08,27.93000030517578,136.5500030517578,64.5199966430664,16.469999313354492,0.3115000128746032,30.5,11.19499969482422,15.335084915161133
2012-05-09,27.780000686645508,135.74000549316406,64.31999969482422,16.405000686645508,0.3127500116825104,30.76000022888184,11.14900016784668,15.243993759155272
2012-05-10,27.020000457763672,136.02000427246094,64.19000244140625,16.434999465942383,0.3104999959468841,30.739999771118164,11.334500312805176,15.356857299804688
2012-05-11,27.0,135.61000061035156,64.18000030517578,16.524999618530273,0.3302499949932098,31.15999984741211,11.383999824523926,15.145895957946776
2012-05-14,26.959999084472656,134.11000061035156,63.58000183105469,16.290000915527344,0.328249990940094,30.68000030517578,11.146499633789062,15.11511516571045
2012-05-15,27.059999465942383,133.33999633789062,63.369998931884766,16.155000686645508,0.324999988079071,30.209999084472656,11.219499588012695,15.29304313659668
2012-05-16,26.71999931335449,132.8300018310547,62.93999862670898,16.010000228881836,0.3185000121593475,29.899999618530277,11.20300006866455,15.738988876342772
2012-05-17,26.25,130.86000061035156,61.61000061035156,15.710000038146973,0.3162499964237213,29.71999931335449,10.91800022125244,15.591841697692873
2012-05-18,25.61000061035156,129.74000549316406,60.810001373291016,15.4350004196167,0.3019999861717224,29.270000457763672,10.692500114440918,15.025025367736816
2012-05-21,26.26000022888184,131.97000122070312,62.5099983215332,15.760000228881836,0.3072499930858612,29.75,10.905500411987305,15.368118286132812
2012-05-22,26.36000061035156,132.1999969482422,62.43999862670898,15.675000190734863,0.3034999966621399,29.76000022888184,10.76650047302246,15.035035133361816
2012-05-23,26.68000030517578,132.27000427246094,62.560001373291016,15.609999656677246,0.3109999895095825,29.11000061035156,10.86400032043457,15.251751899719238
2012-05-24,26.1200008392334,132.52999877929688,62.150001525878906,15.510000228881836,0.3027499914169311,29.06999969482422,10.76200008392334,15.106607437133787
2012-05-25,26.13999938964844,132.10000610351562,62.06999969482422,15.614999771118164,0.3100000023841858,29.059999465942383,10.64449977874756,14.80305290222168
2012-05-29,26.459999084472656,133.6999969482422,62.86000061035156,15.895000457763672,0.3179999887943268,29.559999465942383,10.737500190734863,14.873373031616213
2012-05-30,26.170000076293945,131.75999450683594,62.33000183105469,15.65999984741211,0.3142499923706054,29.34000015258789,10.46150016784668,14.720470428466797
2012-05-31,26.46999931335449,131.47000122070312,62.060001373291016,15.53499984741211,0.3107500076293945,29.190000534057617,10.645500183105469,14.536035537719728
2012-06-01,26.0,128.16000366210938,60.40999984741211,14.954999923706056,0.2994999885559082,28.450000762939453,10.41100025177002,14.288788795471191
2012-06-04,26.200000762939453,128.10000610351562,60.869998931884766,14.94499969482422,0.2932499945163727,28.549999237060547,10.728500366210938,14.479228973388672
2012-06-05,26.709999084472656,129.07000732421875,61.119998931884766,15.234999656677246,0.3017500042915344,28.51000022888184,10.660499572753906,14.274524688720703
2012-06-06,27.530000686645508,131.97000122070312,62.52000045776367,15.69499969482422,0.3097499907016754,29.350000381469727,10.881999969482422,14.528779029846191
2012-06-07,27.18000030517578,132.0500030517578,62.27000045776367,15.5649995803833,0.2972500026226043,29.229999542236328,10.9399995803833,14.470219612121582
2012-06-08,27.15999984741211,133.10000610351562,62.869998931884766,15.729999542236328,0.3030000030994415,29.649999618530277,10.923999786376951,14.525775909423828
2012-06-11,26.809999465942383,131.41000366210938,61.810001373291016,15.470000267028809,0.3064999878406524,28.899999618530277,10.824999809265137,14.226726531982422
2012-06-12,27.030000686645508,132.9199981689453,62.560001373291016,15.824999809265137,0.3127500116825104,29.290000915527344,10.821000099182127,14.141641616821287
2012-06-13,27.020000457763672,132.07000732421875,62.130001068115234,15.704999923706056,0.304500013589859,29.1299991607666,10.736499786376951,14.04129123687744
2012-06-14,26.90999984741211,133.47000122070312,62.36000061035156,15.654999732971191,0.3007499873638153,29.34000015258789,10.72249984741211,13.990240097045898
2012-06-15,27.700000762939453,134.13999938964844,62.9900016784668,15.904999732971191,0.3072499930858612,30.020000457763672,10.917499542236328,14.126876831054688
2012-06-18,27.1200008392334,134.39999389648438,63.58000183105469,16.059999465942383,0.3100000023841858,29.84000015258789,11.133000373840332,14.28553581237793
2012-06-19,27.959999084472656,135.6999969482422,64.23999786376953,16.219999313354492,0.3310000002384186,30.700000762939453,11.201499938964844,14.55280303955078
2012-06-20,28.489999771118164,135.47999572753906,64.29000091552734,16.34000015258789,0.3362500071525574,30.93000030517578,11.151000022888184,14.45220184326172
2012-06-21,27.809999465942383,132.44000244140625,62.68999862670898,15.789999961853027,0.3210000097751617,30.13999938964844,11.028499603271484,14.144393920898438
2012-06-22,28.0,133.4600067138672,63.34999847412109,15.954999923706056,0.324999988079071,30.700000762939453,11.107999801635742,14.30130100250244
2012-06-25,27.6200008392334,131.32000732421875,62.130001068115234,15.40999984741211,0.3147499859333038,29.8700008392334,11.003499984741213,14.031532287597656
2012-06-26,27.82999992370605,131.97999572753906,62.52000045776367,15.40999984741211,0.3182500004768371,30.020000457763672,11.280500411987305,14.131131172180176
2012-06-27,28.170000076293945,133.1699981689453,62.900001525878906,15.609999656677246,0.3285000026226043,30.170000076293945,11.281000137329102,14.246747016906738
2012-06-28,28.170000076293945,132.7899932861328,62.20000076293945,15.505000114440918,0.3310000002384186,29.90999984741211,11.065500259399414,14.121871948242188
2012-06-29,29.700000762939453,136.10000610351562,64.16000366210938,16.114999771118164,0.3454999923706054,30.59000015258789,11.417499542236328,14.516265869140623
2012-07-02,29.799999237060547,136.50999450683594,64.3499984741211,16.094999313354492,0.3362500071525574,30.559999465942383,11.465999603271484,14.526275634765623
2012-07-03,29.96999931335449,137.41000366210938,64.88999938964844,16.274999618530273,0.3449999988079071,30.76000022888184,11.476499557495115,14.71045970916748
2012-07-05,29.71999931335449,136.7899932861328,64.93000030517578,16.114999771118164,0.3415000140666961,30.700000762939453,11.352999687194824,14.91291332244873
2012-07-06,29.18000030517578,135.49000549316406,64.12000274658203,15.739999771118164,0.3350000083446502,30.190000534057617,11.2524995803833,14.66416358947754
2012-07-09,29.100000381469727,135.32000732421875,64.0,15.56999969482422,0.3305000066757202,30.0,11.2524995803833,14.664915084838867
2012-07-10,29.049999237060547,134.13999938964844,63.369998931884766,15.359999656677246,0.320499986410141,29.739999771118164,10.975000381469728,14.55705738067627
2012-07-11,29.229999542236328,134.16000366210938,63.02000045776367,15.25,0.3152500092983246,29.299999237060547,10.918499946594238,14.29404354095459
2012-07-12,28.81999969482422,133.50999450683594,62.43000030517578,15.024999618530272,0.3100000023841858,28.6299991607666,10.767999649047852,14.276275634765623
2012-07-13,29.57999992370605,135.75,63.380001068115234,15.210000038146973,0.3140000104904175,29.38999938964844,10.919500350952148,14.427427291870115
2012-07-16,29.520000457763672,135.42999267578125,63.20000076293945,15.05500030517578,0.3149999976158142,29.440000534057617,10.80049991607666,14.3873872756958
2012-07-17,29.920000076293945,136.36000061035156,63.52999877929688,15.029999732971191,0.309249997138977,29.65999984741211,10.846500396728516,14.432682991027832
2012-07-18,30.5,137.3699951171875,64.38999938964844,15.5600004196167,0.3264999985694885,30.450000762939453,10.873499870300291,14.533534049987791
2012-07-19,30.8700008392334,137.72999572753906,65.0999984741211,15.6899995803833,0.3297500014305115,30.670000076293945,11.308500289916992,14.841341018676758
2012-07-20,30.1200008392334,136.47000122070312,64.23999786376953,15.43000030517578,0.320250004529953,30.1200008392334,11.41450023651123,15.285785675048828
2012-07-23,29.649999618530277,135.08999633789062,63.459999084472656,15.270000457763672,0.3244999945163727,29.280000686645508,11.30049991607666,15.403153419494627
2012-07-24,29.31999969482422,133.92999267578125,62.959999084472656,15.15999984741211,0.3210000097751617,29.149999618530277,11.152000427246094,15.20445442199707
2012-07-25,29.26000022888184,133.9600067138672,62.540000915527344,15.479999542236328,0.3272500038146972,28.82999992370605,10.852499961853027,15.214964866638184
2012-07-26,30.0,136.1699981689453,63.369998931884766,15.795000076293944,0.3287500143051147,29.15999984741211,11.000499725341797,15.34934902191162
2012-07-27,30.770000457763672,138.67999267578125,64.87000274658203,16.174999237060547,0.3370000123977661,29.76000022888184,11.866000175476074,15.88988971710205
2012-07-30,30.57999992370605,138.67999267578125,64.81999969482422,16.05500030517578,0.3332499861717224,29.63999938964844,11.804499626159668,15.823323249816896
2012-07-31,30.200000762939453,137.7100067138672,64.80000305175781,16.1200008392334,0.3384999930858612,29.46999931335449,11.664999961853027,15.840089797973633
2012-08-01,30.31999969482422,137.58999633789062,64.61000061035156,16.1200008392334,0.3347499966621399,29.40999984741211,11.604499816894531,15.832833290100098
2012-08-02,29.920000076293945,136.63999938964844,64.37999725341797,16.0,0.335999995470047,29.190000534057617,11.540499687194824,15.73448371887207
2012-08-03,30.71999931335449,139.35000610351562,65.5999984741211,16.420000076293945,0.3429999947547912,29.75,11.748499870300291,16.049299240112305
2012-08-06,31.0,139.6199951171875,66.0999984741211,16.415000915527344,0.3502500057220459,29.950000762939453,11.69950008392334,16.08658790588379
2012-08-07,31.5,140.32000732421875,66.6500015258789,16.635000228881836,0.3537499904632568,30.26000022888184,11.82800006866455,16.029529571533203
2012-08-08,31.15999984741211,140.49000549316406,66.62000274658203,16.704999923706055,0.3557499945163727,30.32999992370605,11.718999862670898,16.071821212768555
2012-08-09,31.3700008392334,140.61000061035156,66.81999969482422,16.829999923706055,0.3677499890327453,30.5,11.70300006866455,16.074825286865234
2012-08-10,31.61000061035156,140.83999633789062,66.86000061035156,16.950000762939453,0.3655000030994415,30.420000076293945,11.637499809265137,16.06606674194336
2012-08-13,31.36000061035156,140.77000427246094,67.0199966430664,16.81999969482422,0.3702499866485595,30.38999938964844,11.621999740600586,16.516767501831055
2012-08-14,31.350000381469727,140.7899932861328,67.05000305175781,16.719999313354492,0.3647499978542328,30.1299991607666,11.659500122070312,16.733232498168945
2012-08-15,31.549999237060547,140.9499969482422,67.22000122070312,16.75,0.3619999885559082,30.200000762939453,11.871000289916992,16.7052059173584
2012-08-16,32.029998779296875,141.99000549316406,68.0199966430664,16.950000762939453,0.3695000112056732,30.780000686645508,12.077500343322754,16.83858871459961
2012-08-17,32.20000076293945,142.17999267578125,68.31999969482422,16.809999465942383,0.3662500083446502,30.899999618530277,12.058500289916992,16.945444107055664
2012-08-20,32.040000915527344,142.19000244140625,68.41999816894531,16.770000457763672,0.3662500083446502,30.739999771118164,12.017499923706056,16.905405044555664
2012-08-21,31.75,141.75999450683594,68.1500015258789,16.799999237060547,0.3652499914169311,30.799999237060547,11.97249984741211,16.754505157470703
2012-08-22,31.700000762939453,141.82000732421875,68.43000030517578,16.655000686645508,0.3659999966621399,30.540000915527344,12.154999732971191,16.94644546508789
2012-08-23,31.59000015258789,140.66000366210938,67.87000274658203,16.479999542236328,0.3577499985694885,30.26000022888184,12.0600004196167,16.93693733215332
2012-08-24,31.950000762939453,141.50999450683594,68.29000091552734,16.530000686645508,0.3650000095367431,30.559999465942383,12.286999702453612,16.98273277282715
2012-08-27,31.82999992370605,141.5399932861328,68.4000015258789,16.450000762939453,0.3587499856948852,30.690000534057617,12.196000099182127,16.74724769592285
2012-08-28,31.57999992370605,141.39999389648438,68.4000015258789,16.424999237060547,0.3572500050067901,30.6299991607666,12.305500030517578,16.948198318481445
2012-08-29,31.489999771118164,141.50999450683594,68.4000015258789,16.454999923706055,0.3580000102519989,30.649999618530277,12.355999946594238,17.217466354370117
2012-08-30,31.170000076293945,140.49000549316406,67.70999908447266,16.219999313354492,0.3512499928474426,30.31999969482422,12.310999870300291,17.059059143066406
2012-08-31,31.649999618530277,141.16000366210938,68.16000366210938,16.485000610351562,0.3507499992847442,30.81999969482422,12.41349983215332,17.144393920898438
2012-09-04,31.56999969482422,141.02999877929688,68.08999633789062,16.229999542236328,0.3319999873638153,30.38999938964844,12.394000053405762,17.04304313659668
2012-09-05,32.06999969482422,140.91000366210938,68.0199966430664,16.114999771118164,0.3330000042915344,30.38999938964844,12.310999870300291,17.0350341796875
2012-09-06,32.630001068115234,143.77000427246094,69.52999877929688,16.6299991607666,0.3432500064373016,31.350000381469727,12.569000244140623,17.50250244140625
2012-09-07,32.599998474121094,144.3300018310547,69.43000030517578,16.469999313354492,0.3350000083446502,30.950000762939453,12.95699977874756,17.67142105102539
2012-09-10,32.310001373291016,143.50999450683594,68.54000091552734,16.204999923706055,0.3319999873638153,30.71999931335449,12.854499816894531,17.536787033081055
2012-09-11,32.31999969482422,143.91000366210938,68.43000030517578,16.28499984741211,0.335999995470047,30.790000915527344,12.783499717712402,17.322071075439453
2012-09-12,32.2599983215332,144.38999938964844,68.62999725341797,16.28499984741211,0.3397499918937683,30.780000686645508,12.781499862670898,17.289289474487305
2012-09-13,32.619998931884766,146.58999633789062,69.55999755859375,16.40999984741211,0.3420000076293945,30.940000534057617,13.01200008392334,17.668668746948242
2012-09-14,32.95000076293945,147.24000549316406,70.18000030517578,16.65999984741211,0.3459999859333038,31.209999084472656,13.06350040435791,17.7597599029541
2012-09-17,33.099998474121094,146.74000549316406,70.20999908447266,16.4950008392334,0.3364999890327453,31.209999084472656,12.899999618530272,17.76726722717285
2012-09-18,33.02000045776367,146.6199951171875,70.2699966430664,16.479999542236328,0.3387500047683716,31.18000030517578,12.9375,17.9749755859375
2012-09-19,32.779998779296875,146.6999969482422,70.4000015258789,16.315000534057617,0.3427500128746032,31.049999237060547,13.083999633789062,18.205705642700195
2012-09-20,32.2599983215332,146.7100067138672,70.33000183105469,16.1299991607666,0.3402499854564667,31.450000762939453,13.040499687194824,18.221221923828125
2012-09-21,32.470001220703125,145.8699951171875,70.1500015258789,16.145000457763672,0.3417499959468841,31.190000534057617,12.873499870300291,18.36811828613281
2012-09-24,32.220001220703125,145.64999389648438,69.73999786376953,15.920000076293944,0.3415000140666961,30.780000686645508,12.739999771118164,18.753253936767575
2012-09-25,31.299999237060547,144.10000610351562,68.76000213623047,15.654999732971191,0.3352499902248382,30.38999938964844,12.623000144958496,18.74774742126465
2012-09-26,30.729999542236328,143.2899932861328,68.19999694824219,15.604999542236328,0.3294999897480011,30.170000076293945,12.48349952697754,18.85535430908203
2012-09-27,31.21999931335449,144.63999938964844,69.13999938964844,15.94499969482422,0.3319999873638153,30.15999984741211,12.829500198364258,18.93143081665039
2012-09-28,31.459999084472656,143.97000122070312,68.56999969482422,15.81999969482422,0.3334999978542328,29.76000022888184,12.715999603271484,18.88138008117676
2012-10-01,31.670000076293945,144.35000610351562,68.47000122070312,15.8149995803833,0.328000009059906,29.489999771118164,12.600500106811523,19.06356430053711
2012-10-02,31.649999618530277,144.5,68.66999816894531,15.890000343322754,0.3292500078678131,29.65999984741211,12.529999732971191,18.943693161010746
2012-10-03,31.81999969482422,145.08999633789062,69.11000061035156,15.835000038146973,0.3260000050067901,29.86000061035156,12.79599952697754,19.081581115722656
2012-10-04,31.899999618530277,146.1300048828125,69.3499984741211,15.920000076293944,0.340499997138977,30.030000686645508,13.023500442504885,19.2204704284668
2012-10-05,31.38999938964844,146.13999938964844,68.9800033569336,15.979999542236328,0.332500010728836,29.850000381469727,12.92549991607666,19.2104606628418
2012-10-08,31.18000030517578,145.63999938964844,68.3499984741211,15.770000457763672,0.3292500078678131,29.780000686645508,12.95300006866455,18.9649658203125
2012-10-09,30.649999618530277,144.1999969482422,67.26000213623047,15.520000457763672,0.3222500085830688,29.280000686645508,12.54800033569336,18.62087059020996
2012-10-10,30.57999992370605,143.27999877929688,66.91999816894531,15.300000190734863,0.3167499899864197,28.979999542236328,12.249500274658203,18.63263320922852
2012-10-11,30.71999931335449,143.36000061035156,66.70999908447266,15.300000190734863,0.3185000121593475,28.950000762939453,12.211000442504885,18.805805206298828
2012-10-12,31.0,142.88999938964844,66.68000030517578,15.25,0.3157500028610229,29.200000762939453,12.118000030517578,18.637386322021484
2012-10-15,31.299999237060547,144.0800018310547,67.16999816894531,15.420000076293944,0.3197500109672546,29.51000022888184,12.208999633789062,18.54304313659668
2012-10-16,31.8700008392334,145.5399932861328,68.12000274658203,15.75,0.3289999961853027,29.489999771118164,12.196999549865724,18.63613510131836
2012-10-17,31.229999542236328,146.1999969482422,68.08000183105469,15.645000457763672,0.3264999985694885,29.59000015258789,12.374500274658203,18.906156539916992
2012-10-18,31.1200008392334,145.82000732421875,67.29000091552734,15.604999542236328,0.3215000033378601,29.5,12.24250030517578,17.392391204833984
2012-10-19,30.479999542236328,143.38999938964844,65.68000030517578,15.244999885559082,0.3027499914169311,28.63999938964844,12.0,17.061811447143555
2012-10-22,30.799999237060547,143.41000366210938,66.0199966430664,15.31999969482422,0.2992500066757202,28.0,11.689000129699709,16.983734130859375
2012-10-23,30.59000015258789,141.4199981689453,65.38999938964844,15.414999961853027,0.3082500100135803,28.049999237060547,11.715499877929688,17.025775909423828
2012-10-24,30.600000381469727,141.02000427246094,65.16000366210938,15.265000343322754,0.3042500019073486,27.899999618530277,11.424500465393066,16.94944953918457
2012-10-25,30.86000061035156,141.42999267578125,65.16000366210938,15.420000076293944,0.304500013589859,27.8799991607666,11.145999908447266,16.960960388183594
2012-10-26,30.989999771118164,141.35000610351562,65.3499984741211,15.604999542236328,0.301250010728836,28.209999084472656,11.911999702453612,16.895645141601562
2012-10-31,31.07999992370605,141.35000610351562,64.94999694824219,15.545000076293944,0.2994999885559082,28.540000915527344,11.64449977874756,17.024524688720703
2012-11-01,31.479999542236328,142.8300018310547,65.87000274658203,16.014999389648438,0.3137499988079071,29.520000457763672,11.607000350952148,17.20695686340332
2012-11-02,31.209999084472656,141.55999755859375,65.16999816894531,15.6899995803833,0.3122499883174896,29.5,11.621000289916992,17.2152156829834
2012-11-05,31.25,141.85000610351562,65.5999984741211,15.96500015258789,0.3255000114440918,29.6299991607666,11.716500282287598,17.09109115600586
2012-11-06,31.6299991607666,142.9600067138672,65.72000122070312,16.15999984741211,0.3252499997615814,29.86000061035156,11.878000259399414,17.060060501098633
2012-11-07,30.790000915527344,139.72000122070312,64.16999816894531,15.75,0.3152500092983246,29.07999992370605,11.602999687194824,16.69469451904297
2012-11-08,30.420000076293945,138.0399932861328,63.15999984741211,15.630000114440918,0.31700000166893,28.809999465942383,11.36750030517578,16.32357406616211
2012-11-09,30.350000381469727,138.16000366210938,63.43000030517578,15.670000076293944,0.304749995470047,28.82999992370605,11.315500259399414,16.592342376708984
2012-11-12,30.299999237060547,138.27000427246094,63.41999816894531,15.69499969482422,0.2980000078678131,28.21999931335449,11.32349967956543,16.66416358947754
2012-11-13,30.020000457763672,137.7899932861328,62.97999954223633,15.539999961853027,0.2957499921321869,27.09000015258789,11.329999923706056,16.49274253845215
2012-11-14,29.57999992370605,135.92999267578125,62.2400016784668,15.324999809265137,0.2885000109672546,26.84000015258789,11.147500038146973,16.330080032348633
2012-11-15,29.950000762939453,135.6999969482422,62.02999877929688,15.234999656677246,0.2897500097751617,26.65999984741211,11.029999732971191,16.19769859313965
2012-11-16,30.0,136.3699951171875,62.29999923706055,15.255000114440918,0.2845000028610229,26.520000457763672,11.261500358581545,16.195695877075195
2012-11-19,30.13999938964844,139.1300048828125,63.77999877929688,15.520000457763672,0.2924999892711639,26.729999542236328,11.48550033569336,16.72197151184082
2012-11-20,30.200000762939453,139.19000244140625,63.79999923706055,15.375,0.2872500121593475,26.709999084472656,11.689000129699709,16.766016006469727
2012-11-21,30.399999618530277,139.4499969482422,63.93000030517578,15.399999618530272,0.2955000102519989,26.950000762939453,11.90149974822998,16.66341209411621
2012-11-23,30.920000076293945,141.35000610351562,64.9000015258789,15.720000267028809,0.2975000143051147,27.700000762939453,11.994000434875488,16.715965270996094
2012-11-26,30.959999084472656,141.0500030517578,65.18000030517578,15.75,0.3027499914169311,27.38999938964844,12.180999755859377,16.54529571533203
2012-11-27,31.21999931335449,140.3300018310547,64.95999908447266,15.795000076293944,0.3039999902248382,27.07999992370605,12.170000076293944,16.784534454345703
2012-11-28,31.799999237060547,141.4600067138672,65.5199966430664,16.010000228881836,0.3064999878406524,27.36000061035156,12.35550022125244,17.108858108520508
2012-11-29,31.84000015258789,142.1199951171875,65.91000366210938,15.984999656677246,0.3009999990463257,26.950000762939453,12.56350040435791,17.314565658569336
2012-11-30,32.18000030517578,142.14999389648438,65.80000305175781,16.020000457763672,0.2992500066757202,26.6200008392334,12.602499961853027,17.476726531982422
2012-12-03,32.310001373291016,141.4499969482422,65.66999816894531,15.94499969482422,0.293749988079071,26.43000030517578,12.51650047302246,17.398649215698242
2012-12-04,32.380001068115234,141.25,65.62999725341797,16.0049991607666,0.3025000095367431,26.3700008392334,12.624500274658203,17.29304313659668
2012-12-05,32.0,141.5,64.9000015258789,15.979999542236328,0.2989999949932098,26.670000076293945,12.697999954223633,17.21271324157715
2012-12-06,32.029998779296875,141.97999572753906,65.31999969482422,16.15999984741211,0.2994999885559082,26.729999542236328,12.668499946594238,17.29554557800293
2012-12-07,31.920000076293945,142.41000366210938,64.93000030517578,16.209999084472656,0.2989999949932098,26.459999084472656,12.66349983215332,17.122371673583984
2012-12-10,32.06999969482422,142.47000122070312,65.12000274658203,16.239999771118164,0.3089999854564667,26.940000534057617,12.388500213623049,17.152652740478516
2012-12-11,32.34000015258789,143.44000244140625,65.97000122070312,16.540000915527344,0.3162499964237213,27.31999969482422,12.534500122070312,17.43943977355957
2012-12-12,31.940000534057617,143.50999450683594,65.83000183105469,16.5049991607666,0.3129999935626983,27.239999771118164,12.588000297546388,17.45645523071289
2012-12-13,31.61000061035156,142.6300048828125,65.30999755859375,16.334999084472656,0.3132500052452087,27.11000061035156,12.5625,17.585084915161133
2012-12-14,31.959999084472656,142.10000610351562,64.69000244140625,16.270000457763672,0.3147499859333038,26.809999465942383,12.459500312805176,17.566566467285156
2012-12-17,32.31999969482422,143.77000427246094,65.55000305175781,16.34000015258789,0.3134999871253967,27.100000381469727,12.692999839782717,18.037538528442383
2012-12-18,32.880001068115234,145.3699951171875,66.55000305175781,16.559999465942383,0.3140000104904175,27.559999465942383,13.020000457763672,18.0447940826416
2012-12-19,34.09000015258789,144.2899932861328,66.26000213623047,16.655000686645508,0.3162499964237213,27.309999465942383,12.899499893188477,18.020771026611328
2012-12-20,33.939998626708984,145.1199951171875,66.26000213623047,16.645000457763672,0.3160000145435333,27.68000030517578,13.074999809265137,18.077077865600582
2012-12-21,33.7599983215332,142.7899932861328,65.19999694824219,16.475000381469727,0.3087500035762787,27.450000762939453,12.845999717712402,17.908658981323242
2012-12-24,33.61000061035156,142.35000610351562,65.06999969482422,16.06999969482422,0.3062500059604645,27.059999465942383,12.930999755859377,17.7552547454834
2012-12-26,33.61000061035156,141.75,64.5,15.989999771118164,0.3059999942779541,26.86000061035156,12.431500434875488,17.73948860168457
2012-12-27,33.27000045776367,141.55999755859375,64.4000015258789,15.970000267028809,0.3039999902248382,26.959999084472656,12.415499687194824,17.674924850463867
2012-12-28,33.02000045776367,140.02999877929688,63.77999877929688,15.859999656677246,0.3025000095367431,26.549999237060547,12.258999824523926,17.51776885986328
2012-12-31,33.31999969482422,142.41000366210938,65.12999725341797,16.165000915527344,0.3064999878406524,26.709999084472656,12.543499946594238,17.70220184326172
2013-01-02,34.689998626708984,146.05999755859375,67.19999694824219,16.80500030517578,0.3179999887943268,27.6200008392334,12.865500450134276,18.099348068237305
2013-01-03,34.310001373291016,145.72999572753906,66.8499984741211,16.719999313354492,0.3182500004768371,27.25,12.923999786376951,18.10985946655273
2013-01-04,34.61000061035156,146.3699951171875,66.62999725341797,16.6200008392334,0.3287500143051147,26.739999771118164,12.957500457763672,18.46771812438965
2013-01-07,34.43000030517578,145.97000122070312,66.6500015258789,16.575000762939453,0.3192499876022339,26.690000534057617,13.42300033569336,18.387136459350582
2013-01-08,34.439998626708984,145.5500030517578,66.5199966430664,16.40999984741211,0.3122499883174896,26.549999237060547,13.319000244140623,18.35085105895996
2013-01-09,34.459999084472656,145.9199981689453,66.7699966430664,16.21500015258789,0.3052499890327453,26.700000762939453,13.317500114440918,18.471471786499023
2013-01-10,34.90999984741211,147.0800018310547,67.16999816894531,16.864999771118164,0.3057500123977661,26.459999084472656,13.267000198364258,18.55555534362793
2013-01-11,34.86000061035156,147.07000732421875,67.26000213623047,16.94499969482422,0.3052499890327453,26.82999992370605,13.397000312805176,18.51826858520508
2013-01-14,34.959999084472656,146.97000122070312,66.95999908447266,16.8700008392334,0.3050000071525574,26.88999938964844,13.636500358581545,18.099348068237305
2013-01-15,34.70000076293945,147.07000732421875,66.62999725341797,16.69499969482422,0.2994999885559082,27.209999084472656,13.595000267028809,18.14139175415039
2013-01-16,34.63999938964844,147.0500030517578,66.9000015258789,16.8799991607666,0.3022499978542328,27.040000915527344,13.446499824523926,17.897647857666016
2013-01-17,34.619998931884766,148.0,67.22000122070312,17.290000915527344,0.3062500059604645,27.25,13.52400016784668,17.800800323486328
2013-01-18,35.11000061035156,148.3300018310547,67.06999969482422,17.084999084472656,0.3042500019073486,27.25,13.605999946594238,17.630380630493164
2013-01-22,34.93000030517578,149.1300048828125,67.18000030517578,17.049999237060547,0.3027499914169311,27.149999618530277,13.509499549865724,17.589338302612305
2013-01-23,34.689998626708984,149.3699951171875,67.58999633789062,17.114999771118164,0.3032500147819519,27.61000061035156,13.405500411987305,18.556055068969727
2013-01-24,34.939998626708984,149.41000366210938,66.66000366210938,16.985000610351562,0.304749995470047,27.6299991607666,13.67300033569336,18.87412452697754
2013-01-25,35.380001068115234,150.25,67.0,17.1299991607666,0.3102500140666961,27.8799991607666,14.19950008392334,18.860610961914062
2013-01-28,35.540000915527344,150.07000732421875,67.1500015258789,17.165000915527344,0.3152500092983246,27.90999984741211,13.802000045776367,18.787036895751957
2013-01-29,35.779998779296875,150.66000366210938,67.16000366210938,17.19499969482422,0.3084999918937683,28.01000022888184,13.017499923706056,18.86086082458496
2013-01-30,35.380001068115234,150.07000732421875,67.0199966430664,17.225000381469727,0.3079999983310699,27.850000381469727,13.637999534606934,18.864614486694336
2013-01-31,35.5099983215332,149.6999969482422,66.87000274658203,17.149999618530273,0.3064999878406524,27.450000762939453,13.274999618530272,18.91116142272949
2013-02-01,36.209999084472656,151.24000549316406,67.66000366210938,17.489999771118164,0.309249997138977,27.93000030517578,13.25,19.409408569335938
2013-02-04,35.130001068115234,149.5399932861328,66.4800033569336,17.274999618530273,0.3039999902248382,27.440000534057617,12.99899959564209,18.99449348449707
2013-02-05,35.47999954223633,151.0500030517578,67.45999908447266,17.540000915527344,0.3109999895095825,27.5,13.344499588012695,19.16266250610352
2013-02-06,35.099998474121094,151.16000366210938,67.23999786376953,17.5,0.3084999918937683,27.34000015258789,13.111000061035156,19.27352333068848
2013-02-07,34.560001373291016,150.9600067138672,67.30000305175781,17.405000686645508,0.3072499930858612,27.280000686645508,13.011500358581545,19.36811828613281
2013-02-08,34.900001525878906,151.8000030517578,67.98999786376953,17.635000228881836,0.309249997138977,27.549999237060547,13.09749984741211,19.65390396118164
2013-02-11,34.959999084472656,151.77000427246094,68.01000213623047,17.665000915527344,0.3127500116825104,27.86000061035156,12.86050033569336,19.580080032348636
2013-02-12,35.11000061035156,152.02000427246094,67.7300033569336,17.735000610351562,0.3107500076293945,27.8799991607666,12.9350004196167,19.537036895751957
2013-02-13,34.9900016784668,152.14999389648438,67.97000122070312,17.735000610351562,0.309249997138977,28.030000686645508,13.47350025177002,19.59109115600586
2013-02-14,34.900001525878906,152.2899932861328,67.94999694824219,17.889999389648438,0.3182500004768371,28.040000915527344,13.461999893188477,19.7152156829834
2013-02-15,34.810001373291016,152.11000061035156,67.75,17.739999771118164,0.3182500004768371,28.01000022888184,13.25450038909912,19.84209251403809
2013-02-19,35.400001525878906,153.25,68.23999786376953,17.985000610351562,0.3140000104904175,28.049999237060547,13.487500190734863,20.19144058227539
2013-02-20,35.0099983215332,151.33999633789062,67.19000244140625,17.604999542236328,0.3095000088214874,27.8700008392334,13.320500373840332,19.83133125305176
2013-02-21,34.279998779296875,150.4199981689453,66.47000122070312,17.274999618530273,0.3072499930858612,27.489999771118164,13.29699993133545,19.90815734863281
2013-02-22,34.75,151.88999938964844,67.13999938964844,17.549999237060547,0.3129999935626983,27.76000022888184,13.270999908447266,20.01276206970215
2013-02-25,34.279998779296875,149.0,66.30999755859375,17.190000534057617,0.3075000047683716,27.3700008392334,12.993499755859377,19.789039611816406
2013-02-26,34.31999969482422,150.02000427246094,66.55999755859375,17.309999465942383,0.309249997138977,27.3700008392334,12.968000411987305,19.77302360534668
2013-02-27,34.68000030517578,151.91000366210938,67.23999786376953,17.579999923706055,0.3149999976158142,27.809999465942383,13.162500381469728,20.014514923095703
2013-02-28,34.2400016784668,151.61000061035156,67.0999984741211,17.559999465942383,0.3165000081062317,27.799999237060547,13.213500022888184,20.050050735473636
2013-03-01,34.630001068115234,152.11000061035156,67.37999725341797,17.559999465942383,0.3177500069141388,27.950000762939453,13.286999702453612,20.174924850463867
2013-03-04,35.04999923706055,152.9199981689453,67.68000030517578,17.53499984741211,0.3165000081062317,28.149999618530277,13.655500411987305,20.55805778503418
2013-03-05,35.459999084472656,154.2899932861328,68.68000030517578,17.815000534057617,0.3199999928474426,28.350000381469727,13.779500007629396,20.985986709594727
2013-03-06,35.86000061035156,154.5,68.51000213623047,17.81999969482422,0.3197500109672546,28.09000015258789,13.689499855041504,20.80530548095703
2013-03-07,35.939998626708984,154.77999877929688,68.69000244140625,17.815000534057617,0.3190000057220459,28.13999938964844,13.694000244140623,20.83583641052246
2013-03-08,35.709999084472656,155.44000244140625,68.7699966430664,17.75,0.320499986410141,28.0,13.709500312805176,20.808809280395508
2013-03-11,35.880001068115234,156.02999877929688,68.97000122070312,17.80500030517578,0.3174999952316284,27.8700008392334,13.562000274658203,20.89139175415039
2013-03-12,35.43000030517578,155.67999267578125,68.72000122070312,17.815000534057617,0.3185000121593475,27.90999984741211,13.706500053405762,20.710960388183597
2013-03-13,35.58000183105469,155.89999389648438,68.62999725341797,17.864999771118164,0.3185000121593475,27.920000076293945,13.755000114440918,20.65340232849121
2013-03-14,36.29999923706055,156.72999572753906,68.86000061035156,18.0049991607666,0.3187499940395355,28.13999938964844,13.286999702453612,20.559059143066406
2013-03-15,36.34000015258789,155.8300018310547,68.51000213623047,17.69499969482422,0.3160000145435333,28.040000915527344,13.090999603271484,20.377878189086918
2013-03-18,36.040000915527344,154.97000122070312,68.36000061035156,17.479999542236328,0.3137499988079071,28.100000381469727,12.89449977874756,20.2149658203125
2013-03-19,35.689998626708984,154.61000061035156,68.2300033569336,17.44499969482422,0.3117499947547912,28.18000030517578,12.820500373840332,20.303302764892575
2013-03-20,35.77000045776367,155.69000244140625,68.70999908447266,17.559999465942383,0.3154999911785126,28.31999969482422,12.86400032043457,20.38813781738281
2013-03-21,32.29999923706055,154.36000061035156,67.93000030517578,17.315000534057617,0.3104999959468841,28.11000061035156,12.669500350952148,20.301801681518555
2013-03-22,31.979999542236328,155.60000610351562,68.58999633789062,17.450000762939453,0.3120000064373016,28.25,12.887499809265137,20.27802848815918
2013-03-25,31.25,154.9499969482422,68.33999633789062,17.424999237060547,0.3102500140666961,28.15999984741211,12.800999641418455,20.261260986328125
2013-03-26,31.540000915527344,156.19000244140625,68.70999908447266,17.625,0.3125,28.15999984741211,13.01550006866455,20.33083152770996
2013-03-27,31.950000762939453,156.19000244140625,68.80000305175781,17.65999984741211,0.3162499964237213,28.3700008392334,13.265000343322754,20.08658790588379
2013-03-28,32.33000183105469,156.6699981689453,68.97000122070312,17.764999389648438,0.3207499980926513,28.61000061035156,13.32450008392334,19.874624252319336
2013-04-01,32.40999984741211,156.0500030517578,68.5,17.485000610351562,0.3102500140666961,28.61000061035156,13.080499649047852,20.04980087280273
2013-04-02,32.7400016784668,156.82000732421875,69.04000091552734,17.344999313354492,0.3070000112056732,28.799999237060547,13.166000366210938,20.346345901489254
2013-04-03,32.400001525878906,155.22999572753906,68.41000366210938,17.020000457763672,0.3032500147819519,28.559999465942383,12.951499938964844,20.17517471313477
2013-04-04,32.369998931884766,155.86000061035156,68.43000030517578,17.1299991607666,0.3062500059604645,28.600000381469727,12.95400047302246,19.89664649963379
2013-04-05,32.029998779296875,155.16000366210938,67.86000061035156,17.114999771118164,0.3115000128746032,28.700000762939453,12.77400016784668,19.59584617614746
2013-04-08,32.36000061035156,156.2100067138672,68.22000122070312,17.209999084472656,0.3107500076293945,28.59000015258789,12.947500228881836,19.390640258789062
2013-04-09,33.040000915527344,156.75,68.68000030517578,17.375,0.3157500028610229,29.61000061035156,13.057000160217283,19.46071052551269
2013-04-10,33.72999954223633,158.6699981689453,70.0199966430664,17.75,0.3207499980926513,30.280000686645508,13.238499641418455,19.774274826049805
2013-04-11,33.619998931884766,159.19000244140625,69.98999786376953,17.739999771118164,0.3192499876022339,28.940000534057617,13.49250030517578,19.779529571533203
2013-04-12,33.459999084472656,158.8000030517578,69.94000244140625,17.674999237060547,0.3272500038146972,28.790000915527344,13.643500328063965,19.771020889282227
2013-04-15,32.79999923706055,155.1199951171875,68.55999755859375,17.290000915527344,0.320499986410141,28.690000534057617,13.38599967956543,19.56781768798828
2013-04-16,33.41999816894531,157.41000366210938,69.47000122070312,17.584999084472656,0.3240000009536743,28.96999931335449,13.616999626159668,19.854103088378903
2013-04-17,32.4900016784668,155.11000061035156,68.11000061035156,17.21500015258789,0.3197500109672546,28.82999992370605,13.369999885559082,19.58358383178711
2013-04-18,32.119998931884766,154.13999938964844,67.16999816894531,17.2549991607666,0.3134999871253967,28.790000915527344,12.970999717712402,19.16691780090332
2013-04-19,32.369998931884766,155.47999572753906,68.08999633789062,17.454999923706055,0.3142499923706054,29.770000457763672,13.015999794006348,20.01676750183105
2013-04-22,32.52000045776367,156.1699981689453,68.79000091552734,17.594999313354492,0.3147499859333038,30.82999992370605,13.177499771118164,20.02277374267578
2013-04-23,32.459999084472656,157.77999877929688,69.44999694824219,17.975000381469727,0.3230000138282776,30.600000381469727,13.44499969482422,20.21771812438965
2013-04-24,32.5099983215332,157.8800048828125,69.41999816894531,18.15999984741211,0.3339999914169311,31.76000022888184,13.439000129699709,20.35660743713379
2013-04-25,32.27000045776367,158.52000427246094,69.79000091552734,18.30500030517578,0.3367500007152557,31.940000534057617,13.734999656677246,20.24774742126465
2013-04-26,32.36000061035156,158.24000549316406,69.56999969482422,18.13500022888184,0.3352499902248382,31.790000915527344,12.740500450134276,20.05555534362793
2013-04-29,32.2400016784668,159.3000030517578,70.20999908447266,18.34499931335449,0.3392499983310699,32.61000061035156,12.487000465393066,20.496997833251957
2013-04-30,32.779998779296875,159.67999267578125,70.72000122070312,18.524999618530277,0.3442499935626983,33.099998474121094,12.690500259399414,20.634885787963867
2013-05-01,33.15999984741211,158.27999877929688,70.38999938964844,18.450000762939453,0.3412500023841858,32.720001220703125,12.411499977111816,20.531280517578125
2013-05-02,33.689998626708984,159.75,71.27999877929688,18.684999465942383,0.3452500104904175,33.15999984741211,12.6274995803833,20.761011123657227
2013-05-03,33.380001068115234,161.3699951171875,72.12000274658203,18.82999992370605,0.3467499911785126,33.4900016784668,12.90250015258789,21.16416358947754
2013-05-06,33.5099983215332,161.77999877929688,72.4000015258789,18.920000076293945,0.3457500040531158,33.75,12.78600025177002,21.56031036376953
2013-05-07,33.2599983215332,162.60000610351562,72.36000061035156,18.959999084472656,0.3412500023841858,33.310001373291016,12.886500358581545,21.45220184326172
2013-05-08,33.459999084472656,163.33999633789062,72.70999908447266,19.190000534057617,0.3474999964237213,32.9900016784668,12.934000015258787,21.86261367797852
2013-05-09,33.70000076293945,162.8800048828125,72.61000061035156,19.25,0.3477500081062317,32.65999984741211,13.008000373840332,21.808809280395508
2013-05-10,34.02000045776367,163.41000366210938,73.05000305175781,19.3799991607666,0.3634999990463257,32.689998626708984,13.181500434875488,22.02777862548828
2013-05-13,33.779998779296875,163.5399932861328,73.13999938964844,19.145000457763672,0.356000006198883,33.029998779296875,13.225500106811523,21.9602108001709
2013-05-14,33.66999816894531,165.22999572753906,73.5199966430664,19.174999237060547,0.3612500131130218,33.529998779296875,13.416500091552734,22.19969940185547
2013-05-15,33.9900016784668,166.1199951171875,73.66999816894531,19.34000015258789,0.3675000071525574,33.849998474121094,13.32800006866455,22.920169830322266
2013-05-16,34.369998931884766,165.33999633789062,73.58999633789062,19.170000076293945,0.3657500147819519,34.08000183105469,13.206000328063965,22.619369506835938
2013-05-17,35.029998779296875,166.94000244140625,74.30000305175781,19.38500022888184,0.371749997138977,34.869998931884766,13.494999885559082,22.75225257873535
2013-05-20,34.900001525878906,166.92999267578125,74.19000244140625,19.325000762939453,0.3709999918937683,35.08000183105469,13.381500244140623,22.735986709594727
2013-05-21,35.099998474121094,167.1699981689453,74.2699966430664,19.280000686645508,0.3729999959468841,34.849998474121094,13.442999839782717,22.69694709777832
2013-05-22,34.119998931884766,165.92999267578125,73.62000274658203,19.0049991607666,0.3600000143051147,34.61000061035156,13.14799976348877,22.25775718688965
2013-05-23,34.22999954223633,165.4499969482422,73.44999694824219,18.96500015258789,0.3657500147819519,34.150001525878906,13.09000015258789,22.091842651367188
2013-05-24,34.04999923706055,165.30999755859375,73.41000366210938,18.959999084472656,0.3634999990463257,34.27000045776367,13.086999893188477,21.854854583740234
2013-05-28,34.529998779296875,166.3000030517578,73.88999938964844,19.1299991607666,0.3632499873638153,35.02000045776367,13.364500045776367,22.053804397583008
2013-05-29,34.400001525878906,165.22000122070312,73.54000091552734,19.200000762939453,0.3610000014305115,34.880001068115234,13.27649974822998,21.72947883605957
2013-05-30,34.34000015258789,165.8300018310547,73.93000030517578,19.38500022888184,0.3657500147819519,35.029998779296875,13.341500282287598,21.790790557861328
2013-05-31,33.779998779296875,163.4499969482422,73.25,19.145000457763672,0.3617500066757202,34.900001525878906,13.460000038146973,21.80230140686035
2013-06-03,34.38999938964844,164.35000610351562,73.37999725341797,19.295000076293945,0.3612500131130218,35.59000015258789,13.343999862670898,21.712461471557617
2013-06-04,34.15999984741211,163.55999755859375,73.0,19.38500022888184,0.3617500066757202,34.9900016784668,13.28499984741211,21.498998641967773
2013-06-05,34.119998931884766,161.27000427246094,72.05000305175781,19.030000686645508,0.3540000021457672,34.779998779296875,13.35849952697754,21.514013290405277
2013-06-06,33.349998474121094,162.72999572753906,72.4000015258789,18.975000381469727,0.356249988079071,34.959999084472656,13.39150047302246,21.637638092041016
2013-06-07,33.810001373291016,164.8000030517578,73.38999938964844,19.155000686645508,0.3612500131130218,35.66999816894531,13.843500137329102,22.0152645111084
2013-06-10,34.04999923706055,164.8000030517578,73.41999816894531,19.26000022888184,0.3610000014305115,35.470001220703125,14.053500175476074,22.27777862548828
2013-06-11,33.56999969482422,163.10000610351562,72.69000244140625,18.905000686645508,0.3542500138282776,34.84000015258789,13.73900032043457,22.01726722717285
2013-06-12,33.52000045776367,161.75,71.8499984741211,18.68000030517578,0.3512499928474426,35.0,13.583499908447266,21.82132148742676
2013-06-13,34.25,164.2100067138672,72.76000213623047,19.01000022888184,0.359250009059906,34.720001220703125,13.78950023651123,21.94694709777832
2013-06-14,33.77000045776367,163.17999267578125,72.27999877929688,18.940000534057617,0.3587499856948852,34.400001525878906,13.69950008392334,21.897897720336918
2013-06-17,34.27000045776367,164.44000244140625,72.9800033569336,19.100000381469727,0.3622500002384186,35.0,13.902999877929688,22.178428649902344
2013-06-18,34.400001525878906,165.74000549316406,73.58000183105469,19.375,0.3600000143051147,34.97999954223633,14.088000297546388,22.53803825378418
2013-06-19,34.09000015258789,163.4499969482422,72.76000213623047,19.104999542236328,0.3709999918937683,34.59000015258789,13.907999992370604,22.539539337158203
2013-06-20,33.209999084472656,159.39999389648438,71.02999877929688,18.520000457763672,0.3610000014305115,33.4900016784668,13.67199993133545,22.140640258789062
2013-06-21,30.13999938964844,159.07000732421875,70.43000030517578,18.5,0.3605000078678131,33.27000045776367,13.66800022125244,22.04529571533203
2013-06-24,30.170000076293945,157.05999755859375,69.7300033569336,18.15999984741211,0.3529999852180481,33.720001220703125,13.530500411987305,21.76651763916016
2013-06-25,29.959999084472656,158.57000732421875,70.23999786376953,18.540000915527344,0.3555000126361847,33.66999816894531,13.604499816894531,21.676677703857425
2013-06-26,30.13999938964844,160.13999938964844,70.87000274658203,18.649999618530277,0.3535000085830688,34.349998474121094,13.878499984741213,21.863113403320312
2013-06-27,30.450000762939453,161.0800018310547,71.16999816894531,18.75,0.3502500057220459,34.619998931884766,13.8774995803833,21.948699951171875
2013-06-28,30.709999084472656,160.4199981689453,71.2699966430664,18.84499931335449,0.3510000109672546,34.540000915527344,13.884499549865724,22.031280517578125
2013-07-01,30.11000061035156,161.36000061035156,71.70999908447266,18.795000076293945,0.3524999916553497,34.36000061035156,14.104999542236328,22.219219207763672
2013-07-02,30.100000381469727,161.2100067138672,71.73999786376953,18.790000915527344,0.3522500097751617,33.939998626708984,14.18649959564209,22.07983016967773
2013-07-03,30.700000762939453,161.27999877929688,72.02999877929688,18.90999984741211,0.3532499969005584,34.0099983215332,14.201499938964844,22.182933807373047
2013-07-05,31.190000534057617,163.02000427246094,72.58000183105469,19.165000915527344,0.356000006198883,34.209999084472656,14.293999671936035,22.35960960388184
2013-07-08,31.649999618530277,163.9499969482422,72.6500015258789,18.7549991607666,0.3542500138282776,34.33000183105469,14.529500007629396,22.649900436401367
2013-07-09,31.520000457763672,165.1300048828125,73.08999633789062,18.905000686645508,0.356000006198883,34.349998474121094,14.576499938964844,22.653654098510746
2013-07-10,31.229999542236328,165.19000244140625,73.51000213623047,19.049999237060547,0.3607499897480011,34.70000076293945,14.616499900817873,22.672422409057617
2013-07-11,31.86000061035156,167.44000244140625,74.97000122070312,19.55500030517578,0.3657500147819519,35.689998626708984,14.982999801635742,23.029029846191406
2013-07-12,31.25,167.50999450683594,75.30000305175781,19.625,0.3659999966621399,35.66999816894531,15.3774995803833,23.09809875488281
2013-07-15,32.0099983215332,168.14999389648438,75.47000122070312,19.6299991607666,0.3652499914169311,36.16999816894531,15.328499794006348,23.140390396118164
2013-07-16,32.0,167.52000427246094,75.37000274658203,19.75,0.367249995470047,36.27000045776367,15.343500137329102,23.013263702392575
2013-07-17,32.15999984741211,167.9499969482422,75.55999755859375,19.780000686645508,0.3652499914169311,35.7400016784668,15.434499740600586,22.986736297607425
2013-07-18,32.0099983215332,168.8699951171875,75.37000274658203,19.364999771118164,0.363750010728836,35.439998626708984,15.205499649047852,22.7897891998291
2013-07-19,31.86000061035156,169.1699981689453,74.58999633789062,19.290000915527344,0.356000006198883,31.399999618530277,15.261500358581545,22.43743705749512
2013-07-22,31.8700008392334,169.5,74.80999755859375,19.2549991607666,0.3557499945163727,32.0099983215332,15.173999786376951,22.79029083251953
2013-07-23,32.06999969482422,169.13999938964844,74.26000213623047,19.270000457763672,0.3552500009536743,31.81999969482422,15.053000450134276,22.617618560791016
2013-07-24,32.38999938964844,168.52000427246094,74.5,19.03499984741211,0.3552500009536743,31.959999084472656,14.946999549865724,22.595094680786133
2013-07-25,32.369998931884766,168.92999267578125,74.97000122070312,19.170000076293945,0.3564999997615814,31.38999938964844,15.170000076293944,22.21471405029297
2013-07-26,32.540000915527344,169.11000061035156,75.37000274658203,19.059999465942383,0.3549999892711639,31.6200008392334,15.600500106811523,22.155906677246094
2013-07-29,32.47999954223633,168.58999633789062,75.2300033569336,19.0,0.3542500138282776,31.540000915527344,15.30500030517578,22.078828811645508
2013-07-30,32.54999923706055,168.58999633789062,75.62999725341797,19.190000534057617,0.3602499961853027,31.850000381469727,15.12049961090088,22.29529571533203
2013-07-31,32.349998474121094,168.7100067138672,75.7699966430664,19.280000686645508,0.3610000014305115,31.84000015258789,15.060999870300291,22.215965270996094
2013-08-01,32.75,170.66000366210938,76.54000091552734,19.520000457763672,0.3659999966621399,31.670000076293945,15.278499603271484,22.62812805175781
2013-08-02,32.56999969482422,170.9499969482422,76.97000122070312,19.415000915527344,0.3689999878406524,31.88999938964844,15.21049976348877,22.68693733215332
2013-08-05,32.779998779296875,170.6999969482422,77.0199966430664,19.405000686645508,0.3707500100135803,31.700000762939453,15.049500465393066,22.647647857666016
2013-08-06,33.0,169.72999572753906,76.55999755859375,19.280000686645508,0.3652499914169311,31.57999992370605,15.037500381469728,22.436687469482425
2013-08-07,32.81999969482422,169.17999267578125,76.41999816894531,19.104999542236328,0.3650000095367431,32.060001373291016,14.845499992370604,22.28853988647461
2013-08-08,33.02000045776367,169.8000030517578,76.80000305175781,19.11000061035156,0.3675000071525574,32.88999938964844,14.786999702453612,22.338838577270508
2013-08-09,32.91999816894531,169.30999755859375,76.48999786376953,19.059999465942383,0.3622500002384186,32.70000076293945,14.86299991607666,22.282533645629883
2013-08-12,33.25,169.11000061035156,76.66999816894531,19.09499931335449,0.359250009059906,32.869998931884766,14.834500312805176,22.159910202026367
2013-08-13,33.25,169.61000061035156,77.0999984741211,19.299999237060547,0.3605000078678131,32.22999954223633,14.69849967956543,22.053302764892575
2013-08-14,33.56999969482422,168.74000549316406,76.80999755859375,19.11000061035156,0.3757500052452087,32.349998474121094,14.56700038909912,21.767017364501957
2013-08-15,32.72999954223633,166.3800048828125,75.51000213623047,18.690000534057617,0.3782500028610229,31.790000915527344,14.32349967956543,21.51301383972168
2013-08-16,32.40999984741211,165.8300018310547,75.4800033569336,18.709999084472656,0.3797500133514404,31.799999237060547,14.241000175476074,21.44419479370117
2013-08-19,32.060001373291016,164.77000427246094,75.3499984741211,18.684999465942383,0.3737500011920929,31.38999938964844,14.278499603271484,21.66291236877441
2013-08-20,32.20000076293945,165.5800018310547,75.68000030517578,18.774999618530277,0.3737500011920929,31.6200008392334,14.354499816894531,21.65715789794922
2013-08-21,32.29999923706055,164.55999755859375,75.41999816894531,18.6200008392334,0.3720000088214874,31.61000061035156,14.228500366210938,21.7550048828125
2013-08-22,32.400001525878906,166.05999755859375,76.16000366210938,18.73500061035156,0.3740000128746032,32.38999938964844,14.486499786376951,21.864614486694336
2013-08-23,31.770000457763672,166.6199951171875,76.66999816894531,18.795000076293945,0.3740000128746032,34.75,14.500499725341797,21.777027130126957
2013-08-26,32.34000015258789,166.0,76.70999908447266,18.76000022888184,0.3747499883174896,34.150001525878906,14.310500144958496,21.68143081665039
2013-08-27,31.780000686645508,163.3300018310547,75.13999938964844,18.38500022888184,0.3700000047683716,33.2599983215332,14.046500205993652,21.2750244140625
2013-08-28,31.65999984741211,163.91000366210938,75.43000030517578,18.524999618530277,0.3700000047683716,33.02000045776367,14.07900047302246,21.2349853515625
2013-08-29,31.700000762939453,164.1699981689453,75.95999908447266,18.68000030517578,0.3692499995231628,33.54999923706055,14.199000358581545,21.40715789794922
2013-08-30,31.86000061035156,163.64999389648438,75.47000122070312,18.56999969482422,0.3687500059604645,33.400001525878906,14.048999786376951,21.193693161010746
2013-09-03,32.02000045776367,164.38999938964844,75.9000015258789,18.75,0.3689999878406524,31.8799991607666,14.4399995803833,21.531030654907227
2013-09-04,32.31999969482422,165.75,76.70999908447266,19.125,0.3725000023841858,31.200000762939453,14.682000160217283,21.812562942504883
2013-09-05,32.2599983215332,165.9600067138672,76.83999633789062,19.270000457763672,0.3734999895095825,31.229999542236328,14.704999923706056,22.011011123657227
2013-09-06,32.20000076293945,166.0399932861328,76.93000030517578,19.19499969482422,0.3720000088214874,31.149999618530277,14.79300022125244,22.011512756347656
2013-09-09,32.75,167.6300048828125,77.83000183105469,19.440000534057617,0.3782500028610229,31.65999984741211,14.98550033569336,22.223472595214844
2013-09-10,32.86000061035156,168.8699951171875,78.20999908447266,19.790000915527344,0.3862499892711639,32.38999938964844,15.017999649047852,22.238988876342773
2013-09-11,33.02000045776367,169.39999389648438,78.05999755859375,19.729999542236328,0.3927499949932098,32.7400016784668,14.982000350952148,22.42717742919922
2013-09-12,32.790000915527344,168.9499969482422,78.01000213623047,19.684999465942383,0.3925000131130218,32.689998626708984,14.942999839782717,22.348848342895508
2013-09-13,32.459999084472656,169.3300018310547,78.05999755859375,19.80500030517578,0.395000010728836,33.029998779296875,14.895999908447266,22.248998641967773
2013-09-16,32.970001220703125,170.30999755859375,77.8499984741211,19.905000686645508,0.395249992609024,32.79999923706055,14.803000450134276,22.216215133666992
2013-09-17,33.2599983215332,171.07000732421875,78.37000274658203,20.065000534057617,0.3964999914169311,32.93000030517578,15.208499908447266,22.174924850463867
2013-09-18,33.869998931884766,173.0500030517578,79.30999755859375,20.2450008392334,0.4000000059604645,33.31999969482422,15.601499557495115,22.60560607910156
2013-09-19,33.88999938964844,172.75999450683594,79.5,20.239999771118164,0.398250013589859,33.63999938964844,15.602999687194824,22.48223114013672
2013-09-20,34.04999923706055,170.72000122070312,78.98999786376953,20.104999542236328,0.3947499990463257,32.790000915527344,15.81700038909912,22.60034942626953
2013-09-23,33.939998626708984,169.92999267578125,78.83000183105469,20.059999465942383,0.3910000026226043,32.7400016784668,15.57450008392334,22.18468475341797
2013-09-24,33.63999938964844,169.52999877929688,78.83000183105469,20.184999465942383,0.3925000131130218,32.45000076293945,15.706500053405762,22.193193435668945
2013-09-25,33.869998931884766,169.0399932861328,78.55999755859375,20.145000457763672,0.3930000066757202,32.5099983215332,15.63249969482422,21.95270347595215
2013-09-26,33.810001373291016,169.69000244140625,79.16999816894531,20.13999938964844,0.3917500078678131,32.77000045776367,15.906000137329102,21.976226806640625
2013-09-27,33.779998779296875,168.91000366210938,79.06999969482422,19.959999084472656,0.3894999921321869,33.27000045776367,15.80049991607666,21.93168258666992
2013-09-30,33.16999816894531,168.00999450683594,78.87999725341797,19.940000534057617,0.3889999985694885,33.279998779296875,15.631999969482422,21.91967010498047
2013-10-01,33.5,169.33999633789062,79.68000030517578,20.13500022888184,0.3887499868869781,33.58000183105469,16.047500610351562,22.19719696044922
2013-10-02,33.68000030517578,169.17999267578125,79.6500015258789,20.1200008392334,0.3885000050067901,33.91999816894531,16.02549934387207,22.22197151184082
2013-10-03,33.2400016784668,167.6199951171875,78.72000122070312,20.06999969482422,0.3844999969005584,33.86000061035156,15.73799991607666,21.92417335510254
2013-10-04,33.209999084472656,168.88999938964844,79.4000015258789,20.184999465942383,0.3897500038146972,33.880001068115234,15.95199966430664,21.830581665039062
2013-10-07,32.84000015258789,167.42999267578125,78.73999786376953,20.11000061035156,0.3897500038146972,33.29999923706055,15.501500129699709,21.66516494750977
2013-10-08,32.369998931884766,165.47999572753906,77.22000122070312,19.795000076293945,0.3865000009536743,33.0099983215332,15.161499977111816,21.363113403320312
2013-10-09,32.189998626708984,165.60000610351562,76.9800033569336,19.729999542236328,0.3804999887943268,33.06999969482422,14.911499977111816,21.417917251586918
2013-10-10,32.9900016784668,169.1699981689453,78.61000061035156,20.18000030517578,0.3847500085830688,33.7599983215332,15.258500099182127,21.72772789001465
2013-10-11,33.2599983215332,170.25999450683594,79.2300033569336,20.2450008392334,0.3815000057220459,34.130001068115234,15.544500350952148,21.821571350097656
2013-10-14,33.279998779296875,170.94000244140625,79.79000091552734,20.375,0.387250006198883,34.45000076293945,15.53499984741211,21.92467498779297
2013-10-15,32.75,169.6999969482422,79.4800033569336,20.25,0.3852500021457672,34.4900016784668,15.31999969482422,22.072322845458984
2013-10-16,33.02000045776367,172.07000732421875,80.37999725341797,20.424999237060547,0.3899999856948852,34.63999938964844,15.524499893188477,22.473222732543945
2013-10-17,32.869998931884766,173.22000122070312,80.83999633789062,20.530000686645508,0.390749990940094,34.91999816894531,15.53849983215332,22.241992950439453
2013-10-18,32.900001525878906,174.38999938964844,82.1500015258789,20.614999771118164,0.395249992609024,34.959999084472656,16.446500778198242,25.31056022644043
2013-10-21,32.95000076293945,174.39999389648438,82.33000183105469,20.690000534057617,0.3962500095367431,34.9900016784668,16.32200050354004,25.107608795166016
2013-10-22,32.900001525878906,175.41000366210938,82.44999694824219,20.665000915527344,0.3942500054836273,34.58000183105469,16.62700080871582,25.200199127197266
2013-10-23,32.70000076293945,174.57000732421875,81.94999694824219,20.030000686645508,0.387499988079071,33.7599983215332,16.33799934387207,25.81106185913086
2013-10-24,33.06999969482422,175.14999389648438,82.30999755859375,20.125,0.3847500085830688,33.720001220703125,16.61050033569336,25.66441345214844
2013-10-25,33.150001525878906,175.9499969482422,82.9000015258789,20.209999084472656,0.3810000121593475,35.72999954223633,18.16950035095215,25.405405044555664
2013-10-28,33.13999938964844,176.22999572753906,82.91999816894531,20.30500030517578,0.3802500069141388,35.56999969482422,17.908000946044922,25.400400161743164
2013-10-29,33.709999084472656,177.1699981689453,83.05999755859375,20.614999771118164,0.3807500004768371,35.52000045776367,18.13500022888184,25.93193244934082
2013-10-30,33.529998779296875,176.2899932861328,82.9800033569336,20.4950008392334,0.3804999887943268,35.540000915527344,18.054000854492188,25.786285400390625
2013-10-31,33.5,175.7899932861328,82.79000091552734,20.584999084472656,0.3797500133514404,35.40999984741211,18.201499938964844,25.79029083251953
2013-11-01,33.529998779296875,176.2100067138672,82.80999755859375,20.46999931335449,0.3815000057220459,35.529998779296875,17.950000762939453,25.70170211791992
2013-11-04,33.709999084472656,176.8300018310547,82.93000030517578,20.424999237060547,0.3704999983310699,35.939998626708984,17.937000274658203,25.678428649902344
2013-11-05,33.5,176.27000427246094,83.0199966430664,20.3799991607666,0.3700000047683716,36.63999938964844,17.944499969482422,25.56356430053711
2013-11-06,34.06999969482422,177.1699981689453,83.0,20.479999542236328,0.3725000023841858,38.18000030517578,17.80900001525879,25.594343185424805
2013-11-07,34.0,174.92999267578125,81.44000244140625,20.15999984741211,0.363750010728836,37.5,17.17799949645996,25.223974227905277
2013-11-08,34.349998474121094,177.2899932861328,82.54000091552734,20.299999237060547,0.3889999985694885,37.77999877929688,17.515499114990234,25.426176071166992
2013-11-11,34.369998931884766,177.32000732421875,82.41000366210938,20.26000022888184,0.3922500014305115,37.59000015258789,17.7189998626709,25.2900390625
2013-11-12,34.70000076293945,176.9600067138672,82.54000091552734,20.364999771118164,0.3930000066757202,37.36000061035156,17.476499557495117,25.31982040405273
2013-11-13,35.0,178.3800048828125,83.54000091552734,20.5049991607666,0.4037500023841858,38.15999984741211,17.81100082397461,25.837587356567383
2013-11-14,34.380001068115234,179.27000427246094,83.80000305175781,20.3799991607666,0.4054999947547912,38.02000045776367,18.3700008392334,25.90665626525879
2013-11-15,34.91999816894531,180.0500030517578,83.95999908447266,20.520000457763672,0.4042499959468841,37.84000015258789,18.458499908447266,25.864864349365234
2013-11-18,34.93000030517578,179.4199981689453,83.13999938964844,20.395000457763672,0.3944999873638153,37.20000076293945,18.30900001525879,25.814565658569336
2013-11-19,34.7599983215332,179.02999877929688,82.9000015258789,20.225000381469727,0.3860000073909759,36.7400016784668,18.246999740600582,25.655656814575195
2013-11-20,34.75,178.47000122070312,82.69999694824219,20.15999984741211,0.3802500069141388,37.08000183105469,18.12849998474121,25.583332061767575
2013-11-21,34.939998626708984,179.91000366210938,83.54000091552734,20.46999931335449,0.3832499980926513,37.400001525878906,18.44599914550781,25.877628326416016
2013-11-22,34.83000183105469,180.80999755859372,83.98999786376953,20.375,0.37950000166893,37.56999969482422,18.61549949645996,25.82307243347168
2013-11-25,34.779998779296875,180.6300048828125,84.19000244140625,20.3799991607666,0.3877499997615814,37.63999938964844,18.832000732421875,26.17442321777344
2013-11-26,34.93000030517578,180.67999267578125,84.62999725341797,20.46999931335449,0.3910000026226043,37.34999847412109,19.068500518798828,26.486736297607425
2013-11-27,35.290000915527344,181.1199951171875,85.22000122070312,20.575000762939453,0.3925000131130218,37.59999847412109,19.33550071716309,26.60435485839844
2013-11-29,35.290000915527344,181.0,85.7300033569336,20.59000015258789,0.3899999856948852,38.130001068115234,19.68099975585937,26.516265869140625
2013-12-02,35.08000183105469,180.52999877929688,85.4800033569336,20.51000022888184,0.3937500119209289,38.45000076293945,19.614999771118164,26.38838768005371
2013-12-03,35.06999969482422,179.75,85.41000366210938,20.584999084472656,0.3935000002384186,38.310001373291016,19.232999801635746,26.357858657836918
2013-12-04,35.06999969482422,179.72999572753906,85.48999786376953,20.51499938964844,0.3989999890327453,38.93999862670898,19.29800033569336,26.480981826782227
2013-12-05,34.849998474121094,178.94000244140625,85.37999725341797,20.57999992370605,0.3925000131130218,38.0,19.22450065612793,26.4599609375
2013-12-06,35.47999954223633,180.94000244140625,86.0,20.81999969482422,0.3867500126361847,38.36000061035156,19.34749984741211,26.77352333068848
2013-12-09,35.599998474121094,181.3999938964844,86.3499984741211,20.915000915527344,0.3802500069141388,38.709999084472656,19.24449920654297,26.9804801940918
2013-12-10,34.79999923706055,180.75,86.29000091552734,20.834999084472656,0.3889999985694885,38.11000061035156,19.388999938964844,27.143644332885746
2013-12-11,34.560001373291016,178.72000122070312,85.18000030517578,20.69499969482422,0.3852500021457672,37.61000061035156,19.10950088500977,26.959209442138672
2013-12-12,33.599998474121094,178.1300048828125,84.95999908447266,20.46999931335449,0.3777500092983246,37.220001220703125,19.0625,26.775775909423828
2013-12-13,33.22999954223633,178.11000061035156,84.8499984741211,20.434999465942383,0.3754999935626983,36.68999862670898,19.21199989318848,26.546295166015625
2013-12-16,33.540000915527344,179.22000122070312,85.31999969482422,20.549999237060547,0.3759999871253967,36.88999938964844,19.44849967956543,26.85135078430176
2013-12-17,33.630001068115234,178.64999389648438,85.1500015258789,20.71999931335449,0.3777500092983246,36.52000045776367,19.38249969482422,26.773273468017575
2013-12-18,34.599998474121094,181.6999969482422,86.13999938964844,20.924999237060547,0.382999986410141,36.58000183105469,19.79800033569336,27.145896911621094
2013-12-19,36.59999847412109,181.4900054931641,85.9000015258789,20.8700008392334,0.3844999969005584,36.25,19.75950050354004,27.18268394470215
2013-12-20,36.369998931884766,181.55999755859372,86.5,21.024999618530277,0.3922500014305115,36.79999923706055,20.11000061035156,27.54304313659668
2013-12-23,36.93000030517578,182.52999877929688,87.41000366210938,20.875,0.3944999873638153,36.619998931884766,20.145999908447266,27.905405044555664
2013-12-24,37.31999969482422,182.92999267578125,87.44999694824219,20.93000030517578,0.3955000042915344,37.08000183105469,19.959999084472656,27.823823928833008
2013-12-26,37.68999862670898,183.8600006103516,87.73999786376953,21.01499938964844,0.3917500078678131,37.43999862670898,20.21949958801269,27.96446418762207
2013-12-27,37.97999954223633,183.8500061035156,87.5199966430664,21.01499938964844,0.3939999938011169,37.290000915527344,19.90399932861328,27.987987518310547
2013-12-30,37.9900016784668,183.82000732421875,87.38999938964844,21.1200008392334,0.3992500007152557,37.290000915527344,19.668500900268555,27.76426315307617
2013-12-31,38.2599983215332,184.69000244140625,87.95999908447266,21.21500015258789,0.4004999995231628,37.40999984741211,19.93950080871582,28.045795440673828
2014-01-02,37.84000015258789,182.9199981689453,87.2699966430664,20.9950008392334,0.3964999914169311,37.15999984741211,19.898500442504883,27.85585594177246
2014-01-03,37.619998931884766,182.88999938964844,86.63999938964844,20.93000030517578,0.3917500078678131,36.90999984741211,19.82200050354004,27.65265274047852
2014-01-06,37.470001220703125,182.3600006103516,86.31999969482422,20.795000076293945,0.3970000147819519,36.130001068115234,19.68149948120117,27.960960388183597
2014-01-07,37.84999847412109,183.47999572753903,87.12000274658203,20.864999771118164,0.4034999907016754,36.40999984741211,19.901500701904297,28.5
2014-01-08,37.720001220703125,183.5200042724609,87.30999755859375,21.09000015258789,0.4090000092983246,35.7599983215332,20.09600067138672,28.559309005737305
2014-01-09,37.650001525878906,183.63999938964844,87.0199966430664,20.905000686645508,0.3937500119209289,35.529998779296875,20.050500869750977,28.284284591674805
2014-01-10,38.11000061035156,184.13999938964844,87.30000305175781,20.989999771118164,0.3932499885559082,36.040000915527344,19.882999420166016,28.28278350830078
2014-01-13,37.75,181.69000244140625,86.01000213623047,20.780000686645508,0.3840000033378601,34.97999954223633,19.548999786376957,28.10260391235352
2014-01-14,38.209999084472656,183.6699981689453,87.6500015258789,21.334999084472656,0.3959999978542328,35.779998779296875,19.87700080871582,28.76376342773437
2014-01-15,38.40999984741211,184.66000366210935,88.37000274658203,21.475000381469727,0.4002499878406524,36.7599983215332,19.793500900268555,28.74424362182617
2014-01-16,38.290000915527344,184.4199981689453,88.37999725341797,21.405000686645508,0.4014999866485595,36.88999938964844,19.790000915527344,28.93443489074707
2014-01-17,38.209999084472656,183.63999938964844,87.87999725341797,21.145000457763672,0.3997499942779541,36.380001068115234,19.980499267578125,28.792041778564453
2014-01-21,38.11000061035156,184.17999267578125,88.55000305175781,21.239999771118164,0.4012500047683716,36.16999816894531,20.352500915527344,29.12162208557129
2014-01-22,37.97999954223633,184.3000030517578,88.77999877929688,21.479999542236328,0.4007500112056732,35.93000030517578,20.226999282836918,29.15465545654297
2014-01-23,38.150001525878906,182.7899932861328,88.4800033569336,21.20499992370605,0.3992500007152557,36.060001373291016,19.99349975585937,29.031532287597656
2014-01-24,37.11000061035156,178.88999938964844,86.73999786376953,20.80500030517578,0.3889999985694885,36.810001373291016,19.3799991607666,28.12387466430664
2014-01-27,36.4900016784668,178.00999450683594,85.9000015258789,20.6200008392334,0.3865000009536743,36.02999877929688,19.31399917602539,27.55830764770508
2014-01-28,37.09999847412109,179.07000732421875,85.8499984741211,20.71500015258789,0.3902499973773956,36.27000045776367,19.72150039672852,28.10335350036621
2014-01-29,36.970001220703125,177.35000610351562,84.93000030517578,20.584999084472656,0.3865000009536743,36.65999984741211,19.209999084472656,27.70070075988769
2014-01-30,37.400001525878906,179.22999572753906,86.5,20.7549991607666,0.3930000066757202,36.86000061035156,20.15049934387207,28.413162231445312
2014-01-31,36.900001525878906,178.17999267578125,86.2699966430664,20.584999084472656,0.3925000131130218,37.84000015258789,17.934499740600586,29.553804397583008
2014-02-03,35.84000015258789,174.1699981689453,84.29000091552734,20.229999542236328,0.387250006198883,36.47999954223633,17.3075008392334,28.36411476135254
2014-02-04,35.959999084472656,175.38999938964844,84.91000366210938,20.155000686645508,0.3894999921321869,36.34999847412109,17.397499084472656,28.48248291015625
2014-02-05,35.95000076293945,175.1699981689453,84.69000244140625,20.149999618530277,0.3860000073909759,35.81999969482422,17.322500228881836,28.60860824584961
2014-02-06,36.720001220703125,177.47999572753906,85.7699966430664,20.450000762939453,0.3910000026226043,36.18000030517578,17.72949981689453,29.02802848815918
2014-02-07,37.18999862670898,179.67999267578125,87.30000305175781,20.725000381469727,0.3967500030994415,36.560001373291016,18.054000854492188,29.465465545654297
2014-02-10,37.29999923706055,180.00999450683594,87.80000305175781,20.84000015258789,0.3980000019073486,36.79999923706055,18.043500900268555,29.35260391235352
2014-02-11,37.84000015258789,181.97999572753903,88.80000305175781,21.09499931335449,0.40625,37.16999816894531,18.089500427246094,29.784284591674805
2014-02-12,38.06999969482422,182.07000732421875,88.97000122070312,21.209999084472656,0.4207499921321869,37.470001220703125,17.462499618530273,29.69694709777832
2014-02-13,38.41999816894531,183.00999450683597,89.62999725341797,21.434999465942383,0.4339999854564667,37.61000061035156,17.860000610351562,30.027528762817383
2014-02-14,37.97999954223633,184.0200042724609,89.80999755859375,21.59499931335449,0.4477500021457672,37.619998931884766,17.86750030517578,30.100099563598636
2014-02-18,37.970001220703125,184.2400054931641,90.25,21.63999938964844,0.4474999904632568,37.41999816894531,17.6825008392334,30.30230140686035
2014-02-19,37.869998931884766,183.0200042724609,89.62999725341797,21.59000015258789,0.4535000026226043,37.5099983215332,17.368999481201172,30.08858871459961
2014-02-20,38.27000045776367,184.1000061035156,90.05000305175781,21.73500061035156,0.4695000052452087,37.75,17.489999771118164,30.13288307189941
2014-02-21,38.09999847412109,183.88999938964844,89.93000030517578,21.614999771118164,0.4659999907016754,37.97999954223633,17.33799934387207,30.124874114990234
2014-02-24,38.13999938964844,184.91000366210935,90.41000366210938,21.7450008392334,0.4727500081062317,37.68999862670898,17.589000701904297,30.343093872070312
2014-02-25,38.25,184.83999633789065,90.30999755859376,21.625,0.4684999883174896,37.540000915527344,17.916000366210938,30.53053092956543
2014-02-26,38.5,184.8500061035156,90.2300033569336,21.799999237060547,0.4677500128746032,37.470001220703125,17.989999771118164,30.5347843170166
2014-02-27,38.95000076293945,185.82000732421875,90.44000244140624,21.809999465942383,0.4625000059604645,37.86000061035156,18.006500244140625,30.510761260986328
2014-02-28,39.11000061035156,186.2899932861328,90.33999633789062,21.825000762939453,0.4595000147819519,38.310001373291016,18.104999542236328,30.42167282104492
2014-03-03,38.5099983215332,184.97999572753903,89.66999816894531,21.684999465942383,0.4572499990463257,37.77999877929688,17.98900032043457,30.097347259521484
2014-03-04,39.40999984741211,187.5800018310547,90.80999755859376,21.96999931335449,0.4620000123977661,38.40999984741211,18.19499969482422,30.403152465820312
2014-03-05,39.5,187.75,91.05999755859376,21.9950008392334,0.4659999907016754,38.11000061035156,18.61849975585937,30.48698616027832
2014-03-06,39.459999084472656,188.17999267578125,90.9800033569336,22.229999542236328,0.4595000147819519,38.150001525878906,18.607999801635746,30.520771026611328
2014-03-07,38.83000183105469,188.25999450683597,90.52999877929688,22.229999542236328,0.4589999914169311,37.900001525878906,18.60300064086914,30.400150299072266
2014-03-10,38.86000061035156,188.16000366210935,90.61000061035156,22.229999542236328,0.4522500038146972,37.81999969482422,18.526500701904297,30.31957054138184
2014-03-11,38.900001525878906,187.22999572753903,90.22000122070312,22.06999969482422,0.4567500054836273,38.02000045776367,18.44099998474121,30.0297794342041
2014-03-12,38.52000045776367,187.27999877929688,90.55999755859376,22.315000534057617,0.4580000042915344,38.27000045776367,18.53199958801269,30.21271324157715
2014-03-13,37.650001525878906,185.17999267578125,89.27999877929688,22.01000022888184,0.4435000121593475,37.88999938964844,18.57550048828125,29.756256103515625
2014-03-14,37.59999847412109,184.66000366210935,88.66999816894531,21.82999992370605,0.445499986410141,37.70000076293945,18.687000274658203,29.349348068237305
2014-03-17,38.220001220703125,186.3300018310547,89.44999694824219,22.06999969482422,0.445499986410141,38.04999923706055,18.75200080871582,29.832332611083984
2014-03-18,38.84000015258789,187.66000366210935,90.52999877929688,22.32999992370605,0.4560000002384186,39.54999923706055,18.938499450683597,30.311811447143555
2014-03-19,38.54999923706055,186.66000366210935,90.04000091552734,22.30500030517578,0.4639999866485595,39.27000045776367,18.661500930786133,30.011260986328125
2014-03-20,38.369998931884766,187.75,90.29000091552734,22.68000030517578,0.4642499983310699,40.33000183105469,18.44849967956543,29.958959579467773
2014-03-21,37.5,186.1999969482422,89.0,22.44499969482422,0.4634999930858612,40.15999984741211,18.0310001373291,29.60560607910156
2014-03-24,38.18000030517578,185.42999267578125,88.22000122070312,22.3700008392334,0.4612500071525574,40.5,17.592500686645508,28.97722625732422
2014-03-25,38.400001525878906,186.30999755859372,88.51000213623047,22.61000061035156,0.4612500071525574,40.34000015258789,17.73550033569336,28.996997833251957
2014-03-26,39.08000183105469,184.97000122070312,87.37000274658203,22.3799991607666,0.4507499933242798,39.790000915527344,17.170499801635742,28.327577590942383
2014-03-27,39.2400016784668,184.5800018310547,86.87999725341797,22.2549991607666,0.4447500109672546,39.36000061035156,16.923500061035156,27.884885787963867
2014-03-28,39.56999969482422,185.4900054931641,87.05000305175781,22.420000076293945,0.4474999904632568,40.29999923706055,16.914499282836914,28.031782150268555
2014-03-31,40.90999984741211,187.00999450683597,87.66999816894531,22.80500030517578,0.4477500021457672,40.9900016784668,16.818500518798828,27.890640258789062
2014-04-01,41.4900016784668,188.25,89.20999908447266,23.145000457763672,0.4662500023841858,41.41999816894531,17.149499893188477,28.40065193176269
2014-04-02,41.130001068115234,188.8800048828125,89.44000244140625,23.030000686645508,0.4632500112056732,41.34999847412109,17.097999572753906,28.405906677246094
2014-04-03,40.369998931884766,188.6300048828125,88.7300033569336,23.09000015258789,0.4682500064373016,41.0099983215332,16.680999755859375,28.575000762939453
2014-04-04,39.97999954223633,186.3999938964844,86.37000274658203,22.520000457763672,0.4537500143051147,39.869998931884766,16.149999618530273,27.262500762939453
2014-04-07,39.470001220703125,184.33999633789065,85.55000305175781,22.395000457763672,0.4552499949932098,39.79999923706055,15.887999534606934,27.0314998626709
2014-04-08,40.2400016784668,185.1000061035156,86.33999633789062,22.71500015258789,0.4715000092983246,39.81999969482422,16.353500366210938,27.8754997253418
2014-04-09,40.880001068115234,187.08999633789065,87.81999969482422,22.98500061035156,0.4709999859333038,40.470001220703125,16.590499877929688,28.351999282836918
2014-04-10,39.790000915527344,183.16000366210935,85.0999984741211,22.295000076293945,0.4595000147819519,39.36000061035156,15.85550022125244,27.33449935913086
2014-04-11,38.97999954223633,181.50999450683597,84.11000061035156,21.975000381469727,0.453000009059906,39.209999084472656,15.58650016784668,26.88800048828125
2014-04-14,39.56999969482422,182.94000244140625,84.7699966430664,22.170000076293945,0.4580000042915344,39.18000030517578,15.795499801635742,27.26000022888184
2014-04-15,39.72999954223633,184.1999969482422,85.05000305175781,22.325000762939453,0.4612500071525574,39.75,15.803999900817873,27.434999465942383
2014-04-16,40.130001068115234,186.1300048828125,86.18000030517578,22.274999618530277,0.4622499942779541,40.400001525878906,16.18400001525879,28.19499969482422
2014-04-17,40.08000183105469,186.38999938964844,86.19999694824219,22.549999237060547,0.4639999866485595,40.0099983215332,16.245500564575195,27.16699981689453
2014-04-21,40.2400016784668,187.0399932861328,86.83999633789062,22.674999237060547,0.4677500128746032,39.93999862670898,16.543500900268555,26.9685001373291
2014-04-22,40.459999084472656,187.88999938964844,87.52999877929688,22.834999084472656,0.4717499911785126,39.9900016784668,16.465999603271484,27.274999618530277
2014-04-23,39.790000915527344,187.4499969482422,86.76000213623047,22.76000022888184,0.4772500097751617,39.68999862670898,16.229000091552734,26.8754997253418
2014-04-24,39.75,187.8300018310547,87.58999633789062,22.93000030517578,0.4814999997615814,39.86000061035156,16.857500076293945,26.722000122070312
2014-04-25,39.45000076293945,186.2899932861328,86.19000244140625,22.20499992370605,0.4682500064373016,39.90999984741211,15.191499710083008,26.155000686645508
2014-04-28,40.130001068115234,186.8800048828125,86.47000122070312,22.145000457763672,0.4662500023841858,40.869998931884766,14.82900047302246,26.14900016784668
2014-04-29,40.11000061035156,187.75,87.16000366210938,22.239999771118164,0.4672499895095825,40.5099983215332,15.019000053405762,26.816499710083008
2014-04-30,40.880001068115234,188.30999755859372,87.38999938964844,22.334999084472656,0.4617500007152557,40.400001525878906,15.206500053405762,26.74399948120117
2014-05-01,40.970001220703125,188.3300018310547,87.6500015258789,22.170000076293945,0.4642499983310699,40.0,15.39449977874756,26.92650032043457
2014-05-02,40.810001373291016,188.05999755859372,87.48999786376953,22.20499992370605,0.460750013589859,39.68999862670898,15.400500297546388,26.693500518798828
2014-05-05,41.209999084472656,188.4199981689453,87.94999694824219,22.209999084472656,0.4657500088214874,39.43000030517578,15.5024995803833,26.76650047302246
2014-05-06,41.0099983215332,186.77999877929688,86.80999755859375,22.174999237060547,0.4562500119209289,39.060001373291016,14.869000434875488,26.12849998474121
2014-05-07,41.060001373291016,187.8800048828125,86.55999755859375,22.26000022888184,0.4567500054836273,39.41999816894531,14.635499954223633,25.899999618530277
2014-05-08,40.869998931884766,187.67999267578125,86.4800033569336,22.405000686645508,0.4625000059604645,39.63999938964844,14.416000366210938,26.00849914550781
2014-05-09,41.040000915527344,187.9600067138672,86.80000305175781,22.30500030517578,0.4512499868869781,39.540000915527344,14.612000465393066,26.33099937438965
2014-05-12,41.95000076293945,189.7899932861328,88.2300033569336,22.674999237060547,0.4645000100135803,39.970001220703125,15.142999649047852,26.921499252319336
2014-05-13,41.88999938964844,189.9600067138672,88.29000091552734,22.51000022888184,0.4569999873638153,40.41999816894531,15.232000350952148,27.07699966430664
2014-05-14,41.880001068115234,189.05999755859372,87.83000183105469,22.325000762939453,0.4524999856948852,40.2400016784668,14.880999565124512,26.72050094604492
2014-05-15,41.93000030517578,187.3999938964844,87.13999938964844,22.104999542236328,0.449999988079071,39.59999847412109,14.759499549865724,26.45599937438965
2014-05-16,41.68999862670898,188.0500030517578,87.70999908447266,22.280000686645508,0.4490000009536743,39.83000183105469,14.885000228881836,26.415000915527344
2014-05-19,42.15999984741211,188.7400054931641,88.31999969482422,22.475000381469727,0.4634999930858612,39.75,14.838000297546388,26.941499710083008
2014-05-20,41.560001373291016,187.5500030517578,88.0,22.364999771118164,0.4560000002384186,39.68000030517578,15.059499740600586,27.019500732421875
2014-05-21,41.68000030517578,189.1300048828125,88.83999633789062,22.4950008392334,0.4560000002384186,40.34999847412109,15.250499725341797,27.48500061035156
2014-05-22,41.52000045776367,189.58999633789065,89.2300033569336,22.575000762939453,0.4580000042915344,40.09999847412109,15.24549961090088,27.772499084472656
2014-05-23,42.150001525878906,190.3500061035156,89.87999725341797,22.75,0.4622499942779541,40.119998931884766,15.612000465393066,28.190000534057617
2014-05-27,41.90999984741211,191.5200042724609,91.0,23.075000762939453,0.4704999923706054,40.18999862670898,15.541000366210938,28.74349975585937
2014-05-28,41.56999969482422,191.3800048828125,90.72000122070312,23.11000061035156,0.4745000004768371,40.0099983215332,15.508000373840332,28.522499084472656
2014-05-29,42.20000076293945,192.3699951171875,91.3000030517578,23.114999771118164,0.4737499952316284,40.34000015258789,15.689000129699709,28.527999877929688
2014-05-30,42.02000045776367,192.67999267578125,91.30999755859376,23.170000076293945,0.4749999940395355,40.93999862670898,15.6274995803833,28.582500457763672
2014-06-02,41.970001220703125,192.8999938964844,91.22000122070312,23.299999237060547,0.4735000133514404,40.790000915527344,15.44200038909912,28.21699905395508
2014-06-03,41.810001373291016,192.8000030517578,91.18000030517578,23.59000015258789,0.4715000092983246,40.290000915527344,15.35949993133545,27.725500106811523
2014-06-04,41.70000076293945,193.19000244140625,91.5199966430664,23.665000915527344,0.4720000028610229,40.31999969482422,15.33899974822998,27.6879997253418
2014-06-05,42.09999847412109,194.4499969482422,92.29000091552734,23.76000022888184,0.4740000069141388,41.209999084472656,16.178499221801758,28.24650001525879
2014-06-06,42.630001068115234,195.3800048828125,92.81999969482422,23.88500022888184,0.4757499992847442,41.47999954223633,16.48349952697754,28.30150032043457
2014-06-09,42.70000076293945,195.5800018310547,92.75,23.934999465942383,0.4762499928474426,41.27000045776367,16.375,28.536500930786133
2014-06-10,42.65999984741211,195.6000061035156,92.91000366210938,24.05500030517578,0.4787499904632568,41.11000061035156,16.620500564575195,28.415000915527344
2014-06-11,42.560001373291016,194.9199981689453,92.88999938964844,24.09499931335449,0.4850000143051147,40.86000061035156,16.760000228881836,28.375
2014-06-12,42.0,193.5399932861328,92.0500030517578,24.040000915527344,0.4880000054836273,40.58000183105469,16.295499801635742,27.975000381469727
2014-06-13,42.13999938964844,194.1300048828125,92.31999969482422,24.43000030517578,0.4884999990463257,41.22999954223633,16.313499450683594,28.01749992370605
2014-06-16,42.150001525878906,194.2899932861328,92.4000015258789,24.530000686645508,0.4869999885559082,41.5,16.381000518798828,27.614999771118164
2014-06-17,42.31999969482422,194.8300018310547,92.4499969482422,24.63500022888184,0.4902499914169311,41.68000030517578,16.2810001373291,27.5310001373291
2014-06-18,42.810001373291016,196.25999450683597,92.97000122070312,24.59000015258789,0.4897499978542328,41.650001525878906,16.7189998626709,28.03300094604492
2014-06-19,42.5099983215332,196.47999572753903,92.91000366210938,24.68000030517578,0.4785000085830688,41.5099983215332,16.350000381469727,28.249500274658203
2014-06-20,40.81999969482422,195.94000244140625,92.7699966430664,24.68000030517578,0.47325000166893,41.68000030517578,16.209999084472656,28.326000213623047
2014-06-23,41.09999847412109,195.8800048828125,92.79000091552734,24.600000381469727,0.4677500128746032,41.9900016784668,16.36199951171875,28.714500427246094
2014-06-24,40.7599983215332,194.6999969482422,92.6999969482422,24.440000534057617,0.4605000019073486,41.75,16.20800018310547,28.62700080871582
2014-06-25,40.459999084472656,195.5800018310547,93.29000091552734,24.604999542236328,0.4652499854564667,42.02999877929688,16.371999740600586,29.296499252319336
2014-06-26,40.150001525878906,195.44000244140625,93.33999633789062,24.48500061035156,0.4589999914169311,41.720001220703125,16.284500122070312,29.238500595092773
2014-06-27,40.52999877929688,195.82000732421875,93.75,24.565000534057617,0.4595000147819519,42.25,16.228500366210938,29.284500122070312
2014-06-30,40.52999877929688,195.72000122070312,93.91000366210938,24.7450008392334,0.4634999930858612,41.70000076293945,16.23900032043457,29.23349952697754
2014-07-01,40.77000045776367,197.02999877929688,94.94000244140624,25.145000457763672,0.46875,41.869998931884766,16.61949920654297,29.574499130249023
2014-07-02,40.95000076293945,197.22999572753903,95.0999984741211,25.21999931335449,0.4670000076293945,41.900001525878906,16.642499923706055,29.53899955749512
2014-07-03,41.34000015258789,198.1999969482422,95.6999969482422,25.46500015258789,0.4712499976158142,41.79999923706055,16.874500274658203,29.65399932861328
2014-07-07,40.88999938964844,197.50999450683597,95.41000366210938,25.274999618530277,0.4675000011920929,41.9900016784668,16.677499771118164,29.538000106811523
2014-07-08,40.560001373291016,196.2400054931641,94.26000213623048,25.149999618530277,0.4637500047683716,41.77999877929688,16.190500259399414,28.920000076293945
2014-07-09,40.2599983215332,197.1199951171875,94.95999908447266,25.229999542236328,0.4777500033378601,41.66999816894531,16.49850082397461,29.167999267578125
2014-07-10,40.31999969482422,196.33999633789065,94.66000366210938,25.2450008392334,0.4752500057220459,41.68999862670898,16.395999908447266,29.00200080871582
2014-07-11,40.130001068115234,196.6100006103516,95.2699966430664,25.190000534057617,0.4762499928474426,42.09000015258789,17.309999465942383,29.332500457763672
2014-07-14,40.4900016784668,197.6000061035156,95.83999633789062,25.34000015258789,0.4822500050067901,42.13999938964844,17.766000747680664,29.71299934387207
2014-07-15,40.540000915527344,197.22999572753903,95.51000213623048,25.280000686645508,0.484250009059906,42.45000076293945,17.722000122070312,29.652999877929688
2014-07-16,40.2599983215332,197.9600067138672,95.88999938964844,25.559999465942383,0.4837499856948852,44.08000183105469,17.795000076293945,29.5310001373291
2014-07-17,39.90999984741211,195.7100067138672,94.62000274658205,24.93000030517578,0.4824999868869781,44.52999877929688,17.622499465942383,29.041000366210938
2014-07-18,40.0,197.7100067138672,96.12000274658205,25.225000381469727,0.460999995470047,44.68999862670898,17.933000564575195,30.25550079345703
2014-07-21,40.0099983215332,197.33999633789065,96.0,25.325000762939453,0.4637500047683716,44.84000015258789,17.988000869750977,29.92200088500977
2014-07-22,40.43000030517578,198.1999969482422,96.61000061035156,25.565000534057617,0.4617500007152557,44.83000183105469,18.04199981689453,30.17849922180176
2014-07-23,40.310001373291016,198.63999938964844,97.2300033569336,25.03499984741211,0.4519999921321869,44.869998931884766,17.906999588012695,30.25950050354004
2014-07-24,40.470001220703125,198.6499938964844,97.12000274658205,25.01000022888184,0.4527499973773956,44.400001525878906,17.930500030517578,30.15049934387207
2014-07-25,40.33000183105469,197.72000122070312,96.73999786376952,24.540000915527344,0.4447500109672546,44.5,16.20050048828125,29.90399932861328
2014-07-28,40.54999923706055,197.8000030517578,96.7699966430664,24.530000686645508,0.4429999887943268,43.970001220703125,16.02050018310547,29.951000213623047
2014-07-29,40.630001068115234,196.9499969482422,96.5999984741211,24.520000457763672,0.4444999992847442,43.88999938964844,16.0,29.69750022888184
2014-07-30,40.959999084472656,196.97999572753903,96.9800033569336,24.850000381469727,0.4519999921321869,43.58000183105469,16.125499725341797,29.77199935913086
2014-07-31,40.38999938964844,193.08999633789065,95.0199966430664,24.3799991607666,0.4375,43.15999984741211,15.649499893188477,28.977500915527344
2014-08-01,39.61000061035156,192.5,94.66999816894533,24.46500015258789,0.4422500133514404,42.86000061035156,15.352999687194824,28.68000030517578
2014-08-04,40.09999847412109,193.88999938964844,95.31999969482422,24.56999969482422,0.4412499964237213,43.369998931884766,15.682499885559082,29.113500595092773
2014-08-05,39.959999084472656,192.00999450683597,94.58999633789062,24.165000915527344,0.4415000081062317,43.08000183105469,15.616000175476074,28.65699958801269
2014-08-06,40.15999984741211,192.07000732421875,94.5199966430664,24.299999237060547,0.4410000145435333,42.7400016784668,15.694499969482422,28.72450065612793
2014-08-07,39.66999816894531,191.02999877929688,94.22000122070312,24.030000686645508,0.4365000128746032,43.22999954223633,15.572500228881836,28.590499877929688
2014-08-08,39.93999862670898,193.2400054931641,94.9000015258789,24.21500015258789,0.4749999940395355,43.20000076293945,15.84000015258789,28.89699935913086
2014-08-11,39.91999816894531,193.8000030517578,95.45999908447266,24.46500015258789,0.4724999964237213,43.20000076293945,15.916500091552734,28.862499237060547
2014-08-12,39.900001525878906,193.52999877929688,95.41999816894533,24.44499969482422,0.4724999964237213,43.52000045776367,15.965999603271484,28.606000900268555
2014-08-13,40.2400016784668,194.83999633789065,96.43000030517578,24.7450008392334,0.4752500057220459,44.08000183105469,16.31399917602539,29.22800064086914
2014-08-14,40.220001220703125,195.75999450683597,96.93000030517578,24.82999992370605,0.4699999988079071,44.27000045776367,16.660499572753906,29.232500076293945
2014-08-15,40.27999877929688,195.72000122070312,97.4000015258789,25.03499984741211,0.4760000109672546,44.790000915527344,16.681499481201172,29.18549919128418
2014-08-18,40.63999938964844,197.3600006103516,98.1500015258789,25.145000457763672,0.4824999868869781,45.11000061035156,16.726499557495117,29.63500022888184
2014-08-19,41.40999984741211,198.38999938964844,98.6999969482422,25.30500030517578,0.484250009059906,45.33000183105469,16.756500244140625,29.855499267578125
2014-08-20,41.25,198.9199981689453,98.6999969482422,25.44499969482422,0.481249988079071,44.95000076293945,16.788999557495117,29.77050018310547
2014-08-21,41.58000183105469,199.5,98.9000015258789,25.55500030517578,0.476749986410141,45.220001220703125,16.64550018310547,29.621000289916992
2014-08-22,41.630001068115234,199.19000244140625,99.0500030517578,25.59000015258789,0.4769999980926513,45.150001525878906,16.579500198364258,29.62700080871582
2014-08-25,41.7400016784668,200.1999969482422,99.4000015258789,25.4950008392334,0.4777500033378601,45.16999816894531,16.701000213623047,29.528499603271484
2014-08-26,41.84000015258789,200.3300018310547,99.5,25.5,0.4862500131130218,45.0099983215332,17.09149932861328,29.4060001373291
2014-08-27,41.63999938964844,200.25,99.5199966430664,25.549999237060547,0.4807499945163727,44.869998931884766,17.159000396728516,29.149999618530277
2014-08-28,41.27000045776367,200.13999938964844,99.41000366210938,25.63999938964844,0.4847500026226043,44.880001068115234,17.000999450683594,29.016000747680664
2014-08-29,41.52999877929688,200.7100067138672,99.77999877929688,25.84000015258789,0.4862500131130218,45.43000030517578,16.95199966430664,29.118000030517575
2014-09-02,41.65999984741211,200.6100006103516,100.06999969482422,25.834999084472656,0.4875000119209289,45.09000015258789,17.118999481201172,29.43149948120117
2014-09-03,41.900001525878906,200.5,99.4800033569336,25.90999984741211,0.492000013589859,44.959999084472656,16.950000762939453,29.47599983215332
2014-09-04,41.54999923706055,200.2100067138672,99.38999938964844,25.96500015258789,0.5007500052452087,45.2599983215332,17.297500610351562,29.65699958801269
2014-09-05,41.27000045776367,201.1100006103516,99.88999938964844,26.09000015258789,0.4992499947547912,45.90999984741211,17.319000244140625,29.888999938964844
2014-09-08,40.63999938964844,200.58999633789065,100.08000183105467,26.11000061035156,0.4947499930858612,46.470001220703125,17.117000579833984,30.081499099731445
2014-09-09,40.709999084472656,199.32000732421875,99.25,25.915000915527344,0.4884999990463257,46.7599983215332,16.487499237060547,29.598499298095703
2014-09-10,40.709999084472656,200.07000732421875,100.06999969482422,25.90999984741211,0.4902499914169311,46.84000015258789,16.566499710083008,29.67099952697754
2014-09-11,40.68000030517578,200.3000030517578,99.98999786376952,25.950000762939453,0.4852499961853027,47.0,16.525999069213867,29.555500030517575
2014-09-12,40.5,199.1300048828125,99.4800033569336,25.600000381469727,0.4779999852180481,46.70000076293945,16.559499740600586,29.2450008392334
2014-09-15,40.65999984741211,198.97999572753903,98.5199966430664,25.3799991607666,0.4715000092983246,46.2400016784668,16.194499969482422,29.082000732421875
2014-09-16,41.18999862670898,200.47999572753903,99.37999725341795,25.7549991607666,0.4785000085830688,46.7599983215332,16.38800048828125,29.43899917602539
2014-09-17,41.13999938964844,200.75,99.52999877929688,25.924999237060547,0.4787499904632568,46.52000045776367,16.200000762939453,29.664499282836918
2014-09-18,41.54999923706055,201.82000732421875,100.27999877929688,26.274999618530277,0.4860000014305115,46.68000030517578,16.25,29.863500595092773
2014-09-19,39.79999923706055,200.6999969482422,99.9800033569336,25.96500015258789,0.4769999980926513,47.52000045776367,16.56599998474121,30.270000457763672
2014-09-22,39.58000183105469,199.1499938964844,99.0500030517578,25.674999237060547,0.4722500145435333,47.060001373291016,16.225000381469727,29.863500595092773
2014-09-23,38.83000183105469,198.00999450683597,98.77999877929688,25.559999465942383,0.4702500104904175,46.560001373291016,16.181499481201172,29.55900001525879
2014-09-24,39.41999816894531,199.55999755859372,99.83999633789062,25.86000061035156,0.4729999899864197,47.08000183105469,16.410499572753906,29.92099952697754
2014-09-25,38.7599983215332,196.33999633789065,97.73999786376952,25.415000915527344,0.4627499878406524,46.040000915527344,16.096500396728516,29.262500762939453
2014-09-26,38.95000076293945,197.8999938964844,98.77999877929688,25.649999618530277,0.4637500047683716,46.40999984741211,16.160499572753906,29.395000457763672
2014-09-29,38.43999862670898,197.5399932861328,98.6500015258789,25.690000534057617,0.4629999995231628,46.43999862670898,16.090999603271484,29.390499114990234
2014-09-30,38.27999877929688,197.0200042724609,98.79000091552734,25.545000076293945,0.4612500071525574,46.36000061035156,16.121999740600586,29.420499801635746
2014-10-01,38.09000015258789,194.3500061035156,97.20999908447266,24.98500061035156,0.4567500054836273,45.900001525878906,15.873000144958496,28.98150062561035
2014-10-02,38.27000045776367,194.3800048828125,97.20999908447266,24.864999771118164,0.4547500014305115,45.7599983215332,15.920499801635742,29.04400062561035
2014-10-03,38.88999938964844,196.5200042724609,98.16999816894533,25.065000534057617,0.4557499885559082,46.09000015258789,16.136999130249023,29.3125
2014-10-06,39.08000183105469,196.2899932861328,97.95999908447266,24.950000762939453,0.453000009059906,46.09000015258789,16.110000610351562,29.388999938964844
2014-10-07,38.459999084472656,193.25999450683597,96.56999969482422,24.46500015258789,0.4482499957084656,45.52999877929688,15.848999977111816,28.70499992370605
2014-10-08,39.02000045776367,196.63999938964844,98.4499969482422,24.98500061035156,0.4564999938011169,46.77999877929688,16.135000228881836,29.187000274658203
2014-10-09,38.7400016784668,192.7400054931641,96.86000061035156,24.399999618530277,0.4477500021457672,45.84999847412109,15.768500328063965,28.54050064086914
2014-10-10,38.09999847412109,190.5399932861328,94.44000244140624,22.78499984741211,0.4212499856948852,44.02999877929688,15.569499969482422,27.75950050354004
2014-10-13,38.22999954223633,187.41000366210935,92.95999908447266,22.459999084472656,0.4197500050067901,43.650001525878906,15.322500228881836,27.237499237060547
2014-10-14,38.459999084472656,187.6999969482422,92.97000122070312,22.940000534057617,0.429500013589859,43.72999954223633,15.415499687194824,27.434499740600582
2014-10-15,38.29999923706055,186.42999267578125,92.37000274658205,22.934999465942383,0.4359999895095825,43.220001220703125,15.298500061035156,27.036500930786133
2014-10-16,37.560001373291016,186.2700042724609,91.79000091552734,23.209999084472656,0.4362500011920929,42.7400016784668,15.142999649047852,26.84600067138672
2014-10-17,37.869998931884766,188.47000122070312,93.0,23.45499992370605,0.4354999959468841,43.630001068115234,15.182000160217283,26.148500442504883
2014-10-20,37.79999923706055,190.3000030517578,94.38999938964844,23.68000030517578,0.4392499923706054,44.08000183105469,15.310500144958496,26.61899948120117
2014-10-21,38.34999847412109,194.07000732421875,96.87000274658205,24.40999984741211,0.4580000042915344,44.880001068115234,15.76650047302246,26.901500701904297
2014-10-22,37.63999938964844,192.69000244140625,96.37000274658205,24.1200008392334,0.4472500085830688,44.380001068115234,15.648500442504885,27.13450050354004
2014-10-23,38.22999954223633,194.92999267578125,97.81999969482422,24.43000030517578,0.4572499990463257,45.02000045776367,15.659000396728516,27.6825008392334
2014-10-24,38.72999954223633,196.42999267578125,98.62000274658205,24.63500022888184,0.4620000123977661,46.130001068115234,14.352999687194824,27.44499969482422
2014-10-27,38.43000030517578,196.16000366210935,98.69000244140624,25.049999237060547,0.4622499942779541,45.90999984741211,14.498499870300291,27.49399948120117
2014-10-28,38.650001525878906,198.41000366210935,100.18000030517578,25.114999771118164,0.47325000166893,46.4900016784668,14.779500007629396,27.94700050354004
2014-10-29,38.58000183105469,198.1100006103516,99.80999755859376,25.1299991607666,0.4702500104904175,46.619998931884766,14.706000328063965,27.92250061035156
2014-10-30,38.5,199.3800048828125,100.0199966430664,24.725000381469727,0.4672499895095825,46.04999923706055,14.953499794006348,28.013500213623047
2014-10-31,39.04999923706055,201.66000366210935,101.4000015258789,25.709999084472656,0.4884999990463257,46.95000076293945,15.27299976348877,28.39349937438965
2014-11-03,38.9900016784668,201.7700042724609,101.6999969482422,25.854999542236328,0.496749997138977,47.43999862670898,15.28600025177002,28.188499450683597
2014-11-04,39.130001068115234,201.07000732421875,101.36000061035156,25.84499931335449,0.503250002861023,47.56999969482422,15.14050006866455,28.20949935913086
2014-11-05,39.290000915527344,202.33999633789065,101.37000274658205,26.020000457763672,0.503250002861023,47.86000061035156,14.826000213623049,27.79750061035156
2014-11-06,39.810001373291016,203.1499938964844,101.69000244140624,25.989999771118164,0.5055000185966492,48.70000076293945,14.83199977874756,27.58449935913086
2014-11-07,39.93999862670898,203.33999633789065,101.5999984741211,25.790000915527344,0.4947499930858612,48.68000030517578,14.993000030517578,27.590999603271484
2014-11-10,40.45000076293945,203.97999572753903,101.95999908447266,25.98500061035156,0.5005000233650208,48.88999938964844,15.255499839782717,27.911500930786133
2014-11-11,40.470001220703125,204.17999267578125,102.27999877929688,25.90999984741211,0.4945000112056732,48.869998931884766,15.600500106811523,28.06450080871582
2014-11-12,40.13999938964844,203.9600067138672,102.45999908447266,25.854999542236328,0.4912500083446502,48.77999877929688,15.575499534606934,27.912500381469727
2014-11-13,40.720001220703125,204.19000244140625,102.9000015258789,25.924999237060547,0.488750010728836,49.61000061035156,15.824000358581545,27.82200050354004
2014-11-14,40.84000015258789,204.2400054931641,103.22000122070312,26.149999618530277,0.4947499930858612,49.58000183105469,16.391000747680664,27.75950050354004
2014-11-17,41.15999984741211,204.3699951171875,102.91000366210938,26.020000457763672,0.4925000071525574,49.459999084472656,16.15250015258789,27.332000732421875
2014-11-18,41.2599983215332,205.5500030517578,103.68000030517578,26.354999542236328,0.5042499899864197,48.7400016784668,16.24650001525879,27.225500106811523
2014-11-19,40.91999816894531,205.22000122070312,103.20999908447266,26.309999465942383,0.500249981880188,48.220001220703125,16.32699966430664,27.36000061035156
2014-11-20,40.91999816894531,205.5800018310547,103.66999816894533,26.70499992370605,0.5084999799728394,48.70000076293945,16.527000427246094,27.1879997253418
2014-11-21,41.43999862670898,206.67999267578125,103.87000274658205,26.86000061035156,0.5112500190734863,47.97999954223633,16.631500244140625,27.29450035095215
2014-11-24,41.43000030517578,207.25999450683597,104.68000030517578,27.065000534057617,0.5145000219345093,47.59000015258789,16.781999588012695,27.374000549316406
2014-11-25,41.150001525878906,207.1100006103516,104.83999633789062,27.045000076293945,0.5142499804496765,47.470001220703125,16.75200080871582,27.46150016784668
2014-11-26,41.869998931884766,207.63999938964844,105.5199966430664,27.59000015258789,0.5230000019073486,47.75,16.678499221801758,27.386499404907227
2014-11-28,42.40999984741211,207.1999969482422,106.01000213623048,27.774999618530277,0.5242499709129333,47.810001373291016,16.93199920654297,27.45400047302246
2014-12-01,42.08000183105469,205.75999450683597,104.80999755859376,27.45499992370605,0.5145000219345093,48.619998931884766,16.299999237060547,26.982500076293945
2014-12-02,42.18000030517578,207.08999633789065,105.2300033569336,27.520000457763672,0.515250027179718,48.459999084472656,16.315500259399414,26.929500579833984
2014-12-03,42.060001373291016,207.88999938964844,105.41999816894533,27.989999771118164,0.5285000205039978,48.08000183105469,15.824999809265137,26.848499298095703
2014-12-04,41.88999938964844,207.66000366210935,105.37000274658205,28.030000686645508,0.5237500071525574,48.84000015258789,15.846500396728516,27.128999710083008
2014-12-05,41.93000030517578,208.0,105.37999725341795,28.26499938964844,0.5267500281333923,48.41999816894531,15.631500244140623,26.40399932861328
2014-12-08,41.369998931884766,206.6100006103516,104.62999725341795,27.8799991607666,0.5199999809265137,47.70000076293945,15.33199977874756,26.536500930786133
2014-12-09,41.869998931884766,206.47000122070312,104.95999908447266,27.82999992370605,0.5182499885559082,47.59000015258789,15.625,26.805500030517575
2014-12-10,40.91999816894531,203.16000366210935,103.30999755859376,27.399999618530277,0.5067499876022339,46.900001525878906,15.291999816894531,26.402000427246094
2014-12-11,40.7599983215332,204.19000244140625,103.8000030517578,27.51499938964844,0.5065000057220459,47.16999816894531,15.368000030517578,26.605499267578125
2014-12-12,39.95000076293945,200.88999938964844,102.66999816894533,27.104999542236328,0.4907500147819519,46.95000076293945,15.366000175476074,26.07550048828125
2014-12-15,41.11000061035156,199.50999450683597,101.61000061035156,26.8700008392334,0.4892500042915344,46.66999816894531,15.303500175476074,25.79199981689453
2014-12-16,40.630001068115234,197.91000366210935,99.9800033569336,26.645000457763672,0.4837499856948852,45.15999984741211,14.753000259399414,24.90800094604492
2014-12-17,41.15999984741211,201.7899932861328,101.8000030517578,27.174999237060547,0.5034999847412109,45.7400016784668,14.944000244140623,25.32250022888184
2014-12-18,45.34999847412109,206.77999877929688,104.25,27.649999618530277,0.5055000185966492,47.52000045776367,14.886500358581545,25.731000900268555
2014-12-19,46.0,206.5200042724609,104.31999969482422,27.549999237060547,0.5105000138282776,47.65999984741211,14.994999885559082,26.00200080871582
2014-12-22,45.650001525878906,207.47000122070312,104.58000183105467,27.684999465942383,0.5195000171661377,47.97999954223633,15.32699966430664,26.614999771118164
2014-12-23,46.0099983215332,207.75,104.20999908447266,27.625,0.5162500143051147,48.45000076293945,15.314499855041504,26.938499450683597
2014-12-24,46.22999954223633,207.7700042724609,104.3000030517578,27.69499969482422,0.5142499804496765,48.13999938964844,15.15149974822998,26.84650039672852
2014-12-26,46.09999847412109,208.44000244140625,105.04000091552734,27.670000076293945,0.5147500038146973,47.880001068115234,15.454500198364258,27.076000213623047
2014-12-29,45.61000061035156,208.72000122070312,105.0199966430664,27.59499931335449,0.5139999985694885,47.45000076293945,15.60200023651123,26.86549949645996
2014-12-30,45.34000015258789,207.6000061035156,104.31999969482422,27.420000076293945,0.5092499852180481,47.02000045776367,15.515000343322754,26.763999938964844
2014-12-31,44.970001220703125,205.5399932861328,103.25,27.309999465942383,0.5012500286102295,46.45000076293945,15.517499923706056,26.53300094604492
2015-01-02,44.33000183105469,205.42999267578125,102.94000244140624,27.2450008392334,0.503250002861023,46.7599983215332,15.425999641418455,26.477500915527344
2015-01-05,43.59000015258789,201.72000122070312,101.43000030517578,26.76000022888184,0.4947499930858612,46.33000183105469,15.10949993133545,25.972999572753903
2015-01-06,43.13999938964844,199.82000732421875,100.06999969482422,26.1299991607666,0.4797500073909759,45.650001525878906,14.76449966430664,25.332000732421875
2015-01-07,43.150001525878906,202.30999755859372,101.36000061035156,26.46999931335449,0.4785000085830688,46.22999954223633,14.92099952697754,25.25749969482422
2015-01-08,43.40999984741211,205.8999938964844,103.3000030517578,27.1299991607666,0.4964999854564667,47.59000015258789,15.02299976348877,25.34550094604492
2015-01-09,43.38999938964844,204.25,102.62000274658205,27.049999237060547,0.4984999895095825,47.18999862670898,14.846500396728516,25.035999298095703
2015-01-12,43.27000045776367,202.6499938964844,101.5500030517578,26.70499992370605,0.492249995470047,46.59999847412109,14.570500373840332,24.85300064086914
2015-01-13,42.93000030517578,202.0800018310547,101.5199966430664,26.55500030517578,0.4914999902248382,46.36000061035156,14.737000465393066,25.09000015258789
2015-01-14,43.060001373291016,200.8600006103516,100.95999908447266,26.45499992370605,0.4934999942779541,45.959999084472656,14.66349983215332,25.296499252319336
2015-01-15,42.630001068115234,199.0200042724609,99.6500015258789,26.600000381469727,0.4900000095367431,45.47999954223633,14.34749984741211,25.20050048828125
2015-01-16,43.5099983215332,201.6300048828125,100.81999969482422,26.815000534057617,0.4990000128746032,46.2400016784668,14.536999702453612,25.52300071716309
2015-01-20,43.900001525878906,202.05999755859372,101.62000274658205,27.07999992370605,0.5005000233650208,46.38999938964844,14.472000122070312,25.496999740600582
2015-01-21,43.4900016784668,203.0800018310547,102.13999938964844,27.43000030517578,0.5074999928474426,45.91999816894531,14.862500190734863,26.019500732421875
2015-01-22,44.04999923706055,206.1000061035156,104.02999877929688,27.674999237060547,0.5162500143051147,47.130001068115234,15.515999794006348,26.864999771118164
2015-01-23,44.18999862670898,204.97000122070312,104.26000213623048,27.55500030517578,0.5177500247955322,47.18000030517578,15.619500160217283,27.09749984741211
2015-01-26,43.900001525878906,205.4499969482422,104.13999938964844,27.559999465942383,0.515500009059906,47.0099983215332,15.482999801635742,26.836000442504883
2015-01-27,43.400001525878906,202.7400054931641,101.44000244140624,27.01000022888184,0.4907500147819519,42.65999984741211,15.337499618530272,26.059499740600582
2015-01-28,42.68999862670898,200.13999938964844,100.91999816894533,26.780000686645508,0.4827499985694885,41.18999862670898,15.195500373840332,25.62150001525879
2015-01-29,42.86000061035156,201.9900054931641,101.88999938964844,26.93000030517578,0.4945000112056732,42.0099983215332,15.58899974822998,25.661500930786133
2015-01-30,41.88999938964844,199.4499969482422,101.0999984741211,26.364999771118164,0.4799999892711639,40.400001525878906,17.726499557495117,26.877500534057617
2015-02-02,42.68000030517578,201.9199981689453,101.9800033569336,26.415000915527344,0.4905000030994415,41.27999877929688,18.223499298095703,26.61000061035156
2015-02-03,43.040000915527344,204.83999633789065,102.95999908447266,26.790000915527344,0.5027499794960022,41.59999847412109,18.177499771118164,26.665000915527344
2015-02-04,42.41999816894531,204.05999755859372,102.87000274658205,26.979999542236328,0.5040000081062317,41.84000015258789,18.237499237060547,26.30500030517578
2015-02-05,43.15999984741211,206.1199951171875,103.76000213623048,27.25,0.5122500061988831,42.45000076293945,18.694499969482425,26.491500854492188
2015-02-06,42.97999954223633,205.5500030517578,103.12999725341795,26.959999084472656,0.5099999904632568,42.40999984741211,18.714000701904297,26.694000244140625
2015-02-09,43.400001525878906,204.6300048828125,102.8000030517578,26.604999542236328,0.5095000267028809,42.36000061035156,18.527999877929688,26.464000701904297
2015-02-10,43.9900016784668,206.80999755859372,104.4000015258789,27.479999542236328,0.5237500071525574,42.59999847412109,18.649999618530277,27.007999420166016
2015-02-11,43.36000061035156,206.92999267578125,104.77999877929688,27.63999938964844,0.5202500224113464,42.380001068115234,18.756999969482425,26.899999618530277
2015-02-12,43.88999938964844,208.9199981689453,106.0,28.030000686645508,0.5575000047683716,43.09000015258789,18.85849952697754,27.300500869750977
2015-02-13,43.93000030517578,209.77999877929688,106.91000366210938,28.19499969482422,0.5577499866485596,43.869998931884766,19.09149932861328,27.558000564575195
2015-02-17,43.84000015258789,210.1100006103516,107.01000213623048,28.315000534057617,0.559499979019165,43.58000183105469,18.771499633789062,27.2504997253418
2015-02-18,44.09999847412109,210.1300048828125,107.16000366210938,28.21999931335449,0.5529999732971191,43.52999877929688,18.668500900268555,27.13249969482422
2015-02-19,44.11000061035156,209.97999572753903,107.69000244140624,28.23500061035156,0.5544999837875366,43.5,18.950000762939453,27.32250022888184
2015-02-20,43.77000045776367,211.2400054931641,108.41000366210938,28.364999771118164,0.5584999918937683,43.86000061035156,19.183000564575195,27.09000015258789
2015-02-23,43.77999877929688,211.2100067138672,108.5199966430664,28.15999984741211,0.5540000200271606,44.150001525878906,19.006999969482425,26.75
2015-02-24,43.880001068115234,211.80999755859372,108.5999984741211,28.739999771118164,0.5577499866485596,44.09000015258789,18.929500579833984,26.9325008392334
2015-02-25,43.72999954223633,211.6300048828125,108.33000183105467,28.545000076293945,0.5534999966621399,43.9900016784668,19.26849937438965,27.366500854492188
2015-02-26,43.88999938964844,211.3800048828125,108.87999725341795,28.649999618530277,0.5550000071525574,44.060001373291016,19.239999771118164,27.964500427246094
2015-02-27,43.81999969482422,210.66000366210935,108.4000015258789,28.48500061035156,0.5515000224113464,43.84999847412109,19.007999420166016,28.131500244140625
2015-03-02,44.02999877929688,211.9900054931641,109.37999725341795,29.23500061035156,0.5649999976158142,43.880001068115234,19.28300094604492,28.750999450683597
2015-03-03,43.380001068115234,211.1199951171875,108.87000274658205,28.7549991607666,0.5544999837875366,43.27999877929688,19.230499267578125,28.93950080871582
2015-03-04,43.61000061035156,210.22999572753903,108.4499969482422,28.709999084472656,0.5607500076293945,43.060001373291016,19.13599967956543,28.91650009155273
2015-03-05,43.79999923706055,210.4600067138672,108.63999938964844,28.700000762939453,0.5715000033378601,43.11000061035156,19.39150047302246,29.07150077819824
2015-03-06,42.380001068115234,207.5,107.41000366210938,28.34000015258789,0.5637500286102295,42.36000061035156,19.004499435424805,28.645000457763672
2015-03-09,42.68999862670898,208.3600006103516,107.72000122070312,28.239999771118164,0.5652499794960022,42.84999847412109,18.92799949645996,28.70499992370605
2015-03-10,41.81999969482422,204.97999572753903,105.72000122070312,27.665000915527344,0.574999988079071,42.02999877929688,18.475500106811523,27.99250030517578
2015-03-11,41.470001220703125,204.5,105.11000061035156,27.8700008392334,0.5720000267028809,41.97999954223633,18.318500518798828,27.784500122070312
2015-03-12,41.619998931884766,207.1000061035156,105.8000030517578,27.71500015258789,0.5667499899864197,41.02000045776367,18.71199989318848,28.058500289916992
2015-03-13,42.380001068115234,205.8300018310547,105.33999633789062,27.94499969482422,0.5674999952316284,41.380001068115234,18.52899932861328,27.649999618530277
2015-03-16,43.40999984741211,208.5800018310547,106.6999969482422,28.315000534057617,0.5742499828338623,41.560001373291016,18.667499542236328,28.082000732421875
2015-03-17,42.869998931884766,207.9600067138672,106.87000274658205,28.125,0.581250011920929,41.70000076293945,18.59600067138672,27.88050079345703
2015-03-18,44.130001068115234,210.4600067138672,107.91999816894533,28.38500022888184,0.5717499852180481,42.5,18.756999969482425,28.308000564575195
2015-03-19,44.15999984741211,209.5,108.08000183105467,28.420000076293945,0.5805000066757202,42.290000915527344,18.66200065612793,28.183500289916992
2015-03-20,44.40999984741211,210.41000366210935,108.52999877929688,28.8700008392334,0.5867499709129333,42.880001068115234,18.92449951171875,28.247499465942383
2015-03-23,44.25,210.0,108.31999969482422,28.614999771118164,0.5677499771118164,42.86000061035156,18.75550079345703,28.26849937438965
2015-03-24,43.709999084472656,208.82000732421875,107.93000030517578,28.354999542236328,0.5600000023841858,42.900001525878906,18.704500198364254,28.87700080871582
2015-03-25,42.93000030517578,205.75999450683597,105.45999908447266,27.030000686645508,0.5260000228881836,41.459999084472656,18.54800033569336,28.350000381469727
2015-03-26,42.9900016784668,205.2700042724609,105.0999984741211,26.834999084472656,0.5242499709129333,41.209999084472656,18.36750030517578,28.18199920654297
2015-03-27,42.63999938964844,205.7400054931641,105.5199966430664,27.69499969482422,0.534500002861023,40.970001220703125,18.527999877929688,27.877500534057617
2015-03-30,43.43999862670898,208.25,106.7300033569336,27.93000030517578,0.5367500185966492,40.959999084472656,18.72949981689453,28.05699920654297
2015-03-31,43.150001525878906,206.42999267578125,105.5999984741211,27.649999618530277,0.5232499837875366,40.65999984741211,18.604999542236328,27.73500061035156
2015-04-01,42.93999862670898,205.6999969482422,105.0500030517578,27.3799991607666,0.5252500176429749,40.720001220703125,18.51300048828125,27.47450065612793
2015-04-02,42.619998931884766,206.44000244140625,105.12000274658205,27.45499992370605,0.5264999866485596,40.290000915527344,18.612499237060547,27.06550025939941
2015-04-06,42.959999084472656,207.8300018310547,105.9800033569336,27.524999618530277,0.5417500138282776,41.54999923706055,18.851999282836918,27.19750022888184
2015-04-07,42.959999084472656,207.27999877929688,105.8000030517578,27.540000915527344,0.546500027179718,41.52999877929688,18.72050094604492,27.243000030517575
2015-04-08,43.11000061035156,207.97999572753903,106.63999938964844,27.674999237060547,0.5504999756813049,41.41999816894531,19.059999465942383,27.441999435424805
2015-04-09,43.20000076293945,208.8999938964844,107.30999755859376,27.950000762939453,0.5632500052452087,41.47999954223633,19.177000045776367,27.400999069213867
2015-04-10,43.5099983215332,210.0399932861328,107.75,28.114999771118164,0.5690000057220459,41.720001220703125,19.13249969482422,27.427000045776367
2015-04-13,43.08000183105469,209.08999633789065,107.4800033569336,27.920000076293945,0.5637500286102295,41.7599983215332,19.118000030517575,27.43199920654297
2015-04-14,42.72999954223633,209.4900054931641,107.16999816894533,27.665000915527344,0.5590000152587891,41.650001525878906,19.25550079345703,26.98900032043457
2015-04-15,43.9900016784668,210.42999267578125,107.83999633789062,28.18000030517578,0.565750002861023,42.2599983215332,19.17250061035156,27.052000045776367
2015-04-16,43.459999084472656,210.3699951171875,107.69000244140624,28.05500030517578,0.562250018119812,42.15999984741211,19.302000045776367,27.176000595092773
2015-04-17,43.0,207.9499969482422,106.01000213623048,27.69499969482422,0.5550000071525574,41.619998931884766,18.777999877929688,26.636999130249023
2015-04-20,43.31999969482422,209.8500061035156,107.5999984741211,27.924999237060547,0.5522500276565552,42.90999984741211,19.475500106811523,27.22649955749512
2015-04-21,43.41999816894531,209.6000061035156,108.05999755859376,28.104999542236328,0.5515000224113464,42.63999938964844,19.55900001525879,27.145999908447266
2015-04-22,43.54999923706055,210.6300048828125,108.6500015258789,28.614999771118164,0.5577499866485596,42.9900016784668,19.489999771118164,27.458999633789062
2015-04-23,43.38999938964844,211.16000366210935,109.05999755859376,28.31999969482422,0.5554999709129333,43.34000015258789,19.499500274658203,27.87299919128418
2015-04-24,43.08000183105469,211.6499938964844,110.54000091552734,28.020000457763672,0.5507500171661377,47.869998931884766,22.2549991607666,28.683000564575195
2015-04-27,43.61000061035156,210.7700042724609,110.26000213623048,28.2450008392334,0.5550000071525574,48.02999877929688,21.92799949645996,28.30599975585937
2015-04-28,44.5,211.44000244140625,110.04000091552734,28.225000381469727,0.5577499866485596,49.15999984741211,21.465499877929688,28.2185001373291
2015-04-29,44.72999954223633,210.57000732421875,109.3499984741211,28.020000457763672,0.5534999966621399,49.060001373291016,21.4685001373291,28.069499969482425
2015-04-30,43.619998931884766,208.4600067138672,107.62999725341795,27.729999542236328,0.5550000071525574,48.63999938964844,21.089000701904297,27.438499450683597
2015-05-01,44.369998931884766,210.72000122070312,109.0500030517578,28.520000457763672,0.5687500238418579,48.65999984741211,21.14349937438965,27.558000564575195
2015-05-04,44.59000015258789,211.32000732421875,109.2300033569336,28.364999771118164,0.5652499794960022,48.2400016784668,21.152000427246094,27.642000198364254
2015-05-05,43.91999816894531,208.8999938964844,107.4499969482422,27.825000762939453,0.5507500171661377,47.59999847412109,21.059499740600582,27.152000427246094
2015-05-06,43.2599983215332,208.0399932861328,106.70999908447266,27.81999969482422,0.5525000095367432,46.27999877929688,20.95499992370605,26.753999710083008
2015-05-07,43.47999954223633,208.8699951171875,107.3499984741211,28.020000457763672,0.562250018119812,46.70000076293945,21.3439998626709,27.101999282836918
2015-05-08,44.0099983215332,211.6199951171875,108.69000244140624,28.28499984741211,0.5207499861717224,47.75,21.684499740600582,27.44750022888184
2015-05-11,43.84000015258789,210.6100006103516,108.2699966430664,28.274999618530277,0.515749990940094,47.369998931884766,21.64249992370605,27.28899955749512
2015-05-12,43.56999969482422,209.97999572753903,107.77999877929688,28.059999465942383,0.5207499861717224,47.34999847412109,21.551000595092773,26.936500549316406
2015-05-13,43.790000915527344,210.0200042724609,108.0,28.200000762939453,0.5237500071525574,47.630001068115234,21.3435001373291,26.97450065612793
2015-05-14,44.380001068115234,212.2100067138672,109.58000183105467,28.489999771118164,0.5322499871253967,48.720001220703125,21.61400032043457,27.459999084472656
2015-05-15,44.150001525878906,212.44000244140625,109.58000183105467,28.530000686645508,0.5325000286102295,48.29999923706055,21.299999237060547,27.324499130249023
2015-05-18,44.2400016784668,213.1000061035156,110.05999755859376,28.780000686645508,0.5317500233650208,48.0099983215332,21.261999130249023,27.333499908447266
2015-05-19,44.31999969482422,213.02999877929688,109.94000244140624,28.729999542236328,0.5260000228881836,47.58000183105469,21.08550071716309,27.464000701904297
2015-05-20,44.290000915527344,212.8800048828125,110.01000213623048,28.815000534057617,0.5260000228881836,47.58000183105469,21.19300079345703,27.6254997253418
2015-05-21,44.27999877929688,213.5,110.58000183105467,28.8700008392334,0.5222499966621399,47.41999816894531,21.581499099731445,27.840499877929688
2015-05-22,43.93000030517578,212.9900054931641,110.47000122070312,28.895000457763672,0.5214999914169312,46.900001525878906,21.381500244140625,27.72599983215332
2015-05-26,43.33000183105469,210.6999969482422,109.1999969482422,28.665000915527344,0.5182499885559082,46.59000015258789,21.273500442504883,27.35950088500977
2015-05-27,44.13999938964844,212.6999969482422,110.95999908447266,29.73500061035156,0.5460000038146973,47.61000061035156,21.57099914550781,27.712499618530277
2015-05-28,43.86000061035156,212.4600067138672,110.70999908447266,29.774999618530277,0.5534999966621399,47.45000076293945,21.328500747680664,27.708999633789062
2015-05-29,43.4900016784668,211.13999938964844,110.0500030517578,29.905000686645508,0.5532500147819519,46.86000061035156,21.46150016784668,27.266000747680664
2015-06-01,43.790000915527344,211.57000732421875,110.41999816894533,29.799999237060547,0.559499979019165,47.22999954223633,21.54599952697754,27.46050071716309
2015-06-02,43.70000076293945,211.3600006103516,110.06999969482422,29.375,0.5485000014305115,46.91999816894531,21.54949951171875,27.69750022888184
2015-06-03,43.970001220703125,211.9199981689453,110.4000015258789,29.170000076293945,0.5425000190734863,46.84999847412109,21.829500198364254,27.76449966430664
2015-06-04,43.77000045776367,210.1300048828125,109.55999755859376,28.825000762939453,0.5522500276565552,46.36000061035156,21.53899955749512,27.58449935913086
2015-06-05,43.810001373291016,209.7700042724609,109.3000030517578,28.739999771118164,0.5565000176429749,46.13999938964844,21.34749984741211,27.47649955749512
2015-06-08,43.09999847412109,208.47999572753903,108.19000244140624,28.225000381469727,0.543749988079071,45.72999954223633,21.174999237060547,27.173999786376957
2015-06-09,43.06999969482422,208.4499969482422,108.01000213623048,28.2549991607666,0.546500027179718,45.650001525878906,21.27400016784668,27.107999801635746
2015-06-10,43.93999862670898,210.9499969482422,109.48999786376952,28.684999465942383,0.5367500185966492,46.61000061035156,21.53849983215332,27.6299991607666
2015-06-11,44.27999877929688,211.6300048828125,109.6500015258789,28.71999931335449,0.5425000190734863,46.43999862670898,21.648500442504883,27.50200080871582
2015-06-12,44.34000015258789,210.00999450683597,108.75,28.475000381469727,0.5277500152587891,45.970001220703125,21.496000289916992,27.37350082397461
2015-06-15,43.720001220703125,209.1100006103516,108.20999908447266,28.395000457763672,0.5267500281333923,45.47999954223633,21.183500289916992,27.149999618530277
2015-06-16,44.63999938964844,210.25,108.8000030517578,28.520000457763672,0.5332499742507935,45.83000183105469,21.363000869750977,27.24349975585937
2015-06-17,44.90999984741211,210.58999633789065,109.0999984741211,28.545000076293945,0.5394999980926514,45.970001220703125,21.390499114990234,27.32999992370605
2015-06-18,42.7400016784668,212.77999877929688,110.69000244140624,28.950000762939453,0.5485000014305115,46.720001220703125,21.96949958801269,27.80900001525879
2015-06-19,41.59000015258789,210.80999755859372,109.88999938964844,28.84499931335449,0.546750009059906,46.09999847412109,21.746000289916992,27.875999450683597
2015-06-22,41.4900016784668,211.88999938964844,110.6999969482422,29.09499931335449,0.5444999933242798,46.22999954223633,21.81450080871582,27.983999252319336
2015-06-23,41.709999084472656,212.0399932861328,110.79000091552734,28.95499992370605,0.5304999947547913,45.90999984741211,22.29949951171875,28.16950035095215
2015-06-24,41.20000076293945,210.5,110.22000122070312,28.729999542236328,0.5252500176429749,45.63999938964844,22.04199981689453,27.92849922180176
2015-06-25,41.060001373291016,209.8600006103516,110.0,28.795000076293945,0.5292500257492065,45.650001525878906,22.0049991607666,27.897499084472656
2015-06-26,40.9900016784668,209.82000732421875,109.2699966430664,27.95499992370605,0.5184999704360962,45.2599983215332,21.905000686645508,27.652999877929688
2015-06-29,40.41999816894531,205.4199981689453,106.69000244140624,27.155000686645508,0.503000020980835,44.369998931884766,21.493000030517575,27.0625
2015-06-30,40.29999923706055,205.8500061035156,107.06999969482422,27.28499984741211,0.5027499794960022,44.150001525878906,21.704500198364254,27.00200080871582
2015-07-01,40.2400016784668,207.5,107.91999816894533,27.38999938964844,0.5099999904632568,44.45000076293945,21.86949920654297,27.165000915527344
2015-07-02,40.36000061035156,207.30999755859372,107.9499969482422,27.559999465942383,0.5105000138282776,44.400001525878906,21.885499954223636,27.367000579833984
2015-07-06,40.150001525878906,206.72000122070312,107.6999969482422,27.114999771118164,0.5042499899864197,44.38999938964844,21.802000045776367,27.2810001373291
2015-07-07,40.15999984741211,208.0200042724609,107.97000122070312,26.979999542236328,0.4947499930858612,44.29999923706055,21.836000442504883,27.50149917602539
2015-07-08,39.77000045776367,204.52999877929688,106.08999633789062,26.274999618530277,0.4912500083446502,44.2400016784668,21.48500061035156,27.084999084472656
2015-07-09,40.18000030517578,204.8999938964844,106.02999877929688,25.979999542236328,0.4852499961853027,44.52000045776367,21.71949958801269,27.232500076293945
2015-07-10,40.36000061035156,207.47999572753903,107.6500015258789,26.450000762939453,0.4937500059604645,44.61000061035156,22.175500869750977,27.805500030517575
2015-07-13,40.79999923706055,209.7700042724609,109.54000091552734,26.68000030517578,0.4970000088214874,45.540000915527344,22.778499603271484,28.58650016784668
2015-07-14,40.77999877929688,210.67999267578125,110.26000213623048,26.895000457763672,0.4972499907016754,45.619998931884766,23.278499603271484,29.208999633789062
2015-07-15,40.790000915527344,210.6100006103516,110.37999725341795,26.76000022888184,0.4937500059604645,45.7599983215332,23.059499740600582,29.197999954223636
2015-07-16,40.959999084472656,212.3000030517578,111.94000244140624,26.7450008392334,0.5047500133514404,46.65999984741211,23.77400016784668,30.089000701904297
2015-07-17,40.400001525878906,212.47999572753903,113.58999633789062,26.729999542236328,0.5017499923706055,46.619998931884766,24.15049934387207,34.98099899291992
2015-07-20,39.93000030517578,212.58999633789065,113.9800033569336,26.51499938964844,0.4925000071525574,46.91999816894531,24.405000686645508,34.641998291015625
2015-07-21,39.56999969482422,211.75,113.91000366210938,26.4950008392334,0.4947499930858612,47.27999877929688,24.399999618530277,34.76750183105469
2015-07-22,39.41999816894531,211.3699951171875,112.62000274658205,25.850000381469727,0.4852499961853027,45.540000915527344,24.41349983215332,34.755001068115234
2015-07-23,39.0,210.17999267578125,112.1999969482422,26.209999084472656,0.4912500083446502,46.11000061035156,24.108999252319336,33.73649978637695
2015-07-24,39.0,208.0,111.0999984741211,25.604999542236328,0.4855000078678131,45.93999862670898,26.47100067138672,32.73849868774414
2015-07-27,38.5099983215332,206.7899932861328,110.18000030517578,25.5049991607666,0.4827499985694885,45.34999847412109,26.570499420166016,32.91350173950195
2015-07-28,39.27999877929688,209.3300018310547,111.12999725341795,26.03499984741211,0.4932500123977661,45.34000015258789,26.30150032043457,32.983001708984375
2015-07-29,39.790000915527344,210.7700042724609,111.5500030517578,26.13999938964844,0.4992499947547912,46.290000915527344,26.450000762939453,33.07149887084961
2015-07-30,39.650001525878906,210.82000732421875,112.08000183105467,26.3799991607666,0.5005000233650208,46.880001068115234,26.83799934387207,33.22800064086914
2015-07-31,39.93999862670898,210.5,111.9499969482422,26.075000762939453,0.4987500011920929,46.70000076293945,26.8075008392334,32.875
2015-08-03,39.709999084472656,209.7899932861328,111.5999984741211,25.950000762939453,0.5072500109672546,46.810001373291016,26.75149917602539,33.23600006103516
2015-08-04,39.65999984741211,209.3800048828125,111.38999938964844,25.674999237060547,0.5092499852180481,47.540000915527344,26.59499931335449,33.06399917602539
2015-08-05,39.63999938964844,210.07000732421875,112.25,25.98500061035156,0.5145000219345093,47.58000183105469,26.850500106811523,33.66450119018555
2015-08-06,39.31999969482422,208.3500061035156,110.4499969482422,25.684999465942383,0.5112500190734863,46.619998931884766,26.472999572753903,33.50749969482422
2015-08-07,39.560001373291016,207.9499969482422,110.30999755859376,25.75,0.5745000243186951,46.7400016784668,26.131000518798828,33.21950149536133
2015-08-10,39.88999938964844,210.57000732421875,111.56999969482422,26.399999618530277,0.5945000052452087,47.33000183105469,26.200000762939453,33.15700149536133
2015-08-11,39.16999816894531,208.6699981689453,110.13999938964844,25.799999237060547,0.5914999842643738,46.40999984741211,26.37299919128418,34.51499938964844
2015-08-12,39.27999877929688,208.9199981689453,110.5199966430664,25.864999771118164,0.5929999947547913,46.7400016784668,26.295499801635746,34.57350158691406
2015-08-13,39.310001373291016,208.66000366210935,110.33999633789062,25.51000022888184,0.5879999995231628,46.72999954223633,26.482999801635746,34.32550048828125
2015-08-14,39.40999984741211,209.4199981689453,110.51000213623048,25.325000762939453,0.5885000228881836,47.0,26.576000213623047,34.46849822998047
2015-08-17,39.720001220703125,210.58999633789065,111.43000030517578,25.520000457763672,0.5847499966621399,47.31999969482422,26.76099967956543,34.705501556396484
2015-08-18,39.83000183105469,209.97999572753903,110.86000061035156,25.06999969482422,0.5770000219345093,47.27000045776367,26.750999450683597,34.436500549316406
2015-08-19,39.52999877929688,208.32000732421875,110.12999725341795,24.815000534057617,0.5747500061988831,46.61000061035156,26.645999908447266,34.70199966430664
2015-08-20,38.630001068115234,203.97000122070312,107.08000183105467,24.0049991607666,0.5540000200271606,45.65999984741211,25.78899955749512,33.9739990234375
2015-08-21,37.54999923706055,197.8300018310547,102.4000015258789,23.395000457763672,0.5367500185966492,43.06999969482422,24.723499298095703,32.201499938964844
2015-08-24,36.08000183105469,189.5,98.45999908447266,23.024999618530277,0.5177500247955322,41.68000030517578,23.168500900268555,30.905500411987305
2015-08-25,35.45000076293945,187.2700042724609,98.08999633789062,22.82999992370605,0.5070000290870667,40.470001220703125,23.318500518798828,30.62350082397461
2015-08-26,36.90999984741211,194.4600067138672,103.02999877929688,23.875,0.5452499985694885,42.709999084472656,25.03849983215332,32.98699951171875
2015-08-27,36.81999969482422,199.2700042724609,105.63999938964844,24.670000076293945,0.565750002861023,43.900001525878906,25.918500900268555,33.39799880981445
2015-08-28,37.459999084472656,199.27999877929688,105.62000274658205,24.8799991607666,0.5682500004768372,43.93000030517578,25.90049934387207,32.984500885009766
2015-08-31,37.09000015258789,197.6699981689453,104.30999755859376,24.774999618530277,0.5619999766349792,43.52000045776367,25.644500732421875,32.39099884033203
2015-09-01,36.0099983215332,191.7700042724609,101.0500030517578,24.0049991607666,0.5389999747276306,41.81999969482422,24.82699966430664,31.47800064086914
2015-09-02,36.75,195.41000366210935,103.9000015258789,24.600000381469727,0.5552499890327454,43.36000061035156,25.52750015258789,32.24549865722656
2015-09-03,36.900001525878906,195.5500030517578,103.38999938964844,24.84499931335449,0.5567499995231628,43.5,25.23600006103516,31.852500915527344
2015-09-04,36.27000045776367,192.58999633789065,102.16000366210938,24.45499992370605,0.543749988079071,42.61000061035156,24.950000762939453,31.447999954223636
2015-09-08,37.68000030517578,197.42999267578125,105.04000091552734,25.38500022888184,0.5669999718666077,43.88999938964844,25.87700080871582,32.194000244140625
2015-09-09,37.09000015258789,194.7899932861328,103.86000061035156,25.0,0.5557500123977661,43.06999969482422,25.84449958801269,32.170501708984375
2015-09-10,37.61000061035156,195.8500061035156,104.98999786376952,25.07999992370605,0.5644999742507935,43.290000915527344,26.11199951171875,32.55400085449219
2015-09-11,37.91999816894531,196.7400054931641,105.56999969482422,25.125,0.5662500262260437,43.47999954223633,26.472000122070312,32.76499938964844
2015-09-14,37.560001373291016,196.00999450683597,105.25,25.184999465942383,0.5672500133514404,43.040000915527344,26.069000244140625,32.62350082397461
2015-09-15,37.9900016784668,198.4600067138672,106.48999786376952,25.55500030517578,0.5734999775886536,43.97999954223633,26.11849975585937,33.253501892089844
2015-09-16,38.27000045776367,200.17999267578125,107.08999633789062,25.670000076293945,0.5774999856948853,44.29999923706055,26.36949920654297,33.2760009765625
2015-09-17,36.7400016784668,199.72999572753903,107.12999725341795,25.5049991607666,0.5827500224113464,44.25,26.943500518798828,33.583499908447266
2015-09-18,36.380001068115234,195.4499969482422,105.3499984741211,25.075000762939453,0.5822499990463257,43.47999954223633,27.01300048828125,33.04600143432617
2015-09-21,36.83000183105469,196.4600067138672,105.68000030517578,25.059999465942383,0.5882499814033508,44.11000061035156,27.41950035095215,33.3489990234375
2015-09-22,36.18999862670898,193.91000366210935,104.0999984741211,24.540000915527344,0.5722500085830688,43.900001525878906,26.920000076293945,32.65999984741211
2015-09-23,35.9900016784668,193.6000061035156,104.18000030517578,24.364999771118164,0.574999988079071,43.869998931884766,26.80349922180176,32.66450119018555
2015-09-24,36.060001373291016,192.8999938964844,103.8000030517578,24.354999542236328,0.5860000252723694,43.90999984741211,26.6875,32.74549865722656
2015-09-25,36.04999923706055,192.8500061035156,102.91999816894533,24.48500061035156,0.5902500152587891,43.93999862670898,26.212499618530277,32.00749969482422
2015-09-28,35.439998626708984,188.00999450683597,99.98999786376952,23.96500015258789,0.5824999809265137,43.290000915527344,25.202999114990234,31.212499618530277
2015-09-29,35.5099983215332,188.1199951171875,99.47000122070312,24.1299991607666,0.5927500128746033,43.43999862670898,24.80349922180176,31.13050079345703
2015-09-30,36.119998931884766,191.6300048828125,101.76000213623048,24.940000534057617,0.6162499785423279,44.2599983215332,25.59449958801269,31.918500900268555
2015-10-01,36.2400016784668,192.1300048828125,102.22000122070312,24.774999618530277,0.6042500138282776,44.61000061035156,26.035999298095703,32.099998474121094
2015-10-02,36.88999938964844,195.0,104.01000213623048,25.165000915527344,0.6200000047683716,45.56999969482422,26.62700080871582,32.8494987487793
2015-10-05,37.59000015258789,198.47000122070312,105.5,25.61000061035156,0.6355000138282776,46.630001068115234,27.18400001525879,33.58399963378906
2015-10-06,37.72999954223633,197.7899932861328,105.0,25.71500015258789,0.643750011920929,46.75,26.874000549316406,33.582000732421875
2015-10-07,37.65999984741211,199.41000366210935,105.62999725341795,26.100000381469727,0.6504999995231628,46.79999923706055,27.097000122070312,33.5
2015-10-08,37.88999938964844,201.2100067138672,106.0500030517578,26.434999465942383,0.6542500257492065,47.45000076293945,26.65800094604492,33.349998474121094
2015-10-09,38.09999847412109,201.3300018310547,106.52999877929688,26.1299991607666,0.6517500281333923,47.11000061035156,26.989999771118164,33.5620002746582
2015-10-12,38.040000915527344,201.5200042724609,106.79000091552734,26.170000076293945,0.6587499976158142,47.0,27.50950050354004,33.82149887084961
2015-10-13,37.81999969482422,200.25,106.0999984741211,25.850000381469727,0.6600000262260437,46.88999938964844,27.44499969482422,34.15850067138672
2015-10-14,37.2599983215332,199.2899932861328,105.93000030517578,26.625,0.6840000152587891,46.68000030517578,27.241500854492188,34.02050018310547
2015-10-15,37.54999923706055,202.3500061035156,107.66999816894533,26.80500030517578,0.6857500076293945,47.0099983215332,28.121999740600582,34.6510009765625
2015-10-16,37.369998931884766,203.2700042724609,108.12000274658205,26.915000915527344,0.6965000033378601,47.5099983215332,28.538000106811523,34.76599884033203
2015-10-19,36.869998931884766,203.3699951171875,108.73999786376952,26.934999465942383,0.6952499747276306,47.619998931884766,28.65749931335449,34.997501373291016
2015-10-20,36.86000061035156,203.1100006103516,108.18000030517578,26.8799991607666,0.6942499876022339,47.77000045776367,28.04400062561035,34.0
2015-10-21,36.619998931884766,201.8500061035156,107.5199966430664,26.93000030517578,0.6852499842643738,47.20000076293945,27.78849983215332,33.59000015258789
2015-10-22,37.790000915527344,205.25999450683597,109.70999908447266,27.75,0.7099999785423279,48.02999877929688,28.195499420166016,34.05699920654297
2015-10-23,38.06999969482422,207.50999450683597,112.77999877929688,28.065000534057617,0.7147499918937683,52.869998931884766,29.951499938964844,35.96649932861328
2015-10-26,38.369998931884766,207.0,112.8499984741211,27.530000686645508,0.7114999890327454,54.25,30.430500030517575,36.555999755859375
2015-10-27,38.34000015258789,206.6000061035156,113.08000183105467,27.36000061035156,0.7110000252723694,53.68999862670898,30.550500869750977,36.64099884033203
2015-10-28,38.880001068115234,208.9499969482422,114.0199966430664,27.63500022888184,0.7167500257492065,53.97999954223633,30.854999542236328,36.84600067138672
2015-10-29,38.86000061035156,208.8300018310547,113.83999633789062,26.920000076293945,0.6919999718666077,53.36000061035156,31.32749938964844,37.24250030517578
2015-10-30,38.84000015258789,207.92999267578125,113.33000183105467,27.104999542236328,0.7092499732971191,52.63999938964844,31.295000076293945,36.86949920654297
2015-11-02,39.75,210.38999938964844,114.61000061035156,27.36000061035156,0.7174999713897705,53.2400016784668,31.417499542236328,37.387001037597656
2015-11-03,40.20000076293945,211.0,115.01000213623048,27.59499931335449,0.7124999761581421,54.150001525878906,31.265499114990234,37.44100189208984
2015-11-04,40.47999954223633,210.3600006103516,115.0199966430664,27.774999618530277,0.7007499933242798,54.400001525878906,32.04750061035156,37.76549911499024
2015-11-05,40.34999847412109,210.1499938964844,114.70999908447266,27.05500030517578,0.6927499771118164,54.380001068115234,32.782501220703125,38.03350067138672
2015-11-06,40.619998931884766,210.0399932861328,114.79000091552734,27.59499931335449,0.7887499928474426,54.91999816894531,32.96849822998047,38.08000183105469
2015-11-09,40.09999847412109,208.0800018310547,113.56999969482422,27.375,0.7852500081062317,54.15999984741211,32.77450180053711,37.73849868774414
2015-11-10,39.91999816894531,208.55999755859372,113.27999877929688,26.940000534057617,0.7702500224113464,53.5099983215332,32.98400115966797,37.91299819946289
2015-11-11,39.040000915527344,207.7400054931641,113.13999938964844,26.950000762939453,0.7627500295639038,53.650001525878906,33.662498474121094,38.26250076293945
2015-11-12,38.630001068115234,204.83999633789065,112.04000091552734,26.604999542236328,0.7599999904632568,53.31999969482422,33.279998779296875,37.82649993896485
2015-11-13,37.29999923706055,202.5399932861328,109.83999633789062,26.32999992370605,0.7450000047683716,52.84000015258789,32.11750030517578,37.00350189208984
2015-11-16,38.119998931884766,205.6199951171875,111.41999816894533,26.670000076293945,0.7599999904632568,53.77000045776367,32.390499114990234,37.52099990844727
2015-11-17,38.130001068115234,205.47000122070312,111.48999786376952,26.940000534057617,0.7599999904632568,52.970001220703125,32.165000915527344,37.29899978637695
2015-11-18,38.70000076293945,208.72999572753903,113.62999725341795,27.07999992370605,0.7757499814033508,53.84999847412109,33.176998138427734,38.0004997253418
2015-11-19,39.02000045776367,208.5500030517578,113.70999908447266,27.290000915527344,0.777999997138977,53.93999862670898,33.063499450683594,37.99700164794922
2015-11-20,39.34000015258789,209.30999755859372,114.4800033569336,27.395000457763672,0.7847499847412109,54.18999862670898,33.42250061035156,38.84999847412109
2015-11-23,39.13999938964844,209.07000732421875,114.1500015258789,27.084999084472656,0.7730000019073486,54.18999862670898,33.949501037597656,38.834999084472656
2015-11-24,39.459999084472656,209.3500061035156,114.0500030517578,27.3700008392334,0.7792500257492065,54.25,33.557498931884766,38.48149871826172
2015-11-25,39.2599983215332,209.32000732421875,114.1500015258789,27.40999984741211,0.778249979019165,53.68999862670898,33.766998291015625,38.4630012512207
2015-11-27,39.18000030517578,209.55999755859372,114.30999755859376,27.545000076293945,0.7847499847412109,53.93000030517578,33.66299819946289,38.5984992980957
2015-11-30,38.970001220703125,208.69000244140625,114.0199966430664,27.899999618530277,0.7929999828338623,54.34999847412109,33.2400016784668,38.14250183105469
2015-12-01,39.22999954223633,210.67999267578125,115.16000366210938,28.229999542236328,0.8187500238418579,55.220001220703125,33.952999114990234,39.18949890136719
2015-12-02,38.70000076293945,208.52999877929688,114.4499969482422,28.1200008392334,0.8125,55.209999084472656,33.800498962402344,38.89250183105469
2015-12-03,37.810001373291016,205.6100006103516,112.51000213623048,27.93000030517578,0.8107500076293945,54.20000076293945,33.3125,38.40999984741211
2015-12-04,39.15999984741211,209.6199951171875,115.13999938964844,28.399999618530277,0.84375,55.90999984741211,33.63199996948242,38.96049880981445
2015-12-07,38.81999969482422,208.3500061035156,114.62000274658205,28.165000915527344,0.827750027179718,55.810001373291016,33.49150085449219,38.64950180053711
2015-12-08,38.72999954223633,206.9499969482422,114.62999725341795,27.90999984741211,0.8389999866485596,55.790000915527344,33.86650085449219,38.75699996948242
2015-12-09,38.58000183105469,205.33999633789065,112.88999938964844,27.614999771118164,0.8177499771118164,54.97999954223633,33.239498138427734,38.12749862670898
2015-12-10,38.18999862670898,205.8699951171875,113.4000015258789,27.71500015258789,0.8245000243186951,55.27000045776367,33.11600112915039,38.00199890136719
2015-12-11,37.209999084472656,201.8800048828125,110.79000091552734,27.18000030517578,0.812250018119812,54.060001373291016,32.00749969482422,37.52099990844727
2015-12-14,37.650001525878906,202.8999938964844,111.62999725341795,26.975000381469727,0.8142499923706055,55.13999938964844,32.89550018310547,38.12699890136719
2015-12-15,38.209999084472656,205.02999877929688,112.30999755859376,27.399999618530277,0.8242499828338623,55.20000076293945,32.93199920654297,38.00450134277344
2015-12-16,38.90999984741211,208.02999877929688,113.9800033569336,27.614999771118164,0.8292499780654907,56.130001068115234,33.78850173950195,38.829498291015625
2015-12-17,36.93000030517578,204.8600006103516,112.31999969482422,27.2450008392334,0.8167499899864197,55.70000076293945,33.532501220703125,38.49150085449219
2015-12-18,36.34999847412109,200.0200042724609,109.83000183105467,26.8700008392334,0.8034999966621399,54.130001068115234,33.207000732421875,37.84249877929688
2015-12-21,36.41999816894531,201.6699981689453,111.0500030517578,26.76000022888184,0.8224999904632568,54.83000183105469,33.22549819946289,38.040000915527344
2015-12-22,36.59000015258789,203.5,111.77999877929688,26.875,0.8232499957084656,55.34999847412109,33.157501220703125,38.35649871826172
2015-12-23,36.93000030517578,206.0200042724609,112.61000061035156,27.020000457763672,0.8264999985694885,55.81999969482422,33.185001373291016,38.42549896240234
2015-12-24,37.0099983215332,205.67999267578125,112.58999633789062,27.09499931335449,0.8292499780654907,55.66999816894531,33.13949966430664,38.29199981689453
2015-12-28,36.790000915527344,205.2100067138672,112.52999877929688,27.030000686645508,0.828499972820282,55.95000076293945,33.7599983215332,39.11199951171875
2015-12-29,37.040000915527344,207.3999938964844,114.3000030517578,27.32999992370605,0.8420000076293945,56.54999923706055,34.69850158691406,39.698001861572266
2015-12-30,36.91999816894531,205.92999267578125,113.2699966430664,27.065000534057617,0.8347499966621399,56.310001373291016,34.45349884033203,39.51499938964844
2015-12-31,36.52999877929688,203.8699951171875,111.86000061035156,26.63999938964844,0.8240000009536743,55.47999954223633,33.79449844360352,38.9005012512207
2016-01-04,35.75,201.0200042724609,109.5,26.36000061035156,0.809249997138977,54.79999923706055,31.84950065612793,37.97200012207031
2016-01-05,35.63999938964844,201.3600006103516,109.30999755859376,26.114999771118164,0.8222500085830688,55.04999923706055,31.68950080871582,38.07649993896485
2016-01-06,35.81999969482422,198.82000732421875,108.26000213623048,25.440000534057617,0.7882500290870667,54.04999923706055,31.63249969482422,37.96649932861328
2016-01-07,35.040000915527344,194.0500030517578,104.87000274658205,24.655000686645508,0.7570000290870667,52.16999816894531,30.39699935913086,37.04999923706055
2016-01-08,34.650001525878906,191.9199981689453,104.01000213623048,24.26499938964844,0.7407500147819519,52.33000183105469,30.352500915527344,36.545501708984375
2016-01-11,34.939998626708984,192.1100006103516,104.33000183105467,24.48500061035156,0.7419999837875366,52.29999923706055,30.886999130249023,36.65349960327149
2016-01-12,35.369998931884766,193.66000366210935,105.54000091552734,24.69499969482422,0.7544999718666077,52.77999877929688,30.894500732421875,37.266998291015625
2016-01-13,34.08000183105469,188.8300018310547,101.9000015258789,23.96999931335449,0.7315000295639038,51.63999938964844,29.090499877929688,35.97850036621094
2016-01-14,34.790000915527344,191.92999267578125,104.06999969482422,24.604999542236328,0.7167500257492065,53.11000061035156,29.649999618530277,36.56949996948242
2016-01-15,34.119998931884766,187.80999755859372,100.83999633789062,23.350000381469727,0.6777499914169312,50.9900016784668,28.50900077819824,35.52450180053711
2016-01-19,34.54999923706055,188.05999755859372,101.05999755859376,23.5049991607666,0.6832500100135803,50.560001373291016,28.724000930786133,35.95399856567383
2016-01-20,33.939998626708984,185.6499938964844,100.75,23.565000534057617,0.6869999766349792,50.790000915527344,28.588499069213867,35.928001403808594
2016-01-21,34.119998931884766,186.69000244140625,100.8499984741211,23.88999938964844,0.6949999928474426,50.47999954223633,28.750999450683597,36.33349990844727
2016-01-22,34.79999923706055,190.5200042724609,103.7699966430664,24.34499931335449,0.7112500071525574,52.290000915527344,29.819000244140625,37.27299880981445
2016-01-25,34.34000015258789,187.63999938964844,102.2300033569336,24.06999969482422,0.7105000019073486,51.790000915527344,29.826499938964844,36.680999755859375
2016-01-26,35.22999954223633,190.1999969482422,103.1500015258789,24.274999618530277,0.7174999713897705,52.16999816894531,30.0625,36.68949890136719
2016-01-27,34.90999984741211,188.1300048828125,100.58000183105467,24.0049991607666,0.7089999914169312,51.220001220703125,29.167499542236328,35.87900161743164
2016-01-28,35.33000183105469,189.1100006103516,102.0,23.8799991607666,0.7012500166893005,52.060001373291016,31.76749992370605,37.415000915527344
2016-01-29,36.310001373291016,193.72000122070312,104.12999725341795,24.86000061035156,0.7322499752044678,55.09000015258789,29.350000381469727,38.067501068115234
2016-02-01,36.31999969482422,193.6499938964844,104.41000366210938,24.96999931335449,0.7325000166893005,54.709999084472656,28.74049949645996,38.53850173950195
2016-02-02,35.349998474121094,190.16000366210935,102.1500015258789,24.28499984741211,0.7014999985694885,53.0,27.604999542236328,39.045501708984375
2016-02-03,35.689998626708984,191.3000030517578,101.66000366210938,24.31999969482422,0.7049999833106995,52.15999984741211,26.55349922180176,37.46900177001953
2016-02-04,36.45000076293945,191.6000061035156,101.6500015258789,24.790000915527344,0.7052500247955322,52.0,26.8129997253418,36.50149917602539
2016-02-05,35.70000076293945,187.9499969482422,98.12000274658205,23.924999237060547,0.6607499718666077,50.15999984741211,25.10650062561035,35.1879997253418
2016-02-08,35.61000061035156,185.4199981689453,96.62000274658205,23.415000915527344,0.6305000185966492,49.40999984741211,24.405000686645508,35.20800018310547
2016-02-09,35.08000183105469,185.42999267578125,96.31999969482422,23.315000534057617,0.6372500061988831,49.27999877929688,24.103500366210938,35.05099868774414
2016-02-10,35.20000076293945,185.2700042724609,96.69000244140624,22.979999542236328,0.6357499957084656,49.709999084472656,24.52400016784668,35.342498779296875
2016-02-11,34.84000015258789,182.8600006103516,96.5500030517578,22.815000534057617,0.6324999928474426,49.68999862670898,25.19099998474121,35.31800079345703
2016-02-12,35.540000915527344,186.6300048828125,98.0199966430664,23.26499938964844,0.6432499885559082,50.5,25.35400009155273,35.34450149536133
2016-02-16,35.70000076293945,189.77999877929688,100.2300033569336,24.05500030517578,0.6747499704360962,51.09000015258789,26.05500030517578,35.88199996948242
2016-02-17,36.630001068115234,192.8800048828125,102.5,24.6299991607666,0.6915000081062317,52.41999816894531,26.70499992370605,36.5984992980957
2016-02-18,36.630001068115234,192.08999633789065,101.33000183105467,24.530000686645508,0.7509999871253967,52.18999862670898,26.25,35.8754997253418
2016-02-19,36.77999877929688,192.0,101.62999725341795,24.575000762939453,0.7609999775886536,51.81999969482422,26.7450008392334,36.105499267578125
2016-02-22,37.11000061035156,194.77999877929688,103.27999877929688,24.975000381469727,0.7879999876022339,52.650001525878906,27.975000381469727,36.45249938964844
2016-02-23,36.54999923706055,192.32000732421875,101.58000183105467,24.55500030517578,0.7900000214576721,51.18000030517578,27.64699935913086,35.864498138427734
2016-02-24,36.630001068115234,193.1999969482422,102.5500030517578,24.8700008392334,0.7954999804496765,51.36000061035156,27.70199966430664,36.04499816894531
2016-02-25,37.290000915527344,195.5399932861328,103.55999755859376,25.15999984741211,0.797249972820282,52.09999847412109,27.75749969482422,36.45600128173828
2016-02-26,36.959999084472656,195.08999633789065,103.43000030517578,25.299999237060547,0.7919999957084656,51.29999923706055,27.761499404907227,36.24300003051758
2016-02-29,36.77999877929688,193.55999755859372,102.5,25.21500015258789,0.7839999794960022,50.880001068115234,27.625999450683597,35.86100006103516
2016-03-01,37.9900016784668,198.1100006103516,105.79000091552734,25.989999771118164,0.8187500238418579,52.58000183105469,28.95199966430664,37.10850143432617
2016-03-02,37.7599983215332,199.0,105.83000183105467,26.125,0.8234999775886536,52.95000076293945,29.010499954223636,36.9739990234375
2016-03-03,37.88999938964844,199.77999877929688,105.62999725341795,26.184999465942383,0.8162500262260437,52.34999847412109,28.874500274658203,36.579498291015625
2016-03-04,37.88999938964844,200.42999267578125,105.66999816894533,26.354999542236328,0.8137500286102295,52.02999877929688,28.756999969482425,36.51100158691406
2016-03-07,38.36000061035156,200.58999633789065,105.0199966430664,26.45499992370605,0.8084999918937683,51.02999877929688,28.13999938964844,35.63999938964844
2016-03-08,38.150001525878906,198.3999938964844,104.1500015258789,25.95499992370605,0.793749988079071,51.650001525878906,28.01300048828125,35.67649841308594
2016-03-09,38.47999954223633,199.3800048828125,104.81999969482422,26.13999938964844,0.7932500243186951,52.84000015258789,27.973499298095703,36.27050018310547
2016-03-10,38.04999923706055,199.5399932861328,104.66000366210938,26.280000686645508,0.7919999957084656,52.04999923706055,27.94650077819824,36.60850143432617
2016-03-11,38.95000076293945,202.75999450683597,106.48999786376952,26.809999465942383,0.8054999709129333,53.06999969482422,28.480499267578125,37.243499755859375
2016-03-14,38.70000076293945,202.5,106.66999816894533,26.690000534057617,0.8075000047683716,53.16999816894531,28.668500900268555,37.512001037597656
2016-03-15,38.7400016784668,202.1699981689453,106.62999725341795,26.600000381469727,0.8034999966621399,53.59000015258789,28.85099983215332,37.52849960327149
2016-03-16,40.220001220703125,203.33999633789065,107.58000183105467,26.90999984741211,0.8274999856948853,54.34999847412109,28.713499069213867,37.86800003051758
2016-03-17,40.61000061035156,204.6300048828125,107.5199966430664,27.09499931335449,0.8205000162124634,54.65999984741211,27.972000122070312,37.92399978637695
2016-03-18,41.47999954223633,204.3800048828125,107.37000274658205,27.440000534057617,0.8452500104904175,53.4900016784668,27.60400009155273,37.77050018310547
2016-03-21,41.61000061035156,204.6699981689453,107.79000091552734,27.440000534057617,0.8477500081062317,53.86000061035156,27.698999404907227,38.108001708984375
2016-03-22,41.380001068115234,204.55999755859372,108.12000274658205,27.424999237060547,0.8462499976158142,54.06999969482422,28.02400016784668,38.00249862670898
2016-03-23,40.75,203.2100067138672,107.2300033569336,27.100000381469727,0.8607500195503235,53.970001220703125,28.48150062561035,37.87799835205078
2016-03-24,40.970001220703125,203.1199951171875,107.26000213623048,27.05500030517578,0.8619999885559082,54.209999084472656,29.147499084472656,37.742000579833984
2016-03-28,40.619998931884766,203.2400054931641,107.11000061035156,27.045000076293945,0.8707500100135803,53.540000915527344,28.99349975585937,37.66400146484375
2016-03-29,40.70000076293945,205.1199951171875,108.83000183105467,27.420000076293945,0.8847500085830688,54.709999084472656,29.69300079345703,38.29449844360352
2016-03-30,40.970001220703125,206.0200042724609,109.36000061035156,27.69499969482422,0.8939999938011169,55.04999923706055,29.934499740600582,38.41699981689453
2016-03-31,40.90999984741211,205.5200042724609,109.1999969482422,27.540000915527344,0.890749990940094,55.22999954223633,29.68199920654297,38.14500045776367
2016-04-01,41.15999984741211,206.9199981689453,110.36000061035156,27.670000076293945,0.9037500023841858,55.56999969482422,29.924999237060547,38.48350143432617
2016-04-04,41.06999969482422,206.25,109.94000244140624,27.45499992370605,0.8949999809265137,55.43000030517578,29.659500122070312,38.25600051879883
2016-04-05,40.52999877929688,204.19000244140625,108.87999725341795,27.25,0.893750011920929,54.560001373291016,29.30699920654297,37.92850112915039
2016-04-06,40.75,206.4199981689453,110.66999816894533,27.5049991607666,0.8949999809265137,55.119998931884766,30.10400009155273,38.40349960327149
2016-04-07,39.970001220703125,203.9499969482422,109.08000183105467,27.13999938964844,0.8857499957084656,54.459999084472656,29.57150077819824,38.00600051879883
2016-04-08,40.36000061035156,204.5,109.0,27.270000457763672,0.8914999961853027,54.41999816894531,29.729999542236328,37.9734992980957
2016-04-11,40.38999938964844,204.0200042724609,108.5999984741211,27.299999237060547,0.8970000147819519,54.310001373291016,29.796499252319336,37.87699890136719
2016-04-12,40.41999816894531,205.9199981689453,109.51000213623048,27.2549991607666,0.8960000276565552,54.650001525878906,30.15850067138672,38.21599960327149
2016-04-13,41.310001373291016,208.0,110.91000366210938,27.809999465942383,0.9185000061988832,55.34999847412109,30.74099922180176,38.59550094604492
2016-04-14,41.2400016784668,208.00999450683597,110.91999816894533,27.51000022888184,0.9210000038146972,55.36000061035156,31.037500381469727,38.76950073242188
2016-04-15,41.02000045776367,207.77999877929688,110.63999938964844,27.30500030517578,0.928250014781952,55.650001525878906,31.29450035095215,39.0
2016-04-18,41.2400016784668,209.2400054931641,111.2300033569336,27.34000015258789,0.9242500066757202,56.459999084472656,31.76749992370605,39.38399887084961
2016-04-19,41.060001373291016,209.8999938964844,110.5500030517578,27.11000061035156,0.9077500104904176,56.38999938964844,31.395000457763672,38.8125
2016-04-20,41.09999847412109,210.1000061035156,110.63999938964844,27.239999771118164,0.9112499952316284,55.59000015258789,31.64949989318848,38.74599838256836
2016-04-21,40.9900016784668,208.97000122070312,110.6500015258789,27.09000015258789,0.9102500081062316,55.77999877929688,31.549999237060547,39.0
2016-04-22,40.70000076293945,208.97000122070312,108.9800033569336,27.104999542236328,0.9067500233650208,51.77999877929688,31.024999618530277,36.88850021362305
2016-04-25,40.77999877929688,208.6100006103516,108.9800033569336,26.96999931335449,0.9112499952316284,52.11000061035156,31.309999465942383,37.11050033569336
2016-04-26,40.650001525878906,208.9199981689453,108.4499969482422,27.26000022888184,0.9120000004768372,51.43999862670898,30.8439998626709,36.26850128173828
2016-04-27,40.84999847412109,209.3500061035156,107.58000183105467,27.57999992370605,0.9327499866485596,50.93999862670898,30.328500747680664,36.073001861572266
2016-04-28,40.33000183105469,207.4499969482422,106.27999877929688,26.895000457763672,0.9049999713897704,49.900001525878906,30.100000381469727,35.25299835205078
2016-04-29,39.86000061035156,206.3300018310547,105.72000122070312,26.229999542236328,0.8882499933242798,49.869998931884766,32.97949981689453,35.39400100708008
2016-05-02,40.29999923706055,207.97000122070312,106.72000122070312,26.405000686645508,0.8999999761581421,50.61000061035156,34.192501068115234,35.72050094604492
2016-05-03,39.68000030517578,206.16000366210935,105.7300033569336,26.1299991607666,0.8892499804496765,49.77999877929688,33.566001892089844,35.422000885009766
2016-05-04,39.290000915527344,205.00999450683597,105.0500030517578,25.850000381469727,0.8690000176429749,49.869998931884766,33.54499816894531,35.56850051879883
2016-05-05,39.22999954223633,204.97000122070312,105.0199966430664,25.94499969482422,0.8742499947547913,49.93999862670898,32.954498291015625,35.73550033569336
2016-05-06,39.40999984741211,205.72000122070312,105.58000183105467,25.950000762939453,0.8832499980926514,50.38999938964844,33.6974983215332,36.25899887084961
2016-05-09,39.36000061035156,205.88999938964844,105.87999725341795,25.924999237060547,0.8820000290870667,50.06999969482422,33.98749923706055,36.45650100708008
2016-05-10,40.02000045776367,208.4499969482422,107.33000183105467,26.21500015258789,0.8989999890327454,51.02000045776367,35.153499603271484,36.96900177001953
2016-05-11,39.650001525878906,206.5,106.36000061035156,26.09499931335449,0.9014999866485596,51.04999923706055,35.6614990234375,36.52750015258789
2016-05-12,39.81999969482422,206.55999755859372,105.88999938964844,25.6299991607666,0.8892499804496765,51.5099983215332,35.89649963378906,36.40349960327149
2016-05-13,39.61000061035156,204.75999450683597,105.5,25.70499992370605,1.024500012397766,51.08000183105469,35.49599838256836,36.24150085449219
2016-05-16,39.970001220703125,206.77999877929688,106.81999969482422,26.21999931335449,1.0547499656677246,51.83000183105469,35.53300094604492,36.51499938964844
2016-05-17,39.59999847412109,204.8500061035156,105.4800033569336,25.975000381469727,1.0570000410079956,50.5099983215332,34.76350021362305,36.009498596191406
2016-05-18,39.470001220703125,204.91000366210935,105.86000061035156,26.434999465942383,1.0839999914169312,50.810001373291016,34.872501373291016,36.0890007019043
2016-05-19,38.84000015258789,204.1999969482422,105.30999755859376,26.20499992370605,1.0887500047683716,50.31999969482422,34.92599868774414,35.765499114990234
2016-05-20,39.40999984741211,205.4900054931641,106.47000122070312,27.075000762939453,1.1082500219345093,50.619998931884766,35.13999938964844,36.08549880981445
2016-05-23,39.18000030517578,205.2100067138672,106.33000183105467,27.25,1.1100000143051147,50.02999877929688,34.837501525878906,35.86249923706055
2016-05-24,39.900001525878906,207.8699951171875,108.45999908447266,27.90999984741211,1.133999943733215,51.59000015258789,35.209999084472656,36.6515007019043
2016-05-25,40.130001068115234,209.27999877929688,109.23999786376952,28.065000534057617,1.1292500495910645,52.119998931884766,35.41749954223633,36.90499877929688
2016-05-26,39.95000076293945,209.33999633789065,109.55999755859376,28.15999984741211,1.1412500143051147,51.88999938964844,35.74549865722656,36.84650039672852
2016-05-27,40.06999969482422,210.2400054931641,110.12999725341795,28.34499931335449,1.1475000381469729,52.31999969482422,35.61199951171875,37.380001068115234
2016-05-31,40.20000076293945,209.83999633789065,110.33999633789062,28.450000762939453,1.1679999828338623,53.0,36.13949966430664,37.442501068115234
2016-06-01,40.2599983215332,210.2700042724609,110.3499984741211,28.565000534057617,1.1702500581741333,52.84999847412109,35.97200012207031,37.42300033569336
2016-06-02,38.65999984741211,210.91000366210935,110.58000183105467,28.559999465942383,1.178500056266785,52.47999954223633,36.4119987487793,37.2135009765625
2016-06-03,39.09999847412109,210.27999877929688,110.05999755859376,28.614999771118164,1.1619999408721924,51.790000915527344,36.277000427246094,36.792999267578125
2016-06-06,39.43999862670898,211.3500061035156,110.45999908447266,28.545000076293945,1.156000018119812,52.130001068115234,36.33649826049805,36.50299835205078
2016-06-07,39.130001068115234,211.67999267578125,110.18000030517578,28.84499931335449,1.1582499742507937,52.09999847412109,36.1870002746582,36.554500579833984
2016-06-08,39.27999877929688,212.3699951171875,110.37000274658205,28.850000381469727,1.1545000076293943,52.040000915527344,36.33200073242188,37.14649963378906
2016-06-09,39.04999923706055,212.0800018310547,110.19000244140624,28.850000381469727,1.184499979019165,51.619998931884766,36.38249969482422,37.1259994506836
2016-06-10,38.7400016784668,210.07000732421875,108.94000244140624,28.350000381469727,1.1549999713897705,51.47999954223633,35.89550018310547,36.65950012207031
2016-06-13,38.619998931884766,208.4499969482422,108.02999877929688,28.229999542236328,1.1697499752044678,50.13999938964844,35.762001037597656,36.59400177001953
2016-06-14,38.83000183105469,208.0399932861328,108.02999877929688,28.19499969482422,1.1720000505447388,49.83000183105469,35.96500015258789,36.66249847412109
2016-06-15,38.43999862670898,207.75,107.72000122070312,28.165000915527344,1.184000015258789,49.68999862670898,35.7130012512207,36.609500885009766
2016-06-16,38.63999938964844,208.3699951171875,108.04000091552734,28.18000030517578,1.1887500286102295,50.38999938964844,35.8754997253418,36.212501525878906
2016-06-17,39.68000030517578,206.5200042724609,106.48999786376952,27.989999771118164,1.1679999828338623,50.130001068115234,35.31949996948242,35.212501525878906
2016-06-20,39.72999954223633,207.8500061035156,107.16000366210938,28.459999084472656,1.1890000104904177,50.06999969482422,35.70050048828125,35.30649948120117
2016-06-21,39.9900016784668,208.44000244140625,107.5,28.59499931335449,1.1817500591278076,51.18999862670898,35.79100036621094,35.444000244140625
2016-06-22,40.0099983215332,208.1000061035156,107.23999786376952,28.559999465942383,1.180750012397766,50.9900016784668,35.529998779296875,35.52349853515625
2016-06-23,40.83000183105469,210.80999755859372,108.7699966430664,29.274999618530277,1.212249994277954,51.90999984741211,36.104000091552734,35.743499755859375
2016-06-24,39.22999954223633,203.2400054931641,104.29000091552734,27.565000534057617,1.1432499885559082,49.83000183105469,34.948001861572266,34.2599983215332
2016-06-27,38.47999954223633,199.6000061035156,102.22000122070312,26.71500015258789,1.13100004196167,48.43000030517578,34.56800079345703,34.05699920654297
2016-06-28,39.130001068115234,203.1999969482422,104.45999908447266,27.44499969482422,1.1475000381469729,49.43999862670898,35.397499084472656,34.5629997253418
2016-06-29,40.54999923706055,206.66000366210935,106.30999755859376,28.0049991607666,1.1662499904632568,50.540000915527344,35.779998779296875,34.759498596191406
2016-06-30,40.93000030517578,209.47999572753903,107.54000091552734,28.5049991607666,1.1752500534057615,51.16999816894531,35.78099822998047,35.17649841308594
2016-07-01,40.86000061035156,209.9199981689453,108.08000183105467,28.295000076293945,1.1664999723434448,51.15999984741211,36.28400039672852,35.51250076293945
2016-07-05,40.400001525878906,208.41000366210935,107.41999816894533,27.84499931335449,1.183750033378601,51.16999816894531,36.40499877929688,35.24449920654297
2016-07-06,40.52999877929688,209.66000366210935,108.3000030517578,27.88500022888184,1.191249966621399,51.380001068115234,36.88050079345703,35.44850158691406
2016-07-07,40.52999877929688,209.52999877929688,108.62000274658205,28.200000762939453,1.222249984741211,51.380001068115234,36.82849884033203,35.362998962402344
2016-07-08,40.869998931884766,212.6499938964844,110.3000030517578,28.96999931335449,1.2712500095367432,52.29999923706055,37.29050064086914,35.888999938964844
2016-07-11,40.77999877929688,213.3999938964844,110.93000030517578,29.36000061035156,1.3005000352859497,52.59000015258789,37.68899917602539,36.36000061035156
2016-07-12,41.41999816894531,214.9499969482422,111.48999786376952,29.68000030517578,1.3200000524520874,53.209999084472656,37.41049957275391,36.6254997253418
2016-07-13,41.459999084472656,214.9199981689453,111.22000122070312,29.684999465942383,1.319499969482422,53.5099983215332,37.13150024414063,36.4739990234375
2016-07-14,41.66999816894531,216.1199951171875,111.9800033569336,29.934999465942383,1.3329999446868896,53.7400016784668,37.060001373291016,36.790000915527344
2016-07-15,41.77000045776367,215.8300018310547,111.8000030517578,29.850000381469727,1.3174999952316284,53.70000076293945,36.77199935913086,36.78150177001953
2016-07-18,41.63999938964844,216.41000366210935,112.54000091552734,30.71999931335449,1.3242499828338623,53.959999084472656,36.80350112915039,37.65999984741211
2016-07-19,41.08000183105469,216.19000244140625,112.12999725341795,30.600000381469727,1.3380000591278076,53.09000015258789,36.997501373291016,37.670501708984375
2016-07-20,41.25,217.08999633789065,113.44000244140624,31.06999969482422,1.3554999828338623,55.90999984741211,37.2859992980957,37.854000091552734
2016-07-21,41.06999969482422,216.2700042724609,113.18000030517578,30.80500030517578,1.3305000066757202,55.79999923706055,37.22150039672852,37.72050094604492
2016-07-22,41.08000183105469,217.2400054931641,113.6500015258789,30.989999771118164,1.3667500019073486,56.56999969482422,37.24300003051758,37.9640007019043
2016-07-25,41.15999984741211,216.6499938964844,113.66000366210938,31.13500022888184,1.3919999599456787,56.72999954223633,36.980499267578125,37.8759994506836
2016-07-26,40.93999862670898,216.75,113.79000091552734,32.03499984741211,1.4157500267028809,56.7599983215332,36.77949905395508,37.88249969482422
2016-07-27,40.93000030517578,216.5200042724609,114.58000183105467,31.920000076293945,1.4014999866485596,56.18999862670898,36.83349990844727,38.0984992980957
2016-07-28,41.18999862670898,216.7700042724609,114.9800033569336,31.8799991607666,1.4045000076293943,56.209999084472656,37.63050079345703,38.29199981689453
2016-07-29,41.040000915527344,217.1199951171875,115.2300033569336,31.75,1.4275000095367432,56.68000030517578,37.94049835205078,39.56700134277344
2016-08-01,41.150001525878906,216.94000244140625,115.83999633789062,31.84000015258789,1.4182499647140503,56.58000183105469,38.387001037597656,40.047000885009766
2016-08-02,40.709999084472656,215.5500030517578,114.95999908447266,31.420000076293945,1.4010000228881836,56.58000183105469,38.02899932861328,40.00600051879883
2016-08-03,40.709999084472656,216.17999267578125,115.33999633789062,31.5,1.4047499895095823,56.970001220703125,37.73199844360352,39.94599914550781
2016-08-04,40.900001525878906,216.41000366210935,115.66999816894533,31.725000381469727,1.430750012397766,57.38999938964844,38.03850173950195,39.86249923706055
2016-08-05,41.130001068115234,218.17999267578125,116.77999877929688,32.095001220703125,1.4550000429153442,57.959999084472656,38.29899978637695,40.34650039672852
2016-08-08,41.15999984741211,218.0500030517578,116.6500015258789,32.095001220703125,1.468500018119812,58.060001373291016,38.32799911499024,40.26150131225586
2016-08-09,41.09999847412109,218.17999267578125,116.91999816894533,32.310001373291016,1.472249984741211,58.20000076293945,38.41550064086914,40.374000549316406
2016-08-10,41.09000015258789,217.63999938964844,116.62000274658205,32.095001220703125,1.46274995803833,58.02000045776367,38.428001403808594,40.42449951171875
2016-08-11,41.27999877929688,218.6499938964844,117.12000274658205,32.224998474121094,1.4924999475479126,58.29999923706055,38.5620002746582,40.40999984741211
2016-08-12,41.09000015258789,218.4600067138672,117.1999969482422,32.36000061035156,1.5759999752044678,57.93999862670898,38.62799835205078,40.352500915527344
2016-08-15,41.38999938964844,219.08999633789065,117.6999969482422,32.724998474121094,1.5744999647140503,58.119998931884766,38.42449951171875,40.29800033569336
2016-08-16,41.31999969482422,217.9600067138672,117.0500030517578,32.53499984741211,1.565000057220459,57.43999862670898,38.20199966430664,40.05950164794922
2016-08-17,41.209999084472656,218.3699951171875,117.26000213623048,32.46500015258789,1.528749942779541,57.560001373291016,38.23149871826172,40.27099990844727
2016-08-18,41.13999938964844,218.8600006103516,117.29000091552734,32.71500015258789,1.5525000095367432,57.59999847412109,38.22299957275391,40.13750076293945
2016-08-19,41.31999969482422,218.5399932861328,117.26000213623048,32.8849983215332,1.55649995803833,57.619998931884766,37.865501403808594,39.98249816894531
2016-08-22,41.220001220703125,218.52999877929688,117.3499984741211,32.89500045776367,1.562999963760376,57.66999816894531,37.9739990234375,39.84749984741211
2016-08-23,41.5,218.97000122070312,117.55999755859376,33.05500030517578,1.5727499723434448,57.88999938964844,38.122501373291016,39.829498291015625
2016-08-24,41.06999969482422,217.8500061035156,116.8000030517578,32.79499816894531,1.5484999418258667,57.95000076293945,37.86249923706055,39.68000030517578
2016-08-25,41.09999847412109,217.6999969482422,116.61000061035156,32.904998779296875,1.538249969482422,58.16999816894531,37.96099853515625,39.56499862670898
2016-08-26,41.2599983215332,217.2899932861328,116.77999877929688,33.04499816894531,1.5507500171661377,58.02999877929688,38.45000076293945,39.6609992980957
2016-08-29,41.310001373291016,218.3600006103516,116.94000244140624,33.15999984741211,1.5497499704360962,58.09999847412109,38.56449890136719,39.79100036621094
2016-08-30,41.310001373291016,218.0,116.55999755859376,33.10499954223633,1.5407500267028809,57.88999938964844,38.37900161743164,39.59600067138672
2016-08-31,41.220001220703125,217.3800048828125,116.44000244140624,33.10499954223633,1.5334999561309814,57.459999084472656,38.45800018310547,39.49250030517578
2016-09-01,41.15999984741211,217.38999938964844,116.73999786376952,33.40999984741211,1.5787500143051147,57.59000015258789,38.53099822998047,39.56999969482422
2016-09-02,41.25,218.3699951171875,117.12000274658205,33.380001068115234,1.563249945640564,57.66999816894531,38.62200164794922,39.84349822998047
2016-09-06,41.25,219.02999877929688,117.8499984741211,33.375,1.5779999494552612,57.61000061035156,39.44350051879883,40.4010009765625
2016-09-07,41.25,219.00999450683597,117.91999816894533,33.154998779296875,1.5547499656677246,57.65999984741211,39.2239990234375,40.39950180053711
2016-09-08,40.720001220703125,218.50999450683597,117.2300033569336,33.09000015258789,1.565999984741211,57.43000030517578,39.20299911499024,40.141998291015625
2016-09-09,40.02999877929688,213.27999877929688,114.27999877929688,31.88999938964844,1.4880000352859497,56.209999084472656,38.00699996948242,39.42399978637695
2016-09-12,40.68000030517578,216.33999633789065,116.33000183105467,32.54499816894531,1.5187499523162842,57.04999923706055,38.574501037597656,39.94100189208984
2016-09-13,40.18000030517578,213.22999572753903,115.29000091552734,32.189998626708984,1.496749997138977,56.52999877929688,38.05049896240234,39.43600082397461
2016-09-14,40.25,213.1499938964844,115.83999633789062,32.459999084472656,1.5099999904632568,56.2599983215332,38.054500579833984,39.52299880981445
2016-09-15,40.86000061035156,215.27999877929688,117.63999938964844,33.26499938964844,1.5672500133514404,57.18999862670898,38.484500885009766,40.061500549316406
2016-09-16,38.91999816894531,213.3699951171875,117.29000091552734,33.279998779296875,1.5709999799728394,57.25,38.92599868774414,39.89849853515625
2016-09-19,39.22999954223633,213.41000366210935,116.77999877929688,33.39500045776367,1.5917500257492063,56.93000030517578,38.755001068115234,39.76950073242188
2016-09-20,39.06999969482422,213.4199981689453,117.0,33.27000045776367,1.5772500038146973,56.810001373291016,39.01100158691406,39.98899841308594
2016-09-21,39.5099983215332,215.82000732421875,118.1500015258789,33.72999954223633,1.621500015258789,57.7599983215332,39.48699951171875,40.25149917602539
2016-09-22,39.5099983215332,217.17999267578125,119.08999633789062,33.88999938964844,1.625499963760376,57.81999969482422,40.23500061035156,40.79750061035156
2016-09-23,39.22999954223633,215.9900054931641,118.33000183105467,33.494998931884766,1.6237499713897705,57.43000030517578,40.28749847412109,40.74800109863281
2016-09-26,39.02999877929688,214.2400054931641,117.33999633789062,33.185001373291016,1.6085000038146973,56.900001525878906,39.95800018310547,40.13249969482422
2016-09-27,39.29999923706055,215.57000732421875,118.5,33.72999954223633,1.66349995136261,57.95000076293945,40.80550003051758,40.5364990234375
2016-09-28,39.43999862670898,216.63999938964844,118.6999969482422,33.775001525878906,1.6694999933242798,58.02999877929688,41.43600082397461,40.50299835205078
2016-09-29,39.119998931884766,214.67999267578125,117.83999633789062,34.189998626708984,1.684999942779541,57.400001525878906,41.45249938964844,40.13199996948242
2016-09-30,39.27999877929688,216.3000030517578,118.72000122070312,34.73500061035156,1.7130000591278076,57.59999847412109,41.865501403808594,40.20299911499024
2016-10-03,38.9900016784668,215.77999877929688,118.5500030517578,34.46500015258789,1.7112499475479126,57.41999816894531,41.83700180053711,40.01900100708008
2016-10-04,38.869998931884766,214.67999267578125,118.37000274658205,34.31999969482422,1.7074999809265137,57.2400016784668,41.70149993896485,40.13949966430664
2016-10-05,39.150001525878906,215.6300048828125,118.79000091552734,34.584999084472656,1.7057499885559082,57.63999938964844,42.21799850463867,40.061500549316406
2016-10-06,38.869998931884766,215.77999877929688,118.7300033569336,34.78499984741211,1.683500051498413,57.7400016784668,42.08300018310547,40.15399932861328
2016-10-07,38.709999084472656,215.0399932861328,118.47000122070312,34.810001373291016,1.6712499856948853,57.79999923706055,41.97150039672852,40.03549957275391
2016-10-10,38.619998931884766,216.16000366210935,119.22000122070312,34.70000076293945,1.6775000095367432,58.040000915527344,42.08549880981445,40.70849990844727
2016-10-11,38.0099983215332,213.42999267578125,117.5199966430664,33.98500061035156,1.653249979019165,57.18999862670898,41.54999923706055,40.47850036621094
2016-10-12,38.04999923706055,213.7100067138672,117.41999816894533,33.98500061035156,1.6607500314712524,57.11000061035156,41.704498291015625,40.5885009765625
2016-10-13,38.02999877929688,213.00999450683597,117.0,33.595001220703125,1.6337499618530271,56.91999816894531,41.4640007019043,40.20399856567383
2016-10-14,38.40999984741211,213.1199951171875,117.13999938964844,33.810001373291016,1.649749994277954,57.41999816894531,41.14799880981445,40.22999954223633
2016-10-17,38.290000915527344,212.3800048828125,116.81999969482422,33.66999816894531,1.6402499675750732,57.220001220703125,40.647499084472656,40.34199905395508
2016-10-18,38.41999816894531,213.7100067138672,117.86000061035156,34.04999923706055,1.665249943733215,57.65999984741211,40.88249969482422,41.074501037597656
2016-10-19,38.34999847412109,214.27999877929688,117.8499984741211,33.70000076293945,1.6617499589920044,57.52999877929688,40.884498596191406,41.34199905395508
2016-10-20,38.09000015258789,213.8800048828125,117.70999908447266,33.994998931884766,1.6932499408721924,57.25,40.51599884033203,41.08150100708008
2016-10-21,37.93000030517578,213.97999572753903,118.1500015258789,33.95000076293945,1.6885000467300415,59.65999984741211,40.949501037597656,41.20299911499024
2016-10-24,38.27000045776367,214.88999938964844,119.56999969482422,34.3849983215332,1.7677500247955322,61.0,41.90449905395508,41.7869987487793
2016-10-25,38.36000061035156,214.1699981689453,119.19000244140624,34.290000915527344,1.7967499494552612,60.9900016784668,41.75899887084961,41.4275016784668
2016-10-26,38.310001373291016,213.7400054931641,118.37999725341795,34.189998626708984,1.8040000200271609,60.630001068115234,41.12950134277344,41.10499954223633
2016-10-27,38.220001220703125,213.1699981689453,117.83999633789062,34.09000015258789,1.7669999599456787,60.09999847412109,40.917999267578125,40.86750030517578
2016-10-28,38.16999816894531,212.5399932861328,117.0999984741211,33.89500045776367,1.7640000581741333,59.869998931884766,38.81600189208984,40.97800064086914
2016-10-31,38.41999816894531,212.5500030517578,116.98999786376952,34.1349983215332,1.7790000438690186,59.91999816894531,39.49100112915039,40.494998931884766
2016-11-01,38.459999084472656,211.00999450683597,116.11000061035156,33.81999969482422,1.7262500524520874,59.79999923706055,39.27050018310547,40.27399826049805
2016-11-02,38.02999877929688,209.7400054931641,115.18000030517578,33.61000061035156,1.718999981880188,59.43000030517578,38.27799987792969,39.42100143432617
2016-11-03,38.310001373291016,208.77999877929688,114.0500030517578,33.470001220703125,1.6990000009536743,59.209999084472656,38.35150146484375,39.109500885009766
2016-11-04,38.27999877929688,208.5500030517578,113.6500015258789,33.29499816894531,1.6892499923706057,58.709999084472656,37.75249862670898,39.05500030517578
2016-11-07,39.09000015258789,213.1499938964844,116.3499984741211,34.29499816894531,1.781749963760376,60.41999816894531,39.24649810791016,40.10150146484375
2016-11-08,39.130001068115234,214.1100006103516,117.11000061035156,34.35499954223633,1.7790000438690186,60.470001220703125,39.38750076293945,40.5989990234375
2016-11-09,39.54999923706055,216.3800048828125,117.6500015258789,34.08000183105469,1.7489999532699585,60.16999816894531,38.59400177001953,40.27949905395508
2016-11-10,39.58000183105469,216.9199981689453,115.75,33.44499969482422,1.694249987602234,58.70000076293945,37.11899948120117,39.01449966430664
2016-11-11,39.45000076293945,216.4199981689453,115.8000030517578,34.279998779296875,2.1992499828338623,59.02000045776367,36.95050048828125,38.587501525878906
2016-11-14,39.29999923706055,216.58999633789065,114.62999725341795,33.90999984741211,2.0910000801086426,58.119998931884766,35.95349884033203,37.6609992980957
2016-11-15,39.16999816894531,218.27999877929688,116.22000122070312,34.474998474121094,2.154750108718872,58.869998931884766,37.1619987487793,38.757999420166016
2016-11-16,39.70000076293945,217.8699951171875,116.91000366210938,34.744998931884766,2.290750026702881,59.650001525878906,37.324501037597656,38.999000549316406
2016-11-17,40.25,218.9900054931641,117.76000213623048,34.96500015258789,2.3097500801086426,60.63999938964844,37.81999969482422,39.30799865722656
2016-11-18,39.86000061035156,218.5,117.31999969482422,35.165000915527344,2.3340001106262207,60.34999847412109,38.007999420166016,38.79850006103516
2016-11-21,39.88999938964844,220.1499938964844,118.54000091552734,35.39500045776367,2.32450008392334,60.86000061035156,39.0,39.2400016784668
2016-11-22,40.09000015258789,220.5800018310547,118.9000015258789,35.80500030517578,2.341249942779541,61.119998931884766,39.26649856567383,39.25
2016-11-23,40.09999847412109,220.6999969482422,118.41999816894533,35.75,2.349250078201294,60.400001525878906,39.00600051879883,38.95000076293945
2016-11-25,40.27000045776367,221.5200042724609,118.8000030517578,35.85499954223633,2.3540000915527344,60.52999877929688,39.01850128173828,39.01150131225586
2016-11-28,40.29999923706055,220.47999572753903,118.52999877929688,35.76499938964844,2.352750062942505,60.61000061035156,38.3385009765625,39.28950119018555
2016-11-29,40.54999923706055,220.91000366210935,118.94000244140624,35.630001068115234,2.331249952316284,61.09000015258789,38.1259994506836,39.47200012207031
2016-11-30,40.18999862670898,220.3800048828125,117.5,35.529998779296875,2.305000066757202,60.2599983215332,37.52849960327149,38.79399871826172
2016-12-01,38.70000076293945,219.57000732421875,115.47000122070312,33.84000015258789,2.190999984741211,59.20000076293945,37.182498931884766,38.21649932861328
2016-12-02,38.5,219.67999267578125,115.6999969482422,34.3849983215332,2.211250066757202,59.25,37.016998291015625,38.22299957275391
2016-12-05,38.970001220703125,221.0,116.5999984741211,34.72999954223633,2.296999931335449,60.220001220703125,37.96799850463867,38.9109992980957
2016-12-06,39.470001220703125,221.6999969482422,116.87999725341795,35.11000061035156,2.334749937057495,59.95000076293945,38.23600006103516,38.80899810791016
2016-12-07,40.31999969482422,224.6000061035156,118.36000061035156,35.810001373291016,2.376749992370605,61.369998931884766,38.52099990844727,39.57350158691406
2016-12-08,40.34999847412109,225.1499938964844,118.56999969482422,36.025001525878906,2.336999893188477,61.0099983215332,38.36650085449219,39.75849914550781
2016-12-09,40.52000045776367,226.50999450683597,119.5,35.84000015258789,2.2955000400543213,61.970001220703125,38.43299865722656,40.47249984741211
2016-12-12,40.5099983215332,226.25,118.95999908447266,35.689998626708984,2.2397499084472656,62.16999816894531,38.00600051879883,40.39500045776367
2016-12-13,40.7599983215332,227.75999450683597,120.45999908447266,36.32500076293945,2.279249906539917,62.97999954223633,38.71699905395508,40.766998291015625
2016-12-14,40.880001068115234,225.8800048828125,120.20999908447266,35.935001373291016,2.411250114440918,62.68000030517578,38.44100189208984,40.89450073242188
2016-12-15,40.86000061035156,226.80999755859372,120.4000015258789,36.5099983215332,2.467750072479248,62.58000183105469,38.04999923706055,40.782501220703125
2016-12-16,39.09999847412109,225.0399932861328,119.5999984741211,36.040000915527344,2.5102500915527344,62.29999923706055,37.88850021362305,40.492000579833984
2016-12-19,38.900001525878906,225.52999877929688,120.08999633789062,36.19499969482422,2.540750026702881,63.619998931884766,38.29999923706055,40.625
2016-12-20,39.0,226.3999938964844,120.5500030517578,36.25,2.6292500495910645,63.540000915527344,38.56100082397461,40.7599983215332
2016-12-21,38.83000183105469,225.7700042724609,120.45999908447266,36.21500015258789,2.645750045776367,63.540000915527344,38.52999877929688,40.61000061035156
2016-12-22,38.959999084472656,225.3800048828125,120.12000274658205,36.400001525878906,2.6777501106262207,63.54999923706055,38.31700134277344,40.48400115966797
2016-12-23,38.77999877929688,225.7100067138672,120.1999969482422,36.56999969482422,2.744499921798706,63.2400016784668,38.02949905395508,40.38999938964844
2016-12-27,38.81999969482422,226.2700042724609,120.81999969482422,36.880001068115234,2.933000087738037,63.27999877929688,38.56999969482422,40.49649810791016
2016-12-28,38.68000030517578,224.3999938964844,119.87999725341795,36.27000045776367,2.731250047683716,62.9900016784668,38.60649871826172,40.22850036621094
2016-12-29,38.68999862670898,224.3500061035156,119.70999908447266,36.27999877929688,2.785749912261963,62.900001525878906,38.25749969482422,40.14400100708008
2016-12-30,38.45000076293945,223.52999877929688,118.4800033569336,35.81999969482422,2.6684999465942383,62.13999938964844,37.493499755859375,39.622501373291016
2017-01-03,38.54999923706055,225.2400054931641,119.54000091552734,35.880001068115234,2.5502500534057617,62.58000183105469,37.68349838256836,40.4005012512207
2017-01-04,38.7400016784668,226.5800018310547,120.19000244140624,35.994998931884766,2.6097500324249268,62.29999923706055,37.85900115966797,40.38850021362305
2017-01-05,38.63999938964844,226.3999938964844,120.87000274658205,35.78499984741211,2.5434999465942383,62.29999923706055,39.022499084472656,40.6510009765625
2017-01-06,38.45000076293945,227.2100067138672,121.93000030517578,35.970001220703125,2.577500104904175,62.84000015258789,39.79949951171875,41.260501861572266
2017-01-09,39.02999877929688,226.4600067138672,122.33000183105467,36.3849983215332,2.681999921798706,62.63999938964844,39.84600067138672,41.35900115966797
2017-01-10,38.65999984741211,226.4600067138672,122.5999984741211,36.525001525878906,2.661750078201294,62.619998931884766,39.79499816894531,41.30049896240234
2017-01-11,39.11000061035156,227.1000061035156,122.93000030517578,36.68000030517578,2.628999948501587,63.18999862670898,39.95100021362305,41.49300003051758
2017-01-12,39.20000076293945,226.52999877929688,122.73999786376952,36.06999969482422,2.5859999656677246,62.61000061035156,40.68199920654297,41.47650146484375
2017-01-13,39.2599983215332,227.0500030517578,123.16000366210938,36.60499954223633,2.585750102996826,62.70000076293945,40.85699844360352,41.547000885009766
2017-01-17,39.09999847412109,226.25,122.79000091552734,36.17499923706055,2.527750015258789,62.52999877929688,40.48600006103516,41.37300109863281
2017-01-18,39.18999862670898,226.75,123.04000091552734,36.81499862670898,2.5737500190734863,62.5,40.374000549316406,41.45100021362305
2017-01-19,39.209999084472656,225.91000366210935,122.9800033569336,36.53499984741211,2.628999948501587,62.29999923706055,40.45199966430664,41.21849822998047
2017-01-20,39.869998931884766,226.7400054931641,123.25,36.8849983215332,2.600250005722046,62.7400016784668,40.416500091552734,41.40850067138672
2017-01-23,39.68000030517578,226.1499938964844,123.3499984741211,36.560001373291016,2.627249956130981,62.959999084472656,40.89400100708008,42.22150039672852
2017-01-24,40.09999847412109,227.6000061035156,124.18000030517578,37.275001525878906,2.6832499504089355,63.52000045776367,41.12200164794922,42.47650146484375
2017-01-25,40.150001525878906,229.57000732421875,125.43000030517578,37.73500061035156,2.6947500705718994,63.68000030517578,41.82600021362305,42.92250061035156
2017-01-26,40.130001068115234,229.3300018310547,125.55999755859376,37.44499969482422,2.7412500381469727,64.2699966430664,41.95750045776367,42.8489990234375
2017-01-27,40.22999954223633,228.97000122070312,125.8000030517578,37.92499923706055,2.794250011444092,65.77999877929688,41.78850173950195,42.25149917602539
2017-01-30,40.22999954223633,227.5500030517578,124.81999969482422,37.744998931884766,2.750499963760376,65.12999725341797,41.51900100708008,41.19150161743164
2017-01-31,40.11000061035156,227.52999877929688,124.56999969482422,37.220001220703125,2.7295000553131104,64.6500015258789,41.17399978637695,41.009498596191406
2017-02-01,39.84000015258789,227.6199951171875,125.43000030517578,37.59999847412109,2.848750114440918,63.58000183105469,41.61750030517578,40.762001037597656
2017-02-02,39.97999954223633,227.7700042724609,125.31999969482422,37.63999938964844,2.8847498893737797,63.16999816894531,41.997501373291016,40.91299819946289
2017-02-03,40.43000030517578,229.33999633789065,125.68000030517578,37.80500030517578,2.859499931335449,63.68000030517578,40.5099983215332,41.00650024414063
2017-02-06,40.09999847412109,228.92999267578125,125.83000183105467,37.7599983215332,2.93274998664856,63.63999938964844,40.38199996948242,41.08100128173828
2017-02-07,40.06999969482422,228.94000244140625,126.29000091552734,37.91999816894531,2.978250026702881,63.43000030517578,40.625,41.46149826049805
2017-02-08,40.02000045776367,229.2400054931641,126.5,37.959999084472656,2.965250015258789,63.34000015258789,40.98550033569336,41.49399948120117
2017-02-09,40.22999954223633,230.6000061035156,126.95999908447266,37.630001068115234,2.9094998836517334,64.05999755859375,41.06800079345703,41.50299835205078
2017-02-10,40.790000915527344,231.50999450683597,127.37999725341795,37.66999816894531,2.8405001163482666,64.0,41.37300109863281,41.74250030517578
2017-02-13,41.09000015258789,232.7700042724609,128.10000610351562,38.165000915527344,2.7095000743865967,64.72000122070312,41.82649993896485,41.948001861572266
2017-02-14,41.09999847412109,233.6999969482422,128.52999877929688,37.869998931884766,2.719500064849853,64.56999969482422,41.81949996948242,42.00149917602539
2017-02-15,41.40999984741211,234.9199981689453,129.2899932861328,38.2599983215332,2.7249999046325684,64.52999877929688,42.1349983215332,41.86600112915039
2017-02-16,41.59000015258789,234.72000122070312,129.25,38.40499877929688,2.681250095367432,64.5199966430664,42.20700073242188,42.10850143432617
2017-02-17,42.060001373291016,235.08999633789065,129.80999755859375,38.54499816894531,2.680749893188477,64.62000274658203,42.25350189208984,42.32749938964844
2017-02-21,42.27000045776367,236.4900054931641,130.4499969482422,38.90999984741211,2.776750087738037,64.48999786376953,42.821998596191406,42.4635009765625
2017-02-22,42.5099983215332,236.27999877929688,130.5,38.7400016784668,2.7690000534057617,64.36000061035156,42.78049850463867,42.56800079345703
2017-02-23,42.959999084472656,236.44000244140625,130.00999450683594,38.310001373291016,2.5122499465942383,64.62000274658203,42.609500885009766,42.54999923706055
2017-02-24,43.16999816894531,236.7400054931641,130.25999450683594,38.3650016784668,2.5364999771118164,64.62000274658203,42.262001037597656,42.39049911499024
2017-02-27,42.70000076293945,237.1100006103516,130.4199981689453,38.54999923706055,2.6102499961853027,64.2300033569336,42.43199920654297,42.48350143432617
2017-02-28,42.59000015258789,236.47000122070312,130.02000427246094,38.19499969482422,2.5369999408721924,63.97999954223633,42.25199890136719,42.24649810791016
2017-03-01,42.91999816894531,239.77999877929688,131.44000244140625,38.63999938964844,2.5697500705718994,64.94000244140625,42.65399932861328,42.837501525878906
2017-03-02,42.88999938964844,238.2700042724609,130.77999877929688,38.29999923706055,2.4749999046325684,64.01000213623047,42.445499420166016,42.49250030517578
2017-03-03,42.68999862670898,238.4199981689453,131.02000427246094,38.435001373291016,2.460750102996826,64.25,42.49399948120117,42.45399856567383
2017-03-06,42.56999969482422,237.7100067138672,130.72999572753906,38.45000076293945,2.4417500495910645,64.2699966430664,42.33050155639648,42.36349868774414
2017-03-07,42.59999847412109,237.0,130.50999450683594,38.54499816894531,2.4684998989105225,64.4000015258789,42.30099868774414,42.557498931884766
2017-03-08,42.61000061035156,236.55999755859372,130.74000549316406,38.584999084472656,2.46399998664856,64.98999786376953,42.525001525878906,42.68199920654297
2017-03-09,42.43999862670898,236.8600006103516,130.83999633789062,38.59999847412109,2.463500022888184,64.7300033569336,42.650001525878906,42.891998291015625
2017-03-10,42.68000030517578,237.69000244140625,131.38999938964844,38.96500015258789,2.4779999256134038,64.93000030517578,42.62300109863281,43.070499420166016
2017-03-13,42.58000183105469,237.80999755859372,131.61000061035156,39.15499877929688,2.546250104904175,64.70999908447266,42.72949981689453,43.229000091552734
2017-03-14,42.790000915527344,236.8999938964844,131.2899932861328,39.01499938964844,2.5445001125335693,64.41000366210938,42.62649917602539,43.295501708984375
2017-03-15,43.04999923706055,238.9499969482422,132.10000610351562,39.369998931884766,2.563750028610229,64.75,42.64849853515625,43.41949844360352
2017-03-16,45.72999954223633,238.47999572753903,132.00999450683594,39.400001525878906,2.595249891281128,64.63999938964844,42.67100143432617,43.5
2017-03-17,45.65999984741211,237.02999877929688,131.69000244140625,39.505001068115234,2.651750087738037,64.87000274658203,42.615501403808594,43.618499755859375
2017-03-20,45.22999954223633,236.7700042724609,131.80999755859375,39.755001068115234,2.7362499237060547,64.93000030517578,42.8484992980957,43.39550018310547
2017-03-21,44.84000015258789,233.72999572753903,129.80999755859375,38.994998931884766,2.647749900817871,64.20999908447266,42.15999984741211,42.50699996948242
2017-03-22,44.790000915527344,234.27999877929688,130.69000244140625,39.375,2.7017500400543213,65.02999877929688,42.40299987792969,42.4900016784668
2017-03-23,44.95000076293945,234.02999877929688,130.36000061035156,39.255001068115234,2.6772499084472656,64.87000274658203,42.36899948120117,41.98249816894531
2017-03-24,44.650001525878906,233.8600006103516,130.6300048828125,39.56499862670898,2.6867499351501465,64.9800033569336,42.28049850463867,41.75699996948242
2017-03-27,44.84000015258789,233.6199951171875,130.83999633789062,39.744998931884766,2.706249952316284,65.0999984741211,42.34099960327149,41.92549896240234
2017-03-28,44.68999862670898,235.32000732421875,131.63999938964844,39.81999969482422,2.6922500133514404,65.29000091552734,42.79999923706055,42.03150177001953
2017-03-29,44.52000045776367,235.5399932861328,132.25,39.65999984741211,2.683500051498413,65.47000122070312,43.71599960327149,42.493499755859375
2017-03-30,44.68000030517578,236.2899932861328,132.47000122070312,39.86000061035156,2.734999895095825,65.70999908447266,43.81700134277344,42.4739990234375
2017-03-31,44.61000061035156,235.7400054931641,132.3800048828125,39.85499954223633,2.723249912261963,65.86000061035156,44.32699966430664,42.38999938964844
2017-04-03,44.61000061035156,235.3300018310547,132.3000030517578,39.7599983215332,2.7095000743865967,65.55000305175781,44.57550048828125,42.837501525878906
2017-04-04,44.59000015258789,235.47999572753903,132.50999450683594,39.619998931884766,2.5195000171661377,65.7300033569336,45.34149932861328,42.62850189208984
2017-04-05,44.4900016784668,234.77999877929688,131.97000122070312,39.3849983215332,2.500750064849853,65.55999755859375,45.4640007019043,42.445499420166016
2017-04-06,44.18000030517578,235.44000244140625,132.0399932861328,39.40499877929688,2.5190000534057617,65.7300033569336,44.91400146484375,42.255001068115234
2017-04-07,44.290000915527344,235.1999969482422,131.97000122070312,39.560001373291016,2.508249998092652,65.68000030517578,44.74399948120117,42.10499954223633
2017-04-10,44.0,235.33999633789065,132.02000427246094,39.209999084472656,2.4442501068115234,65.52999877929688,45.35200119018555,42.084999084472656
2017-04-11,44.16999816894531,235.05999755859372,131.4499969482422,38.915000915527344,2.453000068664551,65.4800033569336,45.11800003051758,41.99399948120117
2017-04-12,44.18000030517578,234.02999877929688,130.9199981689453,38.40999984741211,2.43274998664856,65.2300033569336,44.811500549316406,42.073001861572266
2017-04-13,44.0,232.50999450683597,130.39999389648438,38.125,2.3872499465942383,64.94999694824219,44.23350143432617,42.00899887084961
2017-04-17,44.290000915527344,234.57000732421875,131.47999572753906,38.540000915527344,2.48075008392334,65.4800033569336,45.0994987487793,42.75650024414063
2017-04-18,44.52000045776367,233.8699951171875,131.27999877929688,38.69499969482422,2.482249975204468,65.38999938964844,45.18899917602539,42.699501037597656
2017-04-19,44.18999862670898,233.44000244140625,131.49000549316406,38.90499877929688,2.492000102996826,65.04000091552734,44.959999084472656,42.82550048828125
2017-04-20,44.52999877929688,235.33999633789065,132.58999633789062,39.46500015258789,2.531500101089477,65.5,45.10300064086914,43.00400161743164
2017-04-21,44.43000030517578,234.58999633789065,132.55999755859375,39.30500030517578,2.5420000553131104,66.4000015258789,44.92649841308594,42.9474983215332
2017-04-24,44.84000015258789,237.1699981689453,134.16000366210938,39.875,2.5737500190734863,67.52999877929688,45.37049865722656,43.94649887084961
2017-04-25,44.720001220703125,238.5500030517578,135.1300048828125,40.275001525878906,2.618499994277954,67.91999816894531,45.38100051879883,44.44200134277344
2017-04-26,44.68999862670898,238.3999938964844,134.94000244140625,39.970001220703125,2.6005001068115234,67.83000183105469,45.464500427246094,44.45700073242188
2017-04-27,44.77000045776367,238.6000061035156,135.75,40.505001068115234,2.6410000324249268,68.2699966430664,45.91899871826172,44.571998596191406
2017-04-28,44.959999084472656,238.0800018310547,135.99000549316406,39.84999847412109,2.6075000762939453,68.45999908447266,46.2495002746582,46.22600173950195
2017-05-01,45.04999923706055,238.67999267578125,137.1999969482422,40.26499938964844,2.6659998893737797,69.41000366210938,47.4114990234375,46.64099884033203
2017-05-02,45.130001068115234,238.7700042724609,137.42999267578125,40.04999923706055,2.586999893188477,69.30000305175781,47.34700012207031,46.85449981689453
2017-05-03,44.88999938964844,238.47999572753903,136.99000549316406,40.27999877929688,2.606250047683716,69.08000183105469,47.05149841308594,47.42250061035156
2017-05-04,45.470001220703125,238.75999450683597,137.0399932861328,40.2400016784668,2.596250057220459,68.80999755859375,46.87649917602539,47.73600006103516
2017-05-05,45.58000183105469,239.6999969482422,137.5399932861328,40.400001525878906,2.5964999198913574,69.0,46.70750045776367,47.51399993896485
2017-05-08,45.560001373291016,239.66000366210935,137.83999633789062,40.29999923706055,2.5692501068115234,68.94000244140625,47.45199966430664,47.93450164794922
2017-05-09,45.47999954223633,239.44000244140625,138.32000732421875,40.70500183105469,2.573499917984009,69.04000091552734,47.64099884033203,47.83549880981445
2017-05-10,45.52999877929688,239.8699951171875,138.39999389648438,41.220001220703125,3.032249927520752,69.30999755859375,47.4474983215332,47.742000579833984
2017-05-11,45.15999984741211,239.3800048828125,138.2899932861328,41.310001373291016,3.1624999046325684,68.45999908447266,47.38100051879883,47.79449844360352
2017-05-12,45.08000183105469,238.97999572753903,138.60000610351562,41.42499923706055,3.1972498893737797,68.37999725341797,48.067501068115234,47.75699996948242
2017-05-15,45.31999969482422,240.3000030517578,139.0399932861328,41.8849983215332,3.357749938964844,68.43000030517578,47.89849853515625,47.96099853515625
2017-05-16,45.290000915527344,240.0800018310547,139.6199951171875,42.3849983215332,3.420249938964844,69.41000366210938,48.30350112915039,48.230499267578125
2017-05-17,44.22999954223633,235.82000732421875,136.07000732421875,40.790000915527344,3.193000078201294,67.4800033569336,47.23799896240234,47.10850143432617
2017-05-18,44.16999816894531,236.7700042724609,137.25999450683594,41.39500045776367,3.3267500400543213,67.70999908447266,47.92449951171875,47.525001525878906
2017-05-19,44.310001373291016,238.30999755859372,137.83999633789062,41.875,3.400000095367432,67.69000244140625,47.992000579833984,47.73249816894531
2017-05-22,44.630001068115234,239.5200042724609,139.0,42.275001525878906,3.4725000858306885,68.44999694824219,48.53350067138672,48.20349884033203
2017-05-23,44.560001373291016,240.0500030517578,139.13999938964844,42.185001373291016,3.4257500171661377,68.68000030517578,48.57699966430664,48.52750015258789
2017-05-24,44.83000183105469,240.6100006103516,139.77999877929688,42.369998931884766,3.464250087738037,68.7699966430664,49.01750183105469,48.88050079345703
2017-05-25,45.20000076293945,241.75999450683597,140.97000122070312,42.65999984741211,3.4565000534057617,69.62000274658203,49.66899871826172,49.59299850463867
2017-05-26,45.2599983215332,241.7100067138672,141.22000122070312,42.7400016784668,3.5460000038146973,69.95999908447266,49.78900146484375,49.66350173950195
2017-05-30,45.41999816894531,241.5,141.33999633789062,43.04499816894531,3.6217501163482666,70.41000366210938,49.834999084472656,49.80849838256836
2017-05-31,45.38999938964844,241.44000244140625,141.2899932861328,42.994998931884766,3.608750104904175,69.83999633789062,49.73099899291992,49.35449981689453
2017-06-01,45.790000915527344,243.3600006103516,141.83999633789062,43.07500076293945,3.608999967575073,70.0999984741211,49.79750061035156,49.41450119018555
2017-06-02,45.65999984741211,244.1699981689453,143.4600067138672,43.40999984741211,3.5910000801086426,71.76000213623047,50.33649826049805,49.805999755859375
2017-06-05,45.91999816894531,243.9900054931641,143.42999267578125,43.525001525878906,3.7002499103546143,72.27999877929688,50.56700134277344,50.19400024414063
2017-06-06,45.61000061035156,243.2100067138672,142.86000061035156,43.625,3.683500051498413,72.5199966430664,50.150001525878906,49.83399963378906
2017-06-07,45.400001525878906,243.66000366210935,143.4199981689453,43.95000076293945,3.7279999256134033,72.38999938964844,50.50350189208984,50.07500076293945
2017-06-08,45.41999816894531,243.77999877929688,143.57000732421875,44.52999877929688,3.998500108718872,71.94999694824219,50.51350021362305,50.2140007019043
2017-06-09,45.02999877929688,243.41000366210935,139.97999572753906,42.845001220703125,3.740000009536743,70.31999969482422,48.91550064086914,48.50600051879883
2017-06-12,44.84999847412109,243.3600006103516,139.22999572753906,42.584999084472656,3.7492499351501465,69.77999877929688,48.24549865722656,48.09049987792969
2017-06-13,44.97999954223633,244.5500030517578,140.36000061035156,42.86000061035156,3.785000085830689,70.6500015258789,49.03950119018555,48.525001525878906
2017-06-14,44.810001373291016,244.2400054931641,139.75,42.4900016784668,3.7929999828338623,70.2699966430664,48.82350158691406,48.39649963378906
2017-06-15,44.68000030517578,243.7700042724609,139.1300048828125,42.09999847412109,3.8092501163482666,69.9000015258789,48.20849990844727,48.00899887084961
2017-06-16,45.09000015258789,242.63999938964844,138.14999389648438,42.07500076293945,3.7904999256134033,70.0,49.385501861572266,47.930999755859375
2017-06-19,45.72999954223633,244.66000366210935,140.4600067138672,42.81999969482422,3.933000087738037,70.87000274658203,49.75849914550781,48.76100158691406
2017-06-20,45.84000015258789,243.00999450683597,139.36000061035156,42.28499984741211,3.9272499084472656,69.91000366210938,49.62950134277344,48.449501037597656
2017-06-21,46.33000183105469,242.9499969482422,140.74000549316406,42.77000045776367,3.986749887466431,70.2699966430664,50.11149978637695,48.929500579833984
2017-06-22,50.29999923706055,242.83999633789065,140.6999969482422,42.65999984741211,3.959249973297119,70.26000213623047,50.06499862670898,48.83100128173828
2017-06-23,50.95000076293945,243.1300048828125,141.24000549316406,42.834999084472656,3.845750093460083,71.20999908447266,50.1870002746582,49.304500579833984
2017-06-26,50.86000061035156,243.2899932861328,140.5800018310547,42.66999816894531,3.8037500381469727,70.52999877929688,49.69900131225586,48.60449981689453
2017-06-27,50.75,241.3300018310547,138.02999877929688,41.45000076293945,3.6644999980926514,69.20999908447266,48.8390007019043,47.40449905395508
2017-06-28,50.869998931884766,243.4900054931641,140.02000427246094,42.04999923706055,3.793750047683716,69.80000305175781,49.51649856567383,48.05049896240234
2017-06-29,50.20000076293945,241.3500061035156,137.58999633789062,41.10499954223633,3.6670000553131104,68.48999786376953,48.79650115966797,46.89099884033203
2017-06-30,50.13999938964844,241.8000030517578,137.63999938964844,40.93000030517578,3.614000082015991,68.93000030517578,48.400001525878906,46.48400115966797
2017-07-03,49.36000061035156,242.2100067138672,136.19000244140625,40.459999084472656,3.48324990272522,68.16999816894531,47.68299865722656,45.97299957275391
2017-07-05,49.459999084472656,242.7700042724609,137.52999877929688,41.22999954223633,3.5762500762939453,69.08000183105469,48.56999969482422,46.61299896240234
2017-07-06,48.84999847412109,240.5500030517578,136.2899932861328,41.05500030517578,3.586999893188477,68.56999969482422,48.25699996948242,46.384498596191406
2017-07-07,49.34999847412109,242.1100006103516,137.75999450683594,41.60499954223633,3.6689999103546143,69.45999908447266,48.9379997253418,47.04050064086914
2017-07-10,49.619998931884766,242.3699951171875,138.66000366210938,42.03499984741211,3.8424999713897705,69.9800033569336,49.82350158691406,47.54999923706055
2017-07-11,49.880001068115234,242.19000244140625,139.0500030517578,42.369998931884766,3.8970000743865967,69.98999786376953,49.70650100708008,47.67649841308594
2017-07-12,50.45000076293945,244.00999450683597,140.6999969482422,42.97999954223633,4.062749862670898,71.1500015258789,50.32550048828125,48.382999420166016
2017-07-13,50.34999847412109,244.4199981689453,141.00999450683594,42.880001068115234,4.015749931335449,71.7699966430664,50.03150177001953,48.442501068115234
2017-07-14,50.560001373291016,245.55999755859372,142.1199951171875,43.40999984741211,4.12375020980835,72.77999877929688,50.09049987792969,48.84550094604492
2017-07-17,50.43999862670898,245.52999877929688,142.19000244140625,43.290000915527344,4.106249809265137,73.3499984741211,50.50199890136719,48.79800033569336
2017-07-18,50.45000076293945,245.66000366210935,143.13999938964844,43.45500183105469,4.14900016784668,73.30000305175781,51.22249984741211,49.34749984741211
2017-07-19,51.0,246.9900054931641,143.97999572753906,43.8849983215332,4.127500057220459,73.86000061035156,51.34349822998047,49.63850021362305
2017-07-20,51.130001068115234,247.1000061035156,144.1699981689453,43.97999954223633,4.1875,74.22000122070312,51.435001373291016,49.609500885009766
2017-07-21,50.79999923706055,246.8800048828125,144.11000061035156,43.73500061035156,4.202499866485596,73.79000091552734,51.28350067138672,49.69200134277344
2017-07-24,50.7599983215332,246.82000732421875,144.77000427246094,43.595001220703125,4.153749942779541,73.5999984741211,51.9474983215332,49.91550064086914
2017-07-25,51.16999816894531,247.4199981689453,144.39999389648438,43.47499847412109,4.133749961853027,74.19000244140625,51.993499755859375,48.45149993896485
2017-07-26,51.16999816894531,247.42999267578125,144.8699951171875,43.935001373291016,4.18149995803833,74.05000305175781,52.63999938964844,48.26549911499024
2017-07-27,50.45000076293945,247.1999969482422,143.9600067138672,43.380001068115234,4.043499946594238,73.16000366210938,52.29999923706055,47.6254997253418
2017-07-28,50.29999923706055,246.91000366210935,143.83999633789062,43.17499923706055,4.109749794006348,73.04000091552734,51.00199890136719,47.916500091552734
2017-07-31,49.93000030517578,246.7700042724609,143.22999572753906,42.91999816894531,4.062749862670898,72.69999694824219,49.38899993896485,47.275001525878906
2017-08-01,50.15999984741211,247.32000732421875,143.55999755859375,43.10499954223633,4.112249851226807,72.58000183105469,49.80950164794922,47.32799911499024
2017-08-02,49.77000045776367,247.44000244140625,143.9499969482422,42.869998931884766,4.109749794006348,72.26000213623047,49.79449844360352,47.38199996948242
2017-08-03,50.22999954223633,246.9600067138672,143.38999938964844,42.720001220703125,4.162000179290772,72.1500015258789,49.34600067138672,47.01499938964844
2017-08-04,49.959999084472656,247.41000366210935,143.64999389648438,42.845001220703125,4.18025016784668,72.68000030517578,49.37900161743164,47.28950119018555
2017-08-07,49.63999938964844,247.8699951171875,144.55999755859375,43.59999847412109,4.308750152587891,72.4000015258789,49.61349868774414,47.28749847412109
2017-08-08,49.09999847412109,247.25999450683597,144.30999755859375,43.470001220703125,4.257500171661377,72.79000091552734,49.492000579833984,47.20949935913086
2017-08-09,49.060001373291016,247.25,144.1199951171875,43.3849983215332,4.302750110626221,72.47000122070312,49.10049819946289,47.00400161743164
2017-08-10,48.09999847412109,243.75999450683597,141.02999877929688,42.19499969482422,4.118500232696533,71.41000366210938,47.84600067138672,46.179500579833984
2017-08-11,48.2400016784668,244.1199951171875,142.10000610351562,42.584999084472656,3.8989999294281006,72.5,48.39950180053711,46.50450134277344
2017-08-14,48.84999847412109,246.5399932861328,143.92999267578125,43.42499923706055,4.210000038146973,73.58999633789062,49.165000915527344,46.94649887084961
2017-08-15,48.83000183105469,246.50999450683597,144.02999877929688,43.584999084472656,4.174499988555908,73.22000122070312,49.137001037597656,46.90399932861328
2017-08-16,49.25,246.94000244140625,144.27999877929688,43.67499923706055,4.128749847412109,73.6500015258789,48.90900039672852,47.2135009765625
2017-08-17,48.54999923706055,243.08999633789065,141.3300018310547,42.63999938964844,4.036749839782715,72.4000015258789,48.02849960327149,46.382999420166016
2017-08-18,48.619998931884766,242.7100067138672,141.22999572753906,42.73500061035156,4.037499904632568,72.48999786376953,47.92350006103516,46.30899810791016
2017-08-21,48.900001525878906,242.8999938964844,141.0500030517578,42.57500076293945,3.978749990463257,72.1500015258789,47.66450119018555,46.04349899291992
2017-08-22,49.2599983215332,245.44000244140625,143.1999969482422,43.14500045776367,4.06374979019165,73.16000366210938,48.345001220703125,47.02000045776367
2017-08-23,49.06999969482422,244.55999755859372,142.69000244140625,43.23500061035156,4.144999980926514,72.72000122070312,47.900001525878906,47.12900161743164
2017-08-24,49.18999862670898,243.9900054931641,142.27000427246094,43.22999954223633,4.129749774932861,72.69000244140625,47.622501373291016,46.84450149536133
2017-08-25,49.2400016784668,244.55999755859372,141.97000122070312,43.095001220703125,4.095250129699707,72.81999969482422,47.26300048828125,46.525001525878906
2017-08-28,49.2400016784668,244.57000732421875,142.41000366210938,43.220001220703125,4.1242499351501465,72.83000183105469,47.30099868774414,46.40650177001953
2017-08-29,49.45000076293945,244.8500061035156,142.97000122070312,43.34000015258789,4.117499828338623,73.05000305175781,47.70299911499024,46.78749847412109
2017-08-30,49.79999923706055,246.00999450683597,144.64999389648438,43.94499969482422,4.142000198364258,74.01000213623047,48.37950134277344,47.18149948120117
2017-08-31,50.33000183105469,247.4900054931641,146.1999969482422,44.290000915527344,4.236000061035156,74.7699966430664,49.02999877929688,47.762001037597656
2017-09-01,50.619998931884766,247.83999633789065,146.0,44.5,4.261499881744385,73.94000244140625,48.91249847412109,47.5994987487793
2017-09-05,50.93000030517578,246.05999755859372,144.69000244140625,43.935001373291016,4.147749900817871,73.61000061035156,48.26350021362305,47.07400131225586
2017-09-06,51.0099983215332,246.8999938964844,145.1300048828125,44.09000015258789,4.145249843597412,73.4000015258789,48.38999938964844,47.10100173950195
2017-09-07,51.72999954223633,246.8699951171875,145.47000122070312,44.2599983215332,4.164500236511231,74.33999633789062,48.9734992980957,47.49449920654297
2017-09-08,51.58000183105469,246.5800018310547,144.2100067138672,43.77999877929688,4.092249870300293,73.9800033569336,48.29499816894531,47.070499420166016
2017-09-11,52.4900016784668,249.2100067138672,145.8699951171875,44.57500076293945,4.224999904632568,74.76000213623047,48.89799880981445,47.16450119018555
2017-09-12,52.77000045776367,250.0500030517578,146.22000122070312,44.744998931884766,4.240250110626221,74.68000030517578,49.12900161743164,47.33250045776367
2017-09-13,52.79999923706055,250.1699981689453,146.4199981689453,44.755001068115234,4.259250164031982,75.20999908447266,49.97999954223633,47.52199935913086
2017-09-14,52.790000915527344,250.08999633789065,145.55999755859375,44.95000076293945,4.235000133514404,74.7699966430664,49.61050033569336,47.00650024414063
2017-09-15,48.7400016784668,249.19000244140625,146.05999755859375,45.54499816894531,4.502749919891357,75.30999755859375,49.339500427246094,46.76449966430664
2017-09-18,48.33000183105469,249.72000122070312,145.5500030517578,46.18000030517578,4.68874979019165,75.16000366210938,48.70949935913086,46.48749923706055
2017-09-19,48.040000915527344,249.97000122070312,145.8000030517578,46.29999923706055,4.683750152587891,75.44000244140625,48.49300003051758,46.84299850463867
2017-09-20,47.970001220703125,250.05999755859372,145.35000610351562,45.685001373291016,4.645999908447266,74.94000244140625,48.66049957275391,47.37699890136719
2017-09-21,47.970001220703125,249.38999938964844,144.4600067138672,45.59999847412109,4.519000053405762,74.20999908447266,48.23249816894531,47.37749862670898
2017-09-22,48.15999984741211,249.44000244140625,144.32000732421875,45.78499984741211,4.474999904632568,74.41000366210938,47.755001068115234,47.16299819946289
2017-09-25,47.970001220703125,248.92999267578125,142.8000030517578,44.8650016784668,4.275000095367432,73.26000213623047,46.98949813842773,46.7140007019043
2017-09-26,47.91999816894531,249.0800018310547,143.1699981689453,44.91999816894531,4.298999786376953,73.26000213623047,46.93000030517578,46.87149810791016
2017-09-27,48.15999984741211,250.0500030517578,144.4600067138672,45.935001373291016,4.393249988555908,73.8499984741211,47.54349899291992,47.994998931884766
2017-09-28,48.08000183105469,250.3500061035156,144.41000366210938,46.22999954223633,4.392000198364258,73.87000274658203,47.81999969482422,48.240501403808594
2017-09-29,48.34999847412109,251.22999572753903,145.4499969482422,46.65999984741211,4.469250202178955,74.48999786376953,48.067501068115234,48.68600082397461
2017-10-02,48.79999923706055,252.32000732421875,145.5800018310547,46.970001220703125,4.474999904632568,74.61000061035156,47.95949935913086,48.37350082397461
2017-10-03,48.68999862670898,252.8600006103516,145.88999938964844,47.125,4.484250068664551,74.26000213623047,47.85499954223633,48.604000091552734
2017-10-04,48.900001525878906,253.16000366210935,146.02999877929688,47.19499969482422,4.521749973297119,74.69000244140625,48.272499084472656,48.3390007019043
2017-10-05,48.90999984741211,254.66000366210935,147.4600067138672,47.244998931884766,4.51924991607666,75.97000122070312,49.04249954223633,49.259498596191406
2017-10-06,48.400001525878906,254.3699951171875,147.66000366210938,47.435001373291016,4.53249979019165,76.0,49.479000091552734,49.68199920654297
2017-10-09,48.36000061035156,253.9499969482422,147.49000549316406,47.77999877929688,4.634749889373779,76.29000091552734,49.54949951171875,49.615501403808594
2017-10-10,48.209999084472656,254.6199951171875,147.60000610351562,48.025001525878906,4.723249912261963,76.29000091552734,49.36000061035156,49.38999938964844
2017-10-11,48.27999877929688,255.0200042724609,148.0399932861328,48.3650016784668,4.773499965667725,76.41999816894531,49.75,50.282501220703125
2017-10-12,48.22999954223633,254.63999938964844,147.77000427246094,48.26499938964844,4.775750160217285,77.12000274658203,50.04650115966797,50.282501220703125
2017-10-13,48.61000061035156,254.9499969482422,148.33999633789062,48.595001220703125,4.864749908447266,77.48999786376953,50.14699935913086,50.39350128173828
2017-10-16,48.86000061035156,255.2899932861328,148.85000610351562,48.85499954223633,4.948249816894531,77.6500015258789,50.31700134277344,50.46749877929688
2017-10-17,49.18999862670898,255.47000122070312,149.0399932861328,48.845001220703125,4.943749904632568,77.58999633789062,50.45650100708008,50.54999923706055
2017-10-18,49.58000183105469,255.72000122070312,148.86000061035156,49.025001525878906,4.939499855041504,77.61000061035156,49.84999847412109,50.637001037597656
2017-10-19,49.34999847412109,255.7899932861328,148.30999755859375,48.92499923706055,4.945000171661377,77.91000366210938,49.33050155639648,50.09199905395508
2017-10-20,49.25,257.1099853515625,148.7100067138672,49.18999862670898,4.922500133514404,78.80999755859375,49.14550018310547,50.25350189208984
2017-10-23,49.310001373291016,256.1099853515625,147.74000549316406,49.375,4.915500164031982,78.83000183105469,48.31499862670898,49.277000427246094
2017-10-24,49.97999954223633,256.5599975585937,147.99000549316406,49.67499923706055,4.9670000076293945,78.86000061035156,48.79499816894531,49.42449951171875
2017-10-25,49.70000076293945,255.2899932861328,147.42999267578125,49.04499816894531,4.84149980545044,78.62999725341797,48.64550018310547,49.573001861572266
2017-10-26,50.150001525878906,255.6199951171875,146.9600067138672,49.310001373291016,4.892250061035156,78.76000213623047,48.62149810791016,49.57099914550781
2017-10-27,50.880001068115234,257.7099914550781,151.24000549316406,50.29999923706055,5.046500205993652,83.80999755859375,55.04750061035156,51.68349838256836
2017-10-30,50.68000030517578,256.75,151.5800018310547,50.31999969482422,5.0960001945495605,83.88999938964844,55.54249954223633,51.65650177001953
2017-10-31,50.900001525878906,257.1499938964844,152.14999389648438,50.80500030517578,5.170249938964844,83.18000030517578,55.26399993896485,51.652000427246094
2017-11-01,50.63999938964844,257.489990234375,152.10000610351562,50.66999816894531,5.179999828338623,83.18000030517578,55.18399810791016,52.130001068115234
2017-11-02,50.27999877929688,257.5899963378906,151.80999755859375,50.90999984741211,5.148499965667725,84.05000305175781,54.71099853515625,52.14849853515625
2017-11-03,50.18000030517578,258.45001220703125,153.27000427246094,51.470001220703125,5.217249870300293,84.13999938964844,55.58000183105469,52.4995002746582
2017-11-06,50.400001525878906,258.8500061035156,153.7899932861328,52.1349983215332,5.240749835968018,84.47000122070312,56.03300094604492,52.13399887084961
2017-11-07,50.4900016784668,258.6700134277344,153.8800048828125,52.02999877929688,5.300749778747559,84.2699966430664,56.15850067138672,52.61949920654297
2017-11-08,50.540000915527344,259.1099853515625,154.5,52.150001525878906,5.229000091552734,84.55999755859375,56.64400100708008,52.91450119018555
2017-11-09,49.2400016784668,258.1700134277344,153.69000244140625,51.1349983215332,5.132999897003174,84.08999633789062,56.45650100708008,52.38600158691406
2017-11-10,49.31999969482422,258.0899963378906,153.67999267578125,51.43000030517578,5.403500080108643,83.87000274658203,56.26750183105469,52.20750045776367
2017-11-13,49.400001525878906,258.3299865722656,153.8699951171875,51.64500045776367,5.3157501220703125,83.93000030517578,56.45849990844727,52.060001373291016
2017-11-14,49.20000076293945,257.7300109863281,153.30999755859375,51.64500045776367,5.354499816894531,84.05000305175781,56.84199905395508,52.08200073242188
2017-11-15,48.81999969482422,256.44000244140625,152.58999633789062,51.165000915527344,5.249499797821045,82.9800033569336,56.33449935913086,51.820499420166016
2017-11-16,49.20000076293945,258.6199951171875,154.5399932861328,52.435001373291016,5.290249824523926,83.19999694824219,56.86449813842773,52.42350006103516
2017-11-17,48.93999862670898,257.8599853515625,153.9499969482422,51.625,5.283999919891357,82.4000015258789,56.49399948120117,51.79449844360352
2017-11-20,49.02000045776367,258.29998779296875,153.8300018310547,52.25,5.352000236511231,82.52999877929688,56.31549835205078,51.733001708984375
2017-11-21,48.630001068115234,259.989990234375,155.5,52.78499984741211,5.401249885559082,83.72000122070312,56.9744987487793,52.51499938964844
2017-11-22,48.58000183105469,259.760009765625,155.69000244140625,52.43999862670898,5.3732500076293945,83.11000061035156,57.80799865722656,52.59600067138672
2017-11-24,49.0099983215332,260.3599853515625,156.25999450683594,52.8849983215332,5.423999786376953,83.26000213623047,59.29999923706055,52.82600021362305
2017-11-27,48.880001068115234,260.2300109863281,156.19000244140625,52.06499862670898,5.353499889373779,83.87000274658203,59.791500091552734,53.60049819946289
2017-11-28,49.0099983215332,262.8699951171875,156.58999633789062,52.02000045776367,5.267749786376953,84.87999725341797,59.68000030517578,53.16450119018555
2017-11-29,48.52000045776367,262.7099914550781,153.86000061035156,49.81499862670898,4.9105000495910645,83.33999633789062,58.0634994506836,51.86899948120117
2017-11-30,49.060001373291016,265.010009765625,155.14999389648438,50.125,5.017749786376953,84.16999816894531,58.837501525878906,51.80849838256836
2017-12-01,49.61000061035156,264.4599914550781,154.49000549316406,49.68999862670898,4.941999912261963,84.26000213623047,58.11750030517578,51.25350189208984
2017-12-04,48.400001525878906,264.1400146484375,152.7100067138672,48.6349983215332,4.666500091552734,81.08000183105469,56.6974983215332,50.59349822998047
2017-12-05,47.9900016784668,263.19000244140625,152.80999755859375,48.6349983215332,4.69350004196167,81.58999633789062,57.07849884033203,50.97999954223633
2017-12-06,48.41999816894531,263.239990234375,153.5,48.744998931884766,4.731500148773193,82.77999877929688,57.61750030517578,51.63600158691406
2017-12-07,48.52000045776367,264.07000732421875,154.02000427246094,49.22499847412109,4.799749851226807,82.48999786376953,57.98949813842773,52.22850036621094
2017-12-08,49.59999847412109,265.510009765625,154.6999969482422,49.0,4.78725004196167,84.16000366210938,58.09999847412109,52.46900177001953
2017-12-11,50.470001220703125,266.3099975585937,155.89999389648438,49.29999923706055,4.866499900817871,85.2300033569336,58.44599914550781,52.5984992980957
2017-12-12,50.38999938964844,266.7799987792969,155.69000244140625,48.81499862670898,4.770999908447266,85.58000183105469,58.25400161743164,52.4384994506836
2017-12-13,50.04999923706055,266.75,155.99000549316406,48.845001220703125,4.6545000076293945,85.3499984741211,58.20650100708008,52.56949996948242
2017-12-14,50.18999862670898,265.6600036621094,155.8800048828125,48.82500076293945,4.661749839782715,84.69000244140625,58.7130012512207,52.87350082397461
2017-12-15,48.29999923706055,266.510009765625,157.64999389648438,49.625,4.789000034332275,86.8499984741211,58.95700073242188,53.59999847412109
2017-12-18,47.709999084472656,268.20001220703125,158.63999938964844,49.790000915527344,4.947500228881836,86.37999725341797,59.52899932861328,54.25450134277344
2017-12-19,47.81999969482422,267.1700134277344,157.6999969482422,49.76499938964844,4.902750015258789,85.83000183105469,59.36899948120117,53.98899841308594
2017-12-20,47.900001525878906,267.0299987792969,157.52999877929688,50.09000015258789,4.920000076293945,85.5199966430664,58.88100051879883,53.678001403808594
2017-12-21,47.27999877929688,267.5799865722656,157.5500030517578,49.560001373291016,4.897250175476074,85.5,58.73799896240234,53.54249954223633
2017-12-22,47.36000061035156,267.510009765625,157.3699951171875,49.58000183105469,4.881750106811523,85.51000213623047,58.417999267578125,53.44300079345703
2017-12-26,47.43000030517578,267.19000244140625,156.52000427246094,49.02000045776367,4.935999870300293,85.4000015258789,58.8380012512207,53.29249954223633
2017-12-27,47.380001068115234,267.32000732421875,156.5399932861328,49.18000030517578,4.9292497634887695,85.70999908447266,59.11299896240234,53.0099983215332
2017-12-28,47.52000045776367,267.8699951171875,156.72999572753906,49.36000061035156,4.934999942779541,85.72000122070312,59.30500030517578,52.79750061035156
2017-12-29,47.27999877929688,266.8599853515625,155.75999450683594,48.90499877929688,4.837500095367432,85.54000091552734,58.4734992980957,52.66999816894531
2018-01-02,46.630001068115234,268.7699890136719,158.49000549316406,50.185001373291016,4.983749866485596,85.94999694824219,59.45050048828125,53.66049957275391
2018-01-03,47.709999084472656,270.4700012207031,160.02999877929688,50.89500045776367,5.3117499351501465,86.3499984741211,60.209999084472656,54.57600021362305
2018-01-04,48.18000030517578,271.6099853515625,160.30999755859375,51.15499877929688,5.339749813079834,87.11000061035156,60.47949981689453,54.78799819946289
2018-01-05,48.470001220703125,273.4200134277344,161.9199981689453,51.48500061035156,5.385000228881836,88.19000244140625,61.45700073242188,55.51449966430664
2018-01-08,48.97999954223633,273.9200134277344,162.5500030517578,51.84000015258789,5.550000190734863,88.27999877929688,62.34349822998047,55.71049880981445
2018-01-09,49.060001373291016,274.5400085449219,162.55999755859375,51.35499954223633,5.548500061035156,88.22000122070312,62.6349983215332,55.63949966430664
2018-01-10,48.79999923706055,274.1199951171875,162.17999267578125,50.67499923706055,5.5920000076293945,87.81999969482422,62.71649932861328,55.50699996948242
2018-01-11,48.95000076293945,276.1199951171875,163.2899932861328,50.915000915527344,5.602000236511231,88.08000183105469,63.83399963378906,55.602500915527344
2018-01-12,49.5099983215332,277.9200134277344,164.49000549316406,51.17499923706055,5.57450008392334,89.5999984741211,65.26000213623047,56.532501220703125
2018-01-16,49.59000015258789,276.9700012207031,164.02000427246094,51.40999984741211,5.502749919891357,88.3499984741211,65.24299621582031,56.53499984741211
2018-01-17,50.27000045776367,279.6099853515625,165.7899932861328,52.94499969482422,5.618000030517578,90.13999938964844,64.75,56.95500183105469
2018-01-18,50.22999954223633,279.1400146484375,165.82000732421875,53.334999084472656,5.611000061035156,90.0999984741211,64.66600036621094,56.79850006103516
2018-01-19,50.58000183105469,280.4100036621094,166.33999633789062,53.3849983215332,5.752749919891357,90.0,64.72899627685547,57.17499923706055
2018-01-22,50.709999084472656,282.69000244140625,168.1199951171875,53.90999984741211,5.842249870300293,91.61000061035156,66.3655014038086,58.20800018310547
2018-01-23,51.119998931884766,283.2900085449219,169.50999450683594,54.2599983215332,5.972750186920166,91.9000015258789,68.12699890136719,58.80849838256836
2018-01-24,51.45000076293945,283.17999267578125,168.41000366210938,53.15999984741211,5.894999980926514,91.81999969482422,67.87550354003906,58.56449890136719
2018-01-25,51.59999847412109,283.29998779296875,168.35000610351562,52.29999923706055,5.908750057220459,92.33000183105467,68.89749908447266,59.10699844360352
2018-01-26,52.75,286.5799865722656,170.92999267578125,53.96500015258789,6.083250045776367,94.05999755859376,70.10250091552734,59.37799835205078
2018-01-29,51.93999862670898,284.67999267578125,170.10000610351562,53.8650016784668,6.171249866485596,93.91999816894533,70.88400268554688,59.32400131225586
2018-01-30,50.959999084472656,281.760009765625,168.6999969482422,52.810001373291016,6.067999839782715,92.73999786376952,71.89099884033203,58.868499755859375
2018-01-31,51.59000015258789,281.8999938964844,169.39999389648438,53.255001068115234,6.144999980926514,95.01000213623048,72.54450225830078,59.11100006103516
2018-02-01,51.630001068115234,281.5799865722656,167.9600067138672,52.93000030517578,6.012499809265137,94.26000213623048,69.5,59.079498291015625
2018-02-02,50.130001068115234,275.45001220703125,164.61000061035156,51.45500183105469,5.8379998207092285,91.77999877929688,71.49749755859375,55.959999084472656
2018-02-05,48.09000015258789,263.92999267578125,158.1199951171875,49.1349983215332,5.34250020980835,88.0,69.5,53.11949920654297
2018-02-06,49.400001525878906,269.1300048828125,162.30999755859375,50.94499969482422,5.639500141143799,91.33000183105467,72.14199829101562,54.22150039672852
2018-02-07,48.869998931884766,267.6700134277344,160.2100067138672,49.59999847412109,5.71999979019165,89.61000061035156,70.83899688720703,52.77050018310547
2018-02-08,46.84000015258789,257.6300048828125,153.4499969482422,47.625,5.438000202178955,85.01000213623047,67.5250015258789,50.385501861572266
2018-02-09,47.72999954223633,261.5,156.10000610351562,48.869998931884766,5.802000045776367,88.18000030517578,66.9800033569336,52.3134994506836
2018-02-12,48.150001525878906,265.3399963378906,158.8699951171875,49.90499877929688,5.70074987411499,89.12999725341797,69.3115005493164,52.72800064086914
2018-02-13,48.4900016784668,266.0,159.69000244140625,49.80500030517578,5.8157501220703125,89.83000183105469,70.72550201416016,52.70700073242188
2018-02-14,49.45000076293945,269.5899963378906,162.67999267578125,50.8650016784668,6.0355000495910645,90.80999755859376,72.55249786376953,53.6349983215332
2018-02-15,50.63999938964844,273.0299987792969,165.6999969482422,51.505001068115234,6.162499904632568,92.66000366210938,73.08799743652344,54.56800079345703
2018-02-16,50.709999084472656,273.1099853515625,164.9600067138672,51.39500045776367,6.0960001945495605,92.0,72.43450164794922,54.775001525878906
2018-02-20,49.88999938964844,271.3999938964844,165.2899932861328,52.415000915527344,6.227000236511231,92.72000122070312,73.4175033569336,55.179500579833984
2018-02-21,49.43000030517578,270.04998779296875,164.82000732421875,51.845001220703125,6.037749767303467,91.48999786376952,74.14600372314453,55.6875
2018-02-22,49.59000015258789,270.3999938964844,164.8000030517578,51.66999816894531,6.053750038146973,91.7300033569336,74.26699829101562,55.494998931884766
2018-02-23,50.5,274.7099914550781,168.1699981689453,52.83000183105469,6.148250102996826,94.05999755859376,75.0,56.40449905395508
2018-02-26,51.16999816894531,277.8999938964844,170.39999389648438,53.89500045776367,6.164500236511231,95.41999816894533,76.09750366210938,57.185001373291016
2018-02-27,50.72999954223633,274.42999267578125,168.2899932861328,53.69499969482422,6.151500225067139,94.1999969482422,75.5989990234375,55.8754997253418
2018-02-28,50.66999816894531,271.6499938964844,167.2100067138672,53.27000045776367,6.050000190734863,93.7699966430664,75.62249755859375,55.19599914550781
2018-03-01,49.709999084472656,267.70001220703125,164.47999572753906,52.41999816894531,5.80525016784668,92.8499984741211,74.67250061035156,53.570499420166016
2018-03-02,50.31999969482422,269.0799865722656,165.99000549316406,53.2400016784668,5.91349983215332,93.0500030517578,75.01249694824219,54.20700073242188
2018-03-05,51.290000915527344,272.19000244140625,167.8300018310547,53.85499954223633,5.891250133514404,93.63999938964844,76.18049621582031,54.73799896240234
2018-03-06,51.5,272.8800048828125,168.5399932861328,54.64500045776367,6.053999900817871,93.31999969482422,76.88200378417969,55.04499816894531
2018-03-07,51.720001220703125,272.7799987792969,168.92999267578125,54.880001068115234,6.046000003814697,93.86000061035156,77.25,55.75199890136719
2018-03-08,52.130001068115234,274.1000061035156,169.86000061035156,54.90499877929688,6.0295000076293945,94.43000030517578,77.59300231933594,56.46900177001953
2018-03-09,52.970001220703125,278.8699951171875,173.16000366210938,55.96500015258789,6.133250236511231,96.54000091552734,78.94450378417969,58.04199981689453
2018-03-12,52.900001525878906,278.5199890136719,174.0800018310547,56.53499984741211,6.24399995803833,96.7699966430664,79.91950225830078,58.29650115966797
2018-03-13,52.58000183105469,276.7200012207031,171.7100067138672,55.744998931884766,6.192749977111816,94.41000366210938,79.40899658203125,56.99549865722656
2018-03-14,52.31999969482422,275.29998779296875,171.67999267578125,55.775001525878906,6.218500137329102,93.8499984741211,79.55000305175781,57.44449996948242
2018-03-15,52.369998931884766,275.0,171.52999877929688,55.72499847412109,6.233500003814697,94.18000030517578,79.11599731445312,57.53049850463867
2018-03-16,52.27000045776367,274.20001220703125,171.02000427246094,55.70500183105469,6.26200008392334,94.5999984741211,78.58399963378906,56.72100067138672
2018-03-19,51.95000076293945,270.489990234375,167.10000610351562,54.79999923706055,6.025000095367432,92.88999938964844,77.24649810791016,55.00350189208984
2018-03-20,47.04999923706055,270.95001220703125,167.64999389648438,55.16999816894531,6.239500045776367,93.12999725341795,79.32550048828125,54.790000915527344
2018-03-21,47.02000045776367,270.42999267578125,166.9199981689453,55.28499984741211,6.214000225067139,92.4800033569336,79.09300231933594,54.70000076293945
2018-03-22,45.88999938964844,263.6700134277344,162.8000030517578,53.79499816894531,6.046249866485596,89.79000091552734,77.24600219726562,52.657501220703125
2018-03-23,44.790000915527344,258.04998779296875,158.50999450683594,52.04999923706055,5.824250221252441,87.18000030517578,74.77799987792969,51.32749938964844
2018-03-26,46.47999954223633,265.1099853515625,164.39999389648438,54.119998931884766,6.111999988555908,93.77999877929688,77.79299926757812,52.704498291015625
2018-03-27,45.380001068115234,260.6000061035156,159.0800018310547,52.255001068115234,5.638000011444092,89.47000122070312,74.85250091552734,50.34700012207031
2018-03-28,44.97999954223633,259.8299865722656,157.25,51.095001220703125,5.533750057220459,89.38999938964844,71.57099914550781,50.25899887084961
2018-03-29,45.75,263.1499938964844,160.1300048828125,52.13999938964844,5.789750099182129,91.2699966430664,72.36699676513672,51.85699844360352
2018-04-02,45.0099983215332,257.4700012207031,155.50999450683594,50.22999954223633,5.526249885559082,88.5199966430664,68.59950256347656,50.63150024414063
2018-04-03,44.88999938964844,260.7699890136719,157.25999450683594,51.15499877929688,5.633749961853027,89.70999908447266,69.60250091552734,50.93399810791016
2018-04-04,45.5099983215332,263.5599975585937,159.74000549316406,51.77999877929688,5.656000137329102,92.33000183105467,70.52850341796875,51.48550033569336
2018-04-05,45.959999084472656,265.6400146484375,160.64999389648438,51.209999084472656,5.5345001220703125,92.37999725341795,72.5875015258789,51.63199996948242
2018-04-06,44.83000183105469,259.7200012207031,156.6300048828125,49.72999954223633,5.356249809265137,90.2300033569336,70.2614974975586,50.497501373291016
2018-04-09,44.900001525878906,261.0,157.72999572753906,50.06999969482422,5.385250091552734,90.7699966430664,70.30400085449219,51.00450134277344
2018-04-10,45.81999969482422,265.1499938964844,161.2100067138672,51.59999847412109,5.697750091552734,92.87999725341795,71.81099700927734,51.82500076293945
2018-04-11,45.61000061035156,263.760009765625,160.27999877929688,51.57500076293945,5.656000137329102,91.86000061035156,71.35250091552734,51.25299835205078
2018-04-12,45.880001068115234,265.92999267578125,162.2100067138672,52.43000030517578,5.864999771118164,93.58000183105467,72.42500305175781,51.86449813842773
2018-04-13,46.08000183105469,265.1499938964844,161.3699951171875,51.93999862670898,5.787499904632568,93.08000183105467,71.53949737548828,51.80199813842773
2018-04-16,46.04999923706055,267.3299865722656,162.60000610351562,52.04499816894531,5.78725004196167,94.16999816894533,72.07499694824219,52.30500030517578
2018-04-17,46.65999984741211,270.19000244140625,166.10000610351562,52.994998931884766,5.938499927520752,96.06999969482422,75.19149780273438,53.96799850463867
2018-04-18,47.08000183105469,270.3900146484375,166.44000244140625,52.39500045776367,5.909249782562256,96.44000244140624,76.39199829101562,53.76950073242188
2018-04-19,46.81999969482422,268.8900146484375,164.91000366210938,50.060001373291016,5.72599983215332,96.11000061035156,77.84549713134766,54.47249984741211
2018-04-20,46.22999954223633,266.6099853515625,162.3000030517578,49.48500061035156,5.717750072479248,95.0,76.37449645996094,53.86600112915039
2018-04-23,45.79999923706055,266.57000732421875,161.88999938964844,48.845001220703125,5.5970001220703125,95.3499984741211,75.89299774169922,53.69049835205078
2018-04-24,45.52999877929688,262.9800109863281,158.4600067138672,48.595001220703125,5.53000020980835,93.12000274658205,73.00450134277344,51.13199996948242
2018-04-25,45.75,263.6300048828125,158.64999389648438,48.34999847412109,5.416500091552734,92.30999755859376,73.00849914550781,51.14950180053711
2018-04-26,45.959999084472656,266.3099975585937,161.99000549316406,49.3650016784668,5.630499839782715,94.26000213623048,75.89800262451172,52.16550064086914
2018-04-27,45.52999877929688,266.5599975585937,162.08999633789062,49.04499816894531,5.658249855041504,95.81999969482422,78.63099670410156,51.5724983215332
2018-04-30,45.66999816894531,264.510009765625,160.94000244140625,48.58000183105469,5.622499942779541,93.5199966430664,78.30650329589844,50.92900085449219
2018-05-01,45.95000076293945,264.9800109863281,162.77999877929688,49.36000061035156,5.678500175476074,95.0,79.11299896240234,52.03749847412109
2018-05-02,45.5099983215332,263.20001220703125,161.82000732421875,49.005001068115234,5.657750129699707,93.51000213623048,78.48400115966797,51.3025016784668
2018-05-03,45.060001373291016,262.6199951171875,161.8000030517578,49.125,5.824749946594238,94.06999969482422,78.60399627685547,51.31499862670898
2018-05-04,45.709999084472656,266.0199890136719,164.8699951171875,50.400001525878906,5.976500034332275,95.16000366210938,79.04750061035156,52.54999923706055
2018-05-07,46.06999969482422,266.9200134277344,166.24000549316406,50.66999816894531,6.2170000076293945,96.22000122070312,80.00700378417969,52.97299957275391
2018-05-08,45.93999862670898,266.9200134277344,166.07000732421875,51.025001525878906,6.260000228881836,95.80999755859376,79.61949920654297,52.929500579833984
2018-05-09,46.58000183105469,269.5,167.8800048828125,51.75,6.394499778747559,96.94000244140624,80.4000015258789,54.4474983215332
2018-05-10,46.93000030517578,272.0199890136719,169.6199951171875,52.61000061035156,6.5032501220703125,97.91000366210938,80.4540023803711,55.27349853515625
2018-05-11,46.81999969482422,272.8500061035156,169.4600067138672,52.20500183105469,6.363249778747559,97.6999969482422,80.14550018310547,55.16899871826172
2018-05-14,46.81999969482422,272.9800109863281,169.75,53.1150016784668,6.383999824523926,98.02999877929688,80.0770034790039,55.33000183105469
2018-05-15,46.810001373291016,271.1000061035156,167.8699951171875,52.52000045776367,6.138999938964844,97.31999969482422,78.80599975585938,54.243499755859375
2018-05-16,46.72999954223633,272.239990234375,168.97999572753906,53.26499938964844,6.15024995803833,97.1500015258789,79.36399841308594,54.204498291015625
2018-05-17,46.540000915527344,272.010009765625,168.3300018310547,52.915000915527344,6.192749977111816,96.18000030517578,79.08799743652344,54.0629997253418
2018-05-18,46.31999969482422,271.3299865722656,167.4600067138672,52.275001525878906,6.148499965667725,96.36000061035156,78.71849822998047,53.48199844360352
2018-05-21,47.209999084472656,273.3699951171875,168.39999389648438,53.025001525878906,6.105999946594238,97.5999984741211,79.27300262451172,54.20050048828125
2018-05-22,46.369998931884766,272.6099853515625,168.17999267578125,53.40499877929688,6.067500114440918,97.5,79.06999969482422,53.76549911499024
2018-05-23,46.900001525878906,273.3599853515625,169.60000610351562,53.46500015258789,6.188499927520752,98.66000366210938,80.09300231933594,54.29800033569336
2018-05-24,46.459999084472656,272.79998779296875,169.5500030517578,53.619998931884766,6.192249774932861,98.30999755859376,80.15350341796875,54.272499084472656
2018-05-25,47.0,272.1499938964844,169.72000122070312,54.15499877929688,6.23199987411499,98.36000061035156,80.50749969482422,54.20399856567383
2018-05-29,46.2599983215332,269.0199890136719,168.97000122070312,53.720001220703125,6.214749813079834,98.01000213623048,80.64350128173828,53.40349960327149
2018-05-30,47.04999923706055,272.6099853515625,170.17999267578125,54.04499816894531,6.324749946594238,98.9499969482422,81.24449920654297,53.87350082397461
2018-05-31,46.720001220703125,270.94000244140625,170.07000732421875,53.595001220703125,6.304749965667725,98.83999633789062,81.48100280761719,55.0
2018-06-01,47.34999847412109,273.6000061035156,172.74000549316406,54.76499938964844,6.440499782562256,100.79000091552734,82.0770034790039,56.75
2018-06-04,47.31999969482422,274.8999938964844,174.3000030517578,55.13999938964844,6.621250152587891,101.66999816894533,83.26349639892578,57.652000427246094
2018-06-05,47.130001068115234,275.1000061035156,174.83999633789062,55.45000076293945,6.6267499923706055,102.19000244140624,84.81749725341797,57.55099868774414
2018-06-06,47.75,277.3999938964844,175.86000061035156,55.80500030517578,6.628749847412109,102.48999786376952,84.7874984741211,57.34749984741211
2018-06-07,47.68000030517578,277.3699951171875,174.42999267578125,55.36000061035156,6.572500228881836,100.87999725341795,84.46499633789062,56.72100067138672
2018-06-08,48.18000030517578,278.19000244140625,174.44000244140625,54.98500061035156,6.557000160217285,101.62999725341795,84.19950103759766,56.635501861572266
2018-06-11,48.18999862670898,278.5599975585937,174.91000366210938,54.92499923706055,6.515500068664551,101.0500030517578,84.45600128173828,57.04499816894531
2018-06-12,48.45000076293945,278.9200134277344,175.8300018310547,55.09000015258789,6.564499855041504,101.30999755859376,84.9375,57.40950012207031
2018-06-13,48.27000045776367,278.0299987792969,175.82000732421875,54.97499847412109,6.559999942779541,100.8499984741211,85.24299621582031,57.21149826049805
2018-06-14,45.900001525878906,278.7300109863281,177.60000610351562,55.060001373291016,6.672749996185303,101.41999816894533,86.19300079345703,58.00550079345703
2018-06-15,46.27999877929688,277.1300048828125,176.97999572753906,55.150001525878906,6.631499767303467,100.12999725341795,85.79850006103516,57.9635009765625
2018-06-18,46.52000045776367,276.5599975585937,176.5,54.48500061035156,6.6272501945495605,100.86000061035156,86.18949890136719,59.17900085449219
2018-06-19,46.27000045776367,275.5,176.0,53.834999084472656,6.5042500495910645,100.86000061035156,86.73899841308594,58.93450164794922
2018-06-20,42.81999969482422,275.9700012207031,177.25,54.16999816894531,6.557750225067139,101.87000274658205,87.50399780273438,59.20349884033203
2018-06-21,43.09999847412109,274.239990234375,175.7100067138672,53.494998931884766,6.427750110626221,101.13999938964844,86.51100158691406,58.47200012207031
2018-06-22,44.09999847412109,274.739990234375,175.32000732421875,53.29499816894531,6.273749828338623,100.41000366210938,85.78350067138672,58.464500427246094
2018-06-25,44.27999877929688,271.0,171.3699951171875,51.369998931884766,5.978000164031982,98.38999938964844,83.15750122070312,56.9640007019043
2018-06-26,44.40999984741211,271.6000061035156,172.07000732421875,51.845001220703125,6.049749851226807,99.08000183105467,84.55449676513672,56.63100051879883
2018-06-27,43.45000076293945,269.3500061035156,169.72999572753906,50.57500076293945,5.89300012588501,97.54000091552734,83.02549743652344,55.84700012207031
2018-06-28,43.84000015258789,270.8900146484375,171.19000244140625,51.084999084472656,6.021500110626221,98.62999725341795,85.07250213623047,56.3390007019043
2018-06-29,44.060001373291016,271.2799987792969,171.64999389648438,51.334999084472656,5.922500133514404,98.61000061035156,84.98999786376953,56.45949935913086
2018-07-02,44.95000076293945,271.8599853515625,172.8000030517578,51.35499954223633,6.056000232696533,100.01000213623048,85.68900299072266,57.105499267578125
2018-07-03,44.720001220703125,270.8999938964844,170.8000030517578,50.45500183105469,5.921000003814697,99.0500030517578,84.697998046875,55.81399917602539
2018-07-05,45.40999984741211,273.1099853515625,172.9199981689453,51.81499862670898,6.068250179290772,99.76000213623048,84.98650360107422,57.06449890136719
2018-07-06,46.0,275.4200134277344,175.61000061035156,52.47499847412109,6.183249950408936,101.16000366210938,85.53150177001953,57.75400161743164
2018-07-09,46.72999954223633,277.8999938964844,177.19000244140625,52.869998931884766,6.231249809265137,101.8499984741211,86.95099639892578,58.36399841308594
2018-07-10,46.9900016784668,278.8999938964844,177.32000732421875,53.43999862670898,6.331250190734863,102.12000274658205,87.15350341796875,58.35699844360352
2018-07-11,47.63999938964844,276.8599853515625,176.4199981689453,51.970001220703125,6.1882500648498535,101.9800033569336,87.75,58.573001861572266
2018-07-12,48.150001525878906,279.3699951171875,179.4600067138672,52.59999847412109,6.280749797821045,104.19000244140624,89.83100128173828,60.0629997253418
2018-07-13,48.630001068115234,279.5899963378906,179.61000061035156,52.4900016784668,6.232999801635742,105.43000030517578,90.65149688720705,60.22100067138672
2018-07-16,48.459999084472656,279.3399963378906,179.17999267578125,52.33000183105469,6.204999923706055,104.91000366210938,91.12449645996094,59.82550048828125
2018-07-17,48.900001525878906,280.4700012207031,180.2700042724609,53.02000045776367,6.342249870300293,105.9499969482422,92.19650268554688,60.65399932861328
2018-07-18,48.63999938964844,281.0599975585937,179.92999267578125,53.560001373291016,6.292500019073486,105.12000274658205,92.14600372314452,60.64550018310547
2018-07-19,48.43999862670898,280.0,179.02999877929688,53.3849983215332,6.300749778747559,104.4000015258789,90.64849853515624,59.95500183105469
2018-07-20,48.52000045776367,279.67999267578125,178.99000549316406,53.33000183105469,6.272250175476074,106.2699966430664,90.68499755859376,59.89400100708008
2018-07-23,48.66999816894531,280.20001220703125,179.55999755859375,53.29499816894531,6.235249996185303,107.97000122070312,90.0999984741211,60.54999923706055
2018-07-24,48.66999816894531,281.6099853515625,180.3000030517578,52.630001068115234,6.217750072479248,107.66000366210938,91.46199798583984,62.907501220703125
2018-07-25,48.95000076293945,284.010009765625,182.82000732421875,52.89500045776367,6.296750068664551,110.83000183105467,93.18049621582033,63.797000885009766
2018-07-26,48.869998931884766,283.3399963378906,180.0500030517578,53.67499923706055,6.370999813079834,109.62000274658205,90.4000015258789,64.2750015258789
2018-07-27,48.630001068115234,281.4200134277344,177.6199951171875,53.40999984741211,6.30049991607666,107.68000030517578,90.8635025024414,62.64450073242188
2018-07-30,47.72999954223633,279.95001220703125,175.11000061035156,53.04499816894531,6.103250026702881,105.37000274658205,88.96099853515625,61.50199890136719
2018-07-31,47.68000030517578,281.3299865722656,176.4499969482422,52.94499969482422,6.121500015258789,106.08000183105467,88.87200164794922,61.36100006103516
2018-08-01,47.34999847412109,280.8599853515625,177.1199951171875,53.17499923706055,6.161749839782715,106.27999877929688,89.8584976196289,61.64950180053711
2018-08-02,47.900001525878906,282.3900146484375,179.52999877929688,53.709999084472656,6.265500068664551,107.56999969482422,91.71649932861328,62.05649948120117
2018-08-03,48.470001220703125,283.6000061035156,180.0800018310547,53.79499816894531,6.302499771118164,108.04000091552734,91.16449737548828,61.90800094604492
2018-08-06,48.66999816894531,284.6400146484375,181.13999938964844,54.08000183105469,6.350749969482422,108.12999725341795,92.3874969482422,61.88349914550781
2018-08-07,48.47999954223633,285.5799865722656,181.8000030517578,54.44499969482422,6.423749923706055,108.87999725341795,93.1240005493164,62.79199981689453
2018-08-08,48.38999938964844,285.4599914550781,182.0200042724609,54.6150016784668,6.4604997634887695,109.48999786376952,94.32599639892578,63.06650161743164
2018-08-09,48.540000915527344,285.07000732421875,181.91000366210935,54.084999084472656,6.411499977111816,109.66999816894533,94.9260025024414,63.22299957275391
2018-08-10,48.31999969482422,283.1600036621094,180.5200042724609,52.81499862670898,6.369750022888184,109.0,94.31500244140624,62.6254997253418
2018-08-13,48.0099983215332,282.1000061035156,180.32000732421875,52.875,6.402999877929688,108.20999908447266,94.80999755859376,62.43199920654297
2018-08-14,48.22999954223633,283.8999938964844,181.4499969482422,52.75,6.535749912261963,109.55999755859376,95.98249816894533,62.90700149536133
2018-08-15,47.84000015258789,281.7799987792969,179.22999572753906,51.875,6.477000236511231,107.66000366210938,94.13099670410156,61.61100006103516
2018-08-16,48.09999847412109,284.0599975585937,179.82000732421875,51.79499816894531,6.435999870300293,107.63999938964844,94.32599639892578,61.20299911499024
2018-08-17,48.36000061035156,285.0599975585937,179.86000061035156,51.415000915527344,6.120500087738037,107.58000183105467,94.11100006103516,60.79249954223633
2018-08-20,48.41999816894531,285.6700134277344,179.6999969482422,51.345001220703125,6.196000099182129,106.87000274658205,93.83550262451172,61.09749984741211
2018-08-21,48.40999984741211,286.3399963378906,180.3600006103516,52.40499877929688,6.333000183105469,105.9800033569336,94.1709976196289,60.87049865722656
2018-08-22,48.79999923706055,286.1700134277344,181.05999755859372,52.59999847412109,6.570499897003174,107.05999755859376,95.24500274658205,61.087501525878906
2018-08-23,48.959999084472656,285.7900085449219,180.8000030517578,52.665000915527344,6.671000003814697,107.55999755859376,95.1449966430664,61.05799865722656
2018-08-24,49.2599983215332,287.510009765625,182.47999572753903,53.470001220703125,6.805500030517578,108.4000015258789,95.26950073242188,61.837501525878906
2018-08-27,49.33000183105469,289.7799987792969,184.33999633789065,54.30500030517578,6.897500038146973,109.5999984741211,96.38400268554688,62.8134994506836
2018-08-28,48.63999938964844,289.9200134277344,184.6100006103516,54.5099983215332,6.859499931335449,110.26000213623048,96.64099884033205,62.292999267578125
2018-08-29,48.88999938964844,291.4800109863281,186.7400054931641,54.81999969482422,6.962250232696533,112.0199966430664,99.90499877929688,63.23249816894531
2018-08-30,48.380001068115234,290.29998779296875,186.41000366210935,54.23500061035156,6.945250034332275,111.9499969482422,100.11900329589844,62.72200012207031
2018-08-31,48.58000183105469,290.3099975585937,186.6499938964844,54.470001220703125,7.017000198364258,112.33000183105467,100.635498046875,61.59000015258789
2018-09-04,48.58000183105469,289.8099975585937,185.8500061035156,54.8650016784668,7.09250020980835,111.70999908447266,101.97550201416016,60.56549835205078
2018-09-05,48.040000915527344,289.0299987792969,183.4499969482422,54.56499862670898,6.9604997634887695,108.48999786376952,99.74099731445312,59.95500183105469
2018-09-06,47.709999084472656,288.1600036621094,181.80999755859372,53.150001525878906,6.817999839782715,108.73999786376952,97.91549682617188,59.199501037597656
2018-09-07,47.810001373291016,287.6000061035156,181.1100006103516,52.915000915527344,6.796500205993652,108.20999908447266,97.60350036621094,58.87950134277344
2018-09-10,48.86000061035156,288.1000061035156,181.72000122070312,53.43000030517578,6.868249893188477,109.37999725341795,96.95050048828124,58.75299835205078
2018-09-11,48.91999816894531,289.04998779296875,183.1199951171875,52.7599983215332,6.820000171661377,111.23999786376952,99.35749816894533,59.4995002746582
2018-09-12,49.34000015258789,289.1199951171875,182.5800018310547,52.15499877929688,6.704999923706055,111.70999908447266,99.5,58.58000183105469
2018-09-13,48.959999084472656,290.8299865722656,184.52999877929688,52.79499816894531,6.7835001945495605,112.91000366210938,99.49349975585938,59.10699844360352
2018-09-14,49.25,290.8800048828125,183.9900054931641,53.34000015258789,6.910749912261963,113.37000274658205,98.5094985961914,58.89899826049805
2018-09-17,49.18000030517578,289.3399963378906,181.33999633789065,52.619998931884766,6.848249912261963,112.13999938964844,95.40149688720705,57.99150085449219
2018-09-18,49.02999877929688,290.9100036621094,182.83999633789065,53.02000045776367,6.7754998207092285,113.20999908447266,97.05249786376952,58.355499267578125
2018-09-19,49.43000030517578,291.2200012207031,182.6999969482422,53.13999938964844,6.799499988555908,111.6999969482422,96.3209991455078,58.7135009765625
2018-09-20,50.43000030517578,293.5799865722656,184.72000122070312,53.82500076293945,6.6570000648498535,113.56999969482422,97.21499633789062,59.57849884033203
2018-09-21,51.09999847412109,291.989990234375,183.7100067138672,53.55500030517578,6.586249828338623,114.26000213623048,95.75050354003906,58.60599899291992
2018-09-24,51.2400016784668,291.0199890136719,183.88999938964844,53.935001373291016,6.642499923706055,114.66999816894533,96.71800231933594,58.97800064086914
2018-09-25,51.720001220703125,290.75,184.13999938964844,53.07500076293945,6.710249900817871,114.4499969482422,98.72750091552734,59.69449996948242
2018-09-26,51.630001068115234,289.8800048828125,184.2700042724609,52.60499954223633,6.672999858856201,113.9800033569336,98.74250030517578,59.70299911499024
2018-09-27,51.68999862670898,290.69000244140625,185.8300018310547,52.935001373291016,6.684999942779541,114.41000366210938,100.64900207519533,60.36800003051758
2018-09-28,51.560001373291016,290.7200012207031,185.7899932861328,53.22499847412109,7.0254998207092285,114.37000274658205,100.1500015258789,60.354000091552734
2018-10-01,51.79999923706055,291.7300109863281,186.1699981689453,53.3650016784668,7.234000205993652,115.61000061035156,100.21800231933594,60.42649841308594
2018-10-02,50.22999954223633,291.5599975585937,185.75,53.32500076293945,7.162000179290772,115.1500015258789,98.56549835205078,60.38199996948242
2018-10-03,49.75,291.7200012207031,185.9499969482422,53.52999877929688,7.16825008392334,115.16999816894533,97.63800048828124,60.57649993896485
2018-10-04,49.470001220703125,289.44000244140625,182.3800048828125,52.32500076293945,6.982250213623047,112.79000091552734,95.47100067138672,58.85350036621094
2018-10-05,49.34999847412109,287.82000732421875,180.1499938964844,51.1349983215332,6.746500015258789,112.12999725341795,94.48249816894533,58.39149856567383
2018-10-08,49.36000061035156,287.82000732421875,179.0500030517578,50.53499984741211,6.64424991607666,110.8499984741211,93.22100067138672,57.79600143432617
2018-10-09,48.869998931884766,287.3999938964844,179.6300048828125,50.43999862670898,6.638500213623047,112.26000213623048,93.51599884033205,57.25849914550781
2018-10-10,47.400001525878906,278.29998779296875,171.72999572753906,48.150001525878906,6.142250061035156,106.16000366210938,87.76249694824219,54.608001708984375
2018-10-11,46.77999877929688,272.1700134277344,169.60000610351562,47.72499847412109,5.8782501220703125,105.91000366210938,85.96800231933594,54.5369987487793
2018-10-12,47.380001068115234,275.95001220703125,174.32000732421875,48.66999816894531,6.16349983215332,109.56999969482422,89.43049621582031,56.027000427246094
2018-10-15,47.119998931884766,274.3999938964844,172.2100067138672,48.13999938964844,5.884500026702881,107.5999984741211,88.04750061035156,55.12200164794922
2018-10-16,48.22999954223633,280.3999938964844,177.22000122070312,49.77000045776367,6.145750045776367,111.0,90.9980010986328,56.65399932861328
2018-10-17,47.86000061035156,280.45001220703125,177.2899932861328,49.525001525878906,6.076499938964844,110.70999908447266,91.58650207519533,56.37950134277344
2018-10-18,47.380001068115234,276.3999938964844,173.17999267578125,48.23500061035156,5.988249778747559,108.5,88.53600311279297,54.89550018310547
2018-10-19,47.59000015258789,276.25,173.02000427246094,47.540000915527344,5.729249954223633,108.66000366210938,88.20149993896484,55.25899887084961
2018-10-22,47.93999862670898,275.010009765625,173.91000366210938,47.79499816894531,5.7804999351501465,109.62999725341795,89.46499633789062,55.56850051879883
2018-10-23,47.9900016784668,273.6099853515625,173.27000427246094,47.60499954223633,5.526500225067139,108.0999984741211,88.43499755859375,55.74549865722656
2018-10-24,46.7599983215332,265.32000732421875,165.33999633789062,44.40999984741211,4.985249996185303,102.31999969482422,83.20999908447266,52.85599899291992
2018-10-25,47.959999084472656,270.0799865722656,171.05999755859375,45.665000915527344,5.196000099182129,108.3000030517578,89.1084976196289,55.179500579833984
2018-10-26,47.31999969482422,265.3299865722656,166.66000366210938,44.84000015258789,4.957250118255615,106.95999908447266,82.1405029296875,54.1875
2018-10-29,47.02000045776367,263.8599853515625,163.22999572753906,44.32500076293945,4.640500068664551,103.8499984741211,76.94400024414062,51.73649978637695
2018-10-30,48.56999969482422,267.7699890136719,165.9199981689453,46.209999084472656,5.074999809265137,103.7300033569336,76.52100372314453,52.47549819946289
2018-10-31,48.84000015258789,270.6300048828125,169.82000732421875,46.72999954223633,5.270750045776367,106.80999755859376,79.90049743652344,54.52899932861328
2018-11-01,48.59000015258789,273.510009765625,172.05999755859375,48.98500061035156,5.452750205993652,105.91999816894533,83.27649688720703,54.29899978637695
2018-11-02,48.83000183105469,271.8900146484375,169.3800048828125,48.20500183105469,5.373000144958496,106.16000366210938,83.27649688720703,53.574501037597656
2018-11-05,49.02000045776367,273.3900146484375,168.9600067138672,47.7599983215332,5.294250011444092,107.51000213623048,81.38999938964844,52.7864990234375
2018-11-06,49.25,275.1199951171875,170.24000549316406,48.255001068115234,5.276500225067139,107.72000122070312,82.1405029296875,53.47850036621094
2018-11-07,50.2599983215332,281.010009765625,175.5800018310547,48.84999847412109,5.344749927520752,111.95999908447266,87.77449798583984,55.4119987487793
2018-11-08,50.43000030517578,280.5,174.4600067138672,48.625,5.149750232696533,111.75,87.74549865722656,54.73149871826172
2018-11-09,50.61000061035156,277.760009765625,171.52000427246094,47.744998931884766,5.141749858856201,109.56999969482422,85.62149810791016,53.85100173950195
2018-11-12,49.220001220703125,272.57000732421875,166.3300018310547,45.65499877929688,4.738500118255615,106.87000274658205,81.84249877929688,52.46799850463867
2018-11-13,49.5099983215332,272.0599975585937,166.47000122070312,46.244998931884766,4.982749938964844,106.94000244140624,81.55850219726562,52.39849853515625
2018-11-14,48.84000015258789,270.20001220703125,165.1999969482422,46.48500061035156,4.929749965667725,104.97000122070312,79.95050048828125,52.729000091552734
2018-11-15,50.630001068115234,273.0199890136719,168.08999633789062,47.95500183105469,5.059750080108643,107.27999877929688,80.97200012207031,53.5525016784668
2018-11-16,51.16999816894531,273.7300109863281,167.5,47.13999938964844,4.110750198364258,108.29000091552734,79.67050170898438,53.41350173950195
2018-11-19,49.54999923706055,269.1000061035156,162.05999755859375,45.369998931884766,3.617500066757202,104.62000274658205,75.614501953125,51.37099838256836
2018-11-20,48.33000183105469,264.1199951171875,159.16000366210938,45.33000183105469,3.7269999980926514,101.70999908447266,74.77300262451172,51.522499084472656
2018-11-21,48.619998931884766,265.0199890136719,160.3699951171875,45.52999877929688,3.6177499294281006,103.11000061035156,75.83650207519531,52.17150115966797
2018-11-23,48.70000076293945,263.25,159.2100067138672,45.46500015258789,3.625,103.06999969482422,75.10299682617188,51.505001068115234
2018-11-26,48.2599983215332,267.5,162.88999938964844,46.369998931884766,3.826250076293945,106.47000122070312,79.06649780273438,52.797000885009766
2018-11-27,47.43999862670898,268.3999938964844,163.44000244140625,46.43999862670898,3.843250036239624,107.13999938964844,79.07099914550781,52.61399841308594
2018-11-28,48.18999862670898,274.5799865722656,168.6999969482422,47.66999816894531,4.0017499923706055,111.12000274658205,83.88749694824219,54.589500427246094
2018-11-29,47.900001525878906,273.9800109863281,168.14999389648438,47.220001220703125,3.934000015258789,110.19000244140624,83.67849731445312,54.729000091552734
2018-11-30,48.7599983215332,275.6499938964844,169.3699951171875,48.375,4.085750102996826,110.88999938964844,84.50849914550781,55.48249816894531
2018-12-03,49.83000183105469,279.29998779296875,172.3300018310547,49.22499847412109,4.250999927520752,112.08999633789062,88.61799621582031,55.81800079345703
2018-12-04,48.75,270.25,165.72000122070312,46.80500030517578,3.9277501106262207,108.5199966430664,83.41999816894531,53.12350082397461
2018-12-06,46.68000030517578,269.8399963378906,166.88999938964844,46.52999877929688,3.9572501182556152,109.19000244140624,84.95950317382812,53.90399932861328
2018-12-07,46.0,263.57000732421875,161.3800048828125,44.76499938964844,3.690249919891357,104.81999969482422,81.45649719238281,52.32899856567383
2018-12-10,46.66999816894531,264.07000732421875,163.07000732421875,45.28499984741211,3.796499967575073,107.58999633789062,82.05149841308594,52.65900039672852
2018-12-11,46.459999084472656,264.1300048828125,163.61000061035156,45.5099983215332,3.704750061035156,108.58999633789062,82.16200256347656,53.08250045776367
2018-12-12,47.31999969482422,265.4599914550781,165.0500030517578,46.20000076293945,3.722500085830689,109.08000183105467,83.177001953125,53.686500549316406
2018-12-13,47.22999954223633,265.3699951171875,165.10000610351562,46.04499816894531,3.722249984741211,109.4499969482422,82.91899871826172,53.67699813842773
2018-12-14,46.59999847412109,260.4700012207031,161.0800018310547,45.33000183105469,3.661250114440918,106.02999877929688,79.59549713134766,52.58549880981445
2018-12-17,45.72999954223633,255.3600006103516,157.42999267578125,44.900001525878906,3.5894999504089355,102.88999938964844,76.04550170898438,51.282501220703125
2018-12-18,45.84999847412109,255.0800018310547,158.4199981689453,45.43999862670898,3.673500061035156,103.97000122070312,77.5739974975586,52.170501708984375
2018-12-19,46.45000076293945,251.25999450683597,154.52999877929688,43.470001220703125,3.46274995803833,103.69000244140624,74.75399780273438,51.77299880981445
2018-12-20,46.2400016784668,247.1699981689453,152.2899932861328,42.310001373291016,3.377500057220459,101.51000213623048,73.04149627685547,51.17900085449219
2018-12-21,44.0,240.6999969482422,147.57000732421875,41.58000183105469,3.2392499446868896,98.2300033569336,68.87249755859375,49.5625
2018-12-24,42.68999862670898,234.33999633789065,143.5,40.47999954223633,3.177000045776367,94.12999725341795,67.197998046875,49.23350143432617
2018-12-26,44.59000015258789,246.17999267578125,152.4600067138672,42.755001068115234,3.327500104904175,100.55999755859376,73.54499816894531,52.39250183105469
2018-12-27,44.970001220703125,248.07000732421875,153.0500030517578,43.130001068115234,3.279249906539917,101.18000030517578,73.08200073242188,52.64500045776367
2018-12-28,44.81999969482422,247.75,152.97000122070312,43.42499923706055,3.341249942779541,100.38999938964844,73.9010009765625,52.33399963378906
2018-12-31,45.150001525878906,249.9199981689453,154.25999450683594,43.63999938964844,3.337500095367432,101.56999969482422,75.09850311279297,52.24800109863281
2019-01-02,45.220001220703125,250.17999267578125,154.8800048828125,43.959999084472656,3.4054999351501465,101.12000274658205,76.95649719238281,52.73400115966797
2019-01-03,44.77999877929688,244.2100067138672,149.82000732421875,41.31999969482422,3.1997499465942383,97.4000015258789,75.01399993896484,51.27349853515625
2019-01-04,46.709999084472656,252.38999938964844,156.22999572753906,43.244998931884766,3.404750108718872,101.93000030517578,78.76950073242188,53.90349960327149
2019-01-07,47.45000076293945,254.3800048828125,158.08999633789062,44.08000183105469,3.5850000381469727,102.05999755859376,81.47550201416016,53.79600143432617
2019-01-08,47.880001068115234,256.7699890136719,159.52000427246094,43.82500076293945,3.4957499504089355,102.8000030517578,82.8290023803711,54.26850128173828
2019-01-09,47.77999877929688,257.9700012207031,160.82000732421875,44.94499969482422,3.564500093460083,104.2699966430664,82.97100067138672,54.08250045776367
2019-01-10,47.81999969482422,258.8800048828125,161.27999877929688,45.40999984741211,3.630749940872192,103.5999984741211,82.81099700927734,53.94150161743164
2019-01-11,48.290000915527344,258.9800109863281,160.69000244140625,45.78499984741211,3.720750093460083,102.8000030517578,82.02799987792969,53.2234992980957
2019-01-14,48.18000030517578,257.3999938964844,159.27000427246094,45.0,3.760999917984009,102.0500030517578,80.8604965209961,52.57550048828125
2019-01-15,48.380001068115234,260.3500061035156,162.3800048828125,45.119998931884766,3.7467501163482666,105.01000213623048,83.72799682617188,54.32550048828125
2019-01-16,48.060001373291016,260.9800109863281,162.35000610351562,44.76499938964844,3.720999956130981,105.37999725341795,84.18900299072266,54.47549819946289
2019-01-17,48.58000183105469,262.9599914550781,163.6300048828125,45.31999969482422,3.7929999828338623,106.12000274658205,84.66100311279297,54.95600128173828
2019-01-18,49.27000045776367,266.4599914550781,165.25,46.43999862670898,3.923249959945679,107.70999908447266,84.80999755859375,55.3650016784668
2019-01-22,48.93999862670898,262.8599853515625,161.94000244140625,45.095001220703125,3.719249963760376,105.68000030517578,81.6084976196289,53.93149948120117
2019-01-23,49.2400016784668,263.4100036621094,162.14999389648438,44.915000915527344,3.732249975204468,106.70999908447266,82.0009994506836,54.22050094604492
2019-01-24,49.20000076293945,263.54998779296875,163.1999969482422,47.560001373291016,3.946000099182129,106.1999969482422,82.74649810791016,54.20000076293945
2019-01-25,49.79999923706055,265.7799987792969,165.14999389648438,48.44499969482422,4.003749847412109,107.16999816894533,83.52850341796875,55.07550048828125
2019-01-28,49.52000045776367,263.760009765625,163.11000061035156,47.540000915527344,3.4502499103546143,105.08000183105467,81.89450073242188,53.99300003051758
2019-01-29,49.61000061035156,263.4100036621094,161.57000732421875,46.90999984741211,3.289999961853028,102.94000244140624,79.69400024414062,53.50299835205078
2019-01-30,50.36000061035156,267.5799865722656,165.67999267578125,48.33000183105469,3.4347500801086426,106.37999725341795,83.52149963378906,54.89950180053711
2019-01-31,50.22999954223633,269.92999267578125,168.16000366210938,48.29499816894531,3.59375,104.43000030517578,85.9365005493164,56.29449844360352
2019-02-01,50.810001373291016,270.0599975585937,167.4499969482422,48.90999984741211,3.618249893188477,102.77999877929688,81.3115005493164,55.930999755859375
2019-02-04,51.02999877929688,271.9599914550781,169.52999877929688,49.150001525878906,3.7295000553131104,105.73999786376952,81.66549682617188,57.07099914550781
2019-02-05,51.2400016784668,273.1000061035156,171.02999877929688,49.42499923706055,3.7487499713897705,107.22000122070312,82.94049835205078,57.59349822998047
2019-02-06,51.2599983215332,272.739990234375,170.52000427246094,50.650001525878906,3.825000047683716,106.02999877929688,82.01300048828125,56.14450073242188
2019-02-07,50.220001220703125,270.1400146484375,168.22999572753906,49.560001373291016,3.685499906539917,105.2699966430664,80.71849822998047,55.295501708984375
2019-02-08,51.02999877929688,270.4700012207031,168.55999755859375,49.42499923706055,3.70425009727478,105.66999816894533,79.41100311279297,55.11899948120117
2019-02-11,51.22999954223633,270.6199951171875,168.39999389648438,49.63999938964844,3.661250114440918,105.25,79.55000305175781,55.10599899291992
2019-02-12,51.220001220703125,274.1000061035156,170.88999938964844,50.744998931884766,3.779249906539917,106.88999938964844,81.90049743652344,56.37900161743164
2019-02-13,51.41999816894531,274.989990234375,171.00999450683594,50.8650016784668,3.822000026702881,106.80999755859376,82.0,56.43149948120117
2019-02-14,51.47999954223633,274.3800048828125,171.22000122070312,51.01499938964844,3.8632500171661377,106.9000015258789,81.13249969482422,56.459999084472656
2019-02-15,51.720001220703125,277.3699951171875,171.94000244140625,51.275001525878906,3.933500051498413,108.22000122070312,80.39749908447266,55.98149871826172
2019-02-19,52.02000045776367,277.8500061035156,172.27999877929688,51.21500015258789,3.9159998893737793,108.16999816894533,81.37899780273438,56.32550048828125
2019-02-20,51.77000045776367,278.4100036621094,172.25,51.68000030517578,3.963749885559082,107.1500015258789,81.1050033569336,56.02949905395508
2019-02-21,52.11000061035156,277.4200134277344,171.6199951171875,51.36000061035156,3.89424991607666,109.41000366210938,80.97200012207031,55.21049880981445
2019-02-22,52.47999954223633,279.1400146484375,172.88999938964844,52.09000015258789,3.979749917984009,110.97000122070312,81.5780029296875,55.82799911499024
2019-02-25,52.560001373291016,279.5199890136719,173.52000427246094,52.56499862670898,3.967250108718872,111.58999633789062,81.6500015258789,55.86650085449219
2019-02-26,52.59999847412109,279.32000732421875,173.6999969482422,52.22499847412109,3.927500009536743,112.36000061035156,81.81999969482422,56.10049819946289
2019-02-27,52.380001068115234,279.20001220703125,173.58999633789062,51.68999862670898,3.8852500915527344,112.16999816894533,82.05449676513672,56.14450073242188
2019-02-28,52.130001068115234,278.67999267578125,173.19000244140625,51.665000915527344,3.8564999103546143,112.02999877929688,81.99150085449219,56.32749938964844
2019-03-01,52.5099983215332,280.4200134277344,174.38999938964844,52.13999938964844,3.911250114440918,112.52999877929688,83.58650207519531,57.42599868774414
2019-03-04,52.040000915527344,279.3999938964844,174.4199981689453,52.165000915527344,3.919500112533569,112.26000213623048,84.80850219726562,57.67100143432617
2019-03-05,52.36000061035156,279.0199890136719,174.5500030517578,51.91999816894531,3.913000106811523,111.6999969482422,84.62149810791016,58.45949935913086
2019-03-06,52.34999847412109,277.3299865722656,173.55999755859375,51.04499816894531,3.8012499809265137,111.75,83.44750213623047,58.24700164794922
2019-03-07,52.58000183105469,275.010009765625,171.42999267578125,50.4900016784668,3.7314999103546143,110.38999938964844,81.29750061035156,57.54249954223633
2019-03-08,52.77000045776367,274.4599914550781,171.1699981689453,50.47499847412109,3.766000032424927,110.51000213623048,81.04000091552734,57.49850082397461
2019-03-11,52.65999984741211,278.44000244140625,174.72999572753906,51.54999923706055,4.028500080108643,112.83000183105467,83.53099822998047,58.9630012512207
2019-03-12,52.79999923706055,279.489990234375,175.69000244140625,51.80500030517578,4.063000202178955,113.62000274658205,83.65499877929688,59.86249923706055
2019-03-13,53.060001373291016,281.3399963378906,177.00999450683594,52.01499938964844,4.215499877929688,114.5,84.54049682617188,59.95299911499024
2019-03-14,53.04999923706055,281.1600036621094,176.7100067138672,51.72499847412109,4.138999938964844,114.58999633789062,84.31099700927734,59.62649917602539
2019-03-15,52.93999862670898,281.3099975585937,178.35000610351562,53.11000061035156,4.245250225067139,115.91000366210938,85.61799621582031,59.51499938964844
2019-03-18,53.459999084472656,282.3299865722656,178.4499969482422,52.96500015258789,4.223750114440918,117.56999969482422,87.10749816894531,59.4275016784668
2019-03-19,54.040000915527344,282.3999938964844,179.0500030517578,53.57500076293945,4.392749786376953,117.6500015258789,88.09249877929688,60.12300109863281
2019-03-20,52.63999938964844,281.54998779296875,179.75999450683594,53.1150016784668,4.360000133514404,117.5199966430664,89.8635025024414,61.32149887084961
2019-03-21,54.040000915527344,284.7300109863281,182.57000732421875,54.94499969482422,4.598499774932861,120.22000122070312,90.96299743652344,61.80649948120117
2019-03-22,52.77000045776367,279.25,178.55999755859375,53.375,4.4375,117.0500030517578,88.2385025024414,60.38249969482422
2019-03-25,52.7400016784668,279.0400085449219,178.22000122070312,52.70000076293945,4.3445000648498535,117.66000366210938,88.71299743652344,59.86899948120117
2019-03-26,53.27999877929688,281.1199951171875,179.0500030517578,53.18999862670898,4.421750068664551,117.91000366210938,89.18800354003906,59.492000579833984
2019-03-27,52.810001373291016,279.6499938964844,177.89999389648438,52.415000915527344,4.412499904632568,116.7699966430664,88.28500366210938,58.9005012512207
2019-03-28,53.18999862670898,280.7099914550781,178.30999755859375,52.31499862670898,4.431250095367432,116.93000030517578,88.6709976196289,58.61349868774414
2019-03-29,53.709999084472656,282.4800109863281,179.66000366210938,53.165000915527344,4.488999843597412,117.94000244140624,89.0374984741211,58.84450149536133
2019-04-01,54.58000183105469,285.8299865722656,182.0399932861328,54.47499847412109,4.557000160217285,119.0199966430664,90.70950317382812,59.94900131225586
2019-04-02,54.150001525878906,285.9700012207031,182.72999572753903,54.52000045776367,4.574999809265137,119.19000244140624,90.6989974975586,60.277000427246094
2019-04-03,54.060001373291016,286.4200134277344,183.77999877929688,55.790000915527344,4.715499877929688,119.97000122070312,91.03500366210938,60.54050064086914
2019-04-04,53.81999969482422,287.17999267578125,183.7100067138672,55.84999847412109,4.706500053405762,119.36000061035156,90.94300079345705,60.97249984741211
2019-04-05,53.93000030517578,288.57000732421875,184.66000366210935,56.27000045776367,4.773749828338623,119.88999938964844,91.86399841308594,60.5724983215332
2019-04-08,53.720001220703125,288.7900085449219,185.1300048828125,56.3849983215332,4.794750213623047,119.93000030517578,92.49299621582033,60.41400146484375
2019-04-09,53.83000183105469,287.3099975585937,184.47999572753903,55.77000045776367,4.731500148773193,119.27999877929688,91.79199981689452,60.134498596191406
2019-04-10,53.970001220703125,288.2900085449219,185.47000122070312,56.220001220703125,4.802499771118164,120.19000244140624,92.3665008544922,60.3224983215332
2019-04-11,53.790000915527344,288.2099914550781,185.02999877929688,56.165000915527344,4.78849983215332,120.33000183105467,92.20349884033205,60.47949981689453
2019-04-12,54.5,290.1600036621094,185.8300018310547,56.95500183105469,4.750249862670898,120.9499969482422,92.15299987792967,61.13650131225586
2019-04-15,54.630001068115234,289.9700012207031,185.8600006103516,56.54499816894531,4.617499828338623,121.0500030517578,92.24349975585938,61.32649993896485
2019-04-16,54.59000015258789,290.1600036621094,186.5,57.92499923706055,4.705249786376953,120.7699966430664,93.1520004272461,61.59550094604492
2019-04-17,54.47999954223633,289.45001220703125,187.1499938964844,58.77999877929688,4.682250022888184,121.7699966430664,93.24099731445312,62.00699996948242
2019-04-18,54.52000045776367,290.0199890136719,187.38999938964844,58.8650016784668,4.65749979019165,123.37000274658205,93.08450317382812,62.07350158691406
2019-04-22,54.619998931884766,290.2699890136719,187.9199981689453,58.81999969482422,4.711750030517578,123.76000213623048,94.3655014038086,62.6879997253418
2019-04-23,54.93999862670898,292.8800048828125,190.30999755859372,59.29499816894531,4.766749858856201,125.44000244140624,96.1884994506836,63.52949905395508
2019-04-24,55.18000030517578,292.2300109863281,189.7100067138672,59.79999923706055,4.779250144958496,125.01000213623048,95.0875015258789,63.00249862670898
2019-04-25,55.0099983215332,292.04998779296875,190.47999572753903,58.619998931884766,4.672749996185303,129.14999389648438,95.1125030517578,63.367000579833984
2019-04-26,55.40999984741211,293.4100036621094,190.6499938964844,57.90499877929688,4.452250003814697,129.88999938964844,97.53150177001952,63.87099838256836
2019-04-29,55.08000183105469,293.8699951171875,191.0200042724609,57.59999847412109,4.483250141143799,129.77000427246094,96.92150115966795,64.80999755859375
2019-04-30,55.33000183105469,294.0199890136719,189.5399932861328,58.125,4.525000095367432,130.60000610351562,96.32599639892578,59.948001861572266
2019-05-01,54.880001068115234,291.8099975585937,188.92999267578125,57.68000030517578,4.511750221252441,127.87999725341795,95.57599639892578,58.66600036621094
2019-05-02,54.59999847412109,291.17999267578125,188.1100006103516,58.22499847412109,4.579750061035156,126.20999908447266,95.04100036621094,58.32550048828125
2019-05-03,54.790000915527344,294.0299987792969,191.1100006103516,58.744998931884766,4.575250148773193,128.89999389648438,98.1230010986328,59.477500915527344
2019-05-06,54.84999847412109,292.82000732421875,189.94000244140625,57.80500030517578,4.496250152587891,128.14999389648438,97.52749633789062,59.67300033569336
2019-05-07,54.0,287.92999267578125,186.2400054931641,56.48500061035156,4.327750205993652,125.5199966430664,96.0500030517578,58.94300079345703
2019-05-08,53.9900016784668,287.5299987792969,185.7700042724609,56.08000183105469,4.3480000495910645,125.51000213623048,95.88849639892578,58.53900146484375
2019-05-09,54.25,286.6600036621094,184.7700042724609,55.290000915527344,4.254749774932861,125.5,94.99349975585938,58.39849853515625
2019-05-10,54.650001525878906,288.1000061035156,185.0,55.22999954223633,4.2204999923706055,127.12999725341795,94.4990005493164,58.38199996948242
2019-05-13,53.43000030517578,280.8599853515625,178.5800018310547,52.66999816894531,3.961250066757202,123.3499984741211,91.13400268554688,56.829498291015625
2019-05-14,54.130001068115234,283.3999938964844,180.5399932861328,54.02000045776367,4.051000118255615,124.7300033569336,92.00599670410156,56.24300003051758
2019-05-15,54.560001373291016,285.0599975585937,183.08999633789065,54.52000045776367,3.989500045776367,126.0199966430664,93.55750274658205,58.540000915527344
2019-05-16,54.63999938964844,287.70001220703125,184.92999267578125,53.75,4.004749774932861,128.92999267578125,95.37850189208984,59.22499847412109
2019-05-17,54.5,285.8399963378906,183.0399932861328,52.71500015258789,3.913249969482422,128.07000732421875,93.4499969482422,58.43899917602539
2019-05-20,53.65999984741211,283.95001220703125,179.9499969482422,50.619998931884766,3.793750047683716,126.22000122070312,92.94850158691406,57.233001708984375
2019-05-21,54.16999816894531,286.510009765625,181.8300018310547,51.775001525878906,3.876499891281128,126.9000015258789,92.8759994506836,57.72200012207031
2019-05-22,54.20000076293945,285.6300048828125,181.0200042724609,50.8650016784668,3.805000066757202,127.66999816894533,92.98400115966795,57.79249954223633
2019-05-23,53.08000183105469,282.1400146484375,178.25,50.02000045776367,3.683000087738037,126.18000030517578,90.77400207519533,57.266998291015625
2019-05-24,52.77000045776367,282.7799987792969,178.16000366210938,49.71500015258789,3.628750085830689,126.23999786376952,91.16400146484376,56.93050003051758
2019-05-28,51.75,280.1499938964844,177.49000549316406,49.275001525878906,3.583250045776367,126.16000366210938,91.82150268554688,56.97800064086914
2019-05-29,51.68999862670898,278.2699890136719,176.02999877929688,49.43999862670898,3.508500099182129,124.94000244140624,90.95950317382812,55.99700164794922
2019-05-30,51.720001220703125,279.0299987792969,176.77000427246094,49.81999969482422,3.477750062942505,125.7300033569336,90.81600189208984,56.070499420166016
2019-05-31,50.59999847412109,275.2699890136719,173.9499969482422,49.1150016784668,3.3864998817443848,123.68000030517578,88.75350189208984,55.32500076293945
2019-06-03,50.2400016784668,274.57000732421875,170.1199951171875,49.060001373291016,3.344500064849853,119.83999633789062,84.6344985961914,51.9370002746582
2019-06-04,52.02000045776367,280.5299987792969,174.91000366210938,51.06999969482422,3.575000047683716,123.16000366210938,86.47799682617188,52.7244987487793
2019-06-05,52.09999847412109,282.9599914550781,176.2100067138672,50.68000030517578,3.532000064849853,125.83000183105467,86.92500305175781,52.23199844360352
2019-06-06,52.59000015258789,284.79998779296875,177.61000061035156,51.380001068115234,3.594500064849853,127.81999969482422,87.71800231933594,52.38800048828125
2019-06-07,53.2599983215332,287.6499938964844,181.0399932861328,52.04499816894531,3.637500047683716,131.39999389648438,90.20149993896484,53.41849899291992
2019-06-10,54.0099983215332,288.9700012207031,183.1499938964844,53.345001220703125,3.710750102996826,132.60000610351562,93.03150177001952,54.13800048828125
2019-06-11,53.93999862670898,288.8999938964844,183.3999938964844,53.540000915527344,3.768749952316284,132.10000610351562,93.18499755859376,54.05199813842773
2019-06-12,53.619998931884766,288.3900146484375,182.33999633789065,52.380001068115234,3.6549999713897705,131.49000549316406,92.76599884033205,53.95500183105469
2019-06-13,53.84000015258789,289.5799865722656,183.4199981689453,52.63999938964844,3.7065000534057617,132.32000732421875,93.51499938964844,54.55049896240234
2019-06-14,53.27999877929688,289.260009765625,182.63999938964844,51.33000183105469,3.615999937057495,132.4499969482422,93.4834976196289,54.31499862670898
2019-06-17,53.130001068115234,289.3699951171875,183.7400054931641,51.01499938964844,3.6257500648498535,132.85000610351562,94.30149841308594,54.69449996948242
2019-06-18,52.900001525878906,292.3999938964844,186.41000366210935,53.09000015258789,3.822000026702881,135.16000366210938,95.06849670410156,55.262001037597656
2019-06-19,52.68000030517578,293.0599975585937,187.1100006103516,53.21500015258789,3.828000068664551,135.69000244140625,95.4394989013672,55.22549819946289
2019-06-20,56.9900016784668,295.8599853515625,188.8500061035156,53.83000183105469,3.8524999618530273,136.9499969482422,95.90950012207033,55.65999984741211
2019-06-21,56.119998931884766,294.0,188.57000732421875,53.57500076293945,3.7939999103546143,136.97000122070312,95.56500244140624,56.26850128173828
2019-06-24,56.7400016784668,293.6400146484375,188.16000366210935,53.67499923706055,3.816499948501587,137.77999877929688,95.69499969482422,55.834999084472656
2019-06-25,56.06999969482422,290.760009765625,184.92999267578125,52.744998931884766,3.786999940872192,133.42999267578125,93.91349792480467,54.37900161743164
2019-06-26,56.65999984741211,290.4700012207031,185.7899932861328,54.30500030517578,3.9814999103546143,133.92999267578125,94.8915023803711,54.01599884033203
2019-06-27,56.77000045776367,291.5,186.5,55.03499984741211,4.080749988555908,134.14999389648438,95.21399688720705,53.83150100708008
2019-06-28,56.970001220703125,293.0,186.7400054931641,55.09000015258789,4.10575008392334,133.9600067138672,94.68150329589844,54.13999938964844
2019-07-01,58.0099983215332,295.6600036621094,189.25999450683597,56.64500045776367,4.154250144958496,135.67999267578125,96.1094970703125,55.0
2019-07-02,58.459999084472656,296.42999267578125,190.00999450683597,55.97999954223633,4.055749893188477,136.5800018310547,96.71549987792967,55.630001068115234
2019-07-03,58.86000061035156,298.79998779296875,191.44000244140625,55.775001525878906,4.068749904632568,137.4600067138672,96.9499969482422,56.14950180053711
2019-07-05,59.27999877929688,298.4599914550781,191.0500030517578,55.3650016784668,4.005750179290772,137.05999755859375,97.14550018310548,56.63349914550781
2019-07-08,59.52999877929688,296.82000732421875,189.7100067138672,55.005001068115234,3.9302499294281006,136.9600067138672,97.61599731445312,55.839500427246094
2019-07-09,59.59999847412109,297.19000244140625,190.66000366210935,55.38999938964844,3.93274998664856,136.4600067138672,99.41500091552734,56.214500427246094
2019-07-10,60.150001525878906,298.6099853515625,192.55999755859372,55.93999862670898,4.001500129699707,137.85000610351562,100.87049865722656,57.045501708984375
2019-07-11,59.9900016784668,299.3099975585937,192.4199981689453,56.095001220703125,4.1570000648498535,138.39999389648438,100.05349731445312,57.20399856567383
2019-07-12,59.810001373291016,300.6499938964844,193.52999877929688,57.125,4.190249919891357,138.89999389648438,100.5500030517578,57.266998291015625
2019-07-15,59.52999877929688,300.75,194.1499938964844,57.584999084472656,4.1817498207092285,138.89999389648438,101.04949951171876,57.5255012512207
2019-07-16,58.61000061035156,299.7799987792969,193.1499938964844,56.9900016784668,4.177000045776367,137.0800018310547,100.49500274658205,57.67300033569336
2019-07-17,57.9900016784668,297.739990234375,192.1999969482422,57.19499969482422,4.24275016784668,136.27000427246094,99.60150146484376,57.33700180053711
2019-07-18,58.119998931884766,298.8299865722656,192.4199981689453,58.22499847412109,4.254499912261963,136.4199981689453,98.8949966430664,57.36199951171875
2019-07-19,57.540000915527344,297.1700134277344,191.00999450683597,58.22999954223633,4.210999965667725,136.6199951171875,98.22599792480467,56.57749938964844
2019-07-22,57.59999847412109,297.8999938964844,192.52999877929688,59.39500045776367,4.2829999923706055,138.42999267578125,99.28150177001952,56.96049880981445
2019-07-23,57.45000076293945,300.0299987792969,193.7899932861328,60.05500030517578,4.391499996185303,139.2899932861328,99.72450256347656,57.40250015258789
2019-07-24,58.11000061035156,301.44000244140625,195.1499938964844,61.65499877929688,4.46649980545044,140.72000122070312,100.04049682617188,56.98649978637695
2019-07-25,58.290000915527344,300.0,193.3000030517578,60.540000915527344,4.334499835968018,140.19000244140625,98.69100189208984,56.797000885009766
2019-07-26,58.5,302.010009765625,195.2899932861328,60.415000915527344,4.3767499923706055,141.33999633789062,97.15249633789062,62.26100158691406
2019-07-29,58.060001373291016,301.4599914550781,194.6199951171875,60.619998931884766,4.370500087738037,141.02999877929688,95.62249755859376,62.09199905395508
2019-07-30,57.4900016784668,300.7200012207031,193.77999877929688,60.34999847412109,4.386250019073486,140.35000610351562,94.92649841308594,61.400001525878906
2019-07-31,56.29999923706055,297.42999267578125,191.1000061035156,58.54499816894531,4.2179999351501465,136.27000427246094,93.33899688720705,60.90999984741211
2019-08-01,55.880001068115234,294.8399963378906,190.1499938964844,57.3650016784668,4.123000144958496,138.05999755859375,92.76599884033205,60.5890007019043
2019-08-02,55.84000015258789,292.6199951171875,187.3500061035156,56.584999084472656,4.029749870300293,136.89999389648438,91.16200256347656,59.81600189208984
2019-08-05,53.7599983215332,283.82000732421875,180.72999572753903,54.14500045776367,3.7697501182556152,132.2100067138672,88.25650024414062,57.73749923706055
2019-08-06,53.959999084472656,287.79998779296875,183.25999450683597,55.005001068115234,3.808749914169312,134.69000244140625,89.3915023803711,58.55400085449219
2019-08-07,53.34000015258789,287.9700012207031,184.25,55.30500030517578,3.847249984741211,135.27999877929688,89.66999816894531,58.795501708984375
2019-08-08,54.650001525878906,293.6199951171875,188.25999450683597,56.720001220703125,3.9565000534057617,138.88999938964844,91.64450073242188,60.30950164794922
2019-08-09,53.900001525878906,291.6199951171875,186.4900054931641,55.7400016784668,3.8545000553131104,137.7100067138672,90.37899780273438,59.44499969482422
2019-08-12,53.25,288.07000732421875,184.3500061035156,55.08000183105469,3.786250114440918,135.7899932861328,89.24600219726562,58.72499847412109
2019-08-13,53.970001220703125,292.54998779296875,188.38999938964844,56.65999984741211,3.901249885559082,138.60000610351562,91.21700286865234,59.83649826049805
2019-08-14,52.31999969482422,283.8999938964844,182.75999450683597,54.834999084472656,3.7517499923706055,133.97999572753906,88.14800262451172,58.212501525878906
2019-08-15,52.59000015258789,284.6499938964844,182.5500030517578,54.775001525878906,3.719249963760376,133.67999267578125,88.80599975585938,58.46599960327149
2019-08-16,53.59000015258789,288.8500061035156,185.47999572753903,56.1150016784668,3.989000082015991,136.1300048828125,89.62850189208984,58.96049880981445
2019-08-19,53.869998931884766,292.3299865722656,188.42999267578125,57.040000915527344,4.269499778747559,138.41000366210938,90.80599975585938,60.02199935913086
2019-08-20,52.97999954223633,290.0899963378906,186.97000122070312,56.71500015258789,4.196750164031982,137.25999450683594,90.06900024414062,59.17649841308594
2019-08-21,53.2400016784668,292.45001220703125,188.6300048828125,57.29499816894531,4.280749797821045,138.7899932861328,91.177001953125,59.57899856567383
2019-08-22,53.18999862670898,292.3599853515625,188.0200042724609,57.220001220703125,4.287000179290772,137.77999877929688,90.23300170898438,59.57600021362305
2019-08-23,51.58000183105469,284.8500061035156,182.07000732421875,54.84999847412109,4.060999870300293,133.38999938964844,87.48100280761719,57.67900085449219
2019-08-26,52.130001068115234,288.0,184.82000732421875,55.415000915527344,4.136250019073486,135.4499969482422,88.44349670410156,58.55899810791016
2019-08-27,52.38999938964844,286.8699951171875,184.42999267578125,55.28499984741211,4.045000076293945,135.74000549316406,88.09149932861328,58.54100036621094
2019-08-28,51.95000076293945,288.8900146484375,185.08999633789065,55.63999938964844,4.0304999351501465,135.55999755859375,88.2125015258789,58.6875
2019-08-29,52.15999984741211,292.5799865722656,187.9199981689453,56.845001220703125,4.175000190734863,138.1199951171875,89.31999969482422,59.71200180053711
2019-08-30,52.060001373291016,292.45001220703125,187.47000122070312,57.209999084472656,4.187749862670898,137.86000061035156,88.81449890136719,59.5265007019043
2019-09-03,51.88999938964844,290.739990234375,185.6499938964844,56.30500030517578,4.104249954223633,136.0399932861328,89.49199676513672,58.477500915527344
2019-09-04,52.970001220703125,294.0400085449219,188.3300018310547,57.96500015258789,4.218999862670898,137.6300048828125,90.03099822998047,59.11349868774414
2019-09-05,53.84000015258789,297.82000732421875,191.77999877929688,59.72499847412109,4.493500232696533,140.0500030517578,92.03600311279295,60.609500885009766
2019-09-06,53.15999984741211,298.04998779296875,191.58999633789065,59.775001525878906,4.466249942779541,139.10000610351562,91.67549896240234,60.31600189208984
2019-09-09,54.540000915527344,298.20001220703125,191.19000244140625,60.005001068115234,4.512499809265137,137.52000427246094,91.56749725341795,60.26350021362305
2019-09-10,55.470001220703125,298.1300048828125,190.63999938964844,60.125,4.579500198364258,136.0800018310547,91.02749633789062,60.28499984741211
2019-09-11,56.290000915527344,300.25,192.42999267578125,60.88999938964844,4.608250141143799,136.1199951171875,91.14949798583984,61.0
2019-09-12,53.88999938964844,301.2900085449219,193.22999572753903,60.98500061035156,4.606750011444092,137.52000427246094,92.17749786376952,61.74850082397461
2019-09-13,53.75,301.0899963378906,192.5399932861328,60.95500183105469,4.548500061035156,137.32000732421875,91.96700286865234,62.00149917602539
2019-09-16,53.13999938964844,300.1600036621094,191.67999267578125,60.54499816894531,4.505249977111816,136.3300018310547,90.39199829101562,61.58150100708008
2019-09-17,52.869998931884766,300.9200134277344,192.6000061035156,60.790000915527344,4.526750087738037,137.38999938964844,91.12750244140624,61.49399948120117
2019-09-18,52.560001373291016,301.1000061035156,192.5200042724609,60.85499954223633,4.499499797821045,138.52000427246094,90.8730010986328,61.63249969482422
2019-09-19,53.369998931884766,301.0799865722656,192.83999633789065,60.61000061035156,4.423500061035156,141.07000732421875,91.0749969482422,61.9375
2019-09-20,53.470001220703125,298.2799987792969,190.8000030517578,59.47499847412109,4.317249774932861,139.44000244140625,89.70800018310547,61.492000579833984
2019-09-23,54.02000045776367,298.2099914550781,190.5,59.98500061035156,4.370999813079834,139.13999938964844,89.26499938964844,61.734500885009766
2019-09-24,53.34999847412109,295.8699951171875,187.97000122070312,59.095001220703125,4.3132500648498535,137.3800048828125,87.08049774169922,60.916500091552734
2019-09-25,53.84000015258789,297.6199951171875,190.0800018310547,60.10499954223633,4.455749988555908,139.36000061035156,88.41649627685547,62.297000885009766
2019-09-26,53.959999084472656,297.0,189.3800048828125,60.31499862670898,4.433499813079834,139.5399932861328,86.99199676513672,62.11449813842773
2019-09-27,54.09000015258789,295.3999938964844,187.02999877929688,58.8849983215332,4.294000148773193,137.72999572753906,86.27249908447266,61.29750061035156
2019-09-30,55.02999877929688,296.7699890136719,188.80999755859372,59.56499862670898,4.351749897003174,139.02999877929688,86.79550170898438,61.05699920654297
2019-10-01,53.79999923706055,293.239990234375,187.2700042724609,59.15999984741211,4.349999904632568,137.07000732421875,86.78250122070312,60.29999923706055
2019-10-02,53.150001525878906,288.0599975585937,184.0500030517578,58.19499969482422,4.326000213623047,134.64999389648438,85.6614990234375,58.89599990844727
2019-10-03,53.86000061035156,290.4200134277344,186.07000732421875,59.09000015258789,4.532750129699707,136.27999877929688,86.22100067138672,59.47150039672852
2019-10-04,55.13999938964844,294.3500061035156,188.80999755859372,60.130001068115234,4.54925012588501,138.1199951171875,86.98249816894531,60.54800033569336
2019-10-07,54.79999923706055,293.0799865722656,188.2400054931641,59.83000183105469,4.608250141143799,137.1199951171875,86.63300323486328,60.41249847412109
2019-10-08,54.04999923706055,288.5299987792969,185.4199981689453,58.2599983215332,4.430749893188477,135.6699981689453,85.27549743652344,59.50650024414063
2019-10-09,54.52999877929688,291.2699890136719,187.22999572753903,59.28499984741211,4.517749786376953,138.24000549316406,86.09950256347656,60.119998931884766
2019-10-10,55.4900016784668,293.239990234375,188.67999267578125,59.84999847412109,4.57574987411499,139.10000610351562,86.01300048828125,60.4734992980957
2019-10-11,56.88999938964844,296.2799987792969,191.1100006103516,61.21500015258789,4.649750232696533,139.67999267578125,86.59600067138672,60.78549957275391
2019-10-14,56.459999084472656,295.95001220703125,191.08999633789065,61.30500030517578,4.663249969482422,139.5500030517578,86.82150268554688,60.88850021362305
2019-10-15,56.34999847412109,298.8800048828125,193.5200042724609,62.525001525878906,4.909249782562256,141.57000732421875,88.36900329589844,62.11199951171875
2019-10-16,55.880001068115234,298.3999938964844,193.0399932861328,61.6150016784668,4.855249881744385,140.41000366210938,88.87149810791016,62.150001525878906
2019-10-17,55.060001373291016,299.2799987792969,193.5500030517578,61.65499877929688,4.857250213623047,139.69000244140625,89.3740005493164,62.63999938964844
2019-10-18,54.54999923706055,297.9700012207031,191.69000244140625,61.04999923706055,4.762249946594238,137.41000366210938,87.87550354003906,62.22050094604492
2019-10-21,55.130001068115234,299.989990234375,193.38999938964844,62.19499969482422,4.90024995803833,138.42999267578125,89.28299713134766,62.2140007019043
2019-10-22,54.11000061035156,299.010009765625,191.8500061035156,61.72499847412109,4.890250205993652,136.3699951171875,88.2864990234375,62.060001373291016
2019-10-23,54.130001068115234,299.8800048828125,192.22000122070312,60.650001525878906,4.8772501945495605,137.24000549316406,88.1084976196289,62.88150024414063
2019-10-24,54.2599983215332,300.3699951171875,194.08999633789065,62.255001068115234,4.921500205993652,139.94000244140625,89.03900146484375,62.95550155639648
2019-10-25,54.16999816894531,301.6000061035156,195.63999938964844,63.51499938964844,5.113500118255615,140.72999572753906,88.06649780273438,63.21500015258789
2019-10-28,54.63999938964844,303.29998779296875,197.57000732421875,64.4800033569336,5.169750213623047,144.19000244140625,88.85399627685547,64.4489974975586
2019-10-29,54.79999923706055,303.2099914550781,196.0399932861328,64.04000091552734,5.072999954223633,142.8300018310547,88.135498046875,63.03300094604492
2019-10-30,54.84999847412109,304.1400146484375,196.9900054931641,64.11000061035156,5.074999809265137,144.61000061035156,88.99949645996094,63.03499984741211
2019-10-31,54.4900016784668,303.3299865722656,197.0800018310547,63.744998931884766,5.0254998207092285,143.3699951171875,88.83300018310547,62.93999862670898
2019-11-01,55.0,306.1400146484375,198.8699951171875,65.05999755859375,5.0647501945495605,143.72000122070312,89.5719985961914,63.61249923706055
2019-11-04,55.45000076293945,307.3699951171875,200.1000061035156,66.44499969482422,5.262499809265137,144.5500030517578,90.23300170898438,64.48049926757812
2019-11-05,55.66999816894531,307.0299987792969,200.2100067138672,66.4800033569336,5.240250110626221,144.4600067138672,90.08550262451172,64.5719985961914
2019-11-06,55.70000076293945,307.1000061035156,199.75999450683597,66.07499694824219,5.1907501220703125,144.05999755859375,89.78849792480469,64.55049896240234
2019-11-07,55.97999954223633,308.17999267578125,200.42999267578125,66.46499633789062,5.208499908447266,144.25999450683594,89.41000366210938,65.34700012207031
2019-11-08,56.4900016784668,308.94000244140625,201.22999572753903,66.6050033569336,5.194499969482422,145.9600067138672,89.29399871826172,65.44999694824219
2019-11-11,56.43000030517578,308.3500061035156,200.9600067138672,66.33499908447266,5.204500198364258,146.11000061035156,88.5824966430664,64.91400146484375
2019-11-12,56.59000015258789,309.0,201.5399932861328,66.4749984741211,5.240250110626221,147.07000732421875,88.9000015258789,64.8604965209961
2019-11-13,56.209999084472656,309.1000061035156,201.58999633789065,66.58999633789062,5.214250087738037,147.30999755859375,87.65550231933594,64.80899810791016
2019-11-14,56.09000015258789,309.54998779296875,201.42999267578125,66.47000122070312,5.244750022888184,148.05999755859375,87.7300033569336,65.4574966430664
2019-11-15,56.41999816894531,311.7900085449219,202.91000366210935,67.1449966430664,5.104750156402588,149.97000122070312,86.97450256347656,66.677001953125
2019-11-18,56.18999862670898,312.0199890136719,203.07000732421875,67.18499755859375,5.307000160217285,150.33999633789062,87.62650299072266,65.99199676513672
2019-11-19,56.27000045776367,311.92999267578125,203.3699951171875,66.95500183105469,5.199749946594238,150.38999938964844,87.6395034790039,65.62950134277344
2019-11-20,56.2400016784668,310.7699890136719,202.1499938964844,66.30000305175781,5.2795000076293945,149.6199951171875,87.27649688720703,65.09300231933594
2019-11-21,56.22999954223633,310.2699890136719,201.6999969482422,65.57499694824219,5.254499912261963,149.47999572753906,86.7354965209961,65.00700378417969
2019-11-22,56.38999938964844,310.9599914550781,201.8300018310547,65.45999908447266,5.272250175476074,149.58999633789062,87.28600311279297,64.68350219726562
2019-11-25,56.560001373291016,313.3699951171875,204.22000122070312,66.97000122070312,5.530250072479248,151.22999572753906,88.69200134277344,65.28199768066406
2019-11-26,56.5099983215332,314.0799865722656,204.6100006103516,66.75499725341797,5.425000190734863,152.02999877929688,89.84700012207031,65.6500015258789
2019-11-27,56.61000061035156,315.4800109863281,206.0399932861328,67.20500183105469,5.455999851226807,152.32000732421875,90.92549896240234,65.60649871826172
2019-11-29,56.13999938964844,314.3099975585937,205.1000061035156,66.45500183105469,5.418499946594238,151.3800048828125,90.04000091552734,65.20449829101562
2019-12-02,55.43000030517578,311.6400146484375,203.0,65.58999633789062,5.231249809265137,149.5500030517578,89.08000183105469,64.44300079345703
2019-12-03,54.59000015258789,309.54998779296875,201.41000366210935,64.66999816894531,5.191500186920166,149.30999755859375,88.49800109863281,64.73699951171875
2019-12-04,54.40999984741211,311.4599914550781,202.42999267578125,65.62000274658203,5.235499858856201,149.85000610351562,88.03450012207031,65.9469985961914
2019-12-05,54.68000030517578,312.0199890136719,202.8300018310547,66.01499938964844,5.218500137329102,149.92999267578125,87.02400207519531,66.3479995727539
2019-12-06,54.83000183105469,314.8699951171875,205.0,66.99500274658203,5.3042497634887695,151.75,87.58000183105469,66.96949768066406
2019-12-09,55.310001373291016,313.8800048828125,204.07000732421875,66.54499816894531,5.3042497634887695,151.36000061035156,87.47550201416016,67.14949798583984
2019-12-10,55.81999969482422,313.5299987792969,203.8999938964844,66.80999755859375,5.349500179290772,151.1300048828125,86.96050262451172,67.14450073242188
2019-12-11,56.310001373291016,314.4200134277344,204.97999572753903,68.23999786376953,5.433499813079834,151.6999969482422,87.43599700927734,67.2125015258789
2019-12-12,56.470001220703125,317.1300048828125,206.50999450683597,70.19999694824219,5.601749897003174,153.24000549316406,88.0165023803711,67.42449951171875
2019-12-13,54.5099983215332,317.32000732421875,207.19000244140625,69.93000030517578,5.59975004196167,154.52999877929688,88.0469970703125,67.34349822998047
2019-12-16,53.9900016784668,319.5,209.2700042724609,70.5,5.628749847412109,155.52999877929688,88.46050262451172,68.03500366210938
2019-12-17,52.84000015258789,319.57000732421875,209.38999938964844,70.9000015258789,5.707250118255615,154.69000244140625,89.53299713134766,67.74449920654297
2019-12-18,53.38999938964844,319.5899963378906,209.5500030517578,70.65499877929688,5.737750053405762,154.3699951171875,89.20149993896484,67.59549713134766
2019-12-19,53.2400016784668,320.8999938964844,210.8600006103516,71.06500244140625,5.886499881744385,155.7100067138672,89.61399841308594,67.8219985961914
2019-12-20,53.59999847412109,320.7300109863281,211.7100067138672,71.75,5.984250068664551,157.41000366210938,89.32499694824219,67.56099700927734
2019-12-23,53.709999084472656,321.2200012207031,211.80999755859372,71.04000091552734,5.9704999923706055,157.41000366210938,89.6500015258789,67.53150177001953
2019-12-24,53.43999862670898,321.2300109863281,211.9199981689453,71.18499755859375,5.965499877929688,157.3800048828125,89.46050262451172,67.22149658203125
2019-12-26,53.56999969482422,322.94000244140625,213.7899932861328,71.375,5.979750156402588,158.6699981689453,93.4384994506836,68.12349700927734
2019-12-27,53.459999084472656,322.8599853515625,213.6100006103516,71.12999725341797,5.921750068664551,158.9600067138672,93.48999786376952,67.73200225830078
2019-12-30,52.70000076293945,321.0799865722656,212.2100067138672,70.61499786376953,5.808000087738037,157.58999633789062,92.34449768066406,66.9854965209961
2019-12-31,52.97999954223633,321.8599853515625,212.6100006103516,70.70500183105469,5.882500171661377,157.6999969482422,92.39199829101562,66.96949768066406
2020-01-02,53.95000076293945,324.8699951171875,216.16000366210935,72.33999633789062,5.99774980545044,160.6199951171875,94.90049743652344,68.43399810791016
2020-01-03,53.7599983215332,322.4100036621094,214.17999267578125,71.15499877929688,5.901750087738037,158.6199951171875,93.74849700927734,68.07599639892578
2020-01-06,54.040000915527344,323.6400146484375,215.55999755859372,70.3949966430664,5.926499843597412,159.02999877929688,95.1439971923828,69.8905029296875
2020-01-07,54.15999984741211,322.7300109863281,215.52999877929688,71.56999969482422,5.9982500076293945,157.5800018310547,95.34300231933594,69.75550079345703
2020-01-08,54.130001068115234,324.45001220703125,217.1499938964844,71.69000244140625,6.009500026702881,160.08999633789062,94.59850311279295,70.25199890136719
2020-01-09,54.380001068115234,326.6499938964844,218.9900054931641,72.0999984741211,6.075500011444092,162.08999633789062,95.05249786376952,70.989501953125
2020-01-10,54.45000076293945,325.7099914550781,218.42999267578125,71.5,6.107999801635742,161.33999633789062,94.15799713134766,71.447998046875
2020-01-13,54.58000183105469,327.95001220703125,220.9499969482422,72.5,6.299499988555908,163.27999877929688,94.56500244140624,72.00150299072266
2020-01-14,54.880001068115234,327.45001220703125,220.0800018310547,72.6500015258789,6.182000160217285,162.1300048828125,93.47200012207033,71.52950286865234
2020-01-15,54.7599983215332,328.19000244140625,220.1699981689453,71.57499694824219,6.139249801635742,163.17999267578125,93.10099792480467,71.95999908447266
2020-01-16,55.43000030517578,330.9200134277344,222.27999877929688,72.7300033569336,6.223249912261963,166.1699981689453,93.89700317382812,72.50800323486328
2020-01-17,55.130001068115234,331.95001220703125,223.3800048828125,73.02999877929688,6.23199987411499,167.10000610351562,93.23600006103516,73.97599792480469
2020-01-21,55.220001220703125,331.29998779296875,223.27999877929688,73.08999633789062,6.198500156402588,166.5,94.5999984741211,74.11250305175781
2020-01-22,54.720001220703125,331.3399963378906,223.8699951171875,73.69000244140625,6.252749919891357,165.6999969482422,94.3730010986328,74.19349670410156
2020-01-23,54.97999954223633,331.7200012207031,224.58999633789065,74.1500015258789,6.321499824523926,166.72000122070312,94.22899627685548,74.2344970703125
2020-01-24,54.06999969482422,328.7699890136719,222.6999969482422,73.82499694824219,6.26200008392334,165.0399932861328,93.08200073242188,73.30850219726562
2020-01-27,52.68999862670898,323.5,218.1000061035156,70.8499984741211,6.005000114440918,162.27999877929688,91.41699981689452,71.58650207519531
2020-01-28,53.459999084472656,326.8900146484375,221.4499969482422,72.625,6.199250221252441,165.4600067138672,92.6624984741211,72.5250015258789
2020-01-29,53.20000076293945,326.6199951171875,221.80999755859372,71.5199966430664,6.138500213623047,168.0399932861328,92.9000015258789,72.83499908447266
2020-01-30,53.310001373291016,327.67999267578125,222.6000061035156,71.3550033569336,6.145249843597412,172.77999877929688,93.53399658203124,72.7125015258789
2020-01-31,52.45000076293945,321.7300109863281,219.07000732421875,68.78500366210938,5.910749912261963,170.22999572753906,100.43599700927734,71.63899993896484
2020-02-03,53.09000015258789,324.1199951171875,222.3800048828125,69.7249984741211,6.008250236511231,174.3800048828125,100.20999908447266,74.12999725341797
2020-02-04,54.040000915527344,329.0599975585937,227.47000122070312,71.97000122070312,6.178249835968018,180.1199951171875,102.4834976196289,72.27050018310547
2020-02-05,54.7400016784668,332.8599853515625,228.22000122070312,73.4000015258789,6.269000053405762,179.89999389648438,101.99349975585938,72.30249786376953
2020-02-06,54.709999084472656,333.9800109863281,230.19000244140625,73.44999694824219,6.356249809265137,183.6300048828125,102.5114974975586,73.79850006103516
2020-02-07,54.720001220703125,332.20001220703125,229.1999969482422,71.7699966430664,6.289750099182129,183.88999938964844,103.96399688720705,73.95549774169922
2020-02-10,54.9900016784668,334.67999267578125,231.97000122070312,72.9000015258789,6.574250221252441,188.6999969482422,106.69550323486328,75.43299865722656
2020-02-11,55.150001525878906,335.260009765625,232.00999450683597,74.44000244140625,6.697249889373779,184.44000244140625,107.54000091552734,75.50299835205078
2020-02-12,55.72999954223633,337.4200134277344,234.2700042724609,75.48999786376953,6.813499927520752,184.7100067138672,108.0,75.93150329589844
2020-02-13,55.310001373291016,337.0599975585937,233.97000122070312,75.66999816894531,6.769499778747559,183.7100067138672,107.49349975585938,75.66950225830078
2020-02-14,55.470001220703125,337.6000061035156,234.63999938964844,75.34500122070312,7.244750022888184,185.3500061035156,106.74349975585938,75.9365005493164
2020-02-18,55.45000076293945,336.7300109863281,234.72999572753903,74.21499633789062,7.414249897003174,187.22999572753903,107.78350067138672,75.97200012207031
2020-02-19,55.43999862670898,338.3399963378906,236.97999572753903,76.125,7.867499828338623,187.27999877929688,108.51100158691406,76.24349975585938
2020-02-20,55.5099983215332,336.95001220703125,234.77999877929688,74.92500305175781,7.71750020980835,184.4199981689453,107.65499877929688,75.84950256347656
2020-02-21,54.68000030517578,333.4800109863281,230.2700042724609,72.7249984741211,7.351749897003174,178.58999633789062,104.79850006103516,74.1729965209961
2020-02-24,52.650001525878906,322.4200134277344,221.38999938964844,69.43000030517578,6.831999778747559,170.88999938964844,100.4645004272461,70.99299621582031
2020-02-25,50.959999084472656,312.6499938964844,215.3699951171875,67.43000030517578,6.551249980926514,168.07000732421875,98.63700103759766,69.31600189208984
2020-02-26,52.04999923706055,311.5,216.47999572753903,67.83499908447266,6.691249847412109,170.1699981689453,98.97949981689452,69.52349853515625
2020-02-27,50.77999877929688,297.510009765625,205.63999938964844,64.70999908447266,6.315000057220459,158.17999267578125,94.21499633789062,65.74749755859375
2020-02-28,49.459999084472656,296.260009765625,205.8000030517578,65.98500061035156,6.7517499923706055,162.00999450683594,94.1875,66.9625015258789
2020-03-02,50.900001525878906,309.0899963378906,216.4199981689453,68.2699966430664,6.910749912261963,172.7899932861328,97.69750213623048,69.31600189208984
2020-03-03,48.84999847412109,300.239990234375,209.47999572753903,66.02999877929688,6.647250175476074,164.50999450683594,95.44950103759766,66.88600158691406
2020-03-04,50.540000915527344,312.8599853515625,218.22000122070312,69.41500091552734,7.112750053405762,170.5500030517578,98.79149627685548,69.08000183105469
2020-03-05,48.0,302.4599914550781,211.58999633789065,67.23500061035156,6.832250118255615,166.27000427246094,96.20149993896484,65.73799896240234
2020-03-06,47.369998931884766,297.4599914550781,208.0200042724609,65.94000244140625,6.651000022888184,161.57000732421875,95.05449676513672,64.78700256347656
2020-03-09,46.0099983215332,274.2300109863281,193.57000732421875,60.45500183105469,6.136000156402588,150.6199951171875,90.03050231933594,60.78950119018555
2020-03-10,48.58000183105469,288.4200134277344,204.1100006103516,64.18000030517578,6.526999950408936,160.9199981689453,94.59100341796876,63.75849914550781
2020-03-11,44.720001220703125,274.3599853515625,195.22000122070312,60.71500015258789,6.161749839782715,153.6300048828125,91.04299926757812,60.54499816894531
2020-03-12,39.79999923706055,248.1100006103516,177.32000732421875,54.30500030517578,5.407750129699707,139.05999755859375,83.83049774169922,55.57749938964844
2020-03-13,47.93000030517578,269.32000732421875,192.33999633789065,59.56999969482422,6.020999908447266,158.8300018310547,89.25,60.7135009765625
2020-03-16,42.720001220703125,239.8500061035156,169.3000030517578,50.98500061035156,4.909999847412109,135.4199981689453,84.4574966430664,53.650001525878906
2020-03-17,46.86000061035156,252.8000030517578,182.13999938964844,55.1150016784668,5.4317498207092285,146.57000732421875,90.39199829101562,55.90299987792969
2020-03-18,47.27000045776367,240.0,176.60000610351562,50.53499984741211,5.070499897003174,140.39999389648438,91.5,54.55950164794922
2020-03-19,45.06999969482422,240.50999450683597,177.66000366210938,51.43000030517578,5.324250221252441,142.7100067138672,94.04650115966795,55.58349990844727
2020-03-20,45.650001525878906,228.8000030517578,170.6999969482422,50.52999877929688,5.143750190734863,137.35000610351562,92.30449676513672,53.41049957275391
2020-03-23,44.18999862670898,222.9499969482422,170.4600067138672,52.40499877929688,5.317249774932861,135.97999572753906,95.1415023803711,52.70650100708008
2020-03-24,47.84000015258789,243.1499938964844,183.66000366210935,57.81499862670898,6.229499816894531,148.33999633789062,97.00499725341795,56.5004997253418
2020-03-25,45.93999862670898,246.7899932861328,182.3000030517578,57.380001068115234,6.140500068664551,146.9199981689453,94.29199981689452,55.08100128173828
2020-03-26,50.47999954223633,261.20001220703125,191.8999938964844,60.86000061035156,6.431000232696533,156.11000061035156,97.77449798583984,58.14599990844727
2020-03-27,49.83000183105469,253.4199981689453,185.3000030517578,57.494998931884766,6.318250179290772,149.6999969482422,95.00499725341795,55.51300048828125
2020-03-30,50.36000061035156,261.6499938964844,192.0399932861328,59.75,6.639750003814697,160.22999572753906,98.19750213623048,57.31549835205078
2020-03-31,48.33000183105469,257.75,190.3999938964844,58.56999969482422,6.590000152587891,157.7100067138672,97.48600006103516,58.09749984741211
2020-04-01,48.709999084472656,246.1499938964844,182.30999755859372,55.665000915527344,6.076749801635742,152.11000061035156,95.38500213623048,55.10499954223633
2020-04-02,49.79999923706055,251.8300018310547,186.00999450683597,57.165000915527344,6.386750221252441,155.25999450683594,95.94149780273438,55.85150146484375
2020-04-03,49.400001525878906,248.19000244140625,183.3699951171875,56.02000045776367,6.097750186920166,153.8300018310547,95.32949829101562,54.6349983215332
2020-04-06,51.4900016784668,264.8599853515625,196.47999572753903,61.59000015258789,6.710000038146973,165.27000427246094,99.87950134277344,59.15950012207031
2020-04-07,50.7599983215332,265.1300048828125,196.3999938964844,61.400001525878906,6.475749969482422,163.49000549316406,100.58000183105467,59.12799835205078
2020-04-08,52.130001068115234,274.0299987792969,200.57000732421875,63.435001373291016,6.673749923706055,165.1300048828125,102.1500015258789,60.34999847412109
2020-04-09,53.18000030517578,278.20001220703125,200.8600006103516,61.935001373291016,6.573750019073486,165.13999938964844,102.13800048828124,60.32849884033203
2020-04-13,52.970001220703125,275.6600036621094,203.02999877929688,62.744998931884766,6.746250152587891,165.50999450683594,108.44349670410156,60.52050018310547
2020-04-14,54.0,283.7900085449219,211.8600006103516,65.48999786376953,7.098750114440918,173.6999969482422,114.16600036621094,63.26150131225586
2020-04-15,53.15999984741211,277.760009765625,209.42999267578125,63.72499847412109,7.020999908447266,171.8800048828125,115.38400268554688,62.8650016784668
2020-04-16,53.70000076293945,279.1000061035156,213.25,65.41500091552734,7.367499828338623,177.0399932861328,120.40950012207033,62.87149810791016
2020-04-17,54.619998931884766,286.6400146484375,215.2899932861328,66.05500030517578,7.308000087738037,178.60000610351562,118.75,63.95000076293945
2020-04-20,53.90999984741211,281.5899963378906,212.7400054931641,64.65499877929688,7.176249980926514,175.05999755859375,119.68049621582033,63.057498931884766
2020-04-21,51.310001373291016,273.0400085449219,204.88999938964844,61.7599983215332,6.737750053405762,167.82000732421875,116.40599822998048,60.608001708984375
2020-04-22,52.27000045776367,279.1000061035156,210.97000122070312,65.25,7.153749942779541,173.52000427246094,118.17449951171876,62.920501708984375
2020-04-23,51.970001220703125,279.0799865722656,210.5200042724609,64.6500015258789,7.100249767303467,171.4199981689453,119.97250366210938,63.55849838256836
2020-04-24,53.0099983215332,282.9700012207031,213.83999633789065,65.95500183105469,7.239749908447266,174.5500030517578,120.51100158691406,63.83000183105469
2020-04-27,53.369998931884766,287.04998779296875,215.55999755859372,66.7699966430664,7.427000045776367,174.0500030517578,118.8000030517578,63.542999267578125
2020-04-28,53.20000076293945,285.7300109863281,211.5,66.32499694824219,7.283999919891357,169.80999755859375,115.7040023803711,61.62950134277344
2020-04-29,53.880001068115234,293.2099914550781,219.0,69.44000244140625,7.46150016784668,177.42999267578125,118.635498046875,67.10900115966797
2020-04-30,52.970001220703125,290.4800109863281,218.91000366210935,66.86499786376953,7.307000160217285,179.2100067138672,123.6999969482422,67.33499908447266
2020-05-01,51.790000915527344,282.7900085449219,212.7400054931641,63.71500015258789,7.069499969482422,174.57000732421875,114.302001953125,65.86599731445312
2020-05-04,51.75,283.57000732421875,215.22000122070312,64.41999816894531,7.282249927520752,178.83999633789062,115.79949951171876,66.1449966430664
2020-05-05,52.04999923706055,286.19000244140625,217.66000366210935,65.26000213623047,7.343500137329102,180.75999450683597,115.88999938964844,67.45099639892578
2020-05-06,51.86000061035156,284.25,219.0,66.0250015258789,7.44474983215332,182.5399932861328,117.56300354003906,67.27149963378906
2020-05-07,52.59999847412109,287.67999267578125,221.82000732421875,66.625,7.621749877929687,183.6000061035156,118.38050079345705,68.46399688720703
2020-05-08,53.56999969482422,292.44000244140625,224.8600006103516,68.32499694824219,7.8125,184.67999267578125,118.98049926757812,69.21700286865234
2020-05-11,53.52999877929688,292.5,226.8699951171875,68.36000061035156,8.065500259399414,186.7400054931641,120.4499969482422,70.17949676513672
2020-05-12,52.27000045776367,286.6700134277344,222.1199951171875,66.4800033569336,7.802499771118164,182.50999450683597,117.84750366210938,68.75900268554688
2020-05-13,51.650001525878906,281.6000061035156,219.33999633789065,65.30000305175781,7.78000020980835,179.75,118.39600372314452,67.41649627685547
2020-05-14,52.90999984741211,284.9700012207031,221.8300018310547,67.12999725341797,8.030500411987305,180.52999877929688,119.44249725341795,67.84300231933594
2020-05-15,52.91999816894531,286.2799987792969,223.2700042724609,65.5999984741211,8.490750312805176,183.16000366210935,120.48899841308594,68.65299987792969
2020-05-18,53.150001525878906,295.0,227.42999267578125,68.42500305175781,8.750249862670898,184.91000366210935,121.31300354003906,69.25900268554688
2020-05-19,52.34000015258789,291.9700012207031,226.8600006103516,68.16999816894531,8.805500030517578,183.6300048828125,122.46649932861328,68.72000122070312
2020-05-20,52.900001525878906,296.92999267578125,231.38999938964844,70.63999938964844,8.970000267028809,185.66000366210935,124.89700317382812,70.45800018310547
2020-05-21,52.220001220703125,294.8800048828125,228.8699951171875,68.8499984741211,8.775250434875488,183.42999267578125,122.33699798583984,70.3375015258789
2020-05-22,52.619998931884766,295.44000244140625,229.66000366210935,68.99500274658203,9.026249885559082,183.50999450683597,121.84400177001952,70.66200256347656
2020-05-26,52.77999877929688,299.0799865722656,229.0399932861328,69.58999633789062,8.71774959564209,181.57000732421875,121.09300231933594,71.06849670410156
2020-05-27,53.20000076293945,303.5299987792969,230.2899932861328,70.63999938964844,8.525250434875488,181.80999755859372,120.51950073242188,71.01399993896484
2020-05-28,53.619998931884766,302.9700012207031,229.9900054931641,69.12999725341797,8.487000465393066,181.3999938964844,120.05500030517578,70.91200256347656
2020-05-29,53.77000045776367,304.32000732421875,233.3600006103516,70.51499938964844,8.875499725341797,183.25,122.11849975585938,71.6760025024414
2020-06-01,53.060001373291016,305.54998779296875,234.05999755859372,70.41000366210938,8.806249618530273,182.8300018310547,123.552001953125,71.74349975585938
2020-06-02,53.27999877929688,308.0799865722656,235.6300048828125,71.79499816894531,8.825249671936035,184.91000366210935,123.62049865722656,72.1155014038086
2020-06-03,53.4900016784668,312.17999267578125,236.69000244140625,73.7750015258789,8.769499778747559,185.3600006103516,123.91999816894533,71.9625015258789
2020-06-04,52.84999847412109,311.3599853515625,235.02999877929688,74.58999633789062,8.766500473022461,182.9199981689453,123.02999877929688,70.71499633789062
2020-06-05,53.97999954223633,319.3399963378906,239.69000244140625,76.3499984741211,8.920000076293945,187.1999969482422,124.1500015258789,72.0009994506836
2020-06-08,55.09999847412109,323.20001220703125,241.5500030517578,76.12000274658203,8.805000305175781,188.3600006103516,126.2030029296875,72.4020004272461
2020-06-09,54.18000030517578,320.7900085449219,243.3000030517578,76.26000213623047,9.04599952697754,189.8000030517578,130.04299926757812,72.60399627685547
2020-06-10,54.11000061035156,319.0,246.22000122070312,76.6500015258789,9.36674976348877,196.83999633789065,132.37249755859375,73.23500061035156
2020-06-11,51.310001373291016,300.6099853515625,234.0200042724609,71.94499969482422,8.796250343322754,186.2700042724609,127.89800262451172,70.09500122070312
2020-06-12,51.86000061035156,304.2099914550781,235.8800048828125,72.95999908447266,8.932499885559082,187.7400054931641,127.2509994506836,70.64600372314453
2020-06-15,53.25,307.04998779296875,238.75,73.90499877929688,9.173749923706056,188.94000244140625,128.63400268554688,71.03700256347656
2020-06-16,54.59000015258789,312.9599914550781,242.8500061035156,75.05999755859375,9.068499565124512,193.57000732421875,130.7635040283203,72.32350158691406
2020-06-17,51.52000045776367,311.6600036621094,243.6199951171875,75.8550033569336,9.236000061035156,194.2400054931641,132.0489959716797,72.62699890136719
2020-06-18,53.68999862670898,311.7799987792969,244.27999877929688,75.75,9.218000411987305,196.32000732421875,132.69900512695312,71.70600128173828
2020-06-19,54.400001525878906,308.6400146484375,244.2400054931641,75.3949966430664,9.261249542236328,195.1499938964844,133.75050354003906,71.23200225830078
2020-06-22,55.119998931884766,310.6199951171875,246.7400054931641,76.08499908447266,9.52674961090088,200.57000732421875,135.6909942626953,72.53299713134766
2020-06-23,55.18999862670898,312.04998779296875,248.83999633789065,76.33499908447266,9.449999809265137,201.91000366210935,138.2205047607422,73.1989974975586
2020-06-24,54.43999862670898,304.0899963378906,243.7100067138672,74.73500061035156,9.23550033569336,197.83999633789065,136.72000122070312,71.63500213623047
2020-06-25,54.52999877929688,307.3500061035156,246.02999877929688,75.24500274658203,9.489999771118164,200.33999633789065,137.72900390625,72.05500030517578
2020-06-26,54.18000030517578,300.04998779296875,240.22000122070312,73.83499908447266,9.154999732971191,196.3300018310547,134.64349365234375,68.12699890136719
2020-06-29,54.7599983215332,304.4599914550781,242.83999633789065,74.58499908447266,9.199999809265137,198.44000244140625,134.0189971923828,69.8584976196289
2020-06-30,55.27000045776367,308.3599853515625,247.6000061035156,76.4000015258789,9.497750282287598,203.50999450683597,137.9409942626953,70.90249633789062
2020-07-01,55.4900016784668,310.5199890136719,250.4900054931641,75.5250015258789,9.529999732971191,204.6999969482422,143.93499755859375,72.0999984741211
2020-07-02,55.93999862670898,312.2300109863281,252.19000244140625,76.68000030517578,9.612250328063965,206.25999450683597,144.51499938964844,73.49649810791016
2020-07-06,56.59999847412109,317.04998779296875,258.3900146484375,78.79499816894531,9.83924961090088,210.6999969482422,152.8520050048828,74.98249816894531
2020-07-07,56.310001373291016,313.7799987792969,256.6099853515625,77.81500244140625,9.871749877929688,208.25,150.00599670410156,74.49600219726562
2020-07-08,56.65999984741211,316.17999267578125,259.989990234375,78.93000030517578,10.215999603271484,212.8300018310547,154.0554962158203,75.18000030517578
2020-07-09,57.52999877929688,314.3800048828125,262.17999267578125,80.30000305175781,10.508999824523926,214.32000732421875,159.13150024414062,75.93299865722656
2020-07-10,57.38999938964844,317.5899963378906,263.9700012207031,79.98500061035156,10.479249954223633,213.6699981689453,160.0,76.95050048828125
2020-07-13,57.0099983215332,314.8399963378906,258.5400085449219,78.83499908447266,10.052249908447266,207.07000732421875,155.1999969482422,75.61150360107422
2020-07-14,57.20000076293945,318.9200134277344,260.3699951171875,80.16000366210938,10.376999855041504,208.3500061035156,154.1999969482422,76.04299926757812
2020-07-15,56.619998931884766,321.8500061035156,260.8999938964844,79.79499816894531,10.227250099182127,208.0399932861328,150.44349670410156,75.84400177001953
2020-07-16,55.81999969482422,320.7900085449219,259.1199951171875,79.73500061035156,10.134750366210938,203.9199981689453,149.9949951171875,75.74600219726562
2020-07-17,54.900001525878906,321.7200012207031,259.4200134277344,80.1050033569336,10.201499938964844,202.8800048828125,148.09849548339844,75.84249877929688
2020-07-20,55.400001525878906,324.32000732421875,266.7799987792969,81.70500183105469,10.510749816894531,211.6000061035156,159.8419952392578,78.19200134277344
2020-07-21,55.90999984741211,325.010009765625,264.0,81.29499816894531,10.328499794006348,208.75,156.9145050048828,77.7959976196289
2020-07-22,56.0099983215332,326.8599853515625,264.92999267578125,81.88999938964844,10.438750267028809,211.75,154.99549865722656,78.24250030517578
2020-07-23,55.7599983215332,322.9599914550781,258.010009765625,80.54000091552734,10.12975025177002,202.5399932861328,149.32749938964844,75.8375015258789
2020-07-24,55.650001525878906,320.8800048828125,255.55999755859372,79.7300033569336,10.194499969482422,201.3000030517578,150.44549560546875,75.4104995727539
2020-07-27,55.34000015258789,323.2200012207031,260.1199951171875,82.94499969482422,10.421500205993652,203.8500061035156,152.760498046875,76.47149658203125
2020-07-28,55.34999847412109,321.1700134277344,256.8099975585937,80.79000091552734,10.215499877929688,202.0200042724609,150.01649475097656,75.18250274658203
2020-07-29,55.70000076293945,325.1199951171875,259.7699890136719,82.82499694824219,10.465499877929688,204.05999755859372,151.67649841308594,76.17549896240234
2020-07-30,55.25,323.9599914550781,261.1300048828125,83.6050033569336,10.61400032043457,203.8999938964844,152.593994140625,76.91850280761719
2020-07-31,55.45000076293945,326.5199890136719,265.7900085449219,83.11000061035156,10.614749908447266,205.00999450683597,158.23399353027344,74.39749908447266
2020-08-03,55.97999954223633,328.7900085449219,269.3800048828125,84.58999633789062,11.010250091552734,216.5399932861328,155.59449768066406,74.13800048828125
2020-08-04,56.0,330.0599975585937,270.3800048828125,85.81999969482422,11.227749824523926,213.2899932861328,156.94149780273438,73.66500091552734
2020-08-05,55.5,332.1099853515625,271.04998779296875,85.8949966430664,11.286749839782717,212.94000244140625,160.25149536132812,73.95449829101562
2020-08-06,55.27999877929688,334.3299865722656,274.6400146484375,85.74500274658203,11.33549976348877,216.3500061035156,161.25,75.24749755859375
2020-08-07,55.22999954223633,334.57000732421875,271.4700012207031,84.76000213623047,11.19950008392334,212.47999572753903,158.3730010986328,74.91850280761719
2020-08-10,54.93999862670898,335.57000732421875,270.3099975585937,84.81999969482422,11.164999961853027,208.25,157.4080047607422,74.84100341796875
2020-08-11,54.27000045776367,332.79998779296875,265.19000244140625,83.62000274658203,10.850000381469728,203.3800048828125,154.0334930419922,74.0270004272461
2020-08-12,54.16999816894531,337.44000244140625,271.8599853515625,86.25,11.440250396728516,209.19000244140625,158.11199951171875,75.36199951171875
2020-08-13,54.02000045776367,336.8299865722656,272.4800109863281,85.43000030517578,11.442999839782717,208.6999969482422,158.05099487304688,75.8324966430664
2020-08-14,54.20000076293945,336.8399963378906,272.1600036621094,85.33999633789062,11.564000129699709,208.8999938964844,157.4010009765625,75.23149871826172
2020-08-17,53.9900016784668,337.9100036621094,275.32000732421875,86.58499908447266,12.336999893188477,210.27999877929688,159.12049865722656,75.81199645996094
2020-08-18,55.18000030517578,338.6400146484375,277.9700012207031,86.05000305175781,12.260749816894531,211.4900054931641,165.62449645996094,77.78900146484375
2020-08-19,56.20000076293945,337.2300109863281,276.1000061035156,85.5250015258789,12.138500213623049,209.6999969482422,163.0240020751953,77.23049926757812
2020-08-20,55.2599983215332,338.2799987792969,279.92999267578125,84.83999633789062,12.140999794006348,214.5800018310547,164.86849975585938,78.8125
2020-08-21,55.18999862670898,339.4800109863281,281.8699951171875,85.45500183105469,12.683500289916992,213.0200042724609,164.23599243164062,78.77850341796875
2020-08-24,56.0099983215332,342.9200134277344,283.6300048828125,86.21499633789062,12.720250129699709,213.69000244140625,165.3730010986328,79.25749969482422
2020-08-25,56.09000015258789,344.1199951171875,285.8599853515625,87.19000244140625,12.75,216.47000122070312,167.32449340820312,80.2925033569336
2020-08-26,57.4900016784668,347.57000732421875,291.9599914550781,87.67500305175781,12.77299976348877,221.1499938964844,172.09249877929688,82.20649719238281
2020-08-27,57.18000030517578,348.3299865722656,291.04998779296875,86.44499969482422,12.628250122070312,226.5800018310547,170.0,81.4260025024414
2020-08-28,57.880001068115234,350.5799865722656,292.5299987792969,87.81999969482422,13.147749900817873,228.91000366210935,170.08999633789062,81.97149658203125
2020-08-31,57.220001220703125,349.3099975585937,294.8800048828125,87.68499755859375,13.374500274658203,225.52999877929688,172.54800415039062,81.47650146484375
2020-09-01,57.65999984741211,352.6000061035156,299.9200134277344,89.40499877929688,13.821000099182127,227.2700042724609,174.95599365234375,82.75399780273438
2020-09-02,59.02999877929688,357.70001220703125,302.760009765625,91.7750015258789,14.346500396728516,231.6499938964844,176.57249450683594,85.86949920654297
2020-09-03,57.09999847412109,345.3900146484375,287.4100036621094,86.9000015258789,13.01550006866455,217.3000030517578,168.39999389648438,81.47550201416016
2020-09-04,55.72999954223633,342.57000732421875,283.5799865722656,85.70500183105469,12.6225004196167,214.25,164.7310028076172,79.06050109863281
2020-09-08,55.31999969482422,333.2099914550781,269.95001220703125,81.90499877929688,11.913000106811523,202.66000366210935,157.49200439453125,76.18000030517578
2020-09-09,56.95000076293945,339.7900085449219,277.8800048828125,84.25,12.71500015258789,211.2899932861328,163.4304962158203,77.36150360107422
2020-09-10,57.33000183105469,333.8900146484375,272.3399963378906,83.19000244140625,12.311750411987305,205.3699951171875,158.7554931640625,76.30249786376953
2020-09-11,57.0,334.0599975585937,270.45001220703125,83.02999877929688,12.16450023651123,204.02999877929688,155.81100463867188,75.78800201416016
2020-09-14,59.459999084472656,338.4599914550781,275.1600036621094,84.9000015258789,12.872249603271484,205.41000366210935,155.14849853515625,75.44149780273438
2020-09-15,60.93999862670898,340.1700134277344,279.0599975585937,86.68499755859375,12.991000175476074,208.77999877929688,157.80650329589844,76.75599670410156
2020-09-16,60.43000030517578,338.82000732421875,274.6099853515625,85.62000274658203,12.51449966430664,205.0500030517578,153.90499877929688,75.60449981689453
2020-09-17,60.18000030517578,335.8399963378906,270.32000732421875,85.42500305175781,12.463500022888184,202.91000366210935,150.43649291992188,74.35199737548828
2020-09-18,59.75,330.6499938964844,266.8699951171875,84.13500213623047,12.189249992370604,200.38999938964844,147.74549865722656,72.55449676513672
2020-09-21,60.81999969482422,326.9700012207031,267.510009765625,84.17500305175781,12.517250061035156,202.5399932861328,148.02349853515625,71.50700378417969
2020-09-22,60.619998931884766,330.29998779296875,272.4800109863281,84.86499786376953,12.637749671936035,207.4199981689453,156.44949340820312,72.99099731445312
2020-09-23,58.959999084472656,322.6400146484375,264.1600036621094,82.92500305175781,12.123749732971191,200.58999633789065,149.9929962158203,70.46949768066406
2020-09-24,59.29999923706055,323.5,265.3900146484375,83.6500015258789,12.347999572753906,203.19000244140625,150.989501953125,71.14299774169922
2020-09-25,59.79999923706055,328.7300109863281,271.5599975585937,84.62000274658203,12.873749732971191,207.82000732421875,154.75650024414062,71.9530029296875
2020-09-28,59.58000183105469,334.19000244140625,277.20001220703125,86.7699966430664,13.03499984741211,209.44000244140625,158.70249938964844,72.93299865722656
2020-09-29,59.470001220703125,332.3699951171875,275.95001220703125,87.2300033569336,13.225749969482422,207.25999450683597,157.24400329589844,73.3010025024414
2020-09-30,59.70000076293945,334.8900146484375,277.8399963378906,87.0999984741211,13.530500411987305,210.3300018310547,157.43649291992188,73.27999877929688
2020-10-01,59.68000030517578,337.0400085449219,282.25,89.25,13.614500045776367,212.4600067138672,161.06300354003906,74.3949966430664
2020-10-02,58.83000183105469,333.8399963378906,274.3099975585937,86.57499694824219,13.062250137329102,206.19000244140625,156.25,72.77999877929688
2020-10-05,59.560001373291016,339.760009765625,280.1600036621094,89.5250015258789,13.642499923706056,210.3800048828125,159.9600067138672,74.1415023803711
2020-10-06,59.5099983215332,334.92999267578125,275.1600036621094,88.73999786376953,13.736499786376951,205.91000366210935,154.9980010986328,72.5510025024414
2020-10-07,60.59000015258789,340.760009765625,279.9200134277344,90.63999938964844,13.96399974822998,209.8300018310547,159.7845001220703,72.95700073242188
2020-10-08,60.88999938964844,343.7799987792969,281.4100036621094,91.75,13.838749885559082,210.5800018310547,159.52749633789062,74.17150115966797
2020-10-09,61.150001525878906,346.8500061035156,285.7099914550781,93.3249969482422,13.762749671936035,215.80999755859372,164.33250427246094,75.52249908447266
2020-10-12,61.459999084472656,352.42999267578125,294.5299987792969,94.97000122070312,14.22599983215332,221.3999938964844,172.14649963378906,78.22949981689453
2020-10-13,60.970001220703125,350.1300048828125,294.5199890136719,94.68499755859376,14.248250007629396,222.8600006103516,172.18150329589844,78.35350036621094
2020-10-14,60.959999084472656,347.92999267578125,292.0599975585937,94.18499755859376,14.095250129699709,220.8600006103516,168.1855010986328,78.1719970703125
2020-10-15,60.52000045776367,347.5,290.1000061035156,93.81999969482422,13.970000267028809,219.66000366210935,166.9324951171875,77.77349853515625
2020-10-16,60.290000915527344,347.2900085449219,288.510009765625,93.23500061035156,13.81149959564209,219.66000366210935,163.635498046875,78.38500213623047
2020-10-19,59.619998931884766,342.010009765625,283.79998779296875,92.7750015258789,13.497750282287598,214.22000122070312,160.36050415039062,76.49749755859375
2020-10-20,59.75,343.3800048828125,284.4100036621094,92.8499984741211,13.645500183105469,214.6499938964844,160.85049438476562,77.55400085449219
2020-10-21,59.66999816894531,342.7300109863281,284.19000244140625,92.25499725341795,13.524749755859377,214.8000030517578,159.2469940185547,79.29949951171875
2020-10-22,59.68999862670898,344.6099853515625,284.17999267578125,92.22000122070312,13.361000061035156,214.88999938964844,158.82000732421875,80.33300018310547
2020-10-23,59.900001525878906,345.7799987792969,284.739990234375,92.0,13.590250015258787,216.22999572753903,160.22000122070312,81.64900207519531
2020-10-26,57.4900016784668,339.3900146484375,280.4700012207031,90.02999877929688,13.141249656677246,210.0800018310547,160.3520050048828,79.2145004272461
2020-10-27,57.08000183105469,338.2200012207031,282.6600036621094,89.72000122070312,13.396750450134276,213.25,164.31649780273438,79.94400024414062
2020-10-28,55.59000015258789,326.6600036621094,271.6400146484375,86.82499694824219,12.626999855041504,202.67999267578125,158.13900756835938,75.54000091552734
2020-10-29,56.02000045776367,329.9800109863281,276.3900146484375,88.97000122070312,13.02400016784668,204.72000122070312,160.55050659179688,77.84400177001953
2020-10-30,56.11000061035156,326.5400085449219,269.3800048828125,87.4749984741211,12.534000396728516,202.47000122070312,151.8074951171875,80.80549621582031
2020-11-02,56.45000076293945,330.20001220703125,269.9800109863281,88.15499877929688,12.580750465393066,202.3300018310547,150.2239990234375,81.21600341796875
2020-11-03,56.79999923706055,336.0299987792969,274.6499938964844,89.98999786376953,13.01949977874756,206.42999267578125,152.42050170898438,82.28299713134766
2020-11-04,56.4900016784668,343.5400085449219,286.9100036621094,93.29000091552734,13.794249534606934,216.38999938964844,162.05799865722656,87.2925033569336
2020-11-05,56.65999984741211,350.239990234375,294.3900146484375,96.99500274658205,14.15999984741211,223.2899932861328,166.10000610351562,88.125
2020-11-06,56.79999923706055,350.1600036621094,294.6099853515625,98.5,14.562000274658203,223.72000122070312,165.56849670410156,87.98650360107422
2020-11-09,56.84000015258789,354.5599975585937,288.5899963378906,97.4250030517578,13.630749702453612,218.38999938964844,157.18699645996094,88.07099914550781
2020-11-10,56.66999816894531,354.0400085449219,283.4200134277344,94.41000366210938,12.770000457763672,211.00999450683597,151.75100708007812,86.88600158691406
2020-11-11,57.20000076293945,356.6700134277344,289.760009765625,97.7300033569336,13.41800022125244,216.5500030517578,156.8695068359375,87.36150360107422
2020-11-12,56.45000076293945,353.2099914550781,288.3999938964844,96.6750030517578,13.45674991607666,215.44000244140625,155.51400756835938,87.14099884033203
2020-11-13,56.90999984741211,358.1000061035156,290.92999267578125,98.0999984741211,13.29699993133545,216.50999450683597,156.4405059814453,88.61299896240234
2020-11-16,57.150001525878906,362.5700073242188,293.20001220703125,100.86000061035156,13.515250205993652,217.22999572753903,156.55299377441406,88.70149993896484
2020-11-17,57.119998931884766,360.6199951171875,292.2699890136719,99.6999969482422,13.422249794006348,214.4600067138672,156.7830047607422,88.08300018310547
2020-11-18,56.25,356.2799987792969,290.1099853515625,99.20500183105467,13.428750038146973,211.0800018310547,155.2729949951172,87.03199768066406
2020-11-19,56.45000076293945,357.7799987792969,292.3800048828125,100.5,13.440250396728516,212.4199981689453,155.8509979248047,87.92849731445312
2020-11-20,55.70000076293945,355.3299865722656,290.3800048828125,99.98999786376952,13.087750434875488,210.38999938964844,154.97000122070312,86.81900024414062
2020-11-23,56.08000183105469,357.4599914550781,290.3900146484375,101.52999877929688,13.140000343322754,210.1100006103516,154.91949462890625,86.37799835205078
2020-11-24,57.56999969482422,363.2200012207031,294.4700012207031,101.8499984741211,12.95775032043457,213.8600006103516,155.9029998779297,88.19499969482422
2020-11-25,57.40999984741211,362.6600036621094,296.2799987792969,101.84500122070312,13.234749794006348,213.8699951171875,159.2534942626953,88.20649719238281
2020-11-27,57.7599983215332,363.6700134277344,299.010009765625,103.20999908447266,13.261249542236328,215.22999572753903,159.76699829101562,89.35099792480469
2020-11-30,57.720001220703125,362.05999755859375,299.6199951171875,104.30500030517578,13.40149974822998,214.07000732421875,158.40199279785156,87.72000122070312
2020-12-01,58.7400016784668,366.0199890136719,303.4599914550781,106.1999969482422,13.390000343322754,216.2100067138672,161.00399780273438,89.76799774169922
2020-12-02,59.08000183105469,366.7900085449219,303.8500061035156,106.625,13.544500350952148,215.3699951171875,160.17649841308594,91.24849700927734
2020-12-03,59.27000045776367,366.6900024414063,304.2799987792969,106.58499908447266,13.395999908447266,214.2400054931641,159.3365020751953,91.09200286865234
2020-12-04,59.959999084472656,369.8500061035156,305.5199890136719,109.69499969482422,13.558250427246094,214.3600006103516,158.12899780273438,91.18800354003906
2020-12-07,59.79999923706055,369.0899963378906,307.25,110.31999969482422,13.606749534606934,214.2899932861328,157.89999389648438,90.85150146484376
2020-12-08,59.02999877929688,370.1700134277344,308.2900085449219,110.46499633789062,13.350000381469728,216.00999450683597,158.864501953125,90.56649780273438
2020-12-09,59.72999954223633,366.8500061035156,301.3099975585937,107.04499816894533,12.930749893188477,211.8000030517578,155.2100067138672,88.89299774169922
2020-12-10,59.47999954223633,366.7300109863281,302.5199890136719,107.125,12.972249984741213,210.5200042724609,155.07449340820312,88.38249969482422
2020-12-11,60.61000061035156,366.2999877929688,301.8500061035156,106.25499725341795,13.013250350952148,213.25999450683597,155.8209991455078,88.73999786376953
2020-12-14,60.7599983215332,364.6600036621094,304.0400085449219,107.33999633789062,13.30875015258789,214.1999969482422,157.84849548339844,87.61299896240234
2020-12-15,61.86000061035156,369.5899963378906,307.2900085449219,109.0250015258789,13.36050033569336,214.1300048828125,158.25599670410156,88.05400085449219
2020-12-16,62.77999877929688,370.1700134277344,308.9800109863281,108.9800033569336,13.24250030517578,219.27999877929688,162.04800415039062,87.8594970703125
2020-12-17,63.61000061035156,372.239990234375,311.0,108.95500183105467,13.3412504196167,219.4199981689453,161.8040008544922,87.02549743652344
2020-12-18,65.05999755859375,369.1799926757813,310.0599975585937,108.58000183105467,13.272000312805176,218.58999633789065,160.08250427246094,86.31099700927734
2020-12-21,64.4800033569336,367.8599853515625,308.9200134277344,107.28500366210938,13.332249641418455,222.58999633789065,160.3090057373047,86.72799682617188
2020-12-22,65.1500015258789,367.239990234375,309.760009765625,107.09500122070312,13.278249740600586,223.94000244140625,160.3260040283203,86.01100158691406
2020-12-23,65.30000305175781,367.5700073242188,308.20001220703125,106.29499816894533,13.009249687194824,221.0200042724609,159.2635040283203,86.4114990234375
2020-12-24,64.95999908447266,369.0,309.5599975585937,107.43499755859376,12.993749618530272,222.75,158.63450622558594,86.70800018310547
2020-12-28,64.87000274658203,372.1700134277344,312.67999267578125,107.22000122070312,12.899999618530272,224.9600067138672,164.197998046875,88.697998046875
2020-12-29,64.45999908447266,371.4599914550781,312.9599914550781,106.9499969482422,12.943249702453612,224.1499938964844,166.10000610351562,87.88800048828125
2020-12-30,64.4000015258789,371.989990234375,312.9700012207031,108.9250030517578,13.145750045776367,221.67999267578125,164.29249572753906,86.8125
2020-12-31,64.69000244140625,373.8800048828125,313.739990234375,109.20999908447266,13.05500030517578,222.4199981689453,162.84649658203125,87.63200378417969
2021-01-04,63.75,368.7900085449219,309.3099975585937,109.43000030517578,13.113499641418455,217.69000244140625,159.3314971923828,86.30650329589844
2021-01-05,62.959999084472656,371.3299865722656,311.8599853515625,111.34500122070312,13.404749870300291,217.8999938964844,160.92550659179688,87.00250244140625
2021-01-06,62.56999969482422,373.5499877929688,307.5400085449219,111.00499725341795,12.614500045776367,212.25,156.91900634765625,86.14399719238281
2021-01-07,63.06999969482422,379.1000061035156,314.9800109863281,115.58499908447266,13.343999862670898,218.2899932861328,158.10800170898438,88.71700286865234
2021-01-08,63.380001068115234,381.260009765625,319.0299987792969,115.16999816894533,13.27674961090088,219.6199951171875,159.13499450683594,89.8915023803711
2021-01-11,63.02999877929688,378.6900024414063,314.4200134277344,116.8949966430664,13.621500015258787,217.4900054931641,155.7104949951172,87.81449890136719
2021-01-12,62.41999816894531,378.7699890136719,313.9200134277344,117.44000244140624,13.484749794006348,214.92999267578125,156.04150390625,86.87149810791016
2021-01-13,62.060001373291016,379.7900085449219,316.0400085449219,116.80500030517578,13.531749725341797,216.33999633789065,158.29449462890625,87.36250305175781
2021-01-14,61.59999847412109,378.4599914550781,314.3500061035156,119.70999908447266,13.200249671936035,213.0200042724609,156.37350463867188,86.5459976196289
2021-01-15,61.77999877929688,375.7000122070313,311.8599853515625,117.37999725341795,12.85949993133545,212.6499938964844,155.21249389648438,86.38099670410156
2021-01-19,61.290000915527344,378.6499938964844,316.4100036621094,121.41000366210938,13.025250434875488,216.44000244140625,156.03799438476562,89.22350311279297
2021-01-20,61.560001373291016,383.8900146484375,323.7699890136719,120.90499877929688,13.365750312805176,224.33999633789065,163.16900634765625,94.00350189208984
2021-01-21,61.209999084472656,384.239990234375,326.3599853515625,122.7750015258789,13.86750030517578,224.97000122070312,165.34950256347656,94.2074966430664
2021-01-22,60.36000061035156,382.8800048828125,325.4200134277344,120.46499633789062,13.712499618530272,225.9499969482422,164.6114959716797,94.62799835205078
2021-01-25,60.900001525878906,384.3900146484375,328.1099853515625,120.94000244140624,13.653249740600586,229.52999877929688,164.6999969482422,94.71399688720705
2021-01-26,61.79999923706055,383.7900085449219,328.5899963378906,118.8499984741211,13.435250282287598,232.3300018310547,166.30650329589844,95.39749908447266
2021-01-27,62.54999923706055,374.4100036621094,319.42999267578125,113.04499816894533,12.917750358581545,232.8999938964844,161.62899780273438,90.9469985961914
2021-01-28,61.220001220703125,377.6300048828125,321.32000732421875,115.41000366210938,13.050999641418455,238.92999267578125,161.88099670410156,92.66000366210938
2021-01-29,60.43000030517578,370.0700073242188,314.5599975585937,113.30500030517578,12.989749908447266,231.9600067138672,160.30999755859375,91.36799621582033
2021-02-01,61.5099983215332,376.2300109863281,322.4200134277344,117.74500274658205,13.237000465393066,239.6499938964844,167.1439971923828,94.65350341796876
2021-02-02,62.369998931884766,381.5499877929688,327.67999267578125,119.3550033569336,13.556750297546388,239.50999450683597,169.0,95.95600128173828
2021-02-03,62.16999816894531,381.8500061035156,326.3800048828125,117.11000061035156,13.530500411987305,243.0,165.62649536132812,102.94400024414062
2021-02-04,63.34999847412109,386.1900024414063,330.239990234375,118.46499633789062,13.664250373840332,242.00999450683597,166.5500030517578,102.68150329589844
2021-02-05,63.59999847412109,387.7099914550781,331.3599853515625,117.6050033569336,13.590999603271484,242.1999969482422,167.6074981689453,104.44149780273438
2021-02-08,63.11000061035156,390.510009765625,333.5799865722656,121.53500366210938,14.438750267028809,242.47000122070312,166.14700317382812,104.22599792480467
2021-02-09,63.66999816894531,390.25,333.510009765625,121.1750030517578,14.263250350952148,243.7700042724609,165.25,103.76950073242188
2021-02-10,63.27000045776367,390.0799865722656,332.75,121.48500061035156,14.764249801635742,242.82000732421875,164.32899475097656,104.3239974975586
2021-02-11,62.70000076293945,390.7099914550781,334.5799865722656,125.98500061035156,15.250749588012695,244.4900054931641,163.10650634765625,104.4375
2021-02-12,63.08000183105469,392.6400146484375,336.45001220703125,127.27999877929688,14.96125030517578,244.9900054931641,163.885498046875,104.75150299072266
2021-02-16,62.13999938964844,392.2999877929688,335.5400085449219,128.05999755859375,15.330249786376951,243.6999969482422,163.44749450683594,105.53500366210938
2021-02-17,62.09000015258789,392.3900146484375,333.92999267578125,125.58000183105467,14.906000137329102,244.1999969482422,165.4320068359375,105.93099975585938
2021-02-18,62.06999969482422,390.7200012207031,332.4700012207031,124.24500274658205,14.82900047302246,243.7899932861328,166.4114990234375,105.29049682617188
2021-02-19,61.130001068115234,390.0299987792969,331.0199890136719,126.93000030517578,14.92650032043457,240.97000122070312,162.4949951171875,104.44049835205078
2021-02-22,64.44999694824219,387.0299987792969,322.44000244140625,122.29000091552734,14.35575008392334,234.50999450683597,159.03700256347656,102.71299743652344
2021-02-23,64.5,387.5,321.4800109863281,121.11499786376952,14.142000198364258,233.2700042724609,159.72500610351562,103.00599670410156
2021-02-24,64.69999694824219,391.7699890136719,324.1300048828125,125.01000213623048,14.49899959564209,234.5500030517578,157.97650146484375,104.19049835205078
2021-02-25,65.30000305175781,382.3299865722656,312.8299865722656,118.04000091552734,13.307499885559082,228.9900054931641,152.85800170898438,100.79750061035156
2021-02-26,64.51000213623047,380.3599853515625,314.1400146484375,120.4749984741211,13.714500427246094,232.3800048828125,154.64649963378906,101.09549713134766
2021-03-01,66.16999816894531,389.5799865722656,323.5899963378906,124.0999984741211,13.841750144958496,236.94000244140625,157.3070068359375,103.48300170898438
2021-03-02,66.66000366210938,386.5400085449219,318.3999938964844,120.28500366210938,13.40625,233.8699951171875,154.72650146484375,103.2239990234375
2021-03-03,66.91000366210938,381.4200134277344,309.1600036621094,116.49500274658205,12.804750442504885,227.55999755859372,150.25,100.57050323486328
2021-03-04,65.61000061035156,376.7000122070313,304.1000061035156,110.83999633789062,12.37024974822998,226.72999572753903,148.8784942626953,101.69650268554688
2021-03-05,69.97000122070312,383.6300048828125,308.67999267578125,114.3949966430664,12.46150016784668,231.6000061035156,150.0229949951172,104.85350036621094
2021-03-08,72.16000366210938,381.7200012207031,299.94000244140625,108.11000061035156,11.593250274658203,227.38999938964844,147.59750366210938,100.375
2021-03-09,72.63999938964844,387.1700134277344,311.7699890136719,114.51499938964844,12.52025032043457,233.77999877929688,153.1425018310547,102.01799774169922
2021-03-10,72.12000274658203,389.5799865722656,310.8800048828125,112.19000244140624,12.468250274658203,232.4199981689453,152.8820037841797,101.80950164794922
2021-03-11,67.41000366210938,393.5299987792969,318.0400085449219,116.90499877929688,12.993499755859377,237.1300048828125,155.67950439453125,105.0270004272461
2021-03-12,67.16000366210938,394.05999755859375,315.4599914550781,115.44499969482422,12.855999946594238,235.75,154.47450256347656,102.5
2021-03-15,67.7300033569336,396.4100036621094,318.8299865722656,117.93499755859376,13.19124984741211,234.80999755859372,154.08399963378906,102.72200012207033
2021-03-16,66.8499984741211,395.9100036621094,320.5799865722656,119.2249984741211,13.291250228881836,237.7100067138672,154.59300231933594,104.19450378417967
2021-03-17,66.22000122070312,397.260009765625,321.8999938964844,120.34500122070312,13.3412504196167,237.0399932861328,156.7864990234375,104.11100006103516
2021-03-18,66.73999786376953,391.4800109863281,312.0400085449219,115.5250015258789,12.72249984741211,230.72000122070312,151.39950561523438,101.06700134277344
2021-03-19,66.26000213623047,389.4800109863281,313.1400146484375,116.83999633789062,12.845749855041504,230.3500061035156,153.7480010986328,101.3479995727539
2021-03-22,66.31999969482422,392.5899963378906,318.6099853515625,119.625,13.186249732971191,235.9900054931641,155.5435028076172,101.53450012207033
2021-03-23,67.2699966430664,389.5,317.2200012207031,116.62999725341795,13.07075023651123,237.5800018310547,156.875,102.06649780273438
2021-03-24,66.83000183105469,387.5199890136719,311.8699951171875,114.62999725341795,12.642999649047852,235.4600067138672,154.35350036621094,101.62650299072266
2021-03-25,68.62999725341797,389.7000122070313,311.3299865722656,115.0500030517578,12.535249710083008,232.33999633789065,152.31300354003906,101.6230010986328
2021-03-26,70.25,395.9800109863281,316.0,120.81999969482422,12.83924961090088,236.47999572753903,152.60150146484375,101.23650360107422
2021-03-29,71.12999725341797,395.7799987792969,315.9100036621094,118.88500213623048,12.948249816894531,235.2400054931641,153.7864990234375,102.28949737548828
2021-03-30,70.55000305175781,394.7300109863281,314.32000732421875,118.375,12.871749877929688,231.8500061035156,152.76449584960938,102.32350158691406
2021-03-31,70.16999816894531,396.3299865722656,319.1300048828125,121.7750015258789,13.34825038909912,235.7700042724609,154.70399475097656,103.1259994506836
2021-04-01,71.80999755859375,400.6099853515625,324.57000732421875,126.47000122070312,13.811750411987305,242.3500061035156,158.0500030517578,106.48899841308594
2021-04-05,74.16000366210938,406.3599853515625,331.04998779296875,128.5749969482422,13.987500190734863,249.07000732421875,161.3365020751953,110.947998046875
2021-04-06,74.27999877929688,406.1199951171875,330.82000732421875,126.81500244140624,13.861499786376951,247.8600006103516,161.1909942626953,110.46299743652344
2021-04-07,74.06999969482422,406.5899963378906,331.6199951171875,126.5250015258789,14.143500328063965,249.8999938964844,163.96949768066406,111.95149993896484
2021-04-08,75.27999877929688,408.5199890136719,335.0799865722656,128.33999633789062,14.31700038909912,253.25,164.96499633789062,112.52149963378906
2021-04-09,75.58000183105469,411.489990234375,337.1099853515625,128.0399932861328,14.399999618530272,255.8500061035156,168.61000061035156,113.53350067138672
2021-04-12,76.12000274658203,411.6400146484375,336.6700134277344,126.55500030517578,15.208999633789062,255.91000366210935,168.96949768066406,112.2310028076172
2021-04-13,76.66999816894531,412.8599853515625,340.6000061035156,126.30500030517578,15.679499626159668,258.489990234375,170.0,112.72149658203124
2021-04-14,76.81999969482422,411.4500122070313,336.510009765625,125.09500122070312,15.277000427246094,255.58999633789065,166.64999389648438,112.09549713134766
2021-04-15,78.29000091552734,415.8699951171875,341.6099853515625,126.6999969482422,16.137250900268555,259.5,168.95449829101562,114.2624969482422
2021-04-16,78.94999694824219,417.260009765625,342.010009765625,126.20500183105467,15.912500381469728,260.739990234375,169.9720001220703,114.1374969482422
2021-04-19,78.75,415.2099914550781,338.8800048828125,123.08000183105467,15.361749649047852,258.739990234375,168.60049438476562,114.48799896240234
2021-04-20,79.23999786376953,412.1700134277344,336.4100036621094,121.3550033569336,15.171250343322754,258.260009765625,166.7344970703125,113.95050048828124
2021-04-21,76.66000366210938,416.0700073242188,339.2900085449219,124.55500030517578,15.36050033569336,260.5799865722656,168.1009979248047,113.9175033569336
2021-04-22,74.87000274658203,412.2699890136719,335.20001220703125,121.8000030517578,14.850250244140623,257.1700134277344,165.45199584960938,112.6259994506836
2021-04-23,74.97000122070312,416.739990234375,339.4200134277344,124.5999984741211,15.265250205993652,261.1499938964844,167.04400634765625,114.99649810791016
2021-04-26,74.5,417.6099853515625,341.6300048828125,126.7300033569336,15.477999687194824,261.54998779296875,170.4499969482422,115.49649810791016
2021-04-27,75.22000122070312,417.5199890136719,340.1499938964844,125.98999786376952,15.381750106811523,261.9700012207031,170.8715057373047,114.54900360107422
2021-04-28,74.7699966430664,417.3999938964844,339.0,123.9749984741211,15.27674961090088,254.55999755859372,172.9250030517578,117.9520034790039
2021-04-29,75.87000274658203,420.05999755859375,340.2200012207031,125.12000274658205,15.324749946594238,252.50999450683597,173.5655059814453,119.63800048828124
2021-04-30,75.79000091552734,417.2999877929688,337.989990234375,121.5,15.009499549865724,252.17999267578125,173.37100219726562,117.6750030517578
2021-05-03,77.33000183105469,418.2000122070313,336.19000244140625,120.08999633789062,14.836750030517578,251.8600006103516,169.32449340820312,117.15399932861328
2021-05-04,78.52999877929688,415.6199951171875,330.1400146484375,118.5999984741211,14.35124969482422,247.7899932861328,165.593505859375,115.34149932861328
2021-05-05,79.19000244140625,415.75,329.0299987792969,119.125,14.458499908447266,246.47000122070312,163.52699279785156,115.7385025024414
2021-05-06,79.73999786376953,419.0700073242188,331.510009765625,120.1050033569336,14.52299976348877,249.72999572753903,165.31849670410156,116.86750030517578
2021-05-07,80.4000015258789,422.1199951171875,334.20001220703125,121.8000030517578,14.812250137329102,252.4600067138672,164.58050537109375,117.59649658203124
2021-05-10,80.1500015258789,417.9400024414063,325.760009765625,116.4000015258789,14.26574993133545,247.17999267578125,159.52450561523438,114.5875015258789
2021-05-11,77.69000244140625,414.2099914550781,325.3099975585937,116.625,14.306249618530272,246.22999572753903,161.19549560546875,113.50299835205078
2021-05-12,76.75,405.4100036621094,316.8900146484375,111.81500244140624,13.758500099182127,239.0,157.5970001220703,110.0124969482422
2021-05-13,78.13999938964844,410.2799987792969,319.3399963378906,113.08499908447266,13.665249824523926,243.02999877929688,158.07350158691406,111.4520034790039
2021-05-14,78.88999938964844,416.5799865722656,326.3900146484375,116.66999816894533,14.243000030517578,248.1499938964844,161.14500427246094,113.91899871826172
2021-05-17,79.08000183105469,415.5199890136719,324.4100036621094,115.37000274658205,14.165499687194824,245.17999267578125,163.51950073242188,114.4459991455078
2021-05-18,78.69000244140625,411.9400024414063,322.2200012207031,114.73500061035156,14.01574993133545,243.0800018310547,161.61399841308594,113.12349700927734
2021-05-19,78.73999786376953,410.8599853515625,322.5899963378906,116.79000091552734,14.065750122070312,243.1199951171875,161.58999633789062,113.5749969482422
2021-05-20,78.72000122070312,415.2799987792969,328.8299865722656,119.69000244140624,14.612500190734863,246.47999572753903,162.38400268554688,115.34750366210938
2021-05-21,79.02999877929688,414.9400024414063,327.010009765625,119.08499908447266,14.99174976348877,245.1699981689453,160.1540069580078,114.7064971923828
2021-05-24,79.37999725341797,419.1700134277344,332.510009765625,121.6999969482422,15.612000465393066,250.77999877929688,162.24949645996094,118.052001953125
2021-05-25,78.83000183105469,418.239990234375,332.9700012207031,122.5,15.647749900817873,251.72000122070312,162.95249938964844,118.14350128173828
2021-05-26,79.26000213623047,419.0700073242188,334.1300048828125,122.625,15.699999809265137,251.4900054931641,163.25799560546875,119.0155029296875
2021-05-27,78.9800033569336,419.2900085449219,332.8800048828125,123.21499633789062,15.48799991607666,249.30999755859372,161.5054931640625,118.13400268554688
2021-05-28,78.73999786376953,420.0400085449219,333.92999267578125,124.59500122070312,16.24449920654297,249.67999267578125,161.15350341796875,117.84249877929688
2021-06-01,79.56999969482422,419.6700134277344,332.82000732421875,124.41000366210938,16.26449966430664,247.3999938964844,160.9324951171875,119.05899810791016
2021-06-02,80.2699966430664,420.3299865722656,333.4700012207031,125.13999938964844,16.778249740600586,247.3000030517578,161.69949340820312,118.52950286865234
2021-06-03,81.08999633789062,418.7699890136719,330.0,123.0,16.969749450683594,245.7100067138672,159.35049438476562,117.37899780273438
2021-06-04,82.88999938964844,422.6000061035156,335.6000061035156,125.73999786376952,17.578250885009766,250.7899932861328,160.31100463867188,119.67849731445312
2021-06-07,83.94000244140625,422.1900024414063,336.6000061035156,125.0999984741211,17.618999481201172,253.80999755859372,159.90049743652344,120.11499786376952
2021-06-08,84.61000061035156,422.2799987792969,336.760009765625,124.06999969482422,17.457000732421875,252.57000732421875,163.20550537109375,119.9219970703125
2021-06-09,84.5199966430664,421.6499938964844,336.8399963378906,123.68499755859376,17.35824966430664,253.58999633789065,164.0574951171875,120.39700317382812
2021-06-10,82.30000305175781,423.6099853515625,340.3500061035156,125.3000030517578,17.424999237060547,257.239990234375,167.4824981689453,121.75650024414062
2021-06-11,82.9000015258789,424.30999755859375,341.239990234375,125.73999786376952,17.82525062561035,257.8900146484375,167.3415069580078,121.51000213623048
2021-06-14,82.62000274658203,425.260009765625,344.510009765625,127.44000244140624,18.018749237060547,259.8900146484375,169.19349670410156,122.44550323486328
2021-06-15,81.63999938964844,424.4800109863281,342.260009765625,126.33999633789062,17.78849983215332,258.3599853515625,169.156494140625,121.41950225830078
2021-06-16,77.08000183105469,422.1099853515625,341.010009765625,125.2750015258789,17.81024932861328,257.3800048828125,170.7624969482422,120.77249908447266
2021-06-17,77.55999755859375,421.9700012207031,345.3399963378906,126.69000244140624,18.657249450683597,260.8999938964844,174.46200561523438,121.74349975585938
2021-06-18,76.2300033569336,414.9200134277344,342.6300048828125,123.46499633789062,18.638750076293945,259.42999267578125,174.34500122070312,120.11100006103516
2021-06-21,77.98999786376953,420.8599853515625,344.3599853515625,123.79000091552734,18.427249908447266,262.6300048828125,172.697998046875,121.8125
2021-06-22,78.68000030517578,423.1099853515625,347.57000732421875,124.5999984741211,18.886749267578125,265.510009765625,175.27200317382812,122.33049774169922
2021-06-23,78.0999984741211,422.6000061035156,347.739990234375,125.2300033569336,19.057249069213867,265.2699890136719,175.1909942626953,122.1269989013672
2021-06-24,77.73999786376953,425.1000061035156,349.8900146484375,127.2750015258789,19.20549964904785,266.69000244140625,172.45399475097656,122.5
2021-06-25,78.45999908447266,426.6099853515625,349.4599914550781,126.7750015258789,19.0310001373291,265.0199890136719,170.072998046875,122.5084991455078
2021-06-28,78.5,427.4700012207031,353.7099914550781,129.85000610351562,19.98500061035156,268.7200012207031,172.1945037841797,122.53600311279295
2021-06-29,78.0999984741211,427.7000122070313,354.989990234375,130.97999572753906,20.026750564575195,271.3999938964844,172.40699768066406,122.27249908447266
2021-06-30,77.83999633789062,428.05999755859375,354.42999267578125,131.1199951171875,20.002500534057617,270.8999938964844,172.00799560546875,122.0895004272461
2021-07-01,79.54000091552734,430.4299926757813,354.57000732421875,129.18499755859375,20.21199989318848,271.6000061035156,171.64849853515625,122.44450378417967
2021-07-02,81.81999969482422,433.7200012207031,358.6400146484375,129.89999389648438,20.48699951171875,277.6499938964844,175.5489959716797,125.25749969482422
2021-07-06,83.08000183105469,432.9299926757813,360.19000244140625,129.86000061035156,20.69849967956543,277.6600036621094,183.78700256347656,126.19000244140624
2021-07-07,86.08999633789062,434.4599914550781,360.9500122070313,128.05999755859375,20.371749877929688,279.92999267578125,184.82899475097656,126.4739990234375
2021-07-08,85.58999633789062,430.9200134277344,358.7699890136719,126.34500122070312,19.90275001525879,277.4200134277344,186.57049560546875,125.04399871826172
2021-07-09,87.76000213623047,435.5199890136719,361.010009765625,128.5,20.050249099731445,277.94000244140625,185.9669952392578,125.51850128173828
2021-07-12,87.08000183105469,437.0799865722656,362.4200134277344,130.18499755859375,20.512500762939453,277.32000732421875,185.9275054931641,126.97550201416016
2021-07-13,87.06999969482422,435.5899963378906,362.4200134277344,129.90499877929688,20.25,280.9800109863281,183.8679962158203,127.34149932861328
2021-07-14,88.27999877929688,436.239990234375,363.0700073242188,129.6199951171875,19.84149932861328,282.510009765625,184.08399963378903,128.23699951171875
2021-07-15,86.23999786376953,434.75,360.5199890136719,126.06500244140624,18.966249465942383,281.0299987792969,181.55999755859372,127.00499725341795
2021-07-16,87.48999786376953,431.3399963378906,357.6000061035156,123.4250030517578,18.160999298095703,280.75,178.68150329589844,126.97000122070312
2021-07-19,86.9800033569336,424.9700012207031,354.6700134277344,123.4000015258789,18.77975082397461,277.010009765625,177.47950744628906,124.5780029296875
2021-07-20,88.66000366210938,431.05999755859375,358.7900085449219,124.91000366210938,18.61199951171875,279.32000732421875,178.6595001220703,126.20950317382812
2021-07-21,89.69000244140625,434.5499877929688,361.55999755859375,128.5,19.40999984741211,281.3999938964844,179.25999450683594,127.54900360107422
2021-07-22,90.69000244140624,435.4599914550781,363.9500122070313,127.7249984741211,19.5939998626709,286.1400146484375,181.9015045166016,128.42149353027344
2021-07-23,87.69000244140625,439.9400024414063,368.2000122070313,128.65499877929688,19.558000564575195,289.6700134277344,182.83200073242188,133.01499938964844
2021-07-26,87.86000061035156,441.0199890136719,368.489990234375,128.50999450683594,19.29400062561035,289.04998779296875,184.99099731445312,134.03500366210938
2021-07-27,87.80000305175781,439.010009765625,364.4299926757813,126.23999786376952,19.20800018310547,286.5400085449219,181.3195037841797,131.89999389648438
2021-07-28,87.18000030517578,438.8299865722656,365.8299865722656,128.4949951171875,19.50300025939941,286.2200012207031,181.51600646972656,136.093994140625
2021-07-29,87.62999725341797,440.6499938964844,366.4800109863281,130.90499877929688,19.66200065612793,286.5,179.99600219726562,135.77749633789062
2021-07-30,87.13999938964844,438.510009765625,364.5700073242188,131.57000732421875,19.499000549316406,284.9100036621094,166.37950134277344,134.72650146484375
2021-08-02,87.5999984741211,437.5899963378906,364.6000061035156,132.5,19.75,284.82000732421875,166.57400512695312,134.85450744628906
2021-08-03,89.73999786376953,441.1499938964844,366.80999755859375,133.6999969482422,19.815000534057617,287.1199951171875,168.31199645996094,135.6300048828125
2021-08-04,90.05000305175781,438.9800109863281,367.3399963378906,135.16000366210938,20.27400016784668,286.510009765625,167.73599243164062,135.12550354003906
2021-08-05,89.43000030517578,441.760009765625,369.6700134277344,135.00999450683594,20.636999130249023,289.5199890136719,168.79949951171875,136.25149536132812
2021-08-06,89.5199966430664,442.489990234375,368.0499877929688,134.28500366210938,20.36599922180176,289.4599914550781,167.2469940185547,135.73849487304688
2021-08-09,89.9000015258789,442.1300048828125,368.7300109863281,133.8800048828125,20.295000076293945,288.3299865722656,167.093505859375,136.91299438476562
2021-08-10,89.63999938964844,442.6799926757813,366.8399963378906,132.1649932861328,19.93600082397461,286.44000244140625,166.03399658203125,136.8070068359375
2021-08-11,89.62999725341797,443.7799987792969,366.2099914550781,131.81500244140625,19.698999404907227,286.95001220703125,164.60549926757812,136.2790069580078
2021-08-12,89.80999755859375,445.1099853515625,367.5299987792969,130.375,19.905000686645508,289.8099975585937,165.1750030517578,137.19400024414062
2021-08-13,90.37999725341795,445.9200134277344,368.8200073242188,131.22500610351562,20.1879997253418,292.8500061035156,164.69850158691406,137.7274932861328
2021-08-16,90.81999969482422,446.9700012207031,368.9800109863281,130.66000366210938,19.950000762939453,294.6000061035156,164.94949340820312,138.3094940185547
2021-08-17,90.9499969482422,444.0400085449219,365.7300109863281,128.18499755859375,19.45800018310547,293.0799865722656,162.09800720214844,136.6614990234375
2021-08-18,88.94000244140625,439.1799926757813,362.2099914550781,126.52999877929688,19.040000915527344,290.7300109863281,160.06100463867188,135.44900512695312
2021-08-19,88.70999908447266,439.8599853515625,363.9599914550781,127.63999938964844,19.79800033569336,296.7699890136719,159.3874969482422,135.67999267578125
2021-08-20,88.94000244140625,443.3599853515625,367.7300109863281,128.19000244140625,20.81599998474121,304.3599853515625,159.99749755859375,137.42950439453125
2021-08-23,89.12000274658203,447.260009765625,373.2300109863281,131.875,21.95800018310547,304.6499938964844,163.2935028076172,140.04150390625
2021-08-24,88.55000305175781,447.9700012207031,374.3699951171875,131.96499633789062,21.792999267578125,302.6199951171875,165.28900146484375,141.26150512695312
2021-08-25,88.62000274658203,448.9100036621094,374.7999877929688,133.39999389648438,22.21299934387207,302.010009765625,164.95899963378906,142.07899475097656
2021-08-26,88.72000122070312,446.260009765625,372.4200134277344,133.60499572753906,22.06800079345703,299.0899963378906,165.8000030517578,141.4405059814453
2021-08-27,89.3499984741211,450.25,376.0400085449219,136.02000427246094,22.63599967956543,299.7200012207031,167.48150634765625,144.00399780273438
2021-08-30,89.44999694824219,452.2300109863281,380.260009765625,136.4499969482422,22.6879997253418,303.5899963378906,171.07850646972656,144.5904998779297
2021-08-31,89.12999725341797,451.55999755859375,379.9500122070313,135.4149932861328,22.38500022888184,301.8800048828125,173.5395050048828,144.69749450683594
2021-09-01,89.94999694824219,451.7999877929688,380.5799865722656,135.2050018310547,22.44099998474121,301.8299865722656,173.9499969482422,145.2154998779297
2021-09-02,89.80000305175781,453.1900024414063,380.3999938964844,135.53500366210938,22.395999908447266,301.1499938964844,173.156005859375,143.28700256347656
2021-09-03,90.0,453.0799865722656,381.5700073242188,136.64500427246094,22.843000411987305,301.1400146484375,173.90249633789062,143.739501953125
2021-09-07,88.72000122070312,451.4599914550781,382.1099853515625,136.36500549316406,22.66200065612793,300.17999267578125,175.46449279785156,144.28050231933594
2021-09-08,89.47000122070312,450.9100036621094,380.7799987792969,134.56500244140625,22.339000701904297,300.2099914550781,176.27499389648438,143.6909942626953
2021-09-09,89.54000091552734,448.9800109863281,379.4700012207031,135.1199951171875,22.177000045776367,297.25,174.20799255371094,143.54100036621094
2021-09-10,89.68000030517578,445.4400024414063,376.5899963378906,136.13999938964844,22.47800064086914,295.7099914550781,173.45750427246094,140.87600708007812
2021-09-13,88.88999938964844,446.5799865722656,376.3299865722656,137.16000366210938,22.152000427246094,296.989990234375,172.85850524902344,142.33250427246094
2021-09-14,86.38999938964844,444.1700134277344,375.260009765625,137.25,22.242000579833984,299.7900085449219,172.5,142.54449462890625
2021-09-15,87.7300033569336,447.8800048828125,378.0499877929688,137.72999572753906,22.340999603271484,304.82000732421875,173.7895050048828,144.42950439453125
2021-09-16,87.25,447.1700134277344,378.30999755859375,137.92999267578125,22.242000579833984,305.2200012207031,174.41200256347656,143.61000061035156
2021-09-17,86.38999938964844,441.3999938964844,373.8299865722656,135.5,21.899999618530277,299.8699951171875,173.12600708007812,140.8000030517578
2021-09-20,86.16999816894531,434.0400085449219,365.7000122070313,132.1999969482422,21.113000869750977,294.29998779296875,167.7864990234375,138.71949768066406
2021-09-21,86.91999816894531,433.6300048828125,366.1499938964844,132.47999572753906,21.246000289916992,294.79998779296875,167.18150329589844,139.0330047607422
2021-09-22,88.44000244140625,437.8599853515625,369.5700073242188,134.8699951171875,21.94099998474121,298.5799865722656,169.00250244140625,140.2834930419922
2021-09-23,89.41999816894531,443.1799926757813,372.9800109863281,136.56500244140625,22.48200035095215,299.5599975585937,170.8000030517578,141.21600341796875
2021-09-24,89.94000244140625,443.9100036621094,373.3299865722656,136.19500732421875,22.08099937438965,299.3500061035156,171.2760009765625,142.21499633789062
2021-09-27,91.04000091552734,442.6400146484375,370.3500061035156,135.7100067138672,21.65999984741211,294.1700134277344,170.2899932861328,141.07200622558594
2021-09-28,90.48999786376952,433.7200012207031,359.8699951171875,130.2449951171875,20.698999404907227,283.5199890136719,165.79800415039062,135.8300018310547
2021-09-29,91.25,434.4500122070313,359.2799987792969,128.27999877929688,20.517000198364254,284.0,165.05599975585938,134.35350036621094
2021-09-30,87.12999725341797,429.1400146484375,357.9599914550781,128.13499450683594,20.715999603271484,281.9200134277344,164.2519989013672,133.67599487304688
2021-10-01,89.73999786376953,434.239990234375,360.17999267578125,128.2449951171875,20.742000579833984,289.1000061035156,164.16299438476562,136.54299926757812
2021-10-04,89.26000213623047,428.6400146484375,352.6199951171875,124.90499877929688,19.73200035095215,283.1099853515625,159.48899841308594,133.6595001220703
2021-10-05,91.48999786376952,433.1000061035156,357.3800048828125,126.66000366210938,20.451000213623047,288.760009765625,161.0500030517578,136.0229949951172
2021-10-06,91.33999633789062,434.8999938964844,359.6700134277344,127.04499816894533,20.700000762939453,293.1099853515625,163.10049438476562,137.56500244140625
2021-10-07,92.30999755859376,438.6600036621094,362.9700012207031,128.625,21.075000762939453,294.8500061035156,165.1215057373047,139.22500610351562
2021-10-08,94.38999938964844,437.8599853515625,361.1600036621094,127.375,20.83099937438965,294.8500061035156,164.43099975585938,139.78550720214844
2021-10-11,95.29000091552734,434.6900024414063,358.3900146484375,126.61499786376952,20.69499969482422,294.2300109863281,162.31500244140625,138.91400146484375
2021-10-12,95.56999969482422,433.6199951171875,357.1400146484375,125.33499908447266,20.67099952697754,292.8800048828125,162.3665008544922,136.44900512695312
2021-10-13,96.4000015258789,435.1799926757813,360.0,126.40499877929688,20.93899917602539,296.3099975585937,164.21400451660156,137.58200073242188
2021-10-14,95.27999877929688,442.5,366.6300048828125,130.1999969482422,21.746000289916992,302.75,164.9929962158203,141.1510009765625
2021-10-15,95.33000183105467,445.8699951171875,368.9400024414063,131.2899932861328,21.86199951171875,304.2099914550781,170.4510040283203,141.3679962158203
2021-10-18,96.51000213623048,447.1900024414063,372.6499938964844,132.3249969482422,22.222000122070312,307.2900085449219,172.33700561523438,142.7779998779297
2021-10-19,97.05999755859376,450.6400146484375,375.4700012207031,133.83999633789062,22.290000915527344,308.2300109863281,172.20750427246094,143.23699951171875
2021-10-20,96.63999938964844,452.4100036621094,374.9800109863281,133.25,22.10300064086914,307.4100036621094,170.7530059814453,141.7689971923828
2021-10-21,96.3000030517578,453.5899963378906,377.2699890136719,134.77000427246094,22.691999435424805,310.760009765625,171.75050354003906,141.88600158691406
2021-10-22,98.25,453.1199951171875,374.1000061035156,133.5800018310547,22.72599983215332,309.1600036621094,166.77749633789062,137.56649780273438
2021-10-25,97.88999938964844,455.5499877929688,377.9299926757813,134.2550048828125,23.166000366210938,308.1300048828125,166.01849365234375,137.44700622558594
2021-10-26,96.9800033569336,455.9599914550781,379.1199951171875,135.02000427246094,24.71699905395508,310.1099853515625,168.80349731445312,139.30850219726562
2021-10-27,96.02999877929688,453.9400024414063,380.0,133.8800048828125,24.451000213623047,323.1700134277344,169.62449645996094,146.21749877929688
2021-10-28,96.2300033569336,458.3200073242188,384.2200012207031,136.42999267578125,24.94099998474121,324.3500061035156,172.32850646972656,145.8489990234375
2021-10-29,95.94000244140624,459.25,386.1099853515625,136.82000732421875,25.566999435424805,331.6199951171875,168.6215057373047,148.04600524902344
2021-11-01,94.37999725341795,460.0400085449219,387.4299926757813,138.38999938964844,25.82699966430664,329.3699951171875,165.90550231933594,143.4969940185547
2021-11-02,95.87000274658205,461.8999938964844,389.0499877929688,139.9149932861328,26.400999069213867,333.1300048828125,165.6374969482422,145.4324951171875
2021-11-03,96.1500015258789,464.7200012207031,393.1799926757813,141.3000030517578,26.597999572753903,334.0,169.1999969482422,146.59800720214844
2021-11-04,95.62999725341795,466.9100036621094,398.2200012207031,147.14999389648438,29.801000595092773,336.44000244140625,173.85000610351562,148.2675018310547
2021-11-05,94.9499969482422,468.5299987792969,398.6000061035156,148.3000030517578,29.75200080871582,336.0599975585937,175.94949340820312,148.8520050048828
2021-11-08,95.13999938964844,468.9299926757813,398.05999755859375,150.97000122070312,30.804000854492188,336.989990234375,174.44900512695312,149.031005859375
2021-11-09,94.58999633789062,467.3800048828125,395.3200073242188,151.1699981689453,30.65699958801269,335.95001220703125,178.81149291992188,148.9185028076172
2021-11-10,93.83000183105467,463.6199951171875,389.510009765625,146.39999389648438,29.458999633789062,330.79998779296875,174.1024932861328,145.89349365234375
2021-11-11,94.04000091552734,463.7699890136719,390.5899963378906,149.03500366210938,30.38999938964844,332.42999267578125,173.625,145.76649475097656
2021-11-12,93.54000091552734,467.2699890136719,394.7000122070313,150.5500030517578,30.38999938964844,336.7200012207031,176.25750732421875,148.67799377441406
2021-11-15,94.0199966430664,467.4299926757813,394.6099853515625,150.35000610351562,30.024999618530277,336.07000732421875,177.28399658203125,148.45199584960938
2021-11-16,95.61000061035156,469.2799987792969,397.4200134277344,152.3000030517578,30.202999114990234,339.510009765625,177.03500366210938,147.87600708007812
2021-11-17,95.33000183105467,468.1400146484375,397.6300048828125,151.39500427246094,29.26099967956543,339.1199951171875,177.4499969482422,148.0469970703125
2021-11-18,94.66000366210938,469.7300109863281,401.75,155.1199951171875,31.674999237060547,341.2699890136719,184.8029937744141,149.8385009765625
2021-11-19,93.97000122070312,468.8900146484375,403.989990234375,156.10000610351562,32.98500061035156,343.1099853515625,183.82850646972656,148.92649841308594
2021-11-22,94.61000061035156,467.5700073242188,399.2999877929688,153.7449951171875,31.95599937438965,339.8299865722656,178.6284942626953,146.302001953125
2021-11-23,92.94000244140624,468.1900024414063,397.4800109863281,152.6300048828125,31.746000289916992,337.67999267578125,179.0019989013672,145.78199768066406
2021-11-24,93.58000183105467,469.4400024414063,398.760009765625,154.1699981689453,32.67399978637695,337.9100036621094,179.02049255371094,146.1199951171875
2021-11-26,92.33000183105467,458.9700012207031,391.2000122070313,149.6999969482422,31.50300025939941,329.67999267578125,175.22799682617188,142.18299865722656
2021-11-29,92.94000244140624,464.6000061035156,399.6900024414063,155.7100067138672,33.375999450683594,336.6300048828125,178.07850646972656,145.53050231933594
2021-11-30,90.73999786376952,455.55999755859375,393.8200073242188,152.4499969482422,32.67599868774414,330.5899963378906,175.35350036621094,141.8975067138672
2021-12-01,89.75,450.5,387.1199951171875,151.91000366210938,31.434999465942383,330.0799865722656,172.18600463867188,141.05149841308594
2021-12-02,89.98999786376953,457.3999938964844,389.9100036621094,152.30499267578125,32.125999450683594,329.489990234375,171.8679962158203,142.96600341796875
2021-12-03,88.23999786376953,453.4200134277344,383.1300048828125,150.5749969482422,30.69300079345703,323.010009765625,169.489501953125,142.00149536132812
2021-12-06,88.94000244140625,458.7900085449219,386.2000122070313,150.0,30.03700065612793,326.19000244140625,171.36849975585938,143.15499877929688
2021-12-07,90.05000305175781,468.2799987792969,397.8299865722656,157.27499389648438,32.426998138427734,334.9200134277344,176.1645050048828,147.26950073242188
2021-12-08,88.94000244140625,469.5199890136719,399.6099853515625,156.59500122070312,31.826000213623047,334.9700012207031,176.1580047607422,148.18649291992188
2021-12-09,88.7699966430664,466.3500061035156,393.7300109863281,152.80499267578125,30.489999771118164,333.1000061035156,174.17100524902344,147.6385040283203
2021-12-10,102.62999725341795,470.739990234375,398.010009765625,153.77499389648438,30.197999954223636,342.5400085449219,172.21200561523438,148.00149536132812
2021-12-13,100.88999938964844,466.5700073242188,392.260009765625,149.78500366210938,28.160999298095703,339.3999938964844,169.5675048828125,145.82650756835938
2021-12-14,99.88999938964844,463.3599853515625,388.2000122070313,148.9199981689453,28.33699989318848,328.3399963378906,169.0915069580078,143.90699768066406
2021-12-15,103.6500015258789,470.6000061035156,397.0499877929688,155.0800018310547,30.458999633789062,334.6499938964844,173.31500244140625,146.4409942626953
2021-12-16,103.22000122070312,466.4500122070313,386.8399963378906,148.33999633789062,28.386999130249023,324.8999938964844,168.87100219726562,144.44500732421875
2021-12-17,96.62000274658205,459.8699951171875,384.9100036621094,147.64500427246094,27.801000595092773,323.79998779296875,170.0175018310547,141.72500610351562
2021-12-20,91.63999938964844,454.9800109863281,380.6900024414063,145.7550048828125,27.7189998626709,319.9100036621094,167.07899475097656,141.60699462890625
2021-12-21,91.51000213623048,463.05999755859375,389.2099914550781,151.02000427246094,29.075000762939453,327.2900085449219,170.41700744628906,143.47250366210938
2021-12-22,89.86000061035156,467.6900024414063,393.9500122070313,152.81500244140625,29.399999618530277,333.20001220703125,171.03700256347656,146.4149932861328
2021-12-23,89.72000122070312,470.6000061035156,396.9200134277344,154.1300048828125,29.63999938964844,334.69000244140625,171.06849670410156,146.91650390625
2021-12-27,89.54000091552734,477.260009765625,403.4800109863281,158.27999877929688,30.94499969482422,342.45001220703125,169.66949462890625,147.906494140625
2021-12-28,88.6500015258789,476.8699951171875,401.6099853515625,156.72000122070312,30.32200050354004,341.25,170.66099548339844,146.68699645996094
2021-12-29,88.20999908447266,477.4800109863281,401.5499877929688,156.69500732421875,30.000999450683597,341.95001220703125,169.2010040283203,146.65499877929688
2021-12-30,88.01000213623047,476.1600036621094,400.3500061035156,154.9149932861328,29.586000442504883,339.32000732421875,168.64450073242188,146.20050048828125
2021-12-31,87.20999908447266,474.9599914550781,397.8500061035156,154.39500427246094,29.410999298095703,336.32000732421875,166.7169952392578,144.8520050048828
2022-01-03,87.9000015258789,477.7099914550781,401.6799926757813,157.8000030517578,30.121000289916992,334.75,170.4044952392578,144.9915008544922
2022-01-04,88.83999633789062,477.5499877929688,396.4700012207031,156.97999572753906,29.290000915527344,329.010009765625,167.52200317382812,144.39950561523438
2022-01-05,86.45999908447266,468.3800048828125,384.2900085449219,151.59500122070312,27.60400009155273,316.3800048828125,164.35699462890625,137.77499389648438
2022-01-06,86.33999633789062,467.9400024414063,384.0199890136719,153.10000610351562,28.17799949645996,313.8800048828125,163.25399780273438,137.74749755859375
2022-01-07,87.51000213623047,466.0899963378906,379.8599853515625,148.44500732421875,27.246999740600582,314.0400085449219,162.5540008544922,137.01699829101562
2022-01-10,89.27999877929688,465.510009765625,380.1099853515625,148.63499450683594,27.399999618530277,314.2699890136719,161.48599243164062,138.66949462890625
2022-01-11,88.4800033569336,469.75,385.8200073242188,151.63499450683594,27.816999435424805,314.9800109863281,165.36199951171875,139.73599243164062
2022-01-12,88.30999755859375,471.0199890136719,387.3500061035156,152.92999267578125,27.999000549316406,318.2699890136719,165.20700073242188,141.4304962158203
2022-01-13,87.79000091552734,464.5299987792969,377.6600036621094,150.27000427246094,26.575000762939453,304.79998779296875,161.21400451660156,138.58700561523438
2022-01-14,87.69000244140625,464.7200012207031,380.010009765625,153.4550018310547,26.941999435424805,310.20001220703125,162.13800048828125,139.48049926757812
2022-01-18,85.55000305175781,456.489990234375,370.5499877929688,146.58999633789062,25.902999877929688,302.6499938964844,158.91749572753906,135.9980010986328
2022-01-19,83.37999725341797,451.75,366.4800109863281,142.5399932861328,25.066999435424805,303.3299865722656,156.2989959716797,135.1165008544922
2022-01-20,82.72000122070312,446.75,361.7200012207031,138.1750030517578,24.149999618530277,301.6000061035156,151.66749572753906,133.3074951171875
2022-01-21,82.22000122070312,437.9800109863281,351.69000244140625,135.875,23.374000549316406,296.0299987792969,142.64300537109375,130.35150146484375
2022-01-24,82.41999816894531,439.8399963378906,353.29998779296875,137.61500549316406,23.371999740600582,296.3699951171875,144.54400634765625,130.8040008544922
2022-01-25,81.06999969482422,434.4700012207031,345.1099853515625,132.1649932861328,22.323999404907227,288.489990234375,139.98599243164062,126.93499755859376
2022-01-26,79.58999633789062,433.3800048828125,344.57000732421875,134.07000732421875,22.77199935913086,296.7099914550781,138.87249755859375,129.23300170898438
2022-01-27,79.77999877929688,431.239990234375,341.1000061035156,128.34500122070312,21.944000244140625,299.8399963378906,139.6374969482422,129.0050048828125
2022-01-28,80.4800033569336,441.9500122070313,351.79998779296875,130.84500122070312,22.84000015258789,308.260009765625,143.97799682617188,133.3509979248047
2022-01-31,81.16000366210938,449.9100036621094,363.0499877929688,137.6999969482422,24.48600006103516,310.9800109863281,149.57350158691406,135.30349731445312
2022-02-01,81.04000091552734,452.9500122070313,365.5199890136719,138.2899932861328,24.63800048828125,308.760009765625,151.19349670410156,137.6439971923828
2022-02-02,82.5,457.3500061035156,368.489990234375,141.82000732421875,25.242000579833984,313.4599914550781,150.6125030517578,148.0
2022-02-03,81.94000244140625,446.6000061035156,353.54998779296875,135.52999877929688,23.947999954223636,301.25,138.8455047607422,143.08999633789062
2022-02-04,82.11000061035156,448.7000122070313,358.010009765625,136.26499938964844,24.319000244140625,305.94000244140625,157.63949584960938,143.29299926757812
2022-02-07,80.73999786376953,447.260009765625,355.1300048828125,136.47999572753906,24.72800064086914,300.95001220703125,157.9355010986328,139.2010040283203
2022-02-08,80.79000091552734,450.9400024414063,359.1199951171875,139.27499389648438,25.107999801635746,304.5599975585937,161.4134979248047,139.3990020751953
2022-02-09,83.44999694824219,457.5400085449219,366.7300109863281,144.125,26.70499992370605,311.2099914550781,161.1894989013672,141.5919952392578
2022-02-10,81.8499984741211,449.3200073242188,358.42999267578125,139.80999755859375,25.823999404907227,302.3800048828125,159.0034942626953,138.6199951171875
2022-02-11,79.75,440.4599914550781,347.0599975585937,132.625,23.948999404907227,295.0400085449219,153.2935028076172,134.28250122070312
2022-02-14,78.94999694824219,439.0199890136719,347.489990234375,132.53500366210938,24.267000198364254,295.0,155.16700744628906,135.5260009765625
2022-02-15,79.7699966430664,446.1000061035156,356.1300048828125,139.7449951171875,26.4950008392334,300.4700012207031,156.510498046875,136.60850524902344
2022-02-16,79.19000244140625,446.6000061035156,356.0400085449219,139.71499633789062,26.51099967956543,299.5,158.10049438476562,137.73800659179688
2022-02-17,75.52999877929688,437.05999755859375,345.45001220703125,134.11500549316406,24.506999969482425,290.7300109863281,154.65249633789062,132.53900146484375
2022-02-18,74.56999969482422,434.2300109863281,341.510009765625,132.625,23.642000198364254,287.92999267578125,152.60150146484375,130.4029998779297
2022-02-22,74.12000274658203,429.5700073242188,338.0799865722656,131.71499633789062,23.38999938964844,287.7200012207031,150.19749450683594,129.81350708007812
2022-02-23,72.47000122070312,421.9500122070313,329.4200134277344,128.9550018310547,22.386999130249023,280.2699890136719,144.82699584960938,127.58799743652344
2022-02-24,74.80999755859375,428.2999877929688,340.489990234375,133.3800048828125,23.74799919128418,294.5899963378906,151.35800170898438,132.6909942626953
2022-02-25,76.3499984741211,437.75,345.7699890136719,135.24000549316406,24.15699958801269,297.3099975585937,153.7884979248047,134.45950317382812
2022-02-28,75.97000122070312,436.6300048828125,346.79998779296875,134.0749969482422,24.38500022888184,298.7900085449219,153.56300354003906,135.0570068359375
2022-03-01,76.01000213623047,429.9800109863281,341.489990234375,129.84500122070312,23.476999282836918,294.95001220703125,151.14199829101562,134.06149291992188
2022-03-02,78.27999877929688,437.8900146484375,347.2200012207031,134.09500122070312,24.21999931335449,300.19000244140625,152.05250549316406,134.57150268554688
2022-03-03,78.25,435.7099914550781,342.260009765625,131.2050018310547,23.714000701904297,295.9200134277344,147.89849853515625,133.89950561523438
2022-03-04,76.48999786376953,432.1700134277344,337.29998779296875,127.6750030517578,22.93600082397461,289.8599853515625,145.64100646972656,131.906494140625
2022-03-07,74.31999969482422,419.4299926757813,324.8599853515625,121.31999969482422,21.351999282836918,278.9100036621094,137.4530029296875,126.37850189208984
2022-03-08,73.33000183105469,416.25,323.3500061035156,123.1500015258789,21.513999938964844,275.8500061035156,136.01449584960938,127.10449981689452
2022-03-09,76.0999984741211,427.4100036621094,334.989990234375,128.5,23.013999938964844,288.5,139.2790069580078,133.4199981689453
2022-03-10,76.6500015258789,425.4800109863281,331.2699890136719,125.72000122070312,22.65800094604492,285.5899963378906,146.8175048828125,132.42950439453125
2022-03-11,77.81999969482422,420.0700073242188,324.3999938964844,122.8949966430664,22.100000381469727,280.07000732421875,145.52450561523438,129.87049865722656
2022-03-14,77.06999969482422,417.0,318.1700134277344,119.34500122070312,21.32999992370605,276.44000244140625,141.85299682617188,125.95099639892578
2022-03-15,80.5999984741211,426.1700134277344,328.1499938964844,124.34500122070312,22.972999572753903,287.1499938964844,147.3665008544922,129.197998046875
2022-03-16,79.95999908447266,435.6199951171875,340.32000732421875,130.92999267578125,24.496000289916992,294.3900146484375,153.10400390625,133.28050231933594
2022-03-17,80.5999984741211,441.0700073242188,344.44000244140625,131.75,24.766000747680664,295.2200012207031,157.23899841308594,133.83900451660156
2022-03-18,81.68000030517578,444.5199890136719,351.489990234375,134.59500122070312,26.452999114990234,300.42999267578125,161.25050354003906,136.12550354003906
2022-03-21,80.95999908447266,444.3900146484375,350.0799865722656,134.27999877929688,26.733999252319336,299.1600036621094,161.4915008544922,136.10150146484375
2022-03-22,81.80000305175781,449.5899963378906,356.9599914550781,135.2050018310547,26.52400016784668,304.0599975585937,164.88900756835938,139.8679962158203
2022-03-23,80.38999938964844,443.7999877929688,351.8299865722656,131.8249969482422,25.63400077819824,299.489990234375,163.4080047607422,138.27549743652344
2022-03-24,82.23999786376953,450.489990234375,359.6499938964844,138.24000549316406,28.149999618530277,304.1000061035156,163.64950561523438,141.57200622558594
2022-03-25,81.7300033569336,452.6900024414063,359.3500061035156,137.6649932861328,27.691999435424805,303.67999267578125,164.77349853515625,141.67300415039062
2022-03-28,83.5999984741211,455.9100036621094,364.9100036621094,138.6649932861328,28.2189998626709,310.70001220703125,168.99049377441406,141.45550537109375
2022-03-29,84.29000091552734,461.5499877929688,371.1900024414063,141.8000030517578,28.6560001373291,315.4100036621094,169.31500244140625,142.5054931640625
2022-03-30,83.36000061035156,458.7000122070313,367.0899963378906,137.68499755859375,27.690000534057617,313.8599853515625,166.30099487304688,141.93850708007812
2022-03-31,82.7300033569336,451.6400146484375,362.5400085449219,134.89500427246094,27.285999298095703,308.3099975585937,162.99749755859375,139.0675048828125
2022-04-01,82.01000213623047,452.9200134277344,361.8500061035156,132.7100067138672,26.71199989318848,309.4200134277344,163.55999755859375,140.15049743652344
2022-04-04,84.06999969482422,456.7999877929688,369.2999877929688,134.89999389648438,27.36000061035156,314.9700012207031,168.34649658203125,142.97149658203125
2022-04-05,82.94000244140625,451.0299987792969,361.1000061035156,129.0800018310547,25.93099975585937,310.8800048828125,164.05499267578125,140.59100341796875
2022-04-06,82.12000274658203,446.5199890136719,353.260009765625,126.41000366210938,24.40699958801269,299.5,158.75599670410156,136.54800415039062
2022-04-07,81.54000091552734,448.7699890136719,354.1000061035156,126.43000030517578,24.20800018310547,301.3699951171875,157.7845001220703,135.8885040283203
2022-04-08,80.94000244140625,447.5700073242188,349.1499938964844,123.4250030517578,23.11899948120117,296.9700012207031,154.4604949951172,133.28750610351562
2022-04-11,79.76000213623047,439.9200134277344,340.8900146484375,120.6500015258789,21.91699981689453,285.260009765625,151.1219940185547,128.82350158691406
2022-04-12,79.33000183105469,438.2900085449219,339.45001220703125,120.0,21.503999710083008,282.0599975585937,150.78750610351562,127.7145004272461
2022-04-13,79.75,443.30999755859375,346.3500061035156,122.8499984741211,22.202999114990234,287.6199951171875,155.54100036621094,129.8939971923828
2022-04-14,79.44999694824219,437.7900085449219,338.42999267578125,119.11000061035156,21.257999420166016,279.8299865722656,151.7064971923828,126.7300033569336
2022-04-18,78.22000122070312,437.9700012207031,338.69000244140625,121.1500015258789,21.78300094604492,280.5199890136719,152.78500366210938,127.67649841308594
2022-04-19,79.55999755859375,445.0400085449219,346.260009765625,123.7300033569336,22.197999954223636,285.29998779296875,158.11549377441406,130.00900268554688
2022-04-20,80.29000091552734,444.7099914550781,341.2099914550781,123.50499725341795,21.48200035095215,286.3599853515625,153.9980010986328,128.0399932861328
2022-04-21,79.4800033569336,438.05999755859375,334.1499938964844,120.12000274658205,20.183000564575195,280.8099975585937,148.29600524902344,124.8144989013672
2022-04-22,76.20999908447266,426.0400085449219,325.3999938964844,117.36499786376952,19.51499938964844,274.0299987792969,144.35000610351562,119.635498046875
2022-04-25,76.9800033569336,428.510009765625,329.5799865722656,119.3949966430664,19.902000427246094,280.7200012207031,146.07400512695312,123.0739974975586
2022-04-26,74.51000213623047,416.1000061035156,317.1400146484375,114.30500030517578,18.788000106811523,270.2200012207031,139.39100646972656,118.6500015258789
2022-04-27,74.76000213623047,417.2699890136719,316.760009765625,113.75499725341795,18.415000915527344,283.2200012207031,138.16700744628906,114.29450225830078
2022-04-28,76.13999938964844,427.80999755859375,328.010009765625,120.25,19.78199958801269,289.6300048828125,144.59649658203125,118.52249908447266
2022-04-29,73.4000015258789,412.0,313.25,114.9250030517578,18.54700088500977,277.5199890136719,124.28150177001952,114.1094970703125
2022-05-02,74.0,414.4800109863281,318.4800109863281,118.2699966430664,19.53300094604492,284.4700012207031,124.5,116.58300018310548
2022-05-03,73.29000091552734,416.3800048828125,318.82000732421875,119.23999786376952,19.601999282836918,281.7799987792969,124.25350189208984,117.33399963378906
2022-05-04,75.20999908447266,429.05999755859375,329.6000061035156,123.33000183105467,20.333999633789062,289.9800109863281,125.92849731445312,122.26100158691406
2022-05-05,72.80000305175781,413.80999755859375,313.0,117.54000091552734,18.8439998626709,277.3500061035156,116.40699768066406,116.50550079345705
2022-05-06,72.48999786376953,411.3399963378906,309.25,116.33499908447266,18.674999237060547,274.7300109863281,114.77249908447266,115.74649810791016
2022-05-09,71.54000091552734,398.1700134277344,297.1499938964844,110.44499969482422,16.950000762939453,264.5799865722656,108.78900146484376,112.51100158691406
2022-05-10,72.52999877929688,399.0899963378906,300.760009765625,113.3000030517578,17.594999313354492,269.5,108.85900115966795,114.3949966430664
2022-05-11,71.02999877929688,392.75,291.8399963378906,109.8249969482422,16.6299991607666,260.54998779296875,105.37200164794922,113.60250091552734
2022-05-12,70.7300033569336,392.3399963378906,291.1499938964844,110.34500122070312,16.174999237060547,255.3500061035156,106.93049621582033,112.84400177001952
2022-05-13,71.16999816894531,401.7200012207031,301.94000244140625,116.12999725341795,17.70599937438965,261.1199951171875,113.05500030517578,116.05049896240234
2022-05-16,69.70999908447266,400.0899963378906,298.44000244140625,114.25499725341795,17.263999938964844,261.5,110.8105010986328,114.44499969482422
2022-05-17,71.87999725341797,408.3200073242188,306.1700134277344,119.72000122070312,18.177000045776367,266.82000732421875,115.36849975585938,116.4729995727539
2022-05-18,68.30000305175781,391.8599853515625,291.1400146484375,114.0,16.937999725341797,254.0800018310547,107.1125030517578,111.89949798583984
2022-05-19,67.04000091552734,389.4599914550781,289.5799865722656,114.02999877929688,17.124000549316406,253.13999938964844,107.31900024414062,110.38400268554688
2022-05-20,68.62999725341797,389.6300048828125,288.67999267578125,114.08499908447266,16.694000244140625,252.55999755859372,107.59100341796876,108.90799713134766
2022-05-23,70.04000091552734,396.9200134277344,293.4800109863281,115.0,16.898000717163086,260.6499938964844,107.55699920654295,111.48799896240234
2022-05-24,69.02999877929688,393.8900146484375,287.239990234375,111.96499633789062,16.15399932861328,259.6199951171875,104.0999984741211,105.97000122070312
2022-05-25,69.83000183105469,397.3699951171875,291.260009765625,114.29499816894533,16.975000381469727,262.5199890136719,106.7750015258789,105.80500030517578
2022-05-26,71.66000366210938,405.30999755859375,299.3299865722656,118.11499786376952,17.85099983215332,265.8999938964844,111.07749938964844,107.7925033569336
2022-05-27,72.77999877929688,415.260009765625,309.1000061035156,122.8000030517578,18.81100082397461,273.239990234375,115.14649963378906,112.31649780273438
2022-05-31,71.91999816894531,412.9299926757813,308.2799987792969,122.29000091552734,18.67200088500977,271.8699951171875,120.20950317382812,113.76200103759766
2022-06-01,71.5999984741211,409.5899963378906,306.0,120.27999877929688,18.31999969482422,272.4200134277344,121.68399810791016,113.89199829101562
2022-06-02,73.13999938964844,417.3900146484375,314.3800048828125,124.52999877929688,19.59199905395508,274.5799865722656,125.51100158691406,117.62249755859376
2022-06-03,71.79000091552734,410.5400085449219,306.20001220703125,120.86000061035156,18.71999931335449,270.0199890136719,122.3499984741211,114.54100036621094
2022-06-06,72.97000122070312,411.7900085449219,307.2200012207031,120.95999908447266,18.785999298095703,268.75,124.79000091552734,116.82050323486328
2022-06-07,72.69000244140625,415.739990234375,309.8699951171875,121.9250030517578,18.926000595092773,272.5,123.0,117.14949798583984
2022-06-08,71.37999725341797,411.2200012207031,307.6400146484375,119.38500213623048,18.64800071716309,270.4100036621094,121.18000030517578,117.19400024414062
2022-06-09,69.22000122070312,401.4400024414063,299.3999938964844,116.20999908447266,18.04800033569336,264.7900085449219,116.1500015258789,114.83550262451172
2022-06-10,67.13999938964844,389.7999877929688,288.8399963378906,111.91000366210938,16.974000930786133,252.9900054931641,109.6500015258789,111.1614990234375
2022-06-13,64.05000305175781,375.0,275.4100036621094,105.69000244140624,15.647000312805176,242.25999450683597,103.66999816894533,106.39250183105467
2022-06-14,70.72000122070312,373.8699951171875,275.9100036621094,106.46499633789062,15.836000442504885,244.4900054931641,102.30999755859376,106.71549987792967
2022-06-15,69.69999694824219,379.2000122070313,282.79998779296875,108.41500091552734,16.527000427246094,251.75999450683597,107.66999816894533,109.7645034790039
2022-06-16,68.70999908447266,366.6499938964844,271.3900146484375,101.98999786376952,15.60099983215332,244.97000122070312,103.66000366210938,106.03350067138672
2022-06-17,67.72000122070312,365.8599853515625,274.69000244140625,102.8249969482422,15.880000114440918,247.6499938964844,106.22000122070312,107.14350128173828
2022-06-21,67.68000030517578,375.0700073242188,281.0799865722656,105.73999786376952,16.56599998474121,253.7400054931641,108.68000030517578,111.54399871826172
2022-06-22,66.52999877929688,374.3900146484375,280.6700134277344,104.25,16.360000610351562,253.1300048828125,108.9499969482422,111.4875030517578
2022-06-23,67.62999725341797,378.05999755859375,284.8500061035156,103.70999908447266,16.225000381469727,258.8599853515625,112.44000244140624,112.24199676513672
2022-06-24,70.69999694824219,390.0799865722656,294.6099853515625,108.08000183105467,17.125999450683594,267.70001220703125,116.45999908447266,117.9749984741211
2022-06-27,70.41000366210938,388.5899963378906,292.45001220703125,107.72000122070312,16.868999481201172,264.8900146484375,113.22000122070312,115.83350372314452
2022-06-28,68.58000183105469,380.6499938964844,283.5400085449219,105.00499725341795,15.982000350952148,256.4800109863281,107.4000015258789,112.00749969482422
2022-06-29,69.20999908447266,380.3399963378906,283.79998779296875,103.15499877929688,15.541999816894531,260.260009765625,108.91999816894533,111.70149993896484
2022-06-30,69.87000274658203,377.25,280.2799987792969,101.86499786376952,15.159000396728516,256.8299865722656,106.20999908447266,108.96299743652344
2022-07-01,70.87000274658203,381.239990234375,282.1300048828125,97.99500274658205,14.52299976348877,259.5799865722656,109.55999755859376,108.7375030517578
2022-07-05,71.98999786376953,381.9599914550781,286.9599914550781,98.51000213623048,14.96399974822998,262.8500061035156,113.5,113.26300048828124
2022-07-06,71.66000366210938,383.25,288.79998779296875,99.18000030517578,15.130000114440918,266.2099914550781,114.33000183105467,114.5719985961914
2022-07-07,71.83000183105469,388.989990234375,294.9800109863281,103.76000213623048,15.857999801635742,268.3999938964844,116.33000183105467,118.78299713134766
2022-07-08,71.87000274658203,388.6700134277344,295.3500061035156,104.31999969482422,15.838000297546388,267.6600036621094,115.54000091552734,119.35350036621094
2022-07-11,71.56999969482422,384.2300109863281,289.0400085449219,101.81999969482422,15.152000427246094,264.510009765625,111.75,115.67649841308594
2022-07-12,70.41000366210938,380.8299865722656,286.239990234375,101.77999877929688,15.08199977874756,253.6699981689453,109.22000122070312,114.02050018310548
2022-07-13,70.02999877929688,378.8299865722656,285.6499938964844,102.58499908447266,15.163999557495115,252.72000122070312,110.4000015258789,111.35350036621094
2022-07-14,69.44999694824219,377.9100036621094,286.6700134277344,104.75,15.371999740600586,254.0800018310547,110.62999725341795,110.36750030517578
2022-07-15,70.73999786376953,385.1300048828125,291.8699951171875,107.3949966430664,15.76200008392334,256.7200012207031,113.5500030517578,111.77749633789062
2022-07-18,70.20999908447266,381.9500122070313,289.3999938964844,106.5999984741211,16.10099983215332,254.25,113.76000213623048,109.02999877929688
2022-07-19,72.23999786376953,392.2699890136719,298.29998779296875,111.47000122070312,16.992000579833984,259.5299987792969,118.20999908447266,113.80999755859376
2022-07-20,72.58999633789062,394.7699890136719,303.0299987792969,114.09500122070312,17.80699920654297,262.2699890136719,122.7699966430664,113.9000015258789
2022-07-21,74.54000091552734,398.7900085449219,307.3800048828125,116.01000213623048,18.049999237060547,264.8399963378906,124.62999725341795,114.33999633789062
2022-07-22,74.9000015258789,395.0899963378906,301.989990234375,113.38500213623048,17.319000244140625,260.3599853515625,122.41999816894533,107.9000015258789
2022-07-25,74.86000061035156,395.5700073242188,300.2699890136719,112.68499755859376,17.02400016784668,258.8299865722656,121.13999938964844,107.51000213623048
2022-07-26,74.02999877929688,390.8900146484375,294.3699951171875,110.98500061035156,16.533000946044922,251.8999938964844,114.80999755859376,105.0199966430664
2022-07-27,75.87000274658203,401.0400085449219,306.8099975585937,116.18000030517578,17.790000915527344,268.739990234375,120.97000122070312,113.05999755859376
2022-07-28,77.04000091552734,406.0700073242188,309.8099975585937,117.5999984741211,17.983999252319336,276.4100036621094,122.27999877929688,114.22000122070312
2022-07-29,77.83999633789062,411.989990234375,315.4599914550781,118.58000183105467,18.163000106811523,280.739990234375,134.9499969482422,116.31999969482422
2022-08-01,77.44000244140625,410.7699890136719,315.2699890136719,118.81999969482422,18.44099998474121,278.010009765625,135.38999938964844,114.86000061035156
2022-08-02,76.3499984741211,408.05999755859375,314.3299865722656,118.5749969482422,18.525999069213867,274.82000732421875,134.16000366210938,115.12999725341795
2022-08-03,77.37000274658203,414.4500122070313,322.8900146484375,121.41000366210938,18.89299964904785,282.4700012207031,139.52000427246094,118.08000183105467
2022-08-04,77.4000015258789,414.1700134277344,324.3999938964844,122.6449966430664,19.21500015258789,283.6499938964844,142.57000732421875,118.19000244140624
2022-08-05,77.3499984741211,413.4700012207031,321.75,121.80999755859376,18.98900032043457,282.9100036621094,140.8000030517578,117.47000122070312
2022-08-08,76.47000122070312,412.989990234375,320.7099914550781,119.70500183105467,17.792999267578125,280.32000732421875,139.41000366210938,117.3000030517578
2022-08-09,76.7699966430664,411.3500061035156,317.0799865722656,114.69499969482422,17.086000442504883,282.29998779296875,137.8300018310547,116.62999725341795
2022-08-10,77.54000091552734,419.989990234375,325.92999267578125,119.33999633789062,18.097000122070312,289.1600036621094,142.69000244140625,119.6999969482422
2022-08-11,77.16000366210938,419.989990234375,324.0799865722656,119.31500244140624,17.941999435424805,287.0199890136719,140.63999938964844,118.83999633789062
2022-08-12,79.1500015258789,427.1000061035156,330.3900146484375,122.68499755859376,18.708999633789062,291.9100036621094,143.5500030517578,121.68000030517578
2022-08-15,79.11000061035156,428.8599853515625,333.0599975585937,123.23999786376952,19.03199958801269,293.4700012207031,143.17999267578125,122.08000183105467
2022-08-16,79.5199966430664,429.7000122070313,332.2799987792969,121.8499984741211,18.878999710083008,292.7099914550781,144.77999877929688,121.6999969482422
2022-08-17,79.25,426.6499938964844,328.489990234375,119.23500061035156,18.334999084472656,291.32000732421875,142.10000610351562,119.5500030517578
2022-08-18,79.31999969482422,427.8900146484375,329.2799987792969,120.9000015258789,18.77300071716309,290.1700134277344,142.3000030517578,120.16999816894533
2022-08-19,78.66000366210938,422.1400146484375,322.8599853515625,117.49500274658205,17.849000930786133,286.1499938964844,138.22999572753906,117.20999908447266
2022-08-22,76.45999908447266,413.3500061035156,314.3599853515625,113.4000015258789,17.034000396728516,277.75,133.22000122070312,114.23999786376952
2022-08-23,76.41000366210938,412.3500061035156,314.1000061035156,114.13500213623048,17.180999755859375,276.44000244140625,133.6199951171875,113.86000061035156
2022-08-24,76.16999816894531,413.6700134277344,315.010009765625,114.05999755859376,17.222000122070312,275.7900085449219,133.8000030517578,113.69000244140624
2022-08-25,76.88999938964844,419.510009765625,320.5799865722656,117.88999938964844,17.913000106811523,278.8500061035156,137.27999877929688,116.6500015258789
2022-08-26,74.6500015258789,405.30999755859375,307.44000244140625,111.33499908447266,16.260000228881836,268.0899963378906,130.75,110.33999633789062
2022-08-29,74.19000244140625,402.6300048828125,304.4100036621094,109.2699966430664,15.800999641418455,265.2300109863281,129.7899932861328,109.41999816894533
2022-08-30,74.13999938964844,398.2099914550781,301.0199890136719,108.0199966430664,15.468000411987305,262.9700012207031,128.72999572753906,108.94000244140624
2022-08-31,74.1500015258789,395.1799926757813,299.2699890136719,107.28500366210938,15.093999862670898,261.4700012207031,126.7699966430664,108.22000122070312
2022-09-01,75.30000305175781,396.4200134277344,299.3999938964844,104.94000244140624,13.937000274658203,260.3999938964844,127.81999969482422,109.73999786376952
2022-09-02,74.68000030517578,392.239990234375,295.1700134277344,103.91000366210938,13.647000312805176,256.0599975585937,127.51000213623048,107.8499984741211
2022-09-06,73.83000183105469,390.760009765625,293.04998779296875,102.75,13.46500015258789,253.25,126.11000061035156,106.80999755859376
2022-09-07,74.48999786376953,397.7799987792969,298.9700012207031,104.38999938964844,13.71399974822998,258.0899963378906,129.47999572753906,109.4499969482422
2022-09-08,74.6500015258789,400.3800048828125,300.5199890136719,105.80500030517578,13.989999771118164,258.5199890136719,129.82000732421875,108.37999725341795
2022-09-09,75.91000366210938,406.6000061035156,307.0899963378906,108.43000030517578,14.38700008392334,264.4599914550781,133.27000427246094,110.6500015258789
2022-09-12,77.08000183105469,410.9700012207031,310.739990234375,108.6999969482422,14.505000114440918,266.6499938964844,136.4499969482422,110.86000061035156
2022-09-13,76.04000091552734,393.1000061035156,293.70001220703125,102.2300033569336,13.130999565124512,251.9900054931641,126.81999969482422,104.31999969482422
2022-09-14,72.12000274658203,394.6000061035156,296.0299987792969,103.33999633789062,13.128000259399414,252.22000122070312,128.5500030517578,105.0
2022-09-15,70.23999786376953,390.1199951171875,291.1000061035156,101.5,12.928999900817873,245.3800048828125,126.27999877929688,102.91000366210938
2022-09-16,68.83000183105469,385.55999755859375,289.32000732421875,101.95500183105467,13.197999954223633,244.7400054931641,123.52999877929688,102.8000030517578
2022-09-19,69.06999969482422,388.5499877929688,291.04998779296875,102.625,13.381999969482422,244.5200042724609,124.66000366210938,103.06999969482422
2022-09-20,68.11000061035156,384.0899963378906,288.7300109863281,101.20500183105467,13.175999641418455,242.4499969482422,122.19000244140624,101.13999938964844
2022-09-21,66.75,377.3900146484375,283.5599975585937,100.36000061035156,13.26099967956543,238.9499969482422,118.54000091552734,99.27999877929688
2022-09-22,66.02999877929688,374.2200012207031,280.07000732421875,97.58000183105467,12.560999870300291,240.97999572753903,117.30999755859376,100.13999938964844
2022-09-23,64.55000305175781,367.9500122070313,275.510009765625,96.18499755859376,12.515999794006348,237.9199981689453,113.77999877929688,98.73999786376952
2022-09-26,63.45000076293945,364.30999755859375,274.3699951171875,95.06500244140624,12.227999687194824,237.4499969482422,115.1500015258789,98.16999816894533
2022-09-27,62.41999816894531,363.3800048828125,274.4800109863281,95.78500366210938,12.413000106811523,236.41000366210935,114.41000366210938,97.5
2022-09-28,63.06999969482422,370.5299987792969,279.94000244140625,97.00499725341795,12.736000061035156,241.07000732421875,118.01000213623048,100.0500030517578
2022-09-29,61.400001525878906,362.7900085449219,271.8699951171875,93.9499969482422,12.220000267028809,237.5,114.8000030517578,97.41999816894533
2022-09-30,61.06999969482422,357.17999267578125,267.260009765625,92.55999755859376,12.138999938964844,232.8999938964844,113.0,95.6500015258789
2022-10-03,63.08000183105469,366.6099853515625,273.5299987792969,95.87999725341795,12.51200008392334,240.7400054931641,115.87999725341795,98.63999938964844
2022-10-04,65.69000244140625,377.9700012207031,282.1300048828125,99.9800033569336,13.166999816894531,248.8800048828125,121.08999633789062,101.63999938964844
2022-10-05,66.63999938964844,377.0899963378906,281.9800109863281,100.97000122070312,13.208999633789062,249.1999969482422,120.9499969482422,101.43000030517578
2022-10-06,65.30000305175781,373.2000122070313,279.760009765625,100.27999877929688,13.130000114440918,246.7899932861328,120.3000030517578,101.41999816894533
2022-10-07,63.290000915527344,362.7900085449219,269.1000061035156,94.3000030517578,12.076000213623049,234.2400054931641,114.55999755859376,98.68000030517578
2022-10-10,62.56999969482422,360.0199890136719,266.4100036621094,91.1500015258789,11.670000076293944,229.25,113.66999816894533,97.86000061035156
2022-10-11,62.40999984741211,357.739990234375,262.75,88.2750015258789,11.586000442504885,225.41000366210935,112.20999908447266,97.18000030517578
2022-10-12,63.77999877929688,356.5599975585937,262.6600036621094,87.74500274658203,11.5,225.75,112.9000015258789,97.55999755859376
2022-10-13,65.19999694824219,365.9700012207031,268.82000732421875,90.43000030517578,11.960000038146973,234.2400054931641,112.52999877929688,99.05999755859376
2022-10-14,64.30999755859375,357.6300048828125,260.739990234375,86.57499694824219,11.22700023651123,228.55999755859372,106.9000015258789,96.55999755859376
2022-10-17,67.0199966430664,366.8200073242188,269.3500061035156,88.625,11.887999534606934,237.52999877929688,113.79000091552734,99.97000122070312
2022-10-18,67.02999877929688,371.1300048828125,271.4800109863281,88.6449966430664,11.967000007629396,238.5,116.36000061035156,100.7699966430664
2022-10-19,66.30000305175781,368.5,270.489990234375,89.36000061035156,12.050999641418455,236.47999572753903,115.06999969482422,99.62999725341795
2022-10-20,69.25,365.4100036621094,269.1099853515625,90.06999969482422,12.194000244140623,236.1499938964844,115.25,99.97000122070312
2022-10-21,72.69999694824219,374.2900085449219,275.4200134277344,93.1750030517578,12.465999603271484,242.1199951171875,119.31999969482422,101.12999725341795
2022-10-24,72.91999816894531,378.8699951171875,278.45001220703125,93.47000122070312,12.598999977111816,247.25,119.81999969482422,102.5199966430664
2022-10-25,73.13999938964844,384.9200134277344,284.2099914550781,94.9499969482422,13.26099967956543,250.66000366210935,120.5999984741211,104.4800033569336
2022-10-26,74.81999969482422,382.0199890136719,277.92999267578125,94.0199966430664,12.895999908447266,231.32000732421875,115.66000366210938,94.93000030517578
2022-10-27,75.1500015258789,379.9800109863281,272.8699951171875,92.84500122070312,13.175999641418455,226.75,110.95999908447266,92.22000122070312
2022-10-28,77.36000061035156,389.0199890136719,281.2200012207031,96.38999938964844,13.833999633789062,235.8699951171875,103.41000366210938,96.29000091552734
2022-10-31,78.06999969482422,386.2099914550781,277.95001220703125,94.61000061035156,13.496999740600586,232.1300048828125,102.44000244140624,94.51000213623048
2022-11-01,77.11000061035156,384.5199890136719,275.1099853515625,95.26499938964844,13.54300022125244,228.1699981689453,96.79000091552734,90.47000122070312
2022-11-02,75.12000274658203,374.8699951171875,265.67999267578125,92.53500366210938,13.218999862670898,220.1000061035156,92.12000274658205,86.97000122070312
2022-11-03,75.02999877929688,371.010009765625,260.489990234375,91.4499969482422,13.42099952697754,214.25,89.30000305175781,83.43000030517578
2022-11-04,76.0,376.3500061035156,264.67999267578125,95.6999969482422,14.156000137329102,221.38999938964844,90.9800033569336,86.58000183105469
2022-11-07,76.73999786376953,379.9500122070313,267.5899963378906,97.58999633789062,14.300999641418455,227.8699951171875,90.52999877929688,88.48999786376953
2022-11-08,75.63999938964844,382.0,269.5400085449219,99.69499969482422,14.60200023651123,228.8699951171875,89.9800033569336,88.9000015258789
2022-11-09,75.66000366210938,374.1300048828125,263.32000732421875,96.98500061035156,13.776000022888184,224.50999450683597,86.13999938964844,87.31999969482422
2022-11-10,77.16999816894531,394.6900024414063,282.75,106.8949966430664,15.75,242.97999572753903,96.62999725341795,93.94000244140624
2022-11-11,77.73999786376953,398.510009765625,287.9599914550781,110.4000015258789,16.32699966430664,247.1100006103516,100.79000091552734,96.41000366210938
2022-11-14,78.52999877929688,395.1199951171875,285.44000244140625,109.3550033569336,16.295000076293945,241.5500030517578,98.48999786376952,95.6999969482422
2022-11-15,79.18000030517578,398.489990234375,289.3900146484375,112.8000030517578,16.666000366210938,241.97000122070312,98.94000244140624,98.44000244140624
2022-11-16,79.88999938964844,395.4500122070313,285.44000244140625,108.73999786376952,15.90999984741211,241.72999572753903,97.12000274658205,98.8499984741211
2022-11-17,79.19999694824219,394.239990234375,284.8099975585937,109.55999755859376,15.677000045776367,241.67999267578125,94.8499984741211,98.36000061035156
2022-11-18,79.7300033569336,396.0299987792969,284.82000732421875,109.76000213623048,15.409000396728516,241.22000122070312,94.13999938964844,97.43000030517578
2022-11-21,79.81999969482422,394.5899963378906,281.8900146484375,107.83999633789062,15.31700038909912,242.0500030517578,92.45999908447266,95.5999984741211
2022-11-22,82.12000274658203,399.8999938964844,285.95001220703125,110.9749984741211,16.038000106811523,245.02999877929688,93.1999969482422,97.0500030517578
2022-11-23,82.55999755859375,402.4200134277344,288.82000732421875,111.94000244140624,16.518999099731445,247.5800018310547,94.12999725341795,98.45999908447266
2022-11-25,82.72000122070312,402.3299865722656,286.9200134277344,110.625,16.270000457763672,247.4900054931641,93.41000366210938,97.45999908447266
2022-11-28,81.38999938964844,395.9100036621094,282.7099914550781,108.01499938964844,15.82699966430664,241.75999450683597,93.9499969482422,96.0500030517578
2022-11-29,80.8499984741211,395.2300109863281,280.57000732421875,107.72000122070312,15.638999938964844,240.3300018310547,92.41999816894533,95.19000244140624
2022-11-30,83.02999877929688,407.6799926757813,293.3599853515625,113.86499786376952,16.92300033569336,255.13999938964844,96.54000091552734,100.98999786376952
2022-12-01,84.11000061035156,407.3800048828125,293.7200012207031,113.5,17.135000228881836,254.69000244140625,95.5,100.98999786376952
2022-12-02,83.3499984741211,406.9100036621094,292.54998779296875,111.94000244140624,16.875999450683594,255.0200042724609,94.12999725341795,100.44000244140624
2022-12-05,79.43000030517578,399.5899963378906,287.6400146484375,110.6050033569336,16.610000610351562,250.1999969482422,91.01000213623048,99.4800033569336
2022-12-06,78.91000366210938,393.8299865722656,281.67999267578125,108.18000030517578,15.987000465393066,245.1199951171875,88.25,96.9800033569336
2022-12-07,78.77999877929688,393.1600036621094,280.5299987792969,108.15499877929688,16.1200008392334,244.3699951171875,88.45999908447266,94.94000244140624
2022-12-08,80.06999969482422,396.239990234375,283.8500061035156,110.91000366210938,17.16900062561035,247.3999938964844,90.3499984741211,93.70999908447266
2022-12-09,79.86000061035156,393.2799987792969,282.0400085449219,110.0199966430664,17.000999450683594,245.4199981689453,89.08999633789062,92.83000183105467
2022-12-12,81.27999877929688,398.9500122070313,285.5799865722656,111.9800033569336,17.53499984741211,252.50999450683597,90.5500030517578,93.30999755859376
2022-12-13,80.55999755859375,401.9700012207031,288.6499938964844,113.84500122070312,18.07200050354004,256.9200134277344,92.48999786376952,95.62999725341795
2022-12-14,81.81999969482422,399.3999938964844,286.510009765625,111.88500213623048,17.673999786376953,257.2200012207031,91.58000183105467,95.06999969482422
2022-12-15,80.06999969482422,389.6300048828125,276.8900146484375,107.625,16.95199966430664,249.00999450683597,88.44999694824219,90.86000061035156
2022-12-16,79.58000183105469,383.2699890136719,274.25,106.79000091552734,16.570999145507812,244.69000244140625,87.86000061035156,90.26000213623048
2022-12-19,80.5,380.0199890136719,269.75,104.33999633789062,16.253999710083008,240.4499969482422,84.91999816894531,88.44000244140625
2022-12-20,80.94000244140625,380.5400085449219,269.5400085449219,103.83000183105467,16.084999084472656,241.8000030517578,85.19000244140625,89.0199966430664
2022-12-21,81.5,386.2300109863281,273.45001220703125,106.1500015258789,16.500999450683594,244.42999267578125,86.7699966430664,89.58000183105469
2022-12-22,80.48999786376953,380.7200012207031,266.760009765625,101.75,15.33899974822998,238.19000244140625,83.79000091552734,87.76000213623047
2022-12-23,80.8499984741211,382.9100036621094,267.3599853515625,101.73999786376952,15.206000328063965,238.72999572753903,85.25,89.2300033569336
2022-12-27,80.9800033569336,381.3999938964844,263.5799865722656,99.91999816894533,14.121000289916992,236.9600067138672,83.04000091552734,87.38999938964844
2022-12-28,80.33000183105469,376.6600036621094,260.1000061035156,98.6500015258789,14.03600025177002,234.52999877929688,81.81999969482422,86.0199966430664
2022-12-29,81.4000015258789,383.4400024414063,266.44000244140625,101.87000274658205,14.602999687194824,241.00999450683597,84.18000030517578,88.44999694824219
2022-12-30,81.73999786376953,382.4299926757813,266.2799987792969,101.47000122070312,14.61400032043457,239.82000732421875,84.0,88.2300033569336
2023-01-03,83.72000122070312,380.8200073242188,264.4800109863281,100.69000244140624,14.3149995803833,239.5800018310547,85.81999969482422,89.12000274658203
2023-01-04,84.4800033569336,383.760009765625,265.739990234375,103.25,14.74899959564209,229.1000061035156,85.13999938964844,88.08000183105469
2023-01-05,84.30999755859375,379.3800048828125,261.5799865722656,101.4000015258789,14.265000343322754,222.30999755859372,83.12000274658203,86.19999694824219
2023-01-06,85.66000366210938,388.0799865722656,268.79998779296875,105.83499908447266,14.859000205993652,224.92999267578125,86.08000183105469,87.33999633789062
2023-01-09,86.41999816894531,387.8599853515625,270.5400085449219,108.13999938964844,15.628000259399414,227.1199951171875,87.36000061035156,88.0199966430664
2023-01-10,86.5,390.5799865722656,272.8299865722656,109.54499816894533,15.909000396728516,228.8500061035156,89.87000274658203,88.41999816894531
2023-01-11,88.5999984741211,395.5199890136719,277.54998779296875,110.83000183105467,16.000999450683594,235.7700042724609,95.08999633789062,91.5199966430664
2023-01-12,88.77999877929688,396.9599914550781,279.04998779296875,112.48999786376952,16.51099967956543,238.50999450683597,95.2699966430664,91.12999725341795
2023-01-13,89.19999694824219,398.5,280.9700012207031,112.8949966430664,16.89900016784668,239.22999572753903,98.12000274658205,92.12000274658205
2023-01-17,88.5999984741211,397.7699890136719,281.5400085449219,113.56500244140624,17.70199966430664,240.3500061035156,96.0500030517578,91.29000091552734
2023-01-18,86.70999908447266,391.489990234375,277.8800048828125,112.8550033569336,17.37700080871582,235.80999755859372,95.45999908447266,91.12000274658205
2023-01-19,85.94000244140625,388.6400146484375,275.1499938964844,110.09500122070312,16.764999389648438,231.92999267578125,93.68000030517578,93.0500030517578
2023-01-20,87.25,395.8800048828125,282.67999267578125,113.6750030517578,17.839000701904297,240.22000122070312,97.25,98.0199966430664
2023-01-23,88.97000122070312,400.6300048828125,288.9599914550781,119.03500366210938,19.19300079345703,242.5800018310547,97.5199966430664,99.79000091552734
2023-01-24,89.69999694824219,400.2000122070313,288.3699951171875,118.19000244140624,19.26499938964844,242.0399932861328,96.31999969482422,97.6999969482422
2023-01-25,89.63999938964844,400.3500061035156,287.7300109863281,118.30999755859376,19.322999954223636,240.6100006103516,97.18000030517578,95.22000122070312
2023-01-26,89.83000183105469,404.75,293.3399963378906,120.43000030517578,19.802000045776367,248.0,99.22000122070312,97.5199966430664
2023-01-27,88.98999786376953,405.6799926757813,296.260009765625,119.63999938964844,20.364999771118164,248.16000366210935,102.23999786376952,99.37000274658205
2023-01-30,87.3499984741211,400.5899963378906,290.2699890136719,116.7750015258789,19.16200065612793,242.7100067138672,100.5500030517578,96.94000244140624
2023-01-31,88.45999908447266,406.4800109863281,294.6199951171875,118.5500030517578,19.53700065612793,247.80999755859372,103.12999725341795,98.83999633789062
2023-02-01,90.05000305175781,410.7999877929688,300.9200134277344,124.13999938964844,20.94300079345703,252.75,105.1500015258789,100.43000030517578
2023-02-02,89.37999725341797,416.7799987792969,311.7200012207031,126.79499816894533,21.708999633789062,264.6000061035156,112.91000366210938,107.73999786376952
2023-02-03,89.62000274658203,412.3500061035156,306.17999267578125,124.46499633789062,21.100000381469727,258.3500061035156,103.38999938964844,104.77999877929688
2023-02-06,88.52999877929688,409.8299865722656,303.5899963378906,122.3949966430664,21.089000701904297,256.7699890136719,102.18000030517578,102.9000015258789
2023-02-07,87.73999786376953,415.1900024414063,309.8800048828125,126.06999969482422,22.17300033569336,267.5599975585937,102.11000061035156,107.63999938964844
2023-02-08,86.69000244140625,410.6499938964844,304.3699951171875,123.5999984741211,22.20499992370605,266.7300109863281,100.0500030517578,99.37000274658205
2023-02-09,86.6500015258789,407.0899963378906,301.67999267578125,124.08999633789062,22.33699989318848,263.6199951171875,98.23999786376952,95.01000213623048
2023-02-10,87.13999938964844,408.0400085449219,299.70001220703125,122.00499725341795,21.26499938964844,263.1000061035156,97.61000061035156,94.56999969482422
2023-02-13,89.41999816894531,412.8299865722656,304.5,123.83999633789062,21.788000106811523,271.32000732421875,99.54000091552734,94.61000061035156
2023-02-14,89.08999633789062,412.6400146484375,306.75,126.50499725341795,22.97100067138672,272.1700134277344,99.6999969482422,94.68000030517578
2023-02-15,88.33999633789062,413.9800109863281,309.1000061035156,126.5,22.763999938964844,269.32000732421875,101.16000366210938,96.94000244140624
2023-02-16,87.72000122070312,408.2799987792969,303.29998779296875,123.06500244140624,22.00200080871582,262.1499938964844,98.1500015258789,95.51000213623048
2023-02-17,87.27999877929688,407.260009765625,301.1600036621094,121.38500213623048,21.38800048828125,258.0599975585937,97.1999969482422,94.3499984741211
2023-02-21,86.19999694824219,399.0899963378906,294.0299987792969,117.69499969482422,20.655000686645508,252.6699981689453,94.58000183105467,91.79000091552734
2023-02-22,86.31999969482422,398.5400085449219,294.25,117.12000274658205,20.753999710083008,251.50999450683597,95.79000091552734,91.6500015258789
2023-02-23,88.58000183105469,400.6600036621094,296.82000732421875,121.2699966430664,23.66399955749512,254.7700042724609,95.81999969482422,90.88999938964844
2023-02-24,88.66000366210938,396.3800048828125,291.8500061035156,119.1050033569336,23.285999298095703,249.22000122070312,93.5,89.12999725341797
2023-02-27,87.95999908447266,397.7300109863281,293.94000244140625,119.63999938964844,23.500999450683597,250.16000366210935,93.76000213623048,89.87000274658203
2023-02-28,87.4000015258789,396.260009765625,293.5599975585937,119.6999969482422,23.215999603271484,249.4199981689453,94.2300033569336,90.05999755859375
2023-03-01,86.33999633789062,394.739990234375,291.20001220703125,119.77999877929688,22.697999954223636,246.2700042724609,92.16999816894533,90.36000061035156
2023-03-02,86.97000122070312,397.80999755859375,293.6099853515625,120.83999633789062,23.31399917602539,251.1100006103516,92.12999725341795,92.0
2023-03-03,89.25,404.1900024414063,299.67999267578125,122.4800033569336,23.88999938964844,255.2899932861328,94.9000015258789,93.6500015258789
2023-03-06,89.73999786376953,404.4700012207031,300.0199890136719,121.38999938964844,23.554000854492188,256.8699951171875,93.75,95.12999725341795
2023-03-07,88.36000061035156,398.2699890136719,296.3399963378906,120.03500366210938,23.288000106811523,254.1499938964844,93.5500030517578,93.86000061035156
2023-03-08,88.48999786376953,398.9200134277344,297.82000732421875,123.1750030517578,24.18099975585937,253.6999969482422,93.91999816894533,94.25
2023-03-09,86.87000274658203,391.55999755859375,292.6600036621094,120.81500244140624,23.43600082397461,252.32000732421875,92.25,92.31999969482422
2023-03-10,84.06999969482422,385.9100036621094,288.54998779296875,118.86000061035156,22.96500015258789,248.58999633789065,90.7300033569336,90.62999725341795
2023-03-13,84.93000030517578,385.3599853515625,290.69000244140625,118.77999877929688,22.965999603271484,253.9199981689453,92.43000030517578,91.11000061035156
2023-03-14,84.55999755859375,391.7300109863281,297.3699951171875,122.33499908447266,24.0629997253418,260.7900085449219,94.87999725341795,93.97000122070312
2023-03-15,82.9800033569336,389.2799987792969,298.92999267578125,120.95999908447266,24.22800064086914,265.44000244140625,96.1999969482422,96.11000061035156
2023-03-16,84.81999969482422,396.1099853515625,306.8099975585937,125.8000030517578,25.541000366210938,276.20001220703125,100.04000091552734,100.31999969482422
2023-03-17,85.26000213623047,389.989990234375,305.3599853515625,125.16000366210938,25.725000381469727,279.42999267578125,98.9499969482422,101.62000274658205
2023-03-20,86.95999908447266,393.739990234375,305.9700012207031,126.41999816894533,25.899999618530277,272.2300109863281,97.70999908447266,101.22000122070312
2023-03-21,87.58000183105469,398.9100036621094,310.3399963378906,126.81999969482422,26.198999404907227,273.7799987792969,100.61000061035156,104.91999816894533
2023-03-22,87.9000015258789,392.1099853515625,306.1199951171875,126.00499725341795,26.468000411987305,272.2900085449219,98.6999969482422,103.37000274658205
2023-03-23,87.77999877929688,393.1700134277344,309.75,129.35499572753906,27.19099998474121,277.6600036621094,98.70999908447266,105.5999984741211
2023-03-24,88.01000213623047,395.75,310.8900146484375,127.30999755859376,26.77899932861328,280.57000732421875,98.12999725341795,105.44000244140624
2023-03-27,90.13999938964844,396.489990234375,308.760009765625,125.8249969482422,26.5310001373291,276.3800048828125,98.04000091552734,102.45999908447266
2023-03-28,89.8499984741211,395.6000061035156,307.1199951171875,124.9499969482422,26.40999984741211,275.2300109863281,97.23999786376952,101.02999877929688
2023-03-29,90.62000274658205,401.3500061035156,312.7200012207031,128.83999633789062,26.983999252319336,280.510009765625,100.25,101.38999938964844
2023-03-30,90.51000213623048,403.7000122070313,315.67999267578125,130.68499755859375,27.382999420166016,284.04998779296875,102.0,100.88999938964844
2023-03-31,92.91999816894533,409.3900146484375,320.92999267578125,131.59500122070312,27.777000427246094,288.29998779296875,103.29000091552734,103.7300033569336
2023-04-03,93.91999816894533,410.9500122070313,320.1499938964844,130.84500122070312,27.96500015258789,287.2300109863281,102.41000366210938,104.36000061035156
2023-04-04,94.0,408.6700134277344,319.07000732421875,128.8350067138672,27.452999114990234,287.17999267578125,103.9499969482422,104.72000122070312
2023-04-05,94.88999938964844,407.6000061035156,315.9200134277344,126.58000183105467,26.881000518798828,284.3399963378906,101.0999984741211,104.47000122070312
2023-04-06,95.91999816894533,409.1900024414063,318.04998779296875,126.1999969482422,27.03700065612793,291.6000061035156,102.05999755859376,108.41999816894533
2023-04-10,93.76000213623048,409.6099853515625,317.8699951171875,128.11000061035156,27.57900047302246,289.3900146484375,102.16999816894533,106.44000244140624
2023-04-11,93.97000122070312,409.7200012207031,315.8299865722656,127.43000030517578,27.16900062561035,282.8299865722656,99.91999816894533,105.3499984741211
2023-04-12,93.9000015258789,408.0499877929688,313.0400085449219,125.16500091552734,26.4950008392334,283.489990234375,97.83000183105467,104.63999938964844
2023-04-13,95.5500030517578,413.4700012207031,319.1700134277344,126.1750030517578,26.46299934387207,289.8399963378906,102.4000015258789,107.43000030517578
2023-04-14,95.70999908447266,412.4599914550781,318.57000732421875,126.04000091552734,26.757999420166016,286.1400146484375,102.51000213623048,108.87000274658205
2023-04-17,95.58999633789062,413.9400024414063,318.8399963378906,125.9499969482422,27.00200080871582,288.79998779296875,102.73999786376952,105.97000122070312
2023-04-18,96.47000122070312,414.2099914550781,318.8599853515625,126.51499938964844,27.66699981689453,288.3699951171875,102.3000030517578,104.5
2023-04-19,95.80999755859376,414.1400146484375,318.7099914550781,125.31500244140624,27.93099975585937,288.45001220703125,104.3000030517578,104.18000030517578
2023-04-20,94.83000183105467,411.8800048828125,316.2799987792969,125.45500183105467,27.10400009155273,286.1099853515625,103.80999755859376,105.29000091552734
2023-04-21,95.1500015258789,412.2000122070313,316.6099853515625,124.16999816894533,27.11899948120117,285.760009765625,106.95999908447266,105.41000366210938
2023-04-24,95.44000244140624,412.6300048828125,315.95001220703125,123.50499725341795,27.04199981689453,281.7699890136719,106.20999908447266,105.97000122070312
2023-04-25,94.05999755859376,406.0799865722656,309.989990234375,119.58999633789062,26.24099922180176,275.4200134277344,102.56999969482422,103.8499984741211
2023-04-26,93.70999908447266,404.3599853515625,311.8699951171875,120.4250030517578,26.95599937438965,295.3699951171875,104.9800033569336,103.70999908447266
2023-04-27,95.04000091552734,412.4100036621094,320.3500061035156,121.58999633789062,27.22599983215332,304.8299865722656,109.81999969482422,107.58999633789062
2023-04-28,94.72000122070312,415.9299926757813,322.5599975585937,123.625,27.749000549316406,307.260009765625,105.4499969482422,107.33999633789062
2023-05-01,94.87000274658205,415.510009765625,322.19000244140625,124.56999969482422,28.90999984741211,305.5599975585937,102.0500030517578,107.1999969482422
2023-05-02,94.8000030517578,410.8399963378906,319.3800048828125,123.48999786376952,28.209999084472656,305.4100036621094,103.62999725341795,105.31999969482422
2023-05-03,94.77999877929688,408.0199890136719,317.2900085449219,122.21499633789062,27.802000045776367,304.3999938964844,103.6500015258789,105.41000366210938
2023-05-04,94.97000122070312,405.1300048828125,316.1700134277344,121.80500030517578,27.562000274658203,305.4100036621094,104.0,104.69000244140624
2023-05-05,96.97000122070312,412.6300048828125,322.8900146484375,124.37999725341795,28.68000030517578,310.6499938964844,105.66000366210938,105.56999969482422
2023-05-08,96.79000091552734,412.739990234375,323.69000244140625,125.06999969482422,29.150999069213867,308.6499938964844,105.83000183105467,107.7699966430664
2023-05-09,96.13999938964844,410.9299926757813,321.6400146484375,123.13999938964844,28.57099914550781,307.0,106.62000274658205,107.3499984741211
2023-05-10,97.5199966430664,412.8500061035156,325.1400146484375,124.13999938964844,28.88500022888184,312.3099975585937,110.19000244140624,111.75
2023-05-11,97.44000244140624,412.1300048828125,326.20001220703125,123.04000091552734,28.577999114990234,310.1099853515625,112.18000030517578,116.56999969482422
2023-05-12,97.8499984741211,411.5899963378906,325.0299987792969,122.9000015258789,28.34000015258789,308.9700012207031,110.26000213623048,117.51000213623048
2023-05-15,97.26000213623048,413.010009765625,326.7900085449219,126.12000274658205,28.952999114990234,309.4599914550781,111.1999969482422,116.51000213623048
2023-05-16,98.25,410.25,327.1600036621094,126.08999633789062,29.21299934387207,311.739990234375,113.4000015258789,119.51000213623048
2023-05-17,99.7699966430664,415.2300109863281,331.1199951171875,129.5,30.17799949645996,314.0,115.5,120.83999633789062
2023-05-18,102.33999633789062,419.2300109863281,337.2699890136719,134.0399932861328,31.67799949645996,318.5199890136719,118.1500015258789,122.83000183105467
2023-05-19,102.83999633789062,418.6199951171875,336.510009765625,133.3000030517578,31.263999938964844,318.3399963378906,116.25,122.76000213623048
2023-05-22,101.7699966430664,418.7900085449219,337.6400146484375,133.19000244140625,31.176000595092773,321.17999267578125,115.01000213623048,125.0500030517578
2023-05-23,98.54000091552734,414.0899963378906,333.3599853515625,131.27000427246094,30.6879997253418,315.260009765625,114.98999786376952,122.55999755859376
2023-05-24,98.31999969482422,411.0899963378906,331.6499938964844,129.33999633789062,30.538000106811523,313.8500061035156,116.75,120.9000015258789
2023-05-25,104.29000091552734,414.6499938964844,339.7200012207031,140.4600067138672,37.97999954223633,325.9200134277344,115.0,123.4800033569336
2023-05-26,104.08000183105467,420.0199890136719,348.3999938964844,147.36000061035156,38.94599914550781,332.8900146484375,120.11000061035156,124.61000061035156
2023-05-30,105.1500015258789,420.1799926757813,349.9800109863281,148.07000732421875,40.11100006103516,331.2099914550781,121.66000366210938,123.66999816894533
2023-05-31,105.94000244140624,417.8500061035156,347.989990234375,144.3300018310547,37.83399963378906,328.3900146484375,120.58000183105467,122.87000274658205
2023-06-01,105.98999786376952,421.8200073242188,352.010009765625,146.5,39.77000045776367,332.5799865722656,122.7699966430664,123.72000122070312
2023-06-02,105.88999938964844,427.9200134277344,354.6499938964844,146.13999938964844,39.32699966430664,335.3999938964844,124.25,124.66999816894533
2023-06-05,106.93000030517578,427.1000061035156,354.8999938964844,144.30999755859375,39.17100143432617,335.94000244140625,125.3000030517578,126.01000213623048
2023-06-06,107.0999984741211,428.0299987792969,354.8399963378906,145.3300018310547,38.65399932861328,333.67999267578125,126.61000061035156,127.30999755859376
2023-06-07,105.25,426.5499877929688,348.82000732421875,144.5,37.47499847412109,323.3800048828125,121.2300033569336,122.5
2023-06-08,107.4800033569336,429.1300048828125,353.1499938964844,146.1699981689453,38.5099983215332,325.260009765625,124.25,122.13999938964844
2023-06-09,109.8499984741211,429.8999938964844,354.5,146.83999633789062,38.77000045776367,326.7900085449219,123.43000030517578,122.2300033569336
2023-06-12,116.43000030517578,433.7999877929688,360.489990234375,151.17999267578125,39.48199844360352,331.8500061035156,126.56999969482422,123.63999938964844
2023-06-13,116.68000030517578,436.6600036621094,363.260009765625,153.27000427246094,41.02199935913086,334.2900085449219,126.66000366210938,123.83000183105467
2023-06-14,122.2699966430664,437.1799926757813,365.8999938964844,155.60000610351562,42.99700164794922,337.3399963378906,126.41999816894533,123.66999816894533
2023-06-15,126.5500030517578,442.6000061035156,370.260009765625,154.47999572753906,42.65299987792969,348.1000061035156,127.11000061035156,125.08999633789062
2023-06-16,125.45999908447266,439.4599914550781,367.9299926757813,153.3800048828125,42.69200134277344,342.3299865722656,125.48999786376952,123.52999877929688
2023-06-20,122.04000091552734,437.1799926757813,366.8999938964844,152.83999633789062,43.80799865722656,338.04998779296875,125.77999877929688,123.0999984741211
2023-06-21,122.0999984741211,434.9400024414063,361.8999938964844,149.33999633789062,43.04499816894531,333.5599975585937,124.83000183105467,120.5500030517578
2023-06-22,120.58000183105467,436.510009765625,366.1700134277344,150.0800018310547,43.025001525878906,339.7099914550781,130.14999389648438,123.1500015258789
2023-06-23,118.63999938964844,433.2099914550781,362.5400085449219,147.52999877929688,42.20899963378906,335.0199890136719,129.3300018310547,122.33999633789062
2023-06-26,116.77999877929688,431.4400024414063,357.67999267578125,146.85000610351562,40.63199996948242,328.6000061035156,127.33000183105467,118.33999633789062
2023-06-27,117.83999633789062,436.1700134277344,363.8299865722656,151.50999450683594,41.8759994506836,334.57000732421875,129.17999267578125,118.33000183105467
2023-06-28,116.52999877929688,436.3900146484375,364.5400085449219,150.13999938964844,41.117000579833984,335.8500061035156,129.0399932861328,120.18000030517578
2023-06-29,117.77999877929688,438.1099853515625,363.80999755859375,149.9199981689453,40.821998596191406,335.04998779296875,127.9000015258789,119.0999984741211
2023-06-30,119.08999633789062,443.2799987792969,369.4200134277344,152.25,42.30199813842773,340.5400085449219,130.36000061035156,119.6999969482422
2023-07-03,117.1500015258789,443.7900085449219,370.2900085449219,153.60000610351562,42.41299819946289,337.989990234375,130.22000122070312,119.9000015258789
2023-07-05,115.95999908447266,443.1300048828125,370.2799987792969,150.6999969482422,42.31700134277344,338.1499938964844,130.3800048828125,121.75
2023-07-06,115.4499969482422,439.6600036621094,367.4599914550781,148.91000366210938,42.10300064086914,341.2699890136719,128.36000061035156,120.11000061035156
2023-07-07,114.61000061035156,438.5499877929688,366.239990234375,149.0500030517578,42.50299835205078,337.2200012207031,129.77999877929688,119.4800033569336
2023-07-10,114.37999725341795,439.6600036621094,366.3599853515625,151.16000366210938,42.18000030517578,331.8299865722656,127.12999725341795,116.4499969482422
2023-07-11,114.87999725341795,442.4599914550781,368.1700134277344,151.32000732421875,42.40499877929688,332.4700012207031,128.77999877929688,117.13999938964844
2023-07-12,116.0199966430664,446.0199890136719,372.8200073242188,154.5,43.902000427246094,337.20001220703125,130.8000030517578,118.93000030517578
2023-07-13,117.4499969482422,449.55999755859375,379.1499938964844,158.2100067138672,45.97700119018555,342.6600036621094,134.3000030517578,124.54000091552734
2023-07-14,119.2699966430664,449.2799987792969,379.0700073242188,156.89999389648438,45.46900177001953,345.239990234375,134.67999267578125,125.41999816894533
2023-07-17,118.88999938964844,450.8399963378906,382.6099853515625,159.82000732421875,46.46099853515625,345.7300109863281,133.55999755859375,124.6500015258789
2023-07-18,120.7699966430664,454.1900024414063,385.739990234375,160.25999450683594,47.49399948120117,359.489990234375,132.8300018310547,123.76000213623048
2023-07-19,118.69000244140624,455.2000122070313,385.6499938964844,158.5800018310547,47.07699966430664,355.0799865722656,135.36000061035156,122.02999877929688
2023-07-20,115.87999725341795,452.1799926757813,376.760009765625,152.97000122070312,45.52000045776367,346.8699951171875,129.9600067138672,119.1999969482422
2023-07-21,117.6500015258789,452.1799926757813,375.6300048828125,153.7899932861328,44.30899810791016,343.7699890136719,130.0,120.0199966430664
2023-07-24,118.06999969482422,454.2000122070313,376.2300109863281,153.9199981689453,44.61199951171875,345.1099853515625,128.8000030517578,121.52999877929688
2023-07-25,117.9499969482422,455.4400024414063,378.7799987792969,156.38999938964844,45.67900085449219,350.9800109863281,129.1300048828125,122.20999908447266
2023-07-26,115.5,455.510009765625,377.5199890136719,154.67999267578125,45.45199966430664,337.7699890136719,128.14999389648438,129.27000427246094
2023-07-27,116.4000015258789,452.489990234375,376.6199951171875,157.4600067138672,45.900001525878906,330.7200012207031,128.25,129.39999389648438
2023-07-28,115.98999786376952,456.9200134277344,383.4800109863281,160.5,46.75,338.3699951171875,132.2100067138672,132.5800018310547
2023-07-31,117.2300033569336,457.7900085449219,383.6799926757813,160.6199951171875,46.729000091552734,335.9200134277344,133.67999267578125,132.72000122070312
2023-08-01,117.91000366210938,456.4800109863281,382.7900085449219,160.52999877929688,46.50699996948242,336.3399963378906,131.69000244140625,131.5500030517578
2023-08-02,115.70999908447266,450.1300048828125,374.3900146484375,154.63999938964844,44.26900100708008,327.5,128.2100067138672,128.3800048828125
2023-08-03,114.5500030517578,448.8399963378906,373.7900085449219,154.19000244140625,44.51499938964844,326.6600036621094,128.91000366210938,128.4499969482422
2023-08-04,114.44000244140624,446.80999755859375,372.0400085449219,154.25,44.68000030517578,327.7799987792969,139.57000732421875,128.11000061035156
2023-08-07,116.0999984741211,450.7099914550781,375.1900024414063,155.91000366210938,45.41699981689453,330.1099853515625,142.22000122070312,131.52999877929688
2023-08-08,115.2300033569336,448.75,372.0,153.33999633789062,44.66400146484375,326.04998779296875,139.94000244140625,131.39999389648438
2023-08-09,113.0999984741211,445.75,367.9100036621094,150.3000030517578,42.55400085449219,322.2300109863281,137.85000610351562,129.66000366210938
2023-08-10,112.98999786376952,445.9100036621094,368.5899963378906,149.97000122070312,42.38800048828125,322.92999267578125,138.55999755859375,129.69000244140625
2023-08-11,113.05999755859376,445.6499938964844,366.239990234375,146.2100067138672,40.85499954223633,321.010009765625,138.41000366210938,129.55999755859375
2023-08-14,115.56999969482422,448.1099853515625,370.3500061035156,150.66000366210938,43.75299835205078,324.0400085449219,140.57000732421875,131.3300018310547
2023-08-15,117.29000091552734,442.8900146484375,366.4200134277344,148.85000610351562,43.93999862670898,321.8599853515625,137.6699981689453,129.77999877929688
2023-08-16,115.33999633789062,439.6400146484375,362.5400085449219,146.5,43.48600006103516,320.3999938964844,135.07000732421875,128.6999969482422
2023-08-17,114.87999725341795,436.2900085449219,358.5799865722656,145.50999450683594,43.34400177001953,316.8800048828125,133.97999572753906,129.9199981689453
2023-08-18,116.45999908447266,436.5,358.1300048828125,146.1300048828125,43.29899978637695,316.4800109863281,133.22000122070312,127.45999908447266
2023-08-21,116.58999633789062,439.3399963378906,363.8999938964844,151.0399932861328,46.96699905395508,321.8800048828125,134.67999267578125,128.3699951171875
2023-08-22,116.54000091552734,438.1499938964844,363.3800048828125,149.52999877929688,45.667999267578125,322.4599914550781,134.25,129.0800018310547
2023-08-23,117.83999633789062,443.0299987792969,369.1099853515625,152.77000427246094,47.11600112915039,327.0,135.52000427246094,132.3699951171875
2023-08-24,112.91000366210938,436.8900146484375,361.2200012207031,148.82000732421875,47.16299819946289,319.9700012207031,131.83999633789062,129.77999877929688
2023-08-25,116.05999755859376,439.9700012207031,364.0199890136719,149.08999633789062,46.01800155639648,322.9800109863281,133.25999450683594,129.8800048828125
2023-08-28,116.83999633789062,442.760009765625,366.760009765625,150.92999267578125,46.834999084472656,323.70001220703125,133.13999938964844,131.00999450683594
2023-08-29,120.6500015258789,449.1600036621094,374.7699890136719,154.8000030517578,48.78400039672852,328.4100036621094,134.91000366210938,134.57000732421875
2023-08-30,121.12000274658205,451.010009765625,376.8599853515625,155.58999633789062,49.26399993896485,328.7900085449219,135.07000732421875,135.8800048828125
2023-08-31,120.38999938964844,450.3500061035156,377.989990234375,156.22000122070312,49.35499954223633,327.760009765625,138.00999450683594,136.1699981689453
2023-09-01,120.93000030517578,451.1900024414063,377.5899963378906,156.2100067138672,48.50899887084961,328.6600036621094,138.1199951171875,135.66000366210938
2023-09-05,123.9800033569336,449.239990234375,378.0700073242188,156.5800018310547,48.54800033569336,333.54998779296875,137.27000427246094,135.77000427246094
2023-09-06,124.33000183105467,446.2200012207031,374.739990234375,154.75999450683594,47.06100082397461,332.8800048828125,135.36000061035156,134.4600067138672
2023-09-07,125.08999633789062,444.8500061035156,372.05999755859375,151.3300018310547,46.24100112915039,329.9100036621094,137.85000610351562,135.25999450683594
2023-09-08,126.31999969482422,445.5199890136719,372.5799865722656,150.3800048828125,45.571998596191406,334.2699890136719,138.22999572753906,136.3800048828125
2023-09-11,126.70999908447266,448.4500122070313,376.9700012207031,150.49000549316406,45.178001403808594,337.94000244140625,143.10000610351562,136.9199981689453
2023-09-12,109.61000061035156,445.989990234375,372.7900085449219,149.36000061035156,44.869998931884766,331.7699890136719,141.22999572753906,135.33999633789062
2023-09-13,111.83999633789062,446.510009765625,374.2099914550781,150.57000732421875,45.48500061035156,336.0599975585937,144.85000610351562,136.7100067138672
2023-09-14,113.66000366210938,450.3599853515625,377.2699890136719,151.38999938964844,45.58100128173828,338.70001220703125,144.72000122070312,138.10000610351562
2023-09-15,113.91000366210938,443.3699951171875,370.80999755859375,146.80999755859375,43.900001525878906,330.2200012207031,140.38999938964844,137.39999389648438
2023-09-18,112.20999908447266,443.6300048828125,370.6600036621094,147.3000030517578,43.96599960327149,329.0599975585937,139.97999572753906,138.2100067138672
2023-09-19,112.7699966430664,442.7099914550781,369.8699951171875,146.02999877929688,43.52000045776367,328.6499938964844,137.6300048828125,138.0399932861328
2023-09-20,112.87000274658205,438.6400146484375,364.5400085449219,143.6300048828125,42.23899841308594,320.7699890136719,135.2899932861328,133.74000549316406
2023-09-21,109.43000030517578,431.3900146484375,357.8599853515625,140.75999450683594,41.016998291015625,319.5299987792969,129.3300018310547,130.44000244140625
2023-09-22,109.02999877929688,430.4200134277344,357.9100036621094,141.9600067138672,41.61000061035156,317.010009765625,129.1199951171875,130.25
2023-09-25,108.3000030517578,432.2300109863281,359.6099853515625,142.9600067138672,42.22200012207031,317.5400085449219,131.27000427246094,131.11000061035156
2023-09-26,104.87999725341795,425.8800048828125,354.2099914550781,140.6999969482422,41.9109992980957,312.1400146484375,125.9800033569336,128.57000732421875
2023-09-27,104.62000274658205,426.0499877929688,355.0400085449219,141.99000549316406,42.46799850463867,312.7900085449219,125.9800033569336,130.5399932861328
2023-09-28,106.1500015258789,428.5199890136719,358.010009765625,144.2899932861328,43.0890007019043,313.6400146484375,125.9800033569336,132.30999755859375
2023-09-29,105.91999816894533,427.4800109863281,358.2699890136719,144.97999572753906,43.499000549316406,315.75,127.12000274658205,130.86000061035156
2023-10-02,106.70999908447266,427.30999755859375,361.260009765625,146.22999572753906,44.78200149536133,321.79998779296875,129.4600067138672,134.1699981689453
2023-10-03,104.5199966430664,421.5899963378906,354.9200134277344,142.97999572753906,43.516998291015625,313.3900146484375,124.72000122070312,132.42999267578125
2023-10-04,107.08000183105467,424.6600036621094,359.75,145.2100067138672,44.04100036621094,318.9599914550781,127.0,135.24000549316406
2023-10-05,108.3499984741211,424.5,358.69000244140625,145.2100067138672,44.6879997253418,319.3599853515625,125.95999908447266,135.07000732421875
2023-10-06,109.95999908447266,429.5400085449219,364.7000122070313,148.35000610351562,45.762001037597656,327.260009765625,127.95999908447266,137.5800018310547
2023-10-09,110.31999969482422,432.2900085449219,366.55999755859375,147.97000122070312,45.27299880981445,329.82000732421875,128.25999450683594,138.4199981689453
2023-10-10,109.70999908447266,434.5400085449219,368.5899963378906,149.8000030517578,45.79800033569336,328.3900146484375,129.47999572753906,138.05999755859375
2023-10-11,109.63999938964844,436.3200073242188,371.2200012207031,151.4199981689453,46.805999755859375,332.4200134277344,131.8300018310547,140.5500030517578
2023-10-12,109.11000061035156,433.6600036621094,369.9299926757813,152.19000244140625,46.94499969482422,331.1600036621094,132.3300018310547,138.97000122070312
2023-10-13,108.25,431.5,365.2799987792969,148.3800048828125,45.46099853515625,327.7300109863281,129.7899932861328,137.36000061035156
2023-10-16,108.70999908447266,436.0400085449219,369.4100036621094,150.08999633789062,46.095001220703125,332.6400146484375,132.5500030517578,139.10000610351562
2023-10-17,109.04000091552734,436.0199890136719,368.2000122070313,148.32000732421875,43.9379997253418,332.0599975585937,131.47000122070312,139.72000122070312
2023-10-18,108.25,430.2099914550781,363.3699951171875,145.35000610351562,42.19599914550781,330.1099853515625,128.1300048828125,137.9600067138672
2023-10-19,108.33999633789062,426.4299926757813,359.9700012207031,144.36000061035156,42.10100173950195,331.32000732421875,128.39999389648438,137.75
2023-10-20,101.8499984741211,421.1900024414063,354.6000061035156,142.10000610351562,41.387001037597656,326.6700134277344,125.16999816894533,135.60000610351562
2023-10-23,103.66000366210938,420.4599914550781,355.6700134277344,142.60000610351562,42.97499847412109,329.32000732421875,126.55999755859376,136.5
2023-10-24,103.1999969482422,423.6300048828125,359.1300048828125,144.27000427246094,43.66299819946289,330.5299987792969,128.55999755859375,138.80999755859375
2023-10-25,101.43000030517578,417.5499877929688,350.3399963378906,138.67999267578125,41.77899932861328,340.6700134277344,121.38999938964844,125.61000061035156
2023-10-26,100.4000015258789,412.5499877929688,343.6600036621094,137.4600067138672,40.32600021362305,327.8900146484375,119.56999969482422,122.27999877929688
2023-10-27,100.98999786376952,410.6799926757813,345.3099975585937,138.30999755859375,40.5,329.8099975585937,127.73999786376952,122.16999816894533
2023-10-30,101.6500015258789,415.5899963378906,349.20001220703125,137.9600067138672,41.1609992980957,337.3099975585937,132.7100067138672,124.45999908447266
2023-10-31,103.4000015258789,418.2000122070313,350.8699951171875,138.9499969482422,40.77999877929688,338.1099853515625,133.08999633789062,124.08000183105467
2023-11-01,105.75,422.6600036621094,356.9599914550781,142.41000366210938,42.32500076293945,346.07000732421875,137.0,126.4499969482422
2023-11-02,106.87000274658205,430.760009765625,363.4400024414063,146.10000610351562,43.50600051879883,348.32000732421875,138.07000732421875,127.48999786376952
2023-11-03,108.0500030517578,434.6900024414063,367.7099914550781,149.50999450683594,45.005001068115234,352.79998779296875,138.60000610351562,129.10000610351562
2023-11-06,109.11000061035156,435.6900024414063,369.2099914550781,149.9499969482422,45.7509994506836,356.5299987792969,139.74000549316406,130.25
2023-11-07,108.98999786376952,436.9299926757813,372.7000122070313,150.88999938964844,45.95500183105469,360.5299987792969,142.7100067138672,130.97000122070312
2023-11-08,112.33000183105467,437.25,372.9400024414063,151.42999267578125,46.57400131225586,363.2000122070313,142.0800018310547,131.83999633789062
2023-11-09,112.18000030517578,433.8399963378906,370.0700073242188,151.16000366210938,46.95000076293945,360.6900024414063,140.60000610351562,130.24000549316406
2023-11-10,113.06999969482422,440.6099853515625,378.3900146484375,157.27999877929688,48.334999084472656,369.6700134277344,143.55999755859375,132.58999633789062
2023-11-13,114.1500015258789,440.1900024414063,377.2099914550781,156.32000732421875,48.619998931884766,366.6799926757813,142.58999633789062,132.08999633789062
2023-11-14,116.0999984741211,448.7300109863281,385.3299865722656,161.08999633789062,49.65599822998047,370.2699890136719,145.8000030517578,133.6199951171875
2023-11-15,114.05999755859376,449.6799926757813,385.6199951171875,161.2100067138672,48.88800048828125,369.6700134277344,143.1999969482422,134.6199951171875
2023-11-16,114.66999816894533,450.2300109863281,385.9500122070313,161.80999755859375,49.47999954223633,376.1700134277344,142.8300018310547,136.92999267578125
2023-11-17,115.36000061035156,450.7900085449219,386.0400085449219,162.57000732421875,49.29800033569336,369.8500061035156,145.17999267578125,135.30999755859375
2023-11-20,116.91999816894533,454.260009765625,390.739990234375,164.89999389648438,50.40900039672852,377.4400024414063,146.1300048828125,136.25
2023-11-21,116.08000183105467,453.2699890136719,388.4700012207031,162.47000122070312,49.94400024414063,373.0700073242188,143.89999389648438,136.97000122070312
2023-11-22,116.23999786376952,455.0199890136719,390.05999755859375,162.1199951171875,48.71599960327149,377.8500061035156,146.7100067138672,138.49000549316406
2023-11-24,116.25,455.2999877929688,389.510009765625,161.75999450683594,47.7760009765625,377.4299926757813,146.74000549316406,136.69000244140625
2023-11-27,116.47000122070312,454.4800109863281,389.1700134277344,161.66000366210938,48.242000579833984,378.6099853515625,147.72999572753906,136.41000366210938
2023-11-28,116.23999786376952,454.9299926757813,390.1900024414063,160.72999572753906,47.82099914550781,382.7000122070313,147.02999877929688,137.1999969482422
2023-11-29,116.20999908447266,454.6099853515625,389.80999755859375,162.2100067138672,48.13999938964844,378.8500061035156,146.32000732421875,134.99000549316406
2023-11-30,116.20999908447266,456.3999938964844,388.8299865722656,160.47999572753906,46.77000045776367,378.9100036621094,146.08999633789062,132.52999877929688
2023-12-01,117.16000366210938,459.1000061035156,389.9400024414063,161.1300048828125,46.76499938964844,374.510009765625,147.02999877929688,131.86000061035156
2023-12-04,115.77999877929688,456.6900024414063,386.3200073242188,158.77999877929688,45.5099983215332,369.1400146484375,144.83999633789062,129.27000427246094
2023-12-05,114.52999877929688,456.6000061035156,387.2900085449219,158.77999877929688,46.56600189208984,372.5199890136719,146.8800048828125,130.99000549316406
2023-12-06,112.02999877929688,454.760009765625,385.0499877929688,157.5,45.50299835205078,368.7999877929688,144.52000427246094,130.02000427246094
2023-12-07,112.87000274658205,458.2300109863281,390.4299926757813,161.10000610351562,46.59600067138672,370.9500122070313,146.8800048828125,136.92999267578125
2023-12-08,113.61000061035156,460.2000122070313,392.1700134277344,162.47999572753906,47.50600051879883,374.2300109863281,147.4199981689453,134.99000549316406
2023-12-11,115.12999725341795,461.989990234375,395.5199890136719,166.3800048828125,46.62699890136719,371.2999877929688,145.88999938964844,133.2899932861328
2023-12-12,100.80999755859376,464.1000061035156,398.6700134277344,168.13999938964844,47.65700149536133,374.3800048828125,147.47999572753906,132.52000427246094
2023-12-13,102.98999786376952,470.5,403.739990234375,170.1199951171875,48.0880012512207,374.3699951171875,148.83999633789062,132.57000732421875
2023-12-14,100.30999755859376,472.010009765625,403.3900146484375,173.25999450683594,48.34999847412109,365.9299926757813,147.4199981689453,131.94000244140625
2023-12-15,103.31999969482422,469.3299865722656,405.3399963378906,174.0800018310547,48.88999938964844,370.7300109863281,149.97000122070312,132.60000610351562
2023-12-18,105.0,471.9700012207031,407.0799865722656,173.33999633789062,50.07699966430664,372.6499938964844,154.07000732421875,135.8000030517578
2023-12-19,106.25,474.8399963378906,409.1600036621094,173.9199981689453,49.604000091552734,373.260009765625,153.7899932861328,136.64999389648438
2023-12-20,104.1500015258789,468.260009765625,403.0799865722656,169.0800018310547,48.11100006103516,370.6199951171875,152.1199951171875,138.33999633789062
2023-12-21,105.86000061035156,472.7000122070313,407.7699890136719,173.25999450683594,48.9900016784668,373.5400085449219,153.83999633789062,140.4199981689453
2023-12-22,106.1999969482422,473.6499938964844,408.3800048828125,173.27999877929688,48.83000183105469,374.5799865722656,153.4199981689453,141.49000549316406
2023-12-26,106.19000244140624,475.6499938964844,410.8800048828125,175.6699981689453,49.27899932861328,374.6600036621094,153.41000366210938,141.52000427246094
2023-12-27,105.94000244140624,476.510009765625,411.5,175.86000061035156,49.41699981689453,374.0700073242188,153.33999633789062,140.3699951171875
2023-12-28,106.25,476.6900024414063,411.2999877929688,175.82000732421875,49.52199935913086,375.2799987792969,153.3800048828125,140.22999572753906
2023-12-29,105.43000030517578,475.30999755859375,409.5199890136719,174.8699951171875,49.52199935913086,376.0400085449219,151.94000244140625,139.69000244140625
2024-01-02,104.05999755859376,472.6499938964844,402.5899963378906,168.97000122070312,48.167999267578125,370.8699951171875,149.92999267578125,138.1699981689453
2024-01-03,102.45999908447266,468.7900085449219,398.3299865722656,165.97000122070312,47.56900024414063,370.6000061035156,148.47000122070312,138.9199981689453
2024-01-04,102.58999633789062,467.2799987792969,396.2799987792969,164.99000549316406,47.99800109863281,367.9400024414063,144.57000732421875,136.38999938964844
2024-01-05,102.7300033569336,467.9200134277344,396.75,166.0800018310547,49.09700012207031,367.75,145.24000549316406,135.72999572753906
2024-01-08,104.66000366210938,474.6000061035156,404.9500122070313,171.9600067138672,52.25299835205078,374.6900024414063,149.10000610351562,138.83999633789062
2024-01-09,103.62999725341795,473.8800048828125,405.75,172.4199981689453,53.13999938964844,375.7900085449219,151.3699951171875,140.9499969482422
2024-01-10,103.91999816894533,476.55999755859375,408.5,172.5800018310547,54.34999847412109,382.7699890136719,153.72999572753906,142.27999877929688
2024-01-11,104.7699966430664,476.3500061035156,409.3500061035156,173.55999755859375,54.821998596191406,384.6300048828125,155.17999267578125,142.0800018310547
2024-01-12,106.5999984741211,476.6799926757813,409.55999755859375,172.9499969482422,54.709999084472656,388.4700012207031,154.6199951171875,142.64999389648438
2024-01-16,106.56999969482422,474.9299926757813,409.5199890136719,175.6999969482422,56.38199996948242,390.2699890136719,153.16000366210938,142.49000549316406
2024-01-17,106.43000030517578,472.2900085449219,407.2099914550781,174.63999938964844,56.053001403808594,389.4700012207031,151.7100067138672,141.47000122070312
2024-01-18,108.6999969482422,476.489990234375,412.989990234375,180.30999755859372,57.10699844360352,393.8699951171875,153.5,143.47999572753906
2024-01-19,109.66999816894533,482.4299926757813,421.1799926757813,187.17999267578125,59.49100112915039,398.6700134277344,155.33999633789062,146.3800048828125
2024-01-22,110.0999984741211,483.4500122070313,421.7300109863281,188.0500030517578,59.65399932861328,396.510009765625,154.77999877929688,145.99000549316406
2024-01-23,111.83000183105467,484.8599853515625,423.4800109863281,189.00999450683597,59.87300109863281,398.8999938964844,156.02000427246094,147.0399932861328
2024-01-24,114.30999755859376,485.3900146484375,425.8299865722656,192.3699951171875,61.36199951171875,402.55999755859375,156.8699951171875,148.6999969482422
2024-01-25,115.0,488.0299987792969,426.3500061035156,192.3699951171875,61.617000579833984,404.8699951171875,157.75,151.8699951171875
2024-01-26,114.63999938964844,487.4100036621094,423.80999755859375,188.2700042724609,61.03099822998047,403.9299926757813,159.1199951171875,152.19000244140625
2024-01-29,113.75,491.2699890136719,428.1499938964844,190.47999572753903,62.46500015258789,409.7200012207031,161.25999450683594,153.50999450683594
2024-01-30,114.16000366210938,490.8900146484375,425.2999877929688,188.58999633789065,62.77399826049805,408.5899963378906,159.0,151.4600067138672
2024-01-31,111.6999969482422,482.8800048828125,416.9700012207031,185.8699951171875,61.527000427246094,397.5799865722656,155.1999969482422,140.10000610351562
2024-02-01,115.52999877929688,489.2000122070313,421.8800048828125,187.57000732421875,63.027000427246094,403.7799987792969,159.27999877929688,141.16000366210938
2024-02-02,115.79000091552734,494.3500061035156,429.010009765625,191.22000122070312,66.16000366210938,411.2200012207031,171.80999755859375,142.3800048828125
2024-02-05,116.38999938964844,492.5499877929688,428.4500122070313,194.9499969482422,69.33200073242188,405.6499938964844,170.30999755859375,143.67999267578125
2024-02-06,115.3000030517578,493.9800109863281,427.5899963378906,192.7400054931641,68.2229995727539,405.489990234375,169.14999389648438,144.10000610351562
2024-02-07,117.2699966430664,498.1000061035156,431.989990234375,196.6300048828125,70.0989990234375,414.0499877929688,170.52999877929688,145.5399932861328
2024-02-08,116.68000030517578,498.3200073242188,432.7900085449219,199.42999267578125,69.64099884033203,414.1099853515625,169.83999633789062,145.91000366210938
2024-02-09,116.63999938964844,501.2000122070313,437.0499877929688,203.8500061035156,72.13300323486328,420.5499877929688,174.4499969482422,149.0
2024-02-12,115.83999633789062,500.9800109863281,435.3399963378906,203.05999755859372,72.24800109863281,415.260009765625,172.33999633789062,147.52999877929688
2024-02-13,113.68000030517578,494.0799865722656,428.5499877929688,199.3000030517578,72.12799835205078,406.3200073242188,168.63999938964844,145.13999938964844
2024-02-14,114.26000213623048,498.5700073242188,433.2200012207031,203.3000030517578,73.9000015258789,409.489990234375,170.97999572753906,145.94000244140625
2024-02-15,112.77999877929688,502.010009765625,434.510009765625,202.6199951171875,72.65799713134766,406.55999755859375,169.8000030517578,142.77000427246094
2024-02-16,111.30999755859376,499.510009765625,430.5700073242188,201.75,72.61299896240234,404.05999755859375,169.50999450683594,140.52000427246094
2024-02-20,108.4499969482422,496.760009765625,427.3200073242188,197.77999877929688,69.4520034790039,402.7900085449219,167.0800018310547,141.1199951171875
2024-02-21,108.16000366210938,497.2099914550781,425.6099853515625,196.50999450683597,67.47200012207031,402.1799926757813,168.58999633789062,142.5500030517578
2024-02-22,111.01000213623048,507.5,438.0700073242188,209.92999267578125,78.53800201416016,411.6499938964844,174.5800018310547,144.08999633789062
2024-02-23,111.9499969482422,507.8500061035156,436.7799987792969,208.6199951171875,78.81700134277344,410.3399963378906,174.99000549316406,143.9600067138672
2024-02-26,110.97000122070312,505.989990234375,436.5499877929688,210.3500061035156,79.09200286865234,407.5400085449219,174.72999572753906,137.57000732421875
2024-02-27,111.37999725341795,506.9299926757813,437.6000061035156,209.7400054931641,78.70099639892578,407.4800109863281,173.5399932861328,138.8800048828125
2024-02-28,111.68000030517578,506.260009765625,435.2699890136719,207.41000366210935,77.66300201416016,407.7200012207031,173.16000366210938,136.3800048828125
2024-02-29,111.68000030517578,508.0799865722656,439.0,211.9499969482422,79.11199951171875,413.6400146484375,176.75999450683594,138.4600067138672
2024-03-01,113.77999877929688,512.8499755859375,445.6099853515625,220.5399932861328,82.27899932861328,415.5,178.22000122070312,137.13999938964844
2024-03-04,114.05999755859376,512.2999877929688,444.0199890136719,224.08999633789065,85.23699951171875,414.9200134277344,177.5800018310547,133.35000610351562
2024-03-05,110.94000244140624,507.1799926757813,436.0499877929688,220.66000366210935,85.96399688720703,402.6499938964844,174.1199951171875,132.6699981689453
2024-03-06,112.2699966430664,509.75,438.7900085449219,226.3500061035156,88.69999694824219,402.0899963378906,173.50999450683594,131.39999389648438
2024-03-07,114.54000091552734,514.8099975585938,445.4500122070313,234.1699981689453,92.66899871826172,409.1400146484375,176.82000732421875,134.3800048828125
2024-03-08,112.41999816894533,511.7200012207031,439.0199890136719,224.9900054931641,87.52799987792969,406.2200012207031,175.35000610351562,135.41000366210938
2024-03-11,114.12999725341795,511.2799987792969,437.3900146484375,220.97999572753903,85.77400207519531,404.5199890136719,171.9600067138672,137.6699981689453
2024-03-12,127.54000091552734,516.780029296875,443.6600036621094,227.97000122070312,91.91300201416016,415.2799987792969,175.38999938964844,138.5
2024-03-13,125.5199966430664,515.969970703125,440.25,223.4600067138672,90.88800048828124,415.1000061035156,176.55999755859375,139.7899932861328
2024-03-14,125.52999877929688,514.9500122070312,439.1400146484375,219.4600067138672,87.94400024414062,425.2200012207031,178.75,143.10000610351562
2024-03-15,125.54000091552734,509.8299865722656,433.9200134277344,217.83999633789065,87.83699798583984,416.4200134277344,174.4199981689453,141.17999267578125
2024-03-18,127.8000030517578,512.8599853515625,437.4800109863281,218.27999877929688,88.45500183105469,417.3200073242188,174.47999572753906,147.67999267578125
2024-03-19,129.19000244140625,515.7100219726562,438.5700073242188,217.8000030517578,89.39800262451172,421.4100036621094,175.89999389648438,147.02999877929688
2024-03-20,129.24000549316406,520.47998046875,443.7699890136719,221.2899932861328,90.37200164794922,425.2300109863281,178.14999389648438,148.74000549316406
2024-03-21,129.00999450683594,522.2000122070312,445.8699951171875,226.30999755859372,91.43499755859376,429.3699951171875,178.14999389648438,147.60000610351562
2024-03-22,127.79000091552734,521.2100219726562,446.3800048828125,227.63999938964844,94.28900146484376,428.739990234375,178.8699951171875,150.77000427246094
2024-03-25,126.08000183105467,519.77001953125,444.760009765625,227.0800018310547,95.0019989013672,422.8599853515625,179.7100067138672,150.07000732421875
2024-03-26,126.47000122070312,518.8099975585938,443.3200073242188,224.97000122070312,92.56099700927734,421.6499938964844,178.3000030517578,150.6699981689453
2024-03-27,125.2699966430664,523.1699829101562,444.8299865722656,224.88999938964844,90.25,421.4299926757813,179.8300018310547,150.8699951171875
2024-03-28,125.61000061035156,523.0700073242188,444.010009765625,224.9900054931641,90.3560028076172,420.7200012207031,180.3800048828125,150.92999267578125
2024-04-01,125.4800033569336,522.1599731445312,444.9500122070313,227.94000244140625,90.36299896240234,424.5700073242188,180.97000122070312,155.49000549316406
2024-04-02,124.33999633789062,518.8400268554688,441.1099853515625,225.00999450683597,89.4520034790039,421.4400024414063,180.69000244140625,154.55999755859375
2024-04-03,126.23999786376952,519.4099731445312,442.1000061035156,225.91000366210935,88.96399688720703,420.4500122070313,182.41000366210935,154.9199981689453
2024-04-04,124.19000244140624,513.0700073242188,435.3399963378906,219.88999938964844,85.90499877929688,417.8800048828125,180.0,150.52999877929688
2024-04-05,124.9000015258789,518.4299926757812,440.4700012207031,222.63999938964844,88.00800323486328,425.5199890136719,185.07000732421875,152.5
2024-04-08,124.3499984741211,518.719970703125,440.6000061035156,223.05999755859372,87.13300323486328,424.5899963378906,185.19000244140625,154.85000610351562
2024-04-09,123.2300033569336,519.3200073242188,442.2300109863281,224.1000061035156,85.35399627685547,426.2799987792969,185.6699981689453,156.60000610351562
2024-04-10,121.75,514.1199951171875,438.3699951171875,222.1499938964844,87.03900146484375,423.260009765625,185.9499969482422,156.13999938964844
2024-04-11,123.23999786376952,518.0,445.3699951171875,227.30999755859372,90.61599731445312,427.9299926757813,189.0500030517578,159.41000366210938
2024-04-12,121.11000061035156,510.8500061035156,438.2699890136719,220.67999267578125,88.18599700927734,421.8999938964844,186.1300048828125,157.72999572753906
2024-04-15,119.87999725341795,504.4500122070313,431.05999755859375,217.3600006103516,86.0009994506836,413.6400146484375,183.6199951171875,154.86000061035156
2024-04-16,120.62000274658205,503.5299987792969,431.1000061035156,219.16000366210935,87.41500091552734,414.5799865722656,183.32000732421875,154.39999389648438
2024-04-17,118.66999816894533,500.5499877929688,425.8399963378906,212.3999938964844,84.03500366210938,411.8399963378906,181.27999877929688,155.47000122070312
2024-04-18,116.0,499.5199890136719,423.4100036621094,208.6300048828125,84.6709976196289,404.2699890136719,179.22000122070312,156.00999450683594
2024-04-19,114.87999725341795,495.1600036621094,414.6499938964844,199.2100067138672,76.19999694824219,399.1199951171875,174.6300048828125,154.08999633789062
2024-04-22,114.52999877929688,499.7200012207031,418.8200073242188,203.0200042724609,79.51799774169922,400.9599914550781,177.22999572753906,156.27999877929688
2024-04-23,115.08999633789062,505.6499938964844,425.0700073242188,207.8000030517578,82.4229965209961,407.5700073242188,179.5399932861328,158.25999450683594
2024-04-24,115.33999633789062,505.4100036621094,426.510009765625,208.0399932861328,79.677001953125,409.05999755859375,176.58999633789062,159.1300048828125
2024-04-25,114.88999938964844,503.489990234375,424.4500122070313,212.1999969482422,82.63200378417969,399.0400085449219,173.6699981689453,156.0
2024-04-26,117.20999908447266,508.260009765625,431.0,217.63999938964844,87.73500061035156,406.3200073242188,179.6199951171875,171.9499969482422
2024-04-29,116.48999786376952,510.05999755859375,432.75,218.3800048828125,87.75700378417969,402.25,180.9600067138672,166.14999389648438
2024-04-30,113.75,501.9800109863281,424.5899963378906,214.08999633789065,86.4020004272461,389.3299865722656,175.0,162.77999877929688
2024-05-01,114.62999725341795,500.3500061035156,421.5199890136719,207.8500061035156,83.04100036621094,394.9400024414063,179.0,163.86000061035156
2024-05-02,114.95999908447266,505.0299987792969,426.8999938964844,212.02999877929688,85.81700134277344,397.8399963378906,184.72000122070312,166.6199951171875
2024-05-03,115.8000030517578,511.2900085449219,435.4800109863281,217.72999572753903,88.78900146484375,406.6600036621094,186.2100067138672,167.24000549316406
2024-05-06,118.33999633789062,516.5700073242188,440.25,222.6699981689453,92.13999938964844,413.5400085449219,188.6999969482422,168.10000610351562
2024-05-07,117.93000030517578,517.1400146484375,440.3200073242188,220.72999572753903,90.5540008544922,409.3399963378906,188.75999450683597,171.25
2024-05-08,117.38999938964844,517.1900024414062,440.05999755859375,221.3999938964844,90.41200256347656,410.5400085449219,188.0,169.3800048828125
2024-05-09,116.63999938964844,520.1699829101562,441.0199890136719,219.97999572753903,88.74700164794922,412.3200073242188,189.5,169.9600067138672
2024-05-10,116.66999816894533,520.8400268554688,442.05999755859375,223.3000030517578,89.87799835205078,414.739990234375,187.47999572753903,168.64999389648438
2024-05-13,116.37000274658205,520.9099731445312,443.0799865722656,223.25999450683597,90.39900207519533,413.7200012207031,186.57000732421875,169.13999938964844
2024-05-14,120.87000274658205,523.2999877929688,445.9299926757813,227.0800018310547,91.3560028076172,416.55999755859375,187.07000732421875,170.33999633789062
2024-05-15,121.62999725341795,529.780029296875,452.8999938964844,233.8999938964844,94.62999725341795,423.0799865722656,185.9900054931641,172.50999450683594
2024-05-16,122.16000366210938,528.6900024414062,451.9800109863281,232.1999969482422,94.35900115966795,420.989990234375,183.6300048828125,174.17999267578125
2024-05-17,123.5,529.4500122070312,451.760009765625,230.25,92.47899627685548,420.2099914550781,184.6999969482422,176.05999755859375
2024-05-20,124.5199966430664,530.0599975585938,454.9100036621094,235.0,94.77999877929688,425.3399963378906,183.5399932861328,176.9199981689453
2024-05-21,124.62999725341795,531.3599853515625,455.7999877929688,234.6699981689453,95.38600158691406,429.0400085449219,183.1499938964844,177.85000610351562
2024-05-22,124.5999984741211,529.8300170898438,455.7099914550781,236.58999633789065,94.9499969482422,430.5199890136719,183.1300048828125,176.3800048828125
2024-05-23,124.08999633789062,525.9600219726562,453.6600036621094,239.82000732421875,103.79900360107422,427.0,181.0500030517578,173.5500030517578
2024-05-24,122.91000366210938,529.4400024414062,457.9500122070313,244.25999450683597,106.46900177001952,430.1600036621094,180.75,174.99000549316406
2024-05-28,124.48999786376952,529.8099975585938,459.6799926757813,249.8300018310547,113.9010009765625,430.3200073242188,182.1499938964844,176.39999389648438
2024-05-29,123.73999786376952,526.0999755859375,456.4400024414063,245.6499938964844,114.8249969482422,429.1700134277344,182.0200042724609,175.89999389648438
2024-05-30,117.08999633789062,522.6099853515625,451.5499877929688,242.2700042724609,110.5,414.6700134277344,179.32000732421875,172.11000061035156
2024-05-31,117.19000244140624,527.3699951171875,450.7099914550781,240.47999572753903,109.63300323486328,415.1300048828125,176.44000244140625,172.5
2024-06-03,119.27999877929688,527.7999877929688,453.1300048828125,243.47999572753903,115.0,413.5199890136719,178.33999633789062,173.1699981689453
2024-06-04,120.06999969482422,528.3900146484375,454.3699951171875,242.6000061035156,116.43699645996094,416.0700073242188,179.33999633789062,173.7899932861328
2024-06-05,122.62999725341795,534.6699829101562,463.5299987792969,254.41000366210935,122.44000244140624,424.010009765625,181.27999877929688,175.41000366210938
2024-06-06,123.5,534.6599731445312,463.3699951171875,252.41000366210935,120.9980010986328,424.5199890136719,185.0,176.72999572753906
2024-06-07,125.91999816894533,534.010009765625,462.9599914550781,252.2100067138672,120.88800048828124,423.8500061035156,184.3000030517578,174.4600067138672
2024-06-10,124.5,535.6599731445312,464.8299865722656,255.8600006103516,121.79000091552734,427.8699951171875,187.05999755859372,175.00999450683594
2024-06-11,123.87999725341795,536.9500122070312,468.0199890136719,255.47999572753903,120.91000366210938,432.6799926757813,187.22999572753903,176.6199951171875
2024-06-12,140.3800048828125,541.3599853515625,474.1499938964844,263.0899963378906,125.1999969482422,441.05999755859375,186.88999938964844,177.7899932861328
2024-06-13,139.85000610351562,542.4500122070312,476.7200012207031,267.2099914550781,129.61000061035156,441.5799865722656,183.8300018310547,175.16000366210938
2024-06-14,138.1300048828125,542.780029296875,479.1900024414063,267.8900146484375,131.8800048828125,442.5700073242188,183.66000366210935,176.7899932861328
2024-06-17,141.30999755859375,547.0999755859375,485.05999755859375,272.4800109863281,130.97999572753906,448.3699951171875,184.05999755859372,177.24000549316406
2024-06-18,144.63999938964844,548.489990234375,485.2099914550781,276.760009765625,135.5800018310547,446.3399963378906,182.80999755859372,175.08999633789062
2024-06-20,142.91000366210938,547.0,481.4700012207031,268.9200134277344,130.77999877929688,445.7000122070313,186.1000061035156,176.3000030517578
2024-06-21,141.5,544.510009765625,480.1799926757813,264.8900146484375,126.56999969482422,449.7799987792969,189.0800018310547,179.6300048828125
2024-06-24,139.88999938964844,542.739990234375,473.9599914550781,255.77999877929688,118.11000061035156,447.6700134277344,185.57000732421875,179.22000122070312
2024-06-25,139.1699981689453,544.8300170898438,479.3800048828125,261.7699890136719,126.08999633789062,450.9500122070313,186.33999633789065,184.02999877929688
2024-06-26,138.22999572753906,545.510009765625,480.3699951171875,260.9100036621094,126.4000015258789,452.1600036621094,193.6100006103516,183.8800048828125
2024-06-27,140.17999267578125,546.3699951171875,481.6099853515625,258.8599853515625,123.98999786376952,452.8500061035156,197.8500061035156,185.41000366210935
2024-06-28,141.1999969482422,544.219970703125,479.1099853515625,260.70001220703125,123.54000091552734,446.9500122070313,193.25,182.1499938964844
2024-07-01,143.08999633789062,545.3400268554688,481.9200134277344,261.010009765625,124.3000030517578,456.7300109863281,197.1999969482422,182.9900054931641
2024-07-02,143.27999877929688,549.010009765625,486.9800109863281,263.6300048828125,122.66999816894533,459.2799987792969,200.0,185.2400054931641
2024-07-03,144.3800048828125,551.4600219726562,491.0400085449219,269.6199951171875,128.27999877929688,460.7699890136719,197.58999633789065,185.82000732421875
2024-07-05,144.8300018310547,554.6400146484375,496.1600036621094,269.7200012207031,125.83000183105467,467.55999755859375,200.0,190.6000061035156
2024-07-08,145.02999877929688,555.280029296875,497.3399963378906,274.2099914550781,128.1999969482422,466.239990234375,199.2899932861328,189.02999877929688
2024-07-09,140.67999267578125,555.8200073242188,497.7699890136719,274.8099975585937,131.3800048828125,459.5400085449219,199.33999633789065,188.97999572753903
2024-07-10,142.07000732421875,561.3200073242188,502.9599914550781,281.2699890136719,134.91000366210938,466.25,199.7899932861328,191.17999267578125
2024-07-11,142.75999450683594,556.47998046875,491.9299926757813,271.0199890136719,127.4000015258789,454.7000122070313,195.0500030517578,185.57000732421875
2024-07-12,144.77000427246094,559.989990234375,494.8200073242188,274.45001220703125,129.24000549316406,453.5499877929688,194.4900054931641,185.07000732421875
2024-07-15,143.07000732421875,561.530029296875,496.1499938964844,273.8299865722656,128.44000244140625,453.9599914550781,192.72000122070312,186.52999877929688
2024-07-16,142.61000061035156,564.8599853515625,496.3399963378906,273.7099914550781,126.36000061035156,449.5199890136719,193.0200042724609,183.9199981689453
2024-07-17,139.25999450683594,556.9400024414062,481.7699890136719,254.22000122070312,117.98999786376952,443.5199890136719,187.92999267578125,181.0200042724609
2024-07-18,138.02999877929688,552.6599731445312,479.489990234375,255.5399932861328,121.08999633789062,440.3699951171875,183.75,177.69000244140625
2024-07-19,138.55999755859375,548.989990234375,475.239990234375,248.13999938964844,117.93000030517578,437.1099853515625,183.1300048828125,177.66000366210938
2024-07-22,140.1699981689453,554.6500244140625,482.3200073242188,257.7200012207031,123.54000091552734,442.9400024414063,182.5500030517578,181.6699981689453
2024-07-23,143.11000061035156,553.780029296875,480.6199951171875,254.8600006103516,122.58999633789062,444.8500061035156,186.41000366210935,181.7899932861328
2024-07-24,138.77000427246094,541.22998046875,463.3800048828125,240.97999572753903,114.25,428.8999938964844,180.8300018310547,172.6300048828125
2024-07-25,137.82000732421875,538.4099731445312,458.2699890136719,236.55999755859372,112.27999877929688,418.3999938964844,179.85000610351562,167.27999877929688
2024-07-26,139.00999450683594,544.4400024414062,462.9700012207031,240.30999755859372,113.05999755859376,425.2699890136719,182.5,167.0
2024-07-29,138.30999755859375,544.760009765625,463.8999938964844,238.6000061035156,111.58999633789062,426.7300109863281,183.1999969482422,169.52999877929688
2024-07-30,135.6699981689453,542.0,457.5299987792969,229.47000122070312,103.7300033569336,422.9200134277344,181.7100067138672,170.2899932861328
2024-07-31,139.4499969482422,550.8099975585938,471.0700073242188,246.9900054931641,117.0199966430664,418.3500061035156,186.97999572753903,171.5399932861328
2024-08-01,137.50999450683594,543.010009765625,459.6600036621094,231.00999450683597,109.20999908447266,417.1099853515625,184.07000732421875,170.75999450683594
2024-08-02,133.27999877929688,532.9000244140625,448.75,218.42999267578125,107.2699966430664,408.489990234375,167.89999389648438,166.66000366210938
2024-08-05,127.86000061035156,517.3800048828125,435.3699951171875,213.30999755859372,100.4499969482422,395.1499938964844,161.02000427246094,159.25
2024-08-06,128.2100067138672,522.1500244140625,439.5299987792969,217.4600067138672,104.25,399.6099853515625,161.92999267578125,158.2899932861328
2024-08-07,125.9000015258789,518.6599731445312,434.7699890136719,211.47000122070312,98.91000366210938,398.4299926757813,162.77000427246094,158.94000244140625
2024-08-08,128.9600067138672,530.6500244140625,448.0700073242188,224.91000366210935,104.97000122070312,402.6900024414063,165.8000030517578,162.02999877929688
2024-08-09,132.05999755859375,532.989990234375,450.4100036621094,224.8500061035156,104.75,406.0199890136719,166.94000244140625,163.6699981689453
2024-08-12,132.5800018310547,533.27001953125,451.3800048828125,226.9600067138672,109.0199966430664,406.80999755859375,166.8000030517578,162.2899932861328
2024-08-13,134.25999450683594,542.0399780273438,462.5799865722656,236.19000244140625,116.13999938964844,414.010009765625,170.22999572753906,164.16000366210938
2024-08-14,135.60000610351562,543.75,462.7300109863281,236.38999938964844,118.08000183105467,416.8599853515625,170.10000610351562,160.3699951171875
2024-08-15,136.92999267578125,553.0700073242188,474.4200134277344,246.3699951171875,122.86000061035156,421.0299987792969,177.58999633789062,161.3000030517578
2024-08-16,137.47000122070312,554.3099975585938,475.0299987792969,246.7100067138672,124.58000183105467,418.4700012207031,177.05999755859375,162.9600067138672
2024-08-19,137.9199981689453,559.6099853515625,481.2699890136719,251.33999633789065,130.0,421.5299987792969,178.22000122070312,166.6699981689453
2024-08-20,139.1699981689453,558.7000122070312,480.260009765625,248.05999755859372,127.25,424.7999877929688,178.8800048828125,167.17999267578125
2024-08-21,140.1999969482422,560.6199951171875,482.5,250.6300048828125,128.5,424.1400146484375,180.11000061035156,165.85000610351562
2024-08-22,138.0800018310547,556.219970703125,474.8500061035156,242.4199981689453,123.73999786376952,415.5499877929688,176.1300048828125,163.8000030517578
2024-08-23,139.19000244140625,562.1300048828125,480.0,248.38999938964844,129.3699951171875,416.7900085449219,177.0399932861328,165.6199951171875
2024-08-26,138.89999389648438,560.7899780273438,475.3399963378906,242.57000732421875,126.45999908447266,413.489990234375,175.5,166.16000366210938
2024-08-27,138.47999572753906,561.5599975585938,476.760009765625,245.00999450683597,128.3000030517578,413.8399963378906,173.1199951171875,164.67999267578125
2024-08-28,137.8800048828125,558.2999877929688,471.3500061035156,240.88999938964844,125.61000061035156,410.6000061035156,170.8000030517578,162.85000610351562
2024-08-29,139.4199981689453,558.3499755859375,470.6600036621094,237.91000366210935,117.58999633789062,413.1199951171875,172.1199951171875,161.77999877929688
2024-08-30,141.2899932861328,563.6799926757812,476.2699890136719,243.4600067138672,119.37000274658205,417.1400146484375,178.5,163.3800048828125
2024-09-03,139.5,552.0800170898438,461.80999755859375,225.19000244140625,108.0,409.4400024414063,176.25,157.36000061035156
2024-09-04,140.75,550.9500122070312,460.6099853515625,224.6499938964844,106.20999908447266,408.8999938964844,173.3300018310547,156.4499969482422
2024-09-05,142.61000061035156,549.6099853515625,461.0400085449219,224.25999450683597,107.20999908447266,408.3900146484375,177.88999938964844,157.24000549316406
2024-09-06,141.80999755859375,540.3599853515625,448.6900024414063,215.0,102.83000183105467,401.7000122070313,171.38999938964844,150.9199981689453
2024-09-09,139.88999938964844,546.4099731445312,454.4599914550781,219.8600006103516,106.47000122070312,405.7200012207031,175.39999389648438,148.7100067138672
2024-09-10,155.88999938964844,548.7899780273438,458.6600036621094,221.94000244140625,108.0999984741211,414.2000122070313,179.5500030517578,148.66000366210938
2024-09-11,157.17999267578125,554.4199829101562,468.6199951171875,233.3999938964844,116.91000366210938,423.0400085449219,184.5200042724609,151.16000366210938
2024-09-12,161.3800048828125,559.0900268554688,473.2200012207031,233.8999938964844,119.13999938964844,427.0,187.0,154.69000244140625
2024-09-13,162.02999877929688,562.010009765625,475.3399963378906,236.91000366210935,119.0999984741211,430.5899963378906,186.4900054931641,157.4600067138672
2024-09-16,170.3300018310547,562.8400268554688,473.239990234375,233.8000030517578,116.77999877929688,431.3399963378906,184.88999938964844,158.05999755859375
2024-09-17,167.47000122070312,563.0700073242188,473.489990234375,233.72000122070312,115.58999633789062,435.1499938964844,186.8800048828125,159.32000732421875
2024-09-18,164.52999877929688,561.4000244140625,471.4400024414063,231.05999755859372,113.37000274658205,430.80999755859375,186.42999267578125,159.80999755859375
2024-09-19,167.58999633789062,570.97998046875,483.3599853515625,241.08999633789065,117.87000274658205,438.6900024414063,189.8699951171875,162.13999938964844
2024-09-20,168.0,568.25,482.4400024414063,237.8999938964844,116.0,435.2699890136719,191.6000061035156,163.58999633789062
2024-09-23,165.9499969482422,569.6699829101562,483.0400085449219,238.9499969482422,116.26000213623048,433.510009765625,193.8800048828125,161.85000610351562
2024-09-24,165.8000030517578,571.2999877929688,485.3699951171875,243.3999938964844,120.87000274658205,429.1700134277344,193.9600067138672,162.2899932861328
2024-09-25,166.27999877929688,570.0399780273438,485.8200073242188,245.5399932861328,123.51000213623048,432.1099853515625,192.52999877929688,161.49000549316406
2024-09-26,168.10000610351562,572.2999877929688,489.4700012207031,252.6199951171875,124.04000091552734,431.30999755859375,191.16000366210935,162.72999572753906
2024-09-27,168.74000549316406,571.469970703125,486.75,247.7400054931641,121.4000015258789,428.0199890136719,187.97000122070312,163.9499969482422
2024-09-30,170.39999389648438,573.760009765625,488.0700073242188,245.4499969482422,121.44000244140624,430.2999877929688,186.3300018310547,165.85000610351562
2024-10-01,167.16000366210938,568.6199951171875,481.2699890136719,238.8800048828125,117.0,420.6900024414063,185.1300048828125,166.99000549316406
2024-10-02,167.7100067138672,568.8599853515625,481.9500122070313,242.32000732421875,118.8499984741211,417.1300048828125,184.75999450683597,165.86000061035156
2024-10-03,166.86000061035156,567.8200073242188,481.5899963378906,244.5500030517578,122.8499984741211,416.5400085449219,181.9600067138672,165.86000061035156
2024-10-04,170.86000061035156,572.97998046875,487.3200073242188,247.82000732421875,124.91999816894533,416.05999755859375,186.50999450683597,167.05999755859375
2024-10-07,169.97000122070312,567.7999877929688,482.1000061035156,248.22000122070312,127.72000122070312,409.5400085449219,180.8000030517578,162.97999572753906
2024-10-08,174.3699951171875,573.1699829101562,489.2999877929688,252.5200042724609,132.88999938964844,414.7099914550781,182.72000122070312,164.3800048828125
2024-10-09,178.2899932861328,577.1400146484375,493.1499938964844,255.1499938964844,132.64999389648438,417.4599914550781,185.1699981689453,161.86000061035156
2024-10-10,175.41000366210938,576.1300048828125,492.5899963378906,254.6499938964844,134.80999755859375,415.8399963378906,186.6499938964844,162.0800018310547
2024-10-11,175.77000427246094,579.5800170898438,493.3599853515625,256.69000244140625,134.8000030517578,416.3200073242188,188.82000732421875,163.24000549316406
2024-10-14,176.1199951171875,584.3200073242188,497.5,261.2799987792969,138.07000732421875,419.1400146484375,187.5399932861328,164.9600067138672
2024-10-15,174.08999633789062,579.780029296875,490.8500061035156,247.16000366210935,131.60000610351562,418.739990234375,187.69000244140625,165.4600067138672
2024-10-16,174.77000427246094,582.2999877929688,490.9100036621094,247.32000732421875,135.72000122070312,416.1199951171875,186.88999938964844,165.16000366210938
2024-10-17,175.67999267578125,582.3499755859375,491.25,251.5800018310547,136.92999267578125,416.7200012207031,187.52999877929688,162.92999267578125
2024-10-18,174.69000244140625,584.5900268554688,494.4700012207031,251.50999450683597,138.0,418.1600036621094,188.9900054931641,163.4199981689453
2024-10-21,173.75999450683594,583.6300048828125,495.4200134277344,252.83999633789065,143.7100067138672,418.7799987792969,189.07000732421875,164.07000732421875
2024-10-22,175.30999755859375,583.3200073242188,495.9599914550781,251.69000244140625,143.58999633789062,427.510009765625,189.6999969482422,165.13999938964844
2024-10-23,173.10000610351562,577.989990234375,488.3599853515625,249.00999450683597,139.55999755859375,424.6000061035156,184.7100067138672,162.77999877929688
2024-10-24,174.3800048828125,579.239990234375,492.3200073242188,250.05999755859372,140.41000366210938,424.7300109863281,186.3800048828125,162.72000122070312
2024-10-25,173.52000427246094,579.0399780273438,495.3200073242188,252.9600067138672,141.5399932861328,428.1499938964844,187.8300018310547,165.27000427246094
2024-10-28,172.4199981689453,580.8300170898438,495.3999938964844,251.2100067138672,140.52000427246094,426.5899963378906,188.38999938964844,166.72000122070312
2024-10-29,173.42999267578125,581.77001953125,500.1600036621094,256.9200134277344,141.25,431.9500122070313,190.8300018310547,169.67999267578125
2024-10-30,174.55999755859375,580.010009765625,496.3800048828125,250.67999267578125,139.33999633789062,432.5299987792969,192.72999572753903,174.4600067138672
2024-10-31,167.83999633789062,568.6400146484375,483.8500061035156,241.67999267578125,132.75999450683594,406.3500061035156,186.3999938964844,171.11000061035156
2024-11-01,170.02000427246094,571.0399780273438,487.4299926757813,244.75,135.39999389648438,410.3699951171875,197.92999267578125,171.2899932861328
2024-11-04,169.58999633789062,569.8099975585938,486.010009765625,244.2700042724609,136.0500030517578,408.4599914550781,195.77999877929688,169.24000549316406
2024-11-05,171.77999877929688,576.7000122070312,492.2099914550781,248.30999755859372,139.91000366210938,411.4599914550781,199.5,169.74000549316406
2024-11-06,181.2400054931641,591.0399780273438,505.5799865722656,254.80999755859372,145.61000061035156,420.1799926757813,207.08999633789065,176.50999450683594
2024-11-07,186.3699951171875,595.6099853515625,513.5399780273438,261.0199890136719,148.8800048828125,425.4299926757813,210.0500030517578,180.75
2024-11-08,189.25,598.1900024414062,514.1400146484375,259.3399963378906,147.6300048828125,422.5400085449219,208.17999267578125,178.35000610351562
2024-11-11,189.1300048828125,598.760009765625,513.8400268554688,253.52999877929688,145.25999450683594,418.010009765625,206.83999633789065,180.3500061035156
2024-11-12,189.5800018310547,596.9000244140625,512.9099731445312,251.8600006103516,148.2899932861328,423.0299987792969,208.91000366210935,181.6199951171875
2024-11-13,189.6300048828125,597.1900024414062,512.25,247.6300048828125,146.27000427246094,425.2000122070313,214.1000061035156,178.8800048828125
2024-11-14,187.0500030517578,593.3499755859375,508.6900024414063,248.17999267578125,146.75999450683594,426.8900146484375,211.47999572753903,175.5800018310547
2024-11-15,183.7400054931641,585.75,496.5700073242188,239.9499969482422,141.97999572753906,415.0,202.6100006103516,172.49000549316406
2024-11-18,185.72999572753903,588.1500244140625,500.0199890136719,241.5399932861328,140.14999389648438,415.760009765625,201.6999969482422,175.3000030517578
2024-11-19,188.8999938964844,590.2999877929688,503.4599914550781,244.17999267578125,147.00999450683594,417.7900085449219,204.6100006103516,178.1199951171875
2024-11-20,190.75,590.5,503.1700134277344,242.5399932861328,145.88999938964844,415.489990234375,202.8800048828125,175.97999572753906
2024-11-21,192.42999267578125,593.6699829101562,504.9800109863281,246.1000061035156,146.6699981689453,412.8699951171875,198.3800048828125,167.6300048828125
2024-11-22,192.2899932861328,595.510009765625,505.7900085449219,244.6199951171875,141.9499969482422,417.0,197.1199951171875,164.75999450683594
2024-11-25,187.9900054931641,597.530029296875,506.5899963378906,243.66000366210935,136.02000427246094,418.7900085449219,201.4499969482422,167.64999389648438
2024-11-26,190.3699951171875,600.6500244140625,509.30999755859375,241.4199981689453,136.9199981689453,427.989990234375,207.8600006103516,169.1199951171875
2024-11-27,182.6999969482422,598.8300170898438,505.2999877929688,238.25,135.33999633789062,422.989990234375,205.7400054931641,169.22999572753906
2024-11-29,184.83999633789065,602.5499877929688,509.739990234375,242.1300048828125,138.25,423.4599914550781,207.88999938964844,168.9499969482422
2024-12-02,181.41000366210935,603.6300048828125,515.2899780273438,247.8699951171875,138.6300048828125,430.9800109863281,210.7100067138672,171.49000549316406
2024-12-03,182.88999938964844,603.9099731445312,516.8699951171875,248.4199981689453,140.25999450683594,431.2000122070313,213.44000244140625,171.33999633789062
2024-12-04,188.19000244140625,607.6599731445312,523.260009765625,252.6300048828125,145.13999938964844,437.4200134277344,218.16000366210935,174.3699951171875
2024-12-05,186.2400054931641,606.6599731445312,521.8099975585938,248.3000030517578,145.05999755859375,442.6199951171875,220.5500030517578,172.63999938964844
2024-12-06,191.69000244140625,607.8099975585938,526.47998046875,248.6100006103516,142.44000244140625,443.5700073242188,227.02999877929688,174.7100067138672
2024-12-09,190.4499969482422,604.6799926757812,522.3800048828125,246.07000732421875,138.80999755859375,446.0199890136719,226.08999633789065,175.3699951171875
2024-12-10,177.74000549316406,602.7999877929688,520.5999755859375,239.8800048828125,135.07000732421875,443.3299865722656,225.0399932861328,185.1699981689453
2024-12-11,178.5800018310547,607.4600219726562,529.9199829101562,245.75,139.30999755859375,448.989990234375,230.25999450683597,195.3999938964844
2024-12-12,175.32000732421875,604.3300170898438,526.5,243.3699951171875,137.33999633789062,449.55999755859375,228.97000122070312,191.9600067138672
2024-12-13,173.38999938964844,604.2100219726562,530.530029296875,249.4900054931641,134.25,447.2699890136719,227.4600067138672,189.82000732421875
2024-12-16,171.22999572753906,606.7899780273438,538.1699829101562,253.25,132.0,451.5899963378906,232.92999267578125,196.66000366210935
2024-12-17,169.7100067138672,604.2899780273438,535.7999877929688,249.9600067138672,130.38999938964844,454.4599914550781,231.1499938964844,195.4199981689453
2024-12-18,165.41000366210938,586.280029296875,516.469970703125,241.9900054931641,128.91000366210938,437.3900146484375,220.5200042724609,188.3999938964844
2024-12-19,168.7899932861328,586.0999755859375,514.1699829101562,238.8699951171875,130.67999267578125,437.0299987792969,223.2899932861328,188.50999450683597
2024-12-20,169.66000366210938,591.1500244140625,518.6599731445312,242.7100067138672,134.6999969482422,436.6000061035156,224.9199981689453,191.41000366210935
2024-12-23,169.13999938964844,594.6900024414062,522.8699951171875,249.22000122070312,139.6699981689453,435.25,225.05999755859372,194.6300048828125
2024-12-24,171.41000366210938,601.2999877929688,529.9600219726562,251.3699951171875,140.22000122070312,439.3299865722656,229.0500030517578,196.1100006103516
2024-12-26,171.67999267578125,601.3400268554688,529.5999755859375,250.92999267578125,139.92999267578125,438.1099853515625,227.0500030517578,195.6000061035156
2024-12-27,168.9600067138672,595.010009765625,522.5599975585938,248.3999938964844,137.00999450683594,430.5299987792969,223.75,192.75999450683597
2024-12-30,166.91000366210938,588.219970703125,515.6099853515625,244.66000366210935,137.49000549316406,424.8299865722656,221.3000030517578,191.2400054931641
2024-12-31,166.63999938964844,586.0800170898438,511.2300109863281,242.1699981689453,134.2899932861328,421.5,219.38999938964844,189.3000030517578
2025-01-02,166.02999877929688,584.6400146484375,510.2300109863281,244.7899932861328,138.30999755859375,418.5799865722656,220.22000122070312,189.42999267578125
2025-01-03,166.32000732421875,591.9500122070312,518.5800170898438,251.8800048828125,144.47000122070312,423.3500061035156,224.19000244140625,191.7899932861328
2025-01-06,165.69000244140625,595.3599853515625,524.5399780273438,260.2300109863281,149.42999267578125,427.8500061035156,227.6100006103516,196.8699951171875
2025-01-07,162.02999877929688,588.6300048828125,515.1799926757812,254.0399932861328,140.13999938964844,422.3699951171875,222.1100006103516,195.4900054931641
2025-01-08,163.13999938964844,589.489990234375,515.27001953125,252.22999572753903,140.11000061035156,424.55999755859375,222.1300048828125,193.9499969482422
2025-01-10,154.5,580.489990234375,507.1900024414063,247.17999267578125,135.91000366210938,418.9500122070313,218.94000244140625,192.0399932861328
2025-01-13,153.9199981689453,581.3900146484375,505.55999755859375,244.63999938964844,133.22999572753906,417.1900024414063,218.4600067138672,191.00999450683597
2025-01-14,156.30999755859375,582.1900024414062,505.0799865722656,245.44000244140625,131.75999450683594,415.6700134277344,217.75999450683597,189.66000366210935
2025-01-15,158.30999755859375,592.780029296875,516.7000122070312,251.2100067138672,136.24000549316406,426.30999755859375,223.3500061035156,195.5500030517578
2025-01-16,159.5399932861328,591.6400146484375,513.0800170898438,252.2899932861328,133.57000732421875,424.5799865722656,220.66000366210935,192.91000366210935
2025-01-17,161.02999877929688,597.5800170898438,521.739990234375,258.25,137.7100067138672,429.0299987792969,225.94000244140625,196.0
2025-01-21,172.57000732421875,603.0499877929688,524.7999877929688,262.3900146484375,140.8300018310547,428.5,230.7100067138672,198.0500030517578
2025-01-22,184.22000122070312,606.4400024414062,531.510009765625,267.1700134277344,147.07000732421875,446.2000122070313,235.00999450683597,198.3699951171875
2025-01-23,186.47000122070312,609.75,532.6400146484375,266.8500061035156,147.22000122070312,446.7099914550781,235.4199981689453,197.97999572753903
2025-01-24,183.6000061035156,607.969970703125,529.6300048828125,261.5299987792969,142.6199951171875,444.05999755859375,234.8500061035156,200.2100067138672
2025-01-27,158.27999877929688,599.3699951171875,514.2100219726562,235.80999755859372,118.41999816894533,434.55999755859375,235.4199981689453,191.80999755859372
2025-01-28,164.0,604.52001953125,521.8099975585938,240.4499969482422,128.99000549316406,447.2000122070313,238.1499938964844,195.3000030517578
2025-01-29,162.02000427246094,601.8099975585938,520.8300170898438,239.52999877929688,123.6999969482422,442.3299865722656,237.07000732421875,195.41000366210935
2025-01-30,170.3800048828125,605.0399780273438,523.0499877929688,245.1699981689453,124.6500015258789,414.989990234375,234.63999938964844,200.8699951171875
2025-01-31,170.05999755859375,601.8200073242188,522.2899780273438,243.6199951171875,120.06999969482422,415.05999755859375,237.67999267578125,204.0200042724609
2025-02-03,168.60000610351562,597.77001953125,518.1099853515625,238.77999877929688,116.66000366210938,410.9200134277344,237.4199981689453,201.22999572753903
2025-02-04,167.88999938964844,601.780029296875,524.469970703125,241.47000122070312,118.6500015258789,412.3699951171875,242.05999755859372,206.3800048828125
2025-02-05,171.66000366210938,604.219970703125,526.8499755859375,247.13999938964844,124.83000183105467,413.2900085449219,236.1699981689453,191.3300018310547
2025-02-06,172.35000610351562,606.3200073242188,529.5999755859375,248.3500061035156,128.67999267578125,415.8200073242188,238.8300018310547,191.6000061035156
2025-02-07,174.4600067138672,600.77001953125,522.9199829101562,245.0,129.83999633789062,409.75,229.1499938964844,185.33999633789065
2025-02-10,178.9199981689453,604.8499755859375,529.25,249.6199951171875,133.57000732421875,412.2200012207031,233.13999938964844,186.47000122070312
2025-02-11,177.19000244140625,605.3099975585938,527.989990234375,249.8699951171875,132.8000030517578,411.4400024414063,232.75999450683597,185.32000732421875
2025-02-12,172.22000122070312,603.3599853515625,528.2999877929688,248.50999450683597,131.13999938964844,409.0400085449219,228.92999267578125,183.6100006103516
2025-02-13,173.86000061035156,609.72998046875,535.9000244140625,251.9199981689453,135.2899932861328,410.5400085449219,230.3699951171875,186.13999938964844
2025-02-14,174.16000366210938,609.7000122070312,538.1500244140625,252.5800018310547,138.85000610351562,408.4299926757813,228.67999267578125,185.22999572753903
2025-02-18,179.8000030517578,611.489990234375,539.3699951171875,256.2200012207031,139.39999389648438,409.6400146484375,226.6499938964844,183.7700042724609
2025-02-19,181.5200042724609,612.9299926757812,539.52001953125,257.3399963378906,139.22999572753906,414.7699890136719,226.6300048828125,185.2700042724609
2025-02-20,176.0,610.3800048828125,537.22998046875,257.79998779296875,140.11000061035156,416.1300048828125,222.8800048828125,184.55999755859372
2025-02-21,167.80999755859375,599.9400024414062,526.0800170898438,249.9900054931641,134.42999267578125,408.2099914550781,216.5800018310547,179.66000366210938
2025-02-24,169.9600067138672,597.2100219726562,519.8699951171875,243.4199981689453,130.27999877929688,404.0,212.7100067138672,179.25
2025-02-25,168.5399932861328,594.239990234375,513.3200073242188,238.25,126.62999725341795,397.8999938964844,212.8000030517578,175.4199981689453
2025-02-26,172.47000122070312,594.5399780273438,514.5599975585938,243.82000732421875,131.27999877929688,399.7300109863281,214.3500061035156,172.72999572753906
2025-02-27,164.75999450683594,585.0499877929688,500.2699890136719,228.7899932861328,120.1500015258789,392.5299987792969,208.7400054931641,168.5
2025-02-28,166.05999755859375,594.1799926757812,508.1700134277344,232.7700042724609,124.91999816894533,396.989990234375,212.27999877929688,170.27999877929688
2025-03-03,162.02000427246094,583.77001953125,497.0499877929688,223.00999450683597,114.05999755859376,388.489990234375,205.0200042724609,167.00999450683594
2025-03-04,157.47000122070312,576.8599853515625,495.5499877929688,225.22999572753903,115.98999786376952,388.6099853515625,203.8000030517578,170.9199981689453
2025-03-05,161.55999755859375,583.0599975585938,502.010009765625,229.3999938964844,117.3000030517578,401.0199890136719,208.3600006103516,173.02000427246094
2025-03-06,150.94000244140625,572.7100219726562,488.2000122070313,219.77999877929688,110.56999969482422,396.8900146484375,200.6999969482422,172.35000610351562
2025-03-07,155.16000366210938,575.9199829101562,491.7900085449219,225.08999633789065,112.69000244140624,393.30999755859375,199.25,173.86000061035156
2025-03-10,148.7899932861328,560.5800170898438,472.7300109863281,214.52999877929688,106.9800033569336,380.1600036621094,194.5399932861328,165.8699951171875
2025-03-11,144.17999267578125,555.9199829101562,471.6000061035156,214.22000122070312,108.76000213623048,380.4500122070313,196.58999633789065,164.0399932861328
2025-03-12,150.88999938964844,558.8699951171875,476.9200134277344,220.5200042724609,115.73999786376952,383.2699890136719,198.88999938964844,167.11000061035156
2025-03-13,147.66000366210938,551.4199829101562,468.3399963378906,219.5500030517578,115.58000183105467,378.7699890136719,193.88999938964844,162.75999450683594
2025-03-14,149.27000427246094,562.8099975585938,479.6600036621094,226.57000732421875,121.66999816894533,388.55999755859375,197.9499969482422,165.49000549316406
2025-03-17,154.00999450683594,567.1500244140625,482.7699890136719,228.9600067138672,119.52999877929688,388.7000122070313,195.7400054931641,164.2899932861328
2025-03-18,149.4499969482422,561.02001953125,474.5400085449219,225.4199981689453,115.43000030517578,383.5199890136719,192.82000732421875,160.6699981689453
2025-03-19,152.4499969482422,567.1300048828125,480.8900146484375,227.41000366210935,117.5199966430664,387.8200073242188,195.5399932861328,163.88999938964844
2025-03-20,152.72000122070312,565.489990234375,479.260009765625,227.0500030517578,118.52999877929688,386.8399963378906,194.9499969482422,162.8000030517578
2025-03-21,152.22999572753906,563.97998046875,480.8399963378906,224.7700042724609,117.6999969482422,391.260009765625,196.2100067138672,163.99000549316406
2025-03-24,154.8699951171875,574.0800170898438,490.6600036621094,230.6300048828125,121.41000366210938,393.0799865722656,203.25999450683597,167.67999267578125
2025-03-25,153.92999267578125,575.4600219726562,493.4599914550781,229.6499938964844,120.69000244140624,395.1600036621094,205.7100067138672,170.55999755859375
2025-03-26,147.8000030517578,568.5900268554688,484.3800048828125,222.00999450683597,113.76000213623048,389.9700012207031,201.1300048828125,165.05999755859375
2025-03-27,145.77999877929688,567.0800170898438,481.6199951171875,217.75,111.43000030517578,390.5799865722656,201.3600006103516,162.24000549316406
2025-03-28,140.8699951171875,555.6599731445312,468.9400024414063,212.1699981689453,109.66999816894533,378.7999877929688,192.72000122070312,154.3300018310547
2025-03-31,139.80999755859375,559.3900146484375,468.9200134277344,211.47000122070312,108.37999725341795,375.3900146484375,190.25999450683597,154.63999938964844
2025-04-01,141.94000244140625,560.969970703125,472.7000122070313,212.4900054931641,110.1500015258789,382.1900024414063,192.1699981689453,157.07000732421875
2025-04-02,145.86000061035156,564.52001953125,476.1499938964844,214.08999633789065,110.41999816894533,382.1400146484375,196.00999450683597,157.0399932861328
2025-04-03,137.22999572753906,536.7000122070312,450.6600036621094,195.57000732421875,101.8000030517578,373.1099853515625,178.41000366210938,150.72000122070312
2025-04-04,128.27000427246094,505.2799987792969,422.6700134277344,180.8000030517578,94.30999755859376,359.8399963378906,171.0,145.60000610351562
2025-04-07,127.16000366210938,504.3800048828125,423.6900024414063,184.8999938964844,97.63999938964844,357.8599853515625,175.25999450683594,146.75
2025-04-08,124.5,496.4800109863281,416.05999755859375,179.9499969482422,96.3000030517578,354.5599975585937,170.66000366210938,144.6999969482422
2025-04-09,139.69000244140625,548.6199951171875,466.0,210.8300018310547,114.33000183105467,390.489990234375,191.1000061035156,158.7100067138672
2025-04-10,133.35000610351562,524.5800170898438,446.1799926757813,196.2100067138672,107.56999969482422,381.3500061035156,181.22000122070312,152.82000732421875
2025-04-11,132.35000610351562,533.9400024414062,454.3999938964844,201.30999755859372,110.93000030517578,388.4500122070313,184.8699951171875,157.13999938964844
2025-04-14,134.63999938964844,539.1199951171875,457.4800109863281,201.6100006103516,110.70999908447266,387.80999755859375,182.1199951171875,159.07000732421875
2025-04-15,133.94000244140625,537.6099853515625,457.989990234375,202.9199981689453,112.1999969482422,385.7300109863281,179.58999633789062,156.30999755859375
2025-04-16,129.75999450683594,525.6599731445312,444.1799926757813,194.3500061035156,104.48999786376952,371.6099853515625,174.3300018310547,153.3300018310547
2025-04-17,128.6199951171875,526.4099731445312,444.1000061035156,192.52999877929688,101.48999786376952,367.7799987792969,172.61000061035156,151.16000366210938
2025-04-21,122.81999969482422,513.8800048828125,433.1099853515625,187.8300018310547,96.91000366210938,359.1199951171875,167.32000732421875,147.6699981689453
2025-04-22,127.23999786376952,527.25,444.4800109863281,191.8999938964844,98.88999938964844,366.8200073242188,173.17999267578125,151.47000122070312
2025-04-23,131.39999389648438,535.4199829101562,454.55999755859375,198.91000366210935,102.70999908447266,374.3900146484375,180.6000061035156,155.35000610351562
2025-04-24,137.50999450683594,546.6900024414062,467.3500061035156,208.97000122070312,106.43000030517578,387.2999877929688,186.5399932861328,159.27999877929688
2025-04-25,138.49000549316406,550.6400146484375,472.55999755859375,211.97000122070312,111.01000213623048,391.8500061035156,188.9900054931641,161.9600067138672
2025-04-28,140.13999938964844,550.8499755859375,472.4100036621094,210.6499938964844,108.7300033569336,391.1600036621094,187.6999969482422,160.61000061035156
2025-04-29,140.7899932861328,554.3200073242188,475.5299987792969,210.2899932861328,109.0199966430664,394.0400085449219,187.38999938964844,160.16000366210938
2025-04-30,140.72000122070312,554.5399780273438,475.4700012207031,211.27999877929688,108.91999816894533,395.260009765625,184.4199981689453,158.8000030517578
2025-05-01,145.49000549316406,558.469970703125,481.6799926757813,212.3000030517578,111.61000061035156,425.3999938964844,190.1999969482422,161.3000030517578
2025-05-02,150.72999572753906,566.760009765625,488.8299865722656,219.02999877929688,114.5,435.2799987792969,189.97999572753903,164.02999877929688
2025-05-05,149.2899932861328,563.510009765625,485.9299926757813,217.6100006103516,113.81999969482422,436.1700134277344,186.3500061035156,164.2100067138672
2025-05-06,147.6999969482422,558.7999877929688,481.4100036621094,215.58999633789065,113.54000091552734,433.30999755859375,185.00999450683597,163.22999572753906
2025-05-07,149.3699951171875,561.1500244140625,483.2999877929688,220.0200042724609,117.05999755859376,433.3500061035156,188.7100067138672,151.3800048828125
2025-05-08,150.3000030517578,565.0599975585938,488.2900085449219,221.9499969482422,117.37000274658205,438.1700134277344,192.0800018310547,154.27999877929688
2025-05-09,150.33999633789062,564.3400268554688,487.9700012207031,223.3999938964844,116.6500015258789,438.7300109863281,193.05999755859372,152.75
2025-05-12,157.22000122070312,582.989990234375,507.8500061035156,237.41000366210935,123.0,449.260009765625,208.63999938964844,158.4600067138672
2025-05-13,162.27000427246094,586.8400268554688,515.5900268554688,245.55999755859372,129.92999267578125,449.1400146484375,211.3699951171875,159.52999877929688
2025-05-14,162.9499969482422,587.5900268554688,518.6799926757812,247.9900054931641,135.33999633789062,452.9400024414063,210.25,165.3699951171875
2025-05-15,159.39999389648438,590.4600219726562,519.25,247.1300048828125,134.8300018310547,453.1300048828125,205.1699981689453,163.9600067138672
2025-05-16,160.49000549316406,594.2000122070312,521.510009765625,246.4199981689453,135.39999389648438,454.2699890136719,205.58999633789065,166.19000244140625
2025-05-19,159.63999938964844,594.8499755859375,522.010009765625,246.00999450683597,135.57000732421875,458.8699951171875,206.16000366210935,166.5399932861328
2025-05-20,160.30999755859375,592.8499755859375,520.27001953125,245.5399932861328,134.3800048828125,458.1700134277344,204.07000732421875,163.97999572753906
2025-05-21,157.17999267578125,582.8599853515625,513.0399780273438,241.47000122070312,131.8000030517578,452.5700073242188,201.1199951171875,168.55999755859375
2025-05-22,157.30999755859375,583.0900268554688,514.0,240.80999755859372,132.8300018310547,454.8599853515625,203.1000061035156,170.8699951171875
2025-05-23,155.97000122070312,579.1099853515625,509.239990234375,237.44000244140625,131.2899932861328,450.1799926757813,200.9900054931641,168.47000122070312
2025-05-27,161.91000366210938,591.1500244140625,521.219970703125,244.97000122070312,135.5,460.6900024414063,206.0200042724609,172.89999389648438
2025-05-28,163.85000610351562,587.72998046875,518.9099731445312,242.3600006103516,134.80999755859375,457.3599853515625,204.72000122070312,172.36000061035156
2025-05-29,162.89999389648438,590.0499877929688,519.9299926757812,244.0800018310547,139.19000244140625,458.6799926757813,205.6999969482422,171.86000061035156
2025-05-30,165.52999877929688,589.3900146484375,519.1099853515625,239.75,135.1300048828125,460.3599853515625,205.00999450683597,171.74000549316406
2025-06-02,166.57000732421875,592.7100219726562,523.2100219726562,243.3000030517578,137.3800048828125,461.9700012207031,206.6499938964844,169.02999877929688
2025-06-03,169.13999938964844,596.0900268554688,527.2999877929688,248.7899932861328,141.22000122070312,462.9700012207031,205.7100067138672,166.17999267578125
2025-06-04,168.10000610351562,595.9299926757812,528.77001953125,251.75,141.9199981689453,463.8699951171875,207.22999572753903,168.0500030517578
2025-06-05,171.13999938964844,593.0499877929688,524.7899780273438,251.3000030517578,139.99000549316406,467.6799926757813,207.91000366210935,168.2100067138672
2025-06-06,174.02000427246094,599.1400146484375,529.9199829101562,252.72999572753903,141.72000122070312,470.3800048828125,213.57000732421875,173.67999267578125
2025-06-09,177.14999389648438,599.6799926757812,530.7000122070312,256.9599914550781,142.6300048828125,472.75,216.97999572753903,176.08999633789062
2025-06-10,177.47999572753906,603.0800170898438,534.2100219726562,262.07000732421875,143.9600067138672,470.9200134277344,217.6100006103516,178.60000610351562
2025-06-11,176.3800048828125,601.3599853515625,532.4099731445312,261.8800048828125,142.8300018310547,472.6199951171875,213.1999969482422,177.35000610351562
2025-06-12,199.8600006103516,603.75,533.6599731445312,263.1499938964844,145.0,478.8699951171875,213.2400054931641,175.6999969482422
2025-06-13,215.22000122070312,597.0,526.9600219726562,256.989990234375,141.97000122070312,474.9599914550781,212.1000061035156,174.6699981689453
2025-06-16,211.1000061035156,602.6799926757812,534.2899780273438,263.3800048828125,144.69000244140625,479.1400146484375,216.1000061035156,176.77000427246094
2025-06-17,208.17999267578125,597.530029296875,529.0800170898438,261.5899963378906,144.1199951171875,478.0400085449219,214.82000732421875,175.9499969482422
2025-06-18,210.8699951171875,597.4400024414062,528.989990234375,262.5899963378906,145.47999572753906,480.239990234375,212.5200042724609,173.32000732421875
2025-06-20,205.1699981689453,594.280029296875,526.8300170898438,260.2699890136719,143.85000610351562,477.3999938964844,209.69000244140625,166.63999938964844
2025-06-23,207.0399932861328,600.1500244140625,531.6500244140625,261.9200134277344,144.1699981689453,486.0,208.47000122070312,165.19000244140625
2025-06-24,215.2700042724609,606.780029296875,539.780029296875,271.5400085449219,147.89999389648438,490.1099853515625,212.7700042724609,166.77000427246094
2025-06-25,210.72000122070312,607.1199951171875,541.1599731445312,275.20001220703125,154.30999755859375,492.2699890136719,211.9900054931641,170.67999267578125
2025-06-26,212.82000732421875,611.8699951171875,546.219970703125,277.20001220703125,155.02000427246094,497.4500122070313,217.1199951171875,173.5399932861328
2025-06-27,210.2400054931641,614.9099731445312,548.0900268554688,278.4200134277344,157.75,495.9400024414063,223.3000030517578,178.52999877929688
2025-06-30,218.6300048828125,617.8499755859375,551.6400146484375,278.8800048828125,157.99000549316406,497.4100036621094,219.38999938964844,176.22999572753906
2025-07-01,218.9600067138672,617.6500244140625,546.989990234375,275.8399963378906,153.3000030517578,492.0499877929688,220.4600067138672,175.83999633789062
2025-07-02,229.97999572753903,620.4500122070312,550.7999877929688,281.25,157.25,491.0899963378906,219.9199981689453,178.63999938964844
2025-07-03,237.32000732421875,625.3400268554688,556.219970703125,283.6199951171875,159.33999633789062,498.8399963378906,223.41000366210935,179.52999877929688
2025-07-07,232.25999450683597,620.6799926757812,552.030029296875,279.760009765625,158.24000549316406,497.7200012207031,223.47000122070312,176.7899932861328
2025-07-08,234.5,620.3400268554688,552.3400268554688,283.4800109863281,160.0,496.6199951171875,219.3600006103516,174.36000061035156
2025-07-09,235.80999755859372,624.0599975585938,556.25,285.4200134277344,162.8800048828125,503.510009765625,222.5399932861328,176.6199951171875
2025-07-10,235.0,625.8200073242188,555.4500122070312,287.5199890136719,164.10000610351562,501.4800109863281,222.25999450683597,177.6199951171875
2025-07-11,230.55999755859372,623.6199951171875,554.2000122070312,287.489990234375,164.9199981689453,503.3200073242188,225.0200042724609,180.19000244140625
2025-07-14,229.27999877929688,624.8099975585938,556.2100219726562,285.32000732421875,164.07000732421875,503.0199890136719,225.69000244140625,181.55999755859372
2025-07-15,234.9600067138672,622.1400146484375,556.719970703125,290.79998779296875,170.6999969482422,505.8200073242188,226.3500061035156,182.0
2025-07-16,241.3000030517578,624.219970703125,557.2899780273438,289.2799987792969,171.3699951171875,505.6199951171875,223.19000244140625,182.97000122070312
2025-07-17,248.75,628.0399780273438,561.7999877929688,291.7099914550781,173.0,511.7000122070313,223.8800048828125,183.5800018310547
2025-07-18,245.4499969482422,627.5800170898438,561.260009765625,290.3099975585937,172.41000366210938,510.0499877929688,226.1300048828125,185.05999755859372
2025-07-21,243.5399932861328,628.77001953125,564.1699829101562,290.510009765625,171.3800048828125,510.05999755859375,229.3000030517578,190.1000061035156
2025-07-22,238.1100006103516,628.8599853515625,561.25,285.3699951171875,167.02999877929688,505.2699890136719,227.47000122070312,191.33999633789065
2025-07-23,241.8999938964844,634.2100219726562,563.8099975585938,286.6099853515625,170.77999877929688,505.8699951171875,228.2899932861328,190.22999572753903
2025-07-24,242.8300018310547,634.4199829101562,565.010009765625,287.79998779296875,173.74000549316406,510.8800048828125,232.22999572753903,192.1699981689453
2025-07-25,245.1199951171875,637.0999755859375,566.3699951171875,287.489990234375,173.5,513.7100219726562,231.44000244140625,193.17999267578125
2025-07-28,247.7100067138672,636.9400024414062,568.1400146484375,291.4100036621094,176.75,512.5,232.7899932861328,192.5800018310547
2025-07-29,249.97999572753903,635.260009765625,567.260009765625,292.8999938964844,175.50999450683594,512.5700073242188,231.00999450683597,195.75
2025-07-30,250.6000061035156,634.4600219726562,568.02001953125,296.260009765625,179.27000427246094,513.239990234375,230.19000244140625,196.52999877929688
2025-07-31,253.7700042724609,632.0800170898438,565.010009765625,288.7799987792969,177.8699951171875,533.5,234.1100006103516,191.8999938964844
2025-08-01,244.4199981689453,621.719970703125,553.8800048828125,283.95001220703125,173.72000122070312,524.1099853515625,214.75,189.1300048828125
2025-08-04,252.52999877929688,631.1699829101562,564.0999755859375,290.19000244140625,180.0,535.6400146484375,211.6499938964844,195.0399932861328
2025-08-05,255.6699981689453,627.969970703125,560.27001953125,287.1000061035156,178.25999450683594,527.75,213.75,194.6699981689453
2025-08-06,256.42999267578125,632.780029296875,567.3200073242188,286.6199951171875,179.4199981689453,524.9400024414062,222.30999755859372,196.08999633789065
2025-08-07,249.38999938964844,632.25,569.239990234375,291.1199951171875,180.7700042724609,520.8400268554688,223.1300048828125,196.5200042724609
2025-08-08,250.0500030517578,637.1799926757812,574.5499877929688,293.5299987792969,182.6999969482422,522.0399780273438,222.69000244140625,201.4199981689453
2025-08-11,252.67999267578125,635.9199829101562,572.8499755859375,293.3999938964844,182.05999755859372,521.77001953125,221.3000030517578,201.0
2025-08-12,253.8600006103516,642.6900024414062,580.0499877929688,300.1000061035156,183.16000366210935,529.239990234375,221.47000122070312,203.33999633789065
2025-08-13,244.17999267578125,644.8900146484375,580.3400268554688,301.2799987792969,181.58999633789065,520.5800170898438,224.55999755859372,201.9600067138672
2025-08-14,244.9600067138672,644.9500122070312,579.8900146484375,301.9200134277344,182.0200042724609,522.47998046875,230.97999572753903,202.94000244140625
2025-08-15,248.27999877929688,643.4400024414062,577.3400268554688,295.6499938964844,180.4499969482422,520.1699829101562,231.02999877929688,203.8999938964844
2025-08-18,249.07000732421875,643.2999877929688,577.1099853515625,296.8599853515625,182.00999450683597,517.0999755859375,231.4900054931641,203.5
2025-08-19,234.6199951171875,639.8099975585938,569.280029296875,290.8699951171875,175.63999938964844,509.7699890136719,228.00999450683597,201.57000732421875
2025-08-20,235.05999755859372,638.1099853515625,565.9000244140625,288.9599914550781,175.39999389648438,505.7200012207031,223.80999755859372,199.32000732421875
2025-08-21,233.16000366210935,635.5499877929688,563.280029296875,287.4599914550781,174.97999572753906,504.239990234375,221.9499969482422,199.75
2025-08-22,236.3699951171875,645.3099975585938,571.969970703125,293.6400146484375,177.99000549316406,507.2300109863281,228.83999633789065,206.08999633789065
2025-08-25,235.41000366210935,642.469970703125,570.3200073242188,293.9200134277344,179.80999755859375,504.260009765625,227.94000244140625,208.4900054931641
2025-08-26,234.2100067138672,645.1599731445312,572.6099853515625,296.75,181.7700042724609,502.0400085449219,228.7100067138672,207.13999938964844
2025-08-27,235.80999755859372,646.6300048828125,573.489990234375,297.6600036621094,181.6000061035156,506.739990234375,229.1199951171875,207.47999572753903
2025-08-28,240.32000732421875,648.9199829101562,577.0800170898438,298.8800048828125,180.1699981689453,509.6400146484375,231.6000061035156,211.63999938964844
2025-08-29,226.1300048828125,645.0499877929688,570.4000244140625,290.2900085449219,174.17999267578125,506.6900024414063,229.0,212.91000366210935
2025-09-02,225.3000030517578,640.27001953125,565.6199951171875,286.4800109863281,170.77999877929688,505.1199951171875,225.33999633789065,211.3500061035156
2025-09-03,223.4499969482422,643.739990234375,570.0700073242188,286.42999267578125,170.6199951171875,505.3500061035156,225.9900054931641,230.66000366210935
2025-09-04,223.0,649.1199951171875,575.22998046875,289.8599853515625,171.66000366210938,507.9700012207031,235.67999267578125,232.3000030517578
2025-09-05,232.8000030517578,647.239990234375,576.0599975585938,293.2799987792969,167.02000427246094,495.0,232.3300018310547,235.0
2025-09-08,238.47999572753903,648.8300170898438,578.8699951171875,296.5199890136719,168.30999755859375,498.2000122070313,235.83999633789065,234.0399932861328
2025-09-09,241.50999450683597,650.3300170898438,580.510009765625,297.8099975585937,170.75999450683594,498.4100036621094,238.2400054931641,239.6300048828125
2025-09-10,328.3299865722656,652.2100219726562,580.7000122070312,300.8299865722656,177.3300018310547,500.3699951171875,230.3300018310547,239.1699981689453
2025-09-11,307.8599853515625,657.6300048828125,584.0800170898438,303.92999267578125,177.1699981689453,501.010009765625,229.9499969482422,240.3699951171875
2025-09-12,292.17999267578125,657.4099731445312,586.6599731445312,304.32000732421875,177.82000732421875,509.8999938964844,228.1499938964844,240.8000030517578
2025-09-15,302.1400146484375,660.9099731445312,591.6799926757812,307.1700134277344,177.75,515.3599853515625,231.42999267578125,251.6100006103516
2025-09-16,306.6499938964844,660.0,591.1799926757812,307.2099914550781,174.8800048828125,509.0400085449219,234.0500030517578,251.16000366210935
2025-09-17,301.4100036621094,659.1799926757812,590.0,305.25,170.2899932861328,510.0199890136719,231.6199951171875,249.52999877929688
2025-09-18,296.6199951171875,662.260009765625,595.3200073242188,316.9700012207031,176.24000549316406,508.4500122070313,231.22999572753903,252.02999877929688
2025-09-19,308.6600036621094,663.7000122070312,599.3499755859375,315.7099914550781,176.6699981689453,517.9299926757812,231.47999572753903,254.72000122070312
2025-09-22,328.1499938964844,666.8400268554688,602.2000122070312,322.1700134277344,183.6100006103516,514.4500122070312,227.6300048828125,252.52999877929688
2025-09-23,313.8299865722656,663.2100219726562,598.2000122070312,321.70001220703125,178.42999267578125,509.2300109863281,220.7100067138672,251.66000366210935
2025-09-24,308.4599914550781,661.0999755859375,596.0999755859375,321.1099853515625,176.97000122070312,510.1499938964844,220.2100067138672,247.13999938964844
2025-09-25,291.3299865722656,658.0499877929688,593.530029296875,321.0599975585937,177.69000244140625,507.0299987792969,218.1499938964844,245.7899932861328
2025-09-26,283.4599914550781,661.8200073242188,595.969970703125,321.82000732421875,178.19000244140625,511.4599914550781,219.77999877929688,246.5399932861328
2025-09-29,282.760009765625,663.6799926757812,598.72998046875,322.6600036621094,181.8500061035156,514.5999755859375,222.1699981689453,244.0500030517578
2025-09-30,281.239990234375,666.1799926757812,600.3699951171875,326.3599853515625,186.5800018310547,517.9500122070312,219.57000732421875,243.1000061035156
2025-10-01,289.010009765625,668.4500122070312,603.25,333.69000244140625,187.2400054931641,519.7100219726562,220.6300048828125,244.8999938964844
2025-10-02,288.7799987792969,669.219970703125,605.72998046875,338.239990234375,188.88999938964844,515.739990234375,222.41000366210935,245.69000244140625
2025-10-03,286.1400146484375,669.2100219726562,603.1799926757812,336.67999267578125,187.6199951171875,517.3499755859375,219.50999450683597,245.3500061035156
2025-10-06,291.5899963378906,671.6099853515625,607.7100219726562,343.3800048828125,185.5399932861328,528.5700073242188,220.8999938964844,250.42999267578125
2025-10-07,284.239990234375,669.1199951171875,604.510009765625,337.04998779296875,185.0399932861328,523.97998046875,221.77999877929688,245.75999450683597
2025-10-08,288.6300048828125,673.1099853515625,611.4400024414062,346.07000732421875,189.1100006103516,524.8499755859375,225.22000122070312,244.6199951171875
2025-10-09,296.9599914550781,671.1599731445312,610.7000122070312,345.2099914550781,192.57000732421875,522.4000244140625,227.7400054931641,241.52999877929688
2025-10-10,292.9599914550781,653.02001953125,589.5,325.3399963378906,183.16000366210935,510.9599914550781,216.3699951171875,236.57000732421875
2025-10-13,308.010009765625,663.0399780273438,602.010009765625,339.75,188.32000732421875,514.0499877929688,220.07000732421875,244.1499938964844
2025-10-14,299.0,662.22998046875,598.0,333.5,180.02999877929688,513.5700073242188,216.38999938964844,245.4499969482422
2025-10-15,303.6199951171875,665.1699829101562,602.219970703125,341.7799987792969,179.8300018310547,513.4299926757812,215.57000732421875,251.02999877929688
2025-10-16,313.0,660.6400146484375,599.989990234375,343.29998779296875,181.80999755859372,511.6099853515625,214.47000122070312,251.4600067138672
2025-10-17,291.3099975585937,664.3900146484375,603.9299926757812,342.8299865722656,183.22000122070312,513.5800170898438,213.0399932861328,253.3000030517578
2025-10-20,277.17999267578125,671.2999877929688,611.5399780273438,347.2200012207031,182.63999938964844,516.7899780273438,216.47999572753903,256.54998779296875
2025-10-21,275.1499938964844,671.2899780273438,611.3800048828125,345.29998779296875,181.16000366210935,517.6599731445312,222.02999877929688,250.4600067138672
2025-10-22,272.6600036621094,667.7999877929688,605.489990234375,338.6000061035156,180.27999877929688,520.5399780273438,217.9499969482422,251.69000244140625
2025-10-23,280.07000732421875,671.760009765625,610.5800170898438,344.79998779296875,182.16000366210935,520.5599975585938,221.08999633789065,253.0800018310547
2025-10-24,283.3299865722656,677.25,617.0999755859375,351.1400146484375,186.25999450683597,523.6099853515625,224.2100067138672,259.9200134277344
2025-10-27,281.3999938964844,685.239990234375,628.0900268554688,359.94000244140625,191.4900054931641,531.52001953125,226.97000122070312,269.2699890136719
2025-10-28,280.8299865722656,687.0599975585938,632.9199829101562,363.1099853515625,201.02999877929688,542.0700073242188,229.25,267.4700012207031
2025-10-29,275.29998779296875,687.3900146484375,635.77001953125,368.6099853515625,207.0399932861328,541.5499877929688,230.3000030517578,274.57000732421875
2025-10-30,256.8900146484375,679.8300170898438,626.0499877929688,363.7300109863281,202.88999938964844,525.760009765625,222.8600006103516,281.4800109863281
2025-10-31,262.6099853515625,682.0599975585938,629.0700073242188,363.0199890136719,202.4900054931641,517.8099975585938,244.22000122070312,281.19000244140625
2025-11-03,257.8500061035156,683.3400268554688,632.0800170898438,366.1000061035156,206.8800048828125,517.030029296875,254.0,283.7200012207031
2025-11-04,248.1699981689453,675.239990234375,619.25,352.760009765625,198.69000244140625,514.3300170898438,249.32000732421875,277.5400085449219
2025-11-05,250.30999755859372,677.5800170898438,623.280029296875,359.5,195.2100067138672,507.1600036621094,250.1999969482422,284.3099975585937
2025-11-06,243.8000030517578,670.3099975585938,611.6699829101562,351.0899963378906,188.0800018310547,497.1000061035156,243.0399932861328,284.75
2025-11-07,239.25999450683597,670.969970703125,609.739990234375,348.1199951171875,188.1499938964844,496.8200073242188,244.41000366210935,278.8299865722656
2025-11-10,240.8300018310547,681.4400024414062,623.22998046875,358.7900085449219,199.0500030517578,506.0,248.3999938964844,290.1000061035156
2025-11-11,236.1499938964844,683.0,621.5700073242188,351.04998779296875,193.16000366210935,508.6799926757813,249.1000061035156,291.3099975585937
2025-11-12,226.9900054931641,683.3800048828125,621.0800170898438,355.5299987792969,193.8000030517578,511.1400146484375,244.1999969482422,286.7099914550781
2025-11-13,217.57000732421875,672.0399780273438,608.4000244140625,344.82000732421875,186.8600006103516,503.2900085449219,237.5800018310547,278.57000732421875
2025-11-14,222.8500061035156,671.9299926757812,608.8599853515625,344.9800109863281,190.1699981689453,510.1799926757813,234.69000244140625,276.4100036621094
2025-11-17,219.8600006103516,665.6699829101562,603.6599731445312,340.29998779296875,186.6000061035156,507.489990234375,232.8699951171875,285.0199890136719
2025-11-18,220.4900054931641,660.0800170898438,596.3099975585938,333.2900085449219,181.3600006103516,493.7900085449219,222.5500030517578,284.2799987792969
2025-11-19,225.52999877929688,662.6300048828125,599.8699951171875,339.44000244140625,186.5200042724609,487.1199951171875,222.69000244140625,292.8099975585937
2025-11-20,210.69000244140625,652.530029296875,585.6699829101562,325.1000061035156,180.63999938964844,478.4299926757813,217.13999938964844,289.45001220703125
2025-11-21,198.75999450683597,659.030029296875,590.0700073242188,326.1300048828125,178.8800048828125,472.1199951171875,220.69000244140625,299.6600036621094
2025-11-24,200.27999877929688,668.72998046875,605.1599731445312,339.1199951171875,182.5500030517578,474.0,226.27999877929688,318.5799865722656
2025-11-25,197.02999877929688,675.02001953125,608.8900146484375,340.010009765625,177.82000732421875,476.989990234375,229.6699981689453,323.44000244140625
2025-11-26,204.9600067138672,679.6799926757812,614.27001953125,347.7099914550781,180.25999450683597,485.5,229.16000366210935,319.95001220703125
2025-11-28,201.9499969482422,683.3900146484375,619.25,352.2799987792969,177.0,492.010009765625,233.22000122070312,320.17999267578125
2025-12-01,200.94000244140625,680.27001953125,617.1699829101562,352.9599914550781,179.9199981689453,486.739990234375,233.8800048828125,314.8900146484375
2025-12-02,201.1000061035156,681.530029296875,622.0,359.42999267578125,181.4600067138672,490.0,234.4199981689453,315.8099975585937
2025-12-03,207.72999572753903,683.8900146484375,623.52001953125,364.3699951171875,179.58999633789062,477.7300109863281,232.3800048828125,319.6300048828125
2025-12-04,214.3300018310547,684.3900146484375,622.9400024414062,361.6000061035156,183.3800048828125,480.8399963378906,229.1100006103516,317.6199951171875
2025-12-05,217.5800018310547,685.6900024414062,625.47998046875,364.4200134277344,182.41000366210935,483.1600036621094,229.52999877929688,321.2699890136719
2025-12-08,220.5399932861328,683.6300048828125,624.280029296875,368.5499877929688,185.5500030517578,491.0199890136719,226.88999938964844,313.7200012207031
2025-12-09,221.52999877929688,683.0399780273438,625.0499877929688,369.0,184.97000122070312,492.0199890136719,227.9199981689453,317.0799865722656
2025-12-10,223.00999450683597,687.5700073242188,627.6099853515625,374.1000061035156,183.77999877929688,478.55999755859375,231.77999877929688,320.2099914550781
2025-12-11,198.8500061035156,689.1699829101562,625.5800170898438,370.8900146484375,180.92999267578125,483.4700012207031,230.27999877929688,312.42999267578125
2025-12-12,189.97000122070312,681.760009765625,613.6199951171875,354.1199951171875,175.02000427246094,478.5299987792969,226.19000244140625,309.2900085449219
2025-12-15,184.9199981689453,680.72998046875,610.5399780273438,352.8999938964844,176.2899932861328,474.8200073242188,222.5399932861328,308.2200012207031
2025-12-16,188.6499938964844,678.8699951171875,611.75,351.94000244140625,177.72000122070312,476.3900146484375,222.55999755859372,306.57000732421875
2025-12-17,178.4600067138672,671.4000244140625,600.4099731445312,339.239990234375,170.94000244140625,476.1199951171875,221.2700042724609,296.7200012207031
2025-12-18,180.02999877929688,676.469970703125,609.1099853515625,347.25,174.13999938964844,483.9800109863281,226.75999450683597,302.4599914550781
2025-12-19,191.97000122070312,680.5900268554688,617.0499877929688,356.2300109863281,180.9900054931641,485.9200134277344,227.3500061035156,307.1600036621094
2025-12-22,198.3800048828125,684.8300170898438,619.2100219726562,359.70001220703125,183.69000244140625,484.9200134277344,228.42999267578125,309.7799987792969
2025-12-23,195.33999633789065,687.9600219726562,622.1099853515625,363.1600036621094,189.2100067138672,486.8500061035156,232.13999938964844,314.3500061035156
2025-12-24,197.4900054931641,690.3800048828125,623.9299926757812,364.1700134277344,188.6100006103516,488.0199890136719,232.3800048828125,314.0899963378906
2025-12-26,197.9900054931641,690.3099975585938,623.8900146484375,365.8599853515625,190.52999877929688,487.7099914550781,232.5200042724609,313.510009765625
2025-12-29,195.3800048828125,687.8499755859375,620.8699951171875,364.2099914550781,188.22000122070312,487.1000061035156,232.07000732421875,313.5599975585937
2025-12-30,197.2100067138672,687.010009765625,619.4299926757812,363.30999755859375,187.5399932861328,487.4800109863281,232.52999877929688,313.8500061035156
2025-12-31,194.91000366210935,681.9199829101562,614.3099975585938,360.1300048828125,186.5,483.6199951171875,230.82000732421875,313.0
2026-01-02,195.7100067138672,683.1699829101562,613.1199951171875,373.2999877929688,188.8500061035156,472.9400024414063,226.5,315.1499938964844
2026-01-05,192.58999633789065,687.719970703125,617.989990234375,377.5899963378906,188.1199951171875,472.8500061035156,233.05999755859372,316.5400085449219
2026-01-06,193.75,691.8099975585938,623.4199829101562,387.6199951171875,187.2400054931641,478.510009765625,240.92999267578125,314.3399963378906
2026-01-07,192.83999633789065,689.5800170898438,624.02001953125,385.0199890136719,189.1100006103516,483.4700012207031,241.55999755859372,321.9800109863281
2026-01-08,189.6499938964844,689.510009765625,620.469970703125,378.9800109863281,185.0399932861328,478.1099853515625,246.2899932861328,325.44000244140625
2026-01-09,198.5200042724609,694.0700073242188,626.6500244140625,389.2200012207031,184.8600006103516,479.2799987792969,247.3800048828125,328.57000732421875
2026-01-12,204.67999267578125,695.1599731445312,627.1699829101562,390.6600036621094,184.94000244140625,477.1799926757813,246.47000122070312,331.8599853515625
2026-01-13,202.2899932861328,693.77001953125,626.239990234375,391.5299987792969,185.80999755859372,470.6700134277344,242.6000061035156,335.9700012207031
2026-01-14,193.6100006103516,690.3599853515625,619.5499877929688,388.3500061035156,183.13999938964844,459.3800048828125,236.6499938964844,335.8399963378906
2026-01-15,189.8500061035156,692.239990234375,621.780029296875,396.4100036621094,187.0500030517578,456.6600036621094,238.17999267578125,332.7799987792969
2026-01-16,191.08999633789065,691.6599731445312,621.260009765625,400.3900146484375,186.22999572753903,459.8599853515625,239.1199951171875,330.0
2026-01-20,179.9199981689453,677.5800170898438,608.0599975585938,390.3900146484375,178.07000732421875,454.5199890136719,231.0,322.0
2026-01-21,173.8800048828125,685.4000244140625,616.280029296875,401.9299926757813,183.32000732421875,444.1099853515625,231.30999755859372,328.3800048828125
2026-01-22,178.17999267578125,688.97998046875,620.760009765625,402.8200073242188,184.83999633789065,451.1400146484375,234.33999633789065,330.5400085449219
2026-01-23,177.16000366210938,689.22998046875,622.719970703125,400.0899963378906,187.6699981689453,465.9500122070313,239.16000366210935,327.92999267578125
2026-01-26,182.44000244140625,692.72998046875,625.4600219726562,398.8200073242188,186.47000122070312,470.2799987792969,238.4199981689453,333.260009765625
2026-01-27,174.89999389648438,695.489990234375,631.1300048828125,407.25,188.5200042724609,480.5799865722656,244.67999267578125,334.54998779296875
2026-01-28,172.8000030517578,695.4199829101562,633.219970703125,416.6300048828125,191.5200042724609,481.6300048828125,243.00999450683597,336.010009765625
2026-01-29,169.00999450683594,694.0399780273438,629.4299926757812,417.5199890136719,192.50999450683597,433.5,241.72999572753903,338.25
2026-01-30,164.5800018310547,691.969970703125,621.8699951171875,403.4599914550781,191.1300048828125,430.2900085449219,239.3000030517578,338.0
2026-02-02,160.05999755859375,695.4099731445312,626.1400146484375,407.9700012207031,185.6100006103516,423.3699951171875,242.9600067138672,343.69000244140625
2026-02-03,154.6699981689453,689.530029296875,616.52001953125,397.6799926757813,180.33999633789065,411.2099914550781,238.6199951171875,339.7099914550781
2026-02-04,146.6699981689453,686.1900024414062,605.75,382.0199890136719,174.19000244140625,414.1900024414063,232.9900054931641,333.0400085449219
2026-02-05,136.47999572753906,677.6199951171875,597.030029296875,381.0700073242188,171.8800048828125,393.6700134277344,222.69000244140625,331.25
2026-02-06,142.82000732421875,690.6199951171875,609.6500244140625,401.6499938964844,185.41000366210935,401.1400146484375,210.32000732421875,322.8599853515625
2026-02-09,156.58999633789062,693.9500122070312,614.3200073242188,406.6499938964844,190.0399932861328,413.6000061035156,208.72000122070312,324.32000732421875
2026-02-10,159.88999938964844,692.1199951171875,611.469970703125,404.760009765625,188.5399932861328,413.2699890136719,206.9600067138672,318.5799865722656
2026-02-11,157.16000366210938,691.9600219726562,613.1099853515625,414.7799987792969,190.0500030517578,404.3699951171875,204.0800018310547,310.9599914550781
2026-02-12,156.47999572753906,681.27001953125,600.6400146484375,406.1099853515625,186.94000244140625,401.8399963378906,199.6000061035156,309.0
2026-02-13,160.13999938964844,681.75,601.9199829101562,407.7200012207031,182.80999755859372,401.3200073242188,198.7899932861328,305.7200012207031
2026-02-17,153.97000122070312,682.8499755859375,601.2999877929688,407.510009765625,184.97000122070312,396.8599853515625,201.1499938964844,302.0199890136719
2026-02-18,156.1699981689453,686.2899780273438,605.7899780273438,412.5499877929688,187.97999572753903,399.6000061035156,204.7899932861328,303.3299865722656
2026-02-19,156.5399932861328,684.47998046875,603.469970703125,410.2000122070313,187.8999938964844,398.4599914550781,204.8600006103516,302.8500061035156
2026-02-20,148.0800018310547,689.4299926757812,608.8099975585938,415.0299987792969,189.82000732421875,397.2300109863281,210.1100006103516,314.9800109863281
2026-02-23,141.30999755859375,682.3900146484375,601.4099731445312,412.8800048828125,191.5500030517578,384.4700012207031,205.2700042724609,311.489990234375
2026-02-24,146.13999938964844,687.3499755859375,607.8699951171875,419.1600036621094,192.8500061035156,389.0,208.55999755859372,310.8999938964844
2026-02-25,147.88999938964844,693.1500244140625,616.6799926757812,426.1600036621094,195.55999755859372,400.6000061035156,210.63999938964844,312.8999938964844
2026-02-26,150.30999755859375,689.2999877929688,609.239990234375,412.010009765625,184.88999938964844,401.7200012207031,207.9199981689453,307.3800048828125
2026-02-27,145.39999389648438,685.989990234375,607.2899780273438,406.3699951171875,177.19000244140625,392.739990234375,210.0,311.760009765625
2026-03-02,149.25,686.3800048828125,608.0900268554688,406.3900146484375,182.47999572753903,398.5499877929688,208.38999938964844,306.5199890136719
2026-03-03,149.00999450683594,680.3300170898438,601.5800170898438,391.05999755859375,180.0500030517578,403.9299926757813,208.72999572753903,303.5799865722656
2026-03-04,152.3699951171875,685.1300048828125,610.75,399.1000061035156,183.0399932861328,405.2000122070313,216.82000732421875,303.1300048828125
2026-03-05,154.7899932861328,681.3099975585938,608.9099731445312,395.3500061035156,183.33999633789065,410.6799926757813,218.94000244140625,300.8800048828125
2026-03-06,152.9600067138672,672.3800048828125,599.75,380.55999755859375,177.82000732421875,408.9599914550781,213.2100067138672,298.5199890136719
2026-03-09,151.55999755859375,678.27001953125,607.760009765625,394.3699951171875,182.6499938964844,409.4100036621094,213.4900054931641,306.3599853515625
2026-03-10,149.39999389648438,677.1799926757812,607.77001953125,397.3299865722656,184.7700042724609,405.760009765625,214.3300018310547,307.0400085449219
2026-03-11,163.1199951171875,676.3300170898438,607.6900024414062,401.0299987792969,186.02999877929688,404.8800048828125,212.6499938964844,308.70001220703125
2026-03-12,159.16000366210938,666.0599975585938,597.260009765625,388.1300048828125,183.13999938964844,401.8599853515625,209.52999877929688,303.54998779296875
2026-03-13,155.11000061035156,662.2899780273438,593.719970703125,387.3299865722656,180.25,395.5499877929688,207.6699981689453,302.2799987792969
2026-03-16,155.97000122070312,669.030029296875,600.3800048828125,393.9200134277344,183.22000122070312,399.9500122070313,211.7400054931641,305.5599975585937
2026-03-17,154.69000244140625,670.7899780273438,603.3099975585938,396.8800048828125,181.92999267578125,399.4100036621094,215.1999969482422,310.9200134277344
2026-03-18,152.89999389648438,661.4299926757812,594.9000244140625,393.6700134277344,180.3999938964844,391.7900085449219,209.8699951171875,307.69000244140625
2026-03-19,155.52000427246094,659.7999877929688,593.02001953125,394.9200134277344,178.55999755859375,389.0199890136719,208.75999450683597,307.1300048828125
2026-03-20,149.67999267578125,648.5700073242188,582.0599975585938,384.739990234375,172.6999969482422,381.8699951171875,205.3699951171875,301.0
2026-03-23,154.33999633789062,655.3800048828125,588.0,391.3599853515625,175.63999938964844,383.0,210.13999938964844,302.0599975585937
2026-03-24,147.08999633789062,653.1799926757812,583.97998046875,394.5899963378906,175.1999969482422,372.739990234375,207.2400054931641,290.44000244140625
2026-03-25,146.02000427246094,656.8200073242188,587.8200073242188,399.0199890136719,178.67999267578125,371.0400085449219,211.7100067138672,290.92999267578125
2026-03-26,142.80999755859375,645.0900268554688,573.7899780273438,380.8399963378906,171.24000549316406,365.9700012207031,207.5399932861328,280.9200134277344
2026-03-27,139.66000366210938,634.0900268554688,562.5800170898438,374.25,167.52000427246094,356.7699890136719,199.33999633789065,274.3399963378906
2026-03-30,138.8000030517578,631.969970703125,558.280029296875,362.5299987792969,165.1699981689453,358.9599914550781,200.9499969482422,273.5
2026-03-31,147.11000061035156,650.3400268554688,577.1799926757812,383.3999938964844,174.39999389648438,370.1700134277344,208.2700042724609,287.5599975585937
2026-04-01,145.22999572753906,655.239990234375,584.3099975585938,391.9700012207031,175.75,369.3699951171875,210.57000732421875,297.3900146484375
2026-04-02,146.3800048828125,655.8300170898438,584.97998046875,392.3200073242188,177.38999938964844,373.4599914550781,209.7700042724609,295.7699890136719
2026-04-06,145.5399932861328,658.9299926757812,588.5,395.9800109863281,177.63999938964844,372.8800048828125,212.7899932861328,299.989990234375
2026-04-07,143.1699981689453,659.219970703125,588.5900268554688,399.8999938964844,178.10000610351562,372.2900085449219,213.7700042724609,305.4599914550781
2026-04-08,143.66000366210938,676.010009765625,606.0900268554688,422.9200134277344,182.0800018310547,374.3299865722656,221.25,317.32000732421875
2026-04-09,137.86000061035156,679.9099731445312,610.1900024414062,430.30999755859375,183.91000366210935,373.0700073242188,233.6499938964844,318.489990234375
2026-04-10,138.08999633789062,679.4600219726562,611.0700073242188,436.8800048828125,188.6300048828125,370.8699951171875,238.3800048828125,317.239990234375
2026-04-13,155.6199951171875,686.0999755859375,617.3900146484375,443.3399963378906,189.30999755859372,384.3699951171875,239.88999938964844,321.3099975585937
2026-04-14,163.0,694.4600219726562,628.5999755859375,452.0,196.50999450683597,393.1099853515625,249.0200042724609,332.9100036621094
2026-04-15,169.80999755859375,699.9400024414062,637.4000244140625,453.0,198.8699951171875,411.2200012207031,248.5,337.1199951171875
2026-04-16,178.33999633789062,701.6599731445312,640.469970703125,454.7999877929688,198.3500061035156,420.260009765625,249.6999969482422,336.0199890136719
2026-04-17,175.05999755859375,710.1400146484375,648.8499755859375,464.1600036621094,201.67999267578125,422.7900085449219,250.55999755859372,341.67999267578125
2026-04-20,177.5800018310547,708.719970703125,646.7899780273438,463.9599914550781,202.05999755859372,418.0700073242188,248.27999877929688,337.4200134277344
2026-04-21,181.1699981689453,704.0800170898438,644.3300170898438,464.6600036621094,199.8800048828125,424.1600036621094,249.91000366210935,332.2900085449219
2026-04-22,187.5,711.2100219726562,655.1099853515625,476.8299865722656,202.5,432.9200134277344,255.3600006103516,339.32000732421875
2026-04-23,176.27999877929688,708.4500122070312,651.4199829101562,481.8500061035156,199.63999938964844,415.75,255.0800018310547,338.8900146484375
2026-04-24,173.27999877929688,713.9400024414062,663.8800048828125,506.4400024414063,208.2700042724609,424.6199951171875,263.989990234375,344.3999938964844
2026-04-27,172.9600067138672,715.1699829101562,664.22998046875,506.260009765625,216.6100006103516,424.8200073242188,261.1199951171875,350.3399963378906
2026-04-28,165.9600067138672,711.6900024414062,657.5499877929688,491.2099914550781,213.1699981689453,429.25,259.70001220703125,349.7799987792969
2026-04-29,163.8300018310547,711.5800170898438,661.5700073242188,499.5799865722656,209.25,424.4599914550781,263.0400085449219,349.94000244140625
2026-04-30,161.38999938964844,718.6599731445312,667.739990234375,506.7200012207031,199.57000732421875,407.7799987792969,265.0599975585937,384.7999877929688
2026-05-01,171.8300018310547,720.6500244140625,674.1500244140625,509.8200073242188,198.4499969482422,414.4400024414063,268.260009765625,385.6900024414063
2026-05-04,180.2899932861328,718.010009765625,672.8800048828125,506.7900085449219,198.47999572753903,413.6199951171875,272.04998779296875,383.25
2026-05-05,185.3500061035156,723.77001953125,681.6099853515625,522.6900024414062,196.5,411.3800048828125,273.54998779296875,388.4299926757813
2026-05-06,194.02999877929688,733.8300170898438,695.77001953125,549.760009765625,207.8300018310547,413.9599914550781,274.989990234375,398.0400085449219
2026-05-07,194.58999633789065,731.5800170898438,694.9400024414062,540.0999755859375,211.5,420.7699890136719,271.1700134277344,397.989990234375
2026-05-08,195.9499969482422,737.6199951171875,711.22998046875,566.5399780273438,215.1999969482422,415.1199951171875,272.67999267578125,400.7999877929688
2026-05-11,193.83999633789065,739.2999877929688,713.2899780273438,576.3099975585938,219.44000244140625,412.6600036621094,268.989990234375,388.6400146484375
2026-05-12,186.8300018310547,738.1799926757812,707.239990234375,561.25,220.77999877929688,407.7699890136719,265.82000732421875,387.3500061035156
2026-05-13,189.75999450683597,742.3099975585938,714.7100219726562,572.4600219726562,225.8300018310547,405.2099914550781,270.1300048828125,402.6199951171875
2026-05-14,195.6100006103516,748.1699829101562,719.7899780273438,578.3400268554688,235.7400054931641,409.4299926757813,267.2200012207031,401.0700073242188
2026-05-15,192.9499969482422,739.1699829101562,708.9299926757812,556.3400268554688,225.32000732421875,421.9200134277344,264.1400146484375,396.7799987792969
2026-05-18,186.6100006103516,738.6500244140625,705.8800048828125,546.1599731445312,222.32000732421875,423.5400085449219,264.8599853515625,396.9400024414063
2026-05-19,181.4600067138672,733.72998046875,701.530029296875,543.9600219726562,220.6100006103516,417.4200134277344,259.3399963378906,387.6600036621094
2026-05-20,188.16000366210935,741.25,713.1500244140625,564.6599731445312,223.47000122070312,421.05999755859375,265.010009765625,388.9100036621094
2026-05-21,189.7700042724609,742.719970703125,714.510009765625,567.8800048828125,219.50999450683597,419.0899963378906,268.4599914550781,387.6600036621094
2026-05-22,192.0800018310547,745.6400146484375,717.5399780273438,576.3200073242188,215.3300018310547,418.5700073242188,266.32000732421875,382.9700012207031
2026-05-26,193.05999755859372,750.5900268554688,730.280029296875,602.1400146484375,214.8600006103516,416.0299987792969,265.2900085449219,388.8800048828125
2026-05-27,190.9600067138672,750.4600219726562,729.4500122070312,595.5,212.6000061035156,412.6700134277344,271.8500061035156,388.8299865722656
2026-05-28,203.6999969482422,754.5999755859375,735.5999755859375,599.8300170898438,214.25,426.989990234375,274.0,390.1300048828125
2026-05-29,225.77999877929688,756.47998046875,738.3099975585938,598.9299926757812,211.13999938964844,450.239990234375,270.6400146484375,380.3399963378906
2026-06-01,248.1499938964844,758.5399780273438,742.739990234375,607.8099975585938,224.3600006103516,460.5199890136719,261.260009765625,376.3699951171875
2026-06-02,244.5800018310547,759.5700073242188,746.1599731445312,632.2100219726562,222.82000732421875,441.30999755859375,256.5199890136719,361.8500061035156
2026-06-03,230.3300018310547,754.239990234375,744.2100219726562,637.9000244140625,214.75,427.3399963378906,250.0200042724609,358.989990234375
2026-06-04,236.33999633789065,757.0900268554688,740.6099853515625,627.530029296875,218.66000366210935,428.0499877929688,253.7899932861328,372.1900024414063
2026-06-05,213.67999267578125,737.5499877929688,705.0599975585938,569.6900024414062,205.1000061035156,416.6700134277344,246.02999877929688,368.5299987792969
2026-06-08,211.82000732421875,739.219970703125,716.0700073242188,598.1599731445312,208.63999938964844,411.739990234375,245.22000122070312,363.30999755859375
2026-06-09,205.80999755859372,737.0499877929688,707.8300170898438,591.010009765625,208.19000244140625,403.4100036621094,244.19000244140625,364.260009765625
2026-06-10,201.25999450683597,725.4299926757812,693.6900024414062,570.9099731445312,200.4199981689453,397.3599853515625,238.0,356.3800048828125
2026-06-11,184.1000061035156,737.760009765625,717.1199951171875,609.4500122070312,204.8699951171875,390.3399963378906,241.50999450683597,357.7699890136719
2026-06-12,184.1300048828125,741.75,721.3400268554688,619.9600219726562,205.19000244140625,390.739990234375,238.5500030517578,359.67999267578125
2026-06-15,192.63999938964844,754.8300170898438,744.0,647.0999755859375,212.4499969482422,399.760009765625,246.0200042724609,369.3500061035156
2026-06-16,188.3300018310547,750.3300170898438,729.8599853515625,616.0,207.41000366210935,393.8299865722656,246.0,373.25
2026-06-17,183.52999877929688,740.9600219726562,722.510009765625,623.969970703125,204.6499938964844,378.9100036621094,237.5,363.7900085449219
2026-06-18,184.2899932861328,746.739990234375,740.6199951171875,659.8800048828125,210.69000244140625,379.3999938964844,244.38999938964844,368.0299987792969
2026-06-22,175.07000732421875,744.3900146484375,737.9500122070312,668.9099731445312,208.6499938964844,367.3399963378906,232.7899932861328,349.67999267578125
2026-06-23,165.16000366210938,733.5800170898438,713.6500244140625,622.0499877929688,200.0399932861328,373.9400024414063,234.1100006103516,346.1300048828125
2026-06-24,157.52999877929688,733.239990234375,710.6199951171875,618.9199829101562,199.0,365.4599914550781,234.2700042724609,345.2900085449219
2026-06-25,152.4600067138672,734.2999877929688,716.3800048828125,636.8800048828125,195.7400054931641,352.8299865722656,227.00999450683597,343.7099914550781
2026-06-26,148.52999877929688,728.989990234375,706.52001953125,611.6099853515625,192.52999877929688,372.9700012207031,232.69000244140625,337.3900146484375
2026-06-29,147.75999450683594,741.0,724.0800170898438,631.97998046875,194.97000122070312,368.5700073242188,240.13999938964844,353.6499938964844
2026-06-30,146.5500030517578,746.77001953125,736.4000244140625,655.8900146484375,200.08999633789065,373.0199890136719,238.33999633789065,357.3699951171875
2026-07-01,142.5,745.760009765625,725.1699829101562,620.4600219726562,197.5800018310547,384.2799987792969,241.6999969482422,361.2099914550781
2026-07-02,140.27000427246094,744.780029296875,712.5999755859375,592.2899780273438,194.8300018310547,390.489990234375,242.6699981689453,359.9100036621094
2026-07-06,143.75999450683594,751.280029296875,722.8200073242188,604.2999877929688,195.5500030517578,386.739990234375,244.16000366210935,366.4599914550781
2026-07-07,141.60000610351562,747.7100219726562,709.4299926757812,581.4500122070312,196.92999267578125,388.8399963378906,245.97999572753903,367.0299987792969
2026-07-08,140.49000549316406,745.4000244140625,711.4400024414062,593.0,204.1199951171875,383.3399963378906,243.6199951171875,361.9200134277344
2026-07-09,144.22000122070312,751.7100219726562,723.280029296875,607.72998046875,202.77999877929688,384.3599853515625,247.0399932861328,358.8900146484375
2026-07-10,140.63999938964844,754.9500122070312,725.510009765625,611.030029296875,210.9600067138672,385.1000061035156,245.33999633789065,357.17999267578125
2026-07-13,131.5399932861328,749.1699829101562,711.739990234375,585.6199951171875,203.52999877929688,390.989990234375,247.30999755859372,352.510009765625
2026-07-14,127.94000244140624,751.8300170898438,719.6900024414062,600.3099975585938,211.8000030517578,384.9299926757813,247.4900054931641,359.510009765625
2026-07-15,132.49000549316406,754.8099975585938,717.739990234375,590.77001953125,212.5,395.6300048828125,254.9600067138672,370.9200134277344
2026-07-16,124.20999908447266,750.719970703125,705.9400024414062,568.9199829101562,207.3999938964844,401.1000061035156,249.88999938964844,354.4599914550781
2026-07-17,126.41000366210938,743.2899780273438,695.3300170898438,556.530029296875,202.80999755859372,393.8200073242188,247.22999572753903,346.7699890136719
2026-07-20,121.37999725341795,742.0900268554688,696.0599975585938,558.8300170898438,203.27999877929688,402.2900085449219,249.9900054931641,351.989990234375
2026-07-21,127.0500030517578,748.280029296875,708.969970703125,584.0800170898438,207.2899932861328,397.75,247.5500030517578,347.1499938964844
2026-07-22,125.83999633789062,747.4099731445312,705.3499755859375,586.9099731445312,212.05999755859372,390.3399963378906,244.8500061035156,342.0899963378906
2026-07-23,120.04000091552734,738.1799926757812,691.9600219726562,580.1699829101562,208.75999450683597,381.5799865722656,233.66000366210935,317.69000244140625
2026-07-24,114.98999786376952,738.9299926757812,684.22998046875,561.1900024414062,206.83999633789065,381.7000122070313,232.1100006103516,319.739990234375
2026-07-27,119.9000015258789,739.0900268554688,682.1199951171875,548.5499877929688,196.50999450683597,389.1000061035156,231.38999938964844,326.5599975585937
2026-07-28,119.95999908447266,740.8599853515625,675.489990234375,529.5999755859375,197.00999450683597,393.3500061035156,230.8600006103516,333.7099914550781
2026-07-29,117.73999786376952,729.4600219726562,661.72998046875,504.2200012207031,190.00999450683597,390.5400085449219,226.6499938964844,336.7099914550781
2026-07-30,127.55999755859376,741.6900024414062,683.5499877929688,538.9000244140625,195.0399932861328,451.1000061035156,235.5,333.6600036621094
2026-07-31,129.8699951171875,747.030029296875,687.989990234375,540.530029296875,200.75,464.7200012207031,271.5799865722656,356.1300048828125
2026-08-03,141.85000610351562,757.6699829101562,700.0700073242188,545.4600219726562,206.63999938964844,487.6499938964844,284.0199890136719,373.510009765625
2026-08-04,145.74000549316406,771.3300170898438,723.8499755859375,575.7100219726562,211.94000244140625,492.80999755859375,277.4200134277344,377.6499938964844
2026-08-05,144.38999938964844,769.7899780273438,717.2999877929688,569.7000122070312,219.22000122070312,487.4599914550781,272.6499938964844,362.4299926757813
2026-08-06,143.47000122070312,768.5599975585938,714.6500244140625,571.47998046875,218.9900054931641,499.8599853515625,272.260009765625,357.75
2026-08-07,147.02000427246094,773.260009765625,723.030029296875,582.7000122070312,223.9600067138672,499.989990234375,274.4800109863281,354.29998779296875
2026-08-10,151.0500030517578,773.030029296875,720.8699951171875,569.4099731445312,217.5500030517578,506.05999755859375,278.0899963378906,357.5199890136719
2026-08-11,145.47999572753906,770.5599975585938,718.4500122070312,572.9299926757812,217.5,503.80999755859375,272.2699890136719,343.79998779296875
2026-08-12,153.27999877929688,772.489990234375,723.7000122070312,584.8300170898438,224.08999633789065,492.4299926757813,267.2799987792969,343.5400085449219
2026-08-13,156.22000122070312,777.8800048828125,732.0700073242188,589.1199951171875,225.3000030517578,496.8800048828125,265.1300048828125,346.3599853515625
2026-08-14,150.52000427246094,776.3400268554688,731.0700073242188,587.8200073242188,225.16000366210935,495.3999938964844,262.6499938964844,345.8999938964844
2026-08-17,146.64999389648438,772.6699829101562,729.8699951171875,594.0700073242188,225.00999450683597,480.3500061035156,261.3099975585937,344.0
2026-08-18,142.7899932861328,767.4500122070312,717.510009765625,569.77001953125,219.7400054931641,481.6300048828125,259.45001220703125,344.20001220703125
2026-08-19,143.80999755859375,769.0599975585938,716.0800170898438,560.9199829101562,217.55999755859372,484.30999755859375,265.8399963378906,344.7200012207031
2026-08-20,142.07000732421875,762.5999755859375,710.9299926757812,562.6500244140625,216.8500061035156,481.1499938964844,260.1099853515625,340.6700134277344
2026-08-21,146.47000122070312,765.719970703125,713.4400024414062,560.4199829101562,214.72000122070312,483.239990234375,258.6300048828125,344.82000732421875
2026-08-24,142.4499969482422,763.469970703125,706.3200073242188,546.7999877929688,208.47999572753903,487.30999755859375,262.07000732421875,348.0599975585937
2026-08-25,144.75999450683594,765.9099731445312,710.719970703125,555.8200073242188,213.0500030517578,491.7099914550781,261.0599975585937,346.9599914550781
2026-08-26,148.8699951171875,766.0800170898438,711.3699951171875,555.77001953125,209.66000366210935,496.3699951171875,260.2799987792969,342.0
2026-08-27,151.94000244140625,771.0999755859375,721.1099853515625,573.0,227.97999572753903,505.05999755859375,256.260009765625,340.6499938964844
2026-08-28,150.85000610351562,769.3499755859375,716.4299926757812,553.1099853515625,217.5500030517578,513.530029296875,266.42999267578125,346.5899963378906
2026-08-31,149.1199951171875,767.0499877929688,716.760009765625,556.6300048828125,220.77999877929688,507.2900085449219,259.7699890136719,339.3500061035156
2026-09-01,141.32000732421875,761.780029296875,707.6400146484375,545.219970703125,217.44000244140625,501.0199890136719,254.9199981689453,335.0199890136719
2026-09-02,145.75,765.1599731445312,709.239990234375,550.47998046875,224.41000366210935,496.8200073242188,254.97999572753903,337.1199951171875
2026-09-03,154.0399932861328,773.1699829101562,717.6699829101562,552.5999755859375,228.4499969482422,510.1199951171875,258.8999938964844,342.4800109863281
2026-09-04,158.77999877929688,770.1900024414062,718.9600219726562,567.010009765625,230.3600006103516,499.7000122070313,258.510009765625,338.4599914550781
2026-09-08,162.52000427246094,765.9600219726562,718.3599853515625,573.72998046875,225.72999572753903,493.9500122070313,256.9700012207031,338.3599853515625
2026-09-09,161.6300048828125,762.4000244140625,716.3099975585938,574.2899780273438,223.6699981689453,491.6499938964844,252.3999938964844,330.6499938964844
2026-09-10,152.94000244140625,757.8300170898438,708.6900024414062,560.280029296875,218.3600006103516,492.4400024414063,251.88999938964844,332.6000061035156
2026-09-11,150.27999877929688,764.2899780273438,714.8800048828125,568.530029296875,218.2899932861328,495.6300048828125,256.7799987792969,338.5
2026-09-14,144.7899932861328,760.8800048828125,709.1799926757812,541.5,210.9600067138672,505.4100036621094,253.5399932861328,349.3900146484375
2026-09-15,140.35000610351562,757.3900146484375,704.5399780273438,542.1099853515625,212.1699981689453,497.1199951171875,248.4199981689453,344.9800109863281
2026-09-16,143.16000366210938,754.0499877929688,704.719970703125,545.5599975585938,213.8999938964844,490.2999877929688,245.9600067138672,342.8699951171875
2026-09-17,150.58999633789062,762.5999755859375,716.9199829101562,560.6099853515625,219.33999633789065,497.75,251.19000244140625,347.3299865722656
2026-09-18,147.61000061035156,761.6900024414062,721.4500122070312,573.0,222.2700042724609,493.7799987792969,253.7100067138672,349.5400085449219
2026-09-21,148.55999755859375,773.5,741.469970703125,596.030029296875,227.3800048828125,501.6099853515625,258.45001220703125,354.9700012207031
2026-09-22,149.1999969482422,773.3800048828125,747.4600219726562,607.4600219726562,228.8699951171875,498.0,254.97999572753903,351.1600036621094
2026-09-23,144.55999755859375,767.8099975585938,741.2100219726562,601.4099731445312,225.50999450683597,500.5899963378906,249.2700042724609,337.8299865722656
2026-09-24,139.5399932861328,767.1799926757812,741.0999755859375,600.52001953125,224.5800018310547,497.9299926757813,249.3800048828125,342.3599853515625
2026-09-25,137.10000610351562,771.3499755859375,744.5,606.5599975585938,225.07000732421875,516.1699829101562,249.6699981689453,343.9200134277344
2026-09-28,132.60000610351562,765.6099853515625,736.530029296875,600.010009765625,228.8600006103516,509.2200012207031,246.1499938964844,342.75
2026-09-29,137.7899932861328,764.2000122070312,737.9299926757812,606.9000244140625,227.2100067138672,508.9599914550781,246.6699981689453,340.9200134277344
2026-09-30,137.3000030517578,762.6300048828125,739.77001953125,609.0,228.3800048828125,512.9000244140625,249.1499938964844,344.0799865722656
