date,growth,valuation,momentum,cash_flow,balance_sheet,market_risk,score,weight_coverage,growth__n,valuation__n,momentum__n,cash_flow__n,balance_sheet__n,market_risk__n,score_live
2010-01-04,,,,,,,,0.0,0,0,0,0,0,0,
2010-01-05,,,,,,,,0.0,0,0,0,0,0,0,
2010-01-06,,,,,,,,0.0,0,0,0,0,0,0,
2010-01-07,,,,,,,,0.0,0,0,0,0,0,0,
2010-01-08,,,,,,,,0.0,0,0,0,0,0,0,
2010-01-11,,,,,,,,0.0,0,0,0,0,0,0,
2010-01-12,,,,,,,,0.0,0,0,0,0,0,0,
2010-01-13,,,,,,,,0.0,0,0,0,0,0,0,
2010-01-14,,,,,,,,0.0,0,0,0,0,0,0,
2010-01-15,,,,,,,,0.0,0,0,0,0,0,0,
2010-01-19,,,,,,,,0.0,0,0,0,0,0,0,
2010-01-20,,,,,,,,0.0,0,0,0,0,0,0,
2010-01-21,,,,,,,,0.0,0,0,0,0,0,0,
2010-01-22,,,,,,,,0.0,0,0,0,0,0,0,
2010-01-25,,,,,,,,0.0,0,0,0,0,0,0,
2010-01-26,,,,,,,,0.0,0,0,0,0,0,0,
2010-01-27,,,,,,,,0.0,0,0,0,0,0,0,
2010-01-28,,,,,,,,0.0,0,0,0,0,0,0,
2010-01-29,,,,,,,,0.0,0,0,0,0,0,0,
2010-02-01,,,,,,,,0.0,0,0,0,0,0,0,
2010-02-02,,,,,,,,0.0,0,0,0,0,0,0,
2010-02-03,,,,,,,,0.0,0,0,0,0,0,0,
2010-02-04,,,,,,,,0.0,0,0,0,0,0,0,
2010-02-05,,,,,,,,0.0,0,0,0,0,0,0,
2010-02-08,,,,,,,,0.0,0,0,0,0,0,0,
2010-02-09,,,,,,,,0.0,0,0,0,0,0,0,
2010-02-10,,,,,,,,0.0,0,0,0,0,0,0,
2010-02-11,,,,,,,,0.0,0,0,0,0,0,0,
2010-02-12,,,,,,,,0.0,0,0,0,0,0,0,
2010-02-16,,,,,,,,0.0,0,0,0,0,0,0,
2010-02-17,,,,,,,,0.0,0,0,0,0,0,0,
2010-02-18,,,,,,,,0.0,0,0,0,0,0,0,
2010-02-19,,,,,,,,0.0,0,0,0,0,0,0,
2010-02-22,,,,,,,,0.0,0,0,0,0,0,0,
2010-02-23,,,,,,,,0.0,0,0,0,0,0,0,
2010-02-24,,,,,,,,0.0,0,0,0,0,0,0,
2010-02-25,,,,,,,,0.0,0,0,0,0,0,0,
2010-02-26,,,,,,,,0.0,0,0,0,0,0,0,
2010-03-01,,,,,,,,0.0,0,0,0,0,0,0,
2010-03-02,,,,,,,,0.0,0,0,0,0,0,0,
2010-03-03,,,,,,,,0.0,0,0,0,0,0,0,
2010-03-04,,,,,,,,0.0,0,0,0,0,0,0,
2010-03-05,,,,,,,,0.0,0,0,0,0,0,0,
2010-03-08,,,,,,,,0.0,0,0,0,0,0,0,
2010-03-09,,,,,,,,0.0,0,0,0,0,0,0,
2010-03-10,,,,,,,,0.0,0,0,0,0,0,0,
2010-03-11,,,,,,,,0.0,0,0,0,0,0,0,
2010-03-12,,,,,,,,0.0,0,0,0,0,0,0,
2010-03-15,,,,,,,,0.0,0,0,0,0,0,0,
2010-03-16,,,,,,,,0.0,0,0,0,0,0,0,
2010-03-17,,,,,,,,0.0,0,0,0,0,0,0,
2010-03-18,,,,,,,,0.0,0,0,0,0,0,0,
2010-03-19,,,,,,,,0.0,0,0,0,0,0,0,
2010-03-22,,,,,,,,0.0,0,0,0,0,0,0,
2010-03-23,,,,,,,,0.0,0,0,0,0,0,0,
2010-03-24,,,,,,,,0.0,0,0,0,0,0,0,
2010-03-25,,,,,,,,0.0,0,0,0,0,0,0,
2010-03-26,,,,,,,,0.0,0,0,0,0,0,0,
2010-03-29,,,,,,,,0.0,0,0,0,0,0,0,
2010-03-30,,,,,,,,0.0,0,0,0,0,0,0,
2010-03-31,,,,,,,,0.0,0,0,0,0,0,0,
2010-04-01,,,,,,,,0.0,0,0,0,0,0,0,
2010-04-05,,,,,,,,0.0,0,0,0,0,0,0,
2010-04-06,,,,,,,,0.0,0,0,0,0,0,0,
2010-04-07,,,,,,,,0.0,0,0,0,0,0,0,
2010-04-08,,,,,,,,0.0,0,0,0,0,0,0,
2010-04-09,,,,,,,,0.0,0,0,0,0,0,0,
2010-04-12,,,,,,,,0.0,0,0,0,0,0,0,
2010-04-13,,,,,,,,0.0,0,0,0,0,0,0,
2010-04-14,,,,,,,,0.0,0,0,0,0,0,0,
2010-04-15,,,,,,,,0.0,0,0,0,0,0,0,
2010-04-16,,,,,,,,0.0,0,0,0,0,0,0,
2010-04-19,,,,,,,,0.0,0,0,0,0,0,0,
2010-04-20,,,,,,,,0.0,0,0,0,0,0,0,
2010-04-21,,,,,,,,0.0,0,0,0,0,0,0,
2010-04-22,,,,,,,,0.0,0,0,0,0,0,0,
2010-04-23,,,,,,,,0.0,0,0,0,0,0,0,
2010-04-26,,,,,,,,0.0,0,0,0,0,0,0,
2010-04-27,,,,,,,,0.0,0,0,0,0,0,0,
2010-04-28,,,,,,,,0.0,0,0,0,0,0,0,
2010-04-29,,,,,,,,0.0,0,0,0,0,0,0,
2010-04-30,,,,,,,,0.0,0,0,0,0,0,0,
2010-05-03,,,,,,,,0.0,0,0,0,0,0,0,
2010-05-04,,,,,,,,0.0,0,0,0,0,0,0,
2010-05-05,,,,,,,,0.0,0,0,0,0,0,0,
2010-05-06,,,,,,,,0.0,0,0,0,0,0,0,
2010-05-07,,,,,,,,0.0,0,0,0,0,0,0,
2010-05-10,,,,,,,,0.0,0,0,0,0,0,0,
2010-05-11,,,,,,,,0.0,0,0,0,0,0,0,
2010-05-12,,,,,,,,0.0,0,0,0,0,0,0,
2010-05-13,,,,,,,,0.0,0,0,0,0,0,0,
2010-05-14,,,,,,,,0.0,0,0,0,0,0,0,
2010-05-17,,,,,,,,0.0,0,0,0,0,0,0,
2010-05-18,,,,,,,,0.0,0,0,0,0,0,0,
2010-05-19,,,,,,,,0.0,0,0,0,0,0,0,
2010-05-20,,,,,,,,0.0,0,0,0,0,0,0,
2010-05-21,,,,,,,,0.0,0,0,0,0,0,0,
2010-05-24,,,,,,,,0.0,0,0,0,0,0,0,
2010-05-25,,,,,,,,0.0,0,0,0,0,0,0,
2010-05-26,,,,,,,,0.0,0,0,0,0,0,0,
2010-05-27,,,,,,,,0.0,0,0,0,0,0,0,
2010-05-28,,,,,,,,0.0,0,0,0,0,0,0,
2010-06-01,,,,,,,,0.0,0,0,0,0,0,0,
2010-06-02,,,,,,,,0.0,0,0,0,0,0,0,
2010-06-03,,,,,,,,0.0,0,0,0,0,0,0,
2010-06-04,,,,,,,,0.0,0,0,0,0,0,0,
2010-06-07,,,,,,,,0.0,0,0,0,0,0,0,
2010-06-08,,,,,,,,0.0,0,0,0,0,0,0,
2010-06-09,,,,,,,,0.0,0,0,0,0,0,0,
2010-06-10,,,,,,,,0.0,0,0,0,0,0,0,
2010-06-11,,,,,,,,0.0,0,0,0,0,0,0,
2010-06-14,,,,,,,,0.0,0,0,0,0,0,0,
2010-06-15,,,,,,,,0.0,0,0,0,0,0,0,
2010-06-16,,,,,,,,0.0,0,0,0,0,0,0,
2010-06-17,,,,,,,,0.0,0,0,0,0,0,0,
2010-06-18,,,,,,,,0.0,0,0,0,0,0,0,
2010-06-21,,,,,,,,0.0,0,0,0,0,0,0,
2010-06-22,,,,,,,,0.0,0,0,0,0,0,0,
2010-06-23,,,,,,,,0.0,0,0,0,0,0,0,
2010-06-24,,,,,,,,0.0,0,0,0,0,0,0,
2010-06-25,,,,,,,,0.0,0,0,0,0,0,0,
2010-06-28,,,,,,,,0.0,0,0,0,0,0,0,
2010-06-29,,,,,,,,0.0,0,0,0,0,0,0,
2010-06-30,,,,,,,,0.0,0,0,0,0,0,0,
2010-07-01,,,,,,,,0.0,0,0,0,0,0,0,
2010-07-02,,,,,,,,0.0,0,0,0,0,0,0,
2010-07-06,,,,,,,,0.0,0,0,0,0,0,0,
2010-07-07,,,,,,,,0.0,0,0,0,0,0,0,
2010-07-08,,,,,,,,0.0,0,0,0,0,0,0,
2010-07-09,,,,,,,,0.0,0,0,0,0,0,0,
2010-07-12,,,,,,,,0.0,0,0,0,0,0,0,
2010-07-13,,,,,,,,0.0,0,0,0,0,0,0,
2010-07-14,,,,,,,,0.0,0,0,0,0,0,0,
2010-07-15,,,,,,,,0.0,0,0,0,0,0,0,
2010-07-16,,,,,,,,0.0,0,0,0,0,0,0,
2010-07-19,,,,,,,,0.0,0,0,0,0,0,0,
2010-07-20,,,,,,,,0.0,0,0,0,0,0,0,
2010-07-21,,,,,,,,0.0,0,0,0,0,0,0,
2010-07-22,,,,,,,,0.0,0,0,0,0,0,0,
2010-07-23,,,,,,,,0.0,0,0,0,0,0,0,
2010-07-26,,,,,,,,0.0,0,0,0,0,0,0,
2010-07-27,,,,,,,,0.0,0,0,0,0,0,0,
2010-07-28,,,,,,,,0.0,0,0,0,0,0,0,
2010-07-29,,,,,,,,0.0,0,0,0,0,0,0,
2010-07-30,,,,,,,,0.0,0,0,0,0,0,0,
2010-08-02,,,,,,,,0.0,0,0,0,0,0,0,
2010-08-03,,,,,,,,0.0,0,0,0,0,0,0,
2010-08-04,,,,,,,,0.0,0,0,0,0,0,0,
2010-08-05,,,,,,,,0.0,0,0,0,0,0,0,
2010-08-06,,,,,,,,0.0,0,0,0,0,0,0,
2010-08-09,,,,,,,,0.0,0,0,0,0,0,0,
2010-08-10,,,,,,,,0.0,0,0,0,0,0,0,
2010-08-11,,,,,,,,0.0,0,0,0,0,0,0,
2010-08-12,,,,,,,,0.0,0,0,0,0,0,0,
2010-08-13,,,,,,,,0.0,0,0,0,0,0,0,
2010-08-16,,,,,,,,0.0,0,0,0,0,0,0,
2010-08-17,,,,,,,,0.0,0,0,0,0,0,0,
2010-08-18,,,,,,,,0.0,0,0,0,0,0,0,
2010-08-19,,,,,,,,0.0,0,0,0,0,0,0,
2010-08-20,,,,,,,,0.0,0,0,0,0,0,0,
2010-08-23,,,,,,,,0.0,0,0,0,0,0,0,
2010-08-24,,,,,,,,0.0,0,0,0,0,0,0,
2010-08-25,,,,,,,,0.0,0,0,0,0,0,0,
2010-08-26,,,,,,,,0.0,0,0,0,0,0,0,
2010-08-27,,,,,,,,0.0,0,0,0,0,0,0,
2010-08-30,,,,,,,,0.0,0,0,0,0,0,0,
2010-08-31,,,,,,,,0.0,0,0,0,0,0,0,
2010-09-01,,,,,,,,0.0,0,0,0,0,0,0,
2010-09-02,,,,,,,,0.0,0,0,0,0,0,0,
2010-09-03,,,,,,,,0.0,0,0,0,0,0,0,
2010-09-07,,,,,,,,0.0,0,0,0,0,0,0,
2010-09-08,,,,,,,,0.0,0,0,0,0,0,0,
2010-09-09,,,,,,,,0.0,0,0,0,0,0,0,
2010-09-10,,,,,,,,0.0,0,0,0,0,0,0,
2010-09-13,,,,,,,,0.0,0,0,0,0,0,0,
2010-09-14,,,,,,,,0.0,0,0,0,0,0,0,
2010-09-15,,,,,,,,0.0,0,0,0,0,0,0,
2010-09-16,,,,,,,,0.0,0,0,0,0,0,0,
2010-09-17,,,,,,,,0.0,0,0,0,0,0,0,
2010-09-20,,,,,,,,0.0,0,0,0,0,0,0,
2010-09-21,,,,,,,,0.0,0,0,0,0,0,0,
2010-09-22,,,,,,,,0.0,0,0,0,0,0,0,
2010-09-23,,,,,,,,0.0,0,0,0,0,0,0,
2010-09-24,,,,,,,,0.0,0,0,0,0,0,0,
2010-09-27,,,,,,,,0.0,0,0,0,0,0,0,
2010-09-28,,,,,,,,0.0,0,0,0,0,0,0,
2010-09-29,,,,,,,,0.0,0,0,0,0,0,0,
2010-09-30,,,,,,,,0.0,0,0,0,0,0,0,
2010-10-01,,,,,,,,0.0,0,0,0,0,0,0,
2010-10-04,,,,,,,,0.0,0,0,0,0,0,0,
2010-10-05,,,,,,,,0.0,0,0,0,0,0,0,
2010-10-06,,,,,,,,0.0,0,0,0,0,0,0,
2010-10-07,,,,,,,,0.0,0,0,0,0,0,0,
2010-10-08,,,,,,,,0.0,0,0,0,0,0,0,
2010-10-11,,,,,,,,0.0,0,0,0,0,0,0,
2010-10-12,,,,,,,,0.0,0,0,0,0,0,0,
2010-10-13,,,,,,,,0.0,0,0,0,0,0,0,
2010-10-14,,,,,,,,0.0,0,0,0,0,0,0,
2010-10-15,,,,,,,,0.0,0,0,0,0,0,0,
2010-10-18,,,,,,,,0.0,0,0,0,0,0,0,
2010-10-19,,,,,,,,0.0,0,0,0,0,0,0,
2010-10-20,,,,,,,,0.0,0,0,0,0,0,0,
2010-10-21,,,,,,,,0.0,0,0,0,0,0,0,
2010-10-22,,,,,,,,0.0,0,0,0,0,0,0,
2010-10-25,,,,,,,,0.0,0,0,0,0,0,0,
2010-10-26,,,,,,,,0.0,0,0,0,0,0,0,
2010-10-27,,,,,,,,0.0,0,0,0,0,0,0,
2010-10-28,,,,,,,,0.0,0,0,0,0,0,0,
2010-10-29,,,,,,,,0.0,0,0,0,0,0,0,
2010-11-01,,,,,,,,0.0,0,0,0,0,0,0,
2010-11-02,,,,,,,,0.0,0,0,0,0,0,0,
2010-11-03,,,,,,,,0.0,0,0,0,0,0,0,
2010-11-04,,,,,,,,0.0,0,0,0,0,0,0,
2010-11-05,,,,,,,,0.0,0,0,0,0,0,0,
2010-11-08,,,,,,,,0.0,0,0,0,0,0,0,
2010-11-09,,,,,,,,0.0,0,0,0,0,0,0,
2010-11-10,,,,,,,,0.0,0,0,0,0,0,0,
2010-11-11,,,,,,,,0.0,0,0,0,0,0,0,
2010-11-12,,,,,,,,0.0,0,0,0,0,0,0,
2010-11-15,,,,,,,,0.0,0,0,0,0,0,0,
2010-11-16,,,,,,,,0.0,0,0,0,0,0,0,
2010-11-17,,,,,,,,0.0,0,0,0,0,0,0,
2010-11-18,,,,,,,,0.0,0,0,0,0,0,0,
2010-11-19,,,,,,,,0.0,0,0,0,0,0,0,
2010-11-22,,,,,,,,0.0,0,0,0,0,0,0,
2010-11-23,,,,,,,,0.0,0,0,0,0,0,0,
2010-11-24,,,,,,,,0.0,0,0,0,0,0,0,
2010-11-26,,,,,,,,0.0,0,0,0,0,0,0,
2010-11-29,,,,,,,,0.0,0,0,0,0,0,0,
2010-11-30,,,,,,,,0.0,0,0,0,0,0,0,
2010-12-01,,,,,,,,0.0,0,0,0,0,0,0,
2010-12-02,,,,,,,,0.0,0,0,0,0,0,0,
2010-12-03,,,,,,,,0.0,0,0,0,0,0,0,
2010-12-06,,,,,,,,0.0,0,0,0,0,0,0,
2010-12-07,,,,,,,,0.0,0,0,0,0,0,0,
2010-12-08,,,,,,,,0.0,0,0,0,0,0,0,
2010-12-09,,,,,,,,0.0,0,0,0,0,0,0,
2010-12-10,,,,,,,,0.0,0,0,0,0,0,0,
2010-12-13,,,,,,,,0.0,0,0,0,0,0,0,
2010-12-14,,,,,,,,0.0,0,0,0,0,0,0,
2010-12-15,,,,,,,,0.0,0,0,0,0,0,0,
2010-12-16,,,,,,,,0.0,0,0,0,0,0,0,
2010-12-17,,,,,,,,0.0,0,0,0,0,0,0,
2010-12-20,,,,,,,,0.0,0,0,0,0,0,0,
2010-12-21,,,,,,,,0.0,0,0,0,0,0,0,
2010-12-22,,,,,,,,0.0,0,0,0,0,0,0,
2010-12-23,,,,,,,,0.0,0,0,0,0,0,0,
2010-12-27,,,,,,,,0.0,0,0,0,0,0,0,
2010-12-28,,,,,,,,0.0,0,0,0,0,0,0,
2010-12-29,,,,,,,,0.0,0,0,0,0,0,0,
2010-12-30,,,,,,,,0.0,0,0,0,0,0,0,
2010-12-31,,,,,,,,0.0,0,0,0,0,0,0,
2011-01-03,,,,,,,,0.0,0,0,0,0,0,0,
2011-01-04,,,,,,,,0.0,0,0,0,0,0,0,
2011-01-05,,,,,,,,0.0,0,0,0,0,0,0,
2011-01-06,,,,,,,,0.0,0,0,0,0,0,0,
2011-01-07,,,,,,,,0.0,0,0,0,0,0,0,
2011-01-10,,,,,,,,0.0,0,0,0,0,0,0,
2011-01-11,,,,,,,,0.0,0,0,0,0,0,0,
2011-01-12,,,,,,,,0.0,0,0,0,0,0,0,
2011-01-13,,,,,,,,0.0,0,0,0,0,0,0,
2011-01-14,,,,,,,,0.0,0,0,0,0,0,0,
2011-01-18,,,,,,,,0.0,0,0,0,0,0,0,
2011-01-19,,,,,,,,0.0,0,0,0,0,0,0,
2011-01-20,,,,,,,,0.0,0,0,0,0,0,0,
2011-01-21,,,,,,,,0.0,0,0,0,0,0,0,
2011-01-24,,,,,,,,0.0,0,0,0,0,0,0,
2011-01-25,,,,,,,,0.0,0,0,0,0,0,0,
2011-01-26,,,,,,,,0.0,0,0,0,0,0,0,
2011-01-27,,,,,,,,0.0,0,0,0,0,0,0,
2011-01-28,,,,,,,,0.0,0,0,0,0,0,0,
2011-01-31,,,,,,,,0.0,0,0,0,0,0,0,
2011-02-01,,,,,,,,0.0,0,0,0,0,0,0,
2011-02-02,,,,,,,,0.0,0,0,0,0,0,0,
2011-02-03,,,,,,,,0.0,0,0,0,0,0,0,
2011-02-04,,,,,,,,0.0,0,0,0,0,0,0,
2011-02-07,,,,,,,,0.0,0,0,0,0,0,0,
2011-02-08,,,,,,,,0.0,0,0,0,0,0,0,
2011-02-09,,,,,,,,0.0,0,0,0,0,0,0,
2011-02-10,,,,,,,,0.0,0,0,0,0,0,0,
2011-02-11,,,,,,,,0.0,0,0,0,0,0,0,
2011-02-14,,,,,,,,0.0,0,0,0,0,0,0,
2011-02-15,,,,,,,,0.0,0,0,0,0,0,0,
2011-02-16,,,,,,,,0.0,0,0,0,0,0,0,
2011-02-17,,,,,,,,0.0,0,0,0,0,0,0,
2011-02-18,,,,,,,,0.0,0,0,0,0,0,0,
2011-02-22,,,,,,,,0.0,0,0,0,0,0,0,
2011-02-23,,,,,,,,0.0,0,0,0,0,0,0,
2011-02-24,,,,,,,,0.0,0,0,0,0,0,0,
2011-02-25,,,,,,,,0.0,0,0,0,0,0,0,
2011-02-28,,,,,,,,0.0,0,0,0,0,0,0,
2011-03-01,,,,,,,,0.0,0,0,0,0,0,0,
2011-03-02,,,,,,,,0.0,0,0,0,0,0,0,
2011-03-03,,,,,,,,0.0,0,0,0,0,0,0,
2011-03-04,,,,,,,,0.0,0,0,0,0,0,0,
2011-03-07,,,,,,,,0.0,0,0,0,0,0,0,
2011-03-08,,,,,,,,0.0,0,0,0,0,0,0,
2011-03-09,,,,,,,,0.0,0,0,0,0,0,0,
2011-03-10,,,,,,,,0.0,0,0,0,0,0,0,
2011-03-11,,,,,,,,0.0,0,0,0,0,0,0,
2011-03-14,,,,,,,,0.0,0,0,0,0,0,0,
2011-03-15,,,,,,,,0.0,0,0,0,0,0,0,
2011-03-16,,,,,,,,0.0,0,0,0,0,0,0,
2011-03-17,,,,,,,,0.0,0,0,0,0,0,0,
2011-03-18,,,,,,,,0.0,0,0,0,0,0,0,
2011-03-21,,,,,,,,0.0,0,0,0,0,0,0,
2011-03-22,,,,,,,,0.0,0,0,0,0,0,0,
2011-03-23,,,,,,,,0.0,0,0,0,0,0,0,
2011-03-24,,,,,,,,0.0,0,0,0,0,0,0,
2011-03-25,,,,,,,,0.0,0,0,0,0,0,0,
2011-03-28,,,,,,,,0.0,0,0,0,0,0,0,
2011-03-29,,,,,,,,0.0,0,0,0,0,0,0,
2011-03-30,,,,,,,,0.0,0,0,0,0,0,0,
2011-03-31,,,,,,,,0.0,0,0,0,0,0,0,
2011-04-01,,,,,,,,0.0,0,0,0,0,0,0,
2011-04-04,,,,,,,,0.0,0,0,0,0,0,0,
2011-04-05,,,,,,,,0.0,0,0,0,0,0,0,
2011-04-06,,,,,,,,0.0,0,0,0,0,0,0,
2011-04-07,,,,,,,,0.0,0,0,0,0,0,0,
2011-04-08,,,,,,,,0.0,0,0,0,0,0,0,
2011-04-11,,,,,,,,0.0,0,0,0,0,0,0,
2011-04-12,,,,,,,,0.0,0,0,0,0,0,0,
2011-04-13,,,,,,,,0.0,0,0,0,0,0,0,
2011-04-14,,,,,,,,0.0,0,0,0,0,0,0,
2011-04-15,,,,,,,,0.0,0,0,0,0,0,0,
2011-04-18,,,,,,,,0.0,0,0,0,0,0,0,
2011-04-19,,,,,,,,0.0,0,0,0,0,0,0,
2011-04-20,,,,,,,,0.0,0,0,0,0,0,0,
2011-04-21,,,,,,,,0.0,0,0,0,0,0,0,
2011-04-25,,,,,,,,0.0,0,0,0,0,0,0,
2011-04-26,,,,,,,,0.0,0,0,0,0,0,0,
2011-04-27,,,,,,,,0.0,0,0,0,0,0,0,
2011-04-28,,,,,,,,0.0,0,0,0,0,0,0,
2011-04-29,,,,,,,,0.0,0,0,0,0,0,0,
2011-05-02,,,,,,,,0.0,0,0,0,0,0,0,
2011-05-03,,,,,,,,0.0,0,0,0,0,0,0,
2011-05-04,,,,,,,,0.0,0,0,0,0,0,0,
2011-05-05,,,,,,,,0.0,0,0,0,0,0,0,
2011-05-06,,,,,,,,0.0,0,0,0,0,0,0,
2011-05-09,,,,,,,,0.0,0,0,0,0,0,0,
2011-05-10,,,,,,,,0.0,0,0,0,0,0,0,
2011-05-11,,,,,,,,0.0,0,0,0,0,0,0,
2011-05-12,,,,,,,,0.0,0,0,0,0,0,0,
2011-05-13,,,,,,,,0.0,0,0,0,0,0,0,
2011-05-16,,,,,,,,0.0,0,0,0,0,0,0,
2011-05-17,,,,,,,,0.0,0,0,0,0,0,0,
2011-05-18,,,,,,,,0.0,0,0,0,0,0,0,
2011-05-19,,,,,,,,0.0,0,0,0,0,0,0,
2011-05-20,,,,,,,,0.0,0,0,0,0,0,0,
2011-05-23,,,,,,,,0.0,0,0,0,0,0,0,
2011-05-24,,,,,,,,0.0,0,0,0,0,0,0,
2011-05-25,,,,,,,,0.0,0,0,0,0,0,0,
2011-05-26,,,,,,,,0.0,0,0,0,0,0,0,
2011-05-27,,,,,,,,0.0,0,0,0,0,0,0,
2011-05-31,,,,,,,,0.0,0,0,0,0,0,0,
2011-06-01,,,,,,,,0.0,0,0,0,0,0,0,
2011-06-02,,,,,,,,0.0,0,0,0,0,0,0,
2011-06-03,,,,,,,,0.0,0,0,0,0,0,0,
2011-06-06,,,,,,,,0.0,0,0,0,0,0,0,
2011-06-07,,,,,,,,0.0,0,0,0,0,0,0,
2011-06-08,,,,,,,,0.0,0,0,0,0,0,0,
2011-06-09,,,,,,,,0.0,0,0,0,0,0,0,
2011-06-10,,,,,,,,0.0,0,0,0,0,0,0,
2011-06-13,,,,,,,,0.0,0,0,0,0,0,0,
2011-06-14,,,,,,,,0.0,0,0,0,0,0,0,
2011-06-15,,,,,,,,0.0,0,0,0,0,0,0,
2011-06-16,,,,,,,,0.0,0,0,0,0,0,0,
2011-06-17,,,,,,,,0.0,0,0,0,0,0,0,
2011-06-20,,,,,,,,0.0,0,0,0,0,0,0,
2011-06-21,,,,,,,,0.0,0,0,0,0,0,0,
2011-06-22,,,,,,,,0.0,0,0,0,0,0,0,
2011-06-23,,,,,,,,0.0,0,0,0,0,0,0,
2011-06-24,,,,,,,,0.0,0,0,0,0,0,0,
2011-06-27,,,,,,,,0.0,0,0,0,0,0,0,
2011-06-28,,,,,,,,0.0,0,0,0,0,0,0,
2011-06-29,,,,,,,,0.0,0,0,0,0,0,0,
2011-06-30,,,,,,,,0.0,0,0,0,0,0,0,
2011-07-01,,,,,,,,0.0,0,0,0,0,0,0,
2011-07-05,,,,,,,,0.0,0,0,0,0,0,0,
2011-07-06,,,,,,,,0.0,0,0,0,0,0,0,
2011-07-07,,,,,,,,0.0,0,0,0,0,0,0,
2011-07-08,,,,,,,,0.0,0,0,0,0,0,0,
2011-07-11,,,,,,,,0.0,0,0,0,0,0,0,
2011-07-12,,,,,,,,0.0,0,0,0,0,0,0,
2011-07-13,,,,,,,,0.0,0,0,0,0,0,0,
2011-07-14,,,,,,,,0.0,0,0,0,0,0,0,
2011-07-15,,,,,,,,0.0,0,0,0,0,0,0,
2011-07-18,,,,,,,,0.0,0,0,0,0,0,0,
2011-07-19,,,,,,,,0.0,0,0,0,0,0,0,
2011-07-20,,,,,,,,0.0,0,0,0,0,0,0,
2011-07-21,,,,,,,,0.0,0,0,0,0,0,0,
2011-07-22,,,,,,,,0.0,0,0,0,0,0,0,
2011-07-25,,,,,,,,0.0,0,0,0,0,0,0,
2011-07-26,,,,,,,,0.0,0,0,0,0,0,0,
2011-07-27,,,,,,,,0.0,0,0,0,0,0,0,
2011-07-28,,,,,,,,0.0,0,0,0,0,0,0,
2011-07-29,,,,,,,,0.0,0,0,0,0,0,0,
2011-08-01,,,,,,,,0.0,0,0,0,0,0,0,
2011-08-02,,,,,,,,0.0,0,0,0,0,0,0,
2011-08-03,,,,,,,,0.0,0,0,0,0,0,0,
2011-08-04,,,,,,,,0.0,0,0,0,0,0,0,
2011-08-05,,,,,,,,0.0,0,0,0,0,0,0,
2011-08-08,,,,,,,,0.0,0,0,0,0,0,0,
2011-08-09,,,,,,,,0.0,0,0,0,0,0,0,
2011-08-10,,,,,,,,0.0,0,0,0,0,0,0,
2011-08-11,,,,,,,,0.0,0,0,0,0,0,0,
2011-08-12,,,,,,,,0.0,0,0,0,0,0,0,
2011-08-15,,,,,,,,0.0,0,0,0,0,0,0,
2011-08-16,,,,,,,,0.0,0,0,0,0,0,0,
2011-08-17,,,,,,,,0.0,0,0,0,0,0,0,
2011-08-18,,,,,,,,0.0,0,0,0,0,0,0,
2011-08-19,,,,,,,,0.0,0,0,0,0,0,0,
2011-08-22,,,,,,,,0.0,0,0,0,0,0,0,
2011-08-23,,,,,,,,0.0,0,0,0,0,0,0,
2011-08-24,,,,,,,,0.0,0,0,0,0,0,0,
2011-08-25,,,,,,,,0.0,0,0,0,0,0,0,
2011-08-26,,,,,,,,0.0,0,0,0,0,0,0,
2011-08-29,,,,,,,,0.0,0,0,0,0,0,0,
2011-08-30,,,,,,,,0.0,0,0,0,0,0,0,
2011-08-31,,,,,,,,0.0,0,0,0,0,0,0,
2011-09-01,,,,,,,,0.0,0,0,0,0,0,0,
2011-09-02,,,,,,,,0.0,0,0,0,0,0,0,
2011-09-06,,,,,,,,0.0,0,0,0,0,0,0,
2011-09-07,,,,,,,,0.0,0,0,0,0,0,0,
2011-09-08,,,,,,,,0.0,0,0,0,0,0,0,
2011-09-09,,,,,,,,0.0,0,0,0,0,0,0,
2011-09-12,,,,,,,,0.0,0,0,0,0,0,0,
2011-09-13,,,,,,,,0.0,0,0,0,0,0,0,
2011-09-14,,,,,,,,0.0,0,0,0,0,0,0,
2011-09-15,,,,,,,,0.0,0,0,0,0,0,0,
2011-09-16,,,,,,,,0.0,0,0,0,0,0,0,
2011-09-19,,,,,,,,0.0,0,0,0,0,0,0,
2011-09-20,,,,,,,,0.0,0,0,0,0,0,0,
2011-09-21,,,,,,,,0.0,0,0,0,0,0,0,
2011-09-22,,,,,,,,0.0,0,0,0,0,0,0,
2011-09-23,,,,,,,,0.0,0,0,0,0,0,0,
2011-09-26,,,,,,,,0.0,0,0,0,0,0,0,
2011-09-27,,,,,,,,0.0,0,0,0,0,0,0,
2011-09-28,,,,,,,,0.0,0,0,0,0,0,0,
2011-09-29,,,,,,,,0.0,0,0,0,0,0,0,
2011-09-30,,,,,,,,0.0,0,0,0,0,0,0,
2011-10-03,,,,,,,,0.0,0,0,0,0,0,0,
2011-10-04,,,,,,,,0.0,0,0,0,0,0,0,
2011-10-05,,,,,,,,0.0,0,0,0,0,0,0,
2011-10-06,,,,,,,,0.0,0,0,0,0,0,0,
2011-10-07,,,,,,,,0.0,0,0,0,0,0,0,
2011-10-10,,,,,,,,0.0,0,0,0,0,0,0,
2011-10-11,,,,,,,,0.0,0,0,0,0,0,0,
2011-10-12,,,,,,,,0.0,0,0,0,0,0,0,
2011-10-13,,,,,,,,0.0,0,0,0,0,0,0,
2011-10-14,,,,,,,,0.0,0,0,0,0,0,0,
2011-10-17,,,,,,,,0.0,0,0,0,0,0,0,
2011-10-18,,,,,,,,0.0,0,0,0,0,0,0,
2011-10-19,,,,,,,,0.0,0,0,0,0,0,0,
2011-10-20,,,,,,,,0.0,0,0,0,0,0,0,
2011-10-21,,,,,,,,0.0,0,0,0,0,0,0,
2011-10-24,,,,,,,,0.0,0,0,0,0,0,0,
2011-10-25,,,,,,,,0.0,0,0,0,0,0,0,
2011-10-26,,,,,,,,0.0,0,0,0,0,0,0,
2011-10-27,,,,,,,,0.0,0,0,0,0,0,0,
2011-10-28,,,,,,,,0.0,0,0,0,0,0,0,
2011-10-31,,,,,,,,0.0,0,0,0,0,0,0,
2011-11-01,,,,,,,,0.0,0,0,0,0,0,0,
2011-11-02,,,,,,,,0.0,0,0,0,0,0,0,
2011-11-03,,,,,,,,0.0,0,0,0,0,0,0,
2011-11-04,,,,,,,,0.0,0,0,0,0,0,0,
2011-11-07,,,,,,,,0.0,0,0,0,0,0,0,
2011-11-08,,,,,,,,0.0,0,0,0,0,0,0,
2011-11-09,,,,,,,,0.0,0,0,0,0,0,0,
2011-11-10,,,,,,,,0.0,0,0,0,0,0,0,
2011-11-11,,,,,,,,0.0,0,0,0,0,0,0,
2011-11-14,,,,,,,,0.0,0,0,0,0,0,0,
2011-11-15,,,,,,,,0.0,0,0,0,0,0,0,
2011-11-16,,,,,,,,0.0,0,0,0,0,0,0,
2011-11-17,,,,,,,,0.0,0,0,0,0,0,0,
2011-11-18,,,,,,,,0.0,0,0,0,0,0,0,
2011-11-21,,,,,,,,0.0,0,0,0,0,0,0,
2011-11-22,,,,,,,,0.0,0,0,0,0,0,0,
2011-11-23,,,,,,,,0.0,0,0,0,0,0,0,
2011-11-25,,,,,,,,0.0,0,0,0,0,0,0,
2011-11-28,,,,,,,,0.0,0,0,0,0,0,0,
2011-11-29,,,,,,,,0.0,0,0,0,0,0,0,
2011-11-30,,,,,,,,0.0,0,0,0,0,0,0,
2011-12-01,,,,,,,,0.0,0,0,0,0,0,0,
2011-12-02,,,,,,,,0.0,0,0,0,0,0,0,
2011-12-05,,,,,,,,0.0,0,0,0,0,0,0,
2011-12-06,,,,,,,,0.0,0,0,0,0,0,0,
2011-12-07,,,,,,,,0.0,0,0,0,0,0,0,
2011-12-08,,,,,,,,0.0,0,0,0,0,0,0,
2011-12-09,,,,,,,,0.0,0,0,0,0,0,0,
2011-12-12,,,,,,,,0.0,0,0,0,0,0,0,
2011-12-13,,,,,,,,0.0,0,0,0,0,0,0,
2011-12-14,,,,,,,,0.0,0,0,0,0,0,0,
2011-12-15,,,,,,,,0.0,0,0,0,0,0,0,
2011-12-16,,,,,,,,0.0,0,0,0,0,0,0,
2011-12-19,,,,,,,,0.0,0,0,0,0,0,0,
2011-12-20,,,,,,,,0.0,0,0,0,0,0,0,
2011-12-21,,,,,,,,0.0,0,0,0,0,0,0,
2011-12-22,,,,,,,,0.0,0,0,0,0,0,0,
2011-12-23,,,,,,,,0.0,0,0,0,0,0,0,
2011-12-27,,,,,,,,0.0,0,0,0,0,0,0,
2011-12-28,,,,,,,,0.0,0,0,0,0,0,0,
2011-12-29,,,,,,,,0.0,0,0,0,0,0,0,
2011-12-30,,,,,,,,0.0,0,0,0,0,0,0,
2012-01-03,,,,,,,,0.0,0,0,0,0,0,0,
2012-01-04,,,,,,,,0.0,0,0,0,0,0,0,
2012-01-05,,,,,,,,0.0,0,0,0,0,0,0,
2012-01-06,,,,,,,,0.0,0,0,0,0,0,0,
2012-01-09,,,,,,,,0.0,0,0,0,0,0,0,
2012-01-10,,,,,,,,0.0,0,0,0,0,0,0,
2012-01-11,,,,,,,,0.0,0,0,0,0,0,0,
2012-01-12,,,,,,,,0.0,0,0,0,0,0,0,
2012-01-13,,,,,,,,0.0,0,0,0,0,0,0,
2012-01-17,,,,,,,,0.0,0,0,0,0,0,0,
2012-01-18,,,,,,,,0.0,0,0,0,0,0,0,
2012-01-19,,,,,,,,0.0,0,0,0,0,0,0,
2012-01-20,,,,,,,,0.0,0,0,0,0,0,0,
2012-01-23,,,,,,,,0.0,0,0,0,0,0,0,
2012-01-24,,,,,,,,0.0,0,0,0,0,0,0,
2012-01-25,,,,,,,,0.0,0,0,0,0,0,0,
2012-01-26,,,,,,,,0.0,0,0,0,0,0,0,
2012-01-27,,,,,,,,0.0,0,0,0,0,0,0,
2012-01-30,,,,,,,,0.0,0,0,0,0,0,0,
2012-01-31,,,,,,,,0.0,0,0,0,0,0,0,
2012-02-01,,,,,,,,0.0,0,0,0,0,0,0,
2012-02-02,,,,,,,,0.0,0,0,0,0,0,0,
2012-02-03,,,,,,,,0.0,0,0,0,0,0,0,
2012-02-06,,,,,,,,0.0,0,0,0,0,0,0,
2012-02-07,,,,,,,,0.0,0,0,0,0,0,0,
2012-02-08,,,,,,,,0.0,0,0,0,0,0,0,
2012-02-09,,,,,,,,0.0,0,0,0,0,0,0,
2012-02-10,,,,,,,,0.0,0,0,0,0,0,0,
2012-02-13,,,,,,,,0.0,0,0,0,0,0,0,
2012-02-14,,,,,,,,0.0,0,0,0,0,0,0,
2012-02-15,,,,,,,,0.0,0,0,0,0,0,0,
2012-02-16,,,,,,,,0.0,0,0,0,0,0,0,
2012-02-17,,,,,,,,0.0,0,0,0,0,0,0,
2012-02-21,,,,,,,,0.0,0,0,0,0,0,0,
2012-02-22,,,,,,,,0.0,0,0,0,0,0,0,
2012-02-23,,,,,,,,0.0,0,0,0,0,0,0,
2012-02-24,,,,,,,,0.0,0,0,0,0,0,0,
2012-02-27,,,,,,,,0.0,0,0,0,0,0,0,
2012-02-28,,,,,,,,0.0,0,0,0,0,0,0,
2012-02-29,,,,,,,,0.0,0,0,0,0,0,0,
2012-03-01,,,,,,,,0.0,0,0,0,0,0,0,
2012-03-02,,,,,,,,0.0,0,0,0,0,0,0,
2012-03-05,,,,,,,,0.0,0,0,0,0,0,0,
2012-03-06,,,,,,,,0.0,0,0,0,0,0,0,
2012-03-07,,,,,,,,0.0,0,0,0,0,0,0,
2012-03-08,,,,,,,,0.0,0,0,0,0,0,0,
2012-03-09,,,,,,,,0.0,0,0,0,0,0,0,
2012-03-12,,,,,,,,0.0,0,0,0,0,0,0,
2012-03-13,,,,,,,,0.0,0,0,0,0,0,0,
2012-03-14,,,,,,,,0.0,0,0,0,0,0,0,
2012-03-15,,,,,,,,0.0,0,0,0,0,0,0,
2012-03-16,,,,,,,,0.0,0,0,0,0,0,0,
2012-03-19,,,,,,,,0.0,0,0,0,0,0,0,
2012-03-20,,,,,,,,0.0,0,0,0,0,0,0,
2012-03-21,,,,,,,,0.0,0,0,0,0,0,0,
2012-03-22,,,,,,,,0.0,0,0,0,0,0,0,
2012-03-23,,,,,,,,0.0,0,0,0,0,0,0,
2012-03-26,,,,,,,,0.0,0,0,0,0,0,0,
2012-03-27,,,,,,,,0.0,0,0,0,0,0,0,
2012-03-28,,,,,,,,0.0,0,0,0,0,0,0,
2012-03-29,,,,,,,,0.0,0,0,0,0,0,0,
2012-03-30,,,,,,,,0.0,0,0,0,0,0,0,
2012-04-02,,,,,,,,0.0,0,0,0,0,0,0,
2012-04-03,,,,,,,,0.0,0,0,0,0,0,0,
2012-04-04,,,,,,,,0.0,0,0,0,0,0,0,
2012-04-05,,,,,,,,0.0,0,0,0,0,0,0,
2012-04-09,,,,,,,,0.0,0,0,0,0,0,0,
2012-04-10,,,,,,,,0.0,0,0,0,0,0,0,
2012-04-11,,,,,,,,0.0,0,0,0,0,0,0,
2012-04-12,,,,,,,,0.0,0,0,0,0,0,0,
2012-04-13,,,,,,,,0.0,0,0,0,0,0,0,
2012-04-16,,,,,,,,0.0,0,0,0,0,0,0,
2012-04-17,,,,,,,,0.0,0,0,0,0,0,0,
2012-04-18,,,,,,,,0.0,0,0,0,0,0,0,
2012-04-19,,,,,,,,0.0,0,0,0,0,0,0,
2012-04-20,,,,,,,,0.0,0,0,0,0,0,0,
2012-04-23,,,,,,,,0.0,0,0,0,0,0,0,
2012-04-24,,,,,,,,0.0,0,0,0,0,0,0,
2012-04-25,,,,,,,,0.0,0,0,0,0,0,0,
2012-04-26,,,,,,,,0.0,0,0,0,0,0,0,
2012-04-27,,,,,,,,0.0,0,0,0,0,0,0,
2012-04-30,,,,,,,,0.0,0,0,0,0,0,0,
2012-05-01,,,,,,,,0.0,0,0,0,0,0,0,
2012-05-02,,,,,,,,0.0,0,0,0,0,0,0,
2012-05-03,,,,,,,,0.0,0,0,0,0,0,0,
2012-05-04,,,,,,,,0.0,0,0,0,0,0,0,
2012-05-07,,,,,,,,0.0,0,0,0,0,0,0,
2012-05-08,,,,,,,,0.0,0,0,0,0,0,0,
2012-05-09,,,,,,,,0.0,0,0,0,0,0,0,
2012-05-10,,,,,,,,0.0,0,0,0,0,0,0,
2012-05-11,,,,,,,,0.0,0,0,0,0,0,0,
2012-05-14,,,,,,,,0.0,0,0,0,0,0,0,
2012-05-15,,,,,,,,0.0,0,0,0,0,0,0,
2012-05-16,,,,,,,,0.0,0,0,0,0,0,0,
2012-05-17,,,,,,,,0.0,0,0,0,0,0,0,
2012-05-18,,,,,,,,0.0,0,0,0,0,0,0,
2012-05-21,,,,,,,,0.0,0,0,0,0,0,0,
2012-05-22,,,,,,,,0.0,0,0,0,0,0,0,
2012-05-23,,,,,,,,0.0,0,0,0,0,0,0,
2012-05-24,,,,,,,,0.0,0,0,0,0,0,0,
2012-05-25,,,,,,,,0.0,0,0,0,0,0,0,
2012-05-29,,,,,,,,0.0,0,0,0,0,0,0,
2012-05-30,,,,,,,,0.0,0,0,0,0,0,0,
2012-05-31,,,,,,,,0.0,0,0,0,0,0,0,
2012-06-01,,,,,,,,0.0,0,0,0,0,0,0,
2012-06-04,,,,,,,,0.0,0,0,0,0,0,0,
2012-06-05,,,,,,,,0.0,0,0,0,0,0,0,
2012-06-06,,,,,,,,0.0,0,0,0,0,0,0,
2012-06-07,,,,,,,,0.0,0,0,0,0,0,0,
2012-06-08,,,,,,,,0.0,0,0,0,0,0,0,
2012-06-11,,,,,,,,0.0,0,0,0,0,0,0,
2012-06-12,,,,,,,,0.0,0,0,0,0,0,0,
2012-06-13,,,,,,,,0.0,0,0,0,0,0,0,
2012-06-14,,,,,,,,0.0,0,0,0,0,0,0,
2012-06-15,,,,,,,,0.0,0,0,0,0,0,0,
2012-06-18,,,,,,,,0.0,0,0,0,0,0,0,
2012-06-19,,,,,,,,0.0,0,0,0,0,0,0,
2012-06-20,,,,,,,,0.0,0,0,0,0,0,0,
2012-06-21,,,,,,,,0.0,0,0,0,0,0,0,
2012-06-22,,,,,,,,0.0,0,0,0,0,0,0,
2012-06-25,,,,,,,,0.0,0,0,0,0,0,0,
2012-06-26,,,,,,,,0.0,0,0,0,0,0,0,
2012-06-27,,,,,,,,0.0,0,0,0,0,0,0,
2012-06-28,,,,,,,,0.0,0,0,0,0,0,0,
2012-06-29,,,,,,,,0.0,0,0,0,0,0,0,
2012-07-02,,,,,,,,0.0,0,0,0,0,0,0,
2012-07-03,,,,,,,,0.0,0,0,0,0,0,0,
2012-07-05,,,,,,,,0.0,0,0,0,0,0,0,
2012-07-06,,,,,,,,0.0,0,0,0,0,0,0,
2012-07-09,,,,,,,,0.0,0,0,0,0,0,0,
2012-07-10,,,,,,,,0.0,0,0,0,0,0,0,
2012-07-11,,,,,,,,0.0,0,0,0,0,0,0,
2012-07-12,,,,,,,,0.0,0,0,0,0,0,0,
2012-07-13,,,,,,,,0.0,0,0,0,0,0,0,
2012-07-16,,,,,,,,0.0,0,0,0,0,0,0,
2012-07-17,,,,,,,,0.0,0,0,0,0,0,0,
2012-07-18,,,,,,,,0.0,0,0,0,0,0,0,
2012-07-19,,,,,,,,0.0,0,0,0,0,0,0,
2012-07-20,,,,,,,,0.0,0,0,0,0,0,0,
2012-07-23,,,,,,,,0.0,0,0,0,0,0,0,
2012-07-24,,,,,,,,0.0,0,0,0,0,0,0,
2012-07-25,,,,,,,,0.0,0,0,0,0,0,0,
2012-07-26,,,,,,,,0.0,0,0,0,0,0,0,
2012-07-27,,,,,,,,0.0,0,0,0,0,0,0,
2012-07-30,,,,,,,,0.0,0,0,0,0,0,0,
2012-07-31,,,,,,,,0.0,0,0,0,0,0,0,
2012-08-01,,,,,,,,0.0,0,0,0,0,0,0,
2012-08-02,,,,,,,,0.0,0,0,0,0,0,0,
2012-08-03,,,,,,,,0.0,0,0,0,0,0,0,
2012-08-06,,,,,,,,0.0,0,0,0,0,0,0,
2012-08-07,,,,,,,,0.0,0,0,0,0,0,0,
2012-08-08,,,,,,,,0.0,0,0,0,0,0,0,
2012-08-09,,,,,,,,0.0,0,0,0,0,0,0,
2012-08-10,,,,,,,,0.0,0,0,0,0,0,0,
2012-08-13,,,,,,,,0.0,0,0,0,0,0,0,
2012-08-14,,,,,,,,0.0,0,0,0,0,0,0,
2012-08-15,,,,,,,,0.0,0,0,0,0,0,0,
2012-08-16,,,,,,,,0.0,0,0,0,0,0,0,
2012-08-17,,,,,,,,0.0,0,0,0,0,0,0,
2012-08-20,,,,,,,,0.0,0,0,0,0,0,0,
2012-08-21,,,,,,,,0.0,0,0,0,0,0,0,
2012-08-22,,,,,,,,0.0,0,0,0,0,0,0,
2012-08-23,,,,,,,,0.0,0,0,0,0,0,0,
2012-08-24,,,,,,,,0.0,0,0,0,0,0,0,
2012-08-27,,,,,,,,0.0,0,0,0,0,0,0,
2012-08-28,,,,,,,,0.0,0,0,0,0,0,0,
2012-08-29,,,,,,,,0.0,0,0,0,0,0,0,
2012-08-30,,,,,,,,0.0,0,0,0,0,0,0,
2012-08-31,,,,,,,,0.0,0,0,0,0,0,0,
2012-09-04,,,,,,,,0.0,0,0,0,0,0,0,
2012-09-05,,,,,,,,0.0,0,0,0,0,0,0,
2012-09-06,,,,,,,,0.0,0,0,0,0,0,0,
2012-09-07,,,,,,,,0.0,0,0,0,0,0,0,
2012-09-10,,,,,,,,0.0,0,0,0,0,0,0,
2012-09-11,,,,,,,,0.0,0,0,0,0,0,0,
2012-09-12,,,,,,,,0.0,0,0,0,0,0,0,
2012-09-13,,,,,,,,0.0,0,0,0,0,0,0,
2012-09-14,,,,,,,,0.0,0,0,0,0,0,0,
2012-09-17,,,,,,,,0.0,0,0,0,0,0,0,
2012-09-18,,,,,,,,0.0,0,0,0,0,0,0,
2012-09-19,,,,,,,,0.0,0,0,0,0,0,0,
2012-09-20,,,,,,,,0.0,0,0,0,0,0,0,
2012-09-21,,,,,,,,0.0,0,0,0,0,0,0,
2012-09-24,,,,,,,,0.0,0,0,0,0,0,0,
2012-09-25,,,,,,,,0.0,0,0,0,0,0,0,
2012-09-26,,,,,,,,0.0,0,0,0,0,0,0,
2012-09-27,,,,,,,,0.0,0,0,0,0,0,0,
2012-09-28,,,,,,,,0.0,0,0,0,0,0,0,
2012-10-01,,,,,,,,0.0,0,0,0,0,0,0,
2012-10-02,,,,,,,,0.0,0,0,0,0,0,0,
2012-10-03,,,,,,,,0.0,0,0,0,0,0,0,
2012-10-04,,,,,,,,0.0,0,0,0,0,0,0,
2012-10-05,,,,,,,,0.0,0,0,0,0,0,0,
2012-10-08,,,,,,,,0.0,0,0,0,0,0,0,
2012-10-09,,,,,,,,0.0,0,0,0,0,0,0,
2012-10-10,,,,,,,,0.0,0,0,0,0,0,0,
2012-10-11,,,,,,,,0.0,0,0,0,0,0,0,
2012-10-12,,,,,,,,0.0,0,0,0,0,0,0,
2012-10-15,,,,,,,,0.0,0,0,0,0,0,0,
2012-10-16,,,,,,,,0.0,0,0,0,0,0,0,
2012-10-17,,,,,,,,0.0,0,0,0,0,0,0,
2012-10-18,,,,,,,,0.0,0,0,0,0,0,0,
2012-10-19,,,,,,,,0.0,0,0,0,0,0,0,
2012-10-22,,,,,,,,0.0,0,0,0,0,0,0,
2012-10-23,,,,,,,,0.0,0,0,0,0,0,0,
2012-10-24,,,,,,,,0.0,0,0,0,0,0,0,
2012-10-25,,,,,,,,0.0,0,0,0,0,0,0,
2012-10-26,,,,,,,,0.0,0,0,0,0,0,0,
2012-10-31,,,,,,,,0.0,0,0,0,0,0,0,
2012-11-01,,,,,,,,0.0,0,0,0,0,0,0,
2012-11-02,,,,,,,,0.0,0,0,0,0,0,0,
2012-11-05,,,,,,,,0.0,0,0,0,0,0,0,
2012-11-06,,,,,,,,0.0,0,0,0,0,0,0,
2012-11-07,,,,,,,,0.0,0,0,0,0,0,0,
2012-11-08,,,,,,,,0.0,0,0,0,0,0,0,
2012-11-09,,,,,,,,0.0,0,0,0,0,0,0,
2012-11-12,,,,,,,,0.0,0,0,0,0,0,0,
2012-11-13,,,,,,,,0.0,0,0,0,0,0,0,
2012-11-14,,,,,,,,0.0,0,0,0,0,0,0,
2012-11-15,,,,,,,,0.0,0,0,0,0,0,0,
2012-11-16,,,,,,,,0.0,0,0,0,0,0,0,
2012-11-19,,,,,,,,0.0,0,0,0,0,0,0,
2012-11-20,,,,,,,,0.0,0,0,0,0,0,0,
2012-11-21,,,,,,,,0.0,0,0,0,0,0,0,
2012-11-23,,,,,,,,0.0,0,0,0,0,0,0,
2012-11-26,,,,,,,,0.0,0,0,0,0,0,0,
2012-11-27,,,,,,,,0.0,0,0,0,0,0,0,
2012-11-28,,,,,,,,0.0,0,0,0,0,0,0,
2012-11-29,,,,,,,,0.0,0,0,0,0,0,0,
2012-11-30,,,,,,,,0.0,0,0,0,0,0,0,
2012-12-03,,,,,,,,0.0,0,0,0,0,0,0,
2012-12-04,,,,,,,,0.0,0,0,0,0,0,0,
2012-12-05,,,,,,,,0.0,0,0,0,0,0,0,
2012-12-06,,,,,,,,0.0,0,0,0,0,0,0,
2012-12-07,,,,,,,,0.0,0,0,0,0,0,0,
2012-12-10,,,,,,,,0.0,0,0,0,0,0,0,
2012-12-11,,,,,,,,0.0,0,0,0,0,0,0,
2012-12-12,,,,,,,,0.0,0,0,0,0,0,0,
2012-12-13,,,,,,,,0.0,0,0,0,0,0,0,
2012-12-14,,,,,,,,0.0,0,0,0,0,0,0,
2012-12-17,,,,,,,,0.0,0,0,0,0,0,0,
2012-12-18,,,,,,,,0.0,0,0,0,0,0,0,
2012-12-19,,,,,,,,0.0,0,0,0,0,0,0,
2012-12-20,,,,,,,,0.0,0,0,0,0,0,0,
2012-12-21,,,,,,,,0.0,0,0,0,0,0,0,
2012-12-24,,,,,,,,0.0,0,0,0,0,0,0,
2012-12-26,,,,,,,,0.0,0,0,0,0,0,0,
2012-12-27,,,,,,,,0.0,0,0,0,0,0,0,
2012-12-28,,,,,,,,0.0,0,0,0,0,0,0,
2012-12-31,,,,,,,,0.0,0,0,0,0,0,0,
2013-01-02,,,,,,,,0.0,0,0,0,0,0,0,
2013-01-03,,,,,,,,0.0,0,0,0,0,0,0,
2013-01-04,,,,,,,,0.0,0,0,0,0,0,0,
2013-01-07,,,,,,,,0.0,0,0,0,0,0,0,
2013-01-08,,,,,,,,0.0,0,0,0,0,0,0,
2013-01-09,,,,,,,,0.0,0,0,0,0,0,0,
2013-01-10,,,,,,,,0.0,0,0,0,0,0,0,
2013-01-11,,,,,,,,0.0,0,0,0,0,0,0,
2013-01-14,,,,,,,,0.0,0,0,0,0,0,0,
2013-01-15,,,,,,,,0.0,0,0,0,0,0,0,
2013-01-16,,,,,,,,0.0,0,0,0,0,0,0,
2013-01-17,,,,,,,,0.0,0,0,0,0,0,0,
2013-01-18,,,,,,,,0.0,0,0,0,0,0,0,
2013-01-22,,,,,,,,0.0,0,0,0,0,0,0,
2013-01-23,,,,,,,,0.0,0,0,0,0,0,0,
2013-01-24,,,,,,,,0.0,0,0,0,0,0,0,
2013-01-25,,,,,,,,0.0,0,0,0,0,0,0,
2013-01-28,,,,,,,,0.0,0,0,0,0,0,0,
2013-01-29,,,,,,,,0.0,0,0,0,0,0,0,
2013-01-30,,,,,,,,0.0,0,0,0,0,0,0,
2013-01-31,,,,,,,,0.0,0,0,0,0,0,0,
2013-02-01,,,,,,,,0.0,0,0,0,0,0,0,
2013-02-04,,,,,,,,0.0,0,0,0,0,0,0,
2013-02-05,,,,,,,,0.0,0,0,0,0,0,0,
2013-02-06,,,,,,,,0.0,0,0,0,0,0,0,
2013-02-07,,,,,,,,0.0,0,0,0,0,0,0,
2013-02-08,,,,,,,,0.0,0,0,0,0,0,0,
2013-02-11,,,,,,,,0.0,0,0,0,0,0,0,
2013-02-12,,,,,,,,0.0,0,0,0,0,0,0,
2013-02-13,,,,,,,,0.0,0,0,0,0,0,0,
2013-02-14,,,,,,,,0.0,0,0,0,0,0,0,
2013-02-15,,,,,,,,0.0,0,0,0,0,0,0,
2013-02-19,,,,,,,,0.0,0,0,0,0,0,0,
2013-02-20,,,,,,,,0.0,0,0,0,0,0,0,
2013-02-21,,,,,,,,0.0,0,0,0,0,0,0,
2013-02-22,,,,,,,,0.0,0,0,0,0,0,0,
2013-02-25,,,,,,,,0.0,0,0,0,0,0,0,
2013-02-26,,,,,,,,0.0,0,0,0,0,0,0,
2013-02-27,,,,,,,,0.0,0,0,0,0,0,0,
2013-02-28,,,,,,,,0.0,0,0,0,0,0,0,
2013-03-01,,,,,,,,0.0,0,0,0,0,0,0,
2013-03-04,,,,,,,,0.0,0,0,0,0,0,0,
2013-03-05,,,,,,,,0.0,0,0,0,0,0,0,
2013-03-06,,,,,,,,0.0,0,0,0,0,0,0,
2013-03-07,,,,,,,,0.0,0,0,0,0,0,0,
2013-03-08,,,,,,,,0.0,0,0,0,0,0,0,
2013-03-11,,,,,,,,0.0,0,0,0,0,0,0,
2013-03-12,,,,,,,,0.0,0,0,0,0,0,0,
2013-03-13,,,,,,,,0.0,0,0,0,0,0,0,
2013-03-14,,,,,,,,0.0,0,0,0,0,0,0,
2013-03-15,,,,,,,,0.0,0,0,0,0,0,0,
2013-03-18,,,,,,,,0.0,0,0,0,0,0,0,
2013-03-19,,,,,,,,0.0,0,0,0,0,0,0,
2013-03-20,,,,,,,,0.0,0,0,0,0,0,0,
2013-03-21,,,,43.75,50.0,,46.25,0.25,0,0,0,2,2,0,
2013-03-22,,,,43.75,50.0,,46.25,0.25,0,0,0,2,2,0,
2013-03-25,,,,43.75,50.0,,46.25,0.25,0,0,0,2,2,0,
2013-03-26,,,,43.75,50.0,,46.25,0.25,0,0,0,2,2,0,
2013-03-27,,,,43.75,50.0,,46.25,0.25,0,0,0,2,2,0,
2013-03-28,,,,43.75,50.0,,46.25,0.25,0,0,0,2,2,0,
2013-04-01,,,,43.75,50.0,,46.25,0.25,0,0,0,2,2,0,
2013-04-02,,,,43.75,50.0,,46.25,0.25,0,0,0,2,2,0,
2013-04-03,,,,43.75,50.0,,46.25,0.25,0,0,0,2,2,0,
2013-04-04,,,,43.75,50.0,,46.25,0.25,0,0,0,2,2,0,
2013-04-05,,,,43.75,50.0,40.07936507936508,44.486961451247176,0.35,0,0,0,2,2,1,
2013-04-08,,,,43.75,50.0,39.89431968295904,44.4340913379883,0.35,0,0,0,2,2,1,
2013-04-09,,,,43.75,50.0,38.522427440633244,44.04212212589522,0.35,0,0,0,2,2,1,
2013-04-10,,,,43.75,50.0,36.49538866930171,43.462968191229066,0.35,0,0,0,2,2,1,
2013-04-11,,,,43.75,50.0,36.44736842105263,43.44924812030076,0.35,0,0,0,2,2,1,
2013-04-12,,,,43.75,50.0,36.925098554533506,43.58574244415243,0.35,0,0,0,2,2,1,
2013-04-15,,,,43.75,50.0,35.82677165354331,43.27193475815523,0.35,0,0,0,2,2,1,
2013-04-16,,,,43.75,50.0,34.07601572739188,42.771718779254826,0.35,0,0,0,2,2,1,
2013-04-17,,,,43.75,50.0,30.759162303664922,41.82404637247569,0.35,0,0,0,2,2,1,
2013-04-18,,,,43.75,50.0,30.718954248366014,41.81255835667601,0.35,0,0,0,2,2,1,
2013-04-19,,,,43.75,50.0,30.417754569190603,41.72650130548303,0.35,0,0,0,2,2,1,
2013-04-22,,,,43.75,50.0,31.02998696219035,41.901424846340106,0.35,0,0,0,2,2,1,
2013-04-23,,,,43.75,50.0,31.25,41.964285714285715,0.35,0,0,0,2,2,1,
2013-04-24,,,,43.75,50.0,31.469440832249674,42.02698309492848,0.35,0,0,0,2,2,1,
2013-04-25,,,,43.75,50.0,31.558441558441565,42.052411873840455,0.35,0,0,0,2,2,1,
2013-04-26,,,,43.75,50.0,32.295719844357976,42.26306281267371,0.35,0,0,0,2,2,1,
2013-04-29,,,,43.75,50.0,32.38341968911917,42.28811991117691,0.35,0,0,0,2,2,1,
2013-04-30,,,,43.75,50.0,31.047865459249678,41.90653298835706,0.35,0,0,0,2,2,1,
2013-05-01,,,,43.75,50.0,30.620155038759687,41.7843300110742,0.35,0,0,0,2,2,1,
2013-05-02,,,,43.75,50.0,29.677419354838708,41.51497695852535,0.35,0,0,0,2,2,1,
2013-05-03,,,,43.75,50.0,31.70103092783505,42.09315169366716,0.35,0,0,0,2,2,1,
2013-05-06,,,,43.75,50.0,36.16473616473617,43.36849604706748,0.35,0,0,0,2,2,1,
2013-05-07,,,,43.75,50.0,36.63239074550128,43.5021116415718,0.35,0,0,0,2,2,1,
2013-05-08,,,,43.75,50.0,36.8421052631579,43.56203007518797,0.35,0,0,0,2,2,1,
2013-05-09,,,,43.75,50.0,37.69230769230769,43.80494505494506,0.35,0,0,0,2,2,1,
2013-05-10,,,,43.75,50.0,37.77208706786171,43.8277391622462,0.35,0,0,0,2,2,1,
2013-05-13,,,,43.75,50.0,37.59590792838875,43.77740226525393,0.35,0,0,0,2,2,1,
2013-05-14,,,,43.75,50.0,37.675606641123885,43.8001733260354,0.35,0,0,0,2,2,1,
2013-05-15,,,,43.75,50.0,36.98979591836735,43.60422740524782,0.35,0,0,0,2,2,1,
2013-05-16,,,,43.75,50.0,36.17834394904459,43.37238398544132,0.35,0,0,0,2,2,1,
2013-05-17,,,,43.75,50.0,34.35114503816794,42.85032715376227,0.35,0,0,0,2,2,1,
2013-05-20,,,,43.75,50.0,35.70520965692503,43.23720275912144,0.35,0,0,0,2,2,1,
2013-05-21,,,,43.75,50.0,36.42131979695431,43.44180565627266,0.35,0,0,0,2,2,1,
2013-05-22,,,,43.75,50.0,34.60076045627376,42.92164584464965,0.35,0,0,0,2,2,1,
2013-05-23,,,,43.75,50.0,35.189873417721515,43.08996383363472,0.35,0,0,0,2,2,1,
2013-05-24,,,,43.75,50.0,36.283185840707965,43.402338811630855,0.35,0,0,0,2,2,1,
2013-05-28,,,,43.75,50.0,34.97474747474747,43.02849927849928,0.35,0,0,0,2,2,1,
2013-05-29,,,,43.75,50.0,35.81336696090794,43.2681048459737,0.35,0,0,0,2,2,1,
2013-05-30,,,,43.75,50.0,37.1536523929471,43.65104354084203,0.35,0,0,0,2,2,1,
2013-05-31,,,,43.75,50.0,35.9748427672956,43.31424079065589,0.35,0,0,0,2,2,1,
2013-06-03,,,,43.75,50.0,34.54773869346733,42.9064967695621,0.35,0,0,0,2,2,1,
2013-06-04,,,,43.75,50.0,35.257214554579676,43.10920415845134,0.35,0,0,0,2,2,1,
2013-06-05,,,,43.75,50.0,36.46616541353384,43.454618689581096,0.35,0,0,0,2,2,1,
2013-06-06,,,,43.75,50.0,32.91614518147684,42.44032719470767,0.35,0,0,0,2,2,1,
2013-06-07,,,,43.75,50.0,31.75,42.10714285714286,0.35,0,0,0,2,2,1,
2013-06-10,,,,43.75,50.0,31.46067415730337,42.02447833065811,0.35,0,0,0,2,2,1,
2013-06-11,,,,43.75,50.0,31.421446384039896,42.013270395439974,0.35,0,0,0,2,2,1,
2013-06-12,,,,43.75,50.0,31.506849315068497,42.03767123287672,0.35,0,0,0,2,2,1,
2013-06-13,,,,43.75,50.0,31.218905472636816,41.95540156361052,0.35,0,0,0,2,2,1,
2013-06-14,,,,43.75,50.0,29.689440993788818,41.518411712511096,0.35,0,0,0,2,2,1,
2013-06-17,,,,43.75,50.0,29.032258064516125,41.33064516129032,0.35,0,0,0,2,2,1,
2013-06-18,,,,43.75,50.0,29.368029739776947,41.42657992565056,0.35,0,0,0,2,2,1,
2013-06-19,,,,43.75,50.0,29.08415841584159,41.3454738330976,0.35,0,0,0,2,2,1,
2013-06-20,,,,43.75,50.0,74.66007416563659,54.36716404732474,0.35,0,0,0,2,2,1,
2013-06-21,37.5,,,69.44444444444446,50.0,31.234567901234566,46.525205761316876,0.6,1,0,0,3,2,1,
2013-06-24,37.5,,,69.44444444444446,50.0,35.265104808877936,47.19696191259077,0.6,1,0,0,3,2,1,
2013-06-25,37.5,,,69.44444444444446,50.0,35.3448275862069,47.2102490421456,0.6,1,0,0,3,2,1,
2013-06-26,37.5,,,69.44444444444446,50.0,36.53136531365314,47.40800533005331,0.6,1,0,0,3,2,1,
2013-06-27,37.5,,,69.44444444444446,50.0,36.977886977886975,47.48242560742561,0.6,1,0,0,3,2,1,
2013-06-28,37.5,,,69.44444444444446,50.0,35.95092024539878,47.311264485344246,0.6,1,0,0,3,2,1,
2013-07-01,37.5,,,69.44444444444446,50.0,34.068627450980394,46.997549019607845,0.6,1,0,0,3,2,1,
2013-07-02,37.5,,,69.44444444444446,50.0,35.25091799265606,47.19459744322046,0.6,1,0,0,3,2,1,
2013-07-03,37.5,,,69.44444444444446,50.0,29.460647339620444,46.22955233438119,0.6,1,0,0,3,2,2,
2013-07-05,37.5,,11.243386243386242,69.44444444444446,50.0,29.884609739299307,37.536006111592314,0.7999999999999999,1,0,1,3,2,2,37.536006111592314
2013-07-08,37.5,,11.360634081902246,69.44444444444446,50.0,31.317813244095504,37.74446850932084,0.7999999999999999,1,0,1,3,2,2,37.74446850932084
2013-07-09,37.5,,10.949868073878628,69.44444444444446,50.0,32.38041592646263,37.77460234261083,0.7999999999999999,1,0,1,3,2,2,37.77460234261083
2013-07-10,37.5,,9.090909090909092,69.44444444444446,50.0,34.01283775131259,37.51391532497468,0.7999999999999999,1,0,1,3,2,2,37.51391532497468
2013-07-11,37.5,,9.078947368421053,69.44444444444446,50.0,34.72464605789849,37.59990093267591,0.7999999999999999,1,0,1,3,2,2,37.59990093267591
2013-07-12,37.5,,7.6215505913272015,69.44444444444446,50.0,30.6554672170833,36.72690438330055,0.7999999999999999,1,0,1,3,2,2,36.72690438330055
2013-07-15,37.5,,8.661417322834646,69.44444444444446,50.0,33.438023749950354,37.334690632785794,0.7999999999999999,1,0,1,3,2,2,37.334690632785794
2013-07-16,37.5,,8.650065530799477,69.44444444444446,50.0,34.96951180862797,37.523288692111706,0.7999999999999999,1,0,1,3,2,2,37.523288692111706
2013-07-17,37.5,,8.769633507853403,69.44444444444446,50.0,39.09539954635623,38.06891665359122,0.7999999999999999,1,0,1,3,2,2,38.06891665359122
2013-07-18,37.5,,9.019607843137255,69.44444444444446,50.0,39.085499678359255,38.13017275391256,0.7999999999999999,1,0,1,3,2,2,38.13017275391256
2013-07-19,37.5,,10.966057441253264,69.44444444444446,50.0,38.17927538716318,38.503507117042055,0.7999999999999999,1,0,1,3,2,2,38.503507117042055
2013-07-22,37.5,,8.735332464146023,69.44444444444446,50.0,38.470130522088354,37.98218276463089,0.7999999999999999,1,0,1,3,2,2,37.98218276463089
2013-07-23,37.5,,11.588541666666668,69.44444444444446,50.0,39.61182337854184,38.83819667231773,0.7999999999999999,1,0,1,3,2,2,38.83819667231773
2013-07-24,37.5,,13.133940182054616,69.44444444444446,50.0,41.16430444555444,39.4186064345413,0.7999999999999999,1,0,1,3,2,2,39.4186064345413
2013-07-25,37.5,,10.0,69.44444444444446,50.0,41.273552222445396,38.64877736113901,0.7999999999999999,1,0,1,3,2,2,38.64877736113901
2013-07-26,37.5,,8.949416342412452,69.44444444444446,50.0,42.20312868875884,38.50232850503131,0.7999999999999999,1,0,1,3,2,2,38.50232850503131
2013-07-29,37.5,,8.937823834196891,69.44444444444446,50.0,42.07132952723273,38.48295548278665,0.7999999999999999,1,0,1,3,2,2,38.48295548278665
2013-07-30,37.5,,8.15006468305304,69.44444444444446,50.0,43.60743295871815,38.47802862393637,0.7999999999999999,1,0,1,3,2,2,38.47802862393637
2013-07-31,37.5,,8.2687338501292,69.44444444444446,50.0,42.308243727598565,38.34529726181546,0.7999999999999999,1,0,1,3,2,2,38.34529726181546
2013-08-01,37.5,,8.129032258064516,69.44444444444446,50.0,44.80922299042886,38.62299427165307,0.7999999999999999,1,0,1,3,2,2,38.62299427165307
2013-08-02,37.5,,6.443298969072164,69.44444444444446,50.0,44.29362957372492,38.13711177231699,0.7999999999999999,1,0,1,3,2,2,38.13711177231699
2013-08-05,37.5,,7.850707850707852,69.44444444444446,50.0,45.07421349002326,38.58653698226321,0.7999999999999999,1,0,1,3,2,2,38.58653698226321
2013-08-06,37.5,,9.768637532133676,69.44444444444446,50.0,46.10479608144226,39.19484222654704,0.7999999999999999,1,0,1,3,2,2,39.19484222654704
2013-08-07,37.5,,10.269576379974326,69.44444444444446,50.0,45.2737681953834,39.21619845274984,0.7999999999999999,1,0,1,3,2,2,39.21619845274984
2013-08-08,37.5,,13.205128205128206,69.44444444444446,50.0,46.36078088285998,40.08596299497288,0.7999999999999999,1,0,1,3,2,2,40.08596299497288
2013-08-09,37.5,,13.572343149807939,69.44444444444446,50.0,46.225500296966096,40.16085665790608,0.7999999999999999,1,0,1,3,2,2,40.16085665790608
2013-08-12,37.5,,14.194373401534527,69.44444444444446,50.0,48.09358634292321,40.54987497658237,0.7999999999999999,1,0,1,3,2,2,40.54987497658237
2013-08-13,37.5,,12.005108556832694,69.44444444444446,50.0,48.184357963043375,40.01390521792194,0.7999999999999999,1,0,1,3,2,2,40.01390521792194
2013-08-14,37.5,,14.668367346938776,69.44444444444446,50.0,50.32245692928959,40.94698228622923,0.7999999999999999,1,0,1,3,2,2,40.94698228622923
2013-08-15,37.5,,14.522292993630574,69.44444444444446,50.0,43.25669739305775,40.0272437558732,0.7999999999999999,1,0,1,3,2,2,40.0272437558732
2013-08-16,37.5,,13.61323155216285,69.44444444444446,50.0,42.562219099231775,39.71316860877802,0.7999999999999999,1,0,1,3,2,2,39.71316860877802
2013-08-19,37.5,,10.673443456162643,69.44444444444446,50.0,39.92251418333831,38.64825847029129,0.7999999999999999,1,0,1,3,2,2,38.64825847029129
2013-08-20,37.5,,9.390862944162437,69.44444444444446,50.0,40.69304881009295,38.423930170635565,0.7999999999999999,1,0,1,3,2,2,38.423930170635565
2013-08-21,37.5,,12.167300380228136,69.44444444444446,50.0,43.5743150888453,39.478197814496035,0.7999999999999999,1,0,1,3,2,2,39.478197814496035
2013-08-22,37.5,,10.126582278481013,69.44444444444446,50.0,44.65454712526474,39.10304729361168,0.7999999999999999,1,0,1,3,2,2,39.10304729361168
2013-08-23,37.5,,7.079646017699115,69.44444444444446,50.0,39.595604759539185,37.70894543270051,0.7999999999999999,1,0,1,3,2,2,37.70894543270051
2013-08-26,37.5,,9.217171717171716,69.44444444444446,50.0,42.736886352071856,38.63598705663525,0.7999999999999999,1,0,1,3,2,2,38.63598705663525
2013-08-27,37.5,,10.844892812105927,69.44444444444446,50.0,37.92741707667318,38.44173367094397,0.7999999999999999,1,0,1,3,2,2,38.44173367094397
2013-08-28,37.5,,11.209068010075567,69.44444444444446,50.0,37.31555888245525,38.45629519615914,0.7999999999999999,1,0,1,3,2,2,38.45629519615914
2013-08-29,37.5,,8.930817610062892,69.44444444444446,50.0,38.512492532593036,38.03634930242319,0.7999999999999999,1,0,1,3,2,2,38.03634930242319
2013-08-30,37.5,,9.924623115577889,69.44444444444446,50.0,40.68772156354665,38.55670430767114,0.7999999999999999,1,0,1,3,2,2,38.55670430767114
2013-09-03,37.5,,10.53952321204517,69.44444444444446,50.0,41.829282508597075,38.853124449919264,0.7999999999999999,1,0,1,3,2,2,38.853124449919264
2013-09-04,37.5,,8.395989974937343,69.44444444444446,50.0,43.549210031703396,38.5322320810306,0.7999999999999999,1,0,1,3,2,2,38.5322320810306
2013-09-05,37.5,,8.385481852315396,69.44444444444446,50.0,44.2149071925754,38.61281719548411,0.7999999999999999,1,0,1,3,2,2,38.61281719548411
2013-09-06,37.5,,8.625,69.44444444444446,50.0,44.567226945460696,38.71673670151592,0.7999999999999999,1,0,1,3,2,2,38.71673670151592
2013-09-09,37.5,,9.113607990012484,69.44444444444446,50.0,47.21731550752748,39.1701497692774,0.7999999999999999,1,0,1,3,2,2,39.1701497692774
2013-09-10,37.5,,9.476309226932669,69.44444444444446,50.0,48.805994860314286,39.45940999760579,0.7999999999999999,1,0,1,3,2,2,39.45940999760579
2013-09-11,37.5,,9.9626400996264,69.44444444444446,50.0,49.52482104489101,39.67084598885132,0.7999999999999999,1,0,1,3,2,2,39.67084598885132
2013-09-12,37.5,,6.965174129353234,69.44444444444446,50.0,49.234670850437354,38.885210721976314,0.7999999999999999,1,0,1,3,2,2,38.885210721976314
2013-09-13,37.5,,5.590062111801243,69.44444444444446,50.0,47.72686990428925,38.35295759931981,0.7999999999999999,1,0,1,3,2,2,38.35295759931981
2013-09-16,37.5,,8.560794044665013,69.44444444444446,50.0,50.52004682845585,39.44478769805657,0.7999999999999999,1,0,1,3,2,2,39.44478769805657
2013-09-17,37.5,,9.541511771995044,69.44444444444446,50.0,52.40013656538067,39.92497834700468,0.7999999999999999,1,0,1,3,2,2,39.92497834700468
2013-09-18,37.5,,11.386138613861387,69.44444444444446,50.0,55.825039488305364,40.814247922836856,0.7999999999999999,1,0,1,3,2,2,40.814247922836856
2013-09-19,55.55555555555556,,21.013597033374538,68.5185185185185,25.0,57.48725790010194,45.77263982918972,0.7999999999999999,1,0,1,3,2,2,45.77263982918972
2013-09-20,55.55555555555556,,26.543209876543212,68.5185185185185,25.0,82.43347838921586,50.27332060112113,0.7999999999999999,1,0,1,3,2,2,50.27332060112113
2013-09-23,55.55555555555556,,31.072749691738593,68.5185185185185,25.0,81.72055889348559,51.316590617953686,0.7999999999999999,1,0,1,3,2,2,51.316590617953686
2013-09-24,55.55555555555556,,27.70935960591133,68.5185185185185,25.0,79.28736601651731,50.17159398687584,0.7999999999999999,1,0,1,3,2,2,50.17159398687584
2013-09-25,55.55555555555556,,27.67527675276753,68.5185185185185,25.0,80.69920792523533,50.339553512179634,0.7999999999999999,1,0,1,3,2,2,50.339553512179634
2013-09-26,55.55555555555556,,24.078624078624077,68.5185185185185,25.0,80.49947184699653,49.41542333386392,0.7999999999999999,1,0,1,3,2,2,49.41542333386392
2013-09-27,55.55555555555556,,22.085889570552148,68.5185185185185,25.0,80.39648376434856,48.90436619651494,0.7999999999999999,1,0,1,3,2,2,48.90436619651494
2013-09-30,55.55555555555556,,19.852941176470587,68.5185185185185,25.0,76.19770714189235,47.821282020187525,0.7999999999999999,1,0,1,3,2,2,47.821282020187525
2013-10-01,55.55555555555556,,19.461444308445532,68.5185185185185,25.0,78.31365303400756,47.987901039695664,0.7999999999999999,1,0,1,3,2,2,47.987901039695664
2013-10-02,55.55555555555556,,20.660146699266505,68.5185185185185,25.0,79.67462604238995,48.4576982634487,0.7999999999999999,1,0,1,3,2,2,48.4576982634487
2013-10-03,55.55555555555556,,20.757020757020758,68.5185185185185,25.0,76.52867651125491,48.08867308649538,0.7999999999999999,1,0,1,3,2,2,48.08867308649538
2013-10-04,55.55555555555556,,19.26829268292683,68.5185185185185,25.0,77.4707804613604,47.834254061735095,0.7999999999999999,1,0,1,3,2,2,47.834254061735095
2013-10-07,55.55555555555556,,17.783191230207066,68.5185185185185,25.0,74.46108707379639,47.08676702510965,0.7999999999999999,1,0,1,3,2,2,47.08676702510965
2013-10-08,55.55555555555556,,18.856447688564476,68.5185185185185,25.0,71.77097706475551,47.01881738856889,0.7999999999999999,1,0,1,3,2,2,47.01881738856889
2013-10-09,55.55555555555556,,18.955042527339003,68.5185185185185,25.0,70.21055688268426,46.84841357550362,0.7999999999999999,1,0,1,3,2,2,46.84841357550362
2013-10-10,55.55555555555556,,19.53883495145631,68.5185185185185,25.0,75.53209661439651,47.65955414799697,0.7999999999999999,1,0,1,3,2,2,47.65955414799697
2013-10-11,55.55555555555556,,19.151515151515152,68.5185185185185,25.0,77.97032807626027,47.86750313074466,0.7999999999999999,1,0,1,3,2,2,47.86750313074466
2013-10-14,55.55555555555556,,17.675544794188863,68.5185185185185,25.0,78.17833985987544,47.52451201436498,0.7999999999999999,1,0,1,3,2,2,47.52451201436498
2013-10-15,55.55555555555556,,17.412333736396615,68.5185185185185,25.0,73.86527709927807,46.919576404842246,0.7999999999999999,1,0,1,3,2,2,46.919576404842246
2013-10-16,55.55555555555556,,17.14975845410628,68.5185185185185,25.0,75.65008075663484,47.07703304143926,0.7999999999999999,1,0,1,3,2,2,47.07703304143926
2013-10-17,55.55555555555556,,23.39099827037101,68.5185185185185,25.0,74.47457993408612,48.49040539268686,0.7999999999999999,1,0,2,3,2,2,48.49040539268686
2013-10-18,55.55555555555556,,23.269643965558405,68.5185185185185,25.0,74.56962361353109,48.47194727641432,0.7999999999999999,1,0,2,3,2,2,48.47194727641432
2013-10-21,55.55555555555556,,24.17137377797675,68.5185185185185,25.0,75.25705558423678,48.78330872585712,0.7999999999999999,1,0,2,3,2,2,48.78330872585712
2013-10-22,55.55555555555556,,23.70250899462856,68.5185185185185,25.0,74.65233020582535,48.59050185771865,0.7999999999999999,1,0,2,3,2,2,48.59050185771865
2013-10-23,55.55555555555556,,22.82515637834081,68.5185185185185,25.0,73.2180327166838,48.191876517504014,0.7999999999999999,1,0,2,3,2,2,48.191876517504014
2013-10-24,55.55555555555556,,25.752827435817444,68.5185185185185,25.0,75.79403066776148,49.24579402575788,0.7999999999999999,1,0,2,3,2,2,49.24579402575788
2013-10-25,55.55555555555556,,26.992236000440062,68.5185185185185,25.0,76.71593439967604,49.67088413340286,0.7999999999999999,1,0,2,3,2,2,49.67088413340286
2013-10-28,55.55555555555556,,26.479459700126046,68.5185185185185,25.0,76.62423268652412,49.531227344180365,0.7999999999999999,1,0,2,3,2,2,49.531227344180365
2013-10-29,55.55555555555556,,31.615968273627455,68.5185185185185,25.0,80.26080615221427,51.26992617076699,0.7999999999999999,1,0,2,3,2,2,51.26992617076699
2013-10-30,55.55555555555556,,29.69160934063363,68.5185185185185,25.0,79.14375366266326,50.64920487632465,0.7999999999999999,1,0,2,3,2,2,50.64920487632465
2013-10-31,55.55555555555556,,30.709504352128764,68.5185185185185,25.0,78.81137155527401,50.86213086577477,0.7999999999999999,1,0,2,3,2,2,50.86213086577477
2013-11-01,55.55555555555556,,31.24029924877383,68.5185185185185,25.0,79.16348991273638,51.03884438461884,0.7999999999999999,1,0,2,3,2,2,51.03884438461884
2013-11-04,55.55555555555556,,34.110790106024574,68.5185185185185,25.0,80.49050932251487,51.92234452515385,0.7999999999999999,1,0,2,3,2,2,51.92234452515385
2013-11-05,55.55555555555556,,31.073763934405974,68.5185185185185,25.0,78.68304463800031,50.93715489668487,0.7999999999999999,1,0,2,3,2,2,50.93715489668487
2013-11-06,55.55555555555556,,36.480950840381446,68.5185185185185,25.0,82.62504838726552,52.78170209183689,0.7999999999999999,1,0,2,3,2,2,52.78170209183689
2013-11-07,55.55555555555556,,37.21938948002533,68.5185185185185,25.0,82.17212606746997,52.90969646177342,0.7999999999999999,1,0,2,3,2,2,52.90969646177342
2013-11-08,55.55555555555556,,39.72407027010455,68.5185185185185,25.0,84.14747815582008,53.782785670336985,0.7999999999999999,1,0,2,3,2,2,53.782785670336985
2013-11-11,55.55555555555556,,41.00783230727355,68.5185185185185,25.0,84.1660789455569,54.106051278346335,0.7999999999999999,1,0,2,3,2,2,54.106051278346335
2013-11-12,55.55555555555556,,43.01242567627346,68.5185185185185,25.0,85.77661725067385,54.80851690873593,0.7999999999999999,1,0,2,3,2,2,54.80851690873593
2013-11-13,55.55555555555556,,42.662355447352404,68.5185185185185,25.0,88.99105165371802,55.12280365188619,0.7999999999999999,1,0,2,3,2,2,55.12280365188619
2013-11-14,55.55555555555556,,37.04244229111266,68.5185185185185,25.0,85.31811145510837,53.25870783800004,0.7999999999999999,1,0,2,3,2,2,53.25870783800004
2013-11-15,55.55555555555556,,41.35112423347718,68.5185185185185,25.0,87.99125569686072,54.67002135381021,0.7999999999999999,1,0,2,3,2,2,54.67002135381021
2013-11-18,55.55555555555556,,41.83351508432541,68.5185185185185,25.0,88.00531122548567,54.792376007600396,0.7999999999999999,1,0,2,3,2,2,54.792376007600396
2013-11-19,55.55555555555556,,42.89431496983613,68.5185185185185,25.0,86.41381431014933,54.85863886456104,0.7999999999999999,1,0,2,3,2,2,54.85863886456104
2013-11-20,55.55555555555556,,42.42500075149548,68.5185185185185,25.0,86.25400120675373,54.721333672051415,0.7999999999999999,1,0,2,3,2,2,54.721333672051415
2013-11-21,55.55555555555556,,43.2902931748464,68.5185185185185,25.0,88.54196560102547,55.22365232717311,0.7999999999999999,1,0,2,3,2,2,55.22365232717311
2013-11-22,55.55555555555556,,41.01254842135176,68.5185185185185,25.0,87.73758984382954,54.553669169149956,0.7999999999999999,1,0,2,3,2,2,54.553669169149956
2013-11-25,55.55555555555556,,40.18572229980545,68.5185185185185,25.0,87.51852185737886,54.31957914045706,0.7999999999999999,1,0,2,3,2,2,54.31957914045706
2013-11-26,55.55555555555556,,41.65939859024123,68.5185185185185,25.0,88.43632816458904,54.80272400146728,0.7999999999999999,1,0,2,3,2,2,54.80272400146728
2013-11-27,55.55555555555556,,43.71356880911021,68.5185185185185,25.0,90.7568075900695,55.60632648436957,0.7999999999999999,1,0,2,3,2,2,55.60632648436957
2013-11-29,55.55555555555556,,41.62201151110676,68.5185185185185,25.0,90.73847298592543,55.0811453343507,0.7999999999999999,1,0,2,3,2,2,55.0811453343507
2013-12-02,55.55555555555556,,40.702328536390766,68.5185185185185,25.0,89.10196639499284,54.64666126680513,0.7999999999999999,1,0,2,3,2,2,54.64666126680513
2013-12-03,55.55555555555556,,39.77527311531273,68.5185185185185,25.0,89.10680386898484,54.41550209578462,0.7999999999999999,1,0,2,3,2,2,54.41550209578462
2013-12-04,55.55555555555556,,42.1620218844377,68.5185185185185,25.0,89.09044502207885,55.010144432202615,0.7999999999999999,1,0,2,3,2,2,55.010144432202615
2013-12-05,55.55555555555556,,40.559719553515116,68.5185185185185,25.0,87.2956413486921,54.385218390298625,0.7999999999999999,1,0,2,3,2,2,54.385218390298625
2013-12-06,55.55555555555556,,43.69600716392751,68.5185185185185,25.0,92.0001122397441,55.757349154283226,0.7999999999999999,1,0,2,3,2,2,55.757349154283226
2013-12-09,55.55555555555556,,44.36766509020844,68.5185185185185,25.0,92.9946941944732,56.0495863801946,0.7999999999999999,1,0,2,3,2,2,56.0495863801946
2013-12-10,55.55555555555556,,37.7273428876806,68.5185185185185,25.0,86.49755476178947,53.57736340047717,0.7999999999999999,1,0,2,3,2,2,53.57736340047717
2013-12-11,55.55555555555556,,36.41599772224789,68.5185185185185,25.0,85.07296466973887,53.07145334761267,0.7999999999999999,1,0,2,3,2,2,53.07145334761267
2013-12-12,55.55555555555556,,29.21774918123062,68.5185185185185,25.0,77.00401340355656,50.263272304085554,0.7999999999999999,1,0,2,3,2,2,50.263272304085554
2013-12-13,55.55555555555556,,24.885142050875782,68.5185185185185,25.0,74.65480242711263,48.88646914944135,0.7999999999999999,1,0,2,3,2,2,48.88646914944135
2013-12-16,55.55555555555556,,28.294105770201472,68.5185185185185,25.0,76.75412204375107,50.00112503135258,0.7999999999999999,1,0,2,3,2,2,50.00112503135258
2013-12-17,55.55555555555556,,29.55947561210719,68.5185185185185,25.0,78.63497730978528,50.55257440008329,0.7999999999999999,1,0,2,3,2,2,50.55257440008329
2013-12-18,55.55555555555556,,36.8341734507584,68.5185185185185,25.0,82.6562165009709,52.8739037586443,0.7999999999999999,1,0,2,3,2,2,52.8739037586443
2013-12-19,50.0,,63.70482531500573,93.93939393939394,18.181818181818183,84.44620469792095,61.99334555235519,0.7999999999999999,1,0,2,3,2,2,61.99334555235519
2013-12-20,50.0,,58.848636001337,93.93939393939394,18.181818181818183,81.80954413782588,60.44971565392613,0.7999999999999999,1,0,2,3,2,2,60.44971565392613
2013-12-23,50.0,,63.442821517634485,93.93939393939394,18.181818181818183,84.07789818033122,61.88180628831366,0.7999999999999999,1,0,2,3,2,2,61.88180628831366
2013-12-24,50.0,,66.58883354088833,93.93939393939394,18.181818181818183,83.95995521570656,62.65356642354904,0.7999999999999999,1,0,2,3,2,2,62.65356642354904
2013-12-26,50.0,,68.11552272843309,93.93939393939394,18.181818181818183,83.73588426307373,63.00722985135613,0.7999999999999999,1,0,2,3,2,2,63.00722985135613
2013-12-27,50.0,,69.53501039912847,93.93939393939394,18.181818181818183,83.6185635062547,63.3474366744276,0.7999999999999999,1,0,2,3,2,2,63.3474366744276
2013-12-30,50.0,,73.09223768268137,93.93939393939394,18.181818181818183,84.93461686933024,64.40125016570026,0.7999999999999999,1,0,2,3,2,2,64.40125016570026
2013-12-31,50.0,,74.48173651008223,93.93939393939394,18.181818181818183,84.97534855672299,64.75371633347457,0.7999999999999999,1,0,2,3,2,2,64.75371633347457
2014-01-02,50.0,,69.97231150470326,93.93939393939394,18.181818181818183,79.50512125754257,62.942581669732284,0.7999999999999999,1,0,2,3,2,2,62.942581669732284
2014-01-03,50.0,,56.89879944103266,93.93939393939394,18.181818181818183,78.28195126043371,59.52130740417602,0.7999999999999999,1,0,3,3,2,3,59.52130740417602
2014-01-06,50.0,,54.43295386660437,93.93939393939394,18.181818181818183,77.44506987048555,58.80023583682544,0.7999999999999999,1,0,3,3,2,3,58.80023583682544
2014-01-07,50.0,,56.4062079161051,93.93939393939394,18.181818181818183,79.70389521451207,59.57590251720393,0.7999999999999999,1,0,3,3,2,3,59.57590251720393
2014-01-08,50.0,,58.37685951946617,93.93939393939394,18.181818181818183,79.00700886978593,59.98145462495343,0.7999999999999999,1,0,3,3,2,3,59.98145462495343
2014-01-09,50.0,,58.32269804520548,93.93939393939394,18.181818181818183,78.75491676398227,59.936402743162795,0.7999999999999999,1,0,3,3,2,3,59.936402743162795
2014-01-10,50.0,,59.91396962453558,93.93939393939394,18.181818181818183,82.73562908644865,60.83180967830363,0.7999999999999999,1,0,3,3,2,3,60.83180967830363
2014-01-13,50.0,,55.98440428738481,93.93939393939394,18.181818181818183,80.4128584873263,59.55907201912564,0.7999999999999999,1,0,3,3,2,3,59.55907201912564
2014-01-14,50.0,,55.13111960573197,93.93939393939394,18.181818181818183,82.98447242003698,59.667202590301265,0.7999999999999999,1,0,3,3,2,3,59.667202590301265
2014-01-15,50.0,,54.84633975037146,93.93939393939394,18.181818181818183,84.52475899068422,59.78854344779204,0.7999999999999999,1,0,3,3,2,3,59.78854344779204
2014-01-16,50.0,,55.07042071642484,93.93939393939394,18.181818181818183,83.05704912569233,59.66109995618139,0.7999999999999999,1,0,3,3,2,3,59.66109995618139
2014-01-17,50.0,,54.50621035044222,93.93939393939394,18.181818181818183,82.78021453621722,59.48544304100136,0.7999999999999999,1,0,3,3,2,3,59.48544304100136
2014-01-21,50.0,,53.9833931168166,93.93939393939394,18.181818181818183,82.0629070949268,59.26507530243365,0.7999999999999999,1,0,3,3,2,3,59.26507530243365
2014-01-22,50.0,,56.786838526750714,93.93939393939394,18.181818181818183,80.29493563670806,59.74494022263983,0.7999999999999999,1,0,3,3,2,3,59.74494022263983
2014-01-23,50.0,,57.48163554758589,93.93939393939394,18.181818181818183,82.57774800814337,60.20399102427804,0.7999999999999999,1,0,3,3,2,3,60.20399102427804
2014-01-24,50.0,,55.22145875084817,93.93939393939394,18.181818181818183,73.5903741521006,58.515525093088264,0.7999999999999999,1,0,3,3,2,3,58.515525093088264
2014-01-27,50.0,,52.90104411043568,93.93939393939394,18.181818181818183,70.61568701933587,57.56358554138954,0.7999999999999999,1,0,3,3,2,3,57.56358554138954
2014-01-28,50.0,,56.69553841844598,93.93939393939394,18.181818181818183,71.74130776292314,58.65291171134053,0.7999999999999999,1,0,3,3,2,3,58.65291171134053
2014-01-29,50.0,,57.43235097212115,93.93939393939394,18.181818181818183,71.56362711602038,58.814904768896476,0.7999999999999999,1,0,3,3,2,3,58.814904768896476
2014-01-30,50.0,,59.201903458532925,93.93939393939394,18.181818181818183,74.03929518343433,59.566751398926165,0.7999999999999999,1,0,3,3,2,3,59.566751398926165
2014-01-31,50.0,,57.35412629154973,93.93939393939394,18.181818181818183,70.69275749948333,58.68648989668649,0.7999999999999999,1,0,3,3,2,3,58.68648989668649
2014-02-03,50.0,,52.61561413151391,93.93939393939394,18.181818181818183,64.93093198371005,56.78163366720588,0.7999999999999999,1,0,3,3,2,3,56.78163366720588
2014-02-04,50.0,,53.89931940506331,93.93939393939394,18.181818181818183,67.24804147851474,57.39219867244381,0.7999999999999999,1,0,3,3,2,3,57.39219867244381
2014-02-05,50.0,,51.79805774342739,93.93939393939394,18.181818181818183,67.1718732840969,56.85736223273261,0.7999999999999999,1,0,3,3,2,3,56.85736223273261
2014-02-06,50.0,,56.74184291359769,93.93939393939394,18.181818181818183,69.26776835772299,58.35529540947844,0.7999999999999999,1,0,3,3,2,3,58.35529540947844
2014-02-07,50.0,,57.756067956134736,93.93939393939394,18.181818181818183,71.46373979885948,58.88334810025476,0.7999999999999999,1,0,3,3,2,3,58.88334810025476
2014-02-10,50.0,,56.54907933127471,93.93939393939394,18.181818181818183,72.13771709246487,58.66584810574042,0.7999999999999999,1,0,3,3,2,3,58.66584810574042
2014-02-11,50.0,,58.06091401140394,93.93939393939394,18.181818181818183,74.24091013075204,59.30670590555864,0.7999999999999999,1,0,3,3,2,3,59.30670590555864
2014-02-12,50.0,,58.52756227427541,93.93939393939394,18.181818181818183,75.70072683099504,59.60584505880688,0.7999999999999999,1,0,3,3,2,3,59.60584505880688
2014-02-13,50.0,,59.30004135649297,93.93939393939394,18.181818181818183,78.3694186477472,60.1325513064553,0.7999999999999999,1,0,3,3,2,3,60.1325513064553
2014-02-14,50.0,,58.05048286052482,93.93939393939394,18.181818181818183,75.33327335010952,59.44064352025854,0.7999999999999999,1,0,3,3,2,3,59.44064352025854
2014-02-18,50.0,,58.40816963198529,93.93939393939394,18.181818181818183,75.66381914068843,59.571383436946014,0.7999999999999999,1,0,3,3,2,3,59.571383436946014
2014-02-19,50.0,,58.37113764717444,93.93939393939394,18.181818181818183,75.89354969538009,59.59084176007976,0.7999999999999999,1,0,3,3,2,3,59.59084176007976
2014-02-20,50.0,,60.69816850356763,93.93939393939394,18.181818181818183,78.29052938300634,60.47222193513134,0.7999999999999999,1,0,3,3,2,3,60.47222193513134
2014-02-21,50.0,,60.2483645866816,93.93939393939394,18.181818181818183,77.66073677241711,60.28104687958619,0.7999999999999999,1,0,3,3,2,3,60.28104687958619
2014-02-24,50.0,,59.657973696049496,93.93939393939394,18.181818181818183,78.57412365640376,60.24762251742649,0.7999999999999999,1,0,3,3,2,3,60.24762251742649
2014-02-25,50.0,,62.43339803168043,93.93939393939394,18.181818181818183,78.45651862842811,60.926777972837264,0.7999999999999999,1,0,3,3,2,3,60.926777972837264
2014-02-26,50.0,,60.13481393194817,93.93939393939394,18.181818181818183,79.88632451975135,60.53085768431961,0.7999999999999999,1,0,3,3,2,3,60.53085768431961
2014-02-27,50.0,,62.036753653071266,93.93939393939394,18.181818181818183,79.19863992272477,60.92038203997206,0.7999999999999999,1,0,3,3,2,3,60.92038203997206
2014-02-28,50.0,,65.35342893252015,93.93939393939394,18.181818181818183,79.28761264687253,61.76067245035275,0.7999999999999999,1,0,3,3,2,3,61.76067245035275
2014-03-03,50.0,,62.86125963711853,93.93939393939394,18.181818181818183,73.9264466612251,60.467484378296426,0.7999999999999999,1,0,3,3,2,3,60.467484378296426
2014-03-04,50.0,,63.17547143536159,93.93939393939394,18.181818181818183,76.88616204232645,60.91600175049485,0.7999999999999999,1,0,3,3,2,3,60.91600175049485
2014-03-05,50.0,,59.48905222916402,93.93939393939394,18.181818181818183,77.26224059345094,60.041406767836015,0.7999999999999999,1,0,3,3,2,3,60.041406767836015
2014-03-06,50.0,,58.82883462974996,93.93939393939394,18.181818181818183,76.21357495713599,59.74526916344314,0.7999999999999999,1,0,3,3,2,3,59.74526916344314
2014-03-07,50.0,,55.42615624138302,93.93939393939394,18.181818181818183,71.71071888423123,58.3317425572383,0.7999999999999999,1,0,3,3,2,3,58.3317425572383
2014-03-10,50.0,,58.3477775470811,93.93939393939394,18.181818181818183,71.41938394435155,59.02573101617786,0.7999999999999999,1,0,3,3,2,3,59.02573101617786
2014-03-11,50.0,,59.14915941409761,93.93939393939394,18.181818181818183,72.76993997184815,59.394895986369065,0.7999999999999999,1,0,3,3,2,3,59.394895986369065
2014-03-12,50.0,,57.52338952896713,93.93939393939394,18.181818181818183,71.03678612786707,58.77180928458882,0.7999999999999999,1,0,3,3,2,3,58.77180928458882
2014-03-13,50.0,,54.63415850619063,93.93939393939394,18.181818181818183,65.86753806290925,57.40334552077496,0.7999999999999999,1,0,3,3,2,3,57.40334552077496
2014-03-14,50.0,,54.646624844935054,93.93939393939394,18.181818181818183,66.56282538187554,57.493373020331845,0.7999999999999999,1,0,3,3,2,3,57.493373020331845
2014-03-17,50.0,,59.11043661942649,93.93939393939394,18.181818181818183,69.09210190545524,58.925485529402174,0.7999999999999999,1,0,3,3,2,3,58.925485529402174
2014-03-18,50.0,,58.771208765362246,93.93939393939394,18.181818181818183,71.4980569707581,59.14142294904897,0.7999999999999999,1,0,3,3,2,3,59.14142294904897
2014-03-19,57.95454545454546,,57.94976441369454,53.28282828282828,20.833333333333336,70.05513489976133,53.94982539013623,0.7999999999999999,2,0,3,3,2,3,53.94982539013623
2014-03-20,57.95454545454546,,55.27129210358158,53.28282828282828,20.833333333333336,69.37523429610056,53.195219737150396,0.7999999999999999,2,0,3,3,2,3,53.195219737150396
2014-03-21,57.95454545454546,,59.96848799108183,53.28282828282828,20.833333333333336,73.96879985447107,54.94371440382177,0.7999999999999999,2,0,3,3,2,3,54.94371440382177
2014-03-24,57.95454545454546,,64.53519107246414,53.28282828282828,20.833333333333336,83.23650817899603,57.24385371473298,0.7999999999999999,2,0,3,3,2,3,57.24385371473298
2014-03-25,57.95454545454546,,67.18082477506547,53.28282828282828,20.833333333333336,84.76831449586662,58.09673792999212,0.7999999999999999,2,0,3,3,2,3,58.09673792999212
2014-03-26,57.95454545454546,,72.757929365672,53.28282828282828,20.833333333333336,88.77147083878384,59.991408620508416,0.7999999999999999,2,0,3,3,2,3,59.991408620508416
2014-03-27,57.95454545454546,,72.72899547609943,53.28282828282828,20.833333333333336,90.43802609640315,60.19249455531769,0.7999999999999999,2,0,3,3,2,3,60.19249455531769
2014-03-28,57.95454545454546,,75.98586090524543,53.28282828282828,20.833333333333336,92.67763452117933,61.28666196570121,0.7999999999999999,2,0,3,3,2,3,61.28666196570121
2014-03-31,57.95454545454546,,81.80586942320116,53.28282828282828,20.833333333333336,88.55273395366471,62.22605152425081,0.7999999999999999,2,0,3,3,2,3,62.22605152425081
2014-04-01,57.95454545454546,,81.90537747010683,53.28282828282828,20.833333333333336,88.15917139398137,62.20173321601682,0.7999999999999999,2,0,3,3,2,3,62.20173321601682
2014-04-02,57.95454545454546,,82.99208915210824,53.28282828282828,20.833333333333336,85.21947024915764,62.105948493414196,0.7999999999999999,2,0,3,3,2,3,62.105948493414196
2014-04-03,57.95454545454546,,80.29004558975143,53.28282828282828,20.833333333333336,80.34830968796875,60.82154253267638,0.7999999999999999,2,0,3,3,2,3,60.82154253267638
2014-04-04,57.95454545454546,,82.3702328365937,53.28282828282828,20.833333333333336,79.34320739553297,61.21595155783248,0.7999999999999999,2,0,3,3,2,3,61.21595155783248
2014-04-07,57.95454545454546,,78.18676785061989,53.28282828282828,20.833333333333336,77.09735431230106,59.88935367593504,0.7999999999999999,2,0,3,3,2,3,59.88935367593504
2014-04-08,57.95454545454546,,80.25337876472813,53.28282828282828,20.833333333333336,79.37305008812294,60.69046837643983,0.7999999999999999,2,0,3,3,2,3,60.69046837643983
2014-04-09,57.95454545454546,,79.64458171823966,53.28282828282828,20.833333333333336,82.23421412455626,60.89591461937189,0.7999999999999999,2,0,3,3,2,3,60.89591461937189
2014-04-10,57.95454545454546,,76.96673738551931,53.28282828282828,20.833333333333336,74.65989747805176,59.27966395537873,0.7999999999999999,2,0,3,3,2,3,59.27966395537873
2014-04-11,57.95454545454546,,71.73315352678561,53.28282828282828,20.833333333333336,70.16360167387865,57.40923101517367,0.7999999999999999,2,0,3,3,2,3,57.40923101517367
2014-04-14,57.95454545454546,,74.56728491558152,53.28282828282828,20.833333333333336,70.36962384021207,58.143516633164325,0.7999999999999999,2,0,3,3,2,3,58.143516633164325
2014-04-15,57.95454545454546,,75.72254861721785,53.28282828282828,20.833333333333336,72.06892813651255,58.64474559561097,0.7999999999999999,2,0,3,3,2,3,58.64474559561097
2014-04-16,57.95454545454546,,81.34703537978977,53.28282828282828,20.833333333333336,75.99204473152766,60.54125686063083,0.7999999999999999,2,0,3,3,2,3,60.54125686063083
2014-04-17,57.95454545454546,,81.37749857714866,53.28282828282828,20.833333333333336,75.97370276287258,60.54657991388867,0.7999999999999999,2,0,3,3,2,3,60.54657991388867
2014-04-21,57.95454545454546,,81.29204942597185,53.28282828282828,20.833333333333336,76.5946425617864,60.6028351009587,0.7999999999999999,2,0,3,3,2,3,60.6028351009587
2014-04-22,57.95454545454546,,80.66536563289031,53.28282828282828,20.833333333333336,77.50362756545248,60.55978727814657,0.7999999999999999,2,0,3,3,2,3,60.55978727814657
2014-04-23,57.95454545454546,,78.37067692004314,53.28282828282828,20.833333333333336,72.5553780722336,59.367583913282424,0.7999999999999999,2,0,3,3,2,3,59.367583913282424
2014-04-24,57.95454545454546,,78.09056461488257,53.28282828282828,20.833333333333336,72.39256536047198,59.27720424802208,0.7999999999999999,2,0,3,3,2,3,59.27720424802208
2014-04-25,57.95454545454546,,79.93525696185776,53.28282828282828,20.833333333333336,72.66376242277732,59.772276967554035,0.7999999999999999,2,0,3,3,2,3,59.772276967554035
2014-04-28,57.95454545454546,,82.47621575794606,53.28282828282828,20.833333333333336,74.89944096184598,60.686976483959704,0.7999999999999999,2,0,3,3,2,3,60.686976483959704
2014-04-29,57.95454545454546,,83.00656751014101,53.28282828282828,20.833333333333336,74.32830074648001,60.74817189508769,0.7999999999999999,2,0,3,3,2,3,60.74817189508769
2014-04-30,57.95454545454546,,87.6353547924207,53.28282828282828,20.833333333333336,77.63856412714881,62.31915163824121,0.7999999999999999,2,0,3,3,2,3,62.31915163824121
2014-05-01,57.95454545454546,,87.41018673564552,53.28282828282828,20.833333333333336,76.86998564690552,62.16678731401701,0.7999999999999999,2,0,3,3,2,3,62.16678731401701
2014-05-02,57.95454545454546,,85.18438178967158,53.28282828282828,20.833333333333336,76.42023420579021,61.554117147384105,0.7999999999999999,2,0,3,3,2,3,61.554117147384105
2014-05-05,57.95454545454546,,85.16853859565038,53.28282828282828,20.833333333333336,79.77736184209277,61.96979730341662,0.7999999999999999,2,0,3,3,2,3,61.96979730341662
2014-05-06,57.95454545454546,,83.57290273169818,53.28282828282828,20.833333333333336,78.60806936651649,61.42472677798154,0.7999999999999999,2,0,3,3,2,3,61.42472677798154
2014-05-07,57.95454545454546,,83.04692177474111,53.28282828282828,20.833333333333336,78.90436977639305,61.33026908997684,0.7999999999999999,2,0,3,3,2,3,61.33026908997684
2014-05-08,57.95454545454546,,83.3617736910159,53.28282828282828,20.833333333333336,77.69619878654298,61.257960695314274,0.7999999999999999,2,0,3,3,2,3,61.257960695314274
2014-05-09,57.95454545454546,,84.13679417496537,53.28282828282828,20.833333333333336,79.17718479068837,61.636839066819824,0.7999999999999999,2,0,3,3,2,3,61.636839066819824
2014-05-12,57.95454545454546,,81.88627678598809,53.28282828282828,20.833333333333336,79.8069530107088,61.15293074707806,0.7999999999999999,2,0,3,3,2,3,61.15293074707806
2014-05-13,57.95454545454546,,80.51914625223998,53.28282828282828,20.833333333333336,78.95661729176913,60.70485614877357,0.7999999999999999,2,0,3,3,2,3,60.70485614877357
2014-05-14,57.95454545454546,,82.02303359958174,53.28282828282828,20.833333333333336,77.59609747557225,60.910763008584404,0.7999999999999999,2,0,3,3,2,3,60.910763008584404
2014-05-15,57.95454545454546,,81.5394827782009,53.28282828282828,20.833333333333336,78.99705662912683,60.96499519743351,0.7999999999999999,2,0,3,3,2,3,60.96499519743351
2014-05-16,57.95454545454546,,79.923549656971,53.28282828282828,20.833333333333336,77.56304326595534,60.3817602467296,0.7999999999999999,2,0,3,3,2,3,60.3817602467296
2014-05-19,57.95454545454546,,81.40006419313495,53.28282828282828,20.833333333333336,80.41192560810055,61.10699917353874,0.7999999999999999,2,0,3,3,2,3,61.10699917353874
2014-05-20,57.95454545454546,,78.34845116086845,53.28282828282828,20.833333333333336,74.04561577089453,59.54830718582136,0.7999999999999999,2,0,3,3,2,3,59.54830718582136
2014-05-21,57.95454545454546,,76.74140882381651,53.28282828282828,20.833333333333336,75.54186167516389,59.33357733959205,0.7999999999999999,2,0,3,3,2,3,59.33357733959205
2014-05-22,57.95454545454546,,76.03370591685938,53.28282828282828,20.833333333333336,76.91566657387453,59.328377225191595,0.7999999999999999,2,0,3,3,2,3,59.328377225191595
2014-05-23,57.95454545454546,,78.68762349579976,53.28282828282828,20.833333333333336,79.59811873526786,60.32716314010086,0.7999999999999999,2,0,3,3,2,3,60.32716314010086
2014-05-27,57.95454545454546,,75.89794824069487,53.28282828282828,20.833333333333336,79.09832687601155,59.5672703439176,0.7999999999999999,2,0,3,3,2,3,59.5672703439176
2014-05-28,57.95454545454546,,74.87468210238286,53.28282828282828,20.833333333333336,76.4399282534981,58.97915398152542,0.7999999999999999,2,0,3,3,2,3,58.97915398152542
2014-05-29,57.95454545454546,,78.79349208404291,53.28282828282828,20.833333333333336,80.59593751559456,60.478357634702476,0.7999999999999999,2,0,3,3,2,3,60.478357634702476
2014-05-30,57.95454545454546,,79.71849743953335,53.28282828282828,20.833333333333336,78.56278184806965,60.45546451513448,0.7999999999999999,2,0,3,3,2,3,60.45546451513448
2014-06-02,57.95454545454546,,80.56927518086523,53.28282828282828,20.833333333333336,79.48782501951092,60.783789346897606,0.7999999999999999,2,0,3,3,2,3,60.783789346897606
2014-06-03,57.95454545454546,,77.49939351282659,53.28282828282828,20.833333333333336,79.85008248884063,60.06160111355416,0.7999999999999999,2,0,3,3,2,3,60.06160111355416
2014-06-04,57.95454545454546,,78.06327738598924,53.28282828282828,20.833333333333336,78.90069578038941,60.08389874328842,0.7999999999999999,2,0,3,3,2,3,60.08389874328842
2014-06-05,57.95454545454546,,79.58280005804586,53.28282828282828,20.833333333333336,79.46664346921088,60.53452287240526,0.7999999999999999,2,0,3,3,2,3,60.53452287240526
2014-06-06,57.95454545454546,,84.48845239566097,53.28282828282828,20.833333333333336,78.96224100753045,61.697885649098986,0.7999999999999999,2,0,3,3,2,3,61.697885649098986
2014-06-09,57.95454545454546,,83.49683888108954,53.28282828282828,20.833333333333336,78.96797569160316,61.45069910596521,0.7999999999999999,2,0,3,3,2,3,61.45069910596521
2014-06-10,57.95454545454546,,81.27036908525457,53.28282828282828,20.833333333333336,77.52141763206625,60.71326189956436,0.7999999999999999,2,0,3,3,2,3,60.71326189956436
2014-06-11,57.95454545454546,,83.35918854038692,53.28282828282828,20.833333333333336,77.5522735665215,61.23932375515435,0.7999999999999999,2,0,3,3,2,3,61.23932375515435
2014-06-12,57.95454545454546,,82.94722066126518,53.28282828282828,20.833333333333336,74.90377929703938,60.805270001688655,0.7999999999999999,2,0,3,3,2,3,60.805270001688655
2014-06-13,57.95454545454546,,81.13925468349153,53.28282828282828,20.833333333333336,76.19679336548457,60.514905265800884,0.7999999999999999,2,0,3,3,2,3,60.514905265800884
2014-06-16,57.95454545454546,,84.52608873560558,53.28282828282828,20.833333333333336,77.14830114397381,61.48055225114055,0.7999999999999999,2,0,3,3,2,3,61.48055225114055
2014-06-17,57.95454545454546,,83.83238842982162,53.28282828282828,20.833333333333336,78.75751499402381,61.508278905950824,0.7999999999999999,2,0,3,3,2,3,61.508278905950824
2014-06-18,57.95454545454546,,86.63379536501944,53.28282828282828,20.833333333333336,82.244668730993,62.64452485687142,0.7999999999999999,2,0,3,3,2,3,62.64452485687142
2014-06-19,57.95454545454546,,83.97794106637053,53.28282828282828,20.833333333333336,78.93615679828488,61.56699729062068,0.7999999999999999,2,0,3,3,2,3,61.56699729062068
2014-06-20,43.05555555555556,,74.30496740236401,54.48717948717948,19.230769230769234,66.6326323383453,52.98037431168759,0.7999999999999999,2,0,3,3,2,3,52.98037431168759
2014-06-23,43.05555555555556,,72.89812765568519,54.48717948717948,19.230769230769234,67.54487415949936,52.742694602662134,0.7999999999999999,2,0,3,3,2,3,52.742694602662134
2014-06-24,43.05555555555556,,72.99275535116108,54.48717948717948,19.230769230769234,65.94156471581229,52.56593784607022,0.7999999999999999,2,0,3,3,2,3,52.56593784607022
2014-06-25,43.05555555555556,,70.4632625994695,54.48717948717948,19.230769230769234,65.26652509517307,51.849184705567424,0.7999999999999999,2,0,3,3,2,3,51.849184705567424
2014-06-26,43.05555555555556,13.580246913580249,67.55520053375218,54.48717948717948,19.230769230769234,63.89625985592859,43.476758210102076,1.0,2,3,3,3,2,3,43.476758210102076
2014-06-27,43.05555555555556,11.492734478203433,68.13831874410647,54.48717948717948,19.230769230769234,65.2323774529919,43.309491124803905,1.0,2,3,3,3,2,3,43.309491124803905
2014-06-30,43.05555555555556,11.543535620052769,66.1860054519417,54.48717948717948,19.230769230769234,68.9492684835301,43.30087779779464,1.0,2,3,3,3,2,3,43.30087779779464
2014-07-01,43.05555555555556,10.671936758893281,66.24728044534197,54.48717948717948,19.230769230769234,69.77303198995745,43.221189374885526,1.0,2,3,3,3,2,3,43.221189374885526
2014-07-02,43.05555555555556,9.473684210526311,66.97379697585056,54.48717948717948,19.230769230769234,70.4251108667876,43.19205005899687,1.0,2,3,3,3,2,3,43.19205005899687
2014-07-03,43.05555555555556,8.366184844502849,67.8965144933467,54.48717948717948,19.230769230769234,72.24722472973451,43.3373050755861,1.0,2,3,3,3,2,3,43.3373050755861
2014-07-07,43.05555555555556,10.192475940507432,65.27204316069863,54.48717948717948,19.230769230769234,70.89281478476205,43.04222803376015,1.0,2,3,3,3,2,3,43.04222803376015
2014-07-08,43.05555555555556,11.882918304936656,64.9744878602347,54.48717948717948,19.230769230769234,70.32067239405944,43.263591207482946,1.0,2,3,3,3,2,3,43.263591207482946
2014-07-09,43.05555555555556,13.656195462478186,62.80668878276828,54.48717948717948,19.230769230769234,69.72569394473078,43.1251889785651,1.0,2,3,3,3,2,3,43.1251889785651
2014-07-10,43.05555555555556,13.37690631808279,64.16885594277815,54.48717948717948,19.230769230769234,70.26090225066771,43.3952854122817,1.0,2,3,3,3,2,3,43.3952854122817
2014-07-11,43.05555555555556,14.926022628372495,61.46700936385954,54.48717948717948,19.230769230769234,70.40931315302937,43.17958044879208,1.0,2,3,3,3,2,3,43.17958044879208
2014-07-14,43.05555555555556,12.429378531073446,62.19219394751896,54.48717948717948,19.230769230769234,72.68178176121012,43.05253540688223,1.0,2,3,3,3,2,3,43.05253540688223
2014-07-15,43.05555555555556,11.979166666666668,61.2643944839645,54.48717948717948,19.230769230769234,72.97700100720944,42.80645506588991,1.0,2,3,3,3,2,3,42.80645506588991
2014-07-16,43.05555555555556,14.022540095361943,60.103480091564435,54.48717948717948,19.230769230769234,71.851093694457,42.870356141873714,1.0,2,3,3,3,2,3,42.870356141873714
2014-07-17,43.05555555555556,16.83982683982684,59.976245135168874,54.48717948717948,19.230769230769234,70.61400605229696,43.284657735271566,1.0,2,3,3,3,2,3,43.284657735271566
2014-07-18,43.05555555555556,16.08300907911803,59.67264066650765,54.48717948717948,19.230769230769234,71.21252545832331,43.13242523000021,1.0,2,3,3,3,2,3,43.13242523000021
2014-07-21,43.05555555555556,16.06217616580311,59.30209728885875,54.48717948717948,19.230769230769234,71.36311137083922,43.06920856305902,1.0,2,3,3,3,2,3,43.06920856305902
2014-07-22,43.05555555555556,13.022854678740837,59.26957520494863,54.48717948717948,19.230769230769234,72.79548672958947,42.598077384739575,1.0,2,3,3,3,2,3,42.598077384739575
2014-07-23,43.05555555555556,13.738156761412576,58.79606674010303,54.48717948717948,19.230769230769234,72.40230187190622,42.60711762253648,1.0,2,3,3,3,2,3,42.60711762253648
2014-07-24,43.05555555555556,12.688172043010756,58.0453826624903,54.48717948717948,19.230769230769234,72.84794012105029,42.29154768824798,1.0,2,3,3,3,2,3,42.29154768824798
2014-07-25,43.05555555555556,13.65979381443299,57.57983811280044,54.48717948717948,19.230769230769234,72.22740073546525,42.33070919403594,1.0,2,3,3,3,2,3,42.33070919403594
2014-07-28,43.05555555555556,11.797511797511795,58.38279530890441,54.48717948717948,19.230769230769234,73.23105771380098,42.219209927706075,1.0,2,3,3,3,2,3,42.219209927706075
2014-07-29,43.05555555555556,11.225364181662385,57.8606222310386,54.48717948717948,19.230769230769234,73.56733621071076,42.03397363865401,1.0,2,3,3,3,2,3,42.03397363865401
2014-07-30,43.05555555555556,9.370988446726573,58.15153108640292,54.48717948717948,19.230769230769234,75.06901501919364,41.871448143588005,1.0,2,3,3,3,2,3,41.871448143588005
2014-07-31,43.05555555555556,13.675213675213675,58.90320024927267,54.48717948717948,19.230769230769234,73.31536932572607,42.70726245251261,1.0,2,3,3,3,2,3,42.70726245251261
2014-08-01,43.05555555555556,20.18779342723004,55.016937155629755,54.48717948717948,19.230769230769234,69.56163394832052,42.85715224644675,1.0,2,3,3,3,2,3,42.85715224644675
2014-08-04,43.05555555555556,16.453537936913897,58.80703734448232,54.48717948717948,19.230769230769234,71.48233125918783,43.06039091724076,1.0,2,3,3,3,2,3,43.06039091724076
2014-08-05,43.05555555555556,17.66709237973606,58.514911962922476,54.48717948717948,19.230769230769234,70.991618952784,43.19560549885284,1.0,2,3,3,3,2,3,43.19560549885284
2014-08-06,43.05555555555556,15.64625850340136,58.229737910493164,54.48717948717948,19.230769230769234,71.4547100027034,42.78071301809198,1.0,2,3,3,3,2,3,42.78071301809198
2014-08-07,43.05555555555556,19.830148619957537,54.06019332330939,54.48717948717948,19.230769230769234,68.74200572668511,42.512311696364634,1.0,2,3,3,3,2,3,42.512311696364634
2014-08-08,43.05555555555556,17.9813401187447,55.01875695371554,54.48717948717948,19.230769230769234,70.42035431972639,42.502097581507414,1.0,2,3,3,3,2,3,42.502097581507414
2014-08-11,43.05555555555556,18.212621770436254,54.07843693191447,54.48717948717948,19.230769230769234,70.82100921211295,42.400355396724166,1.0,2,3,3,3,2,3,42.400355396724166
2014-08-12,43.05555555555556,18.527918781725887,53.34401082037924,54.48717948717948,19.230769230769234,70.60745195063302,42.295173850527064,1.0,2,3,3,3,2,3,42.295173850527064
2014-08-13,43.05555555555556,15.124630333755807,54.13919267126327,54.48717948717948,19.230769230769234,71.97369129279534,41.91017646532609,1.0,2,3,3,3,2,3,41.91017646532609
2014-08-14,43.05555555555556,15.316455696202533,51.17516664245636,54.48717948717948,19.230769230769234,71.29677178298569,41.288044381073085,1.0,2,3,3,3,2,3,41.288044381073085
2014-08-15,43.05555555555556,14.454277286135694,54.316412412257854,54.48717948717948,19.230769230769234,72.8092775883554,41.89510843355698,1.0,2,3,3,3,2,3,41.89510843355698
2014-08-18,43.05555555555556,11.111111111111112,57.077702167205324,54.48717948717948,19.230769230769234,74.51515719622702,41.949321110328725,1.0,2,3,3,3,2,3,41.949321110328725
2014-08-19,43.05555555555556,8.028583438419505,61.17746597249242,54.48717948717948,19.230769230769234,77.41624067373526,42.44287668459865,1.0,2,3,3,3,2,3,42.44287668459865
2014-08-20,43.05555555555556,8.31234256926952,59.902599551106974,54.48717948717948,19.230769230769234,76.58127122309891,42.16115828142793,1.0,2,3,3,3,2,3,42.16115828142793
2014-08-21,43.05555555555556,7.379454926624736,61.36213837199934,54.48717948717948,19.230769230769234,77.69664128006478,42.37802552277404,1.0,2,3,3,3,2,3,42.37802552277404
2014-08-22,43.05555555555556,7.3283082077051915,62.18652858292073,54.48717948717948,19.230769230769234,77.67350131139379,42.5303602243073,1.0,2,3,3,3,2,3,42.5303602243073
2014-08-25,43.05555555555556,6.859054788791301,62.72243278033566,54.48717948717948,19.230769230769234,77.66751713493196,42.543091962361316,1.0,2,3,3,3,2,3,42.543091962361316
2014-08-26,43.05555555555556,6.516290726817046,61.24351362682855,54.48717948717948,19.230769230769234,78.03104077261493,42.21510768303335,1.0,2,3,3,3,2,3,42.21510768303335
2014-08-27,43.05555555555556,7.5511055486024174,60.08068593376167,54.48717948717948,19.230769230769234,77.30228926014594,42.116629957530144,1.0,2,3,3,3,2,3,42.116629957530144
2014-08-28,43.05555555555556,8.875,58.29793797113183,54.48717948717948,19.230769230769234,75.3060954408118,41.82523987335028,1.0,2,3,3,3,2,3,41.82523987335028
2014-08-29,43.05555555555556,8.32292967124428,59.21151040412196,54.48717948717948,19.230769230769234,76.53497885831229,42.02042863594721,1.0,2,3,3,3,2,3,42.02042863594721
2014-09-02,43.05555555555556,7.522859517871987,56.70464616126222,54.48717948717948,19.230769230769234,77.00784519433851,41.40632839030343,1.0,2,3,3,3,2,3,41.40632839030343
2014-09-03,43.05555555555556,6.185139061851389,59.43261963175652,54.48717948717948,19.230769230769234,78.02982804902959,41.786577278667274,1.0,2,3,3,3,2,3,41.786577278667274
2014-09-04,43.05555555555556,8.499170812603651,56.32188680192775,54.48717948717948,19.230769230769234,76.24249009362917,41.44850326731193,1.0,2,3,3,3,2,3,41.44850326731193
2014-09-05,43.05555555555556,9.37888198757764,55.644740360658005,54.48717948717948,19.230769230769234,75.31404724245581,41.39617192893545,1.0,2,3,3,3,2,3,41.39617192893545
2014-09-08,43.05555555555556,12.593052109181144,50.95223810145072,54.48717948717948,19.230769230769234,71.82110418326857,40.75121119549597,1.0,2,3,3,3,2,3,40.75121119549597
2014-09-09,43.05555555555556,12.432878975629906,50.53569633165873,54.48717948717948,19.230769230769234,73.07995021789905,40.76175281829036,1.0,2,3,3,3,2,3,40.76175281829036
2014-09-10,43.05555555555556,12.479372937293732,50.418368322985685,54.48717948717948,19.230769230769234,72.97761584146595,40.73735257124521,1.0,2,3,3,3,2,3,40.73735257124521
2014-09-11,43.05555555555556,12.64936135146271,50.250274864421385,54.48717948717948,19.230769230769234,73.09272611579418,40.74924258979897,1.0,2,3,3,3,2,3,40.74924258979897
2014-09-12,43.05555555555556,14.485596707818935,51.065969518636635,54.48717948717948,19.230769230769234,72.61147267408388,41.23150324774224,1.0,2,3,3,3,2,3,41.23150324774224
2014-09-15,43.05555555555556,12.782572955199345,52.987155183649485,54.48717948717948,19.230769230769234,73.0350120846269,41.31748957127519,1.0,2,3,3,3,2,3,41.31748957127519
2014-09-16,43.05555555555556,9.770114942528735,53.78261702842645,54.48717948717948,19.230769230769234,74.68456637758621,41.03904576699239,1.0,2,3,3,3,2,3,41.03904576699239
2014-09-17,43.05555555555556,9.963099630996313,53.63276924535361,54.48717948717948,19.230769230769234,74.9654003518056,41.07575654549328,1.0,2,3,3,3,2,3,41.07575654549328
2014-09-18,43.05555555555556,8.456183456183457,55.66647476546238,54.48717948717948,19.230769230769234,77.20772632935964,41.40534701230786,1.0,2,3,3,3,2,3,41.40534701230786
2014-09-19,35.76923076923077,21.92229038854806,44.83445518725338,60.62271062271062,10.714285714285712,68.03357992213135,39.26184996451628,1.0,2,3,3,3,2,3,39.26184996451628
2014-09-22,35.76923076923077,24.223856209150327,42.84233929934089,60.62271062271062,10.714285714285712,66.6303318297674,39.18341514181784,1.0,2,3,3,3,2,3,39.18341514181784
2014-09-23,35.76923076923077,30.47735618115055,39.48902672822912,60.62271062271062,10.714285714285712,62.825396252117294,39.38295906423052,1.0,2,3,3,3,2,3,39.38295906423052
2014-09-24,35.76923076923077,25.63162184189079,40.57991124851906,60.62271062271062,10.714285714285712,64.54754877855454,38.80420435308028,1.0,2,3,3,3,2,3,38.80420435308028
2014-09-25,35.76923076923077,31.339031339031337,38.113734668480156,60.62271062271062,10.714285714285712,61.65801867137436,39.16349792578259,1.0,2,3,3,3,2,3,39.16349792578259
2014-09-26,35.76923076923077,29.756097560975608,37.60393135030386,60.62271062271062,10.714285714285712,62.3518528896672,38.814333928365464,1.0,2,3,3,3,2,3,38.814333928365464
2014-09-29,35.76923076923077,34.470158343483554,34.090360656499605,60.62271062271062,10.714285714285712,60.5780661634986,38.877053273489345,1.0,2,3,3,3,2,3,38.877053273489345
2014-09-30,35.76923076923077,35.725871857258724,36.36369503073308,60.62271062271062,10.714285714285712,60.420322087358926,39.567088443477104,1.0,2,3,3,3,2,3,39.567088443477104
2014-10-01,35.76923076923077,37.586067233697854,36.14531995426362,60.62271062271062,10.714285714285712,60.74744333297858,39.928164628033,1.0,2,3,3,3,2,3,39.928164628033
2014-10-02,35.76923076923077,35.84142394822007,36.74657241697108,60.62271062271062,10.714285714285712,61.5503696662526,39.779779096806344,1.0,2,3,3,3,2,3,39.779779096806344
2014-10-03,35.76923076923077,30.02020202020202,38.192602655253445,60.62271062271062,10.714285714285712,62.49610632902507,38.999314425136454,1.0,2,3,3,3,2,3,38.999314425136454
2014-10-06,35.76923076923077,28.490718321226794,38.23256159033666,60.62271062271062,10.714285714285712,63.6050099452662,38.81229983398216,1.0,2,3,3,3,2,3,38.81229983398216
2014-10-07,35.76923076923077,34.26037887948408,35.93662132802431,60.62271062271062,10.714285714285712,61.16602822490466,39.263145721135,1.0,2,3,3,3,2,3,39.263145721135
2014-10-08,35.76923076923077,28.945249597423512,39.16036799319453,60.62271062271062,10.714285714285712,63.61933352647804,39.09019972791427,1.0,2,3,3,3,2,3,39.09019972791427
2014-10-09,35.76923076923077,31.724969843184564,38.844470948970454,60.62271062271062,10.714285714285712,64.27050503615062,39.64808151918892,1.0,2,3,3,3,2,3,39.64808151918892
2014-10-10,35.76923076923077,37.911646586345384,35.48146241507656,60.62271062271062,10.714285714285712,62.1787430180665,40.003638959233896,1.0,2,3,3,3,2,3,40.003638959233896
2014-10-13,35.76923076923077,36.662655435218625,34.87770839613698,60.62271062271062,10.714285714285712,63.38575007581909,39.75379063099589,1.0,2,3,3,3,2,3,39.75379063099589
2014-10-14,35.76923076923077,34.35496794871795,36.12908618897582,60.62271062271062,10.714285714285712,63.63362882409114,39.56731656709072,1.0,2,3,3,3,2,3,39.56731656709072
2014-10-15,35.76923076923077,35.77430972388956,39.839327758749874,60.62271062271062,10.714285714285712,63.98339619008947,40.628209972679684,1.0,2,3,3,3,2,3,40.628209972679684
2014-10-16,35.76923076923077,42.565947242206235,36.39281204408646,60.62271062271062,10.714285714285712,60.3504817121011,40.9339428856115,1.0,2,3,3,3,2,3,40.9339428856115
2014-10-17,35.76923076923077,40.119760479041915,38.712876943221644,60.62271062271062,10.714285714285712,61.21768765859117,40.995439107454686,1.0,2,3,3,3,2,3,40.995439107454686
2014-10-20,35.76923076923077,40.590111642743224,32.216698003467265,60.62271062271062,10.714285714285712,61.45022954232423,39.813527740617374,1.0,2,3,3,3,2,3,39.813527740617374
2014-10-21,35.76923076923077,35.32457188371167,32.14008648930611,60.62271062271062,10.714285714285712,63.886994111287585,38.98877394287517,1.0,2,3,3,3,2,3,38.98877394287517
2014-10-22,35.76923076923077,42.004773269689736,28.889554720429654,60.62271062271062,10.714285714285712,60.10578042903452,39.296586498070184,1.0,2,3,3,3,2,3,39.296586498070184
2014-10-23,35.76923076923077,36.73023440603894,31.802500417584213,60.62271062271062,10.714285714285712,61.33426653227928,38.94711647509541,1.0,2,3,3,3,2,3,38.94711647509541
2014-10-24,35.76923076923077,31.428571428571427,30.14689465887599,60.62271062271062,10.714285714285712,62.52603076178664,37.674839150811,1.0,2,3,3,3,2,3,37.674839150811
2014-10-27,35.76923076923077,34.641300039635354,29.532994873232138,60.62271062271062,10.714285714285712,61.36523871526624,38.078525711242975,1.0,2,3,3,3,2,3,38.078525711242975
2014-10-28,35.76923076923077,32.26444972288203,27.731964900448673,60.62271062271062,10.714285714285712,62.60447411620304,37.3668731934293,1.0,2,3,3,3,2,3,37.3668731934293
2014-10-29,35.76923076923077,33.01700276789244,26.780541315860656,60.62271062271062,10.714285714285712,63.04040049491745,37.37069172338522,1.0,2,3,3,3,2,3,37.37069172338522
2014-10-30,35.76923076923077,33.96524486571881,26.436344200191147,60.62271062271062,10.714285714285712,63.682986172614996,37.55575928758635,1.0,2,3,3,3,2,3,37.55575928758635
2014-10-31,35.76923076923077,28.165680473372777,27.668851687203848,60.62271062271062,10.714285714285712,65.63159476315789,36.83720876557397,1.0,2,3,3,3,2,3,36.83720876557397
2014-11-03,35.76923076923077,28.802206461780926,27.53408027120533,60.62271062271062,10.714285714285712,65.446602316804,36.91906043542051,1.0,2,3,3,3,2,3,36.91906043542051
2014-11-04,35.76923076923077,27.312081857536402,28.382687474302443,60.62271062271062,10.714285714285712,66.36921701120171,36.8830184246308,1.0,2,3,3,3,2,3,36.8830184246308
2014-11-05,35.76923076923077,25.628930817610062,28.632345672263753,60.62271062271062,10.714285714285712,67.4075652077737,36.70015467589499,1.0,2,3,3,3,2,3,36.70015467589499
2014-11-06,35.76923076923077,21.0051040439733,31.194431149051788,60.62271062271062,10.714285714285712,69.32182752893107,36.47923264864098,1.0,2,3,3,3,2,3,36.47923264864098
2014-11-07,35.76923076923077,19.76470588235294,31.656522355208388,60.62271062271062,10.714285714285712,69.07713529727344,36.299102034382464,1.0,2,3,3,3,2,3,36.299102034382464
2014-11-10,35.76923076923077,14.845280062671371,33.120183650851914,60.62271062271062,10.714285714285712,70.34784357186886,35.735019957034396,1.0,2,3,3,3,2,3,35.735019957034396
2014-11-11,35.76923076923077,14.74960876369327,32.80554280345475,60.62271062271062,10.714285714285712,70.6072648950796,35.67889966008042,1.0,2,3,3,3,2,3,35.67889966008042
2014-11-12,35.76923076923077,18.093005080109418,29.640517375009633,60.62271062271062,10.714285714285712,68.58773184863156,35.51262053302982,1.0,2,3,3,3,2,3,35.51262053302982
2014-11-13,35.76923076923077,12.490241998438718,32.4836820445689,60.62271062271062,10.714285714285712,70.60881716818976,35.16280938256335,1.0,2,3,3,3,2,3,35.16280938256335
2014-11-14,35.76923076923077,11.267056530214422,32.30345989872702,60.62271062271062,10.714285714285712,70.91456813435596,34.91270295636674,1.0,2,3,3,3,2,3,34.91270295636674
2014-11-17,35.76923076923077,9.501557632398754,33.940555722339234,60.62271062271062,10.714285714285712,73.40680133198622,35.136245661289074,1.0,2,3,3,3,2,3,35.136245661289074
2014-11-18,35.76923076923077,9.140412290937379,34.086113721240366,60.62271062271062,10.714285714285712,74.03112443502027,35.15556050308044,1.0,2,3,3,3,2,3,35.15556050308044
2014-11-19,35.76923076923077,11.111111111111109,34.62989401261754,60.62271062271062,10.714285714285712,72.12056536002027,35.467400417890616,1.0,2,3,3,3,2,3,35.467400417890616
2014-11-20,35.76923076923077,11.156383391540551,32.65084610367354,60.62271062271062,10.714285714285712,72.12638292581714,35.08122704876739,1.0,2,3,3,3,2,3,35.08122704876739
2014-11-21,35.76923076923077,8.527131782945736,36.49982632042119,60.62271062271062,10.714285714285712,74.1367717158644,35.52621164940268,1.0,2,3,3,3,2,3,35.52621164940268
2014-11-24,35.76923076923077,8.672086720867208,37.307652888113395,60.62271062271062,10.714285714285712,74.03706336339728,35.706797115278704,1.0,2,3,3,3,2,3,35.706797115278704
2014-11-25,35.76923076923077,9.899458623356534,35.241737462906706,60.62271062271062,10.714285714285712,72.35247056369522,35.370629130765025,1.0,2,3,3,3,2,3,35.370629130765025
2014-11-26,35.76923076923077,5.9482425646967965,38.577727811633885,60.62271062271062,10.714285714285712,75.31547906202009,35.543884838611,1.0,2,3,3,3,2,3,35.543884838611
2014-11-28,35.76923076923077,4.012345679012345,39.61743548473562,60.62271062271062,10.714285714285712,78.726661107256,35.70576520061805,1.0,2,3,3,3,2,3,35.70576520061805
2014-12-01,35.76923076923077,5.163776493256259,38.73403255351502,60.62271062271062,10.714285714285712,76.11940833275838,35.49864549977295,1.0,2,3,3,3,2,3,35.49864549977295
2014-12-02,35.76923076923077,4.888375673595069,40.80754118873003,60.62271062271062,10.714285714285712,77.13940524921883,35.960266754529755,1.0,2,3,3,3,2,3,35.960266754529755
2014-12-03,35.76923076923077,5.536332179930795,39.79226252359532,60.62271062271062,10.714285714285712,76.40034953844278,35.81289675169236,1.0,2,3,3,3,2,3,35.81289675169236
2014-12-04,35.76923076923077,6.298003072196619,39.10792288438211,60.62271062271062,10.714285714285712,75.39376853257244,35.727704901715846,1.0,2,3,3,3,2,3,35.727704901715846
2014-12-05,35.76923076923077,6.098964326812428,39.576613299357206,60.62271062271062,10.714285714285712,76.14616436972197,35.85687481934898,1.0,2,3,3,3,2,3,35.85687481934898
2014-12-08,35.76923076923077,9.770114942528735,36.881565268662044,60.62271062271062,10.714285714285712,72.97918027284447,35.73539692666546,1.0,2,3,3,3,2,3,35.73539692666546
2014-12-09,35.76923076923077,6.6398775353999255,39.262500279192885,60.62271062271062,10.714285714285712,75.16354236632364,35.80397265669378,1.0,2,3,3,3,2,3,35.80397265669378
2014-12-10,35.76923076923077,12.423547400611623,38.0549713362275,60.62271062271062,10.714285714285712,69.0003505260692,36.10288165711761,1.0,2,3,3,3,2,3,36.10288165711761
2014-12-11,35.76923076923077,13.822069492172584,37.45381625468675,60.62271062271062,10.714285714285712,68.3331025359776,36.19563026011248,1.0,2,3,3,3,2,3,36.19563026011248
2014-12-12,35.76923076923077,21.73913043478261,35.530324977563566,60.62271062271062,10.714285714285712,63.999478079780936,36.96098174759018,1.0,2,3,3,3,2,3,36.96098174759018
2014-12-15,35.76923076923077,11.276190476190473,45.60091059378581,60.62271062271062,10.714285714285712,67.92187963633425,37.27475103477153,1.0,2,3,3,3,2,3,37.27475103477153
2014-12-16,35.76923076923077,15.220700152207002,42.72770218461805,60.62271062271062,10.714285714285712,65.71009158840427,37.26783248334829,1.0,2,3,3,3,2,3,37.26783248334829
2014-12-17,35.76923076923077,10.699353857848726,45.69927237790489,60.62271062271062,10.714285714285712,68.69689455103432,37.25655755939701,1.0,2,3,3,3,2,3,37.25655755939701
2014-12-18,47.4025974025974,0.8731966590736532,63.205416479730935,33.650793650793645,3.3333333333333335,55.105365700354504,35.557860929398096,1.0,2,3,3,3,2,3,35.557860929398096
2014-12-19,47.4025974025974,0.7205157375805848,61.29843607866422,33.650793650793645,3.3333333333333335,54.0166357217867,35.037055667029364,1.0,2,3,3,3,2,3,35.037055667029364
2014-12-22,47.4025974025974,0.9469696969696942,59.54440446731743,33.650793650793645,3.3333333333333335,51.94267535221936,34.524144099681095,1.0,2,3,3,3,2,3,34.524144099681095
2014-12-23,47.4025974025974,0.7188800605372674,63.49024903069241,33.650793650793645,3.3333333333333335,55.58590675768398,35.632018225616065,1.0,2,3,3,3,2,3,35.632018225616065
2014-12-24,47.4025974025974,0.5668934240362817,64.57742895440003,33.650793650793645,3.3333333333333335,56.56682854837253,35.91714906212624,1.0,2,3,3,3,2,3,35.91714906212624
2014-12-26,47.4025974025974,0.7927519818799578,60.987258251013934,33.650793650793645,3.3333333333333335,55.149433260670165,35.10254710424753,1.0,2,3,3,3,2,3,35.10254710424753
2014-12-29,47.4025974025974,1.395173453996982,59.26567660976447,33.650793650793645,3.3333333333333335,52.185293755628315,34.58230111991685,1.0,2,3,3,3,2,3,34.58230111991685
2014-12-30,47.4025974025974,1.6572504708097902,60.04080174259199,33.650793650793645,3.3333333333333335,50.75780045266739,34.64699221954883,1.0,2,3,3,3,2,3,34.64699221954883
2014-12-31,47.4025974025974,1.84349134687735,58.076733876297894,33.650793650793645,3.3333333333333335,49.03540002584765,34.11918677882154,1.0,2,3,3,3,2,3,34.11918677882154
2015-01-02,47.4025974025974,2.17963171739947,56.07489994282447,33.650793650793645,3.3333333333333335,45.39483454122046,33.42199151776857,1.0,2,3,3,3,2,3,33.42199151776857
2015-01-05,47.4025974025974,2.665165165165166,55.5008980413473,33.650793650793645,3.3333333333333335,43.583318918932186,33.22314626479744,1.0,2,3,3,3,2,3,33.22314626479744
2015-01-06,47.4025974025974,3.2245969253843265,53.760114819735264,33.650793650793645,3.3333333333333335,41.19035591043055,32.7475796716687,1.0,2,3,3,3,2,3,32.7475796716687
2015-01-07,47.4025974025974,3.2209737827715337,53.280886540020724,33.650793650793645,3.3333333333333335,43.52572232847211,32.88454602900739,1.0,2,3,3,3,2,3,32.88454602900739
2015-01-08,47.4025974025974,2.880658436213997,50.78413347399645,33.650793650793645,3.3333333333333335,45.89318289674738,32.553878403318556,1.0,2,3,3,3,2,3,32.553878403318556
2015-01-09,47.4025974025974,2.9895366218236186,54.23047400163171,33.650793650793645,3.3333333333333335,46.56234712216502,33.3318385685093,1.0,2,3,3,3,2,3,33.3318385685093
2015-01-12,47.4025974025974,3.210153042179916,50.97567112945388,33.650793650793645,3.3333333333333335,47.41059918695399,32.80982648462388,1.0,2,3,3,3,2,3,32.80982648462388
2015-01-13,47.4025974025974,3.95227442207308,49.314048316093476,33.650793650793645,3.3333333333333335,44.891949634988215,32.37406124273386,1.0,2,3,3,3,2,3,32.37406124273386
2015-01-14,47.4025974025974,3.7988826815642454,49.209534162565156,33.650793650793645,3.3333333333333335,45.86767929462199,32.42005302988981,1.0,2,3,3,3,2,3,32.42005302988981
2015-01-15,47.4025974025974,4.427083333333334,49.253492624262094,33.650793650793645,3.3333333333333335,44.06059979017146,32.37377690213796,1.0,2,3,3,3,2,3,32.37377690213796
2015-01-16,47.4025974025974,2.749907097733188,53.440937428930056,33.650793650793645,3.3333333333333335,47.60757105889849,33.23052774282423,1.0,2,3,3,3,2,3,33.23052774282423
2015-01-20,47.4025974025974,2.5612472160356377,55.88585293600895,33.650793650793645,3.3333333333333335,48.853665713626896,33.806388333373334,1.0,2,3,3,3,2,3,33.806388333373334
2015-01-21,47.4025974025974,3.0033370411568394,60.51441651507366,33.650793650793645,3.3333333333333335,47.24944004992106,34.66009644783993,1.0,2,3,3,3,2,3,34.66009644783993
2015-01-22,47.4025974025974,2.444444444444442,64.2539934346164,33.650793650793645,3.3333333333333335,50.3005698736249,35.60134629477639,1.0,2,3,3,3,2,3,35.60134629477639
2015-01-23,47.4025974025974,2.2567517573066964,62.820967718003814,33.650793650793645,3.3333333333333335,50.9071251071073,35.33785813737457,1.0,2,3,3,3,2,3,35.33785813737457
2015-01-26,47.4025974025974,2.8270509977827096,65.8126277667455,33.650793650793645,3.3333333333333335,50.796852203277844,36.039222704835154,1.0,2,3,3,3,2,3,36.039222704835154
2015-01-27,47.4025974025974,3.617571059431527,67.12213691366823,33.650793650793645,3.3333333333333335,49.08200385255917,36.2877437114776,1.0,2,3,3,3,2,3,36.2877437114776
2015-01-28,47.4025974025974,5.125368731563421,61.22671656750839,33.650793650793645,3.3333333333333335,45.89212234038935,35.09123102545502,1.0,2,3,3,3,2,3,35.09123102545502
2015-01-29,47.4025974025974,4.935543278084716,59.66664044393757,33.650793650793645,3.3333333333333335,46.40642067887593,34.79268054389378,1.0,2,3,3,3,2,3,34.79268054389378
2015-01-30,47.4025974025974,7.376747608535688,50.97832898922125,33.650793650793645,3.3333333333333335,40.63771575101456,32.96638862625457,1.0,2,3,3,3,2,3,32.96638862625457
2015-02-02,47.4025974025974,5.365674384417493,57.89392011921938,33.650793650793645,3.3333333333333335,42.53073006136749,34.136593638465854,1.0,2,3,3,3,2,3,34.136593638465854
2015-02-03,47.4025974025974,4.625550660792951,60.21916965289839,33.650793650793645,3.3333333333333335,45.791689053745074,34.7797146997145,1.0,2,3,3,3,2,3,34.7797146997145
2015-02-04,47.4025974025974,6.05060506050605,52.78372010877952,33.650793650793645,3.3333333333333335,41.98055345000939,33.19652211045978,1.0,2,3,3,3,2,3,33.19652211045978
2015-02-05,47.4025974025974,4.249084249084253,54.55990650190161,33.650793650793645,3.3333333333333335,44.038519551347655,33.39725183693366,1.0,2,3,3,3,2,3,33.39725183693366
2015-02-06,47.4025974025974,4.939626783754117,53.488554507598494,33.650793650793645,3.3333333333333335,43.42103517149734,33.259341507021986,1.0,2,3,3,3,2,3,33.259341507021986
2015-02-09,47.4025974025974,3.6366959064327484,56.221485978452414,33.650793650793645,3.3333333333333335,46.428499003393156,33.84608800891808,1.0,2,3,3,3,2,3,33.84608800891808
2015-02-10,47.4025974025974,2.701715954728001,58.26369578774631,33.650793650793645,3.3333333333333335,48.4161671463595,34.266300794732544,1.0,2,3,3,3,2,3,34.266300794732544
2015-02-11,47.4025974025974,4.084609773887671,52.349960800474136,33.650793650793645,3.3333333333333335,45.51920631761102,33.070436478235194,1.0,2,3,3,3,2,3,33.070436478235194
2015-02-12,47.4025974025974,3.0601092896174893,53.747648654076464,33.650793650793645,3.3333333333333335,47.42499490920284,33.3356528112608,1.0,2,3,3,3,2,3,33.3356528112608
2015-02-13,47.4025974025974,2.8384279475982543,53.183626650220305,33.650793650793645,3.3333333333333335,48.056092451621254,33.241621896327565,1.0,2,3,3,3,2,3,33.241621896327565
2015-02-17,47.4025974025974,3.2715376226826596,52.88618173854406,33.650793650793645,3.3333333333333335,47.3142115362123,33.1945667574683,1.0,2,3,3,3,2,3,33.1945667574683
2015-02-18,47.4025974025974,2.4691358024691357,55.53170390139833,33.650793650793645,3.3333333333333335,48.39767752007618,33.67153742438284,1.0,2,3,3,3,2,3,33.67153742438284
2015-02-19,47.4025974025974,2.466449038810296,53.518957878960684,33.650793650793645,3.3333333333333335,48.158889642707784,33.2445720794267,1.0,2,3,3,3,2,3,33.2445720794267
2015-02-20,47.4025974025974,3.623188405797099,49.83352144038069,33.650793650793645,3.3333333333333335,47.44283918415498,32.667227619252785,1.0,2,3,3,3,2,3,32.667227619252785
2015-02-23,47.4025974025974,3.6192544335866828,49.831093226838874,33.650793650793645,3.3333333333333335,47.8246032021135,32.70413158389819,1.0,2,3,3,3,2,3,32.70413158389819
2015-02-24,47.4025974025974,3.4707158351409952,50.78031285696339,33.650793650793645,3.3333333333333335,47.984291724201285,32.88023664244274,1.0,2,3,3,3,2,3,32.88023664244274
2015-02-25,47.4025974025974,3.936439147706757,49.57696423153302,33.650793650793645,3.3333333333333335,47.730932688986385,32.70737567634833,1.0,2,3,3,3,2,3,32.70737567634833
2015-02-26,47.4025974025974,3.4090909090909096,48.90544217486033,33.650793650793645,3.3333333333333335,48.51361159471434,32.545869507863415,1.0,2,3,3,3,2,3,32.545869507863415
2015-02-27,47.4025974025974,3.783783783783782,47.22207489602451,33.650793650793645,3.3333333333333335,48.81386306783538,32.314159774346926,1.0,2,3,3,3,2,3,32.314159774346926
2015-03-02,47.4025974025974,2.8437724982001438,48.318567068429644,33.650793650793645,3.3333333333333335,50.7967125366254,32.54374089859023,1.0,2,3,3,3,2,3,32.54374089859023
2015-03-03,47.4025974025974,5.321826681049982,43.734565182970925,33.650793650793645,3.3333333333333335,47.425937046222714,31.785473809028183,1.0,2,3,3,3,2,3,31.785473809028183
2015-03-04,47.4025974025974,4.382183908045975,45.50225371163161,33.650793650793645,3.3333333333333335,49.37516429324178,32.14600568486142,1.0,2,3,3,3,2,3,32.14600568486142
2015-03-05,47.4025974025974,3.9827771797631897,45.2374191572321,33.650793650793645,3.3333333333333335,50.098119040510745,32.08545290305186,1.0,2,3,3,3,2,3,32.08545290305186
2015-03-06,47.4025974025974,8.207885304659497,37.75503625445343,33.650793650793645,3.3333333333333335,39.49956170516918,30.374142213941234,1.0,2,3,3,3,2,3,30.374142213941234
2015-03-09,47.4025974025974,7.393483709273181,43.28720792491148,33.650793650793645,3.3333333333333335,40.351652588393726,31.402905317278037,1.0,2,3,3,3,2,3,31.402905317278037
2015-03-10,47.4025974025974,10.228898426323314,42.01671487006445,33.650793650793645,3.3333333333333335,36.359492810893414,31.316673671968626,1.0,2,3,3,3,2,3,31.316673671968626
2015-03-11,47.4025974025974,11.396927474097891,40.09348223550347,33.650793650793645,3.3333333333333335,35.373554591191535,31.067039132641156,1.0,2,3,3,3,2,3,31.067039132641156
2015-03-12,47.4025974025974,11.099214846538182,42.32660175295814,33.650793650793645,3.3333333333333335,36.742916840898445,31.59105673559084,1.0,2,3,3,3,2,3,31.59105673559084
2015-03-13,47.4025974025974,8.324420677361854,48.458495180174396,33.650793650793645,3.3333333333333335,41.61037540489241,32.74922244359822,1.0,2,3,3,3,2,3,32.74922244359822
2015-03-16,47.4025974025974,5.039173789173789,55.09447270302731,33.650793650793645,3.3333333333333335,44.902199154979506,33.748550945539904,1.0,2,3,3,3,2,3,33.748550945539904
2015-03-17,47.4025974025974,7.1149057274991145,47.822611928572194,33.650793650793645,3.3333333333333335,42.74256015526757,32.49336127834275,1.0,2,3,3,3,2,3,32.49336127834275
2015-03-18,14.166666666666666,2.238805970149253,53.33891690464198,14.86111111111111,3.125,47.762540636479315,21.975131971939515,1.0,2,3,3,3,2,3,21.975131971939515
2015-03-19,14.166666666666666,2.1299254526091564,54.293348696809026,14.86111111111111,3.125,48.43721590900971,22.21170975411794,1.0,2,3,3,3,2,3,22.21170975411794
2015-03-20,14.166666666666666,1.9858156028368823,55.01129277530055,14.86111111111111,3.125,49.44615755232344,22.427370764193164,1.0,2,3,3,3,2,3,22.427370764193164
2015-03-23,14.166666666666666,2.160821820758059,61.27989980173133,14.86111111111111,3.125,68.76236090087174,25.647713747918388,1.0,2,3,3,3,2,3,25.647713747918388
2015-03-24,14.166666666666666,3.6093418259023347,56.133750585499975,14.86111111111111,3.125,64.98726208980216,24.530678024594014,1.0,2,3,3,3,2,3,24.530678024594014
2015-03-25,14.166666666666666,6.3449982325910215,55.038614646948425,14.86111111111111,3.125,60.25059967031844,24.38511587627307,1.0,2,3,3,3,2,3,24.38511587627307
2015-03-26,14.166666666666666,6.038135593220343,54.19320623693099,14.86111111111111,3.125,59.25863496274517,24.055465195638117,1.0,2,3,3,3,2,3,24.055465195638117
2015-03-27,14.166666666666666,7.442680776014106,51.281593200455674,14.86111111111111,3.125,57.76156950623744,23.604345079251033,1.0,2,3,3,3,2,3,23.604345079251033
2015-03-30,14.166666666666666,4.334038054968285,54.65597647975798,14.86111111111111,3.125,59.41683399474584,23.82301963975317,1.0,2,3,3,3,2,3,23.82301963975317
2015-03-31,14.166666666666666,5.4030271031326995,52.04083039831845,14.86111111111111,3.125,60.029156496690995,23.57502048329266,1.0,2,3,3,3,2,3,23.57502048329266
2015-04-01,14.166666666666666,6.575246132208157,49.66105511660467,14.86111111111111,3.125,59.536904649836984,23.2842840480796,1.0,2,3,3,3,2,3,23.2842840480796
2015-04-02,14.166666666666666,7.867931155602388,48.289034430885394,14.86111111111111,3.125,58.93905279424647,23.208631730055536,1.0,2,3,3,3,2,3,23.208631730055536
2015-04-06,14.166666666666666,6.526315789473684,51.46348646112732,14.86111111111111,3.125,61.26019625128647,23.807313408582182,1.0,2,3,3,3,2,3,23.807313408582182
2015-04-07,14.166666666666666,6.572029442691902,48.54511490971282,14.86111111111111,3.125,60.8968261762134,23.19644482143562,1.0,2,3,3,3,2,3,23.19644482143562
2015-04-08,14.166666666666666,5.672268907563024,49.60543922937714,14.86111111111111,3.125,62.34841277290468,23.373716238011834,1.0,2,3,3,3,2,3,23.373716238011834
2015-04-09,14.166666666666666,5.246589716684155,46.08010528745755,14.86111111111111,3.125,63.56098045693105,22.70477037985478,1.0,2,3,3,3,2,3,22.70477037985478
2015-04-10,14.166666666666666,4.070580013976244,46.15079984710263,14.86111111111111,3.125,65.7047385765942,22.698083163208526,1.0,2,3,3,3,2,3,22.698083163208526
2015-04-13,14.166666666666666,6.003490401396161,44.85810658911296,14.86111111111111,3.125,63.7411338199132,22.629766113426477,1.0,2,3,3,3,2,3,22.629766113426477
2015-04-14,14.166666666666666,7.984658298465829,44.33023464457298,14.86111111111111,3.125,62.123442721738876,22.758656194114984,1.0,2,3,3,3,2,3,22.758656194114984
2015-04-15,14.166666666666666,2.908394287704634,50.65776218664575,14.86111111111111,3.125,65.21535168013578,23.318099796216988,1.0,2,3,3,3,2,3,23.318099796216988
2015-04-16,14.166666666666666,4.4537230340988145,44.41889019446586,14.86111111111111,3.125,62.308083896375244,22.088664368683794,1.0,2,3,3,3,2,3,22.088664368683794
2015-04-17,14.166666666666666,6.673618352450468,45.03071698799406,14.86111111111111,3.125,59.893988837958126,22.413599285218055,1.0,2,3,3,3,2,3,22.413599285218055
2015-04-20,14.166666666666666,5.1736111111111125,47.218539790993056,14.86111111111111,3.125,62.646201922982755,22.826383706052447,1.0,2,3,3,3,2,3,22.826383706052447
2015-04-21,14.166666666666666,4.786680541103017,48.219829403775144,14.86111111111111,3.125,63.45217036269116,23.029852358578083,1.0,2,3,3,3,2,3,23.029852358578083
2015-04-22,14.166666666666666,3.984753984753986,50.08201709780944,14.86111111111111,3.125,64.4674058964988,23.343428139495902,1.0,2,3,3,3,2,3,23.343428139495902
2015-04-23,14.166666666666666,5.209415022499134,50.467103806943356,14.86111111111111,3.125,64.54034507948973,23.672671607170805,1.0,2,3,3,3,2,3,23.672671607170805
2015-04-24,14.166666666666666,6.621715076071926,46.328599873146295,14.86111111111111,3.125,62.88831493931949,22.962227817108925,1.0,2,3,3,3,2,3,22.962227817108925
2015-04-27,14.166666666666666,3.8860103626942997,51.36717072169811,14.86111111111111,3.125,65.12153494176582,23.646123044388396,1.0,2,3,3,3,2,3,23.646123044388396
2015-04-28,14.166666666666666,1.8633540372670805,54.21420712737605,14.86111111111111,3.125,68.34756274997127,24.133601841259086,1.0,2,3,3,3,2,3,24.133601841259086
2015-04-29,14.166666666666666,1.7580144777662898,58.736171196475205,14.86111111111111,3.125,70.486157029836,25.23078617116523,1.0,2,3,3,3,2,3,25.23078617116523
2015-04-30,14.166666666666666,4.028925619834711,51.89172993613006,14.86111111111111,3.125,62.85837671012023,23.553302115538315,1.0,2,3,3,3,2,3,23.553302115538315
2015-05-01,14.166666666666666,2.270381836945305,54.514356813648625,14.86111111111111,3.125,66.53302049744701,24.093583113196825,1.0,2,3,3,3,2,3,24.093583113196825
2015-05-04,14.166666666666666,1.958762886597935,55.9676339925359,14.86111111111111,3.125,68.62327632294996,24.530940341455096,1.0,2,3,3,3,2,3,24.530940341455096
2015-05-05,14.166666666666666,3.5015447991761075,53.1848293467977,14.86111111111111,3.125,64.84733384073152,23.90534154660125,1.0,2,3,3,3,2,3,23.90534154660125
2015-05-06,14.166666666666666,6.4128943758573405,50.26453218517667,14.86111111111111,3.125,60.82179963451901,23.500998608992035,1.0,2,3,3,3,2,3,23.500998608992035
2015-05-07,14.166666666666666,5.138746145940391,50.322437329561055,14.86111111111111,3.125,62.538696031365326,23.429439631570155,1.0,2,3,3,3,2,3,23.429439631570155
2015-05-08,14.166666666666666,3.2511978097193714,52.633328568311654,14.86111111111111,3.125,64.93055014238371,23.753293623177914,1.0,2,3,3,3,2,3,23.753293623177914
2015-05-11,14.166666666666666,3.880341880341879,51.231913243273084,14.86111111111111,3.125,64.7736556144366,23.583149919499988,1.0,2,3,3,3,2,3,23.583149919499988
2015-05-12,14.166666666666666,4.815573770491807,46.83462920584378,14.86111111111111,3.125,64.6237129603553,22.87574522463598,1.0,2,3,3,3,2,3,22.87574522463598
2015-05-13,14.166666666666666,4.128283862163081,46.31509333453628,14.86111111111111,3.125,66.73296473267088,22.84530524594029,1.0,2,3,3,3,2,3,22.84530524594029
2015-05-14,14.166666666666666,2.3517382413087944,50.9468816668983,14.86111111111111,3.125,68.63345761706418,23.606403076681172,1.0,2,3,3,3,2,3,23.606403076681172
2015-05-15,14.166666666666666,2.860061287027578,49.782509111217024,14.86111111111111,3.125,66.4022965401965,23.252077067001906,1.0,2,3,3,3,2,3,23.252077067001906
2015-05-18,14.166666666666666,2.687074829931972,48.371529808497556,14.86111111111111,3.125,66.35643055581181,22.93069731660042,1.0,2,3,3,3,2,3,22.93069731660042
2015-05-19,14.166666666666666,2.5823989126741442,48.42773800619165,14.86111111111111,3.125,67.32286907594202,23.017647624700693,1.0,2,3,3,3,2,3,23.017647624700693
2015-05-20,14.166666666666666,2.681602172437203,48.1726403814464,14.86111111111111,3.125,67.97049009227814,23.05123085333787,1.0,2,3,3,3,2,3,23.05123085333787
2015-05-21,14.166666666666666,2.780603594438795,48.04812330907565,14.86111111111111,3.125,67.71618319280851,23.020697033317074,1.0,2,3,3,3,2,3,23.020697033317074
2015-05-22,14.166666666666666,4.149728997289969,45.966039727850585,14.86111111111111,3.125,65.06350209135573,22.61283728749702,1.0,2,3,3,3,2,3,22.61283728749702
2015-05-26,14.166666666666666,7.2758037225042305,41.32541928079636,14.86111111111111,3.125,61.470644585586854,21.950642392552137,1.0,2,3,3,3,2,3,21.950642392552137
2015-05-27,14.166666666666666,3.4144692359702487,45.316288384092914,14.86111111111111,3.125,62.59199551447542,22.088684408793508,1.0,2,3,3,3,2,3,22.088684408793508
2015-05-28,14.166666666666666,4.626815265113137,47.084452658576986,14.86111111111111,3.125,61.30876402332065,22.556463320403424,1.0,2,3,3,3,2,3,22.556463320403424
2015-05-29,14.166666666666666,6.359649122807016,45.45757529027537,14.86111111111111,3.125,59.03900230701245,22.35067844665106,1.0,2,3,3,3,2,3,22.35067844665106
2015-06-01,14.166666666666666,5.038759689922482,43.70551107526441,14.86111111111111,3.125,60.56758291409654,21.888945777780364,1.0,2,3,3,3,2,3,21.888945777780364
2015-06-02,14.166666666666666,5.454545454545457,43.814894041542566,14.86111111111111,3.125,60.78783055292565,22.0160042878435,1.0,2,3,3,3,2,3,22.0160042878435
2015-06-03,14.166666666666666,4.137235116044402,45.61689904999635,14.86111111111111,3.125,62.05806070851897,22.239966237393382,1.0,2,3,3,3,2,3,22.239966237393382
2015-06-04,14.166666666666666,5.325940860215054,44.170023934259376,14.86111111111111,3.125,61.224678887892466,22.104994181017467,1.0,2,3,3,3,2,3,22.104994181017467
2015-06-05,14.166666666666666,5.001678415575695,43.21678570159542,14.86111111111111,3.125,65.78302369842235,22.30532852660979,1.0,2,3,3,3,2,3,22.30532852660979
2015-06-08,14.166666666666666,9.255533199195169,39.279941436616724,14.86111111111111,3.125,61.41569113653021,21.931997374148732,1.0,2,3,3,3,2,3,21.931997374148732
2015-06-09,14.166666666666666,9.614740368509215,40.2657504736645,14.86111111111111,3.125,62.0243477944854,22.261866281216616,1.0,2,3,3,3,2,3,22.261866281216616
2015-06-10,14.166666666666666,4.283801874163321,45.408359205659416,14.86111111111111,3.125,65.37288633427903,22.559054182725784,1.0,2,3,3,3,2,3,22.559054182725784
2015-06-11,14.166666666666666,2.791708458709463,46.001491576871274,14.86111111111111,3.125,66.71255418890586,22.513228759340066,1.0,2,3,3,3,2,3,22.513228759340066
2015-06-12,14.166666666666666,2.505010020040081,50.04241745092656,14.86111111111111,3.125,68.61330513438705,23.45414934096537,1.0,2,3,3,3,2,3,23.45414934096537
2015-06-15,14.166666666666666,5.905905905905909,47.86321182272913,14.86111111111111,3.125,66.0981152099505,23.446968400055393,1.0,2,3,3,3,2,3,23.446968400055393
2015-06-16,14.166666666666666,1.8666666666666683,54.13854028828597,14.86111111111111,3.125,69.40686843739464,24.225061568063325,1.0,2,3,3,3,2,3,24.225061568063325
2015-06-17,14.166666666666666,1.5651015651015638,51.200650020411054,14.86111111111111,3.125,73.02035191260495,23.93851884169635,1.0,2,3,3,3,2,3,23.93851884169635
2015-06-18,6.971153846153847,2.262142381902861,32.0082856581605,16.29901960784314,2.941176470588235,59.0491448158656,17.24075913937299,1.0,2,3,3,3,2,3,17.24075913937299
2015-06-19,6.971153846153847,5.682951146560319,27.080456372253884,16.29901960784314,2.941176470588235,52.64971566434276,16.299412119970874,1.0,2,3,3,3,2,3,16.299412119970874
2015-06-22,6.971153846153847,5.942895086321379,26.749803741341303,16.29901960784314,2.941176470588235,52.306025540652314,16.250901369371526,1.0,2,3,3,3,2,3,16.250901369371526
2015-06-23,6.971153846153847,5.3067993366500845,25.30706165118839,16.29901960784314,2.941176470588235,53.12982657479134,15.917513904820586,1.0,2,3,3,3,2,3,15.917513904820586
2015-06-24,6.971153846153847,7.024519549370445,23.894172846516323,16.29901960784314,2.941176470588235,52.12278159806397,15.87777568875751,1.0,2,3,3,3,2,3,15.87777568875751
2015-06-25,6.971153846153847,7.547169811320753,25.478071493559156,16.29901960784314,2.941176470588235,51.341370172791926,16.22094432802893,1.0,2,3,3,3,2,3,16.22094432802893
2015-06-26,6.971153846153847,7.870370370370372,25.650175909247075,16.29901960784314,2.941176470588235,51.26448432777665,16.312316738474912,1.0,2,3,3,3,2,3,16.312316738474912
2015-06-29,6.971153846153847,11.133135117277833,23.908698565548413,16.29901960784314,2.941176470588235,51.215095154989385,16.611635301837943,1.0,2,3,3,3,2,3,16.611635301837943
2015-06-30,6.971153846153847,11.947194719471947,24.673595923904855,16.29901960784314,2.941176470588235,51.097078885364276,16.915625066985545,1.0,2,3,3,3,2,3,16.915625066985545
2015-07-01,6.971153846153847,12.331025387405207,22.82745652710059,16.29901960784314,2.941176470588235,51.52137005585281,16.665592438260198,1.0,2,3,3,3,2,3,16.665592438260198
2015-07-02,6.971153846153847,11.495388669301713,23.439983123974713,16.29901960784314,2.941176470588235,51.69400627573268,16.638234036002313,1.0,2,3,3,3,2,3,16.638234036002313
2015-07-06,6.971153846153847,12.964791049687395,22.691289759440835,16.29901960784314,2.941176470588235,51.948150574239314,16.807790269023336,1.0,2,3,3,3,2,3,16.807790269023336
2015-07-07,6.971153846153847,12.886259040105195,23.11326109276123,16.29901960784314,2.941176470588235,52.07321784805012,16.888984861152053,1.0,2,3,3,3,2,3,16.888984861152053
2015-07-08,6.971153846153847,15.008210180623971,21.924280666351905,16.29901960784314,2.941176470588235,51.706491999706316,17.038906419139565,1.0,2,3,3,3,2,3,17.038906419139565
2015-07-09,6.971153846153847,12.795275590551183,24.890973526844725,16.29901960784314,2.941176470588235,51.78648193958665,17.197657067211605,1.0,2,3,3,3,2,3,17.197657067211605
2015-07-10,6.971153846153847,11.488036709275647,27.70427166347834,16.29901960784314,2.941176470588235,53.00218991937705,17.62043971626226,1.0,2,3,3,3,2,3,17.62043971626226
2015-07-13,6.971153846153847,8.709888670595937,29.13953155154679,16.29901960784314,2.941176470588235,53.75715764729259,17.427358858931562,1.0,2,3,3,3,2,3,17.427358858931562
2015-07-14,6.971153846153847,8.897612037945697,26.883614005391742,16.29901960784314,2.941176470588235,54.14291802090824,17.05229606053207,1.0,2,3,3,3,2,3,17.05229606053207
2015-07-15,6.971153846153847,8.856209150326794,25.55692018561292,16.29901960784314,2.941176470588235,58.239774427442505,17.188362359705952,1.0,2,3,3,3,2,3,17.188362359705952
2015-07-16,6.971153846153847,7.966046359777994,27.65702927192339,16.29901960784314,2.941176470588235,59.27254973376231,17.533629149490267,1.0,2,3,3,3,2,3,17.533629149490267
2015-07-17,6.971153846153847,11.545988258317026,25.95383768070367,16.29901960784314,2.941176470588235,56.87821736435185,17.669545974013083,1.0,2,3,3,3,2,3,17.669545974013083
2015-07-20,6.971153846153847,14.695340501792112,18.072998357791047,16.29901960784314,2.941176470588235,55.22278183695506,16.557705005385895,1.0,2,3,3,3,2,3,16.557705005385895
2015-07-21,6.971153846153847,16.69921875,14.776066016223496,16.29901960784314,2.941176470588235,54.32641739660568,16.209457742679025,1.0,2,3,3,3,2,3,16.209457742679025
2015-07-22,6.971153846153847,17.43089430894309,14.765390731361144,16.29901960784314,2.941176470588235,54.430349915262354,16.36405104936084,1.0,2,3,3,3,2,3,16.36405104936084
2015-07-23,6.971153846153847,19.005847953216374,15.204386289579697,16.29901960784314,2.941176470588235,53.18553782535652,16.642359680868623,1.0,2,3,3,3,2,3,16.642359680868623
2015-07-24,6.971153846153847,19.03602726387536,14.048509935828438,16.29901960784314,2.941176470588235,54.131820347430605,16.511848524457577,1.0,2,3,3,3,2,3,16.511848524457577
2015-07-27,6.971153846153847,21.627756160830092,13.700178813818145,16.29901960784314,2.941176470588235,53.73514835636719,16.920860880340122,1.0,2,3,3,3,2,3,16.920860880340122
2015-07-28,6.971153846153847,17.913832199546487,13.723260938249219,16.29901960784314,2.941176470588235,54.087887263497436,16.217966403682645,1.0,2,3,3,3,2,3,16.217966403682645
2015-07-29,6.971153846153847,15.436893203883493,14.094080972813677,16.29901960784314,2.941176470588235,53.506106317226724,15.738564516835865,1.0,2,3,3,3,2,3,15.738564516835865
2015-07-30,6.971153846153847,16.45651471063692,13.566788437726816,16.29901960784314,2.941176470588235,55.51577875670479,16.037997555116984,1.0,2,3,3,3,2,3,16.037997555116984
2015-07-31,6.971153846153847,14.567183462532299,15.749619992121161,16.29901960784314,2.941176470588235,55.91507209231049,16.136626949935497,1.0,2,3,3,3,2,3,16.136626949935497
2015-08-03,6.971153846153847,16.26331074540174,16.168999489326943,16.29901960784314,2.941176470588235,55.766564483664084,16.544877545085903,1.0,2,3,3,3,2,3,16.544877545085903
2015-08-04,6.971153846153847,16.53771760154739,15.524645546547031,16.29901960784314,2.941176470588235,56.551001844831575,16.5493318638758,1.0,2,3,3,3,2,3,16.5493318638758
2015-08-05,6.971153846153847,16.81159420289855,15.836357667592061,16.29901960784314,2.941176470588235,56.439843470362185,16.6553337709081,1.0,2,3,3,3,2,3,16.6553337709081
2015-08-06,6.971153846153847,18.307593307593308,14.799940064723174,16.29901960784314,2.941176470588235,56.14946155805395,16.718211880042446,1.0,2,3,3,3,2,3,16.718211880042446
2015-08-07,6.971153846153847,17.19704275152684,16.930102905946356,16.29901960784314,2.941176470588235,57.21477483146932,17.02866566441533,1.0,2,3,3,3,2,3,17.02866566441533
2015-08-10,6.971153846153847,15.093127809890817,15.966195376729317,16.29901960784314,2.941176470588235,57.5245019472166,16.446073881819444,1.0,2,3,3,3,2,3,16.446073881819444
2015-08-11,6.971153846153847,19.1851138915624,15.963238088647062,16.29901960784314,2.941176470588235,55.061997105742186,17.017629156389866,1.0,2,3,3,3,2,3,17.017629156389866
2015-08-12,6.971153846153847,18.637820512820515,17.499259244882502,16.29901960784314,2.941176470588235,55.253972227209104,17.234572224035272,1.0,2,3,3,3,2,3,17.234572224035272
2015-08-13,6.971153846153847,18.50784502081332,16.99201740515611,16.29901960784314,2.941176470588235,55.96287736530405,17.178019271498048,1.0,2,3,3,3,2,3,17.178019271498048
2015-08-14,6.971153846153847,18.042226487523994,18.35807150078729,16.29901960784314,2.941176470588235,55.95620983819569,17.357439631255584,1.0,2,3,3,3,2,3,17.357439631255584
2015-08-17,6.971153846153847,16.043464365612017,17.68000853935277,16.29901960784314,2.941176470588235,56.25339792552002,16.851793423318718,1.0,2,3,3,3,2,3,16.851793423318718
2015-08-18,6.971153846153847,15.357598978288634,16.935679689616908,16.29901960784314,2.941176470588235,56.64183387191576,16.604598170546442,1.0,2,3,3,3,2,3,16.604598170546442
2015-08-19,6.971153846153847,17.543859649122805,15.918754074718677,16.29901960784314,2.941176470588235,56.52957858072385,16.827239652614438,1.0,2,3,3,3,2,3,16.827239652614438
2015-08-20,6.971153846153847,22.147864882090506,15.757124371821494,16.29901960784314,2.941176470588235,53.80505294429041,17.4432621949852,1.0,2,3,3,3,2,3,17.4432621949852
2015-08-21,6.971153846153847,28.971665074816936,15.42531966855137,16.29901960784314,2.941176470588235,51.17923679578653,18.47907967802607,1.0,2,3,3,3,2,3,18.47907967802607
2015-08-24,6.971153846153847,40.489821882951645,14.942736030977862,16.29901960784314,2.941176470588235,45.435004187389076,20.111771051298568,1.0,2,3,3,3,2,3,20.111771051298568
2015-08-25,6.971153846153847,46.36161423578011,14.114095993316274,16.29901960784314,2.941176470588235,45.103813854499776,21.08728248104301,1.0,2,3,3,3,2,3,21.08728248104301
2015-08-26,6.971153846153847,33.42857142857142,14.435562179157166,16.29901960784314,2.941176470588235,43.26739256327149,18.381325027646625,1.0,2,3,3,3,2,3,18.381325027646625
2015-08-27,6.971153846153847,34.15794481446242,13.029993184863486,16.29901960784314,2.941176470588235,47.038467478035834,18.62319339744252,1.0,2,3,3,3,2,3,18.62319339744252
2015-08-28,6.971153846153847,29.499366286438526,14.994592152084572,16.29901960784314,2.941176470588235,47.31530813855927,18.112081551334303,1.0,2,3,3,3,2,3,18.112081551334303
2015-08-31,6.971153846153847,32.446976891421336,15.490605437876436,16.29901960784314,2.941176470588235,46.76557418993508,18.745832934626822,1.0,2,3,3,3,2,3,18.745832934626822
2015-09-01,6.971153846153847,41.39784946236559,14.51386922421523,16.29901960784314,2.941176470588235,45.08418580266711,20.172521367356634,1.0,2,3,3,3,2,3,20.172521367356634
2015-09-02,6.971153846153847,34.913112164297,13.830620792487982,16.29901960784314,2.941176470588235,45.54645385118961,18.785151026249714,1.0,2,3,3,3,2,3,18.785151026249714
2015-09-03,6.971153846153847,33.55429292929293,15.700983754044765,16.29901960784314,2.941176470588235,45.85850502115166,18.918664888556464,1.0,2,3,3,3,2,3,18.918664888556464
2015-09-04,6.971153846153847,39.104383475244404,14.914407381420347,16.29901960784314,2.941176470588235,44.347167278034895,19.720233948910195,1.0,2,3,3,3,2,3,19.720233948910195
2015-09-08,6.971153846153847,27.599243856332706,17.014768618321963,16.29901960784314,2.941176470588235,42.41861722202798,17.64642326690749,1.0,2,3,3,3,2,3,17.64642326690749
2015-09-09,6.971153846153847,32.404784387787224,16.90846215194728,16.29901960784314,2.941176470588235,41.75140654612813,18.51954901233347,1.0,2,3,3,3,2,3,18.51954901233347
2015-09-10,6.971153846153847,28.17610062893082,16.848916893109998,16.29901960784314,2.941176470588235,42.05543683815829,17.692306237997748,1.0,2,3,3,3,2,3,17.692306237997748
2015-09-11,6.971153846153847,25.88752748978951,16.25032728460146,16.29901960784314,2.941176470588235,42.33247307286057,17.14257731193801,1.0,2,3,3,3,2,3,17.14257731193801
2015-09-14,6.971153846153847,28.688010043942246,15.297508955738262,16.29901960784314,2.941176470588235,41.874190386336466,17.466281888343506,1.0,2,3,3,3,2,3,17.466281888343506
2015-09-15,6.971153846153847,25.39981185324553,16.368653580356785,16.29901960784314,2.941176470588235,43.14591205288294,17.150043341782514,1.0,2,3,3,3,2,3,17.150043341782514
2015-09-16,6.971153846153847,23.934837092731833,15.65064453133578,16.29901960784314,2.941176470588235,43.569017834795105,16.75575715806679,1.0,2,3,3,3,2,3,16.75575715806679
2015-09-17,12.394957983193278,25.821596244131456,11.95702309714382,9.586056644880173,2.7777777777777777,41.655638222542194,16.5357134608174,1.0,2,3,3,3,2,3,16.5357134608174
2015-09-18,12.394957983193278,28.080050031269543,11.301442749528084,9.586056644880173,2.7777777777777777,42.47998999925935,16.938723326393585,1.0,2,3,3,3,2,3,16.938723326393585
2015-09-21,12.394957983193278,25.30459231490159,13.477805968555323,9.586056644880173,2.7777777777777777,43.09340014639498,16.880245441639005,1.0,2,3,3,3,2,3,16.880245441639005
2015-09-22,12.394957983193278,29.619225967540576,12.367384110601947,9.586056644880173,2.7777777777777777,41.30013740292326,17.341761526228954,1.0,2,3,3,3,2,3,17.341761526228954
2015-09-23,12.394957983193278,31.21297162457125,10.846783648750467,9.586056644880173,2.7777777777777777,41.3600899268816,17.36238581766063,1.0,2,3,3,3,2,3,17.36238581766063
2015-09-24,12.394957983193278,30.591900311526484,10.320864964667505,9.586056644880173,2.7777777777777777,41.929963880683886,17.189975213615313,1.0,2,3,3,3,2,3,17.189975213615313
2015-09-25,12.394957983193278,30.750077808901338,13.218806662320008,9.586056644880173,2.7777777777777777,41.874059718005924,17.795608636352988,1.0,2,3,3,3,2,3,17.795608636352988
2015-09-28,12.394957983193278,36.06965174129353,13.381602711116383,9.586056644880173,2.7777777777777777,42.24479610490101,18.929156271280206,1.0,2,3,3,3,2,3,18.929156271280206
2015-09-29,12.394957983193278,35.47685616651133,15.088868614832524,9.586056644880173,2.7777777777777777,42.45191046623486,19.17276177320038,1.0,2,3,3,3,2,3,19.17276177320038
2015-09-30,12.394957983193278,29.95034140285537,14.606667697311373,9.586056644880173,2.7777777777777777,42.899996556384195,18.015827245979892,1.0,2,3,3,3,2,3,18.015827245979892
2015-10-01,12.394957983193278,28.961240310077525,13.731089849507255,9.586056644880173,2.7777777777777777,42.161613398751655,17.569053142100245,1.0,2,3,3,3,2,3,17.569053142100245
2015-10-02,12.394957983193278,24.690210656753404,15.089290503537574,9.586056644880173,2.7777777777777777,42.77427186311192,17.047753188677515,1.0,2,3,3,3,2,3,17.047753188677515
2015-10-05,12.394957983193278,20.922315072732896,14.860628820729072,9.586056644880173,2.7777777777777777,43.389673640905954,16.309981913091114,1.0,2,3,3,3,2,3,16.309981913091114
2015-10-06,12.394957983193278,20.068027210884356,15.335267003702818,9.586056644880173,2.7777777777777777,43.741132083647365,16.269197821590296,1.0,2,3,3,3,2,3,16.269197821590296
2015-10-07,12.394957983193278,20.481927710843376,17.21472984876832,9.586056644880173,2.7777777777777777,44.525872697767795,16.806344552007243,1.0,2,3,3,3,2,3,16.806344552007243
2015-10-08,12.394957983193278,19.074074074074073,15.908107018770837,9.586056644880173,2.7777777777777777,44.698157365195264,16.280677725396636,1.0,2,3,3,3,2,3,16.280677725396636
2015-10-09,12.394957983193278,17.946345975948198,18.216280832167335,9.586056644880173,2.7777777777777777,43.64421096169822,16.411372228101055,1.0,2,3,3,3,2,3,16.411372228101055
2015-10-12,12.394957983193278,18.453481207640174,19.637010697994796,9.586056644880173,2.7777777777777777,43.91495255820732,16.82401940725585,1.0,2,3,3,3,2,3,16.82401940725585
2015-10-13,12.394957983193278,19.636811326562018,17.435599932670296,9.586056644880173,2.7777777777777777,41.75845854783719,16.404753876938308,1.0,2,3,3,3,2,3,16.404753876938308
2015-10-14,12.394957983193278,23.30873308733087,16.99730237139351,9.586056644880173,2.7777777777777777,40.36908347433681,16.912541209486683,1.0,2,3,3,3,2,3,16.912541209486683
2015-10-15,12.394957983193278,21.628264208909368,16.83004592817659,9.586056644880173,2.7777777777777777,41.27456486651496,16.63354428437681,1.0,2,3,3,3,2,3,16.63354428437681
2015-10-16,12.394957983193278,22.866789441375076,15.329702635429756,9.586056644880173,2.7777777777777777,41.546804611600656,16.608404646829158,1.0,2,3,3,3,2,3,16.608404646829158
2015-10-19,12.394957983193278,25.57497700091997,12.493114434695523,9.586056644880173,2.7777777777777777,40.34480701454833,16.462524758886055,1.0,2,3,3,3,2,3,16.462524758886055
2015-10-20,12.394957983193278,25.704656862745097,14.014782447598536,9.586056644880173,2.7777777777777777,39.895581794285064,16.74787181180536,1.0,2,3,3,3,2,3,16.74787181180536
2015-10-21,12.394957983193278,27.425772880318338,12.963869526130248,9.586056644880173,2.7777777777777777,39.189855839285755,16.811339835526418,1.0,2,3,3,3,2,3,16.811339835526418
2015-10-22,12.394957983193278,19.75535168195719,16.99585517134397,9.586056644880173,2.7777777777777777,39.202979558976004,16.084965096865957,1.0,2,3,3,3,2,3,16.084965096865957
2015-10-23,12.394957983193278,18.02627558814543,13.861421042378574,9.586056644880173,2.7777777777777777,40.082429086965234,15.20020800510945,1.0,2,3,3,3,2,3,15.20020800510945
2015-10-26,12.394957983193278,15.78144078144078,13.2945253971683,9.586056644880173,2.7777777777777777,40.808693039529096,14.71048830998285,1.0,2,3,3,3,2,3,14.71048830998285
2015-10-27,12.394957983193278,15.98048185422385,12.474555327156496,9.586056644880173,2.7777777777777777,41.05589107828266,14.611022314412462,1.0,2,3,3,3,2,3,14.611022314412462
2015-10-28,12.394957983193278,11.730652041438146,13.750959364067693,9.586056644880173,2.7777777777777777,41.1547997409253,14.026228025501823,1.0,2,3,3,3,2,3,14.026228025501823
2015-10-29,12.394957983193278,12.024353120243529,14.07055214732835,9.586056644880173,2.7777777777777777,41.24525028593031,14.15793185241553,1.0,2,3,3,3,2,3,14.15793185241553
2015-10-30,12.394957983193278,12.25669099756691,14.217421772837222,9.586056644880173,2.7777777777777777,41.046594649225774,14.213907789311527,1.0,2,3,3,3,2,3,14.213907789311527
2015-11-02,12.394957983193278,6.8368277119416625,17.02325339574821,9.586056644880173,2.7777777777777777,41.31198867074673,13.717640858920772,1.0,2,3,3,3,2,3,13.717640858920772
2015-11-03,12.394957983193278,5.434122647237402,20.32475444282093,9.586056644880173,2.7777777777777777,42.04562369539305,14.170763557859097,1.0,2,3,3,3,2,3,14.170763557859097
2015-11-04,12.394957983193278,4.761904761904764,22.10028534165266,9.586056644880173,2.7777777777777777,42.837042942750486,14.470568085294659,1.0,2,3,3,3,2,3,14.470568085294659
2015-11-05,12.394957983193278,5.212121212121209,21.479965127497547,9.586056644880173,2.7777777777777777,42.44359119073707,14.397202157305582,1.0,2,3,3,3,2,3,14.397202157305582
2015-11-06,12.394957983193278,4.662428095670601,22.493133088106042,9.586056644880173,2.7777777777777777,43.498134044254385,14.595351411488892,1.0,2,3,3,3,2,3,14.595351411488892
2015-11-09,12.394957983193278,5.928614640048399,21.18179214164552,9.586056644880173,2.7777777777777777,42.08044339335202,14.444551465982109,1.0,2,3,3,3,2,3,14.444551465982109
2015-11-10,12.394957983193278,6.708975521305531,19.800118506329774,9.586056644880173,2.7777777777777777,41.93068076202631,14.309312652037818,1.0,2,3,3,3,2,3,14.309312652037818
2015-11-11,12.394957983193278,11.352657004830917,16.07042536263904,9.586056644880173,2.7777777777777777,39.11088923209956,14.210131167012072,1.0,2,3,3,3,2,3,14.210131167012072
2015-11-12,12.394957983193278,14.871794871794872,15.477247728496154,9.586056644880173,2.7777777777777777,39.04082150758247,14.788316441124579,1.0,2,3,3,3,2,3,14.788316441124579
2015-11-13,12.394957983193278,24.35201928872815,12.559387735079536,9.586056644880173,2.7777777777777777,33.98649254140866,15.59535642921053,1.0,2,3,3,3,2,3,15.59535642921053
2015-11-16,12.394957983193278,18.54862993074375,13.960047712349208,9.586056644880173,2.7777777777777777,33.73177677742535,14.689338976669253,1.0,2,3,3,3,2,3,14.689338976669253
2015-11-17,12.394957983193278,18.441636582430807,13.557179466851906,9.586056644880173,2.7777777777777777,33.992601239311355,14.613449104095803,1.0,2,3,3,3,2,3,14.613449104095803
2015-11-18,12.394957983193278,14.307183648932972,14.431621873788087,9.586056644880173,2.7777777777777777,35.62277074782199,14.124463949634535,1.0,2,3,3,3,2,3,14.124463949634535
2015-11-19,12.394957983193278,11.501501501501503,16.61147140065197,9.586056644880173,2.7777777777777777,37.687258259518394,14.205746176690658,1.0,2,3,3,3,2,3,14.205746176690658
2015-11-20,12.394957983193278,9.42094209420942,18.216411971690064,9.586056644880173,2.7777777777777777,40.42692755728725,14.384589339216745,1.0,2,3,3,3,2,3,14.384589339216745
2015-11-23,12.394957983193278,10.761390887290167,17.711764397903032,9.586056644880173,2.7777777777777777,40.84585720702088,14.593642548048852,1.0,2,3,3,3,2,3,14.593642548048852
2015-11-24,12.394957983193278,8.65528601377658,19.794673243650337,9.586056644880173,2.7777777777777777,43.66384844306998,14.870802466100507,1.0,2,3,3,3,2,3,14.870802466100507
2015-11-25,12.394957983193278,10.053859964093359,19.081822506720016,9.586056644880173,2.7777777777777777,43.418968105105215,14.983459074981322,1.0,2,3,3,3,2,3,14.983459074981322
2015-11-27,12.394957983193278,10.672645739910314,18.2726240810719,9.586056644880173,2.7777777777777777,43.72173504493939,14.975653238998508,1.0,2,3,3,3,2,3,14.975653238998508
2015-11-30,12.394957983193278,12.156511350059736,17.151066205838518,9.586056644880173,2.7777777777777777,43.332353516142845,15.00917663310206,1.0,2,3,3,3,2,3,15.00917663310206
2015-12-01,12.394957983193278,10.265592360489407,17.264158876238675,9.586056644880173,2.7777777777777777,44.33883135598366,14.754259153252107,1.0,2,3,3,3,2,3,14.754259153252107
2015-12-02,12.394957983193278,14.952295766249254,15.91123651246751,9.586056644880173,2.7777777777777777,43.482131602650604,15.335345386316536,1.0,2,3,3,3,2,3,15.335345386316536
2015-12-03,12.394957983193278,21.62645218945487,14.594775854942723,9.586056644880173,2.7777777777777777,41.34072775283112,16.192744154470756,1.0,2,3,3,3,2,3,16.192744154470756
2015-12-04,12.394957983193278,10.95238095238095,19.098697526936146,9.586056644880173,2.7777777777777777,40.47674632645721,14.872316098817265,1.0,2,3,3,3,2,3,14.872316098817265
2015-12-07,12.394957983193278,13.648528099910795,17.883425409018475,9.586056644880173,2.7777777777777777,40.92317184443653,15.213133656537632,1.0,2,3,3,3,2,3,15.213133656537632
2015-12-08,12.394957983193278,14.61675579322638,18.331531651516396,9.586056644880173,2.7777777777777777,41.990238692231905,15.60310712847987,1.0,2,3,3,3,2,3,15.60310712847987
2015-12-09,12.394957983193278,16.147224695755416,17.03604560726063,9.586056644880173,2.7777777777777777,42.33597198122915,15.68467702903425,1.0,2,3,3,3,2,3,15.68467702903425
2015-12-10,12.394957983193278,19.12811387900356,15.891505635739387,9.586056644880173,2.7777777777777777,42.47902700080588,16.066252373337303,1.0,2,3,3,3,2,3,16.066252373337303
2015-12-11,12.394957983193278,26.04444444444444,13.497421278803081,9.586056644880173,2.7777777777777777,39.239322424634764,16.646731157421105,1.0,2,3,3,3,2,3,16.646731157421105
2015-12-14,12.394957983193278,23.149792776791,14.59261499718246,9.586056644880173,2.7777777777777777,40.08639407186376,16.37154673228919,1.0,2,3,3,3,2,3,16.37154673228919
2015-12-15,12.394957983193278,18.988464951197873,12.91182043058681,9.586056644880173,2.7777777777777777,38.81165978035324,15.075648824700387,1.0,2,3,3,3,2,3,15.075648824700387
2015-12-16,12.394957983193278,12.559101654846335,21.057957439265987,9.586056644880173,2.7777777777777777,41.27928197990828,15.665765787121416,1.0,2,3,3,3,2,3,15.665765787121416
2015-12-17,6.111111111111111,25.597874224977858,15.503007494670504,3.6062378167641325,2.631578947368421,32.71387988872193,13.823435677831107,1.0,2,3,3,3,2,3,13.823435677831107
2015-12-18,6.111111111111111,29.085545722713864,13.526407753127845,3.6062378167641325,2.631578947368421,40.475289555453614,14.901790995742942,1.0,2,3,3,3,2,3,14.901790995742942
2015-12-21,6.111111111111111,28.706159740642494,12.524961385396674,3.6062378167641325,2.631578947368421,41.613873390885736,14.739482909325647,1.0,2,3,3,3,2,3,14.739482909325647
2015-12-22,6.111111111111111,27.56183745583039,13.45557983669861,3.6062378167641325,2.631578947368421,41.9415862945221,14.72951343298725,1.0,2,3,3,3,2,3,14.72951343298725
2015-12-23,6.111111111111111,25.551632833186233,13.854350763589194,3.6062378167641325,2.631578947368421,42.6714931114343,14.480217375527754,1.0,2,3,3,3,2,3,14.480217375527754
2015-12-24,6.111111111111111,24.750146972369194,13.869689490663687,3.6062378167641325,2.631578947368421,43.04009014935499,14.359847652571315,1.0,2,3,3,3,2,3,14.359847652571315
2015-12-28,6.111111111111111,26.666666666666668,11.66360473378626,3.6062378167641325,2.631578947368421,43.649504750679505,14.362876100187776,1.0,2,3,3,3,2,3,14.362876100187776
2015-12-29,6.111111111111111,24.589201877934272,12.017954345579396,3.6062378167641325,2.631578947368421,44.57306830121109,14.110609419853082,1.0,2,3,3,3,2,3,14.110609419853082
2015-12-30,6.111111111111111,25.798885957197303,13.643627435023987,3.6062378167641325,2.631578947368421,45.19430402563145,14.739804426036644,1.0,2,3,3,3,2,3,14.739804426036644
2015-12-31,6.111111111111111,28.295254833040424,13.6222476490404,3.6062378167641325,2.631578947368421,44.06905477886174,15.12227731933158,1.0,2,3,3,3,2,3,15.12227731933158
2016-01-04,6.111111111111111,33.01141352063213,13.578901641969024,3.6062378167641325,2.631578947368421,42.89153370869983,15.939087748419457,1.0,2,3,3,3,2,3,15.939087748419457
2016-01-05,6.111111111111111,33.801169590643276,13.446980229158449,3.6062378167641325,2.631578947368421,42.391490936991076,16.02065040268869,1.0,2,3,3,3,2,3,16.02065040268869
2016-01-06,6.111111111111111,32.45690914402571,15.306411220978744,3.6062378167641325,2.631578947368421,44.399743576872,16.32450977571733,1.0,2,3,3,3,2,3,16.32450977571733
2016-01-07,6.111111111111111,38.93753648569761,14.734999822554299,3.6062378167641325,2.631578947368421,42.00662633506405,17.26704124018603,1.0,2,3,3,3,2,3,17.26704124018603
2016-01-08,6.111111111111111,41.96558763487897,14.896689528871073,3.6062378167641325,2.631578947368421,39.93681127417024,17.698007905196274,1.0,2,3,3,3,2,3,17.698007905196274
2016-01-11,6.111111111111111,39.5979020979021,15.73380271014583,3.6062378167641325,2.631578947368421,40.0691332145336,17.405125628092186,1.0,2,3,3,3,2,3,17.405125628092186
2016-01-12,6.111111111111111,35.86608442503639,16.228376413288355,3.6062378167641325,2.631578947368421,40.444464447156186,16.79520995740981,1.0,2,3,3,3,2,3,16.79520995740981
2016-01-13,6.111111111111111,46.62594531704479,14.643901640433867,3.6062378167641325,2.631578947368421,35.234833948043814,18.109324131329352,1.0,2,3,3,3,2,3,18.109324131329352
2016-01-14,6.111111111111111,40.77303109561174,16.00538748849363,3.6062378167641325,2.631578947368421,34.99783912196621,17.187338974046934,1.0,2,3,3,3,2,3,17.187338974046934
2016-01-15,6.111111111111111,46.34146341463414,19.32238195341268,3.6062378167641325,2.631578947368421,34.147916961864205,18.879432114825025,1.0,2,3,3,3,2,3,18.879432114825025
2016-01-19,6.111111111111111,42.9648970118944,21.955955164642873,3.6062378167641325,2.631578947368421,34.64354441168755,18.78039622150545,1.0,2,3,3,3,2,3,18.78039622150545
2016-01-20,6.111111111111111,47.71014492753623,18.897344846266346,3.6062378167641325,2.631578947368421,33.68051156980042,19.021420456769796,1.0,2,3,3,3,2,3,19.021420456769796
2016-01-21,6.111111111111111,46.35099913119027,18.568773586369637,3.6062378167641325,2.631578947368421,33.58207379769135,18.674033268310353,1.0,2,3,3,3,2,3,18.674033268310353
2016-01-22,6.111111111111111,40.480324074074076,18.987515858234136,3.6062378167641325,2.631578947368421,33.80219271150139,17.60565860264102,1.0,2,3,3,3,2,3,17.60565860264102
2016-01-25,6.111111111111111,44.5793581960104,17.981678184457905,3.6062378167641325,2.631578947368421,34.646309379631575,18.30870955908606,1.0,2,3,3,3,2,3,18.30870955908606
2016-01-26,6.111111111111111,36.82842287694974,21.182251881681314,3.6062378167641325,2.631578947368421,34.28781758868216,17.362788055623668,1.0,2,3,3,3,2,3,17.362788055623668
2016-01-27,6.111111111111111,39.65367965367966,21.653999294823834,3.6062378167641325,2.631578947368421,33.54231881319992,17.94763901604993,1.0,2,3,3,3,2,3,17.94763901604993
2016-01-28,6.111111111111111,35.92848904267589,21.368133738726094,3.6062378167641325,2.631578947368421,34.21609420566035,17.21280532187567,1.0,2,3,3,3,2,3,17.21280532187567
2016-01-29,6.111111111111111,29.53039469893402,24.801708316993963,3.6062378167641325,2.631578947368421,34.84255286327347,16.682547234542184,1.0,2,3,3,3,2,3,16.682547234542184
2016-02-01,6.111111111111111,29.447322970639036,24.4654292136153,3.6062378167641325,2.631578947368421,35.23033602286976,16.637455384167083,1.0,2,3,3,3,2,3,16.637455384167083
2016-02-02,6.111111111111111,35.89301121656601,21.483170292404598,3.6062378167641325,2.631578947368421,32.13042806430605,17.020150453253965,1.0,2,3,3,3,2,3,17.020150453253965
2016-02-03,6.111111111111111,33.24712643678161,23.1739986805912,3.6062378167641325,2.631578947368421,33.12259613116708,16.92835598162051,1.0,2,3,3,3,2,3,16.92835598162051
2016-02-04,6.111111111111111,28.366350846971006,28.532053313411105,3.6062378167641325,2.631578947368421,34.068365361544515,17.118388713260114,1.0,2,3,3,3,2,3,17.118388713260114
2016-02-05,6.111111111111111,33.07515777395295,27.334855798470958,3.6062378167641325,2.631578947368421,32.42395992961407,17.65627005247543,1.0,2,3,3,3,2,3,17.65627005247543
2016-02-08,6.111111111111111,33.906563485239325,27.403050349898656,3.6062378167641325,2.631578947368421,32.96790081052324,17.89058419310916,1.0,2,3,3,3,2,3,17.89058419310916
2016-02-09,6.111111111111111,38.60252004581901,25.135636147541963,3.6062378167641325,2.631578947368421,31.27229437780517,18.206732021481955,1.0,2,3,3,3,2,3,18.206732021481955
2016-02-10,6.111111111111111,37.596566523605155,25.785624916723332,3.6062378167641325,2.631578947368421,32.06777217585573,18.21508685068051,1.0,2,3,3,3,2,3,18.21508685068051
2016-02-11,6.111111111111111,40.909090909090914,25.194779599721766,3.6062378167641325,2.631578947368421,31.19104571022358,18.671750017814134,1.0,2,3,3,3,2,3,18.671750017814134
2016-02-12,6.111111111111111,34.16166809483005,25.842281079470926,3.6062378167641325,2.631578947368421,32.794095321262674,17.6120707120157,1.0,2,3,3,3,2,3,17.6120707120157
2016-02-16,6.111111111111111,32.94805936073059,24.257253771564994,3.6062378167641325,2.631578947368421,34.36393558019539,17.209327529507895,1.0,2,3,3,3,2,3,17.209327529507895
2016-02-17,6.111111111111111,26.974622184203017,26.51714217658359,3.6062378167641325,2.631578947368421,36.58568055272819,16.68879227245938,1.0,2,3,3,3,2,3,16.68879227245938
2016-02-18,6.111111111111111,26.994301994301996,27.264767125372973,3.6062378167641325,2.631578947368421,37.42092463279762,16.925777632243996,1.0,2,3,3,3,2,3,16.925777632243996
2016-02-19,6.111111111111111,26.131511528608026,27.799382383917877,3.6062378167641325,2.631578947368421,37.73956630922618,16.89200675845704,1.0,2,3,3,3,2,3,16.89200675845704
2016-02-22,6.111111111111111,23.492605233219564,27.467175981574325,3.6062378167641325,2.631578947368421,38.847873674686625,16.40861495545668,1.0,2,3,3,3,2,3,16.40861495545668
2016-02-23,6.111111111111111,27.67831770389315,24.110856913297827,3.6062378167641325,2.631578947368421,37.08422576754194,16.398128845221628,1.0,2,3,3,3,2,3,16.398128845221628
2016-02-24,6.111111111111111,27.115275411697898,23.220016092426853,3.6062378167641325,2.631578947368421,37.593677149552,16.158297360809392,1.0,2,3,3,3,2,3,16.158297360809392
2016-02-25,6.111111111111111,21.673758865248224,28.940196364441,3.6062378167641325,2.631578947368421,37.830411017657255,16.237703492732813,1.0,2,3,3,3,2,3,16.237703492732813
2016-02-26,6.111111111111111,24.744897959183675,28.082782472767914,3.6062378167641325,2.631578947368421,37.37456157577966,16.634863588997522,1.0,2,3,3,3,2,3,16.634863588997522
2016-02-29,6.111111111111111,26.295666949872555,31.681452930906012,3.6062378167641325,2.631578947368421,37.10965481212279,17.638260802397234,1.0,2,3,3,3,2,3,17.638260802397234
2016-03-01,6.111111111111111,15.393322014714206,34.17119549344056,3.6062378167641325,2.631578947368421,35.040782581275955,15.74885310478779,1.0,2,3,3,3,2,3,15.74885310478779
2016-03-02,6.111111111111111,18.094430308170764,32.862347978349696,3.6062378167641325,2.631578947368421,35.22675271480453,16.045902273813788,1.0,2,3,3,3,2,3,16.045902273813788
2016-03-03,6.111111111111111,16.581920903954806,32.87821062353269,3.6062378167641325,2.631578947368421,35.30691670637774,15.754589321164513,1.0,2,3,3,3,2,3,15.754589321164513
2016-03-04,6.111111111111111,16.610217329946373,33.99931835684495,3.6062378167641325,2.631578947368421,36.12414833373126,16.06619331576063,1.0,2,3,3,3,2,3,16.06619331576063
2016-03-07,6.111111111111111,12.380146644106034,38.351319498556876,3.6062378167641325,2.631578947368421,39.10925313955109,16.38908988751693,1.0,2,3,3,3,2,3,16.38908988751693
2016-03-08,6.111111111111111,13.975767821921666,37.63783150711289,3.6062378167641325,2.631578947368421,41.41374814881406,16.795966025717554,1.0,2,3,3,3,2,3,16.795966025717554
2016-03-09,6.111111111111111,11.204954954954955,38.3595829945365,3.6062378167641325,2.631578947368421,42.219425974373856,16.466721532364918,1.0,2,3,3,3,2,3,16.466721532364918
2016-03-10,6.111111111111111,15.049226441631506,36.1661155417234,3.6062378167641325,2.631578947368421,41.41617111653876,16.7165568533541,1.0,2,3,3,3,2,3,16.7165568533541
2016-03-11,6.111111111111111,8.937605396290053,39.80319936049126,3.6062378167641325,2.631578947368421,41.17820491298338,16.19785278768384,1.0,2,3,3,3,2,3,16.19785278768384
2016-03-14,6.111111111111111,10.081437798371244,37.05318891965085,3.6062378167641325,2.631578947368421,39.71377133442432,15.730173822076091,1.0,2,3,3,3,2,3,15.730173822076091
2016-03-15,6.111111111111111,9.932659932659933,38.33517823273858,3.6062378167641325,2.631578947368421,41.96241449501382,16.181680427610324,1.0,2,3,3,3,2,3,16.181680427610324
2016-03-16,11.019736842105262,4.429492570787778,47.12414315091617,43.33333333333333,2.5,42.7580113487994,24.091462489747045,1.0,2,3,3,3,2,3,24.091462489747045
2016-03-17,11.019736842105262,3.921568627450981,49.478864372935135,43.33333333333333,2.5,45.43526562600661,24.7285473732042,1.0,2,3,3,3,2,3,24.7285473732042
2016-03-18,11.019736842105262,3.0226700251889156,56.47175791019702,43.33333333333333,2.5,47.746402803283225,26.178460077931827,1.0,2,3,3,3,2,3,26.178460077931827
2016-03-21,11.019736842105262,2.8803131991051445,56.44262900296857,43.33333333333333,2.5,53.20082259493349,26.68960491043441,1.0,2,3,3,3,2,3,26.68960491043441
2016-03-22,11.019736842105262,3.3528918692372143,54.82845123662704,43.33333333333333,2.5,52.2037369072016,26.361576522419327,1.0,2,3,3,3,2,3,26.361576522419327
2016-03-23,11.019736842105262,4.020100502512562,52.97192057325737,43.33333333333333,2.5,49.40396348684029,25.843734774364332,1.0,2,3,3,3,2,3,25.843734774364332
2016-03-24,11.019736842105262,3.7656903765690384,55.41809769851939,43.33333333333333,2.5,50.60212744171031,26.401904569715033,1.0,2,3,3,3,2,3,26.401904569715033
2016-03-28,11.019736842105262,4.319955406911932,53.73034844483674,43.33333333333333,2.5,49.17666558685856,26.032661539561907,1.0,2,3,3,3,2,3,26.032661539561907
2016-03-29,11.019736842105262,4.232804232804236,52.81209352406333,43.33333333333333,2.5,49.868915034458226,25.90080526534565,1.0,2,3,3,3,2,3,25.90080526534565
2016-03-30,11.019736842105262,3.797996661101836,51.924705047224506,43.33333333333333,2.5,51.206480495997155,25.7701226017913,1.0,2,3,3,3,2,3,25.7701226017913
2016-03-31,11.019736842105262,3.94773422296358,52.842271508918294,43.33333333333333,2.5,50.94259716739686,25.957195073642378,1.0,2,3,3,3,2,3,25.957195073642378
2016-04-01,11.019736842105262,3.5555555555555527,53.38138527309951,43.33333333333333,2.5,51.83173456174015,26.075495832431344,1.0,2,3,3,3,2,3,26.075495832431344
2016-04-04,11.019736842105262,3.774632250902025,53.65305345636132,43.33333333333333,2.5,51.52633300715753,26.14310465269474,1.0,2,3,3,3,2,3,26.14310465269474
2016-04-05,11.019736842105262,4.936217415418746,51.13799318314158,43.33333333333333,2.5,49.658967217616365,25.68567305200002,1.0,2,3,3,3,2,3,25.68567305200002
2016-04-06,11.019736842105262,4.447215295095593,51.120620794473645,43.33333333333333,2.5,50.86132179564034,25.7046336080042,1.0,2,3,3,3,2,3,25.7046336080042
2016-04-07,11.019736842105262,6.0631229235880415,46.37640532786678,43.33333333333333,2.5,47.371028961854364,24.729942757002718,1.0,2,3,3,3,2,3,24.729942757002718
2016-04-08,11.019736842105262,5.338865836791143,49.81116938187534,43.33333333333333,2.5,49.043347981630134,25.439276052422624,1.0,2,3,3,3,2,3,25.439276052422624
2016-04-11,11.019736842105262,5.223880597014926,49.35301863760834,43.33333333333333,2.5,49.50814130159096,25.371128187610065,1.0,2,3,3,3,2,3,25.371128187610065
2016-04-12,11.019736842105262,5.191935929301298,50.81064294754945,43.33333333333333,2.5,50.68035878610805,25.773485864507272,1.0,2,3,3,3,2,3,25.773485864507272
2016-04-13,11.019736842105262,3.4492273730684344,54.12721019948085,43.33333333333333,2.5,52.35046500008282,26.255268225044453,1.0,2,3,3,3,2,3,26.255268225044453
2016-04-14,11.019736842105262,3.5842293906810077,52.65286124733587,43.33333333333333,2.5,55.53261105695103,26.305613443824797,1.0,2,3,3,3,2,3,26.305613443824797
2016-04-15,11.019736842105262,4.022038567493114,55.31598947728072,43.33333333333333,2.5,54.70928522404158,26.84346834188524,1.0,2,3,3,3,2,3,26.84346834188524
2016-04-18,11.019736842105262,3.6195981282686494,57.24405660640268,43.33333333333333,2.5,56.272334610259314,27.30489861848651,1.0,2,3,3,3,2,3,27.30489861848651
2016-04-19,11.019736842105262,4.097909790979096,58.41361596030224,43.33333333333333,2.5,55.48797912772183,27.556037273554768,1.0,2,3,3,3,2,3,27.556037273554768
2016-04-20,11.019736842105262,3.9571310799670245,59.80002917209289,43.33333333333333,2.5,56.131522665196385,27.869518527457938,1.0,2,3,3,3,2,3,27.869518527457938
2016-04-21,11.019736842105262,4.3382756727073035,58.489671890802974,43.33333333333333,2.5,55.73597570837022,27.644121294065396,1.0,2,3,3,3,2,3,27.644121294065396
2016-04-22,11.019736842105262,5.198902606310015,57.818138167640996,43.33333333333333,2.5,55.098301646569226,27.61817252997344,1.0,2,3,3,3,2,3,27.61817252997344
2016-04-25,11.019736842105262,4.9342105263157885,57.914353130901205,43.33333333333333,2.5,55.64354191116886,27.6390011330866,1.0,2,3,3,3,2,3,27.6390011330866
2016-04-26,11.019736842105262,5.45056149000274,57.95882302292495,43.33333333333333,2.5,55.207311279652984,27.707542241077153,1.0,2,3,3,3,2,3,27.707542241077153
2016-04-27,11.019736842105262,4.844006568144502,58.1883903004227,43.33333333333333,2.5,56.65942466886861,27.777356051126617,1.0,2,3,3,3,2,3,27.777356051126617
2016-04-28,11.019736842105262,6.480721903199345,56.30193326688434,43.33333333333333,2.5,53.37856451139634,27.399321695682687,1.0,2,3,3,3,2,3,27.399321695682687
2016-04-29,11.019736842105262,7.513661202185791,54.11971581203387,43.33333333333333,2.5,54.53494631048733,27.28510424441898,1.0,2,3,3,3,2,3,27.28510424441898
2016-05-02,11.019736842105262,6.57930657930658,55.644066934462124,43.33333333333333,2.5,55.90279857002712,27.53988877028277,1.0,2,3,3,3,2,3,27.53988877028277
2016-05-03,11.019736842105262,7.937806873977086,52.00110469723307,43.33333333333333,2.5,55.48078799934187,27.040795324702536,1.0,2,3,3,3,2,3,27.040795324702536
2016-05-04,11.019736842105262,9.103297901335516,49.37071904425001,43.33333333333333,2.5,53.90654872738886,26.590392472382305,1.0,2,3,3,3,2,3,26.590392472382305
2016-05-05,11.019736842105262,9.23202614379085,49.02667401964365,43.33333333333333,2.5,55.638375022117096,26.720511745424922,1.0,2,3,3,3,2,3,26.720511745424922
2016-05-06,11.019736842105262,8.598639455782314,48.153362605569946,43.33333333333333,2.5,58.36410575313633,26.6917451981104,1.0,2,3,3,3,2,3,26.6917451981104
2016-05-09,11.019736842105262,8.8363240891789,47.542228483353504,43.33333333333333,2.5,57.91600619350409,26.572245344383205,1.0,2,3,3,3,2,3,26.572245344383205
2016-05-10,11.019736842105262,7.144797609345284,50.39226805804945,43.33333333333333,2.5,59.658329783600394,26.978180322365304,1.0,2,3,3,3,2,3,26.978180322365304
2016-05-11,11.019736842105262,8.170466883821932,49.45205133087214,43.33333333333333,2.5,58.354659882847734,26.864903841749904,1.0,2,3,3,3,2,3,26.864903841749904
2016-05-12,11.019736842105262,7.7569839978302175,52.049532861098534,43.33333333333333,2.5,59.50585954475498,27.416823536787565,1.0,2,3,3,3,2,3,27.416823536787565
2016-05-13,11.019736842105262,8.401084010840105,51.8854832731427,43.33333333333333,2.5,60.143066108310975,27.576554278153974,1.0,2,3,3,3,2,3,27.576554278153974
2016-05-16,11.019736842105262,7.3517465475223425,53.58363551870088,43.33333333333333,2.5,61.09928412854927,27.801939036625885,1.0,2,3,3,3,2,3,27.801939036625885
2016-05-17,11.019736842105262,8.549783549783548,53.12734227377946,43.33333333333333,2.5,61.4107907330239,27.981438448541308,1.0,2,3,3,3,2,3,27.981438448541308
2016-05-18,11.019736842105262,8.840227088402267,51.190876869374556,43.33333333333333,2.5,60.766388028654326,27.58779380494711,1.0,2,3,3,3,2,3,27.58779380494711
2016-05-19,11.019736842105262,11.453268503511616,48.18831527070245,43.33333333333333,2.5,57.569857663177594,27.190236731686888,1.0,2,3,3,3,2,3,27.190236731686888
2016-05-20,11.019736842105262,9.136302294197034,50.5857513242395,43.33333333333333,2.5,58.09751057905789,27.259095992119413,1.0,2,3,3,3,2,3,27.259095992119413
2016-05-23,11.019736842105262,10.275080906148865,48.61187405953354,43.33333333333333,2.5,58.04983993348565,27.08730919701136,1.0,2,3,3,3,2,3,27.08730919701136
2016-05-24,11.019736842105262,7.54513608191862,52.826651138971016,43.33333333333333,2.5,59.281854384446284,27.50747709314887,1.0,2,3,3,3,2,3,27.50747709314887
2016-05-25,11.019736842105262,6.919763058696822,52.83412397306949,43.33333333333333,2.5,61.67064179597027,27.622775796476606,1.0,2,3,3,3,2,3,27.622775796476606
2016-05-26,11.019736842105262,7.532956685499059,50.859494940440975,43.33333333333333,2.5,61.38246890031761,27.321671425746086,1.0,2,3,3,3,2,3,27.321671425746086
2016-05-27,11.019736842105262,7.096774193548387,51.65953944907896,43.33333333333333,2.5,61.98328035282903,27.45452497433469,1.0,2,3,3,3,2,3,27.45452497433469
2016-05-31,11.019736842105262,6.768734891216761,51.65765669736432,43.33333333333333,2.5,65.30637984930962,27.72085051317349,1.0,2,3,3,3,2,3,27.72085051317349
2016-06-01,11.019736842105262,6.602254428341385,52.84989385847055,43.33333333333333,2.5,65.57485359106533,27.952849226995234,1.0,2,3,3,3,2,3,27.952849226995234
2016-06-02,11.019736842105262,12.550281576830248,41.64895980225424,43.33333333333333,2.5,57.18553651874723,26.063336138217934,1.0,2,3,3,3,2,3,26.063336138217934
2016-06-03,11.019736842105262,11.066452304394424,44.48354157142747,43.33333333333333,2.5,57.89051859867737,26.403984845558433,1.0,2,3,3,3,2,3,26.403984845558433
2016-06-06,11.019736842105262,9.4243641231593,47.46931336672889,43.33333333333333,2.5,59.07040986129458,26.790710694633415,1.0,2,3,3,3,2,3,26.790710694633415
2016-06-07,11.019736842105262,10.914927768860354,44.82378016328297,43.33333333333333,2.5,58.4658810661757,26.49926390357255,1.0,2,3,3,3,2,3,26.49926390357255
2016-06-08,11.019736842105262,10.398289227479285,45.753539516830514,43.33333333333333,2.5,59.12375536530278,26.647675495918552,1.0,2,3,3,3,2,3,26.647675495918552
2016-06-09,11.019736842105262,11.51175213675214,44.59909529595845,43.33333333333333,2.5,59.40208238626909,26.66731193569534,1.0,2,3,3,3,2,3,26.66731193569534
2016-06-10,11.019736842105262,12.676808113157193,42.41454902166797,43.33333333333333,2.5,59.89124104923681,26.51232974241503,1.0,2,3,3,3,2,3,26.51232974241503
2016-06-13,11.019736842105262,13.200000000000001,44.34544688504432,43.33333333333333,2.5,59.36557999888268,26.950581587423446,1.0,2,3,3,3,2,3,26.950581587423446
2016-06-14,11.019736842105262,12.443378630428988,46.287170572058976,43.33333333333333,2.5,60.22199267429231,27.27324331845314,1.0,2,3,3,3,2,3,27.27324331845314
2016-06-15,11.019736842105262,14.084132055378063,43.005720958891594,43.33333333333333,2.5,62.51193149162651,27.1740979625429,1.0,2,3,3,3,2,3,27.1740979625429
2016-06-16,11.019736842105262,13.141793030061185,42.21200141733101,43.33333333333333,2.5,69.44302448176151,27.51999554818091,1.0,2,3,3,3,2,3,27.51999554818091
2016-06-17,29.705882352941178,9.78203083466241,51.613095812477674,21.03174603174603,4.7619047619047645,73.46674089626202,30.683122388241898,1.0,2,3,3,3,2,3,30.683122388241898
2016-06-20,29.705882352941178,9.641434262948207,55.19427219417029,21.03174603174603,4.7619047619047645,75.16370957197476,31.540935217808855,1.0,2,3,3,3,2,3,31.540935217808855
2016-06-21,29.705882352941178,8.625265392781316,57.304027405977365,21.03174603174603,4.7619047619047645,75.79104077098958,31.822385606038374,1.0,2,3,3,3,2,3,31.822385606038374
2016-06-22,29.705882352941178,8.538849111641474,57.50641765866219,21.03174603174603,4.7619047619047645,76.24963580397876,31.891439903646287,1.0,2,3,3,3,2,3,31.891439903646287
2016-06-23,29.705882352941178,5.8028616852146255,63.70277729169741,21.03174603174603,4.7619047619047645,78.61531930235861,32.82008269480595,1.0,2,3,3,3,2,3,32.82008269480595
2016-06-24,29.705882352941178,12.28488218162563,56.57081517716783,21.03174603174603,4.7619047619047645,67.0982916292288,31.53839160386925,1.0,2,3,3,3,2,3,31.53839160386925
2016-06-27,29.705882352941178,15.396825396825395,53.36344217273125,21.03174603174603,4.7619047619047645,61.91416290672165,31.000892773771174,1.0,2,3,3,3,2,3,31.000892773771174
2016-06-28,29.705882352941178,12.688342585249805,56.99706714969127,21.03174603174603,4.7619047619047645,62.565574120094205,31.251062328185316,1.0,2,3,3,3,2,3,31.251062328185316
2016-06-29,29.705882352941178,6.708927628103541,64.70800644630579,21.03174603174603,4.7619047619047645,63.852119053706765,31.726021689440223,1.0,2,3,3,3,2,3,31.726021689440223
2016-06-30,29.705882352941178,5.463182897862232,66.57566472669085,21.03174603174603,4.7619047619047645,65.46582237467003,32.011774731565296,1.0,2,3,3,3,2,3,32.011774731565296
2016-07-01,29.705882352941178,5.696202531645566,64.07465694583179,21.03174603174603,4.7619047619047645,65.95056771694952,31.606651636378103,1.0,2,3,3,3,2,3,31.606651636378103
2016-07-05,29.705882352941178,7.378129117259551,62.343644740488,21.03174603174603,4.7619047619047645,63.50151562512628,31.351929303249815,1.0,2,3,3,3,2,3,31.351929303249815
2016-07-06,29.705882352941178,7.003686150605581,63.16214585267168,21.03174603174603,4.7619047619047645,63.86004952429275,31.476594322272405,1.0,2,3,3,3,2,3,31.476594322272405
2016-07-07,29.705882352941178,7.037621678505657,61.81943379325471,21.03174603174603,4.7619047619047645,63.81887129573825,31.210721193113578,1.0,2,3,3,3,2,3,31.210721193113578
2016-07-08,29.705882352941178,5.6782334384858055,61.72375357516692,21.03174603174603,4.7619047619047645,66.54438105944035,31.19225847786226,1.0,2,3,3,3,2,3,31.19225847786226
2016-07-11,29.705882352941178,6.146572104018913,60.26937425621433,21.03174603174603,4.7619047619047645,65.22142441010791,30.86275468224512,1.0,2,3,3,3,2,3,30.86275468224512
2016-07-12,29.705882352941178,3.8845144356955372,61.43526653397385,21.03174603174603,4.7619047619047645,67.76232178084175,30.89761134120573,1.0,2,3,3,3,2,3,30.89761134120573
2016-07-13,29.705882352941178,3.8290060319958,61.47655089496919,21.03174603174603,4.7619047619047645,68.98262654973676,31.016797009554356,1.0,2,3,3,3,2,3,31.016797009554356
2016-07-14,29.705882352941178,3.406708595387838,62.644658783641624,21.03174603174603,4.7619047619047645,68.9535602895218,31.163052473945754,1.0,2,3,3,3,2,3,31.163052473945754
2016-07-15,29.705882352941178,3.2207384131971697,62.14455333634321,21.03174603174603,4.7619047619047645,68.73986799724887,31.00446811882064,1.0,2,3,3,3,2,3,31.00446811882064
2016-07-18,29.705882352941178,3.58451072736787,60.97835494424275,21.03174603174603,4.7619047619047645,67.59998709154229,30.72999481266403,1.0,2,3,3,3,2,3,30.72999481266403
2016-07-19,29.705882352941178,5.254901960784312,60.103850651367196,21.03174603174603,4.7619047619047645,63.643287359058206,30.493502227523802,1.0,2,3,3,3,2,3,30.493502227523802
2016-07-20,29.705882352941178,4.676071055381403,62.05309788843238,21.03174603174603,4.7619047619047645,64.76088873060306,30.87934563101074,1.0,2,3,3,3,2,3,30.87934563101074
2016-07-21,29.705882352941178,5.429391803706603,61.27774313687194,21.03174603174603,4.7619047619047645,63.714760778140146,30.770326035117403,1.0,2,3,3,3,2,3,30.770326035117403
2016-07-22,29.705882352941178,5.359937402190921,62.478762229847796,21.03174603174603,4.7619047619047645,64.41219713403184,31.066382608998605,1.0,2,3,3,3,2,3,31.066382608998605
2016-07-25,29.705882352941178,5.0299713317696115,64.6292762755693,21.03174603174603,4.7619047619047645,64.0481550742353,31.394087998078987,1.0,2,3,3,3,2,3,31.394087998078987
2016-07-26,29.705882352941178,6.093750000000001,58.6695941299798,21.03174603174603,4.7619047619047645,63.13409540789391,30.323501335973027,1.0,2,3,3,3,2,3,30.323501335973027
2016-07-27,29.705882352941178,6.284153005464484,53.237146377923274,21.03174603174603,4.7619047619047645,63.91018476545297,29.352701322410528,1.0,2,3,3,3,2,3,29.352701322410528
2016-07-28,29.705882352941178,4.888195527821112,55.27494865268968,21.03174603174603,4.7619047619047645,65.75783137934009,29.665834943223846,1.0,2,3,3,3,2,3,29.665834943223846
2016-07-29,29.705882352941178,5.793712652637048,55.723712343231405,21.03174603174603,4.7619047619047645,65.55062217295863,29.915970185657233,1.0,2,3,3,3,2,3,29.915970185657233
2016-08-01,29.705882352941178,5.192107995846315,56.29126442670254,21.03174603174603,4.7619047619047645,66.30771661474242,29.98486911517169,1.0,2,3,3,3,2,3,29.98486911517169
2016-08-02,29.705882352941178,7.444876783398187,55.3911397696912,21.03174603174603,4.7619047619047645,64.95442492024134,30.120068771829693,1.0,2,3,3,3,2,3,30.120068771829693
2016-08-03,29.705882352941178,7.477967858994298,51.868270307559946,21.03174603174603,4.7619047619047645,65.28349123307233,29.455019725805762,1.0,2,3,3,3,2,3,29.455019725805762
2016-08-04,29.705882352941178,6.656306656306659,50.01874190690384,21.03174603174603,4.7619047619047645,65.8094443786856,28.973377119698338,1.0,2,3,3,3,2,3,28.973377119698338
2016-08-05,29.705882352941178,5.305383022774327,49.438290920700084,21.03174603174603,4.7619047619047645,66.97320254942038,28.703478012824597,1.0,2,3,3,3,2,3,28.703478012824597
2016-08-08,29.705882352941178,5.107318334626324,48.29804638532952,21.03174603174603,4.7619047619047645,67.0616663974578,28.44466255292463,1.0,2,3,3,3,2,3,28.44466255292463
2016-08-09,29.705882352941178,5.5555555555555545,47.58971241369057,21.03174603174603,4.7619047619047645,67.13370485793598,28.3998470488305,1.0,2,3,3,3,2,3,28.3998470488305
2016-08-10,29.705882352941178,5.654531371030206,50.80851910927229,21.03174603174603,4.7619047619047645,68.19767940038282,29.169801005286462,1.0,2,3,3,3,2,3,29.169801005286462
2016-08-11,29.705882352941178,4.592363261093909,52.743885256479885,21.03174603174603,4.7619047619047645,69.32545180528264,29.457217853230706,1.0,2,3,3,3,2,3,29.457217853230706
2016-08-12,29.705882352941178,5.7617942768754835,50.729854886118886,21.03174603174603,4.7619047619047645,68.11378387722051,29.167131189508606,1.0,2,3,3,3,2,3,29.167131189508606
2016-08-15,29.705882352941178,4.301906233900055,54.99041096046503,21.03174603174603,4.7619047619047645,69.92259249655616,29.908145657716315,1.0,2,3,3,3,2,3,29.908145657716315
2016-08-16,29.705882352941178,4.5302445302445316,53.68559577278075,21.03174603174603,4.7619047619047645,70.57134897757797,29.757725927550535,1.0,2,3,3,3,2,3,29.757725927550535
2016-08-17,29.705882352941178,5.01543209876543,49.325198112038926,21.03174603174603,4.7619047619047645,69.7775407545716,28.903303086805707,1.0,2,3,3,3,2,3,28.903303086805707
2016-08-18,29.705882352941178,5.65407350295554,49.685935124804615,21.03174603174603,4.7619047619047645,70.41582977294095,29.167007672033805,1.0,2,3,3,3,2,3,29.167007672033805
2016-08-19,29.705882352941178,4.558294812532104,53.741715128799505,21.03174603174603,4.7619047619047645,72.08460357531997,29.925885314985997,1.0,2,3,3,3,2,3,29.925885314985997
2016-08-22,29.705882352941178,5.029509879394408,55.10187885610005,21.03174603174603,4.7619047619047645,70.07792784017485,30.091493500304054,1.0,2,3,3,3,2,3,30.091493500304054
2016-08-23,29.705882352941178,3.9230769230769256,61.01710913129005,21.03174603174603,4.7619047619047645,71.43138845484238,31.18859902554531,1.0,2,3,3,3,2,3,31.18859902554531
2016-08-24,29.705882352941178,6.674353061747373,57.714730850572934,21.03174603174603,4.7619047619047645,68.16898852951839,30.75213860460358,1.0,2,3,3,3,2,3,30.75213860460358
2016-08-25,29.705882352941178,6.157194060419865,56.98745579026286,21.03174603174603,4.7619047619047645,68.401154272606,30.526468366584822,1.0,2,3,3,3,2,3,30.526468366584822
2016-08-26,29.705882352941178,4.937324123816833,57.936670249734654,21.03174603174603,4.7619047619047645,67.81559886701228,30.413781730599204,1.0,2,3,3,3,2,3,30.413781730599204
2016-08-29,29.705882352941178,4.754601226993863,56.75978693149168,21.03174603174603,4.7619047619047645,68.24415085403123,30.184715686287912,1.0,2,3,3,3,2,3,30.184715686287912
2016-08-30,29.705882352941178,4.7892720306513406,59.10705832125019,21.03174603174603,4.7619047619047645,68.29903112528443,30.666592152096428,1.0,2,3,3,3,2,3,30.666592152096428
2016-08-31,29.705882352941178,5.347115875446659,58.32713992042496,21.03174603174603,4.7619047619047645,70.4940035208538,30.84167448044738,1.0,2,3,3,3,2,3,30.84167448044738
2016-09-01,29.705882352941178,5.91685794440194,56.20665239319101,21.03174603174603,4.7619047619047645,70.09238852938333,30.491363889644603,1.0,2,3,3,3,2,3,30.491363889644603
2016-09-02,29.705882352941178,5.211518858307848,54.215565635711,21.03174603174603,4.7619047619047645,70.80541755823444,30.023381623814892,1.0,2,3,3,3,2,3,30.023381623814892
2016-09-06,29.705882352941178,5.245734657499365,54.300306445580446,21.03174603174603,4.7619047619047645,70.95890795775048,30.062521985578687,1.0,2,3,3,3,2,3,30.062521985578687
2016-09-07,29.705882352941178,5.279898218829518,51.53623836913632,21.03174603174603,4.7619047619047645,71.9676944977655,29.617419736557395,1.0,2,3,3,3,2,3,29.617419736557395
2016-09-08,29.705882352941178,9.12789219425375,50.45011630517138,21.03174603174603,4.7619047619047645,68.92598642783662,29.865623311856368,1.0,2,3,3,3,2,3,29.865623311856368
2016-09-09,29.705882352941178,12.06808943089431,46.87168865316493,21.03174603174603,4.7619047619047645,65.99873438113778,29.4452520241133,1.0,2,3,3,3,2,3,29.4452520241133
2016-09-12,29.705882352941178,9.444021325209444,49.933628157704945,21.03174603174603,4.7619047619047645,68.70403535638317,29.803356401408873,1.0,2,3,3,3,2,3,29.803356401408873
2016-09-13,29.705882352941178,11.618467782851342,47.45812226027087,21.03174603174603,4.7619047619047645,66.37929180949796,29.510670158761915,1.0,2,3,3,3,2,3,29.510670158761915
2016-09-14,29.705882352941178,11.204055766793408,44.773456790745705,21.03174603174603,4.7619047619047645,66.6028771964047,28.91321320033597,1.0,2,3,3,3,2,3,28.91321320033597
2016-09-15,29.705882352941178,8.548632218844986,46.224284962046475,21.03174603174603,4.7619047619047645,69.05125030142486,28.917131435508455,1.0,2,3,3,3,2,3,28.917131435508455
2016-09-16,42.85714285714286,16.957732219691216,36.914890125689546,32.53968253968254,2.272727272727273,55.44665892280395,32.14170118386737,1.0,2,3,3,3,2,3,32.14170118386737
2016-09-19,42.85714285714286,15.604451188669701,39.62780871126391,32.53968253968254,2.272727272727273,56.50482717759263,32.51944552025681,1.0,2,3,3,3,2,3,32.51944552025681
2016-09-20,42.85714285714286,16.426585797321202,39.13007410973683,32.53968253968254,2.272727272727273,55.729847046454196,32.506827508567845,1.0,2,3,3,3,2,3,32.506827508567845
2016-09-21,42.85714285714286,14.368686868686867,41.91323986179865,32.53968253968254,2.272727272727273,57.59310497002519,32.83820666561044,1.0,2,3,3,3,2,3,32.83820666561044
2016-09-22,42.85714285714286,14.395659853646226,41.266377069403966,32.53968253968254,2.272727272727273,59.25991705748941,32.880909912869804,1.0,2,3,3,3,2,3,32.880909912869804
2016-09-23,42.85714285714286,15.74634392334846,40.07960801133779,32.53968253968254,2.272727272727273,61.53660419584263,33.14136162903233,1.0,2,3,3,3,2,3,33.14136162903233
2016-09-26,42.85714285714286,16.855631141345427,41.37510504763907,32.53968253968254,2.272727272727273,60.94443019625672,33.56310107993339,1.0,2,3,3,3,2,3,33.56310107993339
2016-09-27,42.85714285714286,15.357502517623365,43.39345041120188,32.53968253968254,2.272727272727273,61.75683637587771,33.74838504586364,1.0,2,3,3,3,2,3,33.74838504586364
2016-09-28,42.85714285714286,14.842767295597485,43.937169726461384,32.53968253968254,2.272727272727273,64.56739733598971,34.03523796052157,1.0,2,3,3,3,2,3,34.03523796052157
2016-09-29,42.85714285714286,16.566113624937152,42.0451627442836,32.53968253968254,2.272727272727273,62.96358331626312,33.841124427981285,1.0,2,3,3,3,2,3,33.841124427981285
2016-09-30,42.85714285714286,15.62421502135142,41.53151106953959,32.53968253968254,2.272727272727273,63.75605100510467,33.62926114119949,1.0,2,3,3,3,2,3,33.62926114119949
2016-10-03,42.85714285714286,17.394578313253014,39.248060342357725,32.53968253968254,2.272727272727273,62.37970308034804,33.389008861667776,1.0,2,3,3,3,2,3,33.389008861667776
2016-10-04,42.85714285714286,17.883120140456484,38.59687183441019,32.53968253968254,2.272727272727273,61.78957275017747,33.297466492501904,1.0,2,3,3,3,2,3,33.297466492501904
2016-10-05,42.85714285714286,16.49122807017544,39.638806483732075,32.53968253968254,2.272727272727273,63.01062697521249,33.349580430813575,1.0,2,3,3,3,2,3,33.349580430813575
2016-10-06,42.85714285714286,17.96894565489607,37.427452599670936,32.53968253968254,2.272727272727273,61.05594723203064,33.00738519662729,1.0,2,3,3,3,2,3,33.00738519662729
2016-10-07,42.85714285714286,19.06906906906907,35.15956221118642,32.53968253968254,2.272727272727273,60.962063146300906,32.76444339319201,1.0,2,3,3,3,2,3,32.76444339319201
2016-10-10,42.85714285714286,19.57989497374344,31.792338874196265,32.53968253968254,2.272727272727273,60.78861810107705,32.175819402206464,1.0,2,3,3,3,2,3,32.175819402206464
2016-10-11,42.85714285714286,23.913043478260867,31.168646880049604,32.53968253968254,2.272727272727273,58.37978180034309,32.676827074207225,1.0,2,3,3,3,2,3,32.676827074207225
2016-10-12,42.85714285714286,23.595505617977526,31.0713643915888,32.53968253968254,2.272727272727273,58.44395996376108,32.600280820800194,1.0,2,3,3,3,2,3,32.600280820800194
2016-10-13,42.85714285714286,23.82734530938124,33.245555409694475,32.53968253968254,2.272727272727273,58.77458807394225,33.11454977372019,1.0,2,3,3,3,2,3,33.11454977372019
2016-10-14,42.85714285714286,20.917476938419345,35.696328238442895,32.53968253968254,2.272727272727273,59.41051346408941,33.08632320429221,1.0,2,3,3,3,2,3,33.08632320429221
2016-10-17,42.85714285714286,21.92326856003986,30.944106983450155,32.53968253968254,2.272727272727273,59.12245676692649,32.308231607901476,1.0,2,3,3,3,2,3,32.308231607901476
2016-10-18,42.85714285714286,20.786656708986804,32.55218374082828,32.53968253968254,2.272727272727273,59.659396621371044,32.45621857461094,1.0,2,3,3,3,2,3,32.45621857461094
2016-10-19,42.85714285714286,21.492537313432834,32.027322035210844,32.53968253968254,2.272727272727273,59.3938447913002,32.46586717136958,1.0,2,3,3,3,2,3,32.46586717136958
2016-10-20,42.85714285714286,23.39050459855829,31.658105329412823,32.53968253968254,2.272727272727273,58.133475554870095,32.64558036359206,1.0,2,3,3,3,2,3,32.64558036359206
2016-10-21,42.85714285714286,25.037257824143072,27.02903956537408,32.53968253968254,2.272727272727273,58.606988716841144,32.09646917209837,1.0,2,3,3,3,2,3,32.09646917209837
2016-10-24,42.85714285714286,22.213948870687517,26.158315471718467,32.53968253968254,2.272727272727273,59.58786294748122,31.45574998574014,1.0,2,3,3,3,2,3,31.45574998574014
2016-10-25,42.85714285714286,21.304563492063487,24.35974111686846,32.53968253968254,2.272727272727273,59.86304069294272,30.94167581359148,1.0,2,3,3,3,2,3,30.94167581359148
2016-10-26,42.85714285714286,21.90830235439901,25.433796681997883,32.53968253968254,2.272727272727273,59.672284034083944,31.258159033198595,1.0,2,3,3,3,2,3,31.258159033198595
2016-10-27,42.85714285714286,22.659732540861814,24.822325659542386,32.53968253968254,2.272727272727273,59.353967558973764,31.25431921848904,1.0,2,3,3,3,2,3,31.25431921848904
2016-10-28,42.85714285714286,23.08834446919079,24.695309394649378,32.53968253968254,2.272727272727273,59.08893455126613,31.28813505040547,1.0,2,3,3,3,2,3,31.28813505040547
2016-10-31,42.85714285714286,20.684965380811075,26.818794932979152,32.53968253968254,2.272727272727273,60.32438041127981,31.35570092639685,1.0,2,3,3,3,2,3,31.35570092639685
2016-11-01,42.85714285714286,20.31134173461824,26.364341937149188,32.53968253968254,2.272727272727273,61.555276070873624,31.31317516395167,1.0,2,3,3,3,2,3,31.31317516395167
2016-11-02,42.85714285714286,24.506172839506178,24.113317718835123,32.53968253968254,2.272727272727273,59.467157296405404,31.493124663819625,1.0,2,3,3,3,2,3,31.493124663819625
2016-11-03,42.85714285714286,21.996052306933137,26.686546914204484,32.53968253968254,2.272727272727273,60.753746927447516,31.634405359483097,1.0,2,3,3,3,2,3,31.634405359483097
2016-11-04,42.85714285714286,22.411242603550296,26.644294803346185,32.53968253968254,2.272727272727273,60.64314523787163,31.69793282767728,1.0,2,3,3,3,2,3,31.69793282767728
2016-11-07,42.85714285714286,16.53116531165312,28.19142496029528,32.53968253968254,2.272727272727273,63.665285712418395,31.13355744814234,1.0,2,3,3,3,2,3,31.13355744814234
2016-11-08,42.85714285714286,16.322008862629247,28.615961020639496,32.53968253968254,2.272727272727273,63.88261435375958,31.19836623454053,1.0,2,3,3,3,2,3,31.19836623454053
2016-11-09,42.85714285714286,13.702337023370234,28.695712556674586,32.53968253968254,2.272727272727273,65.94589817649711,30.8967105561695,1.0,2,3,3,3,2,3,30.8967105561695
2016-11-10,42.85714285714286,13.52015732546706,31.74507787410505,32.53968253968254,2.272727272727273,66.36578440497921,31.512136302923164,1.0,2,3,3,3,2,3,31.512136302923164
2016-11-11,42.85714285714286,14.541881601572095,32.030465623705645,32.53968253968254,2.272727272727273,65.46664369024961,31.683644636591332,1.0,2,3,3,3,2,3,31.683644636591332
2016-11-14,42.85714285714286,15.30436917034855,34.97373059412841,32.53968253968254,2.272727272727273,65.38097378437634,32.416228153843846,1.0,2,3,3,3,2,3,32.416228153843846
2016-11-15,42.85714285714286,16.36006867794947,31.587897307600294,32.53968253968254,2.272727272727273,65.50823275056659,31.962927294677435,1.0,2,3,3,3,2,3,31.962927294677435
2016-11-16,42.85714285714286,13.063725490196079,34.555012226245104,32.53968253968254,2.272727272727273,68.25071524934468,32.17132989073353,1.0,2,3,3,3,2,3,32.17132989073353
2016-11-17,42.85714285714286,10.678422728385987,35.66009535094721,32.53968253968254,2.272727272727273,69.94548773529698,32.08476321190716,1.0,2,3,3,3,2,3,32.08476321190716
2016-11-18,42.85714285714286,12.530592266275084,33.12918334822785,32.53968253968254,2.272727272727273,67.92201316326131,31.74666726173754,1.0,2,3,3,3,2,3,31.74666726173754
2016-11-21,42.85714285714286,12.423575446319395,31.97785521229413,32.53968253968254,2.272727272727273,68.47098174154546,31.549895128388073,1.0,2,3,3,3,2,3,31.549895128388073
2016-11-22,42.85714285714286,11.534701857282503,33.90904278319062,32.53968253968254,2.272727272727273,69.27549373960296,31.838809124565742,1.0,2,3,3,3,2,3,31.838809124565742
2016-11-23,42.85714285714286,11.526251526251523,34.16136366469698,32.53968253968254,2.272727272727273,69.44558627354326,31.904592488054845,1.0,2,3,3,3,2,3,31.904592488054845
2016-11-25,42.85714285714286,10.517325524646166,35.13352961523309,32.53968253968254,2.272727272727273,70.33498076815135,31.98617992730181,1.0,2,3,3,3,2,3,31.98617992730181
2016-11-28,42.85714285714286,10.436478907583517,35.27714783923271,32.53968253968254,2.272727272727273,70.63516308963138,32.028752480837205,1.0,2,3,3,3,2,3,32.028752480837205
2016-11-29,42.85714285714286,8.845029239766077,36.34393559383729,32.53968253968254,2.272727272727273,71.70570431962598,32.0308742211941,1.0,2,3,3,3,2,3,32.0308742211941
2016-11-30,42.85714285714286,11.20038957876796,39.402053033230146,32.53968253968254,2.272727272727273,69.53575259084496,32.89657460399494,1.0,2,3,3,3,2,3,32.89657460399494
2016-12-01,42.85714285714286,19.902676399026763,31.65169034986897,32.53968253968254,2.272727272727273,59.414601006603505,32.074844272950315,1.0,2,3,3,3,2,3,32.074844272950315
2016-12-02,42.85714285714286,21.152443471918307,30.870227420643907,32.53968253968254,2.272727272727273,59.077516189017075,32.13479661992498,1.0,2,3,3,3,2,3,32.13479661992498
2016-12-05,42.85714285714286,18.294460641399414,31.10634510099443,32.53968253968254,2.272727272727273,62.634480068161224,31.966119977805715,1.0,2,3,3,3,2,3,31.966119977805715
2016-12-06,42.85714285714286,14.979363923282351,33.75400131036939,32.53968253968254,2.272727272727273,64.70738052990882,32.039921922232054,1.0,2,3,3,3,2,3,32.039921922232054
2016-12-07,42.85714285714286,10.334788937409026,39.77863283438525,32.53968253968254,2.272727272727273,67.15244526917243,32.56043970378692,1.0,2,3,3,3,2,3,32.56043970378692
2016-12-08,42.85714285714286,10.206060606060607,39.57982378914296,32.53968253968254,2.272727272727273,67.80452032291254,32.56013973384279,1.0,2,3,3,3,2,3,32.56013973384279
2016-12-09,42.85714285714286,9.108527131782946,41.426472759572405,32.53968253968254,2.272727272727273,69.22372118335177,32.85188291911707,1.0,2,3,3,3,2,3,32.85188291911707
2016-12-12,42.85714285714286,9.198741224885017,43.59210731601736,32.53968253968254,2.272727272727273,70.07400834037418,33.38808136472872,1.0,2,3,3,3,2,3,33.38808136472872
2016-12-13,42.85714285714286,7.982583454281567,42.85041222767925,32.53968253968254,2.272727272727273,71.2493890566718,33.114048864570165,1.0,2,3,3,3,2,3,33.114048864570165
2016-12-14,42.85714285714286,7.4208363548465055,41.922191206156114,32.53968253968254,2.272727272727273,73.41508858306653,33.032625193018,1.0,2,3,3,3,2,3,33.032625193018
2016-12-15,42.85714285714286,7.536231884057969,36.69721337136102,32.53968253968254,2.272727272727273,78.16080208063819,32.485280081658445,1.0,2,3,3,3,2,3,32.485280081658445
2016-12-16,41.14832535885167,7.941105479121409,33.868395747753375,47.82608695652175,2.1739130434782608,71.03260031615487,33.14354596452945,1.0,2,3,3,3,2,3,33.14354596452945
2016-12-19,41.14832535885167,9.02074288470815,34.62077307083537,47.82608695652175,2.1739130434782608,69.20423291008085,33.32711216965579,1.0,2,3,3,3,2,3,33.32711216965579
2016-12-20,41.14832535885167,8.459869848156181,33.43616799502823,47.82608695652175,2.1739130434782608,69.05961199763232,32.96355445593912,1.0,2,3,3,3,2,3,32.96355445593912
2016-12-21,41.14832535885167,9.585741811175337,31.80465785621167,47.82608695652175,2.1739130434782608,67.32667318639007,32.689132939655416,1.0,2,3,3,3,2,3,32.689132939655416
2016-12-22,41.14832535885167,8.712394705174491,31.58419535921666,47.82608695652175,2.1739130434782608,67.61330650204859,32.4990343506221,1.0,2,3,3,3,2,3,32.4990343506221
2016-12-23,41.14832535885167,9.884559884559884,30.03082465486171,47.82608695652175,2.1739130434782608,66.44643656627716,32.30610625205104,1.0,2,3,3,3,2,3,32.30610625205104
2016-12-27,41.14832535885167,9.709204518144677,31.534818226165935,47.82608695652175,2.1739130434782608,66.8409553826598,32.61128577466711,1.0,2,3,3,3,2,3,32.61128577466711
2016-12-28,41.14832535885167,10.566762728146013,29.801665269109535,47.82608695652175,2.1739130434782608,66.12645231505728,32.36471651849585,1.0,2,3,3,3,2,3,32.36471651849585
2016-12-29,41.14832535885167,10.48716102711783,31.323808594927975,47.82608695652175,2.1739130434782608,66.09918906162095,32.65049851811026,1.0,2,3,3,3,2,3,32.65049851811026
2016-12-30,41.14832535885167,11.846522781774581,31.42220611588912,47.82608695652175,2.1739130434782608,64.92095721446177,32.82422718851792,1.0,2,3,3,3,2,3,32.82422718851792
2017-01-03,41.14832535885167,11.286843997124373,30.286046456039315,47.82608695652175,2.1739130434782608,66.40641441007385,32.63360521917913,1.0,2,3,3,3,2,3,32.63360521917913
2017-01-04,41.14832535885167,10.153256704980846,31.21709917503315,47.82608695652175,2.1739130434782608,67.22665919161072,32.67512278270288,1.0,2,3,3,3,2,3,32.67512278270288
2017-01-05,41.14832535885167,10.983488872936109,31.032571389930446,47.82608695652175,2.1739130434782608,64.80161049693115,32.56175878980543,1.0,2,3,3,3,2,3,32.56175878980543
2017-01-06,41.14832535885167,12.06360593017695,32.8173236009142,47.82608695652175,2.1739130434782608,62.534188986116725,32.9079904923689,1.0,2,3,3,3,2,3,32.9079904923689
2017-01-09,41.14832535885167,8.24372759856631,38.769377238529735,47.82608695652175,2.1739130434782608,66.36050416899438,33.71705707185765,1.0,2,3,3,3,2,3,33.71705707185765
2017-01-10,41.14832535885167,10.840496657115565,34.94950459390944,47.82608695652175,2.1739130434782608,64.0080977659206,33.23719571433607,1.0,2,3,3,3,2,3,33.23719571433607
2017-01-11,41.14832535885167,7.8024337866857545,36.48436502320455,47.82608695652175,2.1739130434782608,66.91272235736047,33.22701768525312,1.0,2,3,3,3,2,3,33.22701768525312
2017-01-12,41.14832535885167,7.415355269432522,39.936009519534174,47.82608695652175,2.1739130434782608,69.81754052382855,34.1304126977152,1.0,2,3,3,3,2,3,34.1304126977152
2017-01-13,41.14832535885167,7.267095544436504,38.674877688749724,47.82608695652175,2.1739130434782608,71.36237977607273,34.00301831178352,1.0,2,3,3,3,2,3,34.00301831178352
2017-01-17,41.14832535885167,8.083333333333332,40.58172083322949,47.82608695652175,2.1739130434782608,69.00693713521191,34.31209023437276,1.0,2,3,3,3,2,3,34.31209023437276
2017-01-18,41.14832535885167,7.566024268379727,41.0987982897635,47.82608695652175,2.1739130434782608,69.55250814380761,34.36660101354841,1.0,2,3,3,3,2,3,34.36660101354841
2017-01-19,41.14832535885167,7.3941987636709445,40.21766469311217,47.82608695652175,2.1739130434782608,71.02549687479201,34.30330806637483,1.0,2,3,3,3,2,3,34.30330806637483
2017-01-20,41.14832535885167,5.892135899263485,43.43425902219469,47.82608695652175,2.1739130434782608,72.7591506680752,34.81957973863816,1.0,2,3,3,3,2,3,34.81957973863816
2017-01-23,41.14832535885167,6.339031339031338,41.78108583979893,47.82608695652175,2.1739130434782608,71.417259189092,34.44413504221426,1.0,2,3,3,3,2,3,34.44413504221426
2017-01-24,41.14832535885167,5.053380782918149,44.02479086831622,47.82608695652175,2.1739130434782608,72.60033411761705,34.75405342954758,1.0,2,3,3,3,2,3,34.75405342954758
2017-01-25,41.14832535885167,4.907539118065433,42.39332621599771,47.82608695652175,2.1739130434782608,76.59886388685723,34.798445143037355,1.0,2,3,3,3,2,3,34.798445143037355
2017-01-26,41.14832535885167,5.0461975835110175,43.212454935424354,47.82608695652175,2.1739130434782608,75.66810003220633,34.89692619454671,1.0,2,3,3,3,2,3,34.89692619454671
2017-01-27,41.14832535885167,4.734848484848483,42.63644315933395,47.82608695652175,2.1739130434782608,77.05538093681172,34.85818211005666,1.0,2,3,3,3,2,3,34.85818211005666
2017-01-30,41.14832535885167,4.766974213390115,40.53510508484593,47.82608695652175,2.1739130434782608,78.38230915311465,34.57703246249768,1.0,2,3,3,3,2,3,34.57703246249768
2017-01-31,41.14832535885167,5.319148936170215,39.978368488578475,47.82608695652175,2.1739130434782608,77.57967232774581,34.495856405263325,1.0,2,3,3,3,2,3,34.495856405263325
2017-02-01,41.14832535885167,6.4493267186392655,40.20276014212334,47.82608695652175,2.1739130434782608,77.09426135586669,34.71822919527819,1.0,2,3,3,3,2,3,34.71822919527819
2017-02-02,41.14832535885167,5.736543909348443,41.12919530356562,47.82608695652175,2.1739130434782608,77.86402246805876,34.837935776927694,1.0,2,3,3,3,2,3,34.837935776927694
2017-02-03,41.14832535885167,4.081151214909173,41.62036816782444,47.82608695652175,2.1739130434782608,80.35068439477925,34.853758003563655,1.0,2,3,3,3,2,3,34.853758003563655
2017-02-06,41.14832535885167,5.480905233380481,41.96453884570485,47.82608695652175,2.1739130434782608,78.32942309017128,35.000416812373196,1.0,2,3,3,3,2,3,35.000416812373196
2017-02-07,41.14832535885167,5.6301531213192,41.12819922955765,47.82608695652175,2.1739130434782608,76.41505448385007,34.67156160609939,1.0,2,3,3,3,2,3,34.67156160609939
2017-02-08,41.14832535885167,5.838041431261768,44.03439447949539,47.82608695652175,2.1739130434782608,77.43819775335447,35.39669264502588,1.0,2,3,3,3,2,3,35.39669264502588
2017-02-09,41.14832535885167,4.845918607386493,43.931409456475464,47.82608695652175,2.1739130434782608,78.62987315740607,35.296838616052,1.0,2,3,3,3,2,3,35.296838616052
2017-02-10,41.14832535885167,3.1264692054536893,48.05445110120088,47.82608695652175,2.1739130434782608,79.60706592894977,35.875276341764895,1.0,2,3,3,3,2,3,35.875276341764895
2017-02-13,41.14832535885167,2.4430350011745356,48.25560588064628,47.82608695652175,2.1739130434782608,80.24029706099464,35.842143570002634,1.0,2,3,3,3,2,3,35.842143570002634
2017-02-14,41.14832535885167,2.417840375586855,47.62622483222588,47.82608695652175,2.1739130434782608,77.24006526314486,35.411205255416036,1.0,2,3,3,3,2,3,35.411205255416036
2017-02-15,41.14832535885167,1.4309171944639911,45.554329102522814,47.82608695652175,2.1739130434782608,80.13533503318541,35.08896845025491,1.0,2,3,3,3,2,3,35.08896845025491
2017-02-16,41.14832535885167,0.9845288326300975,47.11516034114147,47.82608695652175,2.1739130434782608,80.839021711432,35.38222569343652,1.0,2,3,3,3,2,3,35.38222569343652
2017-02-17,41.14832535885167,0.42164441321152674,49.25678292217108,47.82608695652175,2.1739130434782608,80.9377969942779,35.707850854043315,1.0,2,3,3,3,2,3,35.707850854043315
2017-02-21,41.14832535885167,0.23408239700374311,50.900150895564025,47.82608695652175,2.1739130434782608,80.25692518104285,35.93092486415684,1.0,2,3,3,3,2,3,35.93092486415684
2017-02-22,41.14832535885167,0.11695906432748575,53.634804584207764,47.82608695652175,2.1739130434782608,80.9550108625869,36.524239503504745,1.0,2,3,3,3,2,3,36.524239503504745
2017-02-23,41.14832535885167,0.0,56.41809402221796,47.82608695652175,2.1739130434782608,80.67407471399088,37.02941196338168,1.0,2,3,3,3,2,3,37.02941196338168
2017-02-24,41.14832535885167,0.0,55.40736299347547,47.82608695652175,2.1739130434782608,81.19350166314113,36.87920845254821,1.0,2,3,3,3,2,3,36.87920845254821
2017-02-27,41.14832535885167,0.16339869281045694,54.218048809747955,47.82608695652175,2.1739130434782608,78.34232433979572,36.38890762203026,1.0,2,3,3,3,2,3,36.38890762203026
2017-02-28,41.14832535885167,0.32656869605784955,54.42522173524708,47.82608695652175,2.1739130434782608,76.98564644376988,36.327308418176976,1.0,2,3,3,3,2,3,36.327308418176976
2017-03-01,41.14832535885167,0.13986013986013734,51.66373607137963,47.82608695652175,2.1739130434782608,84.43541166472963,36.48264609625992,1.0,2,3,3,3,2,3,36.48264609625992
2017-03-02,41.14832535885167,0.20964360587002462,51.96852403477109,47.82608695652175,2.1739130434782608,84.52000802599416,36.56602001826664,1.0,2,3,3,3,2,3,36.56602001826664
2017-03-03,41.14832535885167,0.3957169459962791,49.89251884117697,47.82608695652175,2.1739130434782608,83.46588714529847,36.08262155950351,1.0,2,3,3,3,2,3,36.08262155950351
2017-03-06,41.14832535885167,0.6047918120493139,49.75062428330652,47.82608695652175,2.1739130434782608,85.46476983867062,36.29594589047723,1.0,2,3,3,3,2,3,36.29594589047723
2017-03-07,41.14832535885167,0.5113900511390046,49.891082744225244,47.82608695652175,2.1739130434782608,85.94708201009671,36.353588447621526,1.0,2,3,3,3,2,3,36.353588447621526
2017-03-08,41.14832535885167,0.4878048780487809,50.00242786537862,47.82608695652175,2.1739130434782608,85.0444499793323,36.280877234157714,1.0,2,3,3,3,2,3,36.280877234157714
2017-03-09,41.14832535885167,0.9285051067780844,47.61350828559935,47.82608695652175,2.1739130434782608,84.10760007980599,35.79754837399509,1.0,2,3,3,3,2,3,35.79754837399509
2017-03-10,41.14832535885167,0.4639294827186243,50.47068147300248,47.82608695652175,2.1739130434782608,85.6501668283734,36.430324561520564,1.0,2,3,3,3,2,3,36.430324561520564
2017-03-13,41.14832535885167,0.8113120074177083,47.14212310255153,47.82608695652175,2.1739130434782608,86.10465349706327,35.87953805923918,1.0,2,3,3,3,2,3,35.87953805923918
2017-03-14,41.14832535885167,0.30113504748668174,50.87990106652621,47.82608695652175,2.1739130434782608,88.17573604831824,36.732166515173404,1.0,2,3,3,3,2,3,36.732166515173404
2017-03-15,41.14832535885167,0.0694444444444442,52.61953150408384,47.82608695652175,2.1739130434782608,89.72137614292942,37.1883184915376,1.0,2,3,3,3,2,3,37.1883184915376
2017-03-16,57.934782608695656,0.0,61.18711393374293,11.352657004830917,4.166666666666664,87.72405661093417,37.61308931740722,1.0,2,3,3,3,2,3,37.61308931740722
2017-03-17,57.934782608695656,0.06934812760055475,60.525656590664525,11.352657004830917,4.166666666666664,86.84696341268724,37.40695815448696,1.0,2,3,3,3,2,3,37.40695815448696
2017-03-20,57.934782608695656,0.1386001386001423,62.28169669114544,11.352657004830917,4.166666666666664,84.62184855972943,37.549505091487276,1.0,2,3,3,3,2,3,37.549505091487276
2017-03-21,57.934782608695656,0.20775623268698418,61.69446603161227,11.352657004830917,4.166666666666664,87.25238591379515,37.70894391380459,1.0,2,3,3,3,2,3,37.70894391380459
2017-03-22,57.934782608695656,0.27681660899654403,62.479994561852706,11.352657004830917,4.166666666666664,87.27756931727588,37.88238003546266,1.0,2,3,3,3,2,3,37.88238003546266
2017-03-23,57.934782608695656,0.20746887966804906,64.93747971138161,11.352657004830917,4.166666666666664,88.25970590110965,38.45822117788612,1.0,2,3,3,3,2,3,38.45822117788612
2017-03-24,57.934782608695656,0.4146510020732519,64.81123338894277,11.352657004830917,4.166666666666664,86.78741649094466,38.327179396862896,1.0,2,3,3,3,2,3,38.327179396862896
2017-03-27,57.934782608695656,0.3107734806629847,66.79791975191941,11.352657004830917,4.166666666666664,87.60043045764888,38.78504256184659,1.0,2,3,3,3,2,3,38.78504256184659
2017-03-28,57.934782608695656,0.48309178743961567,63.93425325193351,11.352657004830917,4.166666666666664,87.107271033288,38.19745698076865,1.0,2,3,3,3,2,3,38.19745698076865
2017-03-29,57.934782608695656,0.6206896551724128,62.0516985903154,11.352657004830917,4.166666666666664,86.3000785962712,37.7677463782899,1.0,2,3,3,3,2,3,37.7677463782899
2017-03-30,57.934782608695656,0.5513439007580945,63.14966086402455,11.352657004830917,4.166666666666664,87.0461958175707,38.04808140427882,1.0,2,3,3,3,2,3,38.04808140427882
2017-03-31,57.934782608695656,0.688705234159781,62.37042033723716,11.352657004830917,4.166666666666664,86.76238504515578,37.89132448836018,1.0,2,3,3,3,2,3,37.89132448836018
2017-04-03,57.934782608695656,0.7226428079834868,62.46622977049681,11.352657004830917,4.166666666666664,87.07979004976522,37.9490143902378,1.0,2,3,3,3,2,3,37.9490143902378
2017-04-04,57.934782608695656,0.8253094910591452,63.93516359817348,11.352657004830917,4.166666666666664,87.42443153709033,38.29779864112078,1.0,2,3,3,3,2,3,38.29779864112078
2017-04-05,57.934782608695656,0.9621993127147732,63.536421943829346,11.352657004830917,4.166666666666664,86.14958525517532,38.11794364639158,1.0,2,3,3,3,2,3,38.11794364639158
2017-04-06,57.934782608695656,1.0302197802197766,63.85062474739666,11.352657004830917,4.166666666666664,85.682372746256,38.14766704971411,1.0,2,3,3,3,2,3,38.14766704971411
2017-04-07,57.934782608695656,1.029512697323265,63.7944642270834,11.352657004830917,4.166666666666664,86.68761639790841,38.2368178942374,1.0,2,3,3,3,2,3,38.2368178942374
2017-04-10,57.934782608695656,1.1659807956104218,63.571823152305775,11.352657004830917,4.166666666666664,86.36155430632117,38.18697708978058,1.0,2,3,3,3,2,3,38.18697708978058
2017-04-11,57.934782608695656,1.1651816312542862,64.7573679977124,11.352657004830917,4.166666666666664,87.25653364915101,38.51342416027366,1.0,2,3,3,3,2,3,38.51342416027366
2017-04-12,57.934782608695656,1.1301369863013666,63.55676658045398,11.352657004830917,4.166666666666664,88.51008866271431,38.39165044918772,1.0,2,3,3,3,2,3,38.39165044918772
2017-04-13,57.934782608695656,1.3347022587268942,63.57548132755139,11.352657004830917,4.166666666666664,87.55461451342211,38.340759038163085,1.0,2,3,3,3,2,3,38.340759038163085
2017-04-17,57.934782608695656,1.0601915184678568,70.7895409772264,11.352657004830917,4.166666666666664,88.97243442990771,39.87045081169484,1.0,2,3,3,3,2,3,39.87045081169484
2017-04-18,57.934782608695656,0.9227614490772362,70.30919291307342,11.352657004830917,4.166666666666664,90.26828794306302,39.87648053630165,1.0,2,3,3,3,2,3,39.87648053630165
2017-04-19,57.934782608695656,1.2295081967213073,68.3984238964466,11.352657004830917,4.166666666666664,88.3452527781771,39.36337256601651,1.0,2,3,3,3,2,3,39.36337256601651
2017-04-20,57.934782608695656,0.887372013651877,68.17117160394194,11.352657004830917,4.166666666666664,89.73855035016717,39.3888246281007,1.0,2,3,3,3,2,3,39.3888246281007
2017-04-21,57.934782608695656,1.1596180081855367,68.20090290192668,11.352657004830917,4.166666666666664,89.65203698304656,39.44056874989232,1.0,2,3,3,3,2,3,39.44056874989232
2017-04-24,57.934782608695656,0.3408316291751867,70.43991217243753,11.352657004830917,4.166666666666664,91.69845818791286,39.92925544867905,1.0,2,3,3,3,2,3,39.92925544867905
2017-04-25,57.934782608695656,0.544959128065392,68.8481165868181,11.352657004830917,4.166666666666664,91.26308996067502,39.60818500860942,1.0,2,3,3,3,2,3,39.60818500860942
2017-04-26,57.934782608695656,0.6466984343090565,70.15838055890255,11.352657004830917,4.166666666666664,91.09316891671465,39.87359355987901,1.0,2,3,3,3,2,3,39.87359355987901
2017-04-27,57.934782608695656,0.5442176870748328,68.00275568078368,11.352657004830917,4.166666666666664,91.4292741157296,39.45558295470988,1.0,2,3,3,3,2,3,39.45558295470988
2017-04-28,57.934782608695656,0.20394289598911763,69.22755013276797,11.352657004830917,4.166666666666664,92.79689056601036,39.769248531917675,1.0,2,3,3,3,2,3,39.769248531917675
2017-05-01,57.934782608695656,0.20380434782608647,69.44363561820009,11.352657004830917,4.166666666666664,93.64264083682245,39.8970129464527,1.0,2,3,3,3,2,3,39.8970129464527
2017-05-02,57.934782608695656,0.20366598778004397,67.71799620866625,11.352657004830917,4.166666666666664,94.05129338318145,39.59272264717262,1.0,2,3,3,3,2,3,39.59272264717262
2017-05-03,57.934782608695656,0.47489823609226933,67.12643015011407,11.352657004830917,4.166666666666664,92.40775036934936,39.36430158374142,1.0,2,3,3,3,2,3,39.36430158374142
2017-05-04,57.934782608695656,0.1355932203389809,69.09612070903437,11.352657004830917,4.166666666666664,95.36456943258642,39.98606059869853,1.0,2,3,3,3,2,3,39.98606059869853
2017-05-05,57.934782608695656,0.13550135501354532,69.58293734849876,11.352657004830917,4.166666666666664,96.57953833293304,40.20490244356098,1.0,2,3,3,3,2,3,40.20490244356098
2017-05-08,57.934782608695656,0.20311442112389555,65.68264764212259,11.352657004830917,4.166666666666664,95.91896387840033,39.37230967005455,1.0,2,3,3,3,2,3,39.37230967005455
2017-05-09,57.934782608695656,0.27063599458727605,64.70881711192399,11.352657004830917,4.166666666666664,95.53380073442344,39.15253156430982,1.0,2,3,3,3,2,3,39.15253156430982
2017-05-10,57.934782608695656,0.27045300878972833,63.57229429129424,11.352657004830917,4.166666666666664,95.85105378290955,38.956915707872966,1.0,2,3,3,3,2,3,38.956915707872966
2017-05-11,57.934782608695656,0.540540540540535,63.94239919717115,11.352657004830917,4.166666666666664,93.8339859252683,38.883247409634386,1.0,2,3,3,3,2,3,38.883247409634386
2017-05-12,57.934782608695656,0.6752194463200523,62.06622159873882,11.352657004830917,4.166666666666664,93.70825441977325,38.52237452055432,1.0,2,3,3,3,2,3,38.52237452055432
2017-05-15,57.934782608695656,0.47233468286099756,60.945642201402315,11.352657004830917,4.166666666666664,95.11248260895373,38.398104507313256,1.0,2,3,3,3,2,3,38.398104507313256
2017-05-16,57.934782608695656,0.539447066756571,60.458310945830064,11.352657004830917,4.166666666666664,94.94257365464802,38.29706983754735,1.0,2,3,3,3,2,3,38.29706983754735
2017-05-17,57.934782608695656,2.4932614555256083,58.968347654775734,11.352657004830917,4.166666666666664,87.45083193466321,37.640665885091806,1.0,2,3,3,3,2,3,37.640665885091806
2017-05-18,57.934782608695656,2.794612794612794,59.27569356974097,11.352657004830917,4.166666666666664,87.17024247052501,37.73434638948847,1.0,2,3,3,3,2,3,37.73434638948847
2017-05-19,57.934782608695656,2.355316285329745,60.118012115059905,11.352657004830917,4.166666666666664,87.90475192541228,37.88840174218438,1.0,2,3,3,3,2,3,37.88840174218438
2017-05-22,57.934782608695656,1.81573638197714,59.234899374598804,11.352657004830917,4.166666666666664,89.54062770919715,37.76745079180012,1.0,2,3,3,3,2,3,37.76745079180012
2017-05-23,57.934782608695656,2.083333333333337,60.00412013872006,11.352657004830917,4.166666666666664,89.2992519573028,37.950676759706184,1.0,2,3,3,3,2,3,37.950676759706184
2017-05-24,57.934782608695656,1.3431833445265329,60.382571744476685,11.352657004830917,4.166666666666664,90.91113672427174,38.03952555979304,1.0,2,3,3,3,2,3,38.03952555979304
2017-05-25,57.934782608695656,0.6711409395973145,60.339063611755115,11.352657004830917,4.166666666666664,93.35074766199489,38.14037654603519,1.0,2,3,3,3,2,3,38.14037654603519
2017-05-26,57.934782608695656,0.6036217303822977,60.29904534602392,11.352657004830917,4.166666666666664,94.20109553208343,38.203903838054806,1.0,2,3,3,3,2,3,38.203903838054806
2017-05-30,57.934782608695656,0.4691689008042843,60.981804903813895,11.352657004830917,4.166666666666664,94.83630336401447,38.377085966890306,1.0,2,3,3,3,2,3,38.377085966890306
2017-05-31,57.934782608695656,0.5358338914936422,60.275709556123736,11.352657004830917,4.166666666666664,94.79378134714122,38.24494769380282,1.0,2,3,3,3,2,3,38.24494769380282
2017-06-01,57.934782608695656,0.0,61.407756221690754,11.352657004830917,4.166666666666664,96.05289473408284,38.490101587311656,1.0,2,3,3,3,2,3,38.490101587311656
2017-06-02,57.934782608695656,0.16722408026755842,61.715539481606484,11.352657004830917,4.166666666666664,94.48289674022558,38.42810325596259,1.0,2,3,3,3,2,3,38.42810325596259
2017-06-05,57.934782608695656,0.0,64.59812374349076,11.352657004830917,4.166666666666664,95.64944701115449,39.087830319378824,1.0,2,3,3,3,2,3,39.087830319378824
2017-06-06,57.934782608695656,0.33400133600534065,64.01803898294565,11.352657004830917,4.166666666666664,93.34779149616543,38.808448082971964,1.0,2,3,3,3,2,3,38.808448082971964
2017-06-07,57.934782608695656,0.8010680907877155,62.54923955633724,11.352657004830917,4.166666666666664,91.69280735303519,38.44260313429373,1.0,2,3,3,3,2,3,38.44260313429373
2017-06-08,57.934782608695656,0.767178118745826,61.08004795163925,11.352657004830917,4.166666666666664,92.09671042128758,38.18237712577099,1.0,2,3,3,3,2,3,38.18237712577099
2017-06-09,57.934782608695656,1.6000000000000014,61.823896100760855,11.352657004830917,4.166666666666664,89.20485588902709,38.2085256786201,1.0,2,3,3,3,2,3,38.2085256786201
2017-06-12,57.934782608695656,1.865423051299131,61.64819363211556,11.352657004830917,4.166666666666664,88.25868354463302,38.13185256071146,1.0,2,3,3,3,2,3,38.13185256071146
2017-06-13,57.934782608695656,1.6644474034620549,61.84550241706393,11.352657004830917,4.166666666666664,88.86883808445069,38.192134642115484,1.0,2,3,3,3,2,3,38.192134642115484
2017-06-14,57.934782608695656,2.262142381902865,60.87205391465294,11.352657004830917,4.166666666666664,88.12657375363182,38.04275750423956,1.0,2,3,3,3,2,3,38.04275750423956
2017-06-15,57.934782608695656,2.6928191489361653,62.204424685178495,11.352657004830917,4.166666666666664,90.24481362139224,38.60719099852738,1.0,2,3,3,3,2,3,38.60719099852738
2017-06-16,57.934782608695656,1.46179401993356,61.81862723891805,11.352657004830917,4.166666666666664,92.15665707159718,38.47501082849526,1.0,2,3,3,3,2,3,38.47501082849526
2017-06-19,57.934782608695656,0.16600265604249653,61.11382473264876,11.352657004830917,4.166666666666664,95.23100247762413,38.382326595065884,1.0,2,3,3,3,2,3,38.382326595065884
2017-06-20,57.934782608695656,0.06635700066357497,68.26940353810525,11.352657004830917,4.166666666666664,96.00020560106456,39.87043353742544,1.0,2,3,3,3,2,3,39.87043353742544
2017-06-21,57.934782608695656,0.0,70.531122567498,11.352657004830917,4.166666666666664,97.22031768995629,40.43151715206045,1.0,2,3,3,3,2,3,40.43151715206045
2017-06-22,68.45238095238095,0.0,84.37865690518083,33.05555555555556,4.000000000000002,84.59313355835431,47.80647330830017,1.0,2,3,3,3,2,3,47.80647330830017
2017-06-23,68.45238095238095,0.0,84.23668734801201,33.05555555555556,4.000000000000002,84.73405473879481,47.79217151491046,1.0,2,3,3,3,2,3,47.79217151491046
2017-06-26,68.45238095238095,0.06618133686300265,87.69798698052917,33.05555555555556,4.000000000000002,84.76392882419044,48.50065511732605,1.0,2,3,3,3,2,3,48.50065511732605
2017-06-27,68.45238095238095,0.1322751322751281,90.34382214399552,33.05555555555556,4.000000000000002,84.35478752019412,49.00212677870211,1.0,2,3,3,3,2,3,49.00212677870211
2017-06-28,68.45238095238095,0.06609385327164263,88.96417830163207,33.05555555555556,4.000000000000002,84.94667761540326,48.77215076394964,1.0,2,3,3,3,2,3,48.77215076394964
2017-06-29,68.45238095238095,0.33025099075296716,85.85409131055776,33.05555555555556,4.000000000000002,80.48021542184146,47.756318573874864,1.0,2,3,3,3,2,3,47.756318573874864
2017-06-30,68.45238095238095,0.3960396039603964,85.47446036157066,33.05555555555556,4.000000000000002,80.1490348401698,47.66043204855177,1.0,2,3,3,3,2,3,47.66043204855177
2017-07-03,68.45238095238095,0.461741424802109,83.75699829632323,33.05555555555556,4.000000000000002,75.7313385649639,46.88831037215003,1.0,2,3,3,3,2,3,46.88831037215003
2017-07-05,68.45238095238095,0.46143704680290387,84.42442673758302,33.05555555555556,4.000000000000002,76.23758626758321,47.07235995506408,1.0,2,3,3,3,2,3,47.07235995506408
2017-07-06,68.45238095238095,0.5928853754940677,82.9509284797787,33.05555555555556,4.000000000000002,72.92666848200696,46.47285819068382,1.0,2,3,3,3,2,3,46.47285819068382
2017-07-07,68.45238095238095,0.5924950625411429,83.50964784773403,33.05555555555556,4.000000000000002,74.92066006667207,46.78392316015081,1.0,2,3,3,3,2,3,46.78392316015081
2017-07-10,68.45238095238095,0.4605263157894779,83.68732708942976,33.05555555555556,4.000000000000002,76.16120325328026,46.91711957780045,1.0,2,3,3,3,2,3,46.91711957780045
2017-07-11,68.45238095238095,0.460223537146609,82.87715029599157,33.05555555555556,4.000000000000002,77.18975866802886,46.857879204859096,1.0,2,3,3,3,2,3,46.857879204859096
2017-07-12,68.45238095238095,0.26281208935611255,81.73692415254679,33.05555555555556,4.000000000000002,80.15226813631867,46.88660263344102,1.0,2,3,3,3,2,3,46.88660263344102
2017-07-13,68.45238095238095,0.32829940906106136,80.87176157513571,33.05555555555556,4.000000000000002,79.41052902614757,46.652493670882684,1.0,2,3,3,3,2,3,46.652493670882684
2017-07-14,68.45238095238095,0.2624671916010457,79.21089979033819,33.05555555555556,4.000000000000002,80.85104121333755,46.451206089150176,1.0,2,3,3,3,2,3,46.451206089150176
2017-07-17,68.45238095238095,0.39344262295082366,78.88332952940713,33.05555555555556,4.000000000000002,81.3443796459238,46.46122096649255,1.0,2,3,3,3,2,3,46.46122096649255
2017-07-18,68.45238095238095,0.3604193971166403,79.79878900009206,33.05555555555556,4.000000000000002,81.35316241892605,46.63858649276292,1.0,2,3,3,3,2,3,46.63858649276292
2017-07-19,68.45238095238095,0.0,83.92539720266781,33.05555555555556,4.000000000000002,83.36783824310899,47.59329183627303,1.0,2,3,3,3,2,3,47.59329183627303
2017-07-20,68.45238095238095,0.0,83.75012713818032,33.05555555555556,4.000000000000002,83.49455410251561,47.5709094093162,1.0,2,3,3,3,2,3,47.5709094093162
2017-07-21,68.45238095238095,0.3270111183780289,82.8410740717095,33.05555555555556,4.000000000000002,81.04271292423707,47.209316901869784,1.0,2,3,3,3,2,3,47.209316901869784
2017-07-24,68.45238095238095,0.39215686274509665,88.71058163806255,33.05555555555556,4.000000000000002,80.96885266957267,48.38886153854737,1.0,2,3,3,3,2,3,48.38886153854737
2017-07-25,68.45238095238095,0.0,90.45957509371424,33.05555555555556,4.000000000000002,83.24819765422298,48.88816335559372,1.0,2,3,3,3,2,3,48.88816335559372
2017-07-26,68.45238095238095,0.032637075718011666,91.03422655447557,33.05555555555556,4.000000000000002,83.2660737564797,49.011408673115255,1.0,2,3,3,3,2,3,49.011408673115255
2017-07-27,68.45238095238095,0.7827788649706457,89.27326095456402,33.05555555555556,4.000000000000002,77.85745813028028,48.26838234836353,1.0,2,3,3,3,2,3,48.26838234836353
2017-07-28,68.45238095238095,1.0756192959582744,88.50134488274666,33.05555555555556,4.000000000000002,76.82132408141823,48.06895381531139,1.0,2,3,3,3,2,3,48.06895381531139
2017-07-31,68.45238095238095,1.3029315960912058,86.3628410946523,33.05555555555556,4.000000000000002,75.13857672580446,47.51844078215771,1.0,2,3,3,3,2,3,47.51844078215771
2017-08-01,68.45238095238095,1.236979166666663,86.34223883228867,33.05555555555556,4.000000000000002,75.9933308203899,47.58660525325863,1.0,2,3,3,3,2,3,47.58660525325863
2017-08-02,68.45238095238095,1.4964216005204922,85.58556720549012,33.05555555555556,4.000000000000002,74.10998413372613,47.298824746003305,1.0,2,3,3,3,2,3,47.298824746003305
2017-08-03,68.45238095238095,1.1703511053316018,87.16293739614686,33.05555555555556,4.000000000000002,76.45442567977075,47.78352883970134,1.0,2,3,3,3,2,3,47.78352883970134
2017-08-04,68.45238095238095,1.4294996751137101,83.88287082647247,33.05555555555556,4.000000000000002,75.16854917329069,47.05075758907488,1.0,2,3,3,3,2,3,47.05075758907488
2017-08-07,68.45238095238095,1.6883116883116833,83.32376187485023,33.05555555555556,4.000000000000002,73.48685347209435,46.82252863127039,1.0,2,3,3,3,2,3,46.82252863127039
2017-08-08,68.45238095238095,2.0116807268007797,81.99966845528331,33.05555555555556,4.000000000000002,70.85510185625745,46.35920859347113,1.0,2,3,3,3,2,3,46.35920859347113
2017-08-09,68.45238095238095,2.075226977950717,82.46458012464053,33.05555555555556,4.000000000000002,70.73987012940418,46.453377004887244,1.0,2,3,3,3,2,3,46.453377004887244
2017-08-10,68.45238095238095,2.2251026139554986,81.7194698944246,33.05555555555556,4.000000000000002,66.58417051606226,45.91876012471082,1.0,2,3,3,3,2,3,45.91876012471082
2017-08-11,68.45238095238095,2.223661485319513,79.99026083162994,33.05555555555556,4.000000000000002,67.15946067052653,45.63015910187112,1.0,2,3,3,3,2,3,45.63015910187112
2017-08-14,68.45238095238095,2.168284789644015,81.66674381719338,33.05555555555556,4.000000000000002,69.54402467221036,46.19283676001709,1.0,2,3,3,3,2,3,46.19283676001709
2017-08-15,68.45238095238095,2.263906856403619,81.14923134393374,33.05555555555556,4.000000000000002,69.46776197561915,46.10083240905796,1.0,2,3,3,3,2,3,46.10083240905796
2017-08-16,68.45238095238095,2.0038784744667137,82.36863589162348,33.05555555555556,4.000000000000002,71.42866506322386,46.488797950968994,1.0,2,3,3,3,2,3,46.488797950968994
2017-08-17,68.45238095238095,2.390180878552972,81.98164777912423,33.05555555555556,4.000000000000002,68.50264235805815,46.196058538769826,1.0,2,3,3,3,2,3,46.196058538769826
2017-08-18,68.45238095238095,2.38863783085862,81.90305528817264,33.05555555555556,4.000000000000002,68.7220204759192,46.20196924282674,1.0,2,3,3,3,2,3,46.20196924282674
2017-08-21,68.45238095238095,2.1935483870967776,82.11945483421589,33.05555555555556,4.000000000000002,69.83214858324533,46.31724407401563,1.0,2,3,3,3,2,3,46.31724407401563
2017-08-22,68.45238095238095,1.9987105093488111,81.58792050244101,33.05555555555556,4.000000000000002,71.09605570566583,46.29836034435312,1.0,2,3,3,3,2,3,46.29836034435312
2017-08-23,68.45238095238095,2.1907216494845394,79.4141792482881,33.05555555555556,4.000000000000002,70.44541764484529,45.83695051546763,1.0,2,3,3,3,2,3,45.83695051546763
2017-08-24,68.45238095238095,2.124919510624601,80.52036412701885,33.05555555555556,4.000000000000002,71.00332412688094,46.10081771164536,1.0,2,3,3,3,2,3,46.10081771164536
2017-08-25,68.45238095238095,2.1235521235521193,81.1328870975813,33.05555555555556,4.000000000000002,71.2418519800087,46.24690161365613,1.0,2,3,3,3,2,3,46.24690161365613
2017-08-28,68.45238095238095,2.154340836012858,80.08010163057664,33.05555555555556,4.000000000000002,71.18655559924792,46.036972624671264,1.0,2,3,3,3,2,3,46.036972624671264
2017-08-29,68.45238095238095,1.8637532133676138,79.62104425977068,33.05555555555556,4.000000000000002,72.06097375028634,45.974485441084866,1.0,2,3,3,3,2,3,45.974485441084866
2017-08-30,68.45238095238095,1.6056518946692355,79.87761370925917,33.05555555555556,4.000000000000002,73.73188276022162,46.141269968236415,1.0,2,3,3,3,2,3,46.141269968236415
2017-08-31,68.45238095238095,1.0269576379974277,80.99566309189534,33.05555555555556,4.000000000000002,75.72173737927422,46.448126455334545,1.0,2,3,3,3,2,3,46.448126455334545
2017-09-01,68.45238095238095,0.6414368184733843,83.79672463015466,33.05555555555556,4.000000000000002,77.70901941928953,47.12996280308313,1.0,2,3,3,3,2,3,47.12996280308313
2017-09-05,68.45238095238095,0.3205128205128194,84.31731802925727,33.05555555555556,4.000000000000002,79.87587544484724,47.38658228586732,1.0,2,3,3,3,2,3,47.38658228586732
2017-09-06,68.45238095238095,0.1921844971172315,83.67137438314803,33.05555555555556,4.000000000000002,80.21596501172216,47.265736848653845,1.0,2,3,3,3,2,3,47.265736848653845
2017-09-07,68.45238095238095,0.0,85.11202255360955,33.05555555555556,4.000000000000002,81.36440237458233,47.63027331960871,1.0,2,3,3,3,2,3,47.63027331960871
2017-09-08,68.45238095238095,0.0639795265515053,86.1188643587135,33.05555555555556,4.000000000000002,80.22467514911455,47.730464863393024,1.0,2,3,3,3,2,3,47.730464863393024
2017-09-11,68.45238095238095,0.0,87.83561027433603,33.05555555555556,4.000000000000002,80.83095308940761,48.12164593523654,1.0,2,3,3,3,2,3,48.12164593523654
2017-09-12,68.45238095238095,0.0,86.7375218994795,33.05555555555556,4.000000000000002,80.81427592381424,47.900360543705894,1.0,2,3,3,3,2,3,47.900360543705894
2017-09-13,68.45238095238095,0.0,88.69324153947701,33.05555555555556,4.000000000000002,80.84895724106705,48.294972603430686,1.0,2,3,3,3,2,3,48.294972603430686
2017-09-14,68.45238095238095,0.06381620931716903,82.76878111536656,33.05555555555556,4.000000000000002,79.9292877255397,47.03087680891929,1.0,2,3,3,3,2,3,47.03087680891929
2017-09-15,79.81818181818181,4.655612244897958,65.0003951455457,30.35897435897436,7.692307692307694,54.87181777195968,44.696005632907074,1.0,2,3,3,3,2,3,44.696005632907074
2017-09-18,79.81818181818181,5.035054174633524,67.51874194557436,30.35897435897436,7.692307692307694,54.17668641118222,45.20605024278217,1.0,2,3,3,3,2,3,45.20605024278217
2017-09-19,79.81818181818181,5.307855626326963,64.37904776351414,30.35897435897436,7.692307692307694,53.250356777743846,44.54003873336498,1.0,2,3,3,3,2,3,44.54003873336498
2017-09-20,79.81818181818181,5.368130702312754,65.67514237475767,30.35897435897436,7.692307692307694,53.34186915090887,44.820463908127344,1.0,2,3,3,3,2,3,44.820463908127344
2017-09-21,79.81818181818181,5.396522476675147,65.14847897031365,30.35897435897436,7.692307692307694,64.86284025657825,45.87290669267796,1.0,2,3,3,3,2,3,45.87290669267796
2017-09-22,79.81818181818181,5.191777919050647,66.88958216705544,30.35897435897436,7.692307692307694,65.86688058930142,46.28058245377373,1.0,2,3,3,3,2,3,46.28058245377373
2017-09-25,79.81818181818181,5.484963998305803,67.17958404537995,30.35897435897436,7.692307692307694,65.32782019505294,46.34331400586481,1.0,2,3,3,3,2,3,46.34331400586481
2017-09-26,79.81818181818181,5.65079365079365,67.72321254761626,30.35897435897436,7.692307692307694,65.07969034650641,46.460392651955,1.0,2,3,3,3,2,3,46.460392651955
2017-09-27,79.81818181818181,5.213620981387476,69.09527989126398,30.35897435897436,7.692307692307694,65.71674366361154,46.711076918513825,1.0,2,3,3,3,2,3,46.711076918513825
2017-09-28,79.81818181818181,5.411118156837876,68.05042032054457,30.35897435897436,7.692307692307694,66.06730885586737,46.5766609586856,1.0,2,3,3,3,2,3,46.5766609586856
2017-09-29,79.81818181818181,5.006337135614702,69.36181282908994,30.35897435897436,7.692307692307694,66.7152603126043,46.822778401823726,1.0,2,3,3,3,2,3,46.822778401823726
2017-10-02,79.81818181818181,4.602068819928221,71.8535610077734,30.35897435897436,7.692307692307694,68.60816560466421,47.429564903629114,1.0,2,3,3,3,2,3,47.429564903629114
2017-10-03,79.81818181818181,4.831223628691983,71.67920064234289,30.35897435897436,7.692307692307694,68.29869748231525,47.40957698006087,1.0,2,3,3,3,2,3,47.40957698006087
2017-10-04,79.81818181818181,4.427577482605949,72.53776389908944,30.35897435897436,7.692307692307694,69.3886592646622,47.60955658042767,1.0,2,3,3,3,2,3,47.60955658042767
2017-10-05,79.81818181818181,4.424778761061942,71.96379155929469,30.35897435897436,7.692307692307694,70.1024457763025,47.56558101932395,1.0,2,3,3,3,2,3,47.56558101932395
2017-10-06,79.81818181818181,5.243209096651928,68.18131940311358,30.35897435897436,7.692307692307694,67.9156496872212,46.75409304629759,1.0,2,3,3,3,2,3,46.75409304629759
2017-10-09,79.81818181818181,5.303030303030298,67.99126696550394,30.35897435897436,7.692307692307694,67.90066719101551,46.72654855043077,1.0,2,3,3,3,2,3,46.72654855043077
2017-10-10,79.81818181818181,5.573080967402733,67.31120398431325,30.35897435897436,7.692307692307694,68.65235083008405,46.71971445097398,1.0,2,3,3,3,2,3,46.71971445097398
2017-10-11,79.81818181818181,5.506515342580917,67.3994695007486,30.35897435897436,7.692307692307694,69.18854385606575,46.77767373189485,1.0,2,3,3,3,2,3,46.77767373189485
2017-10-12,79.81818181818181,5.608065532451164,66.71373019178986,30.35897435897436,7.692307692307694,69.21662946755197,46.66364446922577,1.0,2,3,3,3,2,3,46.66364446922577
2017-10-13,79.81818181818181,5.079764903442489,69.1130722862279,30.35897435897436,7.692307692307694,70.06517517363625,47.12270733292007,1.0,2,3,3,3,2,3,47.12270733292007
2017-10-16,79.81818181818181,4.6360394378015535,67.12966727237006,30.35897435897436,7.692307692307694,70.55715381143935,46.686479100800625,1.0,2,3,3,3,2,3,46.686479100800625
2017-10-17,79.81818181818181,4.234800838574423,69.28658120870534,30.35897435897436,7.692307692307694,72.4975419351098,47.2316529805893,1.0,2,3,3,3,2,3,47.2316529805893
2017-10-18,79.81818181818181,3.938822543473708,70.95199871605398,30.35897435897436,7.692307692307694,73.5915725042432,47.614943879952236,1.0,2,3,3,3,2,3,47.614943879952236
2017-10-19,79.81818181818181,4.187604690117253,70.49213740552652,30.35897435897436,7.692307692307694,72.75453596417152,47.48902439316828,1.0,2,3,3,3,2,3,47.48902439316828
2017-10-20,79.81818181818181,4.3105252144800135,70.38768051533111,30.35897435897436,7.692307692307694,72.5601957462931,47.47328309821391,1.0,2,3,3,3,2,3,47.47328309821391
2017-10-23,79.81818181818181,4.265997490589709,72.9247246844425,30.35897435897436,7.692307692307694,73.48078337401246,48.06384515003006,1.0,2,3,3,3,2,3,48.06384515003006
2017-10-24,79.81818181818181,3.67816091954023,75.02902702885358,30.35897435897436,7.692307692307694,74.87536956771231,48.50659692407236,1.0,2,3,3,3,2,3,48.50659692407236
2017-10-25,79.81818181818181,3.90559732664996,74.24398344322186,30.35897435897436,7.692307692307694,74.59903435608487,48.367441967205224,1.0,2,3,3,3,2,3,48.367441967205224
2017-10-26,79.81818181818181,3.5691922354414505,76.76006246434365,30.35897435897436,7.692307692307694,75.87680379790072,48.93115369736946,1.0,2,3,3,3,2,3,48.93115369736946
2017-10-27,79.81818181818181,3.0037546933667074,77.22163224971918,30.35897435897436,7.692307692307694,77.50404546903114,49.073104313142665,1.0,2,3,3,3,2,3,49.073104313142665
2017-10-30,79.81818181818181,3.3145716072545315,76.2031951178836,30.35897435897436,7.692307692307694,76.44593029749967,48.825768752399966,1.0,2,3,3,3,2,3,48.825768752399966
2017-10-31,79.81818181818181,2.979166666666666,77.01196000113517,30.35897435897436,7.692307692307694,77.71403035581423,49.047250746764156,1.0,2,3,3,3,2,3,49.047250746764156
2017-11-01,79.81818181818181,3.4769935457006054,74.14015500729131,30.35897435897436,7.692307692307694,76.58165932000699,48.459218020221456,1.0,2,3,3,3,2,3,48.459218020221456
2017-11-02,79.81818181818181,3.7661256762380337,73.10330943532591,30.35897435897436,7.692307692307694,75.31280789101666,48.18279018903682,1.0,2,3,3,3,2,3,48.18279018903682
2017-11-03,79.81818181818181,3.8677479725514643,71.2655972908354,30.35897435897436,7.692307692307694,74.97929174059283,47.802220604359036,1.0,2,3,3,3,2,3,47.802220604359036
2017-11-06,79.81818181818181,3.678304239401494,72.19339987550441,30.35897435897436,7.692307692307694,76.51318781172361,48.103281981775915,1.0,2,3,3,3,2,3,48.103281981775915
2017-11-07,79.81818181818181,3.655244029075803,70.65195433827766,30.35897435897436,7.692307692307694,77.08158339836561,47.84722039092962,1.0,2,3,3,3,2,3,47.84722039092962
2017-11-08,79.81818181818181,3.5699460356994637,71.04193079594697,30.35897435897436,7.692307692307694,78.68053756545234,48.0680515004969,1.0,2,3,3,3,2,3,48.0680515004969
2017-11-09,79.81818181818181,5.144160962455921,62.858094443387934,30.35897435897436,7.692307692307694,69.8977974850374,45.867853207294885,1.0,2,3,3,3,2,3,45.867853207294885
2017-11-10,79.81818181818181,4.975124378109456,62.7441554026975,30.35897435897436,7.692307692307694,71.09208755327212,45.930687089110975,1.0,2,3,3,3,2,3,45.930687089110975
2017-11-13,79.81818181818181,4.8684483115806945,64.76120297371538,30.35897435897436,7.692307692307694,71.32551328429014,46.33610396311061,1.0,2,3,3,3,2,3,46.33610396311061
2017-11-14,79.81818181818181,5.341614906832296,64.16367516689284,30.35897435897436,7.692307692307694,70.53776967152018,46.23245735951942,1.0,2,3,3,3,2,3,46.23245735951942
2017-11-15,79.81818181818181,5.979722739499275,64.7291397747728,30.35897435897436,7.692307692307694,69.57201601083018,46.37659648155981,1.0,2,3,3,3,2,3,46.37659648155981
2017-11-16,79.81818181818181,5.366004962779155,64.85104020220435,30.35897435897436,7.692307692307694,70.67693516411713,46.388724927030786,1.0,2,3,3,3,2,3,46.388724927030786
2017-11-17,79.81818181818181,5.6829923537921045,62.062075690686356,30.35897435897436,7.692307692307694,69.70059745607313,45.79669573212538,1.0,2,3,3,3,2,3,45.79669573212538
2017-11-20,79.81818181818181,5.6381660470879815,63.56209240549692,30.35897435897436,7.692307692307694,70.39808674622826,46.15748274276218,1.0,2,3,3,3,2,3,46.15748274276218
2017-11-21,79.81818181818181,6.5634674922600595,58.91739178610268,30.35897435897436,7.692307692307694,69.02646896601524,45.27644112989645,1.0,2,3,3,3,2,3,45.27644112989645
2017-11-22,79.81818181818181,6.7450495049505,59.17897123137714,30.35897435897436,7.692307692307694,68.93331310987536,45.35575783587544,1.0,2,3,3,3,2,3,45.35575783587544
2017-11-24,79.81818181818181,5.6895485466914035,60.571549361706964,30.35897435897436,7.692307692307694,69.55747152103343,45.48558911140539,1.0,2,3,3,3,2,3,45.48558911140539
2017-11-27,79.81818181818181,6.015657189946433,59.904367686033524,30.35897435897436,7.692307692307694,68.930077315619,45.35463508438026,1.0,2,3,3,3,2,3,45.35463508438026
2017-11-28,79.81818181818181,5.71340333539222,61.20316384688693,30.35897435897436,7.692307692307694,69.84362559932572,45.64529837401077,1.0,2,3,3,3,2,3,45.64529837401077
2017-11-29,79.81818181818181,7.057613168724279,59.34889072770111,30.35897435897436,7.692307692307694,67.78868158086097,45.337791314993545,1.0,2,3,3,3,2,3,45.337791314993545
2017-11-30,79.81818181818181,5.593255192268146,64.25120358516824,30.35897435897436,7.692307692307694,69.71539754440818,46.21805388755047,1.0,2,3,3,3,2,3,46.21805388755047
2017-12-01,79.81818181818181,4.603370324702013,68.55431367728356,30.35897435897436,7.692307692307694,72.79285772135212,47.1884449501547,1.0,2,3,3,3,2,3,47.1884449501547
2017-12-04,79.81818181818181,7.30129390018484,62.984894925449616,30.35897435897436,7.692307692307694,65.42690975147141,45.8775511178964,1.0,2,3,3,3,2,3,45.8775511178964
2017-12-05,79.81818181818181,8.210180623973729,61.286340210001654,30.35897435897436,7.692307692307694,63.9233496514632,45.569261509563766,1.0,2,3,3,3,2,3,45.569261509563766
2017-12-06,79.81818181818181,7.261538461538464,62.71643005894999,30.35897435897436,7.692307692307694,66.20984622055417,45.894200703775475,1.0,2,3,3,3,2,3,45.894200703775475
2017-12-07,79.81818181818181,7.185321853218533,59.14341785616205,30.35897435897436,7.692307692307694,66.79402849760223,45.22277316925871,1.0,2,3,3,3,2,3,45.22277316925871
2017-12-08,79.81818181818181,4.650686334767466,65.15287040769456,30.35897435897436,7.692307692307694,70.46734421614318,46.2850681477291,1.0,2,3,3,3,2,3,46.2850681477291
2017-12-11,79.81818181818181,3.7264537264537267,67.16762184373466,30.35897435897436,7.692307692307694,72.61461881455,46.717899373115046,1.0,2,3,3,3,2,3,46.717899373115046
2017-12-12,79.81818181818181,3.8674033149171283,66.64236056458031,30.35897435897436,7.692307692307694,72.36373068430578,46.61594822195244,1.0,2,3,3,3,2,3,46.61594822195244
2017-12-13,79.81818181818181,4.31492842535787,63.387443812551226,30.35897435897436,7.692307692307694,70.67671675683923,45.88576850088812,1.0,2,3,3,3,2,3,45.88576850088812
2017-12-14,79.81818181818181,4.1079092581238505,61.36646837363693,30.35897435897436,7.692307692307694,86.39796112393739,47.012294016368266,1.0,2,3,3,3,2,3,47.012294016368266
2017-12-15,83.11036789297658,7.312091503267977,49.15076372034792,16.286799620132953,1.8518518518518516,77.8678236983156,42.48515051600401,1.0,2,3,3,3,2,3,42.48515051600401
2017-12-18,83.11036789297658,8.307817922024903,49.79569759928641,16.286799620132953,1.8518518518518516,75.69117261827851,42.595617467539384,1.0,2,3,3,3,2,3,42.595617467539384
2017-12-19,83.11036789297658,8.07833537331701,50.53559595931225,16.286799620132953,1.8518518518518516,76.04132552948982,42.73271592092411,1.0,2,3,3,3,2,3,42.73271592092411
2017-12-20,83.11036789297658,7.930682976554533,43.899160535164256,16.286799620132953,1.8518518518518516,76.24941255505667,41.3967070592987,1.0,2,3,3,3,2,3,41.3967070592987
2017-12-21,83.11036789297658,9.209453952730236,41.027911964995596,16.286799620132953,1.8518518518518516,74.20944745654738,40.874215030649175,1.0,2,3,3,3,2,3,40.874215030649175
2017-12-22,83.11036789297658,9.000203624516393,40.68039039584516,16.286799620132953,1.8518518518518516,74.34566157166019,40.7764820626876,1.0,2,3,3,3,2,3,40.7764820626876
2017-12-26,83.11036789297658,8.933658933658933,41.40441241324764,16.286799620132953,1.8518518518518516,74.4292453760202,40.9163359084326,1.0,2,3,3,3,2,3,40.9163359084326
2017-12-27,83.11036789297658,9.029896278218425,41.57423728680856,16.286799620132953,1.8518518518518516,74.47289310617991,40.973913125072656,1.0,2,3,3,3,2,3,40.973913125072656
2017-12-28,83.11036789297658,8.780487804878046,41.99565148531214,16.286799620132953,1.8518518518518516,74.5736881678956,41.018393776276866,1.0,2,3,3,3,2,3,41.018393776276866
2017-12-29,83.11036789297658,9.45561649400772,40.845268178119206,16.286799620132953,1.8518518518518516,74.14920439561497,40.88089447543615,1.0,2,3,3,3,2,3,40.88089447543615
2018-01-02,83.11036789297658,10.45473000406009,38.72756550550161,16.286799620132953,1.8518518518518516,72.36012116342208,40.47826831970382,1.0,2,3,3,3,2,3,40.47826831970382
2018-01-03,83.11036789297658,8.40941367417326,42.57023347422235,16.286799620132953,1.8518518518518516,73.09066769502364,40.91079330063076,1.0,2,3,3,3,2,3,40.91079330063076
2018-01-04,83.11036789297658,7.420924574209247,42.216605633671975,16.286799620132953,1.8518518518518516,74.34750796728586,40.768053939754104,1.0,2,3,3,3,2,3,40.768053939754104
2018-01-05,83.11036789297658,7.092198581560282,42.367042377850034,16.286799620132953,1.8518518518518516,75.38268480669004,40.83591377400034,1.0,2,3,3,3,2,3,40.83591377400034
2018-01-08,83.11036789297658,6.298096395301744,45.83318647583241,16.286799620132953,1.8518518518518516,77.11366924800608,41.54342060047671,1.0,2,3,3,3,2,3,41.54342060047671
2018-01-09,83.11036789297658,6.152600688119813,45.154531218651826,16.286799620132953,1.8518518518518516,78.37620577186661,41.50484405999026,1.0,2,3,3,3,2,3,41.50484405999026
2018-01-10,83.11036789297658,6.654530744336569,46.73374786157687,16.286799620132953,1.8518518518518516,77.01647675040229,41.78510049767219,1.0,2,3,3,3,2,3,41.78510049767219
2018-01-11,83.11036789297658,6.4281382656155195,47.22791333502508,16.286799620132953,1.8518518518518516,77.59348812543121,41.89635623412052,1.0,2,3,3,3,2,3,41.89635623412052
2018-01-12,83.11036789297658,5.09090909090909,48.792886542859094,16.286799620132953,1.8518518518518516,79.65476328784105,42.14803255698702,1.0,2,3,3,3,2,3,42.14803255698702
2018-01-16,83.11036789297658,4.825358368665455,48.89472251285858,16.286799620132953,1.8518518518518516,80.17333987660713,42.16714726541479,1.0,2,3,3,3,2,3,42.16714726541479
2018-01-17,83.11036789297658,3.309120258272802,52.09891050022162,16.286799620132953,1.8518518518518516,82.4502324534924,42.73242649849739,1.0,2,3,3,3,2,3,42.73242649849739
2018-01-18,83.11036789297658,3.468441217987498,48.38341339745229,16.286799620132953,1.8518518518518516,82.37111467513172,42.0132794920504,1.0,2,3,3,3,2,3,42.0132794920504
2018-01-19,83.11036789297658,2.9625151148730393,48.25145313273897,16.286799620132953,1.8518518518518516,83.62275595203306,42.01086634617498,1.0,2,3,3,3,2,3,42.01086634617498
2018-01-22,83.11036789297658,2.799597180261833,46.84874776109481,16.286799620132953,1.8518518518518516,84.45889121337756,41.78135521105836,1.0,2,3,3,3,2,3,41.78135521105836
2018-01-23,83.11036789297658,2.2745571658615127,49.50195001121582,16.286799620132953,1.8518518518518516,86.27641420387306,42.38873995725204,1.0,2,3,3,3,2,3,42.38873995725204
2018-01-24,83.11036789297658,1.8507342587004667,49.434354878363656,16.286799620132953,1.8518518518518516,87.47692197721823,42.41050712658392,1.0,2,3,3,3,2,3,42.41050712658392
2018-01-25,83.11036789297658,1.5882589465219143,50.63855452044624,16.286799620132953,1.8518518518518516,88.48140868512432,42.69930066335533,1.0,2,3,3,3,2,3,42.69930066335533
2018-01-26,83.11036789297658,0.8036970062286541,54.48159611422977,16.286799620132953,1.8518518518518516,92.46949275571546,43.7098050011125,1.0,2,3,3,3,2,3,43.7098050011125
2018-01-29,83.11036789297658,1.224899598393573,51.43367497084097,16.286799620132953,1.8518518518518516,87.28896870100117,42.666408885396294,1.0,2,3,3,3,2,3,42.666408885396294
2018-01-30,83.11036789297658,2.809552478426647,46.901379193329305,16.286799620132953,1.8518518518518516,82.44162807806487,41.59214624360695,1.0,2,3,3,3,2,3,41.59214624360695
2018-01-31,83.11036789297658,1.8050541516245484,49.842859039558434,16.286799620132953,1.8518518518518516,84.94314788373293,42.22969452805916,1.0,2,3,3,3,2,3,42.22969452805916
2018-02-01,83.11036789297658,1.6837041491280809,51.56687330849393,16.286799620132953,1.8518518518518516,85.14181337287893,42.57009393026157,1.0,2,3,3,3,2,3,42.57009393026157
2018-02-02,83.11036789297658,4.26682692307692,44.97822188472243,16.286799620132953,1.8518518518518516,75.08595631493056,40.7634024945022,1.0,2,3,3,3,2,3,40.7634024945022
2018-02-05,83.11036789297658,8.768768768768771,39.99376631878164,16.286799620132953,1.8518518518518516,60.08140738119635,39.166444857078986,1.0,2,3,3,3,2,3,39.166444857078986
2018-02-06,83.11036789297658,6.242496998799519,46.138804426287614,16.286799620132953,1.8518518518518516,62.3949242841083,40.121549814877525,1.0,2,3,3,3,2,3,40.121549814877525
2018-02-07,83.11036789297658,7.478504299140172,46.723106813415185,16.286799620132953,1.8518518518518516,59.53776772122771,40.199896096083116,1.0,2,3,3,3,2,3,40.199896096083116
2018-02-08,83.11036789297658,11.610711430855314,42.35968290794267,16.286799620132953,1.8518518518518516,50.75846875607829,39.2757228448167,1.0,2,3,3,3,2,3,39.2757228448167
2018-02-09,83.11036789297658,9.626522867984821,42.89056857067998,16.286799620132953,1.8518518518518516,52.232990391188274,39.13251442830106,1.0,2,3,3,3,2,3,39.13251442830106
2018-02-12,83.11036789297658,8.782435129740522,42.45969807125793,16.286799620132953,1.8518518518518516,54.57216871902648,39.11144061355161,1.0,2,3,3,3,2,3,39.11144061355161
2018-02-13,83.11036789297658,8.218631557949333,44.04449793398575,16.286799620132953,1.8518518518518516,55.74327136114173,39.43275013595046,1.0,2,3,3,3,2,3,39.43275013595046
2018-02-14,83.11036789297658,6.080542264752794,47.09466926742608,16.286799620132953,1.8518518518518516,58.69785137649735,39.91062454553478,1.0,2,3,3,3,2,3,39.91062454553478
2018-02-15,83.11036789297658,3.367204622434746,50.93174085780864,16.286799620132953,1.8518518518518516,61.810649670936925,40.44665116459164,1.0,2,3,3,3,2,3,40.44665116459164
2018-02-16,83.11036789297658,3.2755874153723608,50.17214087112249,16.286799620132953,1.8518518518518516,62.15277644162009,40.31062040291025,1.0,2,3,3,3,2,3,40.31062040291025
2018-02-20,83.11036789297658,4.875621890547262,45.019271370384054,16.286799620132953,1.8518518518518516,57.9070449600337,39.17548024963891,1.0,2,3,3,3,2,3,39.17548024963891
2018-02-21,83.11036789297658,6.404136833731107,42.17678675955778,16.286799620132953,1.8518518518518516,55.73399121124889,38.69538094123193,1.0,2,3,3,3,2,3,38.69538094123193
2018-02-22,83.11036789297658,5.734446432120851,44.12169800693576,16.286799620132953,1.8518518518518516,56.32605918593643,39.00963190785424,1.0,2,3,3,3,2,3,39.00963190785424
2018-02-23,83.11036789297658,3.6948748510131115,45.65755472426489,16.286799620132953,1.8518518518518516,59.15295583696699,39.19157860020157,1.0,2,3,3,3,2,3,39.19157860020157
2018-02-26,83.11036789297658,2.481635894381577,46.79430315239746,16.286799620132953,1.8518518518518516,61.6987019351971,39.43085510432479,1.0,2,3,3,3,2,3,39.43085510432479
2018-02-27,83.11036789297658,3.273809523809527,48.94504687467602,16.286799620132953,1.8518518518518516,59.95741676087535,39.84531005723392,1.0,2,3,3,3,2,3,39.84531005723392
2018-02-28,83.11036789297658,3.529645052548088,48.431651076292084,16.286799620132953,1.8518518518518516,60.3641196572075,39.834468292938055,1.0,2,3,3,3,2,3,39.834468292938055
2018-03-01,83.11036789297658,5.588585017835912,42.73618842354134,16.286799620132953,1.8518518518518516,55.00321027563485,38.57107281728821,1.0,2,3,3,3,2,3,38.57107281728821
2018-03-02,83.11036789297658,4.139433551198257,46.144544104128684,16.286799620132953,1.8518518518518516,57.160340833705156,39.17862671588517,1.0,2,3,3,3,2,3,39.17862671588517
2018-03-05,83.11036789297658,2.2763262074425987,50.91269497248941,16.286799620132953,1.8518518518518516,60.11599177071162,40.055200514506836,1.0,2,3,3,3,2,3,40.055200514506836
2018-03-06,83.11036789297658,2.057368941641939,48.52349038446032,16.286799620132953,1.8518518518518516,61.23476918370029,39.645445885039756,1.0,2,3,3,3,2,3,39.645445885039756
2018-03-07,83.11036789297658,1.5618821668643736,44.5096631609815,16.286799620132953,1.8518518518518516,62.86014707521982,38.906120874540434,1.0,2,3,3,3,2,3,38.906120874540434
2018-03-08,83.11036789297658,1.1065006915629318,48.191474689347196,16.286799620132953,1.8518518518518516,64.93871457230097,39.7592636348614,1.0,2,3,3,3,2,3,39.7592636348614
2018-03-09,83.11036789297658,0.7109004739336473,48.4017323829822,16.286799620132953,1.8518518518518516,68.62263802375413,40.09058747520786,1.0,2,3,3,3,2,3,40.09058747520786
2018-03-12,83.11036789297658,0.8091572922834023,43.89943001280439,16.286799620132953,1.8518518518518516,67.56674235190744,39.10418879765757,1.0,2,3,3,3,2,3,39.10418879765757
2018-03-13,83.11036789297658,1.0453648915187372,45.104728739190705,16.286799620132953,1.8518518518518516,67.05985740726165,39.34180156831732,1.0,2,3,3,3,2,3,39.34180156831732
2018-03-14,83.11036789297658,1.2024443130297637,43.76318490532212,16.286799620132953,1.8518518518518516,65.4711169102475,38.946034636144404,1.0,2,3,3,3,2,3,38.946034636144404
2018-03-15,83.11036789297658,1.182033096926712,44.00052941117227,16.286799620132953,1.8518518518518516,65.52431166695358,38.99474076976443,1.0,2,3,3,3,2,3,38.99474076976443
2018-03-16,83.11036789297658,1.3388462295727508,38.78318737736776,16.286799620132953,1.8518518518518516,63.67420456522077,37.79762427935946,1.0,2,3,3,3,2,3,37.79762427935946
2018-03-19,83.11036789297658,1.6135379771743397,48.8026371305082,16.286799620132953,1.8518518518518516,62.70310880633046,39.759343003618824,1.0,2,3,3,3,2,3,39.759343003618824
2018-03-20,46.52777777777777,9.28220255653884,28.176804691994818,46.208112874779545,1.7857142857142856,36.25446476774063,29.858980730713597,1.0,2,3,3,3,2,3,29.858980730713597
2018-03-21,46.52777777777777,9.355345911949687,28.076170248144027,46.208112874779545,1.7857142857142856,35.55077657304724,29.78311369355627,1.0,2,3,3,3,2,3,29.78311369355627
2018-03-22,46.52777777777777,10.430170889805538,26.101916075406734,46.208112874779545,1.7857142857142856,33.95768885170957,29.443919082446214,1.0,2,3,3,3,2,3,29.443919082446214
2018-03-23,46.52777777777777,10.934432665881433,24.75158601897234,46.208112874779545,1.7857142857142856,31.95213686776895,29.07415022798045,1.0,2,3,3,3,2,3,29.07415022798045
2018-03-26,46.52777777777777,9.966647047282713,28.018271464231066,46.208112874779545,1.7857142857142856,31.843693754592096,29.523085881994767,1.0,2,3,3,3,2,3,29.523085881994767
2018-03-27,46.52777777777777,10.64705882352941,27.578290517905724,46.208112874779545,1.7857142857142856,29.239289356220795,29.310731608141907,1.0,2,3,3,3,2,3,29.310731608141907
2018-03-28,46.52777777777777,10.993533215755436,27.661777905107265,46.208112874779545,1.7857142857142856,28.153924859519424,29.288187514357283,1.0,2,3,3,3,2,3,29.288187514357283
2018-03-29,46.52777777777777,10.517038777908343,28.765758783124003,46.208112874779545,1.7857142857142856,28.456239968324653,29.443916313271735,1.0,2,3,3,3,2,3,29.443916313271735
2018-04-02,46.52777777777777,11.039342337052261,28.219171928519838,46.208112874779545,1.7857142857142856,28.927573621802104,29.486193019527434,1.0,2,3,3,3,2,3,29.486193019527434
2018-04-03,46.52777777777777,11.189358372456963,27.967724126204203,46.208112874779545,1.7857142857142856,30.307546985424004,29.603904002507434,1.0,2,3,3,3,2,3,29.603904002507434
2018-04-04,46.52777777777777,10.635386119257088,28.53307654927471,46.208112874779545,1.7857142857142856,30.804529254125228,29.655878263351685,1.0,2,3,3,3,2,3,29.655878263351685
2018-04-05,46.52777777777777,10.414224306369679,30.321768749860585,46.208112874779545,1.7857142857142856,31.40977331027856,30.02990874650671,1.0,2,3,3,3,2,3,30.02990874650671
2018-04-06,46.52777777777777,11.345440343682874,29.485734208534957,46.208112874779545,1.7857142857142856,29.551297709011333,29.8630974855775,1.0,2,3,3,3,2,3,29.8630974855775
2018-04-09,46.52777777777777,11.280249804839967,31.415316479043515,46.208112874779545,1.7857142857142856,29.5785884341445,30.238704904423948,1.0,2,3,3,3,2,3,30.238704904423948
2018-04-10,46.52777777777777,10.53247513165594,34.24467916174628,46.208112874779545,1.7857142857142856,30.078473432474794,30.705011006160724,1.0,2,3,3,3,2,3,30.705011006160724
2018-04-11,46.52777777777777,10.701754385964913,34.20552747521675,46.208112874779545,1.7857142857142856,29.91331093204625,30.71452026967376,1.0,2,3,3,3,2,3,30.71452026967376
2018-04-12,46.52777777777777,10.520163646990067,33.13858264379847,46.208112874779545,1.7857142857142856,30.292428551883837,30.502724917578895,1.0,2,3,3,3,2,3,30.502724917578895
2018-04-13,46.52777777777777,10.338785046728976,34.45711395291295,46.208112874779545,1.7857142857142856,30.67049845784309,30.767962449945493,1.0,2,3,3,3,2,3,30.767962449945493
2018-04-16,46.52777777777777,10.430044755789062,34.27807379477592,46.208112874779545,1.7857142857142856,31.2218032694614,30.805536841291936,1.0,2,3,3,3,2,3,30.805536841291936
2018-04-17,46.52777777777777,9.723842862699339,32.85915975633084,46.208112874779545,1.7857142857142856,31.795900263531145,30.437923354391952,1.0,2,3,3,3,2,3,30.437923354391952
2018-04-18,46.52777777777777,9.17395529640428,33.26466085884527,46.208112874779545,1.7857142857142856,32.66234425991466,30.49569046127418,1.0,2,3,3,3,2,3,30.49569046127418
2018-04-19,46.52777777777777,9.557109557109555,24.761805700582105,46.208112874779545,1.7857142857142856,32.060474749952306,28.811563330766365,1.0,2,3,3,3,2,3,28.811563330766365
2018-04-20,46.52777777777777,10.42516016307513,22.503765012125776,46.208112874779545,1.7857142857142856,30.65619491613443,28.393137330886425,1.0,2,3,3,3,2,3,28.393137330886425
2018-04-23,46.52777777777777,10.942956926658905,19.657262575327614,46.208112874779545,1.7857142857142856,29.893383979912475,27.851115102621353,1.0,2,3,3,3,2,3,27.851115102621353
2018-04-24,46.52777777777777,11.169284467713787,19.357100123053726,46.208112874779545,1.7857142857142856,30.193540583266692,27.866363780712973,1.0,2,3,3,3,2,3,27.866363780712973
2018-04-25,46.52777777777777,11.01744186046512,22.161859542273703,46.208112874779545,1.7857142857142856,30.11448815201469,28.389041899982033,1.0,2,3,3,3,2,3,28.389041899982033
2018-04-26,46.52777777777777,10.701142746465235,17.492532999531736,46.208112874779545,1.7857142857142856,31.03059898202795,27.48352785163499,1.0,2,3,3,3,2,3,27.48352785163499
2018-04-27,46.52777777777777,11.295005807200926,15.721432567238791,46.208112874779545,1.7857142857142856,30.62691502458656,27.207711981579397,1.0,2,3,3,3,2,3,27.207711981579397
2018-04-30,46.52777777777777,11.162700715805766,16.8287944041902,46.208112874779545,1.7857142857142856,31.540586750380072,27.49409050327,1.0,2,3,3,3,2,3,27.49409050327
2018-05-01,46.52777777777777,10.769528228924981,16.79913191704736,46.208112874779545,1.7857142857142856,32.058838160831236,27.46134864951039,1.0,2,3,3,3,2,3,27.46134864951039
2018-05-02,46.52777777777777,11.526570048309182,16.071993245397856,46.208112874779545,1.7857142857142856,31.117583964796548,27.373203859453863,1.0,2,3,3,3,2,3,27.373203859453863
2018-05-03,46.52777777777777,11.973735032831208,16.026157987581605,46.208112874779545,1.7857142857142856,30.31464677474543,27.373176085789904,1.0,2,3,3,3,2,3,27.373176085789904
2018-05-04,46.52777777777777,11.194750048253233,16.771326133359153,46.208112874779545,1.7857142857142856,31.36938407676069,27.47188644823135,1.0,2,3,3,3,2,3,27.47188644823135
2018-05-07,46.52777777777777,10.532407407407407,15.839916572173951,46.208112874779545,1.7857142857142856,32.24580379963389,27.240777980112462,1.0,2,3,3,3,2,3,27.240777980112462
2018-05-08,46.52777777777777,10.85405822247928,16.527389972355536,46.208112874779545,1.7857142857142856,32.219429663565855,27.43996540955635,1.0,2,3,3,3,2,3,27.43996540955635
2018-05-09,46.52777777777777,9.922928709055878,18.947908904860533,46.208112874779545,1.7857142857142856,33.01201953683421,27.8171022806995,1.0,2,3,3,3,2,3,27.8171022806995
2018-05-10,46.52777777777777,9.397265549778549,18.821694967545465,46.208112874779545,1.7857142857142856,34.58283057574592,27.843807965272198,1.0,2,3,3,3,2,3,27.843807965272198
2018-05-11,46.52777777777777,9.5554272517321,19.83214839624212,46.208112874779545,1.7857142857142856,34.82075289192048,28.10132322301969,1.0,2,3,3,3,2,3,28.10132322301969
2018-05-14,46.52777777777777,9.578765147143683,22.31239167343481,46.208112874779545,1.7857142857142856,34.9381765906865,28.61378182741715,1.0,2,3,3,3,2,3,28.61378182741715
2018-05-15,46.52777777777777,9.688581314878892,23.423517721683396,46.208112874779545,1.7857142857142856,35.59591999308462,28.92374461085372,1.0,2,3,3,3,2,3,28.92374461085372
2018-05-16,46.52777777777777,9.875120076849182,23.400302524577477,46.208112874779545,1.7857142857142856,36.21782009606105,29.018599334124236,1.0,2,3,3,3,2,3,29.018599334124236
2018-05-17,46.52777777777777,10.253456221198158,26.034265137910538,46.208112874779545,1.7857142857142856,37.470892212455794,29.74636629730012,1.0,2,3,3,3,2,3,29.74636629730012
2018-05-18,46.52777777777777,10.516215697562851,25.662777307048163,46.208112874779545,1.7857142857142856,36.9066655072798,29.668197955882984,1.0,2,3,3,3,2,3,29.668197955882984
2018-05-21,46.52777777777777,8.956655159186804,28.111706235869153,46.208112874779545,1.7857142857142856,37.76924941809946,29.932330025053936,1.0,2,3,3,3,2,3,29.932330025053936
2018-05-22,46.52777777777777,10.504121142419017,23.532613623969052,46.208112874779545,1.7857142857142856,34.82982758575595,29.03206251608601,1.0,2,3,3,3,2,3,29.03206251608601
2018-05-23,46.52777777777777,9.482758620689653,23.969295560240276,46.208112874779545,1.7857142857142856,35.523575578144005,28.984501198233186,1.0,2,3,3,3,2,3,28.984501198233186
2018-05-24,46.52777777777777,10.49205437488034,24.236463495205697,46.208112874779545,1.7857142857142856,35.02393119150546,29.189829497400556,1.0,2,3,3,3,2,3,29.189829497400556
2018-05-25,46.52777777777777,9.280520474550325,26.151917755839765,46.208112874779545,1.7857142857142856,36.97272939626967,29.525493389937786,1.0,2,3,3,3,2,3,29.525493389937786
2018-05-29,46.52777777777777,10.881621724995217,22.237084151024643,46.208112874779545,1.7857142857142856,34.48952416213717,28.81442639565049,1.0,2,3,3,3,2,3,28.81442639565049
2018-05-30,46.52777777777777,9.16475535168196,25.185967605296668,46.208112874779545,1.7857142857142856,35.261957127400095,29.138073108368534,1.0,2,3,3,3,2,3,29.138073108368534
2018-05-31,46.52777777777777,10.143266475644701,24.26148922732387,46.208112874779545,1.7857142857142856,34.875432230928126,29.11022716791933,1.0,2,3,3,3,2,3,29.11022716791933
2018-06-01,46.52777777777777,8.839251622756779,23.147705159283728,46.208112874779545,1.7857142857142856,36.28518725054384,28.767642885695285,1.0,2,3,3,3,2,3,28.767642885695285
2018-06-04,46.52777777777777,8.891432932646444,21.11232504901178,46.208112874779545,1.7857142857142856,37.20798948162101,28.46328334872655,1.0,2,3,3,3,2,3,28.46328334872655
2018-06-05,46.52777777777777,9.115179252479022,19.211060420151693,46.208112874779545,1.7857142857142856,36.73283164553925,28.08026390331287,1.0,2,3,3,3,2,3,28.08026390331287
2018-06-06,46.52777777777777,8.538212311797215,22.90737883850346,46.208112874779545,1.7857142857142856,37.60962868727813,28.791813903020746,1.0,2,3,3,3,2,3,28.791813903020746
2018-06-07,46.52777777777777,8.62857142857143,24.922010291904893,46.208112874779545,1.7857142857142856,37.53170338175936,29.205019486504,1.0,2,3,3,3,2,3,29.205019486504
2018-06-08,46.52777777777777,8.166761850371214,28.5492616457463,46.208112874779545,1.7857142857142856,39.41933414702074,30.02687091815838,1.0,2,3,3,3,2,3,30.02687091815838
2018-06-11,46.52777777777777,8.143074581430747,29.806794556794554,46.208112874779545,1.7857142857142856,39.64380749077683,30.296087380955544,1.0,2,3,3,3,2,3,30.296087380955544
2018-06-12,46.52777777777777,7.872219053051914,28.443600126676223,46.208112874779545,1.7857142857142856,40.4093774516937,30.045834385347796,1.0,2,3,3,3,2,3,30.045834385347796
2018-06-13,46.52777777777777,8.114785252755603,26.372477831456482,46.208112874779545,1.7857142857142856,39.679552904437706,29.607140711518987,1.0,2,3,3,3,2,3,29.607140711518987
2018-06-14,46.52777777777777,12.174738841405512,18.654434138394148,46.208112874779545,1.7857142857142856,31.85425249169435,28.092992649362166,1.0,2,3,3,3,2,3,28.092992649362166
2018-06-15,46.52777777777777,11.38952164009112,20.075049058243508,46.208112874779545,1.7857142857142856,32.718098535523424,28.30645679745207,1.0,2,3,3,3,2,3,28.30645679745207
2018-06-18,46.52777777777777,11.003604629102636,19.58094077627319,46.208112874779545,1.7857142857142856,33.53417134605208,28.212059019913173,1.0,2,3,3,3,2,3,28.212059019913173
2018-06-19,46.52777777777777,11.49032992036405,20.440719716308394,46.208112874779545,1.7857142857142856,44.859045068299494,29.61384723839724,1.0,2,3,3,3,2,3,29.61384723839724
2018-06-20,37.714285714285715,46.40894447602804,14.258683637833123,43.0623973727422,50.0,33.75672307724113,36.39712896497911,1.0,2,3,3,3,2,3,36.39712896497911
2018-06-21,37.714285714285715,45.53030303030303,12.05034601939486,43.0623973727422,50.0,35.431234958296834,35.94718434025202,1.0,2,3,3,3,2,3,35.94718434025202
2018-06-22,37.714285714285715,42.608366458451634,10.001861525544038,43.0623973727422,50.0,35.486034274017356,34.95858005868363,1.0,2,3,3,3,2,3,34.95858005868363
2018-06-25,37.714285714285715,42.130155126749905,12.955281968598745,43.0623973727422,50.0,39.56340211480689,35.86135866503317,1.0,2,3,3,3,2,3,35.86135866503317
2018-06-26,37.714285714285715,41.86046511627907,13.088871897408541,43.0623973727422,50.0,40.411076634929486,35.91890610071324,1.0,2,3,3,3,2,3,35.91890610071324
2018-06-27,37.714285714285715,44.53892668178383,9.872191266718012,43.0623973727422,50.0,37.71498600804274,35.5416532249874,1.0,2,3,3,3,2,3,35.5416532249874
2018-06-28,37.714285714285715,43.26723323890463,11.000781902509175,43.0623973727422,50.0,38.1214377295074,35.55367783571626,1.0,2,3,3,3,2,3,35.55367783571626
2018-06-29,37.714285714285715,42.73310683276708,11.791619665560999,43.0623973727422,50.0,39.022500057022235,35.695126339850596,1.0,2,3,3,3,2,3,35.695126339850596
2018-07-02,37.714285714285715,40.256555366911904,14.941454456510774,43.0623973727422,50.0,38.74610285110804,35.8021432842781,1.0,2,3,3,3,2,3,35.8021432842781
2018-07-03,37.714285714285715,41.04449472096531,20.023644632251827,43.0623973727422,50.0,38.451490444902966,36.94670794961648,1.0,2,3,3,3,2,3,36.94670794961648
2018-07-05,37.714285714285715,38.85434332014321,19.728830214636698,43.0623973727422,50.0,38.43060021448905,36.44762576288765,1.0,2,3,3,3,2,3,36.44762576288765
2018-07-06,37.714285714285715,37.53295668549906,21.23393818174226,43.0623973727422,50.0,40.14407756929654,36.65571776486068,1.0,2,3,3,3,2,3,36.65571776486068
2018-07-09,37.714285714285715,35.7613401091662,23.304968930657786,43.0623973727422,50.0,40.99666026950948,36.8008588693985,1.0,2,3,3,3,2,3,36.8008588693985
2018-07-10,37.714285714285715,34.78179082016554,24.14558819552722,43.0623973727422,50.0,41.991737121684025,36.87258054978971,1.0,2,3,3,3,2,3,36.87258054978971
2018-07-11,37.714285714285715,32.656514382402705,26.831810423184454,43.0623973727422,50.0,45.49674692118344,37.335270687718534,1.0,2,3,3,3,2,3,37.335270687718534
2018-07-12,37.714285714285715,30.458474257797825,27.481098592203107,43.0623973727422,50.0,47.106387501678526,37.186484354650794,1.0,2,3,3,3,2,3,37.186484354650794
2018-07-13,37.714285714285715,28.375586854460096,29.933241213305667,43.0623973727422,50.0,48.50063235069879,37.39975988310579,1.0,2,3,3,3,2,3,37.39975988310579
2018-07-16,37.714285714285715,29.11036036036036,27.26355157168461,43.0623973727422,50.0,48.71132006212922,37.03384542710468,1.0,2,3,3,3,2,3,37.03384542710468
2018-07-17,37.714285714285715,27.46201463140124,28.700849556120943,43.0623973727422,50.0,50.057658967840965,37.126269768771294,1.0,2,3,3,3,2,3,37.126269768771294
2018-07-18,37.714285714285715,28.36520434945632,27.801404899254724,43.0623973727422,50.0,49.28315189606404,37.04956807383137,1.0,2,3,3,3,2,3,37.04956807383137
2018-07-19,37.714285714285715,29.37980138654675,26.652348821944123,43.0623973727422,50.0,48.98364838715577,36.99272591489651,1.0,2,3,3,3,2,3,36.99272591489651
2018-07-20,37.714285714285715,29.00749063670412,24.61389214845221,43.0623973727422,50.0,49.56591894469964,36.568799485983995,1.0,2,3,3,3,2,3,36.568799485983995
2018-07-23,37.714285714285715,28.130263896687257,25.965326479119703,43.0623973727422,50.0,50.181952735946254,36.72524438323878,1.0,2,3,3,3,2,3,36.72524438323878
2018-07-24,37.714285714285715,28.14253647586981,26.475700253571194,43.0623973727422,50.0,50.501131781610255,36.86169155853199,1.0,2,3,3,3,2,3,36.86169155853199
2018-07-25,37.714285714285715,27.276126378762385,24.80802176770881,43.0623973727422,50.0,51.74171683574894,36.478932347351886,1.0,2,3,3,3,2,3,36.478932347351886
2018-07-26,37.714285714285715,27.522421524663677,25.893710082133392,43.0623973727422,50.0,51.421961112227144,36.71335346706489,1.0,2,3,3,3,2,3,36.71335346706489
2018-07-27,37.714285714285715,28.580765639589174,25.527558152220482,43.0623973727422,50.0,50.84175634922424,36.79377142776711,1.0,2,3,3,3,2,3,36.79377142776711
2018-07-30,37.714285714285715,32.680104516610676,23.614226484417454,43.0623973727422,50.0,46.78199576191231,36.82499681087962,1.0,2,3,3,3,2,3,36.82499681087962
2018-07-31,37.714285714285715,32.88565566125723,24.091485596968006,43.0623973727422,50.0,46.84983468042822,36.96834275417063,1.0,2,3,3,3,2,3,36.96834275417063
2018-08-01,37.714285714285715,34.22818791946309,21.87455028914371,43.0623973727422,50.0,46.05323751448944,36.713802427653064,1.0,2,3,3,3,2,3,36.713802427653064
2018-08-02,37.714285714285715,31.880007452953237,22.02739954701931,43.0623973727422,50.0,47.25968199969064,36.39538063444633,1.0,2,3,3,3,2,3,36.39538063444633
2018-08-03,37.714285714285715,29.292364990689013,25.59343341380333,43.0623973727422,50.0,48.782124703104586,36.74330318569169,1.0,2,3,3,3,2,3,36.74330318569169
2018-08-06,37.714285714285715,28.14070351758794,26.3430553800812,43.0623973727422,50.0,49.44695286332746,36.72937810034934,1.0,2,3,3,3,2,3,36.72937810034934
2018-08-07,37.714285714285715,29.25967261904762,26.054282993155002,43.0623973727422,50.0,48.85892967605688,36.836615124528976,1.0,2,3,3,3,2,3,36.836615124528976
2018-08-08,37.714285714285715,29.93121398029373,25.677793436767182,43.0623973727422,50.0,49.25886158560751,36.93561867645569,1.0,2,3,3,3,2,3,36.93561867645569
2018-08-09,37.714285714285715,28.948346339650687,26.905229987293467,43.0623973727422,50.0,50.00070638802355,37.058716938673946,1.0,2,3,3,3,2,3,37.058716938673946
2018-08-10,37.714285714285715,30.25069637883008,28.490414817059467,43.0623973727422,50.0,49.810386712793225,37.61719194493999,1.0,2,3,3,3,2,3,37.61719194493999
2018-08-13,37.714285714285715,31.588715664439498,28.86792616068834,43.0623973727422,50.0,48.53345030060006,37.832604429568335,1.0,2,3,3,3,2,3,37.832604429568335
2018-08-14,37.714285714285715,30.77351140790206,28.29116897968434,43.0623973727422,50.0,49.30585040988711,37.63145215298875,1.0,2,3,3,3,2,3,37.63145215298875
2018-08-15,37.714285714285715,32.48053392658509,28.546470749750423,43.0623973727422,50.0,47.9173772530529,37.88506969505515,1.0,2,3,3,3,2,3,37.88506969505515
2018-08-16,37.714285714285715,31.183991106170094,28.346604119625145,43.0623973727422,50.0,48.877376252555855,37.68178770489739,1.0,2,3,3,3,2,3,37.68178770489739
2018-08-17,37.714285714285715,29.98148148148148,29.79072376892546,43.0623973727422,50.0,49.647860090601235,37.80715809362427,1.0,2,3,3,3,2,3,37.80715809362427
2018-08-20,37.714285714285715,29.761243753470296,32.47561716121096,43.0623973727422,50.0,50.60826095582222,38.39612931300123,1.0,2,3,3,3,2,3,38.39612931300123
2018-08-21,37.714285714285715,29.83721790603034,32.418471144341886,43.0623973727422,50.0,51.24776075321537,38.46384491987874,1.0,2,3,3,3,2,3,38.46384491987874
2018-08-22,37.714285714285715,27.398779811425406,33.31277925027253,43.0623973727422,50.0,52.72439632618564,38.30268247944091,1.0,2,3,3,3,2,3,38.30268247944091
2018-08-23,37.714285714285715,26.940133037694014,35.109699272991776,43.0623973727422,50.0,53.60768673864591,38.65866617048451,1.0,2,3,3,3,2,3,38.65866617048451
2018-08-24,37.714285714285715,25.687903970452446,35.49523609638801,43.0623973727422,50.0,55.04735577432219,38.62929462528307,1.0,2,3,3,3,2,3,38.62929462528307
2018-08-27,37.714285714285715,25.41528239202658,33.68357719497424,43.0623973727422,50.0,55.780929234674424,38.28579587535037,1.0,2,3,3,3,2,3,38.28579587535037
2018-08-28,37.714285714285715,28.435712968087074,28.40870596977258,43.0623973727422,50.0,52.75349782539271,37.53216460459396,1.0,2,3,3,3,2,3,37.53216460459396
2018-08-29,37.714285714285715,27.286135693215343,27.632428296663715,43.0623973727422,50.0,53.81981562260938,37.253625394719506,1.0,2,3,3,3,2,3,37.253625394719506
2018-08-30,37.714285714285715,30.25612677353971,23.60275587465499,43.0623973727422,50.0,51.79527372451557,36.839234936573256,1.0,2,3,3,3,2,3,36.839234936573256
2018-08-31,37.714285714285715,28.895027624309392,24.195357503898084,43.0623973727422,50.0,52.89069397065154,36.79507745718941,1.0,2,3,3,3,2,3,36.79507745718941
2018-09-04,37.714285714285715,28.90668139149641,25.26184493489158,43.0623973727422,50.0,52.92127000655814,37.01376330041617,1.0,2,3,3,3,2,3,37.01376330041617
2018-09-05,37.714285714285715,31.916850625459897,23.472136323903907,43.0623973727422,50.0,49.622252443314366,36.92795366868695,1.0,2,3,3,3,2,3,36.92795366868695
2018-09-06,37.714285714285715,33.62750505607649,22.379783669045896,43.0623973727422,50.0,48.193685313884764,36.908757310895716,1.0,2,3,3,3,2,3,36.908757310895716
2018-09-07,37.714285714285715,33.167952958471155,23.547633399825273,43.0623973727422,50.0,48.655371845014045,37.09658549064345,1.0,2,3,3,3,2,3,37.09658549064345
2018-09-10,37.714285714285715,27.346189164370976,30.02158825544657,43.0623973727422,50.0,51.852854719650196,37.54677199041129,1.0,2,3,3,3,2,3,37.54677199041129
2018-09-11,37.714285714285715,27.055800293685756,27.377567671698284,43.0623973727422,50.0,53.18310182343209,37.09291480990278,1.0,2,3,3,3,2,3,37.09291480990278
2018-09-12,37.714285714285715,25.26141992294992,29.64793610848975,43.0623973727422,50.0,55.13570257127435,37.38337249789813,1.0,2,3,3,3,2,3,37.38337249789813
2018-09-13,37.714285714285715,26.92519251925193,26.60859358529451,43.0623973727422,50.0,56.74825173284809,37.26951342867686,1.0,2,3,3,3,2,3,37.26951342867686
2018-09-14,37.714285714285715,25.69177203591717,27.910098068927724,43.0623973727422,50.0,58.2649872174679,37.434803777198525,1.0,2,3,3,3,2,3,37.434803777198525
2018-09-17,37.714285714285715,25.989010989010985,32.04961858409037,43.0623973727422,50.0,57.5577632452717,38.2514332736302,1.0,2,3,3,3,2,3,38.2514332736302
2018-09-18,19.56233421750663,12.319238513637199,40.14346603302559,46.053639846743295,4.999999999999999,57.30630029041962,28.52180046976267,1.0,2,3,3,3,2,3,28.52180046976267
2018-09-19,19.56233421750663,11.39773143066228,42.32300345078181,46.053639846743295,4.999999999999999,74.82242001091531,30.525018508768504,1.0,2,3,3,3,2,3,30.525018508768504
2018-09-20,19.56233421750663,10.001828487840552,46.5069481125786,46.053639846743295,4.999999999999999,76.99430331598504,31.299815183070486,1.0,2,3,3,3,2,3,31.299815183070486
2018-09-21,19.56233421750663,8.954678362573098,51.9004260849436,46.053639846743295,4.999999999999999,80.5985682256723,32.529507243458724,1.0,2,3,3,3,2,3,32.529507243458724
2018-09-24,19.56233421750663,8.602739726027398,52.42662472167156,46.053639846743295,4.999999999999999,81.40601699946308,32.64510412087425,1.0,2,3,3,3,2,3,32.64510412087425
2018-09-25,19.56233421750663,7.648776925885363,54.536194643343535,46.053639846743295,4.999999999999999,83.54171561973284,33.08979540720722,1.0,2,3,3,3,2,3,33.08979540720722
2018-09-26,19.56233421750663,7.881773399014776,53.75702414019763,46.053639846743295,4.999999999999999,83.2873432566548,32.95512336489611,1.0,2,3,3,3,2,3,32.95512336489611
2018-09-27,19.56233421750663,7.786287381473378,51.22695588908258,46.053639846743295,4.999999999999999,83.65437670792248,32.46671585629159,1.0,2,3,3,3,2,3,32.46671585629159
2018-09-28,19.56233421750663,8.146528157463091,49.722803850740945,46.053639846743295,4.999999999999999,82.96947259584405,32.169443192613365,1.0,2,3,3,3,2,3,32.169443192613365
2018-10-01,19.56233421750663,7.504553734061932,50.769365441980796,46.053639846743295,4.999999999999999,84.35749400585807,32.389162767182505,1.0,2,3,3,3,2,3,32.389162767182505
2018-10-02,19.56233421750663,10.64991807755325,41.95353595632836,46.053639846743295,4.999999999999999,76.86163585201854,30.505483923366327,1.0,2,3,3,3,2,3,30.505483923366327
2018-10-03,19.56233421750663,11.208151382823871,39.10809722847564,46.053639846743295,4.999999999999999,75.34307830528923,29.89618708417698,1.0,2,3,3,3,2,3,29.89618708417698
2018-10-04,19.56233421750663,11.802145844699037,38.272330984517005,46.053639846743295,4.999999999999999,74.66193239082234,29.779718136313594,1.0,2,3,3,3,2,3,29.779718136313594
2018-10-05,19.56233421750663,12.141039621955656,38.99419155295913,46.053639846743295,4.999999999999999,74.16884606917432,29.94256037328854,1.0,2,3,3,3,2,3,29.94256037328854
2018-10-08,19.56233421750663,12.11625794732062,40.72491203088024,46.053639846743295,4.999999999999999,74.40011163964421,30.306874690992746,1.0,2,3,3,3,2,3,30.306874690992746
2018-10-09,19.56233421750663,13.307915758896149,39.613244948374785,46.053639846743295,4.999999999999999,71.77817617235162,30.060679290077502,1.0,2,3,3,3,2,3,30.060679290077502
2018-10-10,19.56233421750663,15.078933043004897,37.25024653949589,46.053639846743295,4.999999999999999,66.2811709009982,29.39258253798813,1.0,2,3,3,3,2,3,29.39258253798813
2018-10-11,19.56233421750663,15.469713456655787,35.416602271386886,46.053639846743295,4.999999999999999,66.06233507441904,29.08212618443859,1.0,2,3,3,3,2,3,29.08212618443859
2018-10-12,19.56233421750663,15.135037157875656,35.02683308767513,46.053639846743295,4.999999999999999,67.30999741492639,29.062003321990947,1.0,2,3,3,3,2,3,29.062003321990947
2018-10-15,19.56233421750663,15.362318840579714,36.73275815358867,46.053639846743295,4.999999999999999,67.42435744784984,29.460080675006814,1.0,2,3,3,3,2,3,29.460080675006814
2018-10-16,19.56233421750663,14.267608183957995,37.988125091577736,46.053639846743295,4.999999999999999,69.2943122042016,29.67920740691546,1.0,2,3,3,3,2,3,29.67920740691546
2018-10-17,19.56233421750663,14.56749909518639,34.8401767579039,46.053639846743295,4.999999999999999,67.7175885471939,28.9519235567256,1.0,2,3,3,3,2,3,28.9519235567256
2018-10-18,19.56233421750663,15.23783686019172,34.57013152221655,46.053639846743295,4.999999999999999,66.27545202686017,28.88776841055582,1.0,2,3,3,3,2,3,28.88776841055582
2018-10-19,19.56233421750663,14.895155459146784,38.660237552198225,46.053639846743295,4.999999999999999,66.89799830050117,29.699507963707273,1.0,2,3,3,3,2,3,29.699507963707273
2018-10-22,19.56233421750663,14.471544715447157,39.660931781363914,46.053639846743295,4.999999999999999,68.10249321006444,29.93537415175681,1.0,2,3,3,3,2,3,29.93537415175681
2018-10-23,19.56233421750663,14.463705308775731,40.10248330522475,46.053639846743295,4.999999999999999,68.39197084075748,30.051064338264,1.0,2,3,3,3,2,3,30.051064338264
2018-10-24,19.56233421750663,15.881609817722433,41.231424473098706,46.053639846743295,4.999999999999999,63.76166797768644,30.09740318732102,1.0,2,3,3,3,2,3,30.09740318732102
2018-10-25,19.56233421750663,14.502164502164504,45.10610327492868,46.053639846743295,4.999999999999999,65.77111161765403,30.79739424857219,1.0,2,3,3,3,2,3,30.79739424857219
2018-10-26,19.56233421750663,15.521903731746889,42.6678195620042,46.053639846743295,4.999999999999999,64.26517355453365,30.363091545591736,1.0,2,3,3,3,2,3,30.363091545591736
2018-10-29,19.56233421750663,15.819819819819816,42.14508294593575,46.053639846743295,4.999999999999999,63.737618459780286,30.26537193051729,1.0,2,3,3,3,2,3,30.26537193051729
2018-10-30,19.56233421750663,13.794345398883486,49.938104233208875,46.053639846743295,4.999999999999999,65.23883307481843,31.569002765288467,1.0,2,3,3,3,2,3,31.569002765288467
2018-10-31,19.56233421750663,13.282937365010797,47.3384535636753,46.053639846743295,4.999999999999999,67.08180960605755,31.131088677731128,1.0,2,3,3,3,2,3,31.131088677731128
2018-11-01,19.56233421750663,13.79744558373808,44.956261054230964,46.053639846743295,4.999999999999999,66.60068745636538,30.709439604618503,1.0,2,3,3,3,2,3,30.709439604618503
2018-11-02,19.56233421750663,13.358504135203168,47.71397098308265,46.053639846743295,4.999999999999999,68.0286192807404,31.315986483119357,1.0,2,3,3,3,2,3,31.315986483119357
2018-11-05,19.56233421750663,12.955974842767294,49.04282640985384,46.053639846743295,4.999999999999999,68.89617828487084,31.588007610399465,1.0,2,3,3,3,2,3,31.588007610399465
2018-11-06,19.56233421750663,12.35632183908046,48.55480790912814,46.053639846743295,4.999999999999999,69.88564993890608,31.469420474920483,1.0,2,3,3,3,2,3,31.469420474920483
2018-11-07,19.56233421750663,10.464907556991566,50.83069681687443,46.053639846743295,4.999999999999999,72.99601466192568,31.85735187235392,1.0,2,3,3,3,2,3,31.85735187235392
2018-11-08,19.56233421750663,10.21707929673484,50.444135630314534,46.053639846743295,4.999999999999999,73.69199367657234,31.800071884455264,1.0,2,3,3,3,2,3,31.800071884455264
2018-11-09,19.56233421750663,9.915725300340682,53.83826939902915,46.053639846743295,4.999999999999999,75.37579565622168,32.587008036884285,1.0,2,3,3,3,2,3,32.587008036884285
2018-11-12,19.56233421750663,12.562724014336915,48.97512683078622,46.053639846743295,4.999999999999999,66.01019821674349,31.20721952208713,1.0,2,3,3,3,2,3,31.20721952208713
2018-11-13,19.56233421750663,11.73204370410174,50.87530014257261,46.053639846743295,4.999999999999999,67.38805336337202,31.558903637060226,1.0,2,3,3,3,2,3,31.558903637060226
2018-11-14,19.56233421750663,13.61439312567132,50.423839921903145,46.053639846743295,4.999999999999999,63.732579319425696,31.479534072845617,1.0,2,3,3,3,2,3,31.479534072845617
2018-11-15,19.56233421750663,9.858650921452854,57.640496066105584,46.053639846743295,4.999999999999999,66.35327447645626,32.43378637654547,1.0,2,3,3,3,2,3,32.43378637654547
2018-11-16,19.56233421750663,8.88769670958512,58.72395350378693,46.053639846743295,4.999999999999999,68.27908429073204,32.64886800313576,1.0,2,3,3,3,2,3,32.64886800313576
2018-11-19,19.56233421750663,11.742627345844504,54.12754750427936,46.053639846743295,4.999999999999999,59.19282110543938,31.391946611956865,1.0,2,3,3,3,2,3,31.391946611956865
2018-11-20,19.56233421750663,14.719542693819221,49.53628861184593,46.053639846743295,4.999999999999999,52.7890323736035,30.428699029881535,1.0,2,3,3,3,2,3,30.428699029881535
2018-11-21,19.56233421750663,14.211747902160324,51.991413292214936,46.053639846743295,4.999999999999999,53.25264653954817,30.864526424218024,1.0,2,3,3,3,2,3,30.864526424218024
2018-11-23,19.56233421750663,14.079229122055677,50.21139645950349,46.053639846743295,4.999999999999999,54.09883890135999,30.566638537835985,1.0,2,3,3,3,2,3,30.566638537835985
2018-11-26,19.56233421750663,14.963438558944178,48.55902785581044,46.053639846743295,4.999999999999999,54.440160466059396,30.447138860945017,1.0,2,3,3,3,2,3,30.447138860945017
2018-11-27,19.56233421750663,16.042780748663098,42.55770185780321,46.053639846743295,4.999999999999999,51.57141636854248,29.17586768953566,1.0,2,3,3,3,2,3,29.17586768953566
2018-11-28,19.56233421750663,15.143417067521822,43.588650388836726,46.053639846743295,4.999999999999999,54.335602146255205,29.478603237285384,1.0,2,3,3,3,2,3,29.478603237285384
2018-11-29,19.56233421750663,15.544871794871796,45.81616711599139,46.053639846743295,4.999999999999999,53.18846588283921,29.889683901844712,1.0,2,3,3,3,2,3,29.889683901844712
2018-11-30,19.56233421750663,13.899270332799432,50.331472163052894,46.053639846743295,4.999999999999999,56.32074224314786,30.776852254873404,1.0,2,3,3,3,2,3,30.776852254873404
2018-12-03,19.56233421750663,11.152614727854855,53.67115875713957,46.053639846743295,4.999999999999999,59.584666231498815,31.221850851536917,1.0,2,3,3,3,2,3,31.221850851536917
2018-12-04,19.56233421750663,13.99111111111111,52.85903730616247,46.053639846743295,4.999999999999999,55.721252610731256,31.240784475915994,1.0,2,3,3,3,2,3,31.240784475915994
2018-12-06,19.56233421750663,17.199715707178395,43.069196679302095,46.053639846743295,4.999999999999999,45.687068506155185,28.92111885929977,1.0,2,3,3,3,2,3,28.92111885929977
2018-12-07,19.56233421750663,17.705558515361393,41.48366297939033,46.053639846743295,4.999999999999999,44.43542508793599,28.580016339132097,1.0,2,3,3,3,2,3,28.580016339132097
2018-12-10,19.56233421750663,17.252396166134186,45.55276565891479,46.053639846743295,4.999999999999999,46.23380465917382,29.483042362315327,1.0,2,3,3,3,2,3,29.483042362315327
2018-12-11,19.56233421750663,17.385133936491037,42.58164370952054,46.053639846743295,4.999999999999999,46.01622970810508,28.893608031400973,1.0,2,3,3,3,2,3,28.893608031400973
2018-12-12,19.56233421750663,16.622340425531913,44.564545754196146,46.053639846743295,4.999999999999999,47.77498317405151,29.313505084738914,1.0,2,3,3,3,2,3,29.313505084738914
2018-12-13,19.56233421750663,16.781853623958888,46.73402775610532,46.053639846743295,4.999999999999999,47.61504688998584,29.76331049639958,1.0,2,3,3,3,2,3,29.76331049639958
2018-12-14,19.56233421750663,17.392844491675525,46.01405888046303,46.053639846743295,4.999999999999999,46.15570877634244,29.595581083450107,1.0,2,3,3,3,2,3,29.595581083450107
2018-12-17,19.56233421750663,18.21561338289963,42.385026396750526,46.053639846743295,4.999999999999999,43.94840012550084,28.81359749986827,1.0,2,3,3,3,2,3,28.81359749986827
2018-12-18,20.74074074074074,45.046001415428165,49.279834569245956,35.59139784946237,27.419354838709676,42.73123539450184,36.40412108286051,1.0,2,3,3,3,2,3,36.40412108286051
2018-12-19,20.74074074074074,43.306808134394345,57.618312495405476,35.59139784946237,27.419354838709676,44.83717321609695,37.934571794045176,1.0,2,3,3,3,2,3,37.934571794045176
2018-12-20,20.74074074074074,44.026157652880876,53.76886731533656,35.59139784946237,27.419354838709676,45.48307095348104,37.3731424354671,1.0,2,3,3,3,2,3,37.3731424354671
2018-12-21,20.74074074074074,49.5848789966437,46.555295817117795,35.59139784946237,27.419354838709676,36.51907279306027,36.145772588533845,1.0,2,3,3,3,2,3,36.145772588533845
2018-12-24,20.74074074074074,52.56002824858758,45.47965802826162,35.59139784946237,27.419354838709676,33.347718367468644,36.20853943859221,1.0,2,3,3,3,2,3,36.20853943859221
2018-12-26,20.74074074074074,48.01482265749073,47.467320375372616,35.59139784946237,27.419354838709676,35.27815662830716,35.8900746158789,1.0,2,3,3,3,2,3,35.8900746158789
2018-12-27,20.74074074074074,47.01940035273368,47.96231951669864,35.59139784946237,27.419354838709676,35.69646923665006,35.83182124402698,1.0,2,3,3,3,2,3,35.83182124402698
2018-12-28,20.74074074074074,47.32945531464834,45.79204107646908,35.59139784946237,27.419354838709676,35.42816554193875,35.43294617889287,1.0,2,3,3,3,2,3,35.43294617889287
2018-12-31,20.74074074074074,46.5292459478506,47.4863048519034,35.59139784946237,27.419354838709676,35.980526466164875,35.666993153042796,1.0,2,3,3,3,2,3,35.666993153042796
2019-01-02,20.74074074074074,46.258144039443565,46.42487487480692,35.59139784946237,27.419354838709676,36.18268350293028,35.42070247961863,1.0,2,3,3,3,2,3,35.42070247961863
2019-01-03,20.74074074074074,47.51847940865892,49.827841026228015,35.59139784946237,27.419354838709676,36.272162836463124,36.36231071709921,1.0,2,3,3,3,2,3,36.36231071709921
2019-01-04,20.74074074074074,42.53298153034301,54.362053118913735,35.59139784946237,27.419354838709676,38.99452549362839,36.544289825689695,1.0,2,3,3,3,2,3,36.544289825689695
2019-01-07,20.74074074074074,40.98101265822785,53.93525334788875,35.59139784946237,27.419354838709676,40.53561927441169,36.30264547514,1.0,2,3,3,3,2,3,36.30264547514
2019-01-08,20.74074074074074,40.1862590054472,51.00728926788835,35.59139784946237,27.419354838709676,41.840131024300156,35.68855310357264,1.0,2,3,3,3,2,3,35.68855310357264
2019-01-09,20.74074074074074,40.37583421145065,47.602743696732546,35.59139784946237,27.419354838709676,41.78990989481801,35.04053691759395,1.0,2,3,3,3,2,3,35.04053691759395
2019-01-10,20.74074074074074,40.30191328769528,46.77171781183668,35.59139784946237,27.419354838709676,42.141064480744376,34.89466301445634,1.0,2,3,3,3,2,3,34.89466301445634
2019-01-11,20.74074074074074,39.175438596491226,49.90431445972596,35.59139784946237,27.419354838709676,44.3513678240804,35.516917740126985,1.0,2,3,3,3,2,3,35.516917740126985
2019-01-14,20.74074074074074,39.48798877783623,50.46741943123698,35.59139784946237,27.419354838709676,43.735094120746545,35.63042140036481,1.0,2,3,3,3,2,3,35.63042140036481
2019-01-15,20.74074074074074,38.92393971258325,49.70803197982765,35.59139784946237,27.419354838709676,45.625425801948246,35.55476726515251,1.0,2,3,3,3,2,3,35.55476726515251
2019-01-16,20.74074074074074,39.936941671045716,47.306885670262396,35.59139784946237,27.419354838709676,44.47558678183909,35.16215449292104,1.0,2,3,3,3,2,3,35.16215449292104
2019-01-17,20.74074074074074,38.32282913165266,47.81291114324803,35.59139784946237,27.419354838709676,47.00720593688154,35.193698995143805,1.0,2,3,3,3,2,3,35.193698995143805
2019-01-18,20.74074074074074,36.29046369203849,50.427088805785914,35.59139784946237,27.419354838709676,49.97563046468961,35.60690389250935,1.0,2,3,3,3,2,3,35.60690389250935
2019-01-22,20.74074074074074,37.425673312346966,50.06595350420236,35.59139784946237,27.419354838709676,48.911288722091584,35.655284581994536,1.0,2,3,3,3,2,3,35.655284581994536
2019-01-23,20.74074074074074,36.37475965740255,51.157325133821544,35.59139784946237,27.419354838709676,49.994732954945164,35.77172060021484,1.0,2,3,3,3,2,3,35.77172060021484
2019-01-24,20.74074074074074,36.53039832285116,48.768654198015135,35.59139784946237,27.419354838709676,49.957051035226094,35.32134595417138,1.0,2,3,3,3,2,3,35.32134595417138
2019-01-25,20.74074074074074,34.34607997206216,50.65386730554877,35.59139784946237,27.419354838709676,51.91193897520594,35.45701369951829,1.0,2,3,3,3,2,3,35.45701369951829
2019-01-28,20.74074074074074,35.34031413612566,50.098676449737944,35.59139784946237,27.419354838709676,51.36539971352303,35.490168435000534,1.0,2,3,3,3,2,3,35.490168435000534
2019-01-29,20.74074074074074,34.95552066980638,50.12159749365066,35.59139784946237,27.419354838709676,52.16852125636451,35.49810610480337,1.0,2,3,3,3,2,3,35.49810610480337
2019-01-30,20.74074074074074,31.642259414225943,52.79628926517336,35.59139784946237,27.419354838709676,55.30825027526139,35.68436510988151,1.0,2,3,3,3,2,3,35.68436510988151
2019-01-31,20.74074074074074,32.28785502700819,52.56369608863015,35.59139784946237,27.419354838709676,55.48111588226101,35.78425215782928,1.0,2,3,3,3,2,3,35.78425215782928
2019-02-01,20.74074074074074,30.059212817833508,56.795992576500296,35.59139784946237,27.419354838709676,58.70767792730081,36.507639218072356,1.0,2,3,3,3,2,3,36.507639218072356
2019-02-04,20.74074074074074,29.382071366405572,56.76211604992183,35.59139784946237,27.419354838709676,59.55880375217154,36.450548204958146,1.0,2,3,3,3,2,3,36.450548204958146
2019-02-05,20.74074074074074,28.514265831593598,58.72657157169442,35.59139784946237,27.419354838709676,60.91379025674974,36.80537685280809,1.0,2,3,3,3,2,3,36.80537685280809
2019-02-06,20.74074074074074,28.447226569292294,62.80108823086977,35.59139784946237,27.419354838709676,61.13347176788807,37.62884048329673,1.0,2,3,3,3,2,3,37.62884048329673
2019-02-07,20.74074074074074,32.481751824817515,57.22615469735961,35.59139784946237,27.419354838709676,56.309354552646184,36.838347106175554,1.0,2,3,3,3,2,3,36.838347106175554
2019-02-08,20.74074074074074,29.451103005037343,62.57766576110213,35.59139784946237,27.419354838709676,59.70008542443712,37.64159264214712,1.0,2,3,3,3,2,3,37.64159264214712
2019-02-11,20.74074074074074,28.59375,66.84609459579173,35.59139784946237,27.419354838709676,61.105651525030034,38.46436441813685,1.0,2,3,3,3,2,3,38.46436441813685
2019-02-12,20.74074074074074,28.682977615825095,64.50769929872776,35.59139784946237,27.419354838709676,61.64191984520963,38.06815771390705,1.0,2,3,3,3,2,3,38.06815771390705
2019-02-13,20.74074074074074,27.87027402011793,64.6672014961263,35.59139784946237,27.419354838709676,62.60251141889937,38.03357659161429,1.0,2,3,3,3,2,3,38.03357659161429
2019-02-14,20.74074074074074,27.68244063095857,65.01741854448719,35.59139784946237,27.419354838709676,64.29073498883076,38.234875680447736,1.0,2,3,3,3,2,3,38.234875680447736
2019-02-15,20.74074074074074,26.888426888426892,63.23799772237885,35.59139784946237,27.419354838709676,65.75752448965872,37.86686771760253,1.0,2,3,3,3,2,3,37.86686771760253
2019-02-19,20.74074074074074,26.00865800865801,63.03862496876741,35.59139784946237,27.419354838709676,67.39945181889375,37.81523212384997,1.0,2,3,3,3,2,3,37.81523212384997
2019-02-20,20.74074074074074,26.791277258566975,62.37983919573136,35.59139784946237,27.419354838709676,69.04639589417353,38.00469322675253,1.0,2,3,3,3,2,3,38.00469322675253
2019-02-21,20.74074074074074,25.774087528109323,64.6183092886171,35.59139784946237,27.419354838709676,70.3988083634246,38.38419054616325,1.0,2,3,3,3,2,3,38.38419054616325
2019-02-22,20.74074074074074,24.844398340248965,66.75781841379992,35.59139784946237,27.419354838709676,72.5953558619662,38.84580928348191,1.0,2,3,3,3,2,3,38.84580928348191
2019-02-25,20.74074074074074,24.624157594608604,65.91478563144388,35.59139784946237,27.419354838709676,73.45044805714048,38.718663797400055,1.0,2,3,3,3,2,3,38.718663797400055
2019-02-26,20.74074074074074,24.525043177892915,64.98293403669645,35.59139784946237,27.419354838709676,73.56588545995642,38.524014335389026,1.0,2,3,3,3,2,3,38.524014335389026
2019-02-27,20.74074074074074,25.254617641981703,62.86384714487253,35.59139784946237,27.419354838709676,71.95767694788405,38.08529099863476,1.0,2,3,3,3,2,3,38.08529099863476
2019-02-28,20.74074074074074,25.845410628019323,63.48671185673539,35.59139784946237,27.419354838709676,70.79858599222933,38.21211344264938,1.0,2,3,3,3,2,3,38.21211344264938
2019-03-01,20.74074074074074,24.797378858423865,67.15560810229887,35.59139784946237,27.419354838709676,72.88349423428474,38.94477716204853,1.0,2,3,3,3,2,3,38.94477716204853
2019-03-04,20.74074074074074,26.180627369872454,67.08118049400022,35.59139784946237,27.419354838709676,71.12190776150523,39.03038269540057,1.0,2,3,3,3,2,3,39.03038269540057
2019-03-05,20.74074074074074,25.391903531438416,68.50004248641523,35.59139784946237,27.419354838709676,72.7268662721088,39.31690617725712,1.0,2,3,3,3,2,3,39.31690617725712
2019-03-06,20.74074074074074,25.43044077134986,67.23125679396036,35.59139784946237,27.419354838709676,73.27167246587828,39.125337106125386,1.0,2,3,3,3,2,3,39.125337106125386
2019-03-07,20.74074074074074,24.52245740836345,68.17907771508409,35.59139784946237,27.419354838709676,75.20317993887167,39.32645536505218,1.0,2,3,3,3,2,3,39.32645536505218
2019-03-08,20.74074074074074,23.993808049535602,68.196524188824,35.59139784946237,27.419354838709676,76.99563274892874,39.40346006904031,1.0,2,3,3,3,2,3,39.40346006904031
2019-03-11,20.74074074074074,24.342444559051057,64.88818200759337,35.59139784946237,27.419354838709676,78.12067342064753,38.92402300186915,1.0,2,3,3,3,2,3,38.92402300186915
2019-03-12,20.74074074074074,23.848797250859107,64.62011528498707,35.59139784946237,27.419354838709676,79.77927492684479,38.93754034632922,1.0,2,3,3,3,2,3,38.93754034632922
2019-03-13,20.74074074074074,23.201099089816246,63.346118980054136,35.59139784946237,27.419354838709676,79.9895414418434,38.574228104633924,1.0,2,3,3,3,2,3,38.574228104633924
2019-03-14,20.74074074074074,23.257809818056984,64.43472411485949,35.59139784946237,27.419354838709676,79.33154459812867,38.73749159287167,1.0,2,3,3,3,2,3,38.73749159287167
2019-03-15,59.67741935483871,34.20826899982845,62.92119873965495,26.276881720430108,25.0,79.47412984784229,48.7341936294551,1.0,2,3,3,3,2,3,48.7341936294551
2019-03-18,59.67741935483871,32.37311385459534,66.15106544901064,26.276881720430108,25.0,80.48105730408973,49.11382868790437,1.0,2,3,3,3,2,3,49.11382868790437
2019-03-19,59.67741935483871,30.162810625535556,67.39145042097971,26.276881720430108,25.0,80.92454610226794,48.96419391630404,1.0,2,3,3,3,2,3,48.96419391630404
2019-03-20,59.67741935483871,35.52586502226791,62.142046299641464,26.276881720430108,25.0,72.80018592566769,48.17448795372284,1.0,2,3,3,3,2,3,48.17448795372284
2019-03-21,59.67741935483871,30.157507276151346,75.3657274950799,26.276881720430108,25.0,78.33060405159294,50.298594456179735,1.0,2,3,3,3,2,3,50.298594456179735
2019-03-22,59.67741935483871,35.07871321013005,72.57914260669347,26.276881720430108,25.0,70.9483013461083,49.987288394749726,1.0,2,3,3,3,2,3,49.987288394749726
2019-03-25,59.67741935483871,35.14622883530015,73.98582165259025,26.276881720430108,25.0,70.9303256731812,50.28032976167039,1.0,2,3,3,3,2,3,50.28032976167039
2019-03-26,59.67741935483871,32.99145299145299,76.01909134516907,26.276881720430108,25.0,79.15552949850543,51.078548913949156,1.0,2,3,3,3,2,3,51.078548913949156
2019-03-27,59.67741935483871,34.888091576969074,72.1859163715075,26.276881720430108,25.0,80.93987990632098,50.86967667710161,1.0,2,3,3,3,2,3,50.86967667710161
2019-03-28,59.67741935483871,33.31625683060109,73.97686830972707,26.276881720430108,25.0,86.48440077203081,51.467952202042916,1.0,2,3,3,3,2,3,51.467952202042916
2019-03-29,59.67741935483871,31.54121863799283,75.57960508162459,26.276881720430108,25.0,89.20518188832477,51.70557002953015,1.0,2,3,3,3,2,3,51.70557002953015
2019-04-01,59.67741935483871,27.959740702831798,77.19170656778122,26.276881720430108,25.0,90.77363752169703,51.468540303066504,1.0,2,3,3,3,2,3,51.468540303066504
2019-04-02,59.67741935483871,29.650468883205455,76.17423379642099,26.276881720430108,25.0,87.91925999540601,51.31775363224009,1.0,2,3,3,3,2,3,51.31775363224009
2019-04-03,59.67741935483871,30.061349693251536,75.75128485093062,26.276881720430108,25.0,87.05738841684935,51.22915284729555,1.0,2,3,3,3,2,3,51.22915284729555
2019-04-04,59.67741935483871,31.170158405723047,76.10041052859955,26.276881720430108,25.0,86.06887750691948,51.421888634330664,1.0,2,3,3,3,2,3,51.421888634330664
2019-04-05,59.67741935483871,30.745658835546475,76.33789657626373,26.276881720430108,25.0,90.81401419069772,51.858999598206005,1.0,2,3,3,3,2,3,51.858999598206005
2019-04-08,59.67741935483871,31.64880040837162,76.83692055352914,26.276881720430108,25.0,90.21449777216878,52.07948106637122,1.0,2,3,3,3,2,3,52.07948106637122
2019-04-09,59.67741935483871,31.088435374149658,76.16159718759886,26.276881720430108,25.0,91.03323592263001,51.9142172013869,1.0,2,3,3,3,2,3,51.9142172013869
2019-04-10,59.67741935483871,30.54563997960224,74.96955297190028,26.276881720430108,25.0,93.3182585360061,51.795751540675305,1.0,2,3,3,3,2,3,51.795751540675305
2019-04-11,59.67741935483871,31.396534148827726,76.33466377650824,26.276881720430108,25.0,92.28170995921921,52.13529767776331,1.0,2,3,3,3,2,3,52.13529767776331
2019-04-12,59.67741935483871,28.086262523348616,76.93304749340665,26.276881720430108,25.0,94.95985218319399,51.86073431844465,1.0,2,3,3,3,2,3,51.86073431844465
2019-04-15,59.67741935483871,27.630685675492188,76.78020300531442,26.276881720430108,25.0,94.9200186433856,51.73506669727408,1.0,2,3,3,3,2,3,51.73506669727408
2019-04-16,59.67741935483871,27.854113655640372,77.73229214123918,26.276881720430108,25.0,93.9127205204303,51.86944030819314,1.0,2,3,3,3,2,3,51.86944030819314
2019-04-17,59.67741935483871,28.280773143438452,76.00244084468572,26.276881720430108,25.0,93.82268699193399,51.599798593592425,1.0,2,3,3,3,2,3,51.599798593592425
2019-04-18,59.67741935483871,28.06304016268429,74.01667402234531,26.276881720430108,25.0,94.13904882617005,51.19073481639711,1.0,2,3,3,3,2,3,51.19073481639711
2019-04-22,59.67741935483871,27.625338753387535,76.70446541491475,26.276881720430108,25.0,94.78415431224579,51.705263361659235,1.0,2,3,3,3,2,3,51.705263361659235
2019-04-23,59.67741935483871,26.781784323683766,74.65547468707281,26.276881720430108,25.0,95.94452017780158,51.24279091670567,1.0,2,3,3,3,2,3,51.24279091670567
2019-04-24,59.67741935483871,26.22673434856176,75.77990125270578,26.276881720430108,25.0,96.1302959597561,51.375243813003316,1.0,2,3,3,3,2,3,51.375243813003316
2019-04-25,59.67741935483871,26.61931337730425,75.7173891115373,26.276881720430108,25.0,94.12929092573329,51.241156687115826,1.0,2,3,3,3,2,3,51.241156687115826
2019-04-26,59.67741935483871,25.388776200135226,75.36413150006607,26.276881720430108,25.0,95.5833487000033,51.069803506814786,1.0,2,3,3,3,2,3,51.069803506814786
2019-04-29,59.67741935483871,26.5416455482345,72.10708614825168,26.276881720430108,25.0,93.36951453782608,50.42758488985404,1.0,2,3,3,3,2,3,50.42758488985404
2019-04-30,59.67741935483871,25.70077676460655,75.85344057822482,26.276881720430108,25.0,94.21255003717587,51.09298556905806,1.0,2,3,3,3,2,3,51.09298556905806
2019-05-01,59.67741935483871,27.10548523206751,74.29536544428778,26.276881720430108,25.0,92.08526611305889,50.84958384335115,1.0,2,3,3,3,2,3,50.84958384335115
2019-05-02,59.67741935483871,28.070175438596497,70.78805239627611,26.276881720430108,25.0,90.46939596998368,50.17947226074709,1.0,2,3,3,3,2,3,50.17947226074709
2019-05-03,59.67741935483871,27.432136233350192,67.91033431741349,26.276881720430108,25.0,91.7269554187567,49.6020767488026,1.0,2,3,3,3,2,3,49.6020767488026
2019-05-06,59.67741935483871,27.19919110212336,71.88917943454612,26.276881720430108,25.0,92.29323553272837,50.40788475738093,1.0,2,3,3,3,2,3,50.40788475738093
2019-05-07,59.67741935483871,30.95839649654708,71.60245446038117,26.276881720430108,25.0,88.15945495013246,50.68900278317309,1.0,2,3,3,3,2,3,50.68900278317309
2019-05-08,59.67741935483871,31.043771043771045,68.34486435762409,26.276881720430108,25.0,88.2006279552697,50.058676972580194,1.0,2,3,3,3,2,3,50.058676972580194
2019-05-09,59.67741935483871,29.61467272421336,69.90606572762968,26.276881720430108,25.0,89.52071694937253,50.21710648208005,1.0,2,3,3,3,2,3,50.21710648208005
2019-05-10,59.67741935483871,27.783383787420117,71.04214185100412,26.276881720430108,25.0,91.65472660730711,50.291464885189754,1.0,2,3,3,3,2,3,50.291464885189754
2019-05-13,59.67741935483871,33.484619263741806,68.99077674330485,26.276881720430108,25.0,86.19217162707261,50.475183460890776,1.0,2,3,3,3,2,3,50.475183460890776
2019-05-14,59.67741935483871,30.25873655913978,71.54333944084856,26.276881720430108,25.0,88.54962478231349,50.5762647750032,1.0,2,3,3,3,2,3,50.5762647750032
2019-05-15,59.67741935483871,28.312342569269518,69.9880075405143,26.276881720430108,25.0,90.23731455001088,50.04468857373205,1.0,2,3,3,3,2,3,50.04468857373205
2019-05-16,59.67741935483871,27.794561933534744,68.75944931386351,26.276881720430108,25.0,90.84827942614736,49.75651728886858,1.0,2,3,3,3,2,3,49.75651728886858
2019-05-17,59.67741935483871,28.627747022311695,68.61026083755873,26.276881720430108,25.0,89.97081854631679,49.80557052337996,1.0,2,3,3,3,2,3,49.80557052337996
2019-05-20,59.67741935483871,32.863849765258216,67.50816287267368,26.276881720430108,25.0,85.59046230803048,49.99433585516363,1.0,2,3,3,3,2,3,49.99433585516363
2019-05-21,59.67741935483871,30.082118317412437,66.88203191046857,26.276881720430108,25.0,87.37541241384186,49.49125838373458,1.0,2,3,3,3,2,3,49.49125838373458
2019-05-22,59.67741935483871,29.91624790619765,64.43110681578278,26.276881720430108,25.0,88.18236369462502,49.04859441063278,1.0,2,3,3,3,2,3,49.04859441063278
2019-05-23,59.67741935483871,34.99079189686925,61.46769206726827,26.276881720430108,25.0,82.62494587401706,48.915078477003405,1.0,2,3,3,3,2,3,48.915078477003405
2019-05-24,59.67741935483871,36.43741633199465,59.388703734870205,26.276881720430108,25.0,81.78901939219566,48.705013049366734,1.0,2,3,3,3,2,3,48.705013049366734
2019-05-28,59.67741935483871,40.32446897474494,55.67458196122082,26.276881720430108,25.0,76.18933042353638,48.17963032632098,1.0,2,3,3,3,2,3,48.17963032632098
2019-05-29,59.67741935483871,40.554998328318284,53.9292372165435,26.276881720430108,25.0,76.07692425511175,47.86542663125772,1.0,2,3,3,3,2,3,47.86542663125772
2019-05-30,59.67741935483871,40.45112781954887,59.05523188716179,26.276881720430108,25.0,76.60981284739576,48.9231403228559,1.0,2,3,3,3,2,3,48.9231403228559
2019-05-31,59.67741935483871,45.791583166332664,55.48527356864459,26.276881720430108,25.0,70.7183530897158,48.68809375274122,1.0,2,3,3,3,2,3,48.68809375274122
2019-06-03,59.67741935483871,48.105491570689374,57.67860197912683,26.276881720430108,25.0,69.62964263381501,49.48067007011894,1.0,2,3,3,3,2,3,49.48067007011894
2019-06-04,59.67741935483871,39.17250583917251,63.108873122448706,26.276881720430108,25.0,73.40540644730417,49.15770353382886,1.0,2,3,3,3,2,3,49.15770353382886
2019-06-05,59.67741935483871,38.76938469234618,62.105573741821594,26.276881720430108,25.0,73.73201587423858,48.9090803710316,1.0,2,3,3,3,2,3,48.9090803710316
2019-06-06,59.67741935483871,37.133333333333326,62.24492465820507,26.276881720430108,25.0,75.29113459180205,48.765652154262085,1.0,2,3,3,3,2,3,48.765652154262085
2019-06-07,59.67741935483871,34.21622522072297,60.9209287533475,26.276881720430108,25.0,77.20929578977217,48.109247470565506,1.0,2,3,3,3,2,3,48.109247470565506
2019-06-10,59.67741935483871,30.952380952380953,69.91576910927266,26.276881720430108,25.0,79.75972939685677,49.51049004879059,1.0,2,3,3,3,2,3,49.51049004879059
2019-06-11,59.67741935483871,31.402895656515227,67.28622455948997,26.276881720430108,25.0,79.42978319931903,49.04168945990714,1.0,2,3,3,3,2,3,49.04168945990714
2019-06-12,59.67741935483871,32.950765136393876,63.74142039082907,26.276881720430108,25.0,78.13524238651289,48.51284844087008,1.0,2,3,3,3,2,3,48.51284844087008
2019-06-13,59.67741935483871,31.820448877805486,65.80208239772021,26.276881720430108,25.0,78.91545659709037,48.77693901158837,1.0,2,3,3,3,2,3,48.77693901158837
2019-06-14,59.67741935483871,34.18909936856098,62.44296420117309,26.276881720430108,25.0,76.34136964245117,48.32143677496613,1.0,2,3,3,3,2,3,48.32143677496613
2019-06-17,59.67741935483871,34.84471018103305,65.23012924634423,26.276881720430108,25.0,75.76672251348207,48.952527233597856,1.0,2,3,3,3,2,3,48.952527233597856
2019-06-18,59.67741935483871,35.83997343957503,59.58879642233844,26.276881720430108,25.0,75.7054191537552,48.017182984532404,1.0,2,3,3,3,2,3,48.017182984532404
2019-06-19,59.67741935483871,36.950389912062384,55.26987930339844,26.276881720430108,25.0,76.17838941531069,47.422779881397425,1.0,2,3,3,3,2,3,47.422779881397425
2019-06-20,62.5,27.628524046434492,77.16475173232486,26.641414141414145,24.242424242424242,74.14076874007583,50.418186575214,1.0,2,3,3,3,2,3,50.418186575214
2019-06-21,62.5,30.217139068456817,75.73482546644149,26.641414141414145,24.242424242424242,69.29384967326455,50.16523241976066,1.0,2,3,3,3,2,3,50.16523241976066
2019-06-24,62.5,28.180914512922467,74.79166070982222,26.641414141414145,24.242424242424242,72.00002293512199,49.83997188351569,1.0,2,3,3,3,2,3,49.83997188351569
2019-06-25,62.5,30.435502566650108,74.03362311633303,26.641414141414145,24.242424242424242,68.53183046808256,49.792462728859434,1.0,2,3,3,3,2,3,49.792462728859434
2019-06-26,62.5,28.351539225422044,74.60466708322086,26.641414141414145,24.242424242424242,70.83977398180117,49.72067320536325,1.0,2,3,3,3,2,3,49.72067320536325
2019-06-27,62.5,28.089330024813897,75.89403821998252,26.641414141414145,24.242424242424242,71.2223951766747,49.9643677120813,1.0,2,3,3,3,2,3,49.9643677120813
2019-06-28,62.5,27.645502645502646,77.68252090809278,26.641414141414145,24.242424242424242,72.72647425362574,50.38370668153621,1.0,2,3,3,3,2,3,50.38370668153621
2019-07-01,62.5,25.15286729466204,77.42492919871228,26.641414141414145,24.242424242424242,73.25501913022494,49.886515757151905,1.0,2,3,3,3,2,3,49.886515757151905
2019-07-02,62.5,24.54575487281136,77.84917612691217,26.641414141414145,24.242424242424242,73.24003348251289,49.84844409365054,1.0,2,3,3,3,2,3,49.84844409365054
2019-07-03,62.5,23.873204556711244,79.68824373498094,26.641414141414145,24.242424242424242,73.42092478481884,50.09983668227487,1.0,2,3,3,3,2,3,50.09983668227487
2019-07-05,62.5,22.904290429042902,79.08591528935031,26.641414141414145,24.242424242424242,73.51870520165797,49.79536620929898,1.0,2,3,3,3,2,3,49.79536620929898
2019-07-08,62.5,22.249711364011215,79.65374820425367,26.641414141414145,24.242424242424242,73.88233125897216,49.814379585004744,1.0,2,3,3,3,2,3,49.814379585004744
2019-07-09,62.5,22.139795581932077,78.63076066501856,26.641414141414145,24.242424242424242,74.09546681835589,49.60911247668027,1.0,2,3,3,3,2,3,49.60911247668027
2019-07-10,62.5,21.20612951062778,78.63804748139329,26.641414141414145,24.242424242424242,74.09778496713776,49.42406844057254,1.0,2,3,3,3,2,3,49.42406844057254
2019-07-11,62.5,21.39328063241107,78.81503676723248,26.641414141414145,24.242424242424242,72.70226827180707,49.35734485256397,1.0,2,3,3,3,2,3,49.35734485256397
2019-07-12,62.5,21.728395061728392,76.69718240896796,26.641414141414145,24.242424242424242,71.55411471833139,48.885981511426955,1.0,2,3,3,3,2,3,48.885981511426955
2019-07-15,62.5,22.416913458374466,73.35487675281087,26.641414141414145,24.242424242424242,70.56408603185437,48.25622119087705,1.0,2,3,3,3,2,3,48.25622119087705
2019-07-16,62.5,24.634106232527543,69.00076010130452,26.641414141414145,24.242424242424242,66.82962409795901,47.45539022201686,1.0,2,3,3,3,2,3,47.45539022201686
2019-07-17,62.5,25.558842866535176,68.1638519599026,26.641414141414145,24.242424242424242,64.42166800512624,47.23216031125473,1.0,2,3,3,3,2,3,47.23216031125473
2019-07-18,62.5,25.365533103334975,68.07317181620672,26.641414141414145,24.242424242424242,65.01361680404052,47.23455720976694,1.0,2,3,3,3,2,3,47.23455720976694
2019-07-19,62.5,26.502463054187192,66.45248172347816,26.641414141414145,24.242424242424242,62.342723274293334,46.87071582841695,1.0,2,3,3,3,2,3,46.87071582841695
2019-07-22,62.5,26.32529131790579,72.13795820642748,26.641414141414145,24.242424242424242,62.59678099444319,47.997782549765525,1.0,2,3,3,3,2,3,47.997782549765525
2019-07-23,62.5,26.820866141732285,66.72052797149487,26.641414141414145,24.242424242424242,62.421794298149905,46.99591279791497,1.0,2,3,3,3,2,3,46.99591279791497
2019-07-24,62.5,25.364813903918677,68.31336146737286,26.641414141414145,24.242424242424242,64.5868969937208,47.23977931908494,1.0,2,3,3,3,2,3,47.23977931908494
2019-07-25,62.5,25.090134382169783,70.45126282606593,26.641414141414145,24.242424242424242,65.2900573659344,47.68273972369513,1.0,2,3,3,3,2,3,47.68273972369513
2019-07-26,62.5,24.766584766584767,70.09824865425111,26.641414141414145,24.242424242424242,66.10734923609397,47.62915615323112,1.0,2,3,3,3,2,3,47.62915615323112
2019-07-29,62.5,25.540275049115913,67.9903950879313,26.641414141414145,24.242424242424242,64.36566655765388,47.188155228629384,1.0,2,3,3,3,2,3,47.188155228629384
2019-07-30,62.5,26.820487645229914,65.89741214477782,26.641414141414145,24.242424242424242,61.826035417884164,46.771638045244515,1.0,2,3,3,3,2,3,46.771638045244515
2019-07-31,62.5,30.50376185803075,66.90903406009642,26.641414141414145,24.242424242424242,56.95955646904377,47.22396937598435,1.0,2,3,3,3,2,3,47.22396937598435
2019-08-01,62.5,31.91106751675658,68.67451645941281,26.641414141414145,24.242424242424242,55.062354478964004,47.66880678858483,1.0,2,3,3,3,2,3,47.66880678858483
2019-08-02,62.5,32.075163398692816,69.32153701421706,26.641414141414145,24.242424242424242,55.201586477675136,47.84495327580404,1.0,2,3,3,3,2,3,47.84495327580404
2019-08-05,62.5,42.02188469704393,62.92680540864831,26.641414141414145,24.242424242424242,45.46384973800867,47.581577540393866,1.0,2,3,3,3,2,3,47.581577540393866
2019-08-06,62.5,41.07084557623246,61.96383253109009,26.641414141414145,24.242424242424242,47.04326846161451,47.356717013080505,1.0,2,3,3,3,2,3,47.356717013080505
2019-08-07,62.5,43.808125305922665,57.41823169846495,26.641414141414145,24.242424242424242,45.37101704915088,46.827827651247155,1.0,2,3,3,3,2,3,46.827827651247155
2019-08-08,62.5,37.573385518590996,63.28296627230826,26.641414141414145,24.242424242424242,47.16445340320183,46.933170243954585,1.0,2,3,3,3,2,3,46.933170243954585
2019-08-09,62.5,41.38549307253464,58.70316497526057,26.641414141414145,24.242424242424242,45.06891446071121,46.57007760108471,1.0,2,3,3,3,2,3,46.57007760108471
2019-08-12,62.5,44.21635711958292,55.91686913334454,26.641414141414145,24.242424242424242,43.928634696031146,46.46496326564315,1.0,2,3,3,3,2,3,46.46496326564315
2019-08-13,62.5,40.92167399446344,58.34896430793014,26.641414141414145,24.242424242424242,45.66020989129071,46.465603195062336,1.0,2,3,3,3,2,3,46.465603195062336
2019-08-14,62.5,48.61653645833333,52.498916152050676,26.641414141414145,24.242424242424242,41.035320118647455,46.37207707939609,1.0,2,3,3,3,2,3,46.37207707939609
2019-08-15,62.5,47.45404262241743,52.33745905982131,26.641414141414145,24.242424242424242,41.37760294432131,46.14151517633443,1.0,2,3,3,3,2,3,46.14151517633443
2019-08-16,62.5,42.94308943089431,56.62034287774483,26.641414141414145,24.242424242424242,42.79419921824006,46.237560929006385,1.0,2,3,3,3,2,3,46.237560929006385
2019-08-19,62.5,41.57321631724362,54.177049560136446,26.641414141414145,24.242424242424242,43.78796624861825,45.574304345792385,1.0,2,3,3,3,2,3,45.574304345792385
2019-08-20,62.5,45.61403508771929,51.20372540757704,26.641414141414145,24.242424242424242,41.374876971412775,45.546494341655084,1.0,2,3,3,3,2,3,45.546494341655084
2019-08-21,62.5,44.292904692320185,50.39904578643385,26.641414141414145,24.242424242424242,41.92732267902505,45.17657690910786,1.0,2,3,3,3,2,3,45.17657690910786
2019-08-22,62.5,44.644595910418694,51.36628705185575,26.641414141414145,24.242424242424242,42.539079265590715,45.50153906446851,1.0,2,3,3,3,2,3,45.50153906446851
2019-08-23,62.5,52.39253852392539,46.38326407179126,26.641414141414145,24.242424242424242,37.88230533644373,45.58884559824225,1.0,2,3,3,3,2,3,45.58884559824225
2019-08-26,62.5,49.69195849546044,47.47933587535593,26.641414141414145,24.242424242424242,39.21106816225208,45.40082023584303,1.0,2,3,3,3,2,3,45.40082023584303
2019-08-27,62.5,48.46864365580943,48.081125310915795,26.641414141414145,24.242424242424242,39.752110024803564,45.33061934127995,1.0,2,3,3,3,2,3,45.33061934127995
2019-08-28,62.5,50.56689342403627,45.038430414051824,26.641414141414145,24.242424242424242,39.188172242414176,45.08533653731358,1.0,2,3,3,3,2,3,45.08533653731358
2019-08-29,62.5,49.4900437105391,43.90678616521902,26.641414141414145,24.242424242424242,40.44485958674662,44.769306479280836,1.0,2,3,3,3,2,3,44.769306479280836
2019-08-30,62.5,50.06472491909385,43.10899270313291,26.641414141414145,24.242424242424242,40.32009782173883,44.71220785207378,1.0,2,3,3,3,2,3,44.71220785207378
2019-09-03,62.5,50.86527575610545,43.62436224682509,26.641414141414145,24.242424242424242,41.919850418962376,45.1353671879369,1.0,2,3,3,3,2,3,45.1353671879369
2019-09-04,62.5,45.586808923375365,43.60562899423703,26.641414141414145,24.242424242424242,42.84524665931307,44.16846679490833,1.0,2,3,3,3,2,3,44.16846679490833
2019-09-05,62.5,41.52528679915981,45.115326813461635,26.641414141414145,24.242424242424242,44.508944909808086,43.824471758959646,1.0,2,3,3,3,2,3,43.824471758959646
2019-09-06,62.5,44.622093023255815,42.265784927832314,26.641414141414145,24.242424242424242,42.95572223709298,43.71860235938148,1.0,2,3,3,3,2,3,43.71860235938148
2019-09-09,62.5,37.723970944309926,51.84897766531176,26.641414141414145,24.242424242424242,45.64981673989971,44.52502594136885,1.0,2,3,3,3,2,3,44.52502594136885
2019-09-10,62.5,33.13972249112617,55.89682162181191,26.641414141414145,24.242424242424242,48.180786125748114,44.67084198061697,1.0,2,3,3,3,2,3,44.67084198061697
2019-09-11,62.5,30.172552814062254,56.8294747314699,26.641414141414145,24.242424242424242,51.08503468192745,44.554363522753725,1.0,2,3,3,3,2,3,44.554363522753725
2019-09-12,68.03030303030303,47.54996776273372,45.20463581028294,19.904931669637552,26.47058823529412,40.46232780586056,45.23752782674019,1.0,2,3,3,3,2,3,45.23752782674019
2019-09-13,68.03030303030303,48.25197357821814,42.25645463342746,19.904931669637552,26.47058823529412,40.29575918373776,44.7716358922537,1.0,2,3,3,3,2,3,44.7716358922537
2019-09-16,68.03030303030303,51.256038647343,40.277805475015576,19.904931669637552,26.47058823529412,38.14291302032009,44.76143445805453,1.0,2,3,3,3,2,3,44.76143445805453
2019-09-17,68.03030303030303,52.663769515531946,39.207704299661664,19.904931669637552,26.47058823529412,37.64308458472303,44.77897755306183,1.0,2,3,3,3,2,3,44.77897755306183
2019-09-18,68.03030303030303,54.488416988416986,40.65433209656443,19.904931669637552,26.47058823529412,36.961200489732285,45.36504419752031,1.0,2,3,3,3,2,3,45.36504419752031
2019-09-19,68.03030303030303,50.10451841132014,42.15481040545239,19.904931669637552,26.47058823529412,49.149830009038205,46.007223095809124,1.0,2,3,3,3,2,3,46.007223095809124
2019-09-20,68.03030303030303,49.54998392799743,43.3376405206861,19.904931669637552,26.47058823529412,49.90773327177929,46.208672548465444,1.0,2,3,3,3,2,3,46.208672548465444
2019-09-23,68.03030303030303,46.74698795180723,43.91400617517891,19.904931669637552,26.47058823529412,51.55963535179069,45.9285366921271,1.0,2,3,3,3,2,3,45.9285366921271
2019-09-24,68.03030303030303,50.27296082209377,37.24675649694951,19.904931669637552,26.47058823529412,49.598330985211916,45.10415089388066,1.0,2,3,3,3,2,3,45.10415089388066
2019-09-25,68.03030303030303,47.55255978173648,39.4307619839316,19.904931669637552,26.47058823529412,50.78169254665311,45.11520793934973,1.0,2,3,3,3,2,3,45.11520793934973
2019-09-26,68.03030303030303,47.11260827718961,39.3657627491593,19.904931669637552,26.47058823529412,51.04651611657981,45.040700148478564,1.0,2,3,3,3,2,3,45.040700148478564
2019-09-27,68.03030303030303,46.27224627224627,40.27551368802786,19.904931669637552,26.47058823529412,51.45238717257447,45.09516504086308,1.0,2,3,3,3,2,3,45.09516504086308
2019-09-30,68.03030303030303,41.73076923076923,43.738654577045466,19.904931669637552,26.47058823529412,53.87571745827812,45.121830838941555,1.0,2,3,3,3,2,3,45.121830838941555
2019-10-01,68.03030303030303,47.813551177318594,39.9173346112773,19.904931669637552,26.47058823529412,49.45019140290965,45.13157062956095,1.0,2,3,3,3,2,3,45.13157062956095
2019-10-02,68.03030303030303,51.376881203970534,38.24847301842751,19.904931669637552,26.47058823529412,48.22280863456093,45.38772603948651,1.0,2,3,3,3,2,3,45.38772603948651
2019-10-03,68.03030303030303,47.47959673547768,46.44167289165051,19.904931669637552,26.47058823529412,49.84535281529482,46.40916353850592,1.0,2,3,3,3,2,3,46.40916353850592
2019-10-04,68.03030303030303,41.12284069097889,53.736826066726366,19.904931669637552,26.47058823529412,51.87831254173042,46.8001389372649,1.0,2,3,3,3,2,3,46.8001389372649
2019-10-07,68.03030303030303,43.005595523581135,52.250877438780776,19.904931669637552,26.47058823529412,50.65001288650033,46.756670212673214,1.0,2,3,3,3,2,3,46.756670212673214
2019-10-08,68.03030303030303,46.54841802492809,52.143962958783696,19.904931669637552,26.47058823529412,48.5881404623963,47.23766457453279,1.0,2,3,3,3,2,3,47.23766457453279
2019-10-09,68.03030303030303,44.01852739179045,55.70718778158912,19.904931669637552,26.47058823529412,49.98455202477625,47.58397256870434,1.0,2,3,3,3,2,3,47.58397256870434
2019-10-10,68.03030303030303,39.208173690932306,61.326117784533594,19.904931669637552,26.47058823529412,52.41379706425282,47.98861233306927,1.0,2,3,3,3,2,3,47.98861233306927
2019-10-11,68.03030303030303,32.55146002872188,65.21327290570952,19.904931669637552,26.47058823529412,55.72293996973276,47.76561491541035,1.0,2,3,3,3,2,3,47.76561491541035
2019-10-14,68.03030303030303,34.64114832535885,63.14317969446183,19.904931669637552,26.47058823529412,53.6990217185428,47.567142107369214,1.0,2,3,3,3,2,3,47.567142107369214
2019-10-15,68.03030303030303,35.27817631117487,59.6759639966013,19.904931669637552,26.47058823529412,53.73676106790103,47.00487849989614,1.0,2,3,3,3,2,3,47.00487849989614
2019-10-16,68.03030303030303,37.34862970044614,57.597313705622696,19.904931669637552,26.47058823529412,51.88742662354598,46.81830567511917,1.0,2,3,3,3,2,3,46.81830567511917
2019-10-17,68.03030303030303,41.63083293518077,49.711538673035164,19.904931669637552,26.47058823529412,48.828622461346065,45.7917108993286,1.0,2,3,3,3,2,3,45.7917108993286
2019-10-18,68.03030303030303,44.04648201209806,50.57598382584665,19.904931669637552,26.47058823529412,46.800795521459534,46.2449470512857,1.0,2,3,3,3,2,3,46.2449470512857
2019-10-21,68.03030303030303,41.22513922036595,54.28787232692428,19.904931669637552,26.47058823529412,48.26194406499962,46.56917104750882,1.0,2,3,3,3,2,3,46.56917104750882
2019-10-22,68.03030303030303,46.42175572519084,49.0889957902249,19.904931669637552,26.47058823529412,44.39435846272171,46.18196048090612,1.0,2,3,3,3,2,3,46.18196048090612
2019-10-23,68.03030303030303,46.32013988237165,48.066434350939,19.904931669637552,26.47058823529412,44.30688342571638,45.94837752078457,1.0,2,3,3,3,2,3,45.94837752078457
2019-10-24,68.03030303030303,45.69431204321576,47.74264863638748,19.904931669637552,26.47058823529412,44.50651248103243,45.77841771557469,1.0,2,3,3,3,2,3,45.77841771557469
2019-10-25,68.03030303030303,46.11719866603144,49.07946963763843,19.904931669637552,26.47058823529412,43.831752637708426,46.06288325605563,1.0,2,3,3,3,2,3,46.06288325605563
2019-10-28,68.03030303030303,43.65079365079366,47.48887563198336,19.904931669637552,26.47058823529412,45.547810833340016,45.42308927144021,1.0,2,3,3,3,2,3,45.42308927144021
2019-10-29,68.03030303030303,43.03506266857052,51.98265342417414,19.904931669637552,26.47058823529412,46.61926488969429,46.305844039069164,1.0,2,3,3,3,2,3,46.305844039069164
2019-10-30,68.03030303030303,42.768791627021876,50.019741959593865,19.904931669637552,26.47058823529412,46.92367434552242,45.8904484834262,1.0,2,3,3,3,2,3,45.8904484834262
2019-10-31,68.03030303030303,44.39689332699319,45.71555304814073,19.904931669637552,26.47058823529412,46.812410702300554,45.344104676807646,1.0,2,3,3,3,2,3,45.344104676807646
2019-11-01,68.03030303030303,41.856780735107726,47.233664474245735,19.904931669637552,26.47058823529412,50.89545088557889,45.548008461979386,1.0,2,3,3,3,2,3,45.548008461979386
2019-11-04,68.03030303030303,39.38242280285036,50.38324449019315,19.904931669637552,26.47058823529412,51.336560973495274,45.72716388750903,1.0,2,3,3,3,2,3,45.72716388750903
2019-11-05,68.03030303030303,38.129154795821464,50.1777853894227,19.904931669637552,26.47058823529412,52.58517865477651,45.56028023407728,1.0,2,3,3,3,2,3,45.56028023407728
2019-11-06,68.03030303030303,37.952855560828986,47.672234718059556,19.904931669637552,26.47058823529412,53.06821685920187,45.0722140732487,1.0,2,3,3,3,2,3,45.0722140732487
2019-11-07,68.03030303030303,36.66982922201139,48.893302934497804,19.904931669637552,26.47058823529412,54.425406076680495,45.195541370520694,1.0,2,3,3,3,2,3,45.195541370520694
2019-11-08,68.03030303030303,34.17101311838153,49.17222218294479,19.904931669637552,26.47058823529412,56.1857843307571,44.92759982489178,1.0,2,3,3,3,2,3,44.92759982489178
2019-11-11,68.03030303030303,34.51816745655608,50.7310966647755,19.904931669637552,26.47058823529412,56.219322809436214,45.31215943676074,1.0,2,3,3,3,2,3,45.31215943676074
2019-11-12,68.03030303030303,33.57018790462656,50.90053618816807,19.904931669637552,26.47058823529412,57.09770534205168,45.24428968431489,1.0,2,3,3,3,2,3,45.24428968431489
2019-11-13,68.03030303030303,35.68497474747475,51.58725477476666,19.904931669637552,26.47058823529412,56.657351739454064,45.760555409944494,1.0,2,3,3,3,2,3,45.760555409944494
2019-11-14,68.03030303030303,36.29910080454331,49.294394251092406,19.904931669637552,26.47058823529412,56.83532088192683,45.44260543087063,1.0,2,3,3,3,2,3,45.44260543087063
2019-11-15,68.03030303030303,34.56322926521602,49.83867994275828,19.904931669637552,26.47058823529412,58.282711187260276,45.34902729187169,1.0,2,3,3,3,2,3,45.34902729187169
2019-11-18,68.03030303030303,35.83924349881797,44.40957867730379,19.904931669637552,26.47058823529412,59.28303731440946,44.618442498216105,1.0,2,3,3,3,2,3,44.618442498216105
2019-11-19,68.03030303030303,35.459987397605545,44.2681001608834,19.904931669637552,26.47058823529412,59.72721404278435,44.558713247527024,1.0,2,3,3,3,2,3,44.558713247527024
2019-11-20,68.03030303030303,35.553456148638006,46.076567640246864,19.904931669637552,26.47058823529412,60.766064644798334,45.04298555380761,1.0,2,3,3,3,2,3,45.04298555380761
2019-11-21,68.03030303030303,35.63109852061694,49.03234222871769,19.904931669637552,26.47058823529412,64.25504330522391,45.99856681194012,1.0,2,3,3,3,2,3,45.99856681194012
2019-11-22,68.03030303030303,34.74909548529181,50.96546740121776,19.904931669637552,26.47058823529412,65.22390847704584,46.3056777565573,1.0,2,3,3,3,2,3,46.3056777565573
2019-11-25,68.03030303030303,33.600628930817614,49.481149298580696,19.904931669637552,26.47058823529412,65.64928030492113,45.82165800792257,1.0,2,3,3,3,2,3,45.82165800792257
2019-11-26,68.03030303030303,33.96196762533396,50.737138749115516,19.904931669637552,26.47058823529412,64.27969161709677,46.00816476815037,1.0,2,3,3,3,2,3,46.00816476815037
2019-11-27,68.03030303030303,33.34904178448006,52.5709803848469,19.904931669637552,26.47058823529412,64.31031001819537,46.25540976723573,1.0,2,3,3,3,2,3,46.25540976723573
2019-11-29,68.03030303030303,36.3322342596954,47.8094016664022,19.904931669637552,26.47058823529412,61.1867424614828,45.587375762918604,1.0,2,3,3,3,2,3,45.587375762918604
2019-12-02,68.03030303030303,40.08160703075958,45.2902703273983,19.904931669637552,26.47058823529412,57.33302653081069,45.44805245626345,1.0,2,3,3,3,2,3,45.44805245626345
2019-12-03,68.03030303030303,44.439215686274515,41.79000270457807,19.904931669637552,26.47058823529412,55.09107851838784,45.39532586156011,1.0,2,3,3,3,2,3,45.39532586156011
2019-12-04,68.03030303030303,45.50015678896206,39.66126536357583,19.904931669637552,26.47058823529412,56.69250685375847,45.34190944743423,1.0,2,3,3,3,2,3,45.34190944743423
2019-12-05,68.03030303030303,43.958627174424066,42.9583185572441,19.904931669637552,26.47058823529412,55.64833587359007,45.58859706524345,1.0,2,3,3,3,2,3,45.58859706524345
2019-12-06,68.03030303030303,43.35839598997494,46.627386660448344,19.904931669637552,26.47058823529412,58.90040261131043,46.5275711227665,1.0,2,3,3,3,2,3,46.5275711227665
2019-12-09,68.03030303030303,40.59808987004853,51.51757565697513,19.904931669637552,26.47058823529412,59.671374746904924,47.030644911646036,1.0,2,3,3,3,2,3,47.030644911646036
2019-12-10,68.03030303030303,37.73082942097027,53.05119078077538,19.904931669637552,26.47058823529412,62.27565200627466,47.0243435725274,1.0,2,3,3,3,2,3,47.0243435725274
2019-12-11,68.03030303030303,35.19474425152511,55.106150420851684,19.904931669637552,26.47058823529412,67.99049905204257,47.49960317123042,1.0,2,3,3,3,2,3,47.49960317123042
2019-12-12,68.03030303030303,34.115071919949976,54.03320953990855,19.904931669637552,26.47058823529412,69.5438655468224,47.224417178204746,1.0,2,3,3,3,2,3,47.224417178204746
2019-12-13,68.69070208728652,47.11673699015471,45.433241948592936,23.19327731092437,28.57142857142857,59.424563298613585,47.96126209321403,1.0,2,3,3,3,2,3,47.96126209321403
2019-12-16,68.69070208728652,49.53139643861294,45.10679076100767,23.19327731092437,28.57142857142857,57.65771085831197,48.202218501358466,1.0,2,3,3,3,2,3,48.202218501358466
2019-12-17,68.69070208728652,55.238095238095234,44.00101148833775,23.19327731092437,28.57142857142857,53.7977009306937,48.73640141395911,1.0,2,3,3,3,2,3,48.73640141395911
2019-12-18,68.69070208728652,52.574906367041194,38.760682763071244,23.19327731092437,28.57142857142857,55.5168695634455,47.32761475797018,1.0,2,3,3,3,2,3,47.32761475797018
2019-12-19,68.69070208728652,53.20542817033223,37.42239204124278,23.19327731092437,28.57142857142857,51.90983636909304,46.82535765482746,1.0,2,3,3,3,2,3,46.82535765482746
2019-12-20,68.69070208728652,51.418771437480515,38.05373582722184,23.19327731092437,28.57142857142857,50.7821533125001,46.481526759793624,1.0,2,3,3,3,2,3,46.481526759793624
2019-12-23,68.69070208728652,50.80255571139162,41.18768090042293,23.19327731092437,28.57142857142857,55.72070191040318,47.478927489006374,1.0,2,3,3,3,2,3,47.478927489006374
2019-12-24,68.69070208728652,52.305295950155774,41.118085275604805,23.19327731092437,28.57142857142857,55.73217945987038,47.7667041667423,1.0,2,3,3,3,2,3,47.7667041667423
2019-12-26,68.69070208728652,51.59582749494006,39.955813693437925,23.19327731092437,28.57142857142857,52.71418876992744,47.09055709027149,1.0,2,3,3,3,2,3,47.09055709027149
2019-12-27,68.69070208728652,52.1630874572051,39.2435308879487,23.19327731092437,28.57142857142857,52.4836154099244,47.038495185626346,1.0,2,3,3,3,2,3,47.038495185626346
2019-12-30,68.69070208728652,56.229584694353704,37.629088252655535,23.19327731092437,28.57142857142857,50.402652765171375,47.320809841522134,1.0,2,3,3,3,2,3,47.320809841522134
2019-12-31,68.69070208728652,54.55534825870646,37.08232460950376,23.19327731092437,28.57142857142857,51.902239110327166,47.02656846027791,1.0,2,3,3,3,2,3,47.02656846027791
2020-01-02,68.69070208728652,49.463869463869464,38.04597887772926,23.19327731092437,28.57142857142857,52.83709572245585,46.29448921616847,1.0,2,3,3,3,2,3,46.29448921616847
2020-01-03,68.69070208728652,50.481515998757374,37.0146637410446,23.19327731092437,28.57142857142857,49.395742486654356,45.94762017222897,1.0,2,3,3,3,2,3,45.94762017222897
2020-01-06,68.69070208728652,49.04517931998137,33.09082571741466,23.19327731092437,28.57142857142857,53.44800399896339,45.28081138297868,1.0,2,3,3,3,2,3,45.28081138297868
2020-01-07,68.69070208728652,48.46368715083799,32.2972036262965,23.19327731092437,28.57142857142857,54.73080099964813,45.13406823099485,1.0,2,3,3,3,2,3,45.13406823099485
2020-01-08,68.69070208728652,48.580735225686375,32.09915792957652,23.19327731092437,28.57142857142857,55.75750846563371,45.2205394532191,1.0,2,3,3,3,2,3,45.2205394532191
2020-01-09,68.69070208728652,47.333333333333336,33.907680279308785,23.19327731092437,28.57142857142857,57.058040084781844,45.46281670660975,1.0,2,3,3,3,2,3,45.46281670660975
2020-01-10,68.69070208728652,46.970401363706806,35.365935136230995,23.19327731092437,28.57142857142857,58.251016577029056,45.80117893329361,1.0,2,3,3,3,2,3,45.80117893329361
2020-01-13,68.69070208728652,46.32899628252788,35.53749588806631,23.19327731092437,28.57142857142857,60.30572221794708,45.912680631516686,1.0,2,3,3,3,2,3,45.912680631516686
2020-01-14,68.69070208728652,44.71280383960365,37.3298615803058,23.19327731092437,28.57142857142857,61.28484074419419,46.045827134004455,1.0,2,3,3,3,2,3,46.045827134004455
2020-01-15,68.69070208728652,45.37294955122253,33.22785613784973,23.19327731092437,28.57142857142857,60.226415546821755,45.25161266809977,1.0,2,3,3,3,2,3,45.25161266809977
2020-01-16,68.69070208728652,42.11910286156226,35.29622799396777,23.19327731092437,28.57142857142857,62.25667387012099,45.21754353372125,1.0,2,3,3,3,2,3,45.21754353372125
2020-01-17,68.69070208728652,43.47557204700062,30.601496510648357,23.19327731092437,28.57142857142857,61.490324540480366,44.47325614118098,1.0,2,3,3,3,2,3,44.47325614118098
2020-01-21,68.69070208728652,43.00726317416164,31.066524559350167,23.19327731092437,28.57142857142857,62.31327758190318,44.55489528049582,1.0,2,3,3,3,2,3,44.55489528049582
2020-01-22,68.69070208728652,45.7213469261662,29.51825090790146,23.19327731092437,28.57142857142857,59.32393189991557,44.489122732408234,1.0,2,3,3,3,2,3,44.489122732408234
2020-01-23,68.69070208728652,44.26431990118882,30.198325663441945,23.19327731092437,28.57142857142857,60.46235345439798,44.447574433969095,1.0,2,3,3,3,2,3,44.447574433969095
2020-01-24,68.69070208728652,49.19753086419753,27.130333911725824,23.19327731092437,28.57142857142857,56.73666887136777,44.44804981792459,1.0,2,3,3,3,2,3,44.44804981792459
2020-01-27,68.69070208728652,56.64044423877835,22.673447164248277,23.19327731092437,28.57142857142857,50.47218682726231,44.4188069389347,1.0,2,3,3,3,2,3,44.4188069389347
2020-01-28,68.69070208728652,52.44372494603762,25.023094424053514,23.19327731092437,28.57142857142857,51.482275735474346,44.15040142316881,1.0,2,3,3,3,2,3,44.15040142316881
2020-01-29,68.69070208728652,53.84496840807521,24.148758570166958,23.19327731092437,28.57142857142857,50.887306322073165,44.196286003458894,1.0,2,3,3,3,2,3,44.196286003458894
2020-01-30,68.69070208728652,53.311768330252626,21.92696405503676,23.19327731092437,28.57142857142857,51.024171193261026,43.658973571987126,1.0,2,3,3,3,2,3,43.658973571987126
2020-01-31,68.69070208728652,58.106235565819865,21.015170075936265,23.19327731092437,28.57142857142857,48.400800972396276,44.173171201194,1.0,2,3,3,3,2,3,44.173171201194
2020-02-03,68.69070208728652,54.30901815943366,22.166226096864186,23.19327731092437,28.57142857142857,49.55267274206354,43.75912610106907,1.0,2,3,3,3,2,3,43.75912610106907
2020-02-04,68.69070208728652,49.21550530687587,23.516740066165084,23.19327731092437,28.57142857142857,50.84791406160929,43.140050456372265,1.0,2,3,3,3,2,3,43.140050456372265
2020-02-05,68.69070208728652,45.46432964329643,25.90286572510222,23.19327731092437,28.57142857142857,53.06364304641937,43.08861335392481,1.0,2,3,3,3,2,3,43.08861335392481
2020-02-06,68.69070208728652,45.689257722452744,26.14656206329325,23.19327731092437,28.57142857142857,52.97551018785267,43.173524951537615,1.0,2,3,3,3,2,3,43.173524951537615
2020-02-07,68.69070208728652,45.5837173579109,28.721601571509154,23.19327731092437,28.57142857142857,53.8895321350117,43.758826974988324,1.0,2,3,3,3,2,3,43.758826974988324
2020-02-10,68.69070208728652,43.95823737141102,28.096912394180162,23.19327731092437,28.57142857142857,55.02570835856061,43.42241076457744,1.0,2,3,3,3,2,3,43.42241076457744
2020-02-11,68.69070208728652,43.06322897483118,28.58845972976805,23.19327731092437,28.57142857142857,55.67411239121876,43.40655895564486,1.0,2,3,3,3,2,3,43.40655895564486
2020-02-12,68.69070208728652,40.190213222886946,31.378100494803146,23.19327731092437,28.57142857142857,56.63963043382426,43.486435762523584,1.0,2,3,3,3,2,3,43.486435762523584
2020-02-13,68.69070208728652,42.34897270775835,29.56828320564019,23.19327731092437,28.57142857142857,54.57671272507759,43.34993243079061,1.0,2,3,3,3,2,3,43.34993243079061
2020-02-14,68.69070208728652,41.56321839080459,29.597351648062105,23.19327731092437,28.57142857142857,55.318855363205856,43.27280951969707,1.0,2,3,3,3,2,3,43.27280951969707
2020-02-18,68.69070208728652,41.69730392156863,30.167729221657247,23.19327731092437,28.57142857142857,54.99395110382254,43.381211714630574,1.0,2,3,3,3,2,3,43.381211714630574
2020-02-19,68.69070208728652,41.78533149594244,29.207189798342544,23.19327731092437,28.57142857142857,55.20593614622076,43.227907849082214,1.0,2,3,3,3,2,3,43.227907849082214
2020-02-20,68.69070208728652,41.23048668503213,30.93895953226376,23.19327731092437,28.57142857142857,55.6156225845546,43.50426147751778,1.0,2,3,3,3,2,3,43.50426147751778
2020-02-21,68.69070208728652,46.12207434603029,27.231019389904183,23.19327731092437,28.57142857142857,51.35105160537253,43.314533883327286,1.0,2,3,3,3,2,3,43.314533883327286
2020-02-24,68.69070208728652,57.14067278287461,22.373803247066693,23.19327731092437,28.57142857142857,42.68066188589808,43.679771370181214,1.0,2,3,3,3,2,3,43.679771370181214
2020-02-25,68.69070208728652,64.57282592083143,18.150107521285598,23.19327731092437,28.57142857142857,37.90289156988804,43.843685821015356,1.0,2,3,3,3,2,3,43.843685821015356
2020-02-26,68.69070208728652,60.32691720134432,18.160517783861295,23.19327731092437,28.57142857142857,38.453046722881126,43.05160164493238,1.0,2,3,3,3,2,3,43.05160164493238
2020-02-27,68.69070208728652,65.27714154832799,21.336236361325515,23.19327731092437,28.57142857142857,43.31830304403848,45.16331586193769,1.0,2,3,3,3,2,3,45.16331586193769
2020-02-28,68.69070208728652,69.59706959706958,18.252694742858008,23.19327731092437,28.57142857142857,39.92913914788915,45.07167675837758,1.0,2,3,3,3,2,3,45.07167675837758
2020-03-02,68.69070208728652,64.83600305110603,17.904858131664426,23.19327731092437,28.57142857142857,44.1486472145548,44.47184693361271,1.0,2,3,3,3,2,3,44.47184693361271
2020-03-03,68.69070208728652,71.74443427874353,14.85980550136701,23.19327731092437,28.57142857142857,38.893038977072905,44.71896182933254,1.0,2,3,3,3,2,3,44.71896182933254
2020-03-04,68.69070208728652,65.9045877152873,16.046251564286653,23.19327731092437,28.57142857142857,40.14875885549377,43.91385371706731,1.0,2,3,3,3,2,3,43.91385371706731
2020-03-05,68.69070208728652,74.17733089579525,14.932816848369932,23.19327731092437,28.57142857142857,30.862520503199846,44.417091574756164,1.0,2,3,3,3,2,3,44.417091574756164
2020-03-06,68.69070208728652,76.06212882594792,15.968186263189901,23.19327731092437,28.57142857142857,29.557194124962198,44.87059240592693,1.0,2,3,3,3,2,3,44.87059240592693
2020-03-09,68.69070208728652,79.7564687975647,19.842956329596632,23.19327731092437,28.57142857142857,40.17829033853006,47.44652403488841,1.0,2,3,3,3,2,3,47.44652403488841
2020-03-10,68.69070208728652,72.38703788224555,17.82240481567616,23.19327731092437,28.57142857142857,36.62683004929284,45.21338152011677,1.0,2,3,3,3,2,3,45.21338152011677
2020-03-11,68.69070208728652,82.9683698296837,14.799013036040986,23.19327731092437,28.57142857142857,29.810141392298256,46.04330068797791,1.0,2,3,3,3,2,3,46.04330068797791
2020-03-12,68.69070208728652,93.63125094999239,14.627995963599352,23.19327731092437,28.57142857142857,24.472796876784894,47.607939045999984,1.0,2,3,3,3,2,3,47.607939045999984
2020-03-13,64.64285714285714,76.10148890914617,25.652663257381825,37.592592592592595,33.333333333333336,6.643139368261232,46.14808087806823,1.0,2,3,3,3,2,3,46.14808087806823
2020-03-16,64.64285714285714,89.15717539863324,25.19583759677427,37.592592592592595,33.333333333333336,6.106780253648505,48.61421713238287,1.0,2,3,3,3,2,3,48.61421713238287
2020-03-17,64.64285714285714,79.15907710989677,26.359988739121626,37.592592592592595,33.333333333333336,5.908024784310842,46.82755215617127,1.0,2,3,3,3,2,3,46.82755215617127
2020-03-18,64.64285714285714,77.96995903504781,30.401888629175694,37.592592592592595,33.333333333333336,8.945144654150246,47.70182050619623,1.0,2,3,3,3,2,3,47.70182050619623
2020-03-19,64.64285714285714,83.57597816196542,27.68383958144384,37.592592592592595,33.333333333333336,7.852719565852849,48.17017201320364,1.0,2,3,3,3,2,3,48.17017201320364
2020-03-20,64.64285714285714,82.12824010914052,29.085019728624502,37.592592592592595,33.333333333333336,10.538971377851869,48.4294856132747,1.0,2,3,3,3,2,3,48.4294856132747
2020-03-23,64.64285714285714,85.89393939393939,25.582992564805835,37.592592592592595,33.333333333333336,10.107685225634015,48.439091422248964,1.0,2,3,3,3,2,3,48.439091422248964
2020-03-24,64.64285714285714,76.23807360290776,22.41345596438241,37.592592592592595,33.333333333333336,14.969102557965117,46.36015267719105,1.0,2,3,3,3,2,3,46.36015267719105
2020-03-25,64.64285714285714,81.38056312443234,16.73357217586704,37.592592592592595,33.333333333333336,14.63871593777488,46.21963516177388,1.0,2,3,3,3,2,3,46.21963516177388
2020-03-26,64.64285714285714,67.68043576940535,24.570643319985987,37.592592592592595,33.333333333333336,15.04363053874154,45.087515379688924,1.0,2,3,3,3,2,3,45.087515379688924
2020-03-27,64.64285714285714,70.14519056261342,22.811556478073744,37.592592592592595,33.333333333333336,15.836318404117137,45.30791775648566,1.0,2,3,3,3,2,3,45.30791775648566
2020-03-30,64.64285714285714,68.16326530612245,18.65358804989784,37.592592592592595,33.333333333333336,17.372280400170734,44.23353521915764,1.0,2,3,3,3,2,3,44.23353521915764
2020-03-31,64.64285714285714,74.85645210033243,14.477714774904978,37.592592592592595,33.333333333333336,15.36982400105065,44.53675228308906,1.0,2,3,3,3,2,3,44.53675228308906
2020-04-01,64.64285714285714,73.67467149977345,18.09857825656785,37.592592592592595,33.333333333333336,19.887873558770007,45.47637381508177,1.0,2,3,3,3,2,3,45.47637381508177
2020-04-02,64.64285714285714,70.16908212560385,20.15268008018376,37.592592592592595,33.333333333333336,21.077207606329743,45.305009709726995,1.0,2,3,3,3,2,3,45.305009709726995
2020-04-03,64.64285714285714,71.58593632111061,18.46677002676687,37.592592592592595,33.333333333333336,20.8705942492549,45.23053720243749,1.0,2,3,3,3,2,3,45.23053720243749
2020-04-06,64.64285714285714,64.2684766214178,18.317976715054062,37.592592592592595,33.333333333333336,26.084044710654155,44.2586316462963,1.0,2,3,3,3,2,3,44.2586316462963
2020-04-07,64.64285714285714,66.59128599427106,15.519826775419618,37.592592592592595,33.333333333333336,25.15378914890713,44.07053797676535,1.0,2,3,3,3,2,3,44.07053797676535
2020-04-08,64.64285714285714,61.85955394816155,20.458184508186807,37.592592592592595,33.333333333333336,27.793852340185794,44.37586943322476,1.0,2,3,3,3,2,3,44.37586943322476
2020-04-09,64.64285714285714,57.28272330170206,21.483394269109734,37.592592592592595,33.333333333333336,30.295797192862622,43.91573974138513,1.0,2,3,3,3,2,3,43.91573974138513
2020-04-13,64.64285714285714,58.46130683529057,18.128752179446025,37.592592592592595,33.333333333333336,29.856988674855888,43.43664717836942,1.0,2,3,3,3,2,3,43.43664717836942
2020-04-14,64.64285714285714,52.8818660647103,19.584208302901594,37.592592592592595,33.333333333333336,33.35858511182972,42.96200989264186,1.0,2,3,3,3,2,3,42.96200989264186
2020-04-15,64.64285714285714,57.490974729241884,15.443145061788014,37.592592592592595,33.333333333333336,31.25937968694672,42.84569843483716,1.0,2,3,3,3,2,3,42.84569843483716
2020-04-16,64.64285714285714,54.77371823785897,19.16566767627463,37.592592592592595,33.333333333333336,32.60963291451096,43.18177698221433,1.0,2,3,3,3,2,3,43.18177698221433
2020-04-17,64.64285714285714,49.744514577697615,24.25716324822911,37.592592592592595,33.333333333333336,36.29834506588099,43.56310657970995,1.0,2,3,3,3,2,3,43.56310657970995
2020-04-20,64.64285714285714,53.372389965449905,22.201625429211113,37.592592592592595,33.333333333333336,33.7185639186307,43.61959597873178,1.0,2,3,3,3,2,3,43.61959597873178
2020-04-21,64.64285714285714,64.89489489489489,15.51874926931738,37.592592592592595,33.333333333333336,27.03205388045275,43.91887072882424,1.0,2,3,3,3,2,3,43.91887072882424
2020-04-22,64.64285714285714,61.338736304967725,15.240447350879846,37.592592592592595,33.333333333333336,28.76734489663622,43.32550772876965,1.0,2,3,3,3,2,3,43.32550772876965
2020-04-23,64.64285714285714,62.66126612661266,16.96305877883012,37.592592592592595,33.333333333333336,28.144776613439614,43.87227915036904,1.0,2,3,3,3,2,3,43.87227915036904
2020-04-24,64.64285714285714,58.34457939721097,19.00839816347802,37.592592592592595,33.333333333333336,30.559884066185035,43.65952042669281,1.0,2,3,3,3,2,3,43.65952042669281
2020-04-27,64.64285714285714,56.160071942446045,23.372362555740356,37.592592592592595,33.333333333333336,31.686928464270125,44.2081162540008,1.0,2,3,3,3,2,3,44.2081162540008
2020-04-28,64.64285714285714,57.10861423220973,24.779621787751086,37.592592592592595,33.333333333333336,31.255311063423985,44.63611481827107,1.0,2,3,3,3,2,3,44.63611481827107
2020-04-29,64.64285714285714,53.444144953578906,25.539137963639924,37.592592592592595,33.333333333333336,33.68704895753383,44.29829798713366,1.0,2,3,3,3,2,3,44.29829798713366
2020-04-30,64.64285714285714,58.546624756772935,18.678604560077794,37.592592592592595,33.333333333333336,31.0865667773697,43.68663904904362,1.0,2,3,3,3,2,3,43.68663904904362
2020-05-01,64.64285714285714,63.479952124476355,17.88049090868057,37.592592592592595,33.333333333333336,28.573014968099237,44.26232661137782,1.0,2,3,3,3,2,3,44.26232661137782
2020-05-04,64.64285714285714,63.5860625093465,17.797781791401412,37.592592592592595,33.333333333333336,28.450794538797698,44.254784821965856,1.0,2,3,3,3,2,3,44.254784821965856
2020-05-05,64.64285714285714,62.36173393124066,17.529737509022073,37.592592592592595,33.333333333333336,29.124898320834514,44.0237206280725,1.0,2,3,3,3,2,3,44.0237206280725
2020-05-06,64.64285714285714,63.09577170177797,18.375433820789137,37.592592592592595,33.333333333333336,28.77573044305522,44.30475065675545,1.0,2,3,3,3,2,3,44.30475065675545
2020-05-07,64.64285714285714,60.09557945041816,19.00302705387451,37.592592592592595,33.333333333333336,30.254673732091835,43.97812518200423,1.0,2,3,3,3,2,3,43.97812518200423
2020-05-08,64.64285714285714,55.06792058516196,23.518745667484485,37.592592592592595,33.333333333333336,32.65799687783835,44.11606944624964,1.0,2,3,3,3,2,3,44.11606944624964
2020-05-11,64.64285714285714,55.31184720978813,23.226604361826173,37.592592592592595,33.333333333333336,32.618623941941024,44.10248921645348,1.0,2,3,3,3,2,3,44.10248921645348
2020-05-12,64.64285714285714,61.334824757643545,21.03815775468253,37.592592592592595,33.333333333333336,29.040653925532055,44.51159840295494,1.0,2,3,3,3,2,3,44.51159840295494
2020-05-13,64.64285714285714,63.98330351818724,20.302941999394143,37.592592592592595,33.333333333333336,28.10996496607035,44.80118210805983,1.0,2,3,3,3,2,3,44.80118210805983
2020-05-14,64.64285714285714,58.724482193413806,22.38660119840358,37.592592592592595,33.333333333333336,30.771185338677792,44.432271720167776,1.0,2,3,3,3,2,3,44.432271720167776
2020-05-15,64.64285714285714,58.63866547512661,23.334835776053794,37.592592592592595,33.333333333333336,30.711999453359763,44.59883670350856,1.0,2,3,3,3,2,3,44.59883670350856
2020-05-18,64.64285714285714,57.37680512133393,24.44204805925375,37.592592592592595,33.333333333333336,32.40578211561117,44.737285355615164,1.0,2,3,3,3,2,3,44.737285355615164
2020-05-19,64.64285714285714,61.05654761904762,21.826235968463795,37.592592592592595,33.333333333333336,30.27676119209721,44.73716934464852,1.0,2,3,3,3,2,3,44.73716934464852
2020-05-20,64.64285714285714,58.783281273241116,18.650270786334644,37.592592592592595,33.333333333333336,31.90655539076626,43.81030245892829,1.0,2,3,3,3,2,3,43.81030245892829
2020-05-21,64.64285714285714,61.5819209039548,18.10482531871259,37.592592592592595,33.333333333333336,30.011534769314352,44.07143922940143,1.0,2,3,3,3,2,3,44.07143922940143
2020-05-22,64.64285714285714,59.96433348194383,20.334438116185662,37.592592592592595,33.333333333333336,31.30402892604969,44.32309372016738,1.0,2,3,3,3,2,3,44.32309372016738
2020-05-26,64.64285714285714,59.387997623291746,22.845996779893827,37.592592592592595,33.333333333333336,32.09644487476862,44.789379876050496,1.0,2,3,3,3,2,3,44.789379876050496
2020-05-27,64.64285714285714,56.75575352635486,26.85233369056874,37.592592592592595,33.333333333333336,33.50687359481314,45.20524131080254,1.0,2,3,3,3,2,3,45.20524131080254
2020-05-28,64.64285714285714,54.526565746512325,29.340725787645756,37.592592592592595,33.333333333333336,34.59499641450621,45.36589445621875,1.0,2,3,3,3,2,3,45.36589445621875
2020-05-29,64.64285714285714,53.67156208277704,30.391845157936842,37.592592592592595,33.333333333333336,35.101314187489024,45.45574937482819,1.0,2,3,3,3,2,3,45.45574937482819
2020-06-01,64.64285714285714,57.90332147093712,27.69078856616922,37.592592592592595,33.333333333333336,33.48355624292446,45.60011413965023,1.0,2,3,3,3,2,3,45.60011413965023
2020-06-02,64.64285714285714,56.3657922039425,26.90710013496848,37.592592592592595,33.333333333333336,34.28807694101042,45.21632266981974,1.0,2,3,3,3,2,3,45.21632266981974
2020-06-03,64.64285714285714,55.22962962962963,24.125452557174924,37.592592592592595,33.333333333333336,35.21753060239908,44.52570600553733,1.0,2,3,3,3,2,3,44.52570600553733
2020-06-04,64.64285714285714,59.11446764401007,22.386126047877177,37.592592592592595,33.333333333333336,33.430687387847854,44.77612398509875,1.0,2,3,3,3,2,3,44.77612398509875
2020-06-05,64.64285714285714,52.235050325636465,25.861760511716575,37.592592592592595,33.333333333333336,36.85556882197451,44.43785555760457,1.0,2,3,3,3,2,3,44.43785555760457
2020-06-08,64.64285714285714,46.33821571238349,29.879246126804325,37.592592592592595,33.333333333333336,40.95579541241517,44.472008417015594,1.0,2,3,3,3,2,3,44.472008417015594
2020-06-09,64.64285714285714,51.39012126589767,26.617521950415775,37.592592592592595,33.333333333333336,37.400979912913535,44.47456314249055,1.0,2,3,3,3,2,3,44.47456314249055
2020-06-10,64.64285714285714,51.692535107169256,24.8945337313498,37.592592592592595,33.333333333333336,37.31098293601482,44.18144856924181,1.0,2,3,3,3,2,3,44.18144856924181
2020-06-11,64.64285714285714,65.4329196217494,14.903035175894699,37.592592592592595,33.333333333333336,30.81090552403924,44.28121801986925,1.0,2,3,3,3,2,3,44.28121801986925
2020-06-12,64.64285714285714,63.41013144291833,15.231546172644,37.592592592592595,33.333333333333336,31.822230964537297,44.04349512750271,1.0,2,3,3,3,2,3,44.04349512750271
2020-06-15,64.64285714285714,56.56923531148509,22.417353852501634,37.592592592592595,33.333333333333336,35.70821696049471,44.50107603678333,1.0,2,3,3,3,2,3,44.50107603678333
2020-06-16,64.64285714285714,49.09251881363435,29.700483873020755,37.592592592592595,33.333333333333336,40.50336336099471,44.941873381367,1.0,2,3,3,3,2,3,44.941873381367
2020-06-17,25.5050505050505,63.40707964601769,18.785740910402513,14.589589589589592,25.67567567567568,31.119341576114223,30.682766901164097,1.0,2,3,3,3,2,3,30.682766901164097
2020-06-18,25.5050505050505,53.76676986584107,28.783355838390083,14.589589589589592,25.67567567567568,36.53983400265468,31.296277173380332,1.0,2,3,3,3,2,3,31.296277173380332
2020-06-19,25.5050505050505,49.88211022693781,27.140371612987344,14.589589589589592,25.67567567567568,39.934907442592795,30.530255744512942,1.0,2,3,3,3,2,3,30.530255744512942
2020-06-22,25.5050505050505,45.82412726469289,30.447050774533853,14.589589589589592,25.67567567567568,42.74282706526214,30.660786946640197,1.0,2,3,3,3,2,3,30.660786946640197
2020-06-23,25.5050505050505,45.406360424028264,29.186831381378394,14.589589589589592,25.67567567567568,43.626571427274136,30.41356413607738,1.0,2,3,3,3,2,3,30.41356413607738
2020-06-24,25.5050505050505,49.74245768947756,29.01190898956269,14.589589589589592,25.67567567567568,41.09598662897545,30.992740630974232,1.0,2,3,3,3,2,3,30.992740630974232
2020-06-25,25.5050505050505,49.293909973521615,28.749994303096777,14.589589589589592,25.67567567567568,41.988656754498216,30.939915163042137,1.0,2,3,3,3,2,3,30.939915163042137
2020-06-26,25.5050505050505,51.168945743273056,30.762615078801264,14.589589589589592,25.67567567567568,41.02027643393749,31.62060844007725,1.0,2,3,3,3,2,3,31.62060844007725
2020-06-29,25.5050505050505,47.76601998824222,32.34667407822952,14.589589589589592,25.67567567567568,43.26677323616969,31.48148476917995,1.0,2,3,3,3,2,3,31.48148476917995
2020-06-30,25.5050505050505,44.92434258851183,32.31592157635728,14.589589589589592,25.67567567567568,46.10738103920608,31.19105956916306,1.0,2,3,3,3,2,3,31.19105956916306
2020-07-01,25.5050505050505,43.627019089574155,31.51906681886858,14.589589589589592,25.67567567567568,47.12263620735994,30.873749434693174,1.0,2,3,3,3,2,3,30.873749434693174
2020-07-02,25.5050505050505,41.024511962424775,32.82353023824995,14.589589589589592,25.67567567567568,48.770081831595874,30.778885255563168,1.0,2,3,3,3,2,3,30.778885255563168
2020-07-06,25.5050505050505,37.441314553990615,31.35203195836892,14.589589589589592,25.67567567567568,50.79197423772034,29.970135358512575,1.0,2,3,3,3,2,3,29.970135358512575
2020-07-07,25.5050505050505,39.00865229505793,31.403508607990172,14.589589589589592,25.67567567567568,50.429522990293606,30.257653111907615,1.0,2,3,3,3,2,3,30.257653111907615
2020-07-08,25.5050505050505,37.01260627381999,32.21062663242131,14.589589589589592,25.67567567567568,51.71474637732144,30.148389851249036,1.0,2,3,3,3,2,3,30.148389851249036
2020-07-09,25.5050505050505,32.586080586080584,34.68370713501234,14.589589589589592,25.67567567567568,55.8302823773248,30.1692544142197,1.0,2,3,3,3,2,3,30.1692544142197
2020-07-10,25.5050505050505,33.21616871704745,33.803322220119384,14.589589589589592,25.67567567567568,56.14109847504949,30.15027666720695,1.0,2,3,3,3,2,3,30.15027666720695
2020-07-13,25.5050505050505,35.04611330698288,32.73757601808654,14.589589589589592,25.67567567567568,55.74820443098014,30.263826940380532,1.0,2,3,3,3,2,3,30.263826940380532
2020-07-14,25.5050505050505,33.860111208662566,35.55689236495283,14.589589589589592,25.67567567567568,60.480796705651564,31.063749017556866,1.0,2,3,3,3,2,3,31.063749017556866
2020-07-15,25.5050505050505,37.47257569109259,32.201247924031755,14.589589589589592,25.67567567567568,58.58349813999845,30.925383169293347,1.0,2,3,3,3,2,3,30.925383169293347
2020-07-16,25.5050505050505,42.134502923976605,30.687889447503807,14.589589589589592,25.67567567567568,55.380310561476165,31.23477816271233,1.0,2,3,3,3,2,3,31.23477816271233
2020-07-17,25.5050505050505,47.20151980125675,23.25794076841252,14.589589589589592,25.67567567567568,52.370666629809705,30.461227409183458,1.0,2,3,3,3,2,3,30.461227409183458
2020-07-20,25.5050505050505,44.40549225825299,26.451929806196787,14.589589589589592,25.67567567567568,54.12801322653776,30.716554367812368,1.0,2,3,3,3,2,3,30.716554367812368
2020-07-21,25.5050505050505,41.40750474521828,29.701670349572932,14.589589589589592,25.67567567567568,59.54921210878439,31.309024862105318,1.0,2,3,3,3,2,3,31.309024862105318
2020-07-22,25.5050505050505,40.68884997081144,32.06576472980292,14.589589589589592,25.67567567567568,60.181822002736,31.701373772665104,1.0,2,3,3,3,2,3,31.701373772665104
2020-07-23,25.5050505050505,42.436177972283005,33.61496837304873,14.589589589589592,25.67567567567568,59.550743083521965,32.297572209687175,1.0,2,3,3,3,2,3,32.297572209687175
2020-07-24,25.5050505050505,43.015456401283174,34.03436501260384,14.589589589589592,25.67567567567568,59.695923919785685,32.51182530702461,1.0,2,3,3,3,2,3,32.51182530702461
2020-07-27,25.5050505050505,44.978866054511,30.435851852692235,14.589589589589592,25.67567567567568,59.14851901237165,32.13006411494645,1.0,2,3,3,3,2,3,32.13006411494645
2020-07-28,25.5050505050505,44.85722610722611,32.45431466385858,14.589589589589592,25.67567567567568,59.310661461510826,32.52564293263666,1.0,2,3,3,3,2,3,32.52564293263666
2020-07-29,25.5050505050505,42.66783165865735,34.69692187847773,14.589589589589592,25.67567567567568,60.986465872813525,32.703865926977,1.0,2,3,3,3,2,3,32.703865926977
2020-07-30,25.5050505050505,45.42940320232896,34.080445123122466,14.589589589589592,25.67567567567568,59.65062702228662,32.99930099958758,1.0,2,3,3,3,2,3,32.99930099958758
2020-07-31,25.5050505050505,44.172850283718894,33.46442675965949,14.589589589589592,25.67567567567568,61.186630059916205,32.77838704693593,1.0,2,3,3,3,2,3,32.77838704693593
2020-08-03,25.5050505050505,40.76497963932519,35.76943985176441,14.589589589589592,25.67567567567568,62.88995480557228,32.728148011043785,1.0,2,3,3,3,2,3,32.728148011043785
2020-08-04,25.5050505050505,40.645442651548194,41.13995446344187,14.589589589589592,25.67567567567568,63.35522028758097,33.82487008402474,1.0,2,3,3,3,2,3,33.82487008402474
2020-08-05,25.5050505050505,43.85353095030515,36.363401955533945,14.589589589589592,25.67567567567568,61.376349271146005,33.313290140551054,1.0,2,3,3,3,2,3,33.313290140551054
2020-08-06,25.5050505050505,45.35947712418301,36.48119821376239,14.589589589589592,25.67567567567568,60.7323371771085,33.57363741756856,1.0,2,3,3,3,2,3,33.57363741756856
2020-08-07,25.5050505050505,45.68815331010453,35.92138623579612,14.589589589589592,25.67567567567568,61.06132633510849,33.56030917495961,1.0,2,3,3,3,2,3,33.56030917495961
2020-08-10,25.5050505050505,47.25003627920476,36.68968884173482,14.589589589589592,25.67567567567568,60.086447754244865,33.92885843188104,1.0,2,3,3,3,2,3,33.92885843188104
2020-08-11,25.5050505050505,51.3199883957064,36.05495053438643,14.589589589589592,25.67567567567568,58.59023530317135,34.46627994860434,1.0,2,3,3,3,2,3,34.46627994860434
2020-08-12,25.5050505050505,51.950123241989274,32.75521906627497,14.589589589589592,25.67567567567568,58.72923744872912,33.946260838794394,1.0,2,3,3,3,2,3,33.946260838794394
2020-08-13,25.5050505050505,52.82608695652174,34.23719234915332,14.589589589589592,25.67567567567568,59.12813344940048,34.45773783834369,1.0,2,3,3,3,2,3,34.45773783834369
2020-08-14,25.5050505050505,51.65869911632623,33.34006385761506,14.589589589589592,25.67567567567568,59.890112536018734,34.12103248065877,1.0,2,3,3,3,2,3,34.12103248065877
2020-08-17,25.5050505050505,53.011873732985805,28.370644341742608,14.589589589589592,25.67567567567568,59.058839493666206,33.314656196580934,1.0,2,3,3,3,2,3,33.314656196580934
2020-08-18,25.5050505050505,45.89665653495441,33.83439805436845,14.589589589589592,25.67567567567568,62.56985700982942,33.33546525111615,1.0,2,3,3,3,2,3,33.33546525111615
2020-08-19,25.5050505050505,39.29398148148149,40.84566640543985,14.589589589589592,25.67567567567568,66.29185524835516,33.78938373448842,1.0,2,3,3,3,2,3,33.78938373448842
2020-08-20,25.5050505050505,45.37960954446854,34.49280583640286,14.589589589589592,25.67567567567568,62.58813140661108,33.365564849104025,1.0,2,3,3,3,2,3,33.365564849104025
2020-08-21,25.5050505050505,45.858629661751955,32.954734405897796,14.589589589589592,25.67567567567568,62.32760025440699,33.127701471239284,1.0,2,3,3,3,2,3,33.127701471239284
2020-08-24,25.5050505050505,40.348215575783854,38.76893306874783,14.589589589589592,25.67567567567568,65.26879387661626,33.48257774883659,1.0,2,3,3,3,2,3,33.48257774883659
2020-08-25,25.5050505050505,39.96244945118428,36.7399267797449,14.589589589589592,25.67567567567568,65.68427525469556,33.041171403924025,1.0,2,3,3,3,2,3,33.041171403924025
2020-08-26,25.5050505050505,32.32279486069005,39.86505944211802,14.589589589589592,25.67567567567568,70.33786025370298,32.603625518200545,1.0,2,3,3,3,2,3,32.603625518200545
2020-08-27,25.5050505050505,33.549783549783555,41.06010720072832,14.589589589589592,25.67567567567568,68.34542507062581,32.88878928943359,1.0,2,3,3,3,2,3,32.88878928943359
2020-08-28,25.5050505050505,30.79474974758402,42.64606534160782,14.589589589589592,25.67567567567568,70.14277481242193,32.83470913134919,1.0,2,3,3,3,2,3,32.83470913134919
2020-08-31,25.5050505050505,33.41983852364475,40.869351643549905,14.589589589589592,25.67567567567568,66.40641422505381,32.63074808821295,1.0,2,3,3,3,2,3,32.63074808821295
2020-09-01,25.5050505050505,31.54633232454244,43.07777761092109,14.589589589589592,25.67567567567568,68.2686694683733,32.883957566198674,1.0,2,3,3,3,2,3,32.883957566198674
2020-09-02,25.5050505050505,27.28320368769807,45.246040339992554,14.589589589589592,25.67567567567568,69.33613013676903,32.57173045148366,1.0,2,3,3,3,2,3,32.57173045148366
2020-09-03,25.5050505050505,34.2260619150468,40.52528849346296,14.589589589589592,25.67567567567568,59.955020819155145,32.078040795886096,1.0,2,3,3,3,2,3,32.078040795886096
2020-09-04,25.5050505050505,42.544617156016116,33.155113794494625,14.589589589589592,25.67567567567568,54.82784059542977,31.754998881913757,1.0,2,3,3,3,2,3,31.754998881913757
2020-09-08,25.5050505050505,45.21651560926485,32.10378875574103,14.589589589589592,25.67567567567568,54.528756971874174,32.04920520245722,1.0,2,3,3,3,2,3,32.04920520245722
2020-09-09,25.5050505050505,35.07333908541847,38.89122752873741,14.589589589589592,25.67567567567568,58.31427553508321,31.75660950860813,1.0,2,3,3,3,2,3,31.75660950860813
2020-09-10,25.5050505050505,32.988357050452784,43.190660754476276,14.589589589589592,25.67567567567568,64.89930234543309,32.85800242779776,1.0,2,3,3,3,2,3,32.85800242779776
2020-09-11,50.67567567567568,44.94252873563219,35.04658530257592,22.3565670934092,19.736842105263154,63.50250191645692,40.344161192743925,1.0,2,3,3,3,2,3,40.344161192743925
2020-09-14,50.67567567567568,31.595576619273302,39.39607265359977,22.3565670934092,19.736842105263154,69.9149522482689,39.18591327285812,1.0,2,3,3,3,2,3,39.18591327285812
2020-09-15,50.67567567567568,27.260981912144704,43.12739342762005,22.3565670934092,19.736842105263154,69.92982768648511,39.06674603005808,1.0,2,3,3,3,2,3,39.06674603005808
2020-09-16,50.67567567567568,28.483283110919793,41.53482043006072,22.3565670934092,19.736842105263154,72.56659590406727,39.256368492059444,1.0,2,3,3,3,2,3,39.256368492059444
2020-09-17,50.67567567567568,29.15949512335055,47.096760235905144,22.3565670934092,19.736842105263154,73.5677523449831,40.60411449980607,1.0,2,3,3,3,2,3,40.60411449980607
2020-09-18,50.67567567567568,30.724014336917566,43.84572453833953,22.3565670934092,19.736842105263154,71.90312136387207,40.10034810489524,1.0,2,3,3,3,2,3,40.10034810489524
2020-09-21,50.67567567567568,27.586701060475782,46.20301779566838,22.3565670934092,19.736842105263154,76.5440614972064,40.40843811440609,1.0,2,3,3,3,2,3,40.40843811440609
2020-09-22,50.67567567567568,28.09053144248675,43.39041123720796,22.3565670934092,19.736842105263154,76.04706486557107,39.896983215952666,1.0,2,3,3,3,2,3,39.896983215952666
2020-09-23,50.67567567567568,33.76288659793814,46.9233718977939,22.3565670934092,19.736842105263154,68.37244611147675,40.9705845037507,1.0,2,3,3,3,2,3,40.9705845037507
2020-09-24,50.67567567567568,32.30284814655789,43.595270026352466,22.3565670934092,19.736842105263154,69.61557384530978,40.13726921256966,1.0,2,3,3,3,2,3,40.13726921256966
2020-09-25,50.67567567567568,30.54363376251788,44.67861718850718,22.3565670934092,19.736842105263154,71.46818119916635,40.18735650357827,1.0,2,3,3,3,2,3,40.18735650357827
2020-09-28,50.67567567567568,31.345631345631347,43.495981890401936,22.3565670934092,19.736842105263154,71.11686294957345,40.076097135620614,1.0,2,3,3,3,2,3,40.076097135620614
2020-09-29,50.67567567567568,31.775300171526588,44.15158771966127,22.3565670934092,19.736842105263154,70.94933534691302,40.276399306385485,1.0,2,3,3,3,2,3,40.276399306385485
2020-09-30,50.67567567567568,30.975853693384764,43.7435468993109,22.3565670934092,19.736842105263154,71.89681011017265,40.12964932301301,1.0,2,3,3,3,2,3,40.12964932301301
2020-10-01,50.67567567567568,31.04827192230791,45.52124773327581,22.3565670934092,19.736842105263154,71.83598152968278,40.49359027754164,1.0,2,3,3,3,2,3,40.49359027754164
2020-10-02,50.67567567567568,34.546752319771585,45.11235805081565,22.3565670934092,19.736842105263154,68.32844439273451,40.760754706847514,1.0,2,3,3,3,2,3,40.760754706847514
2020-10-05,50.67567567567568,31.4783105022831,41.016845978051045,22.3565670934092,19.736842105263154,71.15533457672998,39.61065294719644,1.0,2,3,3,3,2,3,39.61065294719644
2020-10-06,50.67567567567568,31.693053772642994,40.117320869758274,22.3565670934092,19.736842105263154,71.11891540241828,39.4700546621787,1.0,2,3,3,3,2,3,39.4700546621787
2020-10-07,50.67567567567568,28.029654975762757,42.495975368168736,22.3565670934092,19.736842105263154,76.15086781386053,39.71630104362897,1.0,2,3,3,3,2,3,39.71630104362897
2020-10-08,50.67567567567568,27.205358415277185,43.93030017793754,22.3565670934092,19.736842105263154,77.29495813772824,39.95271572587238,1.0,2,3,3,3,2,3,39.95271572587238
2020-10-09,50.67567567567568,26.35327635327635,43.2784040810458,22.3565670934092,19.736842105263154,77.3620937953574,39.65863365985679,1.0,2,3,3,3,2,3,39.65863365985679
2020-10-12,50.67567567567568,25.288338316958566,40.623346739927044,22.3565670934092,19.736842105263154,77.52109157066602,38.93053436190034,1.0,2,3,3,3,2,3,38.93053436190034
2020-10-13,50.67567567567568,26.95701679476231,44.587748291771376,22.3565670934092,19.736842105263154,74.97957402033073,39.80299861279643,1.0,2,3,3,3,2,3,39.80299861279643
2020-10-14,50.67567567567568,27.04509887608479,47.57794550757185,22.3565670934092,19.736842105263154,75.28861418164277,40.44955848835222,1.0,2,3,3,3,2,3,40.44955848835222
2020-10-15,50.67567567567568,28.398748577929467,46.74267604020286,22.3565670934092,19.736842105263154,73.65492470106359,40.38986558718944,1.0,2,3,3,3,2,3,40.38986558718944
2020-10-16,50.67567567567568,29.040511727078894,47.52443179046015,22.3565670934092,19.736842105263154,72.74975417565945,40.584052314530375,1.0,2,3,3,3,2,3,40.584052314530375
2020-10-19,50.67567567567568,31.42938334754192,47.06815265798441,22.3565670934092,19.736842105263154,70.23238903093633,40.71883429765552,1.0,2,3,3,3,2,3,40.71883429765552
2020-10-20,50.67567567567568,30.926004828859536,48.99190435945482,22.3565670934092,19.736842105263154,70.63094952502001,41.042764983621495,1.0,2,3,3,3,2,3,41.042764983621495
2020-10-21,50.67567567567568,31.303236797274277,50.327798074495476,22.3565670934092,19.736842105263154,70.55435139376489,41.37773030718706,1.0,2,3,3,3,2,3,41.37773030718706
2020-10-22,50.67567567567568,31.20476798637718,47.58636179524077,22.3565670934092,19.736842105263154,70.61707212351534,40.81602136213174,1.0,2,3,3,3,2,3,40.81602136213174
2020-10-23,50.67567567567568,30.241134751773053,48.624458099998556,22.3565670934092,19.736842105263154,71.46018215127529,40.91522497893847,1.0,2,3,3,3,2,3,40.91522497893847
2020-10-26,50.67567567567568,42.80448036296611,41.5453167173887,22.3565670934092,19.736842105263154,60.807277113898614,40.94677532091744,1.0,2,3,3,3,2,3,40.94677532091744
2020-10-27,50.67567567567568,45.12471655328798,39.48354461222485,22.3565670934092,19.736842105263154,59.11741239492786,40.82948166605196,1.0,2,3,3,3,2,3,40.82948166605196
2020-10-28,50.67567567567568,53.619492846012186,36.41237339891348,22.3565670934092,19.736842105263154,53.33027171792448,41.335488614234194,1.0,2,3,3,3,2,3,41.335488614234194
2020-10-29,50.67567567567568,51.31690739167375,36.29059354666388,22.3565670934092,19.736842105263154,54.364815535199774,40.95406993464412,1.0,2,3,3,3,2,3,40.95406993464412
2020-10-30,50.67567567567568,50.79971691436659,40.67323481924792,22.3565670934092,19.736842105263154,55.086823354694225,41.79936087564894,1.0,2,3,3,3,2,3,41.79936087564894
2020-11-02,50.67567567567568,49.23599320882852,41.00446096589441,22.3565670934092,19.736842105263154,56.18470010189719,41.66264903859092,1.0,2,3,3,3,2,3,41.66264903859092
2020-11-03,50.67567567567568,47.051336444633,42.112235775325104,22.3565670934092,19.736842105263154,57.76512999965008,41.60531563741324,1.0,2,3,3,3,2,3,41.60531563741324
2020-11-04,50.67567567567568,49.0104608425219,36.05370977186814,22.3565670934092,19.736842105263154,56.850348934269626,40.69395720976158,1.0,2,3,3,3,2,3,40.69395720976158
2020-11-05,50.67567567567568,47.915783524092134,37.69647618155169,22.3565670934092,19.736842105263154,57.627332949752244,40.88127342956061,1.0,2,3,3,3,2,3,40.88127342956061
2020-11-06,50.67567567567568,47.01271186440678,38.31852850129632,22.3565670934092,19.736842105263154,58.26125400271111,40.888461666868345,1.0,2,3,3,3,2,3,40.888461666868345
2020-11-09,50.67567567567568,46.67513765353664,39.057696855402675,22.3565670934092,19.736842105263154,58.699768929741815,41.01263198821866,1.0,2,3,3,3,2,3,41.01263198821866
2020-11-10,50.67567567567568,47.854925204628856,40.30180039962175,22.3565670934092,19.736842105263154,58.02554031443803,41.42998734575054,1.0,2,3,3,3,2,3,41.42998734575054
2020-11-11,50.67567567567568,44.265763859500645,38.892750075190634,22.3565670934092,19.736842105263154,59.78017103435611,40.60580808383048,1.0,2,3,3,3,2,3,40.60580808383048
2020-11-12,50.67567567567568,49.38663282571912,36.94666805489793,22.3565670934092,19.736842105263154,56.55702154247266,40.91845052382729,1.0,2,3,3,3,2,3,40.91845052382729
2020-11-13,50.67567567567568,46.187455954897814,38.866331634546654,22.3565670934092,19.736842105263154,58.218057869491645,40.82865149829467,1.0,2,3,3,3,2,3,40.82865149829467
2020-11-16,50.67567567567568,44.49140602986756,39.19285425484701,22.3565670934092,19.736842105263154,59.897450545503794,40.722685304949906,1.0,2,3,3,3,2,3,40.722685304949906
2020-11-17,50.67567567567568,44.71201239262076,39.35441255271845,22.3565670934092,19.736842105263154,60.28138482122999,40.83751166464745,1.0,2,3,3,3,2,3,40.83751166464745
2020-11-18,50.67567567567568,50.29560810810811,35.772157582152644,22.3565670934092,19.736842105263154,57.27298745252809,40.93694007676157,1.0,2,3,3,3,2,3,40.93694007676157
2020-11-19,50.67567567567568,49.430139299282395,35.851382761332026,22.3565670934092,19.736842105263154,57.939331987630474,40.84632580434255,1.0,2,3,3,3,2,3,40.84632580434255
2020-11-20,50.67567567567568,53.38959212376933,32.848557275468885,22.3565670934092,19.736842105263154,55.595228395010146,40.80324091280527,1.0,2,3,3,3,2,3,40.80324091280527
2020-11-23,50.67567567567568,51.2723182904541,34.16362879107111,22.3565670934092,19.736842105263154,56.60659812676696,40.74393742243836,1.0,2,3,3,3,2,3,40.74393742243836
2020-11-24,50.67567567567568,41.80719505340078,34.871272862811814,22.3565670934092,19.736842105263154,62.029512410750854,39.53473301777422,1.0,2,3,3,3,2,3,39.53473301777422
2020-11-25,50.67567567567568,42.98356510745891,34.07465687675398,22.3565670934092,19.736842105263154,61.381123014789964,39.54584489177819,1.0,2,3,3,3,2,3,39.54584489177819
2020-11-27,50.67567567567568,40.7329401853412,33.396687950723184,22.3565670934092,19.736842105263154,62.94289245388873,39.11630306605837,1.0,2,3,3,3,2,3,39.11630306605837
2020-11-30,50.67567567567568,40.95438596491228,34.53272792444622,22.3565670934092,19.736842105263154,62.93083235674085,39.3865942070024,1.0,2,3,3,3,2,3,39.3865942070024
2020-12-01,50.67567567567568,35.01683501683501,39.48370057485654,22.3565670934092,19.736842105263154,65.84709469072682,39.48090478086761,1.0,2,3,3,3,2,3,39.48090478086761
2020-12-02,50.67567567567568,33.41747300518862,42.749448647031144,22.3565670934092,19.736842105263154,67.3752888950944,39.96700141341001,1.0,2,3,3,3,2,3,39.96700141341001
2020-12-03,50.67567567567568,32.64648163723016,44.38733886450404,22.3565670934092,19.736842105263154,69.55890824816564,40.35874311862002,1.0,2,3,3,3,2,3,40.35874311862002
2020-12-04,50.67567567567568,29.662323104946058,44.074570810560374,22.3565670934092,19.736842105263154,73.01002790364687,40.04446976692259,1.0,2,3,3,3,2,3,40.04446976692259
2020-12-07,50.67567567567568,30.343137254901958,45.7559440456384,22.3565670934092,19.736842105263154,72.59650077913803,40.475554531478494,1.0,2,3,3,3,2,3,40.475554531478494
2020-12-08,50.67567567567568,33.82332353352933,43.1879619203816,22.3565670934092,19.736842105263154,71.24023116277301,40.5223684005161,1.0,2,3,3,3,2,3,40.5223684005161
2020-12-09,50.67567567567568,30.758466274839076,48.10596662917546,22.3565670934092,19.736842105263154,73.68618523604304,41.13759329786383,1.0,2,3,3,3,2,3,41.13759329786383
2020-12-10,50.67567567567568,31.90656035809204,45.002374317500255,22.3565670934092,19.736842105263154,72.88383971230937,40.66625909980601,1.0,2,3,3,3,2,3,40.66625909980601
2020-12-11,54.661654135338345,32.94183445190156,48.53258286931494,41.02564102564102,14.102564102564102,81.86873360161661,45.71127292234211,1.0,2,3,3,3,2,3,45.71127292234211
2020-12-14,54.661654135338345,32.29909154437456,49.62645021414745,41.02564102564102,14.102564102564102,83.84487710043275,45.99911215968483,1.0,2,3,3,3,2,3,45.99911215968483
2020-12-15,54.661654135338345,28.010617490919255,59.23938650437507,41.02564102564102,14.102564102564102,86.56013134878745,47.33553003187476,1.0,2,3,3,3,2,3,47.33553003187476
2020-12-16,54.661654135338345,25.80645161290323,60.53015546176681,41.02564102564102,14.102564102564102,86.08909537851508,47.10574705072266,1.0,2,3,3,3,2,3,47.10574705072266
2020-12-17,54.661654135338345,23.71580122836404,59.78033551931555,41.02564102564102,14.102564102564102,85.87329940252175,46.51607338772524,1.0,2,3,3,3,2,3,46.51607338772524
2020-12-18,54.661654135338345,20.078135900655784,61.22252968378707,41.02564102564102,14.102564102564102,85.73433205527316,46.063082420353034,1.0,2,3,3,3,2,3,46.063082420353034
2020-12-21,54.661654135338345,21.729428172942818,60.60576325888435,41.02564102564102,14.102564102564102,82.69643866386983,45.96619825068957,1.0,2,3,3,3,2,3,45.96619825068957
2020-12-22,54.661654135338345,19.85222361633905,59.19969149120651,41.02564102564102,14.102564102564102,87.23360896664231,45.76326001611049,1.0,2,3,3,3,2,3,45.76326001611049
2020-12-23,54.661654135338345,19.620958751393534,62.11863896238808,41.02564102564102,14.102564102564102,87.25683730661254,46.303119371354725,1.0,2,3,3,3,2,3,46.303119371354725
2020-12-24,54.661654135338345,20.434600919348096,61.610162147148884,41.02564102564102,14.102564102564102,85.4321566166501,46.18168437290155,1.0,2,3,3,3,2,3,46.18168437290155
2020-12-28,54.661654135338345,20.77415761626288,60.63460850893224,41.02564102564102,14.102564102564102,85.19962867884767,46.03123219086095,1.0,2,3,3,3,2,3,46.03123219086095
2020-12-29,54.661654135338345,21.920668058455114,62.67144214178754,41.02564102564102,14.102564102564102,83.31986640716629,46.479924778702305,1.0,2,3,3,3,2,3,46.479924778702305
2020-12-30,54.661654135338345,22.120200333889812,62.48991422209836,41.02564102564102,14.102564102564102,83.08755515902779,46.46029452503757,1.0,2,3,3,3,2,3,46.46029452503757
2020-12-31,54.661654135338345,21.3183145598665,62.617986547145435,41.02564102564102,14.102564102564102,84.30732271786016,46.447508591125555,1.0,2,3,3,3,2,3,46.447508591125555
2021-01-04,54.661654135338345,23.700305810397552,63.485746420742814,41.02564102564102,14.102564102564102,80.60684070112103,46.727410614277325,1.0,2,3,3,3,2,3,46.727410614277325
2021-01-05,54.661654135338345,25.649576212310688,60.20455588436266,41.02564102564102,14.102564102564102,77.74827736107869,46.17517025337969,1.0,2,3,3,3,2,3,46.17517025337969
2021-01-06,54.661654135338345,26.73611111111111,62.083906053100804,41.02564102564102,14.102564102564102,77.24068084440951,46.71758761522049,1.0,2,3,3,3,2,3,46.71758761522049
2021-01-07,54.661654135338345,25.322782174094126,60.42958909618673,41.02564102564102,14.102564102564102,80.04610726057311,46.384601078050636,1.0,2,3,3,3,2,3,46.384601078050636
2021-01-08,54.661654135338345,24.54898695531502,58.786287897701165,41.02564102564102,14.102564102564102,81.14778386803336,46.01134945534372,1.0,2,3,3,3,2,3,46.01134945534372
2021-01-11,54.661654135338345,25.55139409071993,59.070542565042,41.02564102564102,14.102564102564102,79.86041777918432,46.13994520700797,1.0,2,3,3,3,2,3,46.13994520700797
2021-01-12,54.661654135338345,27.273987798114252,56.59032113024903,41.02564102564102,14.102564102564102,77.39696315412426,45.74207419902223,1.0,2,3,3,3,2,3,45.74207419902223
2021-01-13,54.661654135338345,28.01108801108801,57.13056249532708,41.02564102564102,14.102564102564102,76.62214478015889,45.92006067723606,1.0,2,3,3,3,2,3,45.92006067723606
2021-01-14,54.661654135338345,29.509559434746468,57.10163131795345,41.02564102564102,14.102564102564102,75.15193871827984,46.06694812030511,1.0,2,3,3,3,2,3,46.06694812030511
2021-01-15,54.661654135338345,28.943359645478463,59.92857869028253,41.02564102564102,14.102564102564102,75.82710368508305,46.58661413359765,1.0,2,3,3,3,2,3,46.58661413359765
2021-01-19,54.661654135338345,30.67552602436323,60.109970181641735,41.02564102564102,14.102564102564102,74.03382238996772,46.789997578134916,1.0,2,3,3,3,2,3,46.789997578134916
2021-01-20,54.661654135338345,29.694202296942024,58.04064679292171,41.02564102564102,14.102564102564102,75.4520583781921,46.321691753729105,1.0,2,3,3,3,2,3,46.321691753729105
2021-01-21,54.661654135338345,31.120331950207465,58.503264291675094,41.02564102564102,14.102564102564102,74.17171178342352,46.57140652465601,1.0,2,3,3,3,2,3,46.57140652465601
2021-01-22,54.661654135338345,34.74353656850546,50.61118184995581,41.02564102564102,14.102564102564102,70.35558516333754,45.336018297963165,1.0,2,3,3,3,2,3,45.336018297963165
2021-01-25,54.661654135338345,32.32448866777225,53.450859660319175,41.02564102564102,14.102564102564102,72.20455633821055,45.60504139737649,1.0,2,3,3,3,2,3,45.60504139737649
2021-01-26,54.661654135338345,28.78850669982042,62.214731303334425,41.02564102564102,14.102564102564102,74.78865512118601,46.909029210686725,1.0,2,3,3,3,2,3,46.909029210686725
2021-01-27,54.661654135338345,26.829605081469204,64.97121099887768,41.02564102564102,14.102564102564102,80.63863320728414,47.65354263473494,1.0,2,3,3,3,2,3,47.65354263473494
2021-01-28,54.661654135338345,31.083505866114564,60.32127996895774,41.02564102564102,14.102564102564102,75.95345201947251,47.10581846689887,1.0,2,3,3,3,2,3,47.10581846689887
2021-01-29,54.661654135338345,34.57505518763797,59.471906685455444,41.02564102564102,14.102564102564102,74.06952764693598,47.44586123724943,1.0,2,3,3,3,2,3,47.44586123724943
2021-02-01,54.661654135338345,29.926906633567786,64.51219882049018,41.02564102564102,14.102564102564102,77.61829260768222,47.879166449516966,1.0,2,3,3,3,2,3,47.879166449516966
2021-02-02,54.661654135338345,27.253928866832094,65.45948969792005,41.02564102564102,14.102564102564102,79.60153537120419,47.732353348008,1.0,2,3,3,3,2,3,47.732353348008
2021-02-03,54.661654135338345,27.656056221579167,62.81215441273349,41.02564102564102,14.102564102564102,79.07310967435367,47.23046919223505,1.0,2,3,3,3,2,3,47.23046919223505
2021-02-04,54.661654135338345,24.545454545454547,63.69289984812373,41.02564102564102,14.102564102564102,82.5871273694306,47.13589971359586,1.0,2,3,3,3,2,3,47.13589971359586
2021-02-05,54.661654135338345,23.874432052870713,65.6305139116638,41.02564102564102,14.102564102564102,83.50395791720584,47.480901082564635,1.0,2,3,3,3,2,3,47.480901082564635
2021-02-08,54.661654135338345,25.130745939994497,62.783763602403276,41.02564102564102,14.102564102564102,81.67925570398724,46.98034357681543,1.0,2,3,3,3,2,3,46.98034357681543
2021-02-09,54.661654135338345,23.648369789517123,64.61033061326576,41.02564102564102,14.102564102564102,83.57297904552544,47.238554083046274,1.0,2,3,3,3,2,3,47.238554083046274
2021-02-10,54.661654135338345,24.793729372937293,61.93000410538041,41.02564102564102,14.102564102564102,81.96943229015962,46.77120602261665,1.0,2,3,3,3,2,3,46.77120602261665
2021-02-11,54.661654135338345,26.46048109965636,60.76780572839661,41.02564102564102,14.102564102564102,79.89931510241776,46.66510497378952,1.0,2,3,3,3,2,3,46.66510497378952
2021-02-12,54.661654135338345,25.2679307502061,62.128513955973034,41.02564102564102,14.102564102564102,81.38799863264713,46.847604902437695,1.0,2,3,3,3,2,3,46.847604902437695
2021-02-16,54.661654135338345,27.990660623540727,57.502875119810085,41.02564102564102,14.102564102564102,78.09302787269709,46.137526033877016,1.0,2,3,3,3,2,3,46.137526033877016
2021-02-17,54.661654135338345,28.185063152114225,59.53361889584854,41.02564102564102,14.102564102564102,78.11081468188813,46.58433397571852,1.0,2,3,3,3,2,3,46.58433397571852
2021-02-18,54.661654135338345,28.21462879099767,57.70940855127401,41.02564102564102,14.102564102564102,78.04399058412089,46.218722624803576,1.0,2,3,3,3,2,3,46.218722624803576
2021-02-19,54.661654135338345,31.87928669410151,52.21629323243769,41.02564102564102,14.102564102564102,74.32609769373131,45.48124185261812,1.0,2,3,3,3,2,3,45.48124185261812
2021-02-22,54.661654135338345,21.705745235157,72.02499135491496,41.02564102564102,14.102564102564102,78.83881630881805,47.85954504683335,1.0,2,3,3,3,2,3,47.85954504683335
2021-02-23,54.661654135338345,21.504934210526315,74.97959320155569,41.02564102564102,14.102564102564102,79.18846146605412,48.44526772695896,1.0,2,3,3,3,2,3,48.44526772695896
2021-02-24,54.661654135338345,20.96177558569667,77.21164373532142,41.02564102564102,14.102564102564102,80.738860110485,48.93808597318927,1.0,2,3,3,3,2,3,48.93808597318927
2021-02-25,54.661654135338345,19.302930703916733,82.34176003964295,41.02564102564102,14.102564102564102,83.20955711943662,49.879409958592746,1.0,2,3,3,3,2,3,49.879409958592746
2021-02-26,54.661654135338345,21.533196440793976,82.25548845798023,41.02564102564102,14.102564102564102,79.77112914889312,49.9643659925813,1.0,2,3,3,3,2,3,49.9643659925813
2021-03-01,54.661654135338345,17.172961138478378,84.86560084163033,41.02564102564102,14.102564102564102,82.09773655052356,49.84700214901125,1.0,2,3,3,3,2,3,49.84700214901125
2021-03-02,54.661654135338345,16.39994528792231,83.3969655872108,41.02564102564102,14.102564102564102,81.84100885114675,49.37299915807844,1.0,2,3,3,3,2,3,49.37299915807844
2021-03-03,54.661654135338345,16.078753076292042,92.35644583143974,41.02564102564102,14.102564102564102,82.29670225589885,51.14622610507339,1.0,2,3,3,3,2,3,51.14622610507339
2021-03-04,54.661654135338345,18.354516878502118,89.17122384195005,41.02564102564102,14.102564102564102,75.6692468573188,50.30158892775947,1.0,2,3,3,3,2,3,50.30158892775947
2021-03-05,54.661654135338345,13.032786885245903,96.93253739087679,41.02564102564102,14.102564102564102,74.53201033332417,50.67578198649411,1.0,2,3,3,3,2,3,50.67578198649411
2021-03-08,54.661654135338345,10.337293458964906,98.54830580656765,41.02564102564102,14.102564102564102,73.15961289133878,50.322597240177544,1.0,2,3,3,3,2,3,50.322597240177544
2021-03-09,54.661654135338345,9.828009828009824,99.09564813031963,41.02564102564102,14.102564102564102,70.88014311070054,50.10226200067309,1.0,2,3,3,3,2,3,50.10226200067309
2021-03-10,54.661654135338345,10.43798608268522,97.21276877474594,41.02564102564102,14.102564102564102,68.6293666899119,49.62260373841457,1.0,2,3,3,3,2,3,49.62260373841457
2021-03-11,81.62393162393163,36.92034915439171,88.37286584465525,42.37179487179487,10.000000000000002,49.35996306964309,57.75639144352584,1.0,2,3,3,3,2,3,57.75639144352584
2021-03-12,81.62393162393163,37.69597818677573,86.09033852135211,42.37179487179487,10.000000000000002,50.41838449949271,57.560853928326964,1.0,2,3,3,3,2,3,57.560853928326964
2021-03-15,81.62393162393163,36.05887162714637,84.81467341857461,42.37179487179487,10.000000000000002,53.80871960872648,57.31733310676898,1.0,2,3,3,3,2,3,57.31733310676898
2021-03-16,81.62393162393163,38.80942650865005,79.34762523039102,42.37179487179487,10.000000000000002,51.42644075113417,56.535806559673766,1.0,2,3,3,3,2,3,56.535806559673766
2021-03-17,81.62393162393163,40.6454248366013,74.88593948244115,42.37179487179487,10.000000000000002,49.46892321782091,55.81491732234271,1.0,2,3,3,3,2,3,55.81491732234271
2021-03-18,81.62393162393163,39.10439635225262,78.52659819103592,42.37179487179487,10.000000000000002,51.200685288832894,56.40801957429313,1.0,2,3,3,3,2,3,56.40801957429313
2021-03-19,81.62393162393163,40.53061224489796,76.1034072047831,42.37179487179487,10.000000000000002,49.84431415431783,56.07298744212014,1.0,2,3,3,3,2,3,56.07298744212014
2021-03-22,81.62393162393163,40.39167686658507,73.26084820390896,42.37179487179487,10.000000000000002,49.91389943049522,55.48364709390047,1.0,2,3,3,3,2,3,55.48364709390047
2021-03-23,81.62393162393163,37.28928765633497,75.6048652322473,42.37179487179487,10.000000000000002,53.20331918864215,55.66091463333281,1.0,2,3,3,3,2,3,55.66091463333281
2021-03-24,81.62393162393163,38.850387280880554,77.64494596769725,42.37179487179487,10.000000000000002,52.03789230563765,56.264608017031456,1.0,2,3,3,3,2,3,56.264608017031456
2021-03-25,81.62393162393163,34.12116272751969,83.44594757270812,42.37179487179487,10.000000000000002,57.16287457396735,56.991461654194424,1.0,2,3,3,3,2,3,56.991461654194424
2021-03-26,81.62393162393163,31.47318397827563,84.01368092390834,42.37179487179487,10.000000000000002,61.39521312957243,56.99864643014617,1.0,2,3,3,3,2,3,56.99864643014617
2021-03-29,81.62393162393163,29.777415852334414,87.47174127387994,42.37179487179487,10.000000000000002,64.22144467940065,57.63372802993508,1.0,2,3,3,3,2,3,57.63372802993508
2021-03-30,81.62393162393163,30.94559761226428,89.62369219776706,42.37179487179487,10.000000000000002,62.299254120205205,58.10553551077892,1.0,2,3,3,3,2,3,58.10553551077892
2021-03-31,81.62393162393163,31.7195551939246,87.85494719532335,42.37179487179487,10.000000000000002,61.04463591248957,57.78111620585068,1.0,2,3,3,3,2,3,57.78111620585068
2021-04-01,81.62393162393163,28.534634675342286,89.59386498814797,42.37179487179487,10.000000000000002,66.27136904353594,58.01458897380378,1.0,2,3,3,3,2,3,58.01458897380378
2021-04-05,81.62393162393163,24.363143631436316,92.53948444938,42.37179487179487,10.000000000000002,69.36096361768676,58.07837411468408,1.0,2,3,3,3,2,3,58.07837411468408
2021-04-06,81.62393162393163,24.06880671813626,92.443458960095,42.37179487179487,10.000000000000002,69.40109974514996,58.00431524691338,1.0,2,3,3,3,2,3,58.00431524691338
2021-04-07,81.62393162393163,24.559978337395073,93.16795950423304,42.37179487179487,10.000000000000002,69.5820377505593,58.26554348013368,1.0,2,3,3,3,2,3,58.26554348013368
2021-04-08,81.62393162393163,21.437271619975636,92.50715706381702,42.37179487179487,10.000000000000002,69.35751781760243,57.48638965527091,1.0,2,3,3,3,2,3,57.48638965527091
2021-04-09,81.62393162393163,20.833333333333336,91.0519645390419,42.37179487179487,10.000000000000002,69.46299415837652,57.08511112706483,1.0,2,3,3,3,2,3,57.08511112706483
2021-04-12,81.62393162393163,19.63488843813387,90.1752916117772,42.37179487179487,10.000000000000002,69.46962471415722,56.67075061815007,1.0,2,3,3,3,2,3,56.67075061815007
2021-04-13,81.62393162393163,18.532035685320356,90.86820455960961,42.37179487179487,10.000000000000002,69.55769958582061,56.597570144320194,1.0,2,3,3,3,2,3,56.597570144320194
2021-04-14,81.62393162393163,18.21375489798676,93.15096943600686,42.37179487179487,10.000000000000002,69.7039956944833,57.00509657299919,1.0,2,3,3,3,2,3,57.00509657299919
2021-04-15,81.62393162393163,15.410588870880604,94.74750155375774,42.37179487179487,10.000000000000002,69.51584765610944,56.744954987290754,1.0,2,3,3,3,2,3,56.744954987290754
2021-04-16,81.62393162393163,14.41879303361685,93.19281817748558,42.37179487179487,10.000000000000002,69.6646849087157,56.25054286984419,1.0,2,3,3,3,2,3,56.25054286984419
2021-04-19,81.62393162393163,14.750337381916331,92.97157254814323,42.37179487179487,10.000000000000002,68.12261810803504,56.118395933567555,1.0,2,3,3,3,2,3,56.118395933567555
2021-04-20,81.62393162393163,14.150816133818967,94.05380838882023,42.37179487179487,10.000000000000002,69.77807317101123,56.380484358381096,1.0,2,3,3,3,2,3,56.380484358381096
2021-04-21,81.62393162393163,18.74325782092772,93.06955126109723,42.37179487179487,10.000000000000002,60.368936175265084,56.16120757068364,1.0,2,3,3,3,2,3,56.16120757068364
2021-04-22,81.62393162393163,22.738913600215664,91.68333907605162,42.37179487179487,10.000000000000002,55.644058350107315,56.21060850701633,1.0,2,3,3,3,2,3,56.21060850701633
2021-04-23,81.62393162393163,22.406359471840474,90.65371956936431,42.37179487179487,10.000000000000002,56.06301379575855,55.980069324568944,1.0,2,3,3,3,2,3,55.980069324568944
2021-04-26,81.62393162393163,23.730639730639734,89.16718795519752,42.37179487179487,10.000000000000002,54.66122234976636,55.80743990889623,1.0,2,3,3,3,2,3,55.80743990889623
2021-04-27,81.62393162393163,21.822832525578892,91.25643177094558,42.37179487179487,10.000000000000002,56.7191630190168,56.04952129795871,1.0,2,3,3,3,2,3,56.04952129795871
2021-04-28,81.62393162393163,23.06553626698964,93.44962729720109,42.37179487179487,10.000000000000002,55.48631796347302,56.61341664593758,1.0,2,3,3,3,2,3,56.61341664593758
2021-04-29,81.62393162393163,20.31207963411353,95.6230978900127,42.37179487179487,10.000000000000002,58.2237117533228,56.77115881690966,1.0,2,3,3,3,2,3,56.77115881690966
2021-04-30,81.62393162393163,20.451795078660748,95.38219233249329,42.37179487179487,10.000000000000002,58.178959470266314,56.74644556600957,1.0,2,3,3,3,2,3,56.74644556600957
2021-05-03,81.62393162393163,17.379032258064516,98.60916836109402,42.37179487179487,10.000000000000002,62.56015936456186,57.21540819704003,1.0,2,3,3,3,2,3,57.21540819704003
2021-05-04,81.62393162393163,15.06113126427516,99.25429819874215,42.37179487179487,10.000000000000002,66.33822317380749,57.25866034673635,1.0,2,3,3,3,2,3,57.25866034673635
2021-05-05,81.62393162393163,14.168681171098576,99.31457261709488,42.37179487179487,10.000000000000002,68.2432908859968,57.28273198299051,1.0,2,3,3,3,2,3,57.28273198299051
2021-05-06,81.62393162393163,13.666263928044033,99.38989427363587,42.37179487179487,10.000000000000002,69.39295813603286,57.31227959069141,1.0,2,3,3,3,2,3,57.31227959069141
2021-05-07,81.62393162393163,12.88244766505636,99.46338695898592,42.37179487179487,10.000000000000002,69.41149034280437,57.172068095841034,1.0,2,3,3,3,2,3,57.172068095841034
2021-05-10,81.62393162393163,13.226022803487592,99.2975009471762,42.37179487179487,10.000000000000002,67.90989138422773,57.05744602530767,1.0,2,3,3,3,2,3,57.05744602530767
2021-05-11,81.62393162393163,16.720300348618935,99.04916886064572,42.37179487179487,10.000000000000002,59.81725640868893,56.897371619473965,1.0,2,3,3,3,2,3,56.897371619473965
2021-05-12,81.62393162393163,18.643613456641198,98.8785826447729,42.37179487179487,10.000000000000002,57.545097804622856,57.02070113749724,1.0,2,3,3,3,2,3,57.02070113749724
2021-05-13,81.62393162393163,15.943193997856378,99.30643888919548,42.37179487179487,10.000000000000002,61.118859565025886,56.9235646706651,1.0,2,3,3,3,2,3,56.9235646706651
2021-05-14,81.62393162393163,14.610954868086246,99.38081519425047,42.37179487179487,10.000000000000002,63.31508286308717,56.8916144355282,1.0,2,3,3,3,2,3,56.8916144355282
2021-05-17,81.62393162393163,14.337349397590362,99.46901912619265,42.37179487179487,10.000000000000002,63.91093624590457,56.914119466099194,1.0,2,3,3,3,2,3,56.914119466099194
2021-05-18,81.62393162393163,14.987287568580221,99.26833803725393,42.37179487179487,10.000000000000002,62.68624606315716,56.881501864234686,1.0,2,3,3,3,2,3,56.881501864234686
2021-05-19,81.62393162393163,14.94114499732477,99.34510485886369,42.37179487179487,10.000000000000002,62.90770184856179,56.90977229284601,1.0,2,3,3,3,2,3,56.90977229284601
2021-05-20,81.62393162393163,15.002005615724027,99.00486914227852,42.37179487179487,10.000000000000002,63.062731382704854,56.86940022662313,1.0,2,3,3,3,2,3,56.86940022662313
2021-05-21,81.62393162393163,14.407912322908315,98.98930787374653,42.37179487179487,10.000000000000002,65.22701591602787,56.963897767685886,1.0,2,3,3,3,2,3,56.963897767685886
2021-05-24,81.62393162393163,14.014696058784235,98.96476819645638,42.37179487179487,10.000000000000002,66.51650045089681,57.00929503288994,1.0,2,3,3,3,2,3,57.00929503288994
2021-05-25,81.62393162393163,14.810363247863249,98.53833397060704,42.37179487179487,10.000000000000002,64.63027941898507,56.8945195223447,1.0,2,3,3,3,2,3,56.8945195223447
2021-05-26,81.62393162393163,14.136964357228674,98.61496292558067,42.37179487179487,10.000000000000002,65.89120966299362,56.90125855961337,1.0,2,3,3,3,2,3,56.90125855961337
2021-05-27,81.62393162393163,14.571657325860688,98.18937785794691,42.37179487179487,10.000000000000002,65.09648321694868,56.82360749520852,1.0,2,3,3,3,2,3,56.82360749520852
2021-05-28,81.62393162393163,15.119381085767639,98.20531278281824,42.37179487179487,10.000000000000002,64.8042791845524,56.90711882892456,1.0,2,3,3,3,2,3,56.90711882892456
2021-06-01,81.62393162393163,13.8,98.71848516645142,42.37179487179487,10.000000000000002,67.54041447609173,57.01949061765159,1.0,2,3,3,3,2,3,57.01949061765159
2021-06-02,81.62393162393163,12.981474077035852,99.11873549208534,42.37179487179487,10.000000000000002,69.4687147302448,57.12866552360085,1.0,2,3,3,3,2,3,57.12866552360085
2021-06-03,81.62393162393163,11.91047162270184,99.34404382204937,42.37179487179487,10.000000000000002,71.39780632326863,57.152435858029236,1.0,2,3,3,3,2,3,57.152435858029236
2021-06-04,81.62393162393163,9.974697030230391,99.62110146918126,42.37179487179487,10.000000000000002,76.88860758965302,57.36977259559977,1.0,2,3,3,3,2,3,57.36977259559977
2021-06-07,81.62393162393163,8.785942492012778,99.56859243601775,42.37179487179487,10.000000000000002,78.23492359113219,57.25615148147146,1.0,2,3,3,3,2,3,57.25615148147146
2021-06-08,81.62393162393163,8.276779773785762,99.50534351145038,42.37179487179487,10.000000000000002,78.37800456466285,57.15597725026565,1.0,2,3,3,3,2,3,57.15597725026565
2021-06-09,81.62393162393163,8.433093907954243,99.56917175049402,42.37179487179487,10.000000000000002,77.47487085382633,57.109692353824414,1.0,2,3,3,3,2,3,57.109692353824414
2021-06-10,81.62393162393163,10.769844435580374,99.09416068451645,42.37179487179487,10.000000000000002,76.96163475957127,57.430716636728626,1.0,2,3,3,3,2,3,57.430716636728626
2021-06-11,81.62393162393163,10.061137692716642,99.31634058617269,42.37179487179487,10.000000000000002,78.77106808927286,57.51435460145729,1.0,2,3,3,3,2,3,57.51435460145729
2021-06-14,81.62393162393163,10.402550817058591,99.21931497015635,42.37179487179487,10.000000000000002,77.90916070815284,57.47704136501041,1.0,2,3,3,3,2,3,57.47704136501041
2021-06-15,81.62393162393163,11.60690571049137,98.70903779450448,42.37179487179487,10.000000000000002,75.19511589849519,57.344452427600835,1.0,2,3,3,3,2,3,57.344452427600835
2021-06-16,95.56306306306305,28.408336652064254,95.64896168411234,51.117886178861795,8.536585365853659,58.59052466565659,63.08261936298137,1.0,3,3,3,3,2,3,63.08261936298137
2021-06-17,95.56306306306305,27.561040339702757,95.43015467801015,51.117886178861795,8.536585365853659,59.81418242827712,62.9917644755507,1.0,3,3,3,3,2,3,62.9917644755507
2021-06-18,95.56306306306305,30.216209046292615,92.37423153252823,51.117886178861795,8.536585365853659,56.6147268158237,62.591668026526946,1.0,3,3,3,3,2,3,62.591668026526946
2021-06-21,95.56306306306305,26.809864757358792,94.18593174512239,51.117886178861795,8.536585365853659,59.50885841751404,62.56215237142804,1.0,3,3,3,3,2,3,62.56215237142804
2021-06-22,95.56306306306305,25.65937707090789,92.3094284476885,51.117886178861795,8.536585365853659,61.43854559157179,62.14972289205685,1.0,3,3,3,3,2,3,62.14972289205685
2021-06-23,95.56306306306305,26.58982511923688,91.80638700433414,51.117886178861795,8.536585365853659,59.956013983433984,62.086951052238,1.0,3,3,3,3,2,3,62.086951052238
2021-06-24,95.56306306306305,27.360614488147267,90.30959341911537,51.117886178861795,8.536585365853659,60.10203467324201,61.95635227795713,1.0,3,3,3,3,2,3,61.95635227795713
2021-06-25,95.56306306306305,26.02594651840085,90.91414495598595,51.117886178861795,8.536585365853659,62.71262627332498,62.07138815139025,1.0,3,3,3,3,2,3,62.07138815139025
2021-06-28,95.56306306306305,25.93621807595607,90.73467101555565,51.117886178861795,8.536585365853659,63.05726458733009,62.05201150621575,1.0,3,3,3,3,2,3,62.05201150621575
2021-06-29,95.56306306306305,26.646825396825395,90.5321284421283,51.117886178861795,8.536585365853659,62.18398178337908,62.06629617530904,1.0,3,3,3,3,2,3,62.06629617530904
2021-06-30,95.56306306306305,27.27753536956234,90.72238298815861,51.117886178861795,8.536585365853659,61.408725229130404,62.15296342363764,1.0,3,3,3,3,2,3,62.15296342363764
2021-07-01,95.56306306306305,24.20037007665874,93.3294388947605,51.117886178861795,8.536585365853659,66.15041598236157,62.5331106217004,1.0,3,3,3,3,2,3,62.5331106217004
2021-07-02,95.56306306306305,19.830889153124584,95.82561160160012,51.117886178861795,8.536585365853659,72.07195695572605,62.750603075697946,1.0,3,3,3,3,2,3,62.750603075697946
2021-07-06,95.56306306306305,17.459059693608033,97.27228405988312,51.117886178861795,8.536585365853659,75.19415958356319,62.87779193823496,1.0,3,3,3,3,2,3,62.87779193823496
2021-07-07,95.56306306306305,12.950495049504951,99.16237862021401,51.117886178861795,8.536585365853659,78.51553667430083,62.68623563055427,1.0,3,3,3,3,2,3,62.68623563055427
2021-07-08,95.56306306306305,13.803114278173659,99.0663323586452,51.117886178861795,8.536585365853659,76.68256339679759,62.65425289622393,1.0,3,3,3,3,2,3,62.65425289622393
2021-07-09,95.56306306306305,11.22543200105527,99.12152475611533,51.117886178861795,8.536585365853659,77.55671169475356,62.237169750089876,1.0,3,3,3,3,2,3,62.237169750089876
2021-07-12,95.56306306306305,11.985759493670885,98.68332060858913,51.117886178861795,8.536585365853659,74.75388503661902,62.021311753294306,1.0,3,3,3,3,2,3,62.021311753294306
2021-07-13,95.56306306306305,12.033741926980362,98.88596328615341,51.117886178861795,8.536585365853659,74.78777340236157,62.07482561204331,1.0,3,3,3,3,2,3,62.07482561204331
2021-07-14,95.56306306306305,10.553359683794465,98.95367299222445,51.117886178861795,8.536585365853659,76.95974055572992,62.00948781995719,1.0,3,3,3,3,2,3,62.00948781995719
2021-07-15,95.56306306306305,12.82760437244831,98.61017889687038,51.117886178861795,8.536585365853659,69.35268187454743,61.63493207049889,1.0,3,3,3,3,2,3,61.63493207049889
2021-07-16,95.56306306306305,11.571879936808848,98.22188312471908,51.117886178861795,8.536585365853659,73.17101688710265,61.687961530196255,1.0,3,3,3,3,2,3,61.687961530196255
2021-07-19,95.56306306306305,12.225292801684429,98.4159113511634,51.117886178861795,8.536585365853659,71.5029382097051,61.69064188072048,1.0,3,3,3,3,2,3,61.69064188072048
2021-07-20,95.56306306306305,10.234148908182057,98.30624488933677,51.117886178861795,8.536585365853659,75.66387934368288,61.68657392305245,1.0,3,3,3,3,2,3,61.68657392305245
2021-07-21,95.56306306306305,9.243918474687707,98.631512868801,51.117886178861795,8.536585365853659,77.49070446747733,61.736263944625875,1.0,3,3,3,3,2,3,61.736263944625875
2021-07-22,95.56306306306305,8.162460567823342,98.69477911646585,51.117886178861795,8.536585365853659,78.74380943348811,61.657936109387045,1.0,3,3,3,3,2,3,61.657936109387045
2021-07-23,95.56306306306305,11.457101563526477,98.36307625227728,51.117886178861795,8.536585365853659,67.41291351032531,61.11743414337368,1.0,3,3,3,3,2,3,61.11743414337368
2021-07-26,95.56306306306305,11.176779616495928,98.30179866363018,51.117886178861795,8.536585365853659,68.06732573305253,61.11455545851087,1.0,3,3,3,3,2,3,61.11455545851087
2021-07-27,95.56306306306305,11.31679138768544,98.50495776316538,51.117886178861795,8.536585365853659,67.92120633719412,61.16857769306998,1.0,3,3,3,3,2,3,61.16857769306998
2021-07-28,95.56306306306305,12.191601049868767,98.03535630794512,51.117886178861795,8.536585365853659,66.19846650326511,61.077345351069695,1.0,3,3,3,3,2,3,61.077345351069695
2021-07-29,95.56306306306305,11.59648432375705,98.12285980647742,51.117886178861795,8.536585365853659,67.50666361177208,61.106642416404505,1.0,3,3,3,3,2,3,61.106642416404505
2021-07-30,95.56306306306305,12.28691319171256,98.01517209468157,51.117886178861795,8.536585365853659,66.26456982011373,61.0989812684706,1.0,3,3,3,3,2,3,61.0989812684706
2021-08-02,95.56306306306305,11.679119150609514,98.42581654746363,51.117886178861795,8.536585365853659,67.92472295112496,61.22556666390753,1.0,3,3,3,3,2,3,61.22556666390753
2021-08-03,95.56306306306305,9.224318658280922,99.14206999096643,51.117886178861795,8.536585365853659,73.30441527238747,61.41582648626862,1.0,3,3,3,3,2,3,61.41582648626862
2021-08-04,95.56306306306305,8.853962017026856,99.34138568399788,51.117886178861795,8.536585365853659,74.20871181562467,61.47204795094781,1.0,3,3,3,3,2,3,61.47204795094781
2021-08-05,95.56306306306305,9.67530767216549,99.3511598928184,51.117886178861795,8.536585365853659,72.130994089202,61.43050015109737,1.0,3,3,3,3,2,3,61.43050015109737
2021-08-06,95.56306306306305,9.540636042402827,99.32600423095056,51.117886178861795,8.536585365853659,72.42217216163488,61.42765250001456,1.0,3,3,3,3,2,3,61.42765250001456
2021-08-09,95.56306306306305,9.039769754055467,99.57145300775552,51.117886178861795,8.536585365853659,73.70832646520849,61.505184428063444,1.0,3,3,3,3,2,3,61.505184428063444
2021-08-10,95.56306306306305,9.48084216032431,99.35213057733749,51.117886178861795,8.536585365853659,74.94226118980349,61.672927895693114,1.0,3,3,3,3,2,3,61.672927895693114
2021-08-11,95.56306306306305,9.516339869281047,99.45120785211762,51.117886178861795,8.536585365853659,75.50983439689722,61.75660021314985,1.0,3,3,3,3,2,3,61.75660021314985
2021-08-12,95.56306306306305,9.1859401541879,99.53563630426349,51.117886178861795,8.536585365853659,76.2314441869154,61.77956693956222,1.0,3,3,3,3,2,3,61.77956693956222
2021-08-13,95.56306306306305,8.516196447230929,99.57153319646848,51.117886178861795,8.536585365853659,77.91696060338937,61.82134921825922,1.0,3,3,3,3,2,3,61.82134921825922
2021-08-16,95.56306306306305,7.938373155764462,99.65745200447161,51.117886178861795,8.536585365853659,79.58507317862664,61.88977957909027,1.0,3,3,3,3,2,3,61.88977957909027
2021-08-17,95.56306306306305,7.752545027407987,99.59589950518362,51.117886178861795,8.536585365853659,79.72928597076131,61.85472473277486,1.0,3,3,3,3,2,3,61.85472473277486
2021-08-18,95.56306306306305,10.371819960861057,98.98581297685197,51.117886178861795,8.536585365853659,71.66128751222406,61.44976256794541,1.0,3,3,3,3,2,3,61.44976256794541
2021-08-19,95.56306306306305,10.615545122587378,98.75314172489664,51.117886178861795,8.536585365853659,70.91945089750747,61.37778968842795,1.0,3,3,3,3,2,3,61.37778968842795
2021-08-20,95.56306306306305,10.383261634728198,98.24671978435804,51.117886178861795,8.536585365853659,71.5532323582852,61.29342674882617,1.0,3,3,3,3,2,3,61.29342674882617
2021-08-23,95.56306306306305,10.25540787073234,98.0252273777095,51.117886178861795,8.536585365853659,72.0804806977679,61.27628234864555,1.0,3,3,3,3,2,3,61.27628234864555
2021-08-24,95.56306306306305,10.928748208935783,97.60981253467574,51.117886178861795,8.536585365853659,70.64194058797008,61.184013436699715,1.0,3,3,3,3,2,3,61.184013436699715
2021-08-25,95.56306306306305,10.898437500000002,97.09899643032269,51.117886178861795,8.536585365853659,70.81769720837615,61.093363736082544,1.0,3,3,3,3,2,3,61.093363736082544
2021-08-26,95.56306306306305,10.672914226213718,97.24614170778571,51.117886178861795,8.536585365853659,71.32431935728545,61.12835035170884,1.0,3,3,3,3,2,3,61.12835035170884
2021-08-27,95.56306306306305,10.04423627374447,97.39506920311103,51.117886178861795,8.536585365853659,72.94712725855342,61.19468105040684,1.0,3,3,3,3,2,3,61.19468105040684
2021-08-30,95.56306306306305,9.884250227597867,96.5833610906663,51.117886178861795,8.536585365853659,73.50595352514216,61.05622484534745,1.0,3,3,3,3,2,3,61.05622484534745
2021-08-31,95.56306306306305,10.29641185647426,93.68964250041553,51.117886178861795,8.536585365853659,72.85296495980342,60.494614596538696,1.0,3,3,3,3,2,3,60.494614596538696
2021-09-01,95.56306306306305,9.044834307992204,95.25515660124509,51.117886178861795,8.536585365853659,75.37612998845695,60.809718409873554,1.0,3,3,3,3,2,3,60.809718409873554
2021-09-02,95.56306306306305,9.327097947518832,90.07783157915057,51.117886178861795,8.536585365853659,76.07877077650504,59.90097021216478,1.0,3,3,3,3,2,3,59.90097021216478
2021-09-03,95.56306306306305,9.024801973769641,83.01510210289477,51.117886178861795,8.536585365853659,77.20110649011586,58.540198693524864,1.0,3,3,3,3,2,3,58.540198693524864
2021-09-07,95.56306306306305,10.896936656282453,85.16359626508275,51.117886178861795,8.536585365853659,72.86789283764398,58.91100309721783,1.0,3,3,3,3,2,3,58.91100309721783
2021-09-08,95.56306306306305,9.939016478526016,87.1991248694099,51.117886178861795,8.536585365853659,74.65985479167233,59.30572097793481,1.0,3,3,3,3,2,3,59.30572097793481
2021-09-09,95.56306306306305,9.831387808041503,95.86770932526396,51.117886178861795,8.536585365853659,76.5336715419748,61.205293810038974,1.0,3,3,3,3,2,3,61.205293810038974
2021-09-10,95.56306306306305,9.594191624530017,96.01994120733968,51.117886178861795,8.536585365853659,76.92536013859339,61.227469809413684,1.0,3,3,3,3,2,3,61.227469809413684
2021-09-13,95.56306306306305,10.87350959046138,95.24269536361291,51.117886178861795,8.536585365853659,74.5242681403843,61.08777503403369,1.0,3,3,3,3,2,3,61.08777503403369
2021-09-14,87.90947558598393,17.52817722502915,92.78357138130332,13.724351529229576,7.142857142857144,67.33653986775172,53.5463110482078,1.0,3,3,3,3,2,3,53.5463110482078
2021-09-15,87.90947558598393,15.734265734265731,94.80540657365091,13.724351529229576,7.142857142857144,74.9805682535138,54.35629862710084,1.0,3,3,3,3,2,3,54.35629862710084
2021-09-16,87.90947558598393,16.4789644012945,90.92573110855363,13.724351529229576,7.142857142857144,73.82197737079285,53.61344417921505,1.0,3,3,3,3,2,3,53.61344417921505
2021-09-17,87.90947558598393,17.60481366459627,91.18512495100259,13.724351529229576,7.142857142857144,72.68595552187644,53.77689061547355,1.0,3,3,3,3,2,3,53.77689061547355
2021-09-20,87.90947558598393,18.057172422713748,93.41553036317961,13.724351529229576,7.142857142857144,73.53164547974173,54.398012445318976,1.0,3,3,3,3,2,3,54.398012445318976
2021-09-21,87.90947558598393,16.976984742694597,93.10151268993772,13.724351529229576,7.142857142857144,74.78388407718755,54.24439523441135,1.0,3,3,3,3,2,3,54.24439523441135
2021-09-22,87.90947558598393,14.618069018999611,94.00120237047594,13.724351529229576,7.142857142857144,77.92075454247002,54.26623707230824,1.0,3,3,3,3,2,3,54.26623707230824
2021-09-23,87.90947558598393,13.359173126614987,92.35275435368985,13.724351529229576,7.142857142857144,80.60193463212967,53.95288629944007,1.0,3,3,3,3,2,3,53.95288629944007
2021-09-24,87.90947558598393,12.82448663308795,91.98028171568052,13.724351529229576,7.142857142857144,82.53922272559197,53.96518328247903,1.0,3,3,3,3,2,3,53.96518328247903
2021-09-27,87.90947558598393,11.15414407436096,92.95511260581043,13.724351529229576,7.142857142857144,85.95315192639444,54.167473868839856,1.0,3,3,3,3,2,3,54.167473868839856
2021-09-28,87.90947558598393,12.027358368821783,94.86304157248307,13.724351529229576,7.142857142857144,83.62727868385524,54.49111519681263,1.0,3,3,3,3,2,3,54.49111519681263
2021-09-29,87.90947558598393,10.835913312693501,96.16786813530469,13.724351529229576,7.142857142857144,85.81068035765699,54.73213166553147,1.0,3,3,3,3,2,3,54.73213166553147
2021-09-30,87.90947558598393,16.827852998065765,90.2986967194213,13.724351529229576,7.142857142857144,70.14076920634963,53.18969420429851,1.0,3,3,3,3,2,3,53.18969420429851
2021-10-01,87.90947558598393,13.225058004640374,93.21665137489941,13.724351529229576,7.142857142857144,75.81767514667345,53.62041673074144,1.0,3,3,3,3,2,3,53.62041673074144
2021-10-04,87.90947558598393,13.761113258600696,93.83718596767787,13.724351529229576,7.142857142857144,75.06029065262129,53.775996250683974,1.0,3,3,3,3,2,3,53.775996250683974
2021-10-05,87.90947558598393,10.471406491499229,95.54551707700796,13.724351529229576,7.142857142857144,82.23370195209631,54.1770622490772,1.0,3,3,3,3,2,3,54.1770622490772
2021-10-06,87.90947558598393,10.763486545641817,94.4888951773451,13.724351529229576,7.142857142857144,80.87400257769382,53.8881839425329,1.0,3,3,3,3,2,3,53.8881839425329
2021-10-07,87.90947558598393,9.356499356499356,94.81914678516544,13.724351529229576,7.142857142857144,83.32420462089489,53.91785703058858,1.0,3,3,3,3,2,3,53.91785703058858
2021-10-08,87.90947558598393,7.204425575710793,96.41241230431937,13.724351529229576,7.142857142857144,82.34042350998368,53.70771726717054,1.0,3,3,3,3,2,3,53.70771726717054
2021-10-11,87.90947558598393,6.854423868312757,96.85316121392592,13.724351529229576,7.142857142857144,82.50926963542558,53.74275132015643,1.0,3,3,3,3,2,3,53.74275132015643
2021-10-12,87.90947558598393,6.723229206838925,96.61097349802961,13.724351529229576,7.142857142857144,82.64866191381584,53.682014072521426,1.0,3,3,3,3,2,3,53.682014072521426
2021-10-13,87.90947558598393,6.4764841942945255,96.37600668490303,13.724351529229576,7.142857142857144,83.8354933176667,53.704354847772315,1.0,3,3,3,3,2,3,53.704354847772315
2021-10-14,87.90947558598393,6.962106615285808,94.83859248660016,13.724351529229576,7.142857142857144,80.59119458293202,53.16956661883653,1.0,3,3,3,3,2,3,53.16956661883653
2021-10-15,87.90947558598393,6.882383153569598,93.79604888039427,13.724351529229576,7.142857142857144,80.99281067833202,52.98527481479211,1.0,3,3,3,3,2,3,52.98527481479211
2021-10-18,87.90947558598393,6.417661404184316,93.09931182775934,13.724351529229576,7.142857142857144,85.25849915306154,53.17955190186101,1.0,3,3,3,3,2,3,53.17955190186101
2021-10-19,87.90947558598393,6.351039260969977,96.39733182457807,13.724351529229576,7.142857142857144,85.60491789346334,53.86047334662208,1.0,3,3,3,3,2,3,53.86047334662208
2021-10-20,87.90947558598393,6.438373733487242,96.39379099619511,13.724351529229576,7.142857142857144,83.83782617057246,53.70052290315985,1.0,3,3,3,3,2,3,53.70052290315985
2021-10-21,87.90947558598393,6.628205128205127,96.5213880712244,13.724351529229576,7.142857142857144,86.85054239161464,54.065280219213506,1.0,3,3,3,3,2,3,54.065280219213506
2021-10-22,87.90947558598393,6.138664616173265,97.7790913443997,13.724351529229576,7.142857142857144,88.23869041821338,54.357727574102064,1.0,3,3,3,3,2,3,54.357727574102064
2021-10-25,87.90947558598393,6.277222649244174,97.44965054690535,13.724351529229576,7.142857142857144,86.30943415733228,54.12662539512926,1.0,3,3,3,3,2,3,54.12662539512926
2021-10-26,87.90947558598393,6.479702906902292,97.3418323374429,13.724351529229576,7.142857142857144,83.96129018495748,53.910743407530916,1.0,3,3,3,3,2,3,53.910743407530916
2021-10-27,87.90947558598393,6.899641577060929,96.15012041071476,13.724351529229576,7.142857142857144,80.91170129225932,53.45142986694721,1.0,3,3,3,3,2,3,53.45142986694721
2021-10-28,87.90947558598393,6.845809341010874,95.70709846274156,13.724351529229576,7.142857142857144,81.65249458916087,53.426138359832706,1.0,3,3,3,3,2,3,53.426138359832706
2021-10-29,87.90947558598393,6.9838833461243315,91.9921743247884,13.724351529229576,7.142857142857144,80.8186188804735,52.62738076239603,1.0,3,3,3,3,2,3,52.62738076239603
2021-11-01,87.90947558598393,7.786728039892599,86.7888156982994,13.724351529229576,7.142857142857144,78.13765017972436,51.479181105776966,1.0,3,3,3,3,2,3,51.479181105776966
2021-11-02,87.90947558598393,7.0296523517382425,87.18582782085468,13.724351529229576,7.142857142857144,80.67724181028431,51.66112755571315,1.0,3,3,3,3,2,3,51.66112755571315
2021-11-03,87.90947558598393,6.899195093905712,86.68755203263572,13.724351529229576,7.142857142857144,81.65807284558076,51.633464050032494,1.0,3,3,3,3,2,3,51.633464050032494
2021-11-04,87.90947558598393,7.15197956577267,84.24260238198858,13.724351529229576,7.142857142857144,79.90985625036032,51.020209354754414,1.0,3,3,3,3,2,3,51.020209354754414
2021-11-05,87.90947558598393,7.62160091918805,80.04006434323864,13.724351529229576,7.142857142857144,77.83832609906639,50.066473002558105,1.0,3,3,3,3,2,3,50.066473002558105
2021-11-08,87.90947558598393,7.529351710056149,84.35263137396304,13.724351529229576,7.142857142857144,78.35697590778618,50.962401547748584,1.0,3,3,3,3,2,3,50.962401547748584
2021-11-09,87.90947558598393,7.832631713228729,82.04907178842966,13.724351529229576,7.142857142857144,76.69451843436477,50.39609988393428,1.0,3,3,3,3,2,3,50.39609988393428
2021-11-10,87.90947558598393,8.352461106860494,81.11076819365302,13.724351529229576,7.142857142857144,74.92347035809651,50.135300236078486,1.0,3,3,3,3,2,3,50.135300236078486
2021-11-11,87.90947558598393,8.234544295729762,82.71304859209238,13.724351529229576,7.142857142857144,75.35030476167184,50.474856393897745,1.0,3,3,3,3,2,3,50.474856393897745
2021-11-12,87.90947558598393,8.766564729867483,78.95717652883609,13.724351529229576,7.142857142857144,74.5677306995992,49.75182866186677,1.0,3,3,3,3,2,3,49.75182866186677
2021-11-15,87.90947558598393,8.279200101897848,79.56016610563901,13.724351529229576,7.142857142857144,75.4035761782844,49.85853819950195,1.0,3,3,3,3,2,3,49.85853819950195
2021-11-16,87.90947558598393,7.168321874204227,81.75529451876109,13.724351529229576,7.142857142857144,80.08083043392888,50.54311366215208,1.0,3,3,3,3,2,3,50.54311366215208
2021-11-17,87.90947558598393,7.375588647066307,83.72156548003021,13.724351529229576,7.142857142857144,79.37633571585071,50.90737173717051,1.0,3,3,3,3,2,3,50.90737173717051
2021-11-18,87.90947558598393,7.849872773536896,79.50271035312669,13.724351529229576,7.142857142857144,77.44831640215838,49.96565560571469,1.0,3,3,3,3,2,3,49.96565560571469
2021-11-19,87.90947558598393,8.470049599389544,78.74794970097157,13.724351529229576,7.142857142857144,75.78675409403813,49.77258260964217,1.0,3,3,3,3,2,3,49.77258260964217
2021-11-22,87.90947558598393,7.920162725654718,82.787038353838,13.724351529229576,7.142857142857144,77.26084551310002,50.61783210737468,1.0,3,3,3,3,2,3,50.61783210737468
2021-11-23,87.90947558598393,9.632736052865672,78.90012406908747,13.724351529229576,7.142857142857144,72.91491671370393,49.74837103592716,1.0,3,3,3,3,2,3,49.74837103592716
2021-11-24,87.90947558598393,8.94308943089431,79.84484827130935,13.724351529229576,7.142857142857144,74.22563523537407,49.93045840414427,1.0,3,3,3,3,2,3,49.93045840414427
2021-11-26,87.90947558598393,10.514285714285714,79.80054754805032,13.724351529229576,7.142857142857144,71.21381218348485,49.934655210981816,1.0,3,3,3,3,2,3,49.934655210981816
2021-11-29,87.90947558598393,9.678852500634678,76.40757503462278,13.724351529229576,7.142857142857144,72.51940250185594,49.219533097403215,1.0,3,3,3,3,2,3,49.219533097403215
2021-11-30,87.90947558598393,12.967897474939727,72.00770708310897,13.724351529229576,7.142857142857144,65.55291558008196,48.30071980978407,1.0,3,3,3,3,2,3,48.30071980978407
2021-12-01,87.90947558598393,14.497716894977167,69.02454129130521,13.724351529229576,7.142857142857144,63.272421287947246,47.78200110621733,1.0,3,3,3,3,2,3,47.78200110621733
2021-12-02,87.90947558598393,14.162545961709142,68.25345451308287,13.724351529229576,7.142857142857144,63.93082823034963,47.626590258159496,1.0,3,3,3,3,2,3,47.626590258159496
2021-12-03,87.90947558598393,16.55259822560203,64.0248335489279,13.724351529229576,7.142857142857144,60.02123528525527,46.86791722359765,1.0,3,3,3,3,2,3,46.86791722359765
2021-12-06,87.90947558598393,15.494742176612188,64.57173598505578,13.724351529229576,7.142857142857144,61.377452412726974,46.90134821377242,1.0,3,3,3,3,2,3,46.90134821377242
2021-12-07,87.90947558598393,14.095744680851062,64.96095353588552,13.724351529229576,7.142857142857144,63.37835625309023,46.899482608822474,1.0,3,3,3,3,2,3,46.899482608822474
2021-12-08,87.90947558598393,15.539941764780352,64.0958136868738,13.724351529229576,7.142857142857144,60.97293502016002,46.77475193251296,1.0,3,3,3,3,2,3,46.77475193251296
2021-12-09,87.90947558598393,15.844090103771194,64.00325846064543,13.724351529229576,7.142857142857144,60.4129078368573,46.76106783673519,1.0,3,3,3,3,2,3,46.76106783673519
2021-12-10,68.93772893772892,3.1372549019607843,91.86461241426099,1.568844592100406,1.1627906976744187,65.73120357531889,43.15953181379099,1.0,3,3,3,3,2,3,43.15953181379099
2021-12-13,68.93772893772892,3.199291856348004,91.14881761615679,1.568844592100406,1.1627906976744187,60.04749617746879,42.460409505262575,1.0,3,3,3,3,2,3,42.460409505262575
2021-12-14,68.93772893772892,3.2612817595752777,94.88230635652867,1.568844592100406,1.1627906976744187,57.60766235586977,42.975521851822506,1.0,3,3,3,3,2,3,42.975521851822506
2021-12-15,68.93772893772892,3.133687136719735,96.54183860519167,1.568844592100406,1.1627906976744187,65.40332240537083,44.0614753819341,1.0,3,3,3,3,2,3,44.0614753819341
2021-12-16,68.93772893772892,3.170392825565238,96.5488499982442,1.568844592100406,1.1627906976744187,63.550613501385186,43.88494790791514,1.0,3,3,3,3,2,3,43.88494790791514
2021-12-17,68.93772893772892,3.7121212121212146,89.84767247835457,1.568844592100406,1.1627906976744187,47.76216547798862,41.07421327890875,1.0,3,3,3,3,2,3,41.07421327890875
2021-12-20,68.93772893772892,4.4553830619714745,79.85377313213388,1.568844592100406,1.1627906976744187,39.056500862372914,38.353519318073104,1.0,3,3,3,3,2,3,38.353519318073104
2021-12-21,68.93772893772892,4.516780217007318,78.18198366955556,1.568844592100406,1.1627906976744187,38.9733687655545,38.02312764688276,1.0,3,3,3,3,2,3,38.02312764688276
2021-12-22,68.93772893772892,4.754697944255267,72.86121251987079,1.568844592100406,1.1627906976744187,37.46230116385599,36.85545020222555,1.0,3,3,3,3,2,3,36.85545020222555
2021-12-23,68.93772893772892,4.803328290468985,69.8503239239924,1.568844592100406,1.1627906976744187,37.36820205880056,36.253588641787076,1.0,3,3,3,3,2,3,36.253588641787076
2021-12-27,68.93772893772892,4.851921865154382,68.7860130700622,1.568844592100406,1.1627906976744187,37.33468750849886,36.04709373090794,1.0,3,3,3,3,2,3,36.04709373090794
2021-12-28,68.93772893772892,4.950869236583522,66.85138575528073,1.568844592100406,1.1627906976744187,36.68547633767793,35.615036625155376,1.0,3,3,3,3,2,3,35.615036625155376
2021-12-29,68.93772893772892,5.024556101246694,65.80454354391757,1.568844592100406,1.1627906976744187,36.47680457571718,35.39953837961931,1.0,3,3,3,3,2,3,35.39953837961931
2021-12-30,68.93772893772892,5.073011077542803,62.24708226353209,1.568844592100406,1.1627906976744187,36.597070901683246,34.709763751398036,1.0,3,3,3,3,2,3,34.709763751398036
2021-12-31,68.93772893772892,5.121429470240343,58.14092982998766,1.568844592100406,1.1627906976744187,36.351542037092585,33.87366405676959,1.0,3,3,3,3,2,3,33.87366405676959
2022-01-03,68.93772893772892,5.106918238993707,58.26372458085698,1.568844592100406,1.1627906976744187,36.6418578156125,33.92435233854612,1.0,3,3,3,3,2,3,33.92435233854612
2022-01-04,68.93772893772892,4.916383754558026,58.6864332907615,1.568844592100406,1.1627906976744187,37.174461009130646,34.0240475029917,1.0,3,3,3,3,2,3,34.0240475029917
2022-01-05,68.93772893772892,5.253896430367019,54.77492989959324,1.568844592100406,1.1627906976744187,35.94237164984231,33.18604042399101,1.0,3,3,3,3,2,3,33.18604042399101
2022-01-06,68.93772893772892,5.30217363990451,53.553805506437925,1.568844592100406,1.1627906976744187,36.043970164061356,32.96163083868936,1.0,3,3,3,3,2,3,32.96163083868936
2022-01-07,68.93772893772892,5.187138909821654,58.864788185655094,1.568844592100406,1.1627906976744187,36.569528274889684,34.05337623959905,1.0,3,3,3,3,2,3,34.05337623959905
2022-01-10,68.93772893772892,4.896421845574391,63.78002942935828,1.568844592100406,1.1627906976744187,37.71863659070304,35.09319190707157,1.0,3,3,3,3,2,3,35.09319190707157
2022-01-11,68.93772893772892,5.070281124497992,60.81575163144013,1.568844592100406,1.1627906976744187,37.132828349748905,34.47652737917724,1.0,3,3,3,3,2,3,34.47652737917724
2022-01-12,68.93772893772892,5.118554761008653,61.030690728395285,1.568844592100406,1.1627906976744187,37.0380253368844,34.51968962458396,1.0,3,3,3,3,2,3,34.51968962458396
2022-01-13,68.93772893772892,5.29219964885879,59.53109293263422,1.568844592100406,1.1627906976744187,36.81988718888041,34.232685228201376,1.0,3,3,3,3,2,3,34.232685228201376
2022-01-14,68.93772893772892,5.327817475241318,58.498342687559315,1.568844592100406,1.1627906976744187,36.77105053558019,34.02837507913287,1.0,3,3,3,3,2,3,34.02837507913287
2022-01-18,68.93772893772892,5.56390977443609,54.17304662625896,1.568844592100406,1.1627906976744187,35.552583013873274,33.08868757454107,1.0,3,3,3,3,2,3,33.08868757454107
2022-01-19,68.93772893772892,6.000250532381313,49.65718061793027,1.568844592100406,1.1627906976744187,34.473538643154434,32.164878087392495,1.0,3,3,3,3,2,3,32.164878087392495
2022-01-20,68.93772893772892,6.160781367392939,48.566917715797665,1.568844592100406,1.1627906976744187,34.07215145148123,31.938792954800974,1.0,3,3,3,3,2,3,31.938792954800974
2022-01-21,68.93772893772892,6.333708849668296,54.429157733379526,1.568844592100406,1.1627906976744187,33.86681635602948,33.125292945227244,1.0,3,3,3,3,2,3,33.125292945227244
2022-01-24,68.93772893772892,6.2562562562562585,53.68207699336808,1.568844592100406,1.1627906976744187,34.025809022915254,32.97628554523112,1.0,3,3,3,3,2,3,32.97628554523112
2022-01-25,68.93772893772892,6.816760475297061,52.044308292614176,1.568844592100406,1.1627906976744187,33.26956880838804,32.685208627435784,1.0,3,3,3,3,2,3,32.685208627435784
2022-01-26,68.93772893772892,7.501875468867218,50.28391820481782,1.568844592100406,1.1627906976744187,32.25686582847745,32.368883310599486,1.0,3,3,3,3,2,3,32.368883310599486
2022-01-27,68.93772893772892,7.374078240219973,51.57472031196457,1.568844592100406,1.1627906976744187,32.01681775462226,32.577479478913865,1.0,3,3,3,3,2,3,32.577479478913865
2022-01-28,68.93772893772892,7.071464267866068,50.041140782768665,1.568844592100406,1.1627906976744187,32.488766529151235,32.2574356560568,1.0,3,3,3,3,2,3,32.2574356560568
2022-01-31,68.93772893772892,6.756587985512678,47.38380517463534,1.568844592100406,1.1627906976744187,33.07857507538532,31.72197413258287,1.0,3,3,3,3,2,3,31.72197413258287
2022-02-01,68.93772893772892,6.878901373283397,45.11555728445522,1.568844592100406,1.1627906976744187,33.1957311718707,31.304502841749525,1.0,3,3,3,3,2,3,31.304502841749525
2022-02-02,68.93772893772892,6.227380506676649,46.6652869675823,1.568844592100406,1.1627906976744187,33.81911840062937,31.54648332792946,1.0,3,3,3,3,2,3,31.54648332792946
2022-02-03,68.93772893772892,6.536926147704591,50.183384448853786,1.568844592100406,1.1627906976744187,33.734975453490286,32.30359765767544,1.0,3,3,3,3,2,3,32.30359765767544
2022-02-04,68.93772893772892,6.459658311510159,48.13437371520674,1.568844592100406,1.1627906976744187,33.792449942326854,31.884089392590795,1.0,3,3,3,3,2,3,31.884089392590795
2022-02-07,68.93772893772892,7.11792570431314,46.52415771766435,1.568844592100406,1.1627906976744187,33.073331709004606,31.62178784831069,1.0,3,3,3,3,2,3,31.62178784831069
2022-02-08,68.93772893772892,7.115264797507788,45.42650379748158,1.568844592100406,1.1627906976744187,33.09605858073479,31.403997570086084,1.0,3,3,3,3,2,3,31.403997570086084
2022-02-09,68.93772893772892,5.954160438465372,48.704219897740714,1.568844592100406,1.1627906976744187,34.220248936405916,31.93973895389654,1.0,3,3,3,3,2,3,31.93973895389654
2022-02-10,68.93772893772892,6.661685966878346,48.14225446186405,1.568844592100406,1.1627906976744187,33.08130017881828,31.85495609664504,1.0,3,3,3,3,2,3,31.85495609664504
2022-02-11,68.93772893772892,7.766990291262137,46.96536801940425,1.568844592100406,1.1627906976744187,31.827729509494162,31.715282606097425,1.0,3,3,3,3,2,3,31.715282606097425
2022-02-14,68.93772893772892,8.299116585790719,45.44504398093463,1.568844592100406,1.1627906976744187,31.598639454381257,31.494734051797927,1.0,3,3,3,3,2,3,31.494734051797927
2022-02-15,68.93772893772892,7.748756218905473,44.094294322461344,1.568844592100406,1.1627906976744187,31.854683530230748,31.14011645431117,1.0,3,3,3,3,2,3,31.14011645431117
2022-02-16,68.93772893772892,8.181026979982594,43.476441963086145,1.568844592100406,1.1627906976744187,31.816485908709492,31.09918037249943,1.0,3,3,3,3,2,3,31.09918037249943
2022-02-17,68.93772893772892,10.241113596818296,41.855618359061694,1.568844592100406,1.1627906976744187,30.671591051686704,31.072543489359404,1.0,3,3,3,3,2,3,31.072543489359404
2022-02-18,68.93772893772892,11.020002484780719,40.8698612084711,1.568844592100406,1.1627906976744187,30.17414154847676,30.981424886512777,1.0,3,3,3,3,2,3,30.981424886512777
2022-02-22,68.93772893772892,11.376055638350717,41.650795916509416,1.568844592100406,1.1627906976744187,30.18850015694005,31.210258319680765,1.0,3,3,3,3,2,3,31.210258319680765
2022-02-23,68.93772893772892,12.662942271880818,42.722836281681445,1.568844592100406,1.1627906976744187,29.41423973836202,31.604617677563386,1.0,3,3,3,3,2,3,31.604617677563386
2022-02-24,68.93772893772892,10.809133780094315,41.37032220274206,1.568844592100406,1.1627906976744187,25.62492067553962,30.584421257135972,1.0,3,3,3,3,2,3,30.584421257135972
2022-02-25,68.93772893772892,9.725840466443369,40.90362567359217,1.568844592100406,1.1627906976744187,26.098074973750013,30.321738718396844,1.0,3,3,3,3,2,3,30.321738718396844
2022-02-28,68.93772893772892,10.007440476190476,38.43915780871698,1.568844592100406,1.1627906976744187,26.255284245062782,29.900886074502502,1.0,3,3,3,3,2,3,29.900886074502502
2022-03-01,68.93772893772892,10.003718854592785,40.77144233286907,1.568844592100406,1.1627906976744187,26.706993625340118,30.411769593041118,1.0,3,3,3,3,2,3,30.411769593041118
2022-03-02,68.93772893772892,8.810408921933083,43.06033692090433,1.568844592100406,1.1627906976744187,24.284004812672777,30.38858764284949,1.0,3,3,3,3,2,3,30.38858764284949
2022-03-03,68.93772893772892,8.844295800817541,45.20073177714794,1.568844592100406,1.1627906976744187,25.21144992883076,30.916188501490904,1.0,3,3,3,3,2,3,30.916188501490904
2022-03-04,68.93772893772892,9.67062902426944,40.53717404299124,1.568844592100406,1.1627906976744187,28.11437956414075,30.439036562880943,1.0,3,3,3,3,2,3,30.439036562880943
2022-03-07,68.93772893772892,11.43705904196064,37.91736111586898,1.568844592100406,1.1627906976744187,27.425791011443845,30.199501125725043,1.0,3,3,3,3,2,3,30.199501125725043
2022-03-08,68.93772893772892,12.336055431823807,38.17347870765075,1.568844592100406,1.1627906976744187,26.627539035999963,30.350698724509638,1.0,3,3,3,3,2,3,30.350698724509638
2022-03-09,68.93772893772892,10.030921459492887,37.0937406497938,1.568844592100406,1.1627906976744187,25.126653018508666,29.523635716722936,1.0,3,3,3,3,2,3,29.523635716722936
2022-03-10,68.93772893772892,9.619188921859541,43.75997275524701,1.568844592100406,1.1627906976744187,21.04351542786489,30.366221871222532,1.0,3,3,3,3,2,3,30.366221871222532
2022-03-11,63.15186751233263,7.699913484118155,49.56417272837263,18.58703312191684,2.2727272727272716,22.94939415361372,32.55105123150294,1.0,3,3,3,3,2,3,32.55105123150294
2022-03-14,63.15186751233263,7.944156165060538,48.41360227178369,18.58703312191684,2.2727272727272716,25.342874975718026,32.60913375858406,1.0,3,3,3,3,2,3,32.60913375858406
2022-03-15,63.15186751233263,6.348030134617759,51.96828690562027,18.58703312191684,2.2727272727272716,22.93969216291174,32.760527197982185,1.0,3,3,3,3,2,3,32.760527197982185
2022-03-16,63.15186751233263,6.716049382716049,47.62890515519968,18.58703312191684,2.2727272727272716,26.175275826804388,32.289813063907,1.0,3,3,3,3,2,3,32.289813063907
2022-03-17,63.15186751233263,6.361841293348143,48.28365544821734,18.58703312191684,2.2727272727272716,25.12050326275338,32.244444248231844,1.0,3,3,3,3,2,3,32.244444248231844
2022-03-18,63.15186751233263,5.859856896126326,48.50354844300946,18.58703312191684,2.2727272727272716,25.602795306580077,32.23625517212857,1.0,3,3,3,3,2,3,32.23625517212857
2022-03-21,63.15186751233263,6.165988407941791,41.554815571571346,18.58703312191684,2.2727272727272716,26.47372112682815,30.99482748222885,1.0,3,3,3,3,2,3,30.99482748222885
2022-03-22,63.15186751233263,5.806213017751479,38.44393471145294,18.58703312191684,2.2727272727272716,27.813639369717798,30.43468805645607,1.0,3,3,3,3,2,3,30.43468805645607
2022-03-23,63.15186751233263,6.642020948860135,36.42831272894747,18.58703312191684,2.2727272727272716,26.565584530506914,30.07391976225562,1.0,3,3,3,3,2,3,30.07391976225562
2022-03-24,63.15186751233263,5.666420300566644,33.13838040394329,18.58703312191684,2.2727272727272716,27.094451108584245,29.27369982540382,1.0,3,3,3,3,2,3,29.27369982540382
2022-03-25,63.15186751233263,5.898288388129539,32.6655781504001,18.58703312191684,2.2727272727272716,27.678697322787656,29.2839376136281,1.0,3,3,3,3,2,3,29.2839376136281
2022-03-28,63.15186751233263,5.366814377154109,33.740986628822775,18.58703312191684,2.2727272727272716,27.60900751343177,29.38575552618196,1.0,3,3,3,3,2,3,29.38575552618196
2022-03-29,63.15186751233263,5.2540913006029255,32.142487513985074,18.58703312191684,2.2727272727272716,28.292012229680026,29.111811559529013,1.0,3,3,3,3,2,3,29.111811559529013
2022-03-30,63.15186751233263,5.498154981549815,31.4826987250265,18.58703312191684,2.2727272727272716,27.423596107063357,28.94182492566501,1.0,3,3,3,3,2,3,28.94182492566501
2022-03-31,63.15186751233263,5.72974302225501,34.934972832343156,18.58703312191684,2.2727272727272716,28.08105957086805,29.74434370164985,1.0,3,3,3,3,2,3,29.74434370164985
2022-04-01,63.15186751233263,5.911996066863323,28.86971573807565,18.58703312191684,2.2727272727272716,29.37096726358275,28.69673366098948,1.0,3,3,3,3,2,3,28.69673366098948
2022-04-04,63.15186751233263,5.307777368227059,27.468164086642272,18.58703312191684,2.2727272727272716,29.422010884383653,28.300683953055643,1.0,3,3,3,3,2,3,28.300683953055643
2022-04-05,63.15186751233263,5.686563497912056,23.734733415483568,18.58703312191684,2.2727272727272716,28.617668791906524,27.54932083551319,1.0,3,3,3,3,2,3,27.54932083551319
2022-04-06,63.15186751233263,5.942295887047266,22.476368953157223,18.58703312191684,2.2727272727272716,28.78468686847035,27.36549622853134,1.0,3,3,3,3,2,3,27.36549622853134
2022-04-07,63.15186751233263,6.357388316151202,24.205633561724955,18.58703312191684,2.2727272727272716,28.73348511916521,27.78924746113516,1.0,3,3,3,3,2,3,27.78924746113516
2022-04-08,63.15186751233263,6.612685560053984,22.362253398080213,18.58703312191684,2.2727272727272716,28.49044884990086,27.447327250260333,1.0,3,3,3,3,2,3,27.447327250260333
2022-04-11,63.15186751233263,7.419671326956094,21.89286467198927,18.58703312191684,2.2727272727272716,28.545428694303343,27.520344642862817,1.0,3,3,3,3,2,3,27.520344642862817
2022-04-12,63.15186751233263,7.6008336398185605,20.038117804834243,18.58703312191684,2.2727272727272716,28.23608986739326,27.154693849313297,1.0,3,3,3,3,2,3,27.154693849313297
2022-04-13,63.15186751233263,7.463235294117647,21.410900919832343,18.58703312191684,2.2727272727272716,29.46457805193293,27.524579621626703,1.0,3,3,3,3,2,3,27.524579621626703
2022-04-14,63.15186751233263,7.558495651108665,23.217421141554297,18.58703312191684,2.2727272727272716,30.15142662650864,27.973620594826865,1.0,3,3,3,3,2,3,27.973620594826865
2022-04-18,63.15186751233263,8.253734998775412,23.117912437138855,18.58703312191684,2.2727272727272716,29.63397763287277,28.041021824113542,1.0,3,3,3,3,2,3,28.041021824113542
2022-04-19,63.15186751233263,7.516219855551476,24.018862879881066,18.58703312191684,2.2727272727272716,29.34047108057028,28.044358228786948,1.0,3,3,3,3,2,3,28.044358228786948
2022-04-20,63.15186751233263,7.109642682329905,28.18627158834328,18.58703312191684,2.2727272727272716,27.961744795207544,28.6586519072988,1.0,3,3,3,3,2,3,28.6586519072988
2022-04-21,63.15186751233263,7.62079510703364,32.051581608427405,18.58703312191684,2.2727272727272716,28.75520570455802,29.61329048719142,1.0,3,3,3,3,2,3,29.61329048719142
2022-04-22,63.15186751233263,9.134262655906088,28.759639939011493,18.58703312191684,2.2727272727272716,24.514433031353867,28.833518395762315,1.0,3,3,3,3,2,3,28.833518395762315
2022-04-25,63.15186751233263,8.910891089108912,29.898098148446707,18.58703312191684,2.2727272727272716,24.304584930125397,28.995550914167076,1.0,3,3,3,3,2,3,28.995550914167076
2022-04-26,63.15186751233263,9.872922776148581,28.961949457109053,18.58703312191684,2.2727272727272716,23.011264930770583,28.871395513371994,1.0,3,3,3,3,2,3,28.871395513371994
2022-04-27,63.15186751233263,9.7593746182973,33.03557887374322,18.58703312191684,2.2727272727272716,23.323392591825776,29.694624531234094,1.0,3,3,3,3,2,3,29.694624531234094
2022-04-28,63.15186751233263,9.21855921855922,32.235310886428266,18.58703312191684,2.2727272727272716,24.427155928722215,29.53678418751313,1.0,3,3,3,3,2,3,29.53678418751313
2022-04-29,63.15186751233263,10.301476870499204,32.46591707196582,18.58703312191684,2.2727272727272716,23.702444291669774,29.727017791303393,1.0,3,3,3,3,2,3,29.727017791303393
2022-05-02,63.15186751233263,10.187896534895073,29.674626796643526,18.58703312191684,2.2727272727272716,23.922307909459683,29.1680300308971,1.0,3,3,3,3,2,3,29.1680300308971
2022-05-03,63.15186751233263,10.391511159897552,28.000023470558745,18.58703312191684,2.2727272727272716,23.33889649105217,28.815491148839886,1.0,3,3,3,3,2,3,28.815491148839886
2022-05-04,63.15186751233263,9.5708363813704,28.536743034525987,18.58703312191684,2.2727272727272716,24.088498842541508,28.833660341076843,1.0,3,3,3,3,2,3,28.833660341076843
2022-05-05,63.15186751233263,10.566727605118832,28.401042431752195,18.58703312191684,2.2727272727272716,23.97380116310152,28.99422869732777,1.0,3,3,3,3,2,3,28.99422869732777
2022-05-06,63.15186751233263,10.623781676413257,28.811819797292415,18.58703312191684,2.2727272727272716,24.058629285538842,29.096277796938427,1.0,3,3,3,3,2,3,29.096277796938427
2022-05-09,63.15186751233263,10.948727317013757,31.626899523704903,18.58703312191684,2.2727272727272716,26.628294997646513,29.981249441551793,1.0,3,3,3,3,2,3,29.981249441551793
2022-05-10,63.15186751233263,10.616021426832239,33.79799481574208,18.58703312191684,2.2727272727272716,27.555189747131966,30.44161679687147,1.0,3,3,3,3,2,3,30.44161679687147
2022-05-11,63.15186751233263,11.171960569550931,33.95294353606375,18.58703312191684,2.2727272727272716,26.273022690964414,30.455577663862783,1.0,3,3,3,3,2,3,30.455577663862783
2022-05-12,63.15186751233263,11.35036496350365,31.227694015771988,18.58703312191684,2.2727272727272716,26.66944984725334,29.98585135422387,1.0,3,3,3,3,2,3,29.98585135422387
2022-05-13,63.15186751233263,11.103003769913656,28.343059332823795,18.58703312191684,2.2727272727272716,28.687631435968626,29.56127033778776,1.0,3,3,3,3,2,3,29.56127033778776
2022-05-16,63.15186751233263,12.13226355458303,28.3850209299175,18.58703312191684,2.2727272727272716,28.101560418106402,29.716907512354155,1.0,3,3,3,3,2,3,29.716907512354155
2022-05-17,63.15186751233263,10.827561064527892,27.720281913386106,18.58703312191684,2.2727272727272716,26.47590659923853,29.160453829150065,1.0,3,3,3,3,2,3,29.160453829150065
2022-05-18,63.15186751233263,13.119533527696792,27.84108901888897,18.58703312191684,2.2727272727272716,23.773554111060136,29.372774494066576,1.0,3,3,3,3,2,3,29.372774494066576
2022-05-19,63.15186751233263,14.183363691560412,28.06486561595016,18.58703312191684,2.2727272727272716,23.664553333064788,29.619395768452005,1.0,3,3,3,3,2,3,29.619395768452005
2022-05-20,63.15186751233263,12.976450594804565,30.26724983132744,18.58703312191684,2.2727272727272716,23.547713899834978,29.80680604885331,1.0,3,3,3,3,2,3,29.80680604885331
2022-05-23,63.15186751233263,11.940298507462684,28.27482802662477,18.58703312191684,2.2727272727272716,23.065598501425633,29.152879730603463,1.0,3,3,3,3,2,3,29.152879730603463
2022-05-24,63.15186751233263,12.700145560407568,28.34903915642577,18.58703312191684,2.2727272727272716,23.06914728464585,29.32004624547466,1.0,3,3,3,3,2,3,29.32004624547466
2022-05-25,63.15186751233263,12.1498726809749,27.09518822996189,18.58703312191684,2.2727272727272716,23.30731227105038,28.983037982935805,1.0,3,3,3,3,2,3,28.983037982935805
2022-05-26,63.15186751233263,10.909090909090908,27.394088002415828,18.58703312191684,2.2727272727272716,22.82367395270721,28.74629775121548,1.0,3,3,3,3,2,3,28.74629775121548
2022-05-27,63.15186751233263,10.541621228644127,27.20138367548361,18.58703312191684,2.2727272727272716,23.68744006967325,28.720639561436286,1.0,3,3,3,3,2,3,28.720639561436286
2022-05-31,63.15186751233263,10.804263565891475,25.209857729541234,18.58703312191684,2.2727272727272716,23.40389388320624,28.346508221050573,1.0,3,3,3,3,2,3,28.346508221050573
2022-06-01,63.15186751233263,11.042499091899744,26.044244307857777,18.58703312191684,2.2727272727272716,23.811053008802087,28.601748554475122,1.0,3,3,3,3,2,3,28.601748554475122
2022-06-02,63.15186751233263,10.433309126119584,24.846949132676148,18.58703312191684,2.2727272727272716,23.408795281452146,28.200225753547773,1.0,3,3,3,3,2,3,28.200225753547773
2022-06-03,63.15186751233263,10.937689050211736,25.62775749336425,18.58703312191684,2.2727272727272716,23.728398181689244,28.48922370052753,1.0,3,3,3,3,2,3,28.48922370052753
2022-06-06,63.15186751233263,10.486211901306241,25.827618588932566,18.58703312191684,2.2727272727272716,23.784042919034196,28.44446496359459,1.0,3,3,3,3,2,3,28.44446496359459
2022-06-07,63.15186751233263,10.63958408898561,24.401431369120267,18.58703312191684,2.2727272727272716,24.249772568872086,28.236474922151793,1.0,3,3,3,3,2,3,28.236474922151793
2022-06-08,63.15186751233263,11.300459270002417,24.321793159618025,18.58703312191684,2.2727272727272716,24.387942300390076,28.366539289606504,1.0,3,3,3,3,2,3,28.366539289606504
2022-06-09,63.15186751233263,12.96363416696871,25.984068648707527,18.58703312191684,2.2727272727272716,22.66206759491107,28.859041896269765,1.0,3,3,3,3,2,3,28.859041896269765
2022-06-10,63.15186751233263,14.541062801932366,24.44956447486888,18.58703312191684,2.2727272727272716,22.49118184113611,28.85053821311727,1.0,3,3,3,3,2,3,28.85053821311727
2022-06-13,63.15186751233263,17.08318242182784,14.82863931340911,18.58703312191684,2.2727272727272716,20.794736198237015,27.2651325405145,1.0,3,3,3,3,2,3,27.2651325405145
2022-06-14,66.18625277161863,11.042722664735697,22.714309510409848,7.55892255892256,3.3333333333333313,21.61270692383415,26.926412037488898,1.0,3,3,3,3,2,3,26.926412037488898
2022-06-15,66.18625277161863,11.919411267945472,20.377849113708976,7.55892255892256,3.3333333333333313,23.816993747464807,26.854886361153742,1.0,3,3,3,3,2,3,26.854886361153742
2022-06-16,66.18625277161863,12.698986975397975,22.277631371233042,7.55892255892256,3.3333333333333313,26.29594382858727,27.638652962261304,1.0,3,3,3,3,2,3,27.638652962261304
2022-06-17,66.18625277161863,13.453887884267635,17.578240517660696,7.55892255892256,3.3333333333333313,26.769579876471607,26.8971185781092,1.0,3,3,3,3,2,3,26.8971185781092
2022-06-21,66.18625277161863,13.509279344420344,18.63100536481189,7.55892255892256,3.3333333333333313,28.503706508126374,27.292162502735458,1.0,3,3,3,3,2,3,27.292162502735458
2022-06-22,66.18625277161863,14.395855920973375,21.442476789505584,7.55892255892256,3.3333333333333313,28.47177501467938,28.028578953640103,1.0,3,3,3,3,2,3,28.028578953640103
2022-06-23,66.18625277161863,13.559730250481698,24.356593158198088,7.55892255892256,3.3333333333333313,28.349351644048078,28.43193475621714,1.0,3,3,3,3,2,3,28.43193475621714
2022-06-24,66.18625277161863,11.062958950282892,27.499873058624786,7.55892255892256,3.3333333333333313,27.30571014883216,28.456872326741127,1.0,3,3,3,3,2,3,28.456872326741127
2022-06-27,66.18625277161863,11.263537906137184,27.988549481388425,7.55892255892256,3.3333333333333313,27.352573737148322,28.59940976129633,1.0,3,3,3,3,2,3,28.59940976129633
2022-06-28,66.18625277161863,12.883435582822086,29.943361214664897,7.55892255892256,3.3333333333333313,26.8976436758004,29.268858637153812,1.0,3,3,3,3,2,3,29.268858637153812
2022-06-29,66.18625277161863,12.373737373737374,31.781435670053536,7.55892255892256,3.3333333333333313,26.943605657552265,29.53913008458978,1.0,3,3,3,3,2,3,29.53913008458978
2022-06-30,66.18625277161863,11.780262050727252,32.6535535271285,7.55892255892256,3.3333333333333313,27.32579704159362,29.63307772980689,1.0,3,3,3,3,2,3,29.63307772980689
2022-07-01,66.18625277161863,10.910838740687334,32.332728333253655,7.55892255892256,3.3333333333333313,27.567832967076285,29.419231621572198,1.0,3,3,3,3,2,3,29.419231621572198
2022-07-05,66.18625277161863,10.27027027027027,32.6505566738406,7.55892255892256,3.3333333333333313,27.944041558112147,29.39230445470976,1.0,3,3,3,3,2,3,29.39230445470976
2022-07-06,66.18625277161863,10.470701248799234,31.16526297576117,7.55892255892256,3.3333333333333313,28.047834147968555,29.145711169785308,1.0,3,3,3,3,2,3,29.145711169785308
2022-07-07,66.18625277161863,10.406913935902056,28.653308349898182,7.55892255892256,3.3333333333333313,28.661273531109394,28.691906720347358,1.0,3,3,3,3,2,3,28.691906720347358
2022-07-08,66.18625277161863,10.379169666426687,28.557942931386716,7.55892255892256,3.3333333333333313,28.684062378665914,28.669563667505646,1.0,3,3,3,3,2,3,28.669563667505646
2022-07-11,66.18625277161863,10.61532925512774,29.00417248894474,7.55892255892256,3.3333333333333313,29.409152891890646,28.878550548079932,1.0,3,3,3,3,2,3,28.878550548079932
2022-07-12,66.18625277161863,11.456834532374097,26.239822891184467,7.55892255892256,3.3333333333333313,28.76685148493464,28.42975154328155,1.0,3,3,3,3,2,3,28.42975154328155
2022-07-13,66.18625277161863,11.890207359463023,24.53585826508001,7.55892255892256,3.3333333333333313,28.777205461946405,28.176668581179623,1.0,3,3,3,3,2,3,28.176668581179623
2022-07-14,66.18625277161863,12.49700455307932,25.052539528311453,7.55892255892256,3.3333333333333313,28.803735975953465,28.404017323949876,1.0,3,3,3,3,2,3,28.404017323949876
2022-07-15,66.18625277161863,11.163013534555038,26.51393701008569,7.55892255892256,3.3333333333333313,28.98278654742608,28.447403673747125,1.0,3,3,3,3,2,3,28.447403673747125
2022-07-18,66.18625277161863,11.6977969348659,24.908636888529756,7.55892255892256,3.3333333333333313,28.39083251777347,28.17410492653285,1.0,3,3,3,3,2,3,28.17410492653285
2022-07-19,66.18625277161863,10.18551765409934,26.126602304036606,7.55892255892256,3.3333333333333313,28.314272725897183,28.10758617429328,1.0,3,3,3,3,2,3,28.10758617429328
2022-07-20,66.18625277161863,10.07418042593922,25.42187116483315,7.55892255892256,3.3333333333333313,28.51614610386314,27.964559838617163,1.0,3,3,3,3,2,3,27.964559838617163
2022-07-21,66.18625277161863,9.209424709962926,28.42720647814308,7.55892255892256,3.3333333333333313,28.431680654662866,28.384229213163863,1.0,3,3,3,3,2,3,28.384229213163863
2022-07-22,66.18625277161863,9.050693448110952,30.006177846789328,7.55892255892256,3.3333333333333313,28.76322933433438,28.701432102489868,1.0,3,3,3,3,2,3,28.701432102489868
2022-07-25,66.18625277161863,9.083303454045655,28.9228528204768,7.55892255892256,3.3333333333333313,28.248154528362974,28.43978161781716,1.0,3,3,3,3,2,3,28.43978161781716
2022-07-26,66.18625277161863,9.593787335722821,29.521768971449653,7.55892255892256,3.3333333333333313,28.195575698319615,28.65640374134283,1.0,3,3,3,3,2,3,28.65640374134283
2022-07-27,66.18625277161863,8.527409530634182,29.339834018891658,7.55892255892256,3.3333333333333313,28.4460619322695,28.43178981320849,1.0,3,3,3,3,2,3,28.43178981320849
2022-07-28,66.18625277161863,8.130372492836676,32.02953916723335,7.55892255892256,3.3333333333333313,28.442774644146095,28.889994706504986,1.0,3,3,3,3,2,3,28.889994706504986
2022-07-29,66.18625277161863,7.709750566893425,31.405596068527014,7.55892255892256,3.3333333333333313,28.80335674706989,28.71713991186745,1.0,3,3,3,3,2,3,28.71713991186745
2022-08-01,66.18625277161863,8.005249343832025,32.73566970412045,7.55892255892256,3.3333333333333313,28.910404433590426,29.05295916302591,1.0,3,3,3,3,2,3,29.05295916302591
2022-08-02,66.18625277161863,8.491353607632679,32.46491985716297,7.55892255892256,3.3333333333333313,28.573726406636418,29.062362243699145,1.0,3,3,3,3,2,3,29.062362243699145
2022-08-03,66.18625277161863,8.071053886504528,33.33374534815221,7.55892255892256,3.3333333333333313,29.165310306813318,29.211225787689052,1.0,3,3,3,3,2,3,29.211225787689052
2022-08-04,66.18625277161863,8.044333214158025,31.96928717124315,7.55892255892256,3.3333333333333313,29.184333096330743,28.93489229678968,1.0,3,3,3,3,2,3,28.93489229678968
2022-08-05,66.18625277161863,8.160590898260663,30.29356836901994,7.55892255892256,3.3333333333333313,28.887919774849973,28.59335874101749,1.0,3,3,3,3,2,3,28.59335874101749
2022-08-08,66.18625277161863,8.538763844230084,29.57427911637765,7.55892255892256,3.3333333333333313,28.76772331618173,28.513115833816094,1.0,3,3,3,3,2,3,28.513115833816094
2022-08-09,66.18625277161863,8.380952380952378,31.758198873686965,7.55892255892256,3.3333333333333313,28.914957471193347,28.93306090812358,1.0,3,3,3,3,2,3,28.93306090812358
2022-08-10,66.18625277161863,7.925740806854698,31.935682711385688,7.55892255892256,3.3333333333333313,29.548037281373656,28.940823341861815,1.0,3,3,3,3,2,3,28.940823341861815
2022-08-11,66.18625277161863,8.291696407328102,30.604689625476972,7.55892255892256,3.3333333333333313,29.48269597249014,28.7412817138864,1.0,3,3,3,3,2,3,28.7412817138864
2022-08-12,66.18625277161863,6.933047924842432,33.442590524380286,7.55892255892256,3.3333333333333313,29.591636680906557,29.048026268011572,1.0,3,3,3,3,2,3,29.048026268011572
2022-08-15,66.18625277161863,6.966238706609607,32.68356841802567,7.55892255892256,3.3333333333333313,29.683772870694142,28.912073622072846,1.0,3,3,3,3,2,3,28.912073622072846
2022-08-16,66.18625277161863,6.71420083184789,34.89261172456522,7.55892255892256,3.3333333333333313,29.956596602033308,29.330757081562325,1.0,3,3,3,3,2,3,29.330757081562325
2022-08-17,66.18625277161863,6.925635542884294,36.689406638174034,7.55892255892256,3.3333333333333313,29.810341610862395,29.71777750737428,1.0,3,3,3,3,2,3,29.71777750737428
2022-08-18,66.18625277161863,6.863792898705616,37.874066334325136,7.55892255892256,3.3333333333333313,30.225112124570646,29.98381796913959,1.0,3,3,3,3,2,3,29.98381796913959
2022-08-19,66.18625277161863,7.3836657169990545,39.224523774323735,7.55892255892256,3.3333333333333313,30.03369852798677,30.33874266113961,1.0,3,3,3,3,2,3,30.33874266113961
2022-08-22,66.18625277161863,8.876231161742016,36.50961420280209,7.55892255892256,3.3333333333333313,29.155905794467536,30.00649456243195,1.0,3,3,3,3,2,3,30.00649456243195
2022-08-23,66.18625277161863,8.920521945432975,36.28004566254302,7.55892255892256,3.3333333333333313,28.92829288411351,29.94667772008292,1.0,3,3,3,3,2,3,29.94667772008292
2022-08-24,66.18625277161863,9.03593027392387,35.61682194546593,7.55892255892256,3.3333333333333313,28.92923452821798,29.837208806776133,1.0,3,3,3,3,2,3,29.837208806776133
2022-08-25,66.18625277161863,8.594120436225701,36.431200716715466,7.55892255892256,3.3333333333333313,29.33422179327599,29.952221319992205,1.0,3,3,3,3,2,3,29.952221319992205
2022-08-26,66.18625277161863,9.953785993601134,34.77206435497264,7.55892255892256,3.3333333333333313,29.172626158818176,29.876167595672946,1.0,3,3,3,3,2,3,29.876167595672946
2022-08-29,66.18625277161863,10.210850509357972,35.260339860439025,7.55892255892256,3.3333333333333313,29.13823789763306,30.02179677379908,1.0,3,3,3,3,2,3,30.02179677379908
2022-08-30,66.18625277161863,10.301953818827707,34.818306532309464,7.55892255892256,3.3333333333333313,29.320347747393228,29.969821755043128,1.0,3,3,3,3,2,3,29.969821755043128
2022-08-31,66.18625277161863,10.28645833333333,34.010574038683714,7.55892255892256,3.3333333333333313,29.411468754698113,29.814288259949592,1.0,3,3,3,3,2,3,29.814288259949592
2022-09-01,66.18625277161863,9.525499940835402,35.370007143793295,7.55892255892256,3.3333333333333313,29.552219286453724,29.948058255647485,1.0,3,3,3,3,2,3,29.948058255647485
2022-09-02,66.18625277161863,9.947953631417079,35.85107543452401,7.55892255892256,3.3333333333333313,29.477720335932883,30.121312756857883,1.0,3,3,3,3,2,3,30.121312756857883
2022-09-06,66.18625277161863,10.594773560364198,34.40457495593554,7.55892255892256,3.3333333333333313,29.301448474557958,29.943749460792116,1.0,3,3,3,3,2,3,29.943749460792116
2022-09-07,66.18625277161863,10.118203309692671,35.220381949416364,7.55892255892256,3.3333333333333313,29.831775027996766,30.064629464697855,1.0,3,3,3,3,2,3,30.064629464697855
2022-09-08,66.18625277161863,10.014179369018079,34.74734624791332,7.55892255892256,3.3333333333333313,29.914831222388866,29.95752315570154,1.0,3,3,3,3,2,3,29.95752315570154
2022-09-09,66.18625277161863,9.166076068981809,35.25597013322506,7.55892255892256,3.3333333333333313,30.06845084119532,29.90498923463728,1.0,3,3,3,3,2,3,29.90498923463728
2022-09-12,66.18625277161863,8.501594048884165,34.025076385371186,7.55892255892256,3.3333333333333313,30.065240594674204,29.52559305639486,1.0,3,3,3,3,2,3,29.52559305639486
2022-09-13,70.63492063492063,6.716241737488198,36.4696959145608,27.375201288244767,1.0869565217391304,32.59337872449914,33.7702314070005,1.0,3,3,3,3,2,3,33.7702314070005
2022-09-14,70.63492063492063,8.495575221238937,27.01903227794709,27.375201288244767,1.0869565217391304,39.974267088525096,32.9740542128305,1.0,3,3,3,3,2,3,32.9740542128305
2022-09-15,70.63492063492063,9.61311630101439,28.538198757283585,27.375201288244767,1.0869565217391304,38.83636587318568,33.38760560311895,1.0,3,3,3,3,2,3,33.38760560311895
2022-09-16,70.63492063492063,10.258224266006371,27.28515378881629,27.375201288244767,1.0869565217391304,38.412850160200776,33.2236666311254,1.0,3,3,3,3,2,3,33.2236666311254
2022-09-19,70.63492063492063,10.160301744460162,28.123948298827273,27.375201288244767,1.0869565217391304,38.71156818042359,33.40171283084063,1.0,3,3,3,3,2,3,33.40171283084063
2022-09-20,70.63492063492063,10.675150229763169,27.52184004595862,27.375201288244767,1.0869565217391304,38.02720737934912,33.31582479722005,1.0,3,3,3,3,2,3,33.31582479722005
2022-09-21,70.63492063492063,11.755005889281511,26.193809724104405,27.375201288244767,1.0869565217391304,37.73465861075587,33.236934987893555,1.0,3,3,3,3,2,3,33.236934987893555
2022-09-22,70.63492063492063,12.48086659602025,25.84308888531436,27.375201288244767,1.0869565217391304,38.044219360995,33.34291903650721,1.0,3,3,3,3,2,3,33.34291903650721
2022-09-23,70.63492063492063,13.924199623352166,24.26585479418608,27.375201288244767,1.0869565217391304,40.54056917957614,33.56577380560605,1.0,3,3,3,3,2,3,33.56577380560605
2022-09-26,70.63492063492063,14.695846570184731,23.564966835821004,27.375201288244767,1.0869565217391304,40.10119369775142,33.53598805511707,1.0,3,3,3,3,2,3,33.53598805511707
2022-09-27,70.63492063492063,15.561044460127027,20.67359055797171,27.375201288244767,1.0869565217391304,40.79575244187254,33.200208251947785,1.0,3,3,3,3,2,3,33.200208251947785
2022-09-28,70.63492063492063,15.061728395061728,20.7344046395227,27.375201288244767,1.0869565217391304,40.61595723501287,33.09452833455896,1.0,3,3,3,3,2,3,33.09452833455896
2022-09-29,70.63492063492063,16.231781852374237,20.641888428431958,27.375201288244767,1.0869565217391304,39.47136144101893,33.19557620440392,1.0,3,3,3,3,2,3,33.19557620440392
2022-09-30,70.63492063492063,16.425801903419103,22.044697319222628,27.375201288244767,1.0869565217391304,40.55236537872933,33.62304238654207,1.0,3,3,3,3,2,3,33.62304238654207
2022-10-03,70.63492063492063,15.04580690627202,23.42948595055006,27.375201288244767,1.0869565217391304,38.95164738729171,33.46392931423437,1.0,3,3,3,3,2,3,33.46392931423437
2022-10-04,70.63492063492063,12.809674768110838,24.582700674552534,27.375201288244767,1.0869565217391304,36.21104636545902,32.97328572921936,1.0,3,3,3,3,2,3,32.97328572921936
2022-10-05,70.63492063492063,11.83098591549296,24.88149542202524,27.375201288244767,1.0869565217391304,36.01001745027869,32.81720401667229,1.0,3,3,3,3,2,3,32.81720401667229
2022-10-06,70.63492063492063,13.22304352927373,22.590234369855366,27.375201288244767,1.0869565217391304,35.40796867626876,32.57715845159348,1.0,3,3,3,3,2,3,32.57715845159348
2022-10-07,70.63492063492063,14.954257565095006,22.844579377710794,27.375201288244767,1.0869565217391304,33.87943645615724,32.82141703831767,1.0,3,3,3,3,2,3,32.82141703831767
2022-10-10,70.63492063492063,15.652479774885686,21.987092285658292,27.375201288244767,1.0869565217391304,33.89405890043668,32.79102630629325,1.0,3,3,3,3,2,3,32.79102630629325
2022-10-11,70.63492063492063,15.79934364744491,22.665268832652973,27.375201288244767,1.0869565217391304,33.758608831658,32.94248938332617,1.0,3,3,3,3,2,3,32.94248938332617
2022-10-12,70.63492063492063,14.563561804335091,24.5396490604386,27.375201288244767,1.0869565217391304,33.33398914807261,33.02774709190278,1.0,3,3,3,3,2,3,33.02774709190278
2022-10-13,70.63492063492063,13.39892246427735,25.61917045883752,27.375201288244767,1.0869565217391304,33.24775830435195,33.00210041919895,1.0,3,3,3,3,2,3,33.00210041919895
2022-10-14,70.63492063492063,14.143542910666199,25.0953008333816,27.375201288244767,1.0869565217391304,32.434308430499144,32.96490559600026,1.0,3,3,3,3,2,3,32.96490559600026
2022-10-17,70.63492063492063,11.399812734082397,28.239229259294685,27.375201288244767,1.0869565217391304,31.012690397209763,32.90278344253718,1.0,3,3,3,3,2,3,32.90278344253718
2022-10-18,70.63492063492063,11.3958113958114,28.027016559027263,27.375201288244767,1.0869565217391304,31.38161401528644,32.89643299663716,1.0,3,3,3,3,2,3,32.89643299663716
2022-10-19,70.63492063492063,12.210526315789476,25.556144809421372,27.375201288244767,1.0869565217391304,31.779623645945893,32.60500259377755,1.0,3,3,3,3,2,3,32.60500259377755
2022-10-20,70.63492063492063,10.01987606687712,30.513902797382137,27.375201288244767,1.0869565217391304,31.2580245687584,33.10626423386848,1.0,3,3,3,3,2,3,33.10626423386848
2022-10-21,70.63492063492063,8.099579242636745,37.29154416506779,27.375201288244767,1.0869565217391304,29.650837328000897,33.917014418481784,1.0,3,3,3,3,2,3,33.917014418481784
2022-10-24,70.63492063492063,8.003271410211477,37.244466590243,27.375201288244767,1.0869565217391304,29.850390176143588,33.908292621846044,1.0,3,3,3,3,2,3,33.908292621846044
2022-10-25,70.63492063492063,7.977108152300865,36.510797963350136,27.375201288244767,1.0869565217391304,30.41812901381383,33.813100128652366,1.0,3,3,3,3,2,3,33.813100128652366
2022-10-26,70.63492063492063,7.215411558669,42.46338429452908,27.375201288244767,1.0869565217391304,30.97261564057448,34.90672673883785,1.0,3,3,3,3,2,3,34.90672673883785
2022-10-27,70.63492063492063,7.0845004668534095,45.086074004214865,27.375201288244767,1.0869565217391304,31.20439315430925,35.428260213785364,1.0,3,3,3,3,2,3,35.428260213785364
2022-10-28,70.63492063492063,5.938630264846578,49.82249068451039,27.375201288244767,1.0869565217391304,30.978745341204935,36.123804728132676,1.0,3,3,3,3,2,3,36.123804728132676
2022-10-31,70.63492063492063,5.644973174714252,51.80875172772458,27.375201288244767,1.0869565217391304,31.317340988263247,36.496185083454876,1.0,3,3,3,3,2,3,36.496185083454876
2022-11-01,70.63492063492063,6.132680424390813,50.04351753365036,27.375201288244767,1.0869565217391304,31.034313085705183,36.21237690431954,1.0,3,3,3,3,2,3,36.21237690431954
2022-11-02,70.63492063492063,7.214452214452216,46.15709957696072,27.375201288244767,1.0869565217391304,30.283066838470663,35.576323046270446,1.0,3,3,3,3,2,3,35.576323046270446
2022-11-03,70.63492063492063,7.2585343120121175,46.04281201868726,27.375201288244767,1.0869565217391304,30.329826190349777,35.56695788931564,1.0,3,3,3,3,2,3,35.56695788931564
2022-11-04,70.63492063492063,6.790123456790124,47.87322124016094,27.375201288244767,1.0869565217391304,30.489924513940288,35.855367394925025,1.0,3,3,3,3,2,3,35.855367394925025
2022-11-07,70.63492063492063,6.368611014087788,49.2031777873594,27.375201288244767,1.0869565217391304,30.496426366536745,36.0377064010839,1.0,3,3,3,3,2,3,36.0377064010839
2022-11-08,70.63492063492063,7.0414338919925505,46.41639029867644,27.375201288244767,1.0869565217391304,30.430188054796243,35.60828964775421,1.0,3,3,3,3,2,3,35.60828964775421
2022-11-09,70.63492063492063,7.004072134962184,47.09012072125673,27.375201288244767,1.0869565217391304,31.289534098946987,35.821497985279265,1.0,3,3,3,3,2,3,35.821497985279265
2022-11-10,70.63492063492063,6.094440567573852,48.13544260672545,27.375201288244767,1.0869565217391304,33.99001320848887,36.11868395984954,1.0,3,3,3,3,2,3,36.11868395984954
2022-11-11,70.63492063492063,5.743518195558654,50.65600328664064,27.375201288244767,1.0869565217391304,34.14353279837126,36.56796358041777,1.0,3,3,3,3,2,3,36.56796358041777
2022-11-14,70.63492063492063,5.381218038121805,53.38844737082516,27.375201288244767,1.0869565217391304,34.42585417523781,37.07022450345396,1.0,3,3,3,3,2,3,37.07022450345396
2022-11-15,70.63492063492063,5.2050656442430565,54.496991883675925,27.375201288244767,1.0869565217391304,34.725541496731196,37.286671659397705,1.0,3,3,3,3,2,3,37.286671659397705
2022-11-16,70.63492063492063,5.029036004645759,56.097950025164636,27.375201288244767,1.0869565217391304,35.317162418948584,37.63081945199772,1.0,3,3,3,3,2,3,37.63081945199772
2022-11-17,70.63492063492063,5.224660397074191,55.17906979410451,27.375201288244767,1.0869565217391304,35.02660388975512,37.457112431352044,1.0,3,3,3,3,2,3,37.457112431352044
2022-11-18,70.63492063492063,5.095171773444754,55.83691798105228,27.375201288244767,1.0869565217391304,35.54412040245691,37.61453599528589,1.0,3,3,3,3,2,3,37.61453599528589
2022-11-21,70.63492063492063,5.081796032022279,56.15925226275395,27.375201288244767,1.0869565217391304,35.65330626603442,37.68724628969947,1.0,3,3,3,3,2,3,37.68724628969947
2022-11-22,70.63492063492063,4.627696590118302,59.199001110504625,27.375201288244767,1.0869565217391304,35.9588671705767,38.23493226132304,1.0,3,3,3,3,2,3,38.23493226132304
2022-11-23,70.63492063492063,4.626086956521739,59.939444388981045,27.375201288244767,1.0869565217391304,36.23332366964054,38.4101446402054,1.0,3,3,3,3,2,3,38.4101446402054
2022-11-25,70.63492063492063,4.6128882707464065,60.44912376974598,27.375201288244767,1.0869565217391304,36.87301501016618,38.57340991325589,1.0,3,3,3,3,2,3,38.57340991325589
2022-11-28,70.63492063492063,4.819835476769785,59.19922736340325,27.375201288244767,1.0869565217391304,35.699678147491205,38.247486386924514,1.0,3,3,3,3,2,3,38.247486386924514
2022-11-29,70.63492063492063,4.910817697475097,59.10914080112203,27.375201288244767,1.0869565217391304,35.302060471231414,38.207903750983355,1.0,3,3,3,3,2,3,38.207903750983355
2022-11-30,70.63492063492063,4.573347227046428,62.44969731719223,27.375201288244767,1.0869565217391304,36.38612542824317,38.91692745581284,1.0,3,3,3,3,2,3,38.91692745581284
2022-12-01,70.63492063492063,4.525462962962964,63.57256801134042,27.375201288244767,1.0869565217391304,36.982026954196996,39.19151489442117,1.0,3,3,3,3,2,3,39.19151489442117
2022-12-02,70.63492063492063,4.604882563924565,61.891848176819444,27.375201288244767,1.0869565217391304,36.2663583138748,38.799687983677074,1.0,3,3,3,3,2,3,38.799687983677074
2022-12-05,70.63492063492063,5.528568123987973,56.292045407633026,27.375201288244767,1.0869565217391304,33.299002028283695,37.56772891329336,1.0,3,3,3,3,2,3,37.56772891329336
2022-12-06,70.63492063492063,5.700080934212045,55.89201454986444,27.375201288244767,1.0869565217391304,33.31697458231845,37.52382255918793,1.0,3,3,3,3,2,3,37.52382255918793
2022-12-07,70.63492063492063,5.755894590846045,55.759006496676335,27.375201288244767,1.0869565217391304,32.92256673692614,37.468942895337875,1.0,3,3,3,3,2,3,37.468942895337875
2022-12-08,70.63492063492063,5.233968804159442,58.11142889453645,27.375201288244767,1.0869565217391304,33.327809582542216,37.875566502134184,1.0,3,3,3,3,2,3,37.875566502134184
2022-12-09,70.63492063492063,5.359205359205355,57.864739976213386,27.375201288244767,1.0869565217391304,33.26325910975908,37.844820982200446,1.0,3,3,3,3,2,3,37.844820982200446
2022-12-12,70.63492063492063,4.941692645191087,57.852601709745635,27.375201288244767,1.0869565217391304,36.21953628191883,38.05451850332001,1.0,3,3,3,3,2,3,38.05451850332001
2022-12-13,75.1937984496124,12.915512465373965,52.18955194291171,7.446808510638295,6.382978723404256,36.63233600541279,37.23801524353769,1.0,3,3,3,2,2,3,37.23801524353769
2022-12-14,75.1937984496124,11.838006230529597,57.87355274308078,7.446808510638295,6.382978723404256,37.65749791611666,38.26183034767301,1.0,3,3,3,2,2,3,38.26183034767301
2022-12-15,75.1937984496124,13.448673587081892,54.68512169595382,7.446808510638295,6.382978723404256,36.84091106585113,37.86461892453153,1.0,3,3,3,2,2,3,37.86461892453153
2022-12-16,75.1937984496124,13.824512855989854,54.909194027986075,7.446808510638295,6.382978723404256,39.49632190554469,38.25014232868892,1.0,3,3,3,2,2,3,38.25014232868892
2022-12-19,75.1937984496124,13.012909174734899,57.83310810958871,7.446808510638295,6.382978723404256,44.130819346145806,39.136054152818566,1.0,3,3,3,2,2,3,39.136054152818566
2022-12-20,75.1937984496124,12.6397050351423,60.26420121778591,7.446808510638295,6.382978723404256,45.383408303252466,39.672890842250155,1.0,3,3,3,2,2,3,39.672890842250155
2022-12-21,75.1937984496124,12.105505643860862,60.857153723997726,7.446808510638295,6.382978723404256,49.20561787521252,40.06686242243224,1.0,3,3,3,2,2,3,40.06686242243224
2022-12-22,75.1937984496124,13.10305123776626,60.90964209216496,7.446808510638295,6.382978723404256,47.22873047852742,40.079180475178255,1.0,3,3,3,2,2,3,40.079180475178255
2022-12-23,75.1937984496124,12.753222836095759,61.75130896044011,7.446808510638295,6.382978723404256,48.35337597404628,40.290012718051074,1.0,3,3,3,2,2,3,40.290012718051074
2022-12-27,75.1937984496124,12.56472212633759,62.12307456924804,7.446808510638295,6.382978723404256,48.8305990096305,40.37438800141944,1.0,3,3,3,2,2,3,40.37438800141944
2022-12-28,75.1937984496124,13.319530710835059,60.77591433745459,7.446808510638295,6.382978723404256,47.2893405385505,40.10179182485225,1.0,3,3,3,2,2,3,40.10179182485225
2022-12-29,75.1937984496124,12.17661262504312,62.13740332637744,7.446808510638295,6.382978723404256,50.39983976874658,40.45655592849804,1.0,3,3,3,2,2,3,40.45655592849804
2022-12-30,75.1937984496124,11.873563218390803,63.56019663582004,7.446808510638295,6.382978723404256,51.1557446716791,40.756095199349346,1.0,3,3,3,2,2,3,40.756095199349346
2023-01-03,75.1937984496124,10.502125703780308,67.42769313330005,7.446808510638295,6.382978723404256,56.01909351692953,41.74164188044829,1.0,3,3,3,2,2,3,41.74164188044829
2023-01-04,75.1937984496124,10.188375832759018,67.29741735037447,7.446808510638295,6.382978723404256,58.57335320690331,41.908262718656296,1.0,3,3,3,2,2,3,41.908262718656296
2023-01-05,75.1937984496124,10.288207601331951,64.83599804345059,7.446808510638295,6.382978723404256,58.311617126869145,41.40977160298269,1.0,3,3,3,2,2,3,41.40977160298269
2023-01-06,75.1937984496124,9.848484848484851,66.97408161136359,7.446808510638295,6.382978723404256,62.17012561104228,42.13529461441318,1.0,3,3,3,2,2,3,42.13529461441318
2023-01-09,75.1937984496124,9.650028686173261,67.38400512376724,7.446808510638295,6.382978723404256,67.10263464673652,42.670838988001016,1.0,3,3,3,2,2,3,42.670838988001016
2023-01-10,75.1937984496124,9.600825877494838,67.5263161816074,7.446808510638295,6.382978723404256,67.67563657187155,42.74676083034687,1.0,3,3,3,2,2,3,42.74676083034687
2023-01-11,75.1937984496124,9.047127622979016,67.89789138817012,7.446808510638295,6.382978723404256,71.37064333908589,43.07983689747768,1.0,3,3,3,2,2,3,43.07983689747768
2023-01-12,75.1937984496124,8.975240715268225,69.12688025744326,7.446808510638295,6.382978723404256,71.78428356442924,43.35262131232449,1.0,3,3,3,2,2,3,43.35262131232449
2023-01-13,75.1937984496124,8.85756846568122,68.99090015935164,7.446808510638295,6.382978723404256,72.04552535392837,43.32801502173868,1.0,3,3,3,2,2,3,43.32801502173868
2023-01-17,75.1937984496124,9.123711340206187,69.44067328335292,7.446808510638295,6.382978723404256,69.97708256266493,43.264353942317584,1.0,3,3,3,2,2,3,43.264353942317584
2023-01-18,75.1937984496124,9.653040192373757,67.35314196674375,7.446808510638295,6.382978723404256,65.3630173527198,42.49130692843475,1.0,3,3,3,2,2,3,42.49130692843475
2023-01-19,75.1937984496124,9.958791208791212,67.71194271113723,7.446808510638295,6.382978723404256,63.33614146056112,42.42152969138107,1.0,3,3,3,2,2,3,42.42152969138107
2023-01-20,75.1937984496124,9.497654193843692,70.19021937410838,7.446808510638295,6.382978723404256,67.13477737470464,43.20482121240014,1.0,3,3,3,2,2,3,43.20482121240014
2023-01-23,75.1937984496124,8.922443376801644,71.71744304312305,7.446808510638295,6.382978723404256,73.8822302908984,44.06996907441405,1.0,3,3,3,2,2,3,44.06996907441405
2023-01-24,75.1937984496124,8.759291023441966,73.02442108765815,7.446808510638295,6.382978723404256,78.80357550841688,44.79086873440098,1.0,3,3,3,2,2,3,44.79086873440098
2023-01-25,75.1937984496124,8.802011888431641,71.91689728396727,7.446808510638295,6.382978723404256,77.67710945773555,44.46526154159261,1.0,3,3,3,2,2,3,44.46526154159261
2023-01-26,75.1937984496124,8.741858073363044,73.42979328341738,7.446808510638295,6.382978723404256,78.9226730299706,44.880366335692415,1.0,3,3,3,2,2,3,44.880366335692415
2023-01-27,75.1937984496124,9.001599268905643,74.30501883449905,7.446808510638295,6.382978723404256,76.13755139591055,44.828847521611266,1.0,3,3,3,2,2,3,44.828847521611266
2023-01-30,75.1937984496124,9.638003882608198,72.45212330108184,7.446808510638295,6.382978723404256,71.0501922648496,44.07681342456224,1.0,3,3,3,2,2,3,44.07681342456224
2023-01-31,75.1937984496124,9.349315068493151,73.54356362361787,7.446808510638295,6.382978723404256,74.34490544285072,44.56683504404654,1.0,3,3,3,2,2,3,44.56683504404654
2023-02-01,75.1937984496124,8.695652173913045,74.11430457702167,7.446808510638295,6.382978723404256,78.72597845896556,44.98835795742277,1.0,3,3,3,2,2,3,44.98835795742277
2023-02-02,75.1937984496124,8.943645904631532,75.56283533122729,7.446808510638295,6.382978723404256,76.42488782413783,45.09755379092482,1.0,3,3,3,2,2,3,45.09755379092482
2023-02-03,75.1937984496124,8.883567111415209,75.31359680128999,7.446808510638295,6.382978723404256,78.13025525641496,45.2062270695218,1.0,3,3,3,2,2,3,45.2062270695218
2023-02-06,75.1937984496124,9.427724578203375,74.9655164600093,7.446808510638295,6.382978723404256,74.32112825549211,44.864529794531016,1.0,3,3,3,2,2,3,44.864529794531016
2023-02-07,75.1937984496124,9.709401709401707,75.27993027122403,7.446808510638295,6.382978723404256,72.45313907067924,44.79694906453234,1.0,3,3,3,2,2,3,44.79694906453234
2023-02-08,75.1937984496124,10.082023239917975,76.9310917297176,7.446808510638295,6.382978723404256,69.62898129554466,44.91928988482085,1.0,3,3,3,2,2,3,44.91928988482085
2023-02-09,75.1937984496124,10.112743423300309,77.30593511661627,7.446808510638295,6.382978723404256,69.88348793194375,45.02585326251696,1.0,3,3,3,2,2,3,45.02585326251696
2023-02-10,75.1937984496124,9.915755919854279,76.99476199877205,7.446808510638295,6.382978723404256,71.35310067242521,45.07118241230706,1.0,3,3,3,2,2,3,45.07118241230706
2023-02-13,75.1937984496124,8.956412882667578,80.3442902441875,7.446808510638295,6.382978723404256,77.17791422193625,46.131700808903915,1.0,3,3,3,2,2,3,46.131700808903915
2023-02-14,75.1937984496124,9.089874857792946,82.76159967190341,7.446808510638295,6.382978723404256,76.4278445190297,46.56684811918151,1.0,3,3,3,2,2,3,46.56684811918151
2023-02-15,75.1937984496124,9.587171613783692,82.16921256952597,7.446808510638295,6.382978723404256,74.12980674591658,46.31802627259285,1.0,3,3,3,2,2,3,46.31802627259285
2023-02-16,75.1937984496124,9.822646657571624,78.9814603223197,7.446808510638295,6.382978723404256,72.50170118503415,45.564760275820944,1.0,3,3,3,2,2,3,45.564760275820944
2023-02-17,75.1937984496124,9.978406637117853,78.40493485391372,7.446808510638295,6.382978723404256,71.39812756612028,45.37024981615761,1.0,3,3,3,2,2,3,45.37024981615761
2023-02-21,75.1937984496124,10.55441945012497,82.15315584353876,7.446808510638295,6.382978723404256,69.08516672632965,46.003800492704976,1.0,3,3,3,2,2,3,46.003800492704976
2023-02-22,75.1937984496124,10.52810902896082,84.58483193234744,7.446808510638295,6.382978723404256,69.34672536155668,46.51102948975659,1.0,3,3,3,2,2,3,46.51102948975659
2023-02-23,75.1937984496124,9.434604904632153,87.82959700120631,7.446808510638295,6.382978723404256,74.23799895000906,47.430409037507864,1.0,3,3,3,2,2,3,47.430409037507864
2023-02-24,75.1937984496124,9.351946430598117,89.71228351199618,7.446808510638295,6.382978723404256,75.37377942751834,47.90399269260996,1.0,3,3,3,2,2,3,47.90399269260996
2023-02-27,75.1937984496124,9.791241207170408,86.69866812549495,7.446808510638295,6.382978723404256,73.52130882873308,47.203881510745646,1.0,3,3,3,2,2,3,47.203881510745646
2023-02-28,75.1937984496124,10.014744244073944,84.11155896304444,7.446808510638295,6.382978723404256,72.02394992956114,46.58142439571906,1.0,3,3,3,2,2,3,46.58142439571906
2023-03-01,75.1937984496124,10.646258503401357,81.55018189730895,7.446808510638295,6.382978723404256,69.582613396398,45.951318181121124,1.0,3,3,3,2,2,3,45.951318181121124
2023-03-02,75.1937984496124,10.257282103592884,82.98039339372451,7.446808510638295,6.382978723404256,70.96959103174908,46.298262963977656,1.0,3,3,3,2,2,3,46.298262963977656
2023-03-03,75.1937984496124,8.996147745297984,83.81166209805038,7.446808510638295,6.382978723404256,77.39515312971649,46.85484604298058,1.0,3,3,3,2,2,3,46.85484604298058
2023-03-06,75.1937984496124,8.743912107826478,83.2268936257979,7.446808510638295,6.382978723404256,78.70593876372199,46.81852378443634,1.0,3,3,3,2,2,3,46.81852378443634
2023-03-07,75.1937984496124,9.68070652173913,84.0722168983082,7.446808510638295,6.382978723404256,74.5504434318005,46.75939778852878,1.0,3,3,3,2,2,3,46.75939778852878
2023-03-08,75.1937984496124,9.609507640067912,85.16362828342555,7.446808510638295,6.382978723404256,79.97583245469212,47.50597919150718,1.0,3,3,3,2,2,3,47.50597919150718
2023-03-09,75.1937984496124,10.43222448517764,83.89065626297521,7.446808510638295,6.382978723404256,74.89420656610012,46.90776556757985,1.0,3,3,3,2,2,3,46.90776556757985
2023-03-10,87.97764882871265,12.75873769935528,76.64255361110483,25.271739130434785,6.249999999999998,66.3872983885835,50.92916117769376,1.0,3,3,3,3,2,3,50.92916117769376
2023-03-13,87.97764882871265,11.91768430574401,77.23849388154761,25.271739130434785,6.249999999999998,68.55201310116749,51.09661002431845,1.0,3,3,3,3,2,3,51.09661002431845
2023-03-14,87.97764882871265,12.275347575449306,75.05034204915832,25.271739130434785,6.249999999999998,67.70757806372187,50.64606880803709,1.0,3,3,3,3,2,3,50.64606880803709
2023-03-15,87.97764882871265,13.762711864406782,70.76132440046344,25.271739130434785,6.249999999999998,63.81851080576042,49.69683141029347,1.0,3,3,3,3,2,3,49.69683141029347
2023-03-16,87.97764882871265,12.041116005873713,73.93616602018803,25.271739130434785,6.249999999999998,67.63561201098271,50.369190683054,1.0,3,3,3,3,2,3,50.369190683054
2023-03-17,87.97764882871265,11.709575429087622,75.28803873514698,25.271739130434785,6.249999999999998,68.86968105221838,50.69666401481214,1.0,3,3,3,3,2,3,50.69666401481214
2023-03-20,87.97764882871265,10.723557963652782,76.63192675062133,25.271739130434785,6.249999999999998,72.32802379520834,51.11407239911904,1.0,3,3,3,3,2,3,51.11407239911904
2023-03-21,87.97764882871265,10.268562401263821,75.37401591716933,25.271739130434785,6.249999999999998,74.00308533576239,50.938997274006255,1.0,3,3,3,3,2,3,50.938997274006255
2023-03-22,87.97764882871265,10.039481105470953,75.65500868218508,25.271739130434785,6.249999999999998,75.32620809263261,51.081691843537854,1.0,3,3,3,3,2,3,51.081691843537854
2023-03-23,87.97764882871265,10.160126296797474,74.50089749211696,25.271739130434785,6.249999999999998,75.06270708699667,50.848648543225934,1.0,3,3,3,3,2,3,50.848648543225934
2023-03-24,87.97764882871265,9.998872731371888,78.74101526768436,25.271739130434785,6.249999999999998,75.75809677140674,51.7339603536953,1.0,3,3,3,3,2,3,51.7339603536953
2023-03-27,87.97764882871265,9.071444669821952,79.08546210652398,25.271739130434785,6.249999999999998,81.67806866286863,52.20936129829943,1.0,3,3,3,3,2,3,52.20936129829943
2023-03-28,87.97764882871265,9.192294694153432,78.6480224415706,25.271739130434785,6.249999999999998,79.89483271607298,51.96771977549549,1.0,3,3,3,3,2,3,51.96771977549549
2023-03-29,87.97764882871265,8.81756756756757,76.4897312095576,25.271739130434785,6.249999999999998,81.43055608560003,51.614688440728415,1.0,3,3,3,3,2,3,51.614688440728415
2023-03-30,87.97764882871265,8.882134414049307,74.60930920516321,25.271739130434785,6.249999999999998,80.53179808484599,51.161641609070486,1.0,3,3,3,3,2,3,51.161641609070486
2023-03-31,87.97764882871265,7.810038262435293,77.66013584509372,25.271739130434785,6.249999999999998,80.81148481633988,51.58535637988317,1.0,3,3,3,3,2,3,51.58535637988317
2023-04-03,87.97764882871265,7.289908876139046,81.27975984344916,25.271739130434785,6.249999999999998,80.55192251865697,52.179299072526725,1.0,3,3,3,3,2,3,52.179299072526725
2023-04-04,87.97764882871265,7.242465137201977,82.6284959255616,25.271739130434785,6.249999999999998,81.34650224501557,52.519015513797655,1.0,3,3,3,3,2,3,52.519015513797655
2023-04-05,87.97764882871265,6.947723440134908,79.10603626902159,25.271739130434785,6.249999999999998,81.45700606825028,51.76662562539971,1.0,3,3,3,3,2,3,51.76662562539971
2023-04-06,87.97764882871265,6.608226567768039,80.64767658990982,25.271739130434785,6.249999999999998,81.34559313447859,51.995913021726814,1.0,3,3,3,3,2,3,51.995913021726814
2023-04-10,87.97764882871265,7.493540051679588,78.85663199327519,25.271739130434785,6.249999999999998,75.46674601269929,51.22688208700426,1.0,3,3,3,3,2,3,51.22688208700426
2023-04-11,87.97764882871265,7.333782569631627,76.40827958598236,25.271739130434785,6.249999999999998,76.25737167946595,50.784322675812774,1.0,3,3,3,3,2,3,50.784322675812774
2023-04-12,87.97764882871265,7.4548108229482395,77.77551697394065,25.271739130434785,6.249999999999998,75.95416255887034,51.05165489200819,1.0,3,3,3,3,2,3,51.05165489200819
2023-04-13,87.97764882871265,6.722783389450053,79.47775913541139,25.271739130434785,6.249999999999998,81.71614497792264,51.82189607950794,1.0,3,3,3,3,2,3,51.82189607950794
2023-04-14,87.97764882871265,6.6868618871311565,77.99548895489158,25.271739130434785,6.249999999999998,81.72739647783841,51.51938289293177,1.0,3,3,3,3,2,3,51.51938289293177
2023-04-17,87.97764882871265,6.740690892777031,79.37527874537203,25.271739130434785,6.249999999999998,80.45683234603106,51.6790502389763,1.0,3,3,3,3,2,3,51.6790502389763
2023-04-18,87.97764882871265,6.346002915125011,80.41494402941578,25.271739130434785,6.249999999999998,81.64418042211743,51.92678050786328,1.0,3,3,3,3,2,3,51.92678050786328
2023-04-19,87.97764882871265,6.680116565792423,83.14139390554877,25.271739130434785,6.249999999999998,80.11551035355411,52.38602620636703,1.0,3,3,3,3,2,3,52.38602620636703
2023-04-20,87.97764882871265,7.159663865546218,81.59767291991572,25.271739130434785,6.249999999999998,77.15346072300703,51.876986506136475,1.0,3,3,3,3,2,3,51.876986506136475
2023-04-21,87.97764882871265,7.034050179211471,81.35799725238772,25.271739130434785,6.249999999999998,78.63956548129406,51.95253911119263,1.0,3,3,3,3,2,3,51.95253911119263
2023-04-24,87.97764882871265,6.919717836748407,81.58519245801556,25.271739130434785,6.249999999999998,80.45720102986564,52.15687523868274,1.0,3,3,3,3,2,3,52.15687523868274
2023-04-25,87.97764882871265,7.5218267293485574,83.06809970390186,25.271739130434785,6.249999999999998,76.62472914982872,52.19063127837634,1.0,3,3,3,3,2,3,52.19063127837634
2023-04-26,87.97764882871265,7.9109320801163685,84.05966969072027,25.271739130434785,6.249999999999998,75.63142814271396,52.3674362451821,1.0,3,3,3,3,2,3,52.3674362451821
2023-04-27,87.97764882871265,7.114093959731542,86.90596926167726,25.271739130434785,6.249999999999998,78.67307270729613,53.08149299175476,1.0,3,3,3,3,2,3,53.08149299175476
2023-04-28,87.97764882871265,7.290618360729062,83.55126739999741,25.271739130434785,6.249999999999998,78.1394112452118,52.39249135340985,1.0,3,3,3,3,2,3,52.39249135340985
2023-05-01,87.97764882871265,7.243460764587528,80.55620176075259,25.271739130434785,6.249999999999998,79.46493565206163,51.916599147017564,1.0,3,3,3,3,2,3,51.916599147017564
2023-05-02,87.97764882871265,7.308079114984915,85.29651660666988,25.271739130434785,6.249999999999998,79.84689690287553,52.91578191136189,1.0,3,3,3,3,2,3,52.91578191136189
2023-05-03,87.97764882871265,7.339142091152813,84.38603647001918,25.271739130434785,6.249999999999998,80.5520483232652,52.810413621304306,1.0,3,3,3,3,2,3,52.810413621304306
2023-05-04,87.97764882871265,7.158012283640429,85.20552348835815,25.271739130434785,6.249999999999998,81.35654032259963,53.01853426340306,1.0,3,3,3,3,2,3,53.01853426340306
2023-05-05,87.97764882871265,6.162089752176825,85.4947796206675,25.271739130434785,6.249999999999998,85.11166095507718,53.25271304681996,1.0,3,3,3,3,2,3,53.25271304681996
2023-05-08,87.97764882871265,6.204664657962281,84.11959873304227,25.271739130434785,6.249999999999998,84.2165892925313,52.896684684197425,1.0,3,3,3,3,2,3,52.896684684197425
2023-05-09,87.97764882871265,6.559571619812581,83.54306257772612,25.271739130434785,6.249999999999998,82.8783726114375,52.718537177394865,1.0,3,3,3,3,2,3,52.718537177394865
2023-05-10,87.97764882871265,6.022080963532953,85.24069518965112,25.271739130434785,6.249999999999998,85.37346643711919,53.20007495109211,1.0,3,3,3,3,2,3,53.20007495109211
2023-05-11,87.97764882871265,6.053511705685618,86.44108871291635,25.271739130434785,6.249999999999998,84.17848995727758,53.326942156191535,1.0,3,3,3,3,2,3,53.326942156191535
2023-05-12,87.97764882871265,5.917753259779338,85.88262653468956,25.271739130434785,6.249999999999998,85.53742376041758,53.323991411678925,1.0,3,3,3,3,2,3,53.323991411678925
2023-05-15,87.97764882871265,6.172014260249555,88.64943426374313,25.271739130434785,6.249999999999998,85.46175925475166,53.92063870701709,1.0,3,3,3,3,2,3,53.92063870701709
2023-05-16,87.97764882871265,5.746742398930838,90.87401418041055,25.271739130434785,6.249999999999998,87.29428996869231,54.463753389480885,1.0,3,3,3,3,2,3,54.463753389480885
2023-05-17,87.97764882871265,5.277221108884433,90.62108011962037,25.271739130434785,6.249999999999998,87.03189975696311,54.29302329814065,1.0,3,3,3,3,2,3,54.29302329814065
2023-05-18,87.97764882871265,4.763494713411239,92.07817172233108,25.271739130434785,6.249999999999998,85.21783167520368,54.30028953141221,1.0,3,3,3,3,2,3,54.30028953141221
2023-05-19,87.97764882871265,4.6283934134401425,91.41036621827801,25.271739130434785,6.249999999999998,85.94618145078144,54.21254314816515,1.0,3,3,3,3,2,3,54.21254314816515
2023-05-22,87.97764882871265,4.960516071627186,90.84762989082917,25.271739130434785,6.249999999999998,82.75176213197354,53.84697848243201,1.0,3,3,3,3,2,3,53.84697848243201
2023-05-23,87.97764882871265,5.7927507227040245,86.75107139432292,25.271739130434785,6.249999999999998,72.01741047640304,52.120678547789076,1.0,3,3,3,3,2,3,52.120678547789076
2023-05-24,87.97764882871265,5.868622874291429,84.83324255453834,25.271739130434785,6.249999999999998,73.0984766423224,51.86039382674157,1.0,3,3,3,3,2,3,51.86039382674157
2023-05-25,87.97764882871265,4.31111111111111,89.42678112734148,25.271739130434785,6.249999999999998,78.29780147737745,52.98753167217164,1.0,3,3,3,3,2,3,52.98753167217164
2023-05-26,87.97764882871265,4.420748639342442,87.23259143427585,25.271739130434785,6.249999999999998,77.15224842642093,52.456065934109134,1.0,3,3,3,3,2,3,52.456065934109134
2023-05-30,87.97764882871265,4.130579613590938,86.5294265008663,25.271739130434785,6.249999999999998,78.78180363706687,52.42035466334151,1.0,3,3,3,3,2,3,52.42035466334151
2023-05-31,87.97764882871265,3.9960039960039975,88.08437200716003,25.271739130434785,6.249999999999998,79.01157442658509,52.727405720034696,1.0,3,3,3,3,2,3,52.727405720034696
2023-06-01,87.97764882871265,3.9946737683089206,87.07291002069759,25.271739130434785,6.249999999999998,79.07686088893603,52.53137592343828,1.0,3,3,3,3,2,3,52.53137592343828
2023-06-02,87.97764882871265,4.070992789794784,87.9896561638874,25.271739130434785,6.249999999999998,78.6283518057872,52.68513804805854,1.0,3,3,3,3,2,3,52.68513804805854
2023-06-05,87.97764882871265,3.8811266356176564,87.24975166270154,25.271739130434785,6.249999999999998,79.84044479580426,52.62039321598764,1.0,3,3,3,3,2,3,52.62039321598764
2023-06-06,87.97764882871265,3.846580201751467,88.95883708580283,25.271739130434785,6.249999999999998,80.1436336807131,52.985619902325546,1.0,3,3,3,3,2,3,52.985619902325546
2023-06-07,87.97764882871265,4.277482269503548,90.97741249566691,25.271739130434785,6.249999999999998,74.25734148723215,52.88688617850069,1.0,3,3,3,3,2,3,52.88688617850069
2023-06-08,87.97764882871265,3.8218677301429063,90.87297916486757,25.271739130434785,6.249999999999998,79.85561338451917,53.334703794197395,1.0,3,3,3,3,2,3,53.334703794197395
2023-06-09,87.97764882871265,3.599114064230343,93.40420578847767,25.271739130434785,6.249999999999998,81.05297404767849,53.91613445205283,1.0,3,3,3,3,2,3,53.91613445205283
2023-06-12,87.97764882871265,2.977969666777373,95.83405367783304,25.271739130434785,6.249999999999998,76.17107301183181,53.789685046848646,1.0,3,3,3,3,2,3,53.789685046848646
2023-06-13,86.48148148148148,3.2204515272244363,96.40907568113657,33.868866695614415,5.102040816326528,76.44903940391576,54.78171383840897,1.0,3,3,3,3,2,3,54.78171383840897
2023-06-14,86.48148148148148,2.8764243832282337,97.95909686095689,33.868866695614415,5.102040816326528,74.6284945069554,54.840858155877754,1.0,3,3,3,3,2,3,54.840858155877754
2023-06-15,86.48148148148148,2.786994027869942,96.84854938839537,33.868866695614415,5.102040816326528,73.84320298811987,54.52233343841023,1.0,3,3,3,3,2,3,54.52233343841023
2023-06-16,86.48148148148148,2.841348811498064,97.12134242443332,33.868866695614415,5.102040816326528,70.49741759920276,54.253184463451746,1.0,3,3,3,3,2,3,54.253184463451746
2023-06-20,86.48148148148148,2.973032714412023,97.22410555172452,33.868866695614415,5.102040816326528,61.70206138732409,53.42053824830491,1.0,3,3,3,3,2,3,53.42053824830491
2023-06-21,86.48148148148148,2.9720472875925346,97.7563987819454,33.868866695614415,5.102040816326528,61.765112191986674,53.53310488945143,1.0,3,3,3,3,2,3,53.53310488945143
2023-06-22,86.48148148148148,3.0815109343936387,95.86305629484252,33.868866695614415,5.102040816326528,58.53389168008255,52.853207070200675,1.0,3,3,3,3,2,3,52.853207070200675
2023-06-23,86.48148148148148,3.2571491663906347,94.32117795743565,33.868866695614415,5.102040816326528,54.91484032874284,52.21805391398472,1.0,3,3,3,3,2,3,52.21805391398472
2023-06-26,86.48148148148148,3.421633554083888,94.24835793024867,33.868866695614415,5.102040816326528,51.337832619185406,51.87868601513023,1.0,3,3,3,3,2,3,51.87868601513023
2023-06-27,86.48148148148148,3.343263819927178,92.60625155008015,33.868866695614415,5.102040816326528,54.079917438876244,51.80879927423426,1.0,3,3,3,3,2,3,51.80879927423426
2023-06-28,86.48148148148148,3.540701522170749,91.24373143433311,33.868866695614415,5.102040816326528,51.81649118422534,51.34944016606848,1.0,3,3,3,3,2,3,51.34944016606848
2023-06-29,86.48148148148148,3.3741316572940807,91.5730035947597,33.868866695614415,5.102040816326528,54.0044777846571,51.600779285221655,1.0,3,3,3,3,2,3,51.600779285221655
2023-06-30,86.48148148148148,3.2076719576719572,90.6375974682243,33.868866695614415,5.102040816326528,56.127816775950656,51.5927400191195,1.0,3,3,3,3,2,3,51.5927400191195
2023-07-03,86.48148148148148,3.4931129476584055,89.26887303695453,33.868866695614415,5.102040816326528,52.93081369771346,51.05638302303912,1.0,3,3,3,3,2,3,51.05638302303912
2023-07-05,86.48148148148148,3.7012557832121615,87.29841137193513,33.868866695614415,5.102040816326528,50.81231792250127,50.49206967962477,1.0,3,3,3,3,2,3,50.49206967962477
2023-07-06,86.48148148148148,3.7991410637595,83.33401958370725,33.868866695614415,5.102040816326528,50.06841587054265,49.6443781728928,1.0,3,3,3,3,2,3,49.6443781728928
2023-07-07,86.48148148148148,3.9850286217525324,82.16305702451959,33.868866695614415,5.102040816326528,48.81682569999988,49.3222041555996,1.0,3,3,3,3,2,3,49.3222041555996
2023-07-10,86.48148148148148,4.03873665676241,79.52447550328469,33.868866695614415,5.102040816326528,48.42797893762174,48.76634478211678,1.0,3,3,3,3,2,3,48.76634478211678
2023-07-11,86.48148148148148,3.9383938393839357,81.8996601044681,33.868866695614415,5.102040816326528,50.148659820264655,49.39338122714206,1.0,3,3,3,3,2,3,49.39338122714206
2023-07-12,86.48148148148148,3.695150115473441,80.97071461670836,33.868866695614415,5.102040816326528,51.695475987232875,49.31362500150483,1.0,3,3,3,3,2,3,49.31362500150483
2023-07-13,86.48148148148148,3.4520668425681613,82.07154795887298,33.868866695614415,5.102040816326528,53.96151944794756,49.71177936142816,1.0,3,3,3,3,2,3,49.71177936142816
2023-07-14,86.48148148148148,3.176173205846796,83.4402669700587,33.868866695614415,5.102040816326528,57.02373972134173,50.23656646366046,1.0,3,3,3,3,2,3,50.23656646366046
2023-07-17,86.48148148148148,3.284992309382554,82.21133991284515,33.868866695614415,5.102040816326528,56.430128221074185,49.953183722898146,1.0,3,3,3,3,2,3,49.953183722898146
2023-07-18,86.48148148148148,3.064250411861613,83.76210684808856,33.868866695614415,5.102040816326528,58.81207007473937,50.457382915809156,1.0,3,3,3,3,2,3,50.457382915809156
2023-07-19,86.48148148148148,3.3706631532718503,82.40384274964532,33.868866695614415,5.102040816326528,55.32574785188243,49.89838042211686,1.0,3,3,3,3,2,3,49.89838042211686
2023-07-20,86.48148148148148,3.929316211173306,83.25271959139809,33.868866695614415,5.102040816326528,49.901805845183695,49.63749220137784,1.0,3,3,3,3,2,3,49.63749220137784
2023-07-21,86.48148148148148,3.554970375246876,85.89843604748228,33.868866695614415,5.102040816326528,52.828019284378726,50.38438766932889,1.0,3,3,3,3,2,3,50.38438766932889
2023-07-24,86.48148148148148,3.4550839091806487,87.4463967360974,33.868866695614415,5.102040816326528,53.81696603321454,50.772897188722254,1.0,3,3,3,3,2,3,50.772897188722254
2023-07-25,86.48148148148148,3.5197368421052664,86.39366200782315,33.868866695614415,5.102040816326528,53.34710319827097,50.528294546157966,1.0,3,3,3,3,2,3,50.528294546157966
2023-07-26,86.48148148148148,4.110489970404471,81.81719993217791,33.868866695614415,5.102040816326528,49.158252133159955,49.31226765017766,1.0,3,3,3,3,2,3,49.31226765017766
2023-07-27,86.48148148148148,3.93381547227701,83.51740034784197,33.868866695614415,5.102040816326528,50.99559412789919,49.8007070331589,1.0,3,3,3,3,2,3,49.8007070331589
2023-07-28,86.48148148148148,4.009201445941505,82.28745656486623,33.868866695614415,5.102040816326528,50.5942690402155,49.52966296252828,1.0,3,3,3,3,2,3,49.52966296252828
2023-07-31,86.48148148148148,3.72317126587823,86.3462239981247,33.868866695614415,5.102040816326528,52.54655277026698,50.479438786172466,1.0,3,3,3,3,2,3,50.479438786172466
2023-08-01,86.48148148148148,3.546798029556649,87.1836396026514,33.868866695614415,5.102040816326528,53.70319878843962,50.72731186163076,1.0,3,3,3,3,2,3,50.72731186163076
2023-08-02,86.48148148148148,4.202232435981616,86.97712282219045,33.868866695614415,5.102040816326528,49.48593530875203,50.395369038854795,1.0,3,3,3,3,2,3,50.395369038854795
2023-08-03,86.48148148148148,4.561864128651131,85.86748361554855,33.868866695614415,5.102040816326528,47.92646162998875,50.08942016818399,1.0,3,3,3,3,2,3,50.08942016818399
2023-08-04,86.48148148148148,4.60411198600175,89.88306143694261,33.868866695614415,5.102040816326528,47.769145334506575,50.88525367438471,1.0,3,3,3,3,2,3,50.88525367438471
2023-08-07,86.48148148148148,4.023176997922818,89.13051147109634,33.868866695614415,5.102040816326528,50.177207009494964,50.85936285109851,1.0,3,3,3,3,2,3,50.85936285109851
2023-08-08,86.48148148148148,4.415300546448087,89.13381313565002,33.868866695614415,5.102040816326528,48.775500989007,50.7982772916655,1.0,3,3,3,3,2,3,50.7982772916655
2023-08-09,86.48148148148148,4.8836447066535555,90.42129892292223,33.868866695614415,5.102040816326528,45.81496370993267,50.853389553253606,1.0,3,3,3,3,2,3,50.853389553253606
2023-08-10,86.48148148148148,4.936653560506769,89.68539697919465,33.868866695614415,5.102040816326528,45.726725315010235,50.70798709578649,1.0,3,3,3,3,2,3,50.70798709578649
2023-08-11,86.48148148148148,4.9132001310186695,89.44406176474101,33.868866695614415,5.102040816326528,45.45739969784195,50.62809680528132,1.0,3,3,3,3,2,3,50.62809680528132
2023-08-14,86.48148148148148,4.278541803099756,90.51646010336127,33.868866695614415,5.102040816326528,48.23067856198013,50.992972693835405,1.0,3,3,3,3,2,3,50.992972693835405
2023-08-15,86.48148148148148,3.7424986361156543,91.91801670970781,33.868866695614415,5.102040816326528,51.78201131060026,51.521208656569904,1.0,3,3,3,3,2,3,51.521208656569904
2023-08-16,86.48148148148148,4.42844677137871,91.87489291728865,33.868866695614415,5.102040816326528,48.016737215711,51.27324611564975,1.0,3,3,3,3,2,3,51.27324611564975
2023-08-17,86.48148148148148,4.6069130956275215,92.99638636800331,33.868866695614415,5.102040816326528,47.5207407708594,51.483638426157285,1.0,3,3,3,3,2,3,51.483638426157285
2023-08-18,86.48148148148148,4.0004360148245075,93.15096730993376,33.868866695614415,5.102040816326528,50.388411855352224,51.68002630683206,1.0,3,3,3,3,2,3,51.68002630683206
2023-08-21,86.48148148148148,3.9555410264792443,92.40715698626488,33.868866695614415,5.102040816326528,50.7521631000247,51.55866036889648,1.0,3,3,3,3,2,3,51.55866036889648
2023-08-22,86.48148148148148,3.986928104575164,91.73146494730344,33.868866695614415,5.102040816326528,50.5997273056631,51.414555797287214,1.0,3,3,3,3,2,3,51.414555797287214
2023-08-23,86.48148148148148,3.5772623325710553,92.1922088604961,33.868866695614415,5.102040816326528,54.1968420733002,51.78448290228863,1.0,3,3,3,3,2,3,51.78448290228863
2023-08-24,86.48148148148148,5.247115175266711,85.56170125021602,33.868866695614415,5.102040816326528,44.672610640060654,49.8399288054478,1.0,3,3,3,3,2,3,49.8399288054478
2023-08-25,86.48148148148148,4.2006747197736445,87.70420327957508,33.868866695614415,5.102040816326528,51.10670134709506,50.70255019092444,1.0,3,3,3,3,2,3,50.70255019092444
2023-08-28,86.48148148148148,3.894691035683203,89.1225825818085,33.868866695614415,5.102040816326528,52.305909258620964,51.04495010570562,1.0,3,3,3,3,2,3,51.04495010570562
2023-08-29,86.48148148148148,3.066884176182705,92.42415548399924,33.868866695614415,5.102040816326528,56.62513278177179,51.971625666558744,1.0,3,3,3,3,2,3,51.971625666558744
2023-08-30,86.48148148148148,3.011524244400961,93.02833227922464,33.868866695614415,5.102040816326528,57.40267746246454,52.15914350731675,1.0,3,3,3,3,2,3,52.15914350731675
2023-08-31,86.48148148148148,3.1626997065536324,91.49358733024243,33.868866695614415,5.102040816326528,56.22815295221669,51.76497715892606,1.0,3,3,3,3,2,3,51.76497715892606
2023-09-01,86.48148148148148,3.0530204259017797,91.32239553293181,33.868866695614415,5.102040816326528,56.849834096619375,51.770971057773835,1.0,3,3,3,3,2,3,51.770971057773835
2023-09-05,86.48148148148148,2.834799608993159,93.74235712073907,33.868866695614415,5.102040816326528,61.935698082167654,52.71990561050839,1.0,3,3,3,3,2,3,52.71990561050839
2023-09-06,86.48148148148148,2.833876221498373,95.36578566980299,33.868866695614415,5.102040816326528,62.88646087666731,53.139482922272194,1.0,3,3,3,3,2,3,53.139482922272194
2023-09-07,86.48148148148148,2.822099207641375,96.2650327515083,33.868866695614415,5.102040816326528,65.226377921171,53.55096864029222,1.0,3,3,3,3,2,3,53.55096864029222
2023-09-08,86.48148148148148,2.766927083333333,96.41557001147781,33.868866695614415,5.102040816326528,68.05549618508326,53.85295349381573,1.0,3,3,3,3,2,3,53.85295349381573
2023-09-11,86.48148148148148,2.733485193621865,96.78628443881125,33.868866695614415,5.102040816326528,68.56150403156252,53.97100878598805,1.0,3,3,3,3,2,3,53.97100878598805
2023-09-12,70.17067696643875,7.406202559097812,75.95487620200686,29.527777777777782,9.0,37.80041052999278,43.32409271349657,1.0,3,3,3,3,2,3,43.32409271349657
2023-09-13,70.17067696643875,6.850948509485096,82.85091392826321,29.527777777777782,9.0,39.236539569000016,44.73586235272602,1.0,3,3,3,3,2,3,44.73586235272602
2023-09-14,70.17067696643875,6.426094495015174,87.75198991208946,29.527777777777782,9.0,39.46629970648689,45.654082760345965,1.0,3,3,3,3,2,3,45.654082760345965
2023-09-15,70.17067696643875,6.348174628967611,90.34458178405075,29.527777777777782,9.0,39.730107325708566,46.18339792345088,1.0,3,3,3,3,2,3,46.18339792345088
2023-09-18,70.17067696643875,6.833441628763266,86.35972053381877,29.527777777777782,9.0,38.806345834990815,45.39110292429184,1.0,3,3,3,3,2,3,45.39110292429184
2023-09-19,70.17067696643875,6.668831871819854,85.94570158416084,29.527777777777782,9.0,39.55346555862997,45.35008915533549,1.0,3,3,3,3,2,3,45.35008915533549
2023-09-20,70.17067696643875,6.645021645021649,87.87269040189986,29.527777777777782,9.0,39.70316528151792,45.745694845812444,1.0,3,3,3,3,2,3,45.745694845812444
2023-09-21,70.17067696643875,7.67066969598615,82.19125706593502,29.527777777777782,9.0,36.65812909948367,44.510034170608954,1.0,3,3,3,3,2,3,44.510034170608954
2023-09-22,70.17067696643875,7.787151200519145,82.28628425713697,29.527777777777782,9.0,36.9010907111781,44.57663207092539,1.0,3,3,3,3,2,3,44.57663207092539
2023-09-25,70.17067696643875,8.033300897394318,80.40399485128242,29.527777777777782,9.0,36.582203123811375,44.21751537039284,1.0,3,3,3,3,2,3,44.21751537039284
2023-09-26,70.17067696643875,9.619541720709039,70.50337411405879,29.527777777777782,9.0,34.95621507953503,42.392040583183416,1.0,3,3,3,3,2,3,42.392040583183416
2023-09-27,70.17067696643875,9.789303079416534,69.04764888522026,29.527777777777782,9.0,35.278846211124154,42.16711092231612,1.0,3,3,3,3,2,3,42.16711092231612
2023-09-28,70.17067696643875,8.943616331821126,72.88316062847355,29.527777777777782,9.0,35.81859024536201,42.81905032487149,1.0,3,3,3,3,2,3,42.81905032487149
2023-09-29,70.17067696643875,9.156678544433646,73.03915335607203,29.527777777777782,9.0,35.14376238902912,42.82537852728041,1.0,3,3,3,3,2,3,42.82537852728041
2023-10-02,70.17067696643875,8.667962003454232,72.89746895760375,29.527777777777782,9.0,36.05761908499845,42.790684008987796,1.0,3,3,3,3,2,3,42.790684008987796
2023-10-03,70.17067696643875,9.949282399913669,67.4900777692086,29.527777777777782,9.0,34.32439518693593,41.792147460794396,1.0,3,3,3,3,2,3,41.792147460794396
2023-10-04,70.17067696643875,8.511326860841423,71.94743108248971,29.527777777777782,9.0,35.44705303218847,42.50829280016143,1.0,3,3,3,3,2,3,42.50829280016143
2023-10-05,70.17067696643875,8.001725439447856,73.08070375457795,29.527777777777782,9.0,36.63366547060908,42.751688294142426,1.0,3,3,3,3,2,3,42.751688294142426
2023-10-06,70.17067696643875,7.460112117291932,74.11592996613092,29.527777777777782,9.0,37.51063303581153,42.93810762854208,1.0,3,3,3,3,2,3,42.93810762854208
2023-10-09,70.17067696643875,7.371483996120272,76.28483740747247,29.527777777777782,9.0,37.79109623199221,43.38220981219412,1.0,3,3,3,3,2,3,43.38220981219412
2023-10-10,70.17067696643875,7.584572290454643,73.1309648838228,29.527777777777782,9.0,37.62836702531519,42.77778004566336,1.0,3,3,3,3,2,3,42.77778004566336
2023-10-11,70.17067696643875,7.635971997845988,71.53076005293512,29.527777777777782,9.0,38.10995346907149,42.516177665339725,1.0,3,3,3,3,2,3,42.516177665339725
2023-10-12,70.17067696643875,7.870370370370372,70.90465724747986,29.527777777777782,9.0,37.63357695169161,42.39019912701556,1.0,3,3,3,3,2,3,42.39019912701556
2023-10-13,70.17067696643875,8.244537724679796,69.46098802201787,29.527777777777782,9.0,37.04753618565641,42.11769467618153,1.0,3,3,3,3,2,3,42.11769467618153
2023-10-16,70.17067696643875,8.04820314181192,69.20144896148962,29.527777777777782,9.0,37.30445666781559,42.052211995718224,1.0,3,3,3,3,2,3,42.052211995718224
2023-10-17,70.17067696643875,7.905776056792517,69.06555184694754,29.527777777777782,9.0,37.45797590384372,42.011899079408735,1.0,3,3,3,3,2,3,42.011899079408735
2023-10-18,70.17067696643875,8.31720430107527,69.26628457843802,29.527777777777782,9.0,37.90925553719045,42.17945923789805,1.0,3,3,3,3,2,3,42.17945923789805
2023-10-19,70.17067696643875,8.233903042029452,70.67798230383305,29.527777777777782,9.0,37.89815939105046,42.4440289165539,1.0,3,3,3,3,2,3,42.4440289165539
2023-10-20,70.17067696643875,11.723619170427678,55.60672434864149,29.527777777777782,9.0,34.11125455022522,39.749030067112706,1.0,3,3,3,3,2,3,39.749030067112706
2023-10-23,70.17067696643875,10.76377699000967,58.22381649280209,29.527777777777782,9.0,33.15155893961809,39.98451049880051,1.0,3,3,3,3,2,3,39.98451049880051
2023-10-24,70.17067696643875,11.03951890034364,54.508514633576475,29.527777777777782,9.0,34.79503761220024,39.460946376280404,1.0,3,3,3,3,2,3,39.460946376280404
2023-10-25,70.17067696643875,12.002147074610841,53.259491210482594,29.527777777777782,9.0,33.9448715508841,39.31865072038345,1.0,3,3,3,3,2,3,39.31865072038345
2023-10-26,70.17067696643875,12.556342562781712,54.72031061448261,29.527777777777782,9.0,33.1905042900004,39.64621697272925,1.0,3,3,3,3,2,3,39.64621697272925
2023-10-27,70.17067696643875,12.262632764724817,56.37759360138129,29.527777777777782,9.0,32.70034634272071,39.869915815769644,1.0,3,3,3,3,2,3,39.869915815769644
2023-10-30,70.17067696643875,11.872586872586872,55.85831557352395,29.527777777777782,9.0,33.090641724930464,39.727080569991564,1.0,3,3,3,3,2,3,39.727080569991564
2023-10-31,70.17067696643875,10.914549158357456,57.84433313351759,29.527777777777782,9.0,34.2125774516731,40.044870111818675,1.0,3,3,3,3,2,3,40.044870111818675
2023-11-01,70.17067696643875,9.646302250803858,60.59258605838953,29.527777777777782,9.0,34.00483438910153,40.32009700902518,1.0,3,3,3,3,2,3,40.32009700902518
2023-11-02,70.17067696643875,8.925318761384334,60.58516465583777,29.527777777777782,9.0,35.16950015001307,40.29088260672208,1.0,3,3,3,3,2,3,40.29088260672208
2023-11-03,70.17067696643875,8.397600685518421,63.13994509933423,29.527777777777782,9.0,36.14747404966821,40.794092470213705,1.0,3,3,3,3,2,3,40.794092470213705
2023-11-06,70.17067696643875,7.843452189741944,66.23952472064502,29.527777777777782,9.0,36.25259740537885,41.31369103089163,1.0,3,3,3,3,2,3,41.31369103089163
2023-11-07,70.17067696643875,7.985442089488333,64.17953014746661,29.527777777777782,9.0,36.17420615307914,40.922250970975256,1.0,3,3,3,3,2,3,40.922250970975256
2023-11-08,70.17067696643875,6.784376672017123,71.76093202533326,29.527777777777782,9.0,38.39567281684609,42.42046492943104,1.0,3,3,3,3,2,3,42.42046492943104
2023-11-09,70.17067696643875,6.878476679503638,73.0068285341943,29.527777777777782,9.0,37.95521922504947,42.644418873520884,1.0,3,3,3,3,2,3,42.644418873520884
2023-11-10,70.17067696643875,6.523366484867927,71.15751645109269,29.527777777777782,9.0,38.09821311126398,42.217833806594875,1.0,3,3,3,3,2,3,42.217833806594875
2023-11-13,70.17067696643875,6.189865298268123,74.21916458567365,29.527777777777782,9.0,29.88803399665863,41.942445284730574,1.0,3,3,3,3,2,3,41.942445284730574
2023-11-14,70.17067696643875,5.835203590894515,74.07777901289134,29.527777777777782,9.0,32.77957740356873,42.1323901693904,1.0,3,3,3,3,2,3,42.1323901693904
2023-11-15,70.17067696643875,6.271367521367521,69.08793068740194,29.527777777777782,9.0,29.300525636921087,40.87374811372236,1.0,3,3,3,3,2,3,40.87374811372236
2023-11-16,70.17067696643875,6.119833386735022,68.85509232521471,29.527777777777782,9.0,29.982547156357132,40.86507576630201,1.0,3,3,3,3,2,3,40.86507576630201
2023-11-17,70.17067696643875,6.0217809096732875,68.9378857608348,29.527777777777782,9.0,30.028810882419393,40.86665033061991,1.0,3,3,3,3,2,3,40.86665033061991
2023-11-20,70.17067696643875,5.7850357562173125,71.01416428453,29.527777777777782,9.0,32.41124111381758,41.47280002780757,1.0,3,3,3,3,2,3,41.47280002780757
2023-11-21,70.17067696643875,5.889884763124198,72.66652350648116,29.527777777777782,9.0,30.93321692416964,41.67643925461439,1.0,3,3,3,3,2,3,41.67643925461439
2023-11-22,70.17067696643875,5.845333333333336,71.9081445987138,29.527777777777782,9.0,31.60703036983729,41.583234531669504,1.0,3,3,3,3,2,3,41.583234531669504
2023-11-24,70.17067696643875,5.843463425037324,65.28259733311313,29.527777777777782,9.0,32.99922627023881,40.396970686930324,1.0,3,3,3,3,2,3,40.396970686930324
2023-11-27,70.17067696643875,5.820275023984648,68.17697005378416,29.527777777777782,9.0,33.292663406312236,41.000551264461336,1.0,3,3,3,3,2,3,41.000551264461336
2023-11-28,70.17067696643875,5.919650468883205,66.8777591145032,29.527777777777782,9.0,33.10647223829329,40.741965048782966,1.0,3,3,3,3,2,3,40.741965048782966
2023-11-29,70.17067696643875,5.976350271652283,66.49609552528973,29.527777777777782,9.0,33.17560443904107,40.68388551156887,1.0,3,3,3,3,2,3,40.68388551156887
2023-11-30,70.17067696643875,5.9904153354632586,69.18510525806715,29.527777777777782,9.0,33.35460541503128,41.242400568485564,1.0,3,3,3,3,2,3,41.242400568485564
2023-12-01,70.17067696643875,5.727669541147665,71.47660299221495,29.527777777777782,9.0,33.371955259298076,41.64988594087868,1.0,3,3,3,3,2,3,41.64988594087868
2023-12-04,70.17067696643875,6.236696466581526,68.64004952501998,29.527777777777782,9.0,30.901373679838233,40.937322474580476,1.0,3,3,3,3,2,3,40.937322474580476
2023-12-05,70.17067696643875,6.490052133205664,65.60842657236891,29.527777777777782,9.0,29.207416471245246,40.21227329651579,1.0,3,3,3,3,2,3,40.21227329651579
2023-12-06,70.17067696643875,7.466496490108487,61.585086783370876,29.527777777777782,9.0,29.643355132982087,39.64648807627044,1.0,3,3,3,3,2,3,39.64648807627044
2023-12-07,70.17067696643875,7.086656034024457,61.08804194799252,29.527777777777782,9.0,29.805206098045822,39.48729611448434,1.0,3,3,3,3,2,3,39.48729611448434
2023-12-08,70.17067696643875,6.887755102040815,61.456178622843595,29.527777777777782,9.0,30.62312427883345,39.60293508113658,1.0,3,3,3,3,2,3,39.60293508113658
2023-12-11,70.17067696643875,6.364892147486982,60.47336596760123,29.527777777777782,9.0,44.99930067286198,40.7394175985802,1.0,3,3,3,3,2,3,40.7394175985802
2023-12-12,58.43026004728132,14.616528574463569,35.52889922739923,11.164465786314526,9.803921568627452,26.767453759175403,29.96845797292036,1.0,3,3,3,3,2,3,29.96845797292036
2023-12-13,58.43026004728132,13.443771901879579,36.34936712877445,11.164465786314526,9.803921568627452,27.295672289702633,29.950822071731327,1.0,3,3,3,3,2,3,29.950822071731327
2023-12-14,58.43026004728132,14.92569002123142,34.80794857662066,11.164465786314526,9.803921568627452,25.73888990020954,29.783243746221626,1.0,3,3,3,3,2,3,29.783243746221626
2023-12-15,58.43026004728132,13.329088400721636,35.96762573372873,11.164465786314526,9.803921568627452,26.670473220425766,29.789017185562905,1.0,3,3,3,3,2,3,29.789017185562905
2023-12-18,58.43026004728132,12.497347761510714,38.60221286800893,11.164465786314526,9.803921568627452,26.7095535281508,30.153494515349266,1.0,3,3,3,3,2,3,30.153494515349266
2023-12-19,58.43026004728132,11.888853536960438,39.866298639603166,11.164465786314526,9.803921568627452,26.461440682349075,30.259801540177886,1.0,3,3,3,3,2,3,30.259801540177886
2023-12-20,58.43026004728132,13.051314673452078,38.21967022193234,11.164465786314526,9.803921568627452,23.793338874692903,29.89615790317643,1.0,3,3,3,3,2,3,29.89615790317643
2023-12-21,58.43026004728132,12.029676735559088,39.474813114600565,11.164465786314526,9.803921568627452,24.0467441740687,29.968199424069056,1.0,3,3,3,3,2,3,29.968199424069056
2023-12-22,58.43026004728132,11.919898283534646,39.59132935863545,11.164465786314526,9.803921568627452,23.189164422321305,29.883789007296407,1.0,3,3,3,3,2,3,29.883789007296407
2023-12-26,58.43026004728132,11.947886876390212,39.952992859981315,11.164465786314526,9.803921568627452,23.135802392101944,29.956383223114752,1.0,3,3,3,3,2,3,29.956383223114752
2023-12-27,58.43026004728132,12.071156289707751,39.832238004232615,11.164465786314526,9.803921568627452,23.018003353283913,29.945106230746724,1.0,3,3,3,3,2,3,29.945106230746724
2023-12-28,58.43026004728132,11.88207896686779,39.56503560102253,11.164465786314526,9.803921568627452,22.899463307738262,29.841996280982144,1.0,3,3,3,3,2,3,29.841996280982144
2023-12-29,58.43026004728132,12.423280423280424,39.172583125821475,11.164465786314526,9.803921568627452,22.012267104813702,29.783026456932006,1.0,3,3,3,3,2,3,29.783026456932006
2024-01-02,58.43026004728132,13.286787263302656,38.64684361308877,11.164465786314526,9.803921568627452,20.693933517172866,29.718746563625828,1.0,3,3,3,3,2,3,29.718746563625828
2024-01-03,58.43026004728132,14.096869712351948,37.83681676131973,11.164465786314526,9.803921568627452,19.69015333073166,29.618379664437757,1.0,3,3,3,3,2,3,29.618379664437757
2024-01-04,58.43026004728132,14.039539063325934,37.03523518430972,11.164465786314526,9.803921568627452,19.100173477385887,29.387599233895976,1.0,3,3,3,3,2,3,29.387599233895976
2024-01-05,58.43026004728132,13.93997040794758,36.874862254453646,11.164465786314526,9.803921568627452,19.18324808021664,29.34391837713217,1.0,3,3,3,3,2,3,29.34391837713217
2024-01-08,58.43026004728132,12.910723718964604,37.6418667092232,11.164465786314526,9.803921568627452,18.522824076790364,29.225427529946856,1.0,3,3,3,3,2,3,29.225427529946856
2024-01-09,58.43026004728132,13.498098859315588,35.85130755452173,11.164465786314526,9.803921568627452,16.991374011650237,28.831645720562744,1.0,3,3,3,3,2,3,28.831645720562744
2024-01-10,58.43026004728132,13.398796325625595,36.423749652024505,11.164465786314526,9.803921568627452,17.165911651162613,28.943727397276533,1.0,3,3,3,3,2,3,28.943727397276533
2024-01-11,58.43026004728132,12.81401731053409,37.904163009052596,11.164465786314526,9.803921568627452,17.21774163953803,29.128037264501398,1.0,3,3,3,3,2,3,29.128037264501398
2024-01-12,58.43026004728132,11.68091168091168,30.81793319638918,11.164465786314526,9.803921568627452,18.78568529752292,27.640964541842724,1.0,3,3,3,3,2,3,27.640964541842724
2024-01-16,58.43026004728132,11.729957805907173,32.66168356663517,11.164465786314526,9.803921568627452,18.800620350157875,28.021017346154512,1.0,3,3,3,3,2,3,28.021017346154512
2024-01-17,58.43026004728132,11.831698829484338,30.442522889197292,11.164465786314526,9.803921568627452,18.84678180161141,27.602149560527725,1.0,3,3,3,3,2,3,27.602149560527725
2024-01-18,58.43026004728132,10.62618595825427,36.74417186378101,11.164465786314526,9.803921568627452,19.611220055294808,28.697820606566797,1.0,3,3,3,3,2,3,28.697820606566797
2024-01-19,58.43026004728132,10.201285699230688,39.09251169273504,11.164465786314526,9.803921568627452,20.829262702586178,29.204312785282017,1.0,3,3,3,3,2,3,29.204312785282017
2024-01-22,58.43026004728132,10.018963337547408,40.35492739734464,11.164465786314526,9.803921568627452,21.079041776763148,29.445309361284984,1.0,3,3,3,3,2,3,29.445309361284984
2024-01-23,58.43026004728132,9.373354397051077,40.38905213508148,11.164465786314526,9.803921568627452,22.473927038671913,29.462501046923958,1.0,3,3,3,3,2,3,29.462501046923958
2024-01-24,58.43026004728132,8.128026953042749,45.216426897101385,11.164465786314526,9.803921568627452,25.41699398296305,30.47321720495539,1.0,3,3,3,3,2,3,30.47321720495539
2024-01-25,58.43026004728132,7.820229449531631,47.858719060739205,11.164465786314526,9.803921568627452,26.285011777672125,31.026917916451634,1.0,3,3,3,3,2,3,31.026917916451634
2024-01-26,58.43026004728132,8.007154882154884,46.61107201140054,11.164465786314526,9.803921568627452,25.719996862092927,30.75827210155063,1.0,3,3,3,3,2,3,30.75827210155063
2024-01-29,58.43026004728132,8.541074997370357,45.24702097934883,11.164465786314526,9.803921568627452,24.808488953709677,30.501095127345064,1.0,3,3,3,3,2,3,30.501095127345064
2024-01-30,58.43026004728132,8.275499474237646,46.63806737083118,11.164465786314526,9.803921568627452,25.217434056010884,30.767083811245108,1.0,3,3,3,3,2,3,30.767083811245108
2024-01-31,58.43026004728132,9.607904972143382,43.36222487139022,11.164465786314526,9.803921568627452,22.470944926843593,30.103747498021335,1.0,3,3,3,3,2,3,30.103747498021335
2024-02-01,58.43026004728132,7.566204287515765,47.847670466937565,11.164465786314526,9.803921568627452,25.14309927139135,30.859711914660057,1.0,3,3,3,3,2,3,30.859711914660057
2024-02-02,58.43026004728132,7.37472423573905,44.91516077437965,11.164465786314526,9.803921568627452,26.684029606130295,30.38900699926703,1.0,3,3,3,3,2,3,30.38900699926703
2024-02-05,58.43026004728132,7.193866834698593,46.24706584001344,11.164465786314526,9.803921568627452,26.068728260513712,30.557686397624035,1.0,3,3,3,3,2,3,30.557686397624035
2024-02-06,58.43026004728132,7.7690288713910745,43.34179478753001,11.164465786314526,9.803921568627452,23.756182052289656,29.860409973643435,1.0,3,3,3,3,2,3,29.860409973643435
2024-02-07,58.43026004728132,6.769521410579345,48.664202683715146,11.164465786314526,9.803921568627452,27.010490059226804,31.050420861411837,1.0,3,3,3,3,2,3,31.050420861411837
2024-02-08,58.43026004728132,7.134613366907983,47.416729467763034,11.164465786314526,9.803921568627452,25.454630089356716,30.718358612500133,1.0,3,3,3,3,2,3,30.718358612500133
2024-02-09,58.43026004728132,7.163834696874345,47.56940924069994,11.164465786314526,9.803921568627452,25.584334075039795,30.767709231649093,1.0,3,3,3,3,2,3,30.767709231649093
2024-02-12,58.43026004728132,7.486631016042781,45.89713946775845,11.164465786314526,9.803921568627452,24.067993928296787,30.34618052622018,1.0,3,3,3,3,2,3,30.34618052622018
2024-02-13,58.43026004728132,8.878406708595389,43.18060780987778,11.164465786314526,9.803921568627452,20.600563920376413,29.73448633236253,1.0,3,3,3,3,2,3,29.73448633236253
2024-02-14,58.43026004728132,8.456460232631251,39.61879167727506,11.164465786314526,9.803921568627452,21.968984251538583,29.074575843765377,1.0,3,3,3,3,2,3,29.074575843765377
2024-02-15,58.43026004728132,9.33375235700817,37.384861454442955,11.164465786314526,9.803921568627452,20.64036463267783,28.670386262188263,1.0,3,3,3,3,2,3,28.670386262188263
2024-02-16,58.43026004728132,10.18954864383705,37.074117103894324,11.164465786314526,9.803921568627452,19.004326434362014,28.615792829612733,1.0,3,3,3,3,2,3,28.615792829612733
2024-02-20,58.43026004728132,11.33793969849246,34.51988239824763,11.164465786314526,9.803921568627452,16.09519961068151,28.043711417046424,1.0,3,3,3,3,2,3,28.043711417046424
2024-02-21,58.43026004728132,11.52276295133438,35.02537724524104,11.164465786314526,9.803921568627452,16.0736932844791,28.17962440439325,1.0,3,3,3,3,2,3,28.17962440439325
2024-02-22,58.43026004728132,10.29504080351538,38.45657764867554,11.164465786314526,9.803921568627452,17.222847244667015,28.73523545153514,1.0,3,3,3,3,2,3,28.73523545153514
2024-02-23,58.43026004728132,9.768852630477982,40.36975299052659,11.164465786314526,9.803921568627452,18.061182745283574,29.096466435359527,1.0,3,3,3,3,2,3,29.096466435359527
2024-02-26,58.43026004728132,10.372229192806358,38.88502086445044,11.164465786314526,9.803921568627452,17.295240856783607,28.843601133759975,1.0,3,3,3,3,2,3,28.843601133759975
2024-02-27,58.43026004728132,10.180829936239155,38.71324974860455,11.164465786314526,9.803921568627452,17.315207366448917,28.77296371024389,1.0,3,3,3,3,2,3,28.77296371024389
2024-02-28,58.43026004728132,9.989550679205854,39.261055167300896,11.164465786314526,9.803921568627452,17.60035244462371,28.872783450393978,1.0,3,3,3,3,2,3,28.872783450393978
2024-02-29,58.43026004728132,10.002089209234306,39.19186517658118,11.164465786314526,9.803921568627452,17.64985050800222,28.866402964593576,1.0,3,3,3,3,2,3,28.866402964593576
2024-03-01,58.43026004728132,8.771929824561404,41.69996747455812,11.164465786314526,9.803921568627452,19.733880863491926,29.330394582803354,1.0,3,3,3,3,2,3,29.330394582803354
2024-03-04,58.43026004728132,8.570832028395452,43.19480837517411,11.164465786314526,9.803921568627452,20.01881752320168,29.617636869664338,1.0,3,3,3,3,2,3,29.617636869664338
2024-03-05,58.43026004728132,10.540596952619497,37.982299941868924,11.164465786314526,9.803921568627452,16.531821457670862,28.620388561295027,1.0,3,3,3,3,2,3,28.620388561295027
2024-03-06,58.43026004728132,9.681794470526865,39.08587291286161,11.164465786314526,9.803921568627452,17.871998752365283,28.803360388544476,1.0,3,3,3,3,2,3,28.803360388544476
2024-03-07,58.43026004728132,8.260325406758447,42.188524026552194,11.164465786314526,9.803921568627452,20.084569654232105,29.360853888715596,1.0,3,3,3,3,2,3,29.360853888715596
2024-03-08,58.43026004728132,9.634031904910852,39.3484037468064,11.164465786314526,9.803921568627452,17.52439071059969,28.811553238033675,1.0,3,3,3,3,2,3,28.811553238033675
2024-03-11,58.43026004728132,8.557431728163433,42.13699174104376,11.164465786314526,9.803921568627452,19.167505620541757,29.31826229252587,1.0,3,3,3,3,2,3,29.31826229252587
2024-03-12,82.15729274165807,5.220381369177866,60.82135022522238,39.53846153846154,15.384615384615385,34.946017559006364,44.71150202942597,1.0,3,3,3,3,2,3,44.71150202942597
2024-03-13,82.15729274165807,5.572916666666669,69.81088480847815,39.53846153846154,15.384615384615385,29.925406128569204,46.07785486253117,1.0,3,3,3,3,2,3,46.07785486253117
2024-03-14,82.15729274165807,5.571175674268458,67.9980940445085,39.53846153846154,15.384615384615385,31.95234992173165,45.917642890573845,1.0,3,3,3,3,2,3,45.917642890573845
2024-03-15,82.15729274165807,5.569435769310848,68.88375267350084,39.53846153846154,15.384615384615385,32.2470866518018,46.1239003083878,1.0,3,3,3,3,2,3,46.1239003083878
2024-03-18,82.15729274165807,5.151420543240711,68.59968983007572,39.53846153846154,15.384615384615385,37.24239144020525,46.48301517332909,1.0,3,3,3,3,2,3,46.48301517332909
2024-03-19,82.15729274165807,4.7648772367873455,71.28412938829695,39.53846153846154,15.384615384615385,37.52574217433122,46.97092949709527,1.0,3,3,3,3,2,3,46.97092949709527
2024-03-20,82.15729274165807,4.763390535621422,67.5373269611206,39.53846153846154,15.384615384615385,37.63625190355131,46.23232264434882,1.0,3,3,3,3,2,3,46.23232264434882
2024-03-21,82.15729274165807,4.907465169473904,64.4165259832464,39.53846153846154,15.384615384615385,36.17645433899448,45.4909976190888,1.0,3,3,3,3,2,3,45.4909976190888
2024-03-22,82.15729274165807,5.269722482070471,64.74412506325882,39.53846153846154,15.384615384615385,34.06543753220999,45.417867216932144,1.0,3,3,3,3,2,3,45.417867216932144
2024-03-25,82.15729274165807,5.610972568578553,63.47590777998732,39.53846153846154,15.384615384615385,30.746902132444426,44.90062023760291,1.0,3,3,3,3,2,3,44.90062023760291
2024-03-26,82.15729274165807,5.567674249506593,64.89376419181792,39.53846153846154,15.384615384615385,31.461242753318036,45.246965918242,1.0,3,3,3,3,2,3,45.246965918242
2024-03-27,82.15729274165807,5.908618899273103,62.99467461229088,39.53846153846154,15.384615384615385,29.33367196181738,44.72257985313982,1.0,3,3,3,3,2,3,44.72257985313982
2024-03-28,82.15729274165807,5.7614450327000934,64.53867509470386,39.53846153846154,15.384615384615385,29.807218066409042,45.04929978676698,1.0,3,3,3,3,2,3,45.04929978676698
2024-04-01,82.15729274165807,5.894562058945621,62.94382612899603,39.53846153846154,15.384615384615385,29.653512199734937,44.74158281220711,1.0,3,3,3,3,2,3,44.74158281220711
2024-04-02,82.15729274165807,6.193588546529719,63.531076405808804,39.53846153846154,15.384615384615385,27.717791498305722,44.725266094943564,1.0,3,3,3,3,2,3,44.725266094943564
2024-04-03,82.15729274165807,5.6108691142916385,64.99987358296997,39.53846153846154,15.384615384615385,31.061751323133358,45.236877626410944,1.0,3,3,3,3,2,3,45.236877626410944
2024-04-04,82.15729274165807,6.272680145152927,60.691078786720496,39.53846153846154,15.384615384615385,27.596765924442774,44.160982333464254,1.0,3,3,3,3,2,3,44.160982333464254
2024-04-05,82.15729274165807,6.11525704809287,60.01242033743135,39.53846153846154,15.384615384615385,28.79238574353314,44.113328006103444,1.0,3,3,3,3,2,3,44.113328006103444
2024-04-08,82.15729274165807,6.248057196145477,58.53589145217952,39.53846153846154,15.384615384615385,27.783444191708202,43.74368810348111,1.0,3,3,3,3,2,3,43.74368810348111
2024-04-09,82.15729274165807,6.701885228920652,55.311217276498766,39.53846153846154,15.384615384615385,26.926579676985984,43.103832423427775,1.0,3,3,3,3,2,3,43.103832423427775
2024-04-10,82.15729274165807,7.279693486590038,56.158978600016326,39.53846153846154,15.384615384615385,24.996798884316906,43.19596826039825,1.0,3,3,3,3,2,3,43.19596826039825
2024-04-11,82.15729274165807,6.697722567287785,62.92658091844346,39.53846153846154,15.384615384615385,26.79809218403407,44.61322387019494,1.0,3,3,3,3,2,3,44.61322387019494
2024-04-12,82.15729274165807,7.658077201697195,60.6375377529115,39.53846153846154,15.384615384615385,23.73705446220731,44.041382391787764,1.0,3,3,3,3,2,3,44.041382391787764
2024-04-15,82.15729274165807,8.307469480653836,59.1711184312047,39.53846153846154,15.384615384615385,21.848939520726905,43.68916548908969,1.0,3,3,3,3,2,3,43.68916548908969
2024-04-16,82.15729274165807,7.870514013858725,60.24129545959022,39.53846153846154,15.384615384615385,23.101803141326283,43.941096163467705,1.0,3,3,3,3,2,3,43.941096163467705
2024-04-17,82.15729274165807,9.139784946236558,58.58283276025272,39.53846153846154,15.384615384615385,19.726101097164385,43.525687605659584,1.0,3,3,3,3,2,3,43.525687605659584
2024-04-18,82.15729274165807,10.801033591731269,53.2350664698099,39.53846153846154,15.384615384615385,16.032126098553196,42.41898657680884,1.0,3,3,3,3,2,3,42.41898657680884
2024-04-19,82.15729274165807,11.396982847695803,52.251011907014444,39.53846153846154,15.384615384615385,14.781188344709802,42.21627174005832,1.0,3,3,3,3,2,3,42.21627174005832
2024-04-22,82.15729274165807,11.57938229521744,50.30204736232267,39.53846153846154,15.384615384615385,14.552305138150961,41.840070399968404,1.0,3,3,3,3,2,3,41.840070399968404
2024-04-23,82.15729274165807,11.266005782734405,53.435003111264535,39.53846153846154,15.384615384615385,15.284927088562537,42.47724844230133,1.0,3,3,3,3,2,3,42.47724844230133
2024-04-24,82.15729274165807,11.179931867451225,51.86254115341155,39.53846153846154,15.384615384615385,15.841659502165603,42.2012145090344,1.0,3,3,3,3,2,3,42.2012145090344
2024-04-25,82.15729274165807,11.43446852425181,53.04074933843174,39.53846153846154,15.384615384615385,15.37609360541223,42.441206887723226,1.0,3,3,3,3,2,3,42.441206887723226
2024-04-26,82.15729274165807,9.986588259568759,55.15945593423349,39.53846153846154,15.384615384615385,17.626329738455524,42.800395767251295,1.0,3,3,3,3,2,3,42.800395767251295
2024-04-29,82.15729274165807,10.509488448844888,52.46962011926798,39.53846153846154,15.384615384615385,16.628437533932633,42.267219421661125,1.0,3,3,3,3,2,3,42.267219421661125
2024-04-30,82.15729274165807,12.001237240952674,48.6533557207357,39.53846153846154,15.384615384615385,13.383935737758826,41.47786612075885,1.0,3,3,3,3,2,3,41.47786612075885
2024-05-01,82.15729274165807,11.688311688311687,51.04721248888854,39.53846153846154,15.384615384615385,14.561842784974264,42.011843068582756,1.0,3,3,3,3,2,3,42.011843068582756
2024-05-02,82.15729274165807,11.416795466254507,50.49682485127588,39.53846153846154,15.384615384615385,15.673879511053082,41.95866596925667,1.0,3,3,3,3,2,3,41.95866596925667
2024-05-03,82.15729274165807,10.97033374536465,49.721852522088675,39.53846153846154,15.384615384615385,16.579283141163724,41.80491952225233,1.0,3,3,3,3,2,3,41.80491952225233
2024-05-06,82.15729274165807,9.236947791164656,54.63463966448069,39.53846153846154,15.384615384615385,19.48774393467173,42.73164583924153,1.0,3,3,3,3,2,3,42.73164583924153
2024-05-07,82.15729274165807,9.512044471896235,53.003752501975164,39.53846153846154,15.384615384615385,18.983137823882256,42.410027131807794,1.0,3,3,3,3,2,3,42.410027131807794
2024-05-08,82.15729274165807,9.91046619326953,51.399052698191014,39.53846153846154,15.384615384615385,18.30553545043976,42.10101127798137,1.0,3,3,3,3,2,3,42.10101127798137
2024-05-09,82.15729274165807,10.504115226337447,50.50799114726594,39.53846153846154,15.384615384615385,17.460178558668005,41.95699308523277,1.0,3,3,3,3,2,3,41.95699308523277
2024-05-10,82.15729274165807,10.459734649799445,47.39237776189487,39.53846153846154,15.384615384615385,17.50317807667352,41.3292942446515,1.0,3,3,3,3,2,3,41.3292942446515
2024-05-13,82.15729274165807,10.74439646308863,44.80346588448907,39.53846153846154,15.384615384615385,17.16330485989234,40.83445691015006,1.0,3,3,3,3,2,3,40.83445691015006
2024-05-14,82.15729274165807,7.708911501695958,54.31901687654837,39.53846153846154,15.384615384615385,23.23509039125085,42.73764866941924,1.0,3,3,3,3,2,3,42.73764866941924
2024-05-15,82.15729274165807,7.346896835182899,53.961362128692926,39.53846153846154,15.384615384615385,24.356247833154455,42.7058305307359,1.0,3,3,3,3,2,3,42.7058305307359
2024-05-16,82.15729274165807,7.098099640472522,53.63465537783815,39.53846153846154,15.384615384615385,25.262099204484436,42.68131487875587,1.0,3,3,3,3,2,3,42.68131487875587
2024-05-17,82.15729274165807,6.592729513247075,54.42589997764582,39.53846153846154,15.384615384615385,26.990201687951615,42.91130002161903,1.0,3,3,3,3,2,3,42.91130002161903
2024-05-20,82.15729274165807,6.159531875577459,52.75116332599721,39.53846153846154,15.384615384615385,29.25458760760223,42.716151755720446,1.0,3,3,3,3,2,3,42.716151755720446
2024-05-21,82.15729274165807,6.126847290640395,51.69442840831261,39.53846153846154,15.384615384615385,29.43666161884439,42.51647525632033,1.0,3,3,3,3,2,3,42.51647525632033
2024-05-22,82.15729274165807,6.155740227762388,52.621080013571564,39.53846153846154,15.384615384615385,29.615529106694254,42.7254709135815,1.0,3,3,3,3,2,3,42.7254709135815
2024-05-23,82.15729274165807,6.420512820512821,54.745253414135064,39.53846153846154,15.384615384615385,28.79993810193953,43.12170101176881,1.0,3,3,3,3,2,3,43.12170101176881
2024-05-24,82.15729274165807,7.0337332102942645,52.16292191890554,39.53846153846154,15.384615384615385,27.17264377906342,42.56514935839159,1.0,3,3,3,3,2,3,42.56514935839159
2024-05-28,82.15729274165807,6.24231242312423,51.55969842117746,39.53846153846154,15.384615384615385,29.79383791011682,42.54833991451731,1.0,3,3,3,3,2,3,42.54833991451731
2024-05-29,82.15729274165807,6.619530689619839,50.285172475167116,39.53846153846154,15.384615384615385,28.360179956218918,42.22551258322457,1.0,3,3,3,3,2,3,42.22551258322457
2024-05-30,82.15729274165807,10.448678549477568,35.52579275183007,39.53846153846154,15.384615384615385,16.676374766325107,38.87108569153933,1.0,3,3,3,3,2,3,38.87108569153933
2024-05-31,82.15729274165807,10.394265232974913,35.80381628660263,39.53846153846154,15.384615384615385,16.86050987271877,38.934221245832674,1.0,3,3,3,3,2,3,38.934221245832674
2024-06-03,82.15729274165807,9.06019656019656,39.7044326895801,39.53846153846154,15.384615384615385,19.98590102932388,39.76006990753301,1.0,3,3,3,3,2,3,39.76006990753301
2024-06-04,82.15729274165807,8.45358714563504,41.34982903420699,39.53846153846154,15.384615384615385,21.371788009707785,40.10641599158448,1.0,3,3,3,3,2,3,40.10641599158448
2024-06-05,82.15729274165807,7.18232044198895,45.51130308543455,39.53846153846154,15.384615384615385,25.06618163727016,41.05389682385701,1.0,3,3,3,3,2,3,41.05389682385701
2024-06-06,82.15729274165807,6.765879104019634,48.044294408584385,39.53846153846154,15.384615384615385,26.29882006561499,41.60047066372759,1.0,3,3,3,3,2,3,41.60047066372759
2024-06-07,82.15729274165807,5.654396728016357,53.969909325456456,39.53846153846154,15.384615384615385,30.44991233942706,42.978406399282555,1.0,3,3,3,3,2,3,42.978406399282555
2024-06-10,82.15729274165807,6.2557497700092,49.72737346175987,39.53846153846154,15.384615384615385,28.027915378469398,42.00797013884604,1.0,3,3,3,3,2,3,42.00797013884604
2024-06-11,82.15729274165807,6.5808297567954215,46.10333662215527,39.53846153846154,15.384615384615385,41.65830512553691,42.71121774298911,1.0,3,3,3,3,2,3,42.71121774298911
2024-06-12,57.92680533751962,3.2791909285933194,61.77670171647948,31.60685657910963,18.867924528301884,36.035020721470886,37.72420287523818,1.0,4,3,3,3,2,3,37.72420287523818
2024-06-13,57.92680533751962,3.370098039215689,74.79407384926589,31.60685657910963,18.867924528301884,34.21633909542727,40.16399056131557,1.0,4,3,3,3,2,3,40.16399056131557
2024-06-14,57.92680533751962,3.644716692189894,70.1737939210701,31.60685657910963,18.867924528301884,31.179421217986388,38.99116651852718,1.0,4,3,3,3,2,3,38.99116651852718
2024-06-17,57.92680533751962,3.153704837721986,70.43181080662188,31.60685657910963,18.867924528301884,36.01093843695142,39.42771924664044,1.0,4,3,3,3,2,3,39.42771924664044
2024-06-18,57.92680533751962,2.795633098663401,72.19401173126641,31.60685657910963,18.867924528301884,35.92155894480945,39.69960713454344,1.0,4,3,3,3,2,3,39.69960713454344
2024-06-20,57.92680533751962,2.9885760913912667,74.16184351200883,31.60685657910963,18.867924528301884,32.12354264185274,39.751960458941824,1.0,4,3,3,3,2,3,39.751960458941824
2024-06-21,57.92680533751962,3.171204241868053,73.21207795077771,31.60685657910963,18.867924528301884,29.71602895030689,39.35778160763638,1.0,4,3,3,3,2,3,39.35778160763638
2024-06-24,57.92680533751962,3.48623853211009,73.8498720213155,31.60685657910963,18.867924528301884,27.15736551548361,39.29248093631002,1.0,4,3,3,3,2,3,39.29248093631002
2024-06-25,57.92680533751962,3.6686028737389167,73.60426556135276,31.60685657910963,18.867924528301884,26.14606802446307,39.17870276354118,1.0,4,3,3,3,2,3,39.17870276354118
2024-06-26,57.92680533751962,3.8101059494702514,73.01727433356079,31.60685657910963,18.867924528301884,24.898291155413787,38.96482744622412,1.0,4,3,3,3,2,3,38.96482744622412
2024-06-27,57.92680533751962,3.432121397290966,75.0078485978579,31.60685657910963,18.867924528301884,27.70267153145987,39.56778342625229,1.0,4,3,3,3,2,3,39.56778342625229
2024-06-28,57.92680533751962,3.288535939727144,76.40911260167412,31.60685657910963,18.867924528301884,29.287049579936514,39.977756940350446,1.0,4,3,3,3,2,3,39.977756940350446
2024-07-01,57.92680533751962,2.9414758269720105,71.59246760008004,31.60685657910963,18.867924528301884,32.62996531140468,39.27930749062742,1.0,4,3,3,3,2,3,39.27930749062742
2024-07-02,57.92680533751962,2.930402930402931,70.91773608380771,31.60685657910963,18.867924528301884,32.912504734949074,39.17040055041357,1.0,4,3,3,3,2,3,39.17040055041357
2024-07-03,57.92680533751962,2.858305360594038,73.67157486546367,31.60685657910963,18.867924528301884,34.60497521013009,39.87599584030109,1.0,4,3,3,3,2,3,39.87599584030109
2024-07-05,57.92680533751962,2.765914175310147,75.0910884256012,31.60685657910963,18.867924528301884,36.13817682296768,40.294740476555575,1.0,4,3,3,3,2,3,40.294740476555575
2024-07-08,57.92680533751962,2.7650706516214263,76.99161239926595,31.60685657910963,18.867924528301884,36.08312069634305,40.66917095388831,1.0,4,3,3,3,2,3,40.66917095388831
2024-07-09,57.92680533751962,3.5162601626016254,74.55697997525935,31.60685657910963,18.867924528301884,27.708404704392343,39.495010772087966,1.0,4,3,3,3,2,3,39.495010772087966
2024-07-10,57.92680533751962,3.27136035761455,76.91008627463502,31.60685657910963,18.867924528301884,29.997923139493764,40.14560391447583,1.0,4,3,3,3,2,3,40.14560391447583
2024-07-11,57.92680533751962,3.189112329880154,77.9528101104836,31.60685657910963,18.867924528301884,32.030650618408856,40.54097182399017,1.0,4,3,3,3,2,3,40.54097182399017
2024-07-12,57.92680533751962,2.8226215859478154,77.52835184239869,31.60685657910963,18.867924528301884,36.05369797516318,40.78508675726216,1.0,4,3,3,3,2,3,40.78508675726216
2024-07-15,57.92680533751962,3.116118554608205,84.70436533247715,31.60685657910963,18.867924528301884,32.32411823149005,41.90603087464262,1.0,4,3,3,3,2,3,41.90603087464262
2024-07-16,57.92680533751962,3.2876712328767135,81.79864462873233,31.60685657910963,18.867924528301884,31.578934152290287,41.28467886162737,1.0,4,3,3,3,2,3,41.28467886162737
2024-07-17,57.92680533751962,4.047474132684115,79.97476501788711,31.60685657910963,18.867924528301884,26.00494363341022,40.514464467531795,1.0,4,3,3,3,2,3,40.514464467531795
2024-07-18,57.92680533751962,4.309907717270056,79.15846477436097,31.60685657910963,18.867924528301884,24.517692254497998,40.25496599785254,1.0,4,3,3,3,2,3,40.25496599785254
2024-07-19,57.92680533751962,4.1869424168694245,82.66080869230085,31.60685657910963,18.867924528301884,25.394136401530805,41.01848613606367,1.0,4,3,3,3,2,3,41.01848613606367
2024-07-22,57.92680533751962,3.8106820715516374,84.74755189374554,31.60685657910963,18.867924528301884,27.830468487006314,41.60421591583659,1.0,4,3,3,3,2,3,41.60421591583659
2024-07-23,57.92680533751962,3.080040526849041,84.97440949609263,31.60685657910963,18.867924528301884,32.65994959991557,41.98640723865643,1.0,4,3,3,3,2,3,41.98640723865643
2024-07-24,57.92680533751962,4.193254329990884,81.70414741043325,31.60685657910963,18.867924528301884,25.392609118229263,40.82826353398429,1.0,4,3,3,3,2,3,40.82826353398429
2024-07-25,57.92680533751962,4.475496152288375,79.98206114326388,31.60685657910963,18.867924528301884,24.217131401835534,40.422746873370535,1.0,4,3,3,3,2,3,40.422746873370535
2024-07-26,57.92680533751962,4.160340115396296,80.743971672578,31.60685657910963,18.867924528301884,25.824002465634894,40.67278487823488,1.0,4,3,3,3,2,3,40.67278487823488
2024-07-29,57.92680533751962,4.351345881400526,80.12067622403748,31.60685657910963,18.867924528301884,24.85015370466016,40.48894206563015,1.0,4,3,3,3,2,3,40.48894206563015
2024-07-30,57.92680533751962,4.795144157814871,80.53318412696254,31.60685657910963,18.867924528301884,21.396350553124886,40.31482298634451,1.0,4,3,3,3,2,3,40.31482298634451
2024-07-31,57.92680533751962,4.075647249190943,81.74865039926308,31.60685657910963,18.867924528301884,26.112230205317772,40.88560482429911,1.0,4,3,3,3,2,3,40.88560482429911
2024-08-01,57.92680533751962,4.610251744009708,81.5230723717311,31.60685657910963,18.867924528301884,23.633716269825825,40.69955872420728,1.0,4,3,3,3,2,3,40.69955872420728
2024-08-02,57.92680533751962,5.275924802910855,77.93261625951499,31.60685657910963,18.867924528301884,17.546479004683306,39.50587838703003,1.0,4,3,3,3,2,3,39.50587838703003
2024-08-05,57.92680533751962,6.587854905526928,73.9305390572667,31.60685657910963,18.867924528301884,11.502531009082965,38.36345416754355,1.0,4,3,3,3,2,3,38.36345416754355
2024-08-06,57.92680533751962,6.484848484848483,73.47632602823461,31.60685657910963,18.867924528301884,11.99570132012445,38.301327308705595,1.0,4,3,3,3,2,3,38.301327308705595
2024-08-07,57.92680533751962,7.331111784307787,67.21870367266148,31.60685657910963,18.867924528301884,10.39688478536055,37.059173844006445,1.0,4,3,3,3,2,3,37.059173844006445
2024-08-08,57.92680533751962,6.2891177064405435,71.0813183288024,31.60685657910963,18.867924528301884,12.579341515308261,37.84154363265595,1.0,4,3,3,3,2,3,37.84154363265595
2024-08-09,57.92680533751962,5.5706933091129285,77.46860081732633,31.60685657910963,18.867924528301884,15.592657895662684,39.27664688893065,1.0,4,3,3,3,2,3,39.27664688893065
2024-08-12,57.92680533751962,5.458030669895075,79.2007016873149,31.60685657910963,18.867924528301884,16.27371549636726,39.66864029515526,1.0,4,3,3,3,2,3,39.66864029515526
2024-08-13,57.92680533751962,5.103378719112453,79.41101868474428,31.60685657910963,18.867924528301884,18.693206452790022,39.88172240012688,1.0,4,3,3,3,2,3,39.88172240012688
2024-08-14,57.92680533751962,4.869933454325467,79.68261048861551,31.60685657910963,18.867924528301884,21.13979820875057,40.134010883539794,1.0,4,3,3,3,2,3,40.134010883539794
2024-08-15,57.92680533751962,4.676947888317709,76.62305838003375,31.60685657910963,18.867924528301884,22.781614216632757,39.647684949410106,1.0,4,3,3,3,2,3,39.647684949410106
2024-08-16,57.92680533751962,4.625151148730348,79.20389580975255,31.60685657910963,18.867924528301884,23.46057947115206,40.221389612888316,1.0,4,3,3,3,2,3,40.221389612888316
2024-08-19,57.92680533751962,4.53309156844968,79.5926225594369,31.60685657910963,18.867924528301884,23.98800481614757,40.333465581268605,1.0,4,3,3,3,2,3,40.333465581268605
2024-08-20,57.92680533751962,4.154078549848946,82.10665343825816,31.60685657910963,18.867924528301884,25.60352827647409,40.92202149934536,1.0,4,3,3,3,2,3,40.92202149934536
2024-08-21,57.92680533751962,3.7853619248968093,84.28812240543002,31.60685657910963,18.867924528301884,27.197138885062255,41.44393302864812,1.0,4,3,3,3,2,3,41.44393302864812
2024-08-22,57.92680533751962,4.539049919484702,80.32458741667807,31.60685657910963,18.867924528301884,23.969475204086898,40.47919726171778,1.0,4,3,3,3,2,3,40.47919726171778
2024-08-23,57.92680533751962,4.165408994868699,79.17804864455023,31.60685657910963,18.867924528301884,25.42414452627842,40.32062825458817,1.0,4,3,3,3,2,3,40.32062825458817
2024-08-26,57.92680533751962,4.304968819151078,83.52138699695234,31.60685657910963,18.867924528301884,25.407397019716516,41.21553313926887,1.0,4,3,3,3,2,3,41.21553313926887
2024-08-27,57.92680533751962,4.454499748617394,80.08010556469965,31.60685657910963,18.867924528301884,24.91407613937311,40.50785095067726,1.0,4,3,3,3,2,3,40.50785095067726
2024-08-28,57.92680533751962,4.734620024125454,77.59466949454449,31.60685657910963,18.867924528301884,24.24338753061657,39.99971893087218,1.0,4,3,3,3,2,3,39.99971893087218
2024-08-29,57.92680533751962,4.110139684453821,78.97213297190156,31.60685657910963,18.867924528301884,26.94862623821988,40.4208394291696,1.0,4,3,3,3,2,3,40.4208394291696
2024-08-30,57.92680533751962,3.56640546513964,78.77241310410437,31.60685657910963,18.867924528301884,29.868476373326462,40.56413362525799,1.0,4,3,3,3,2,3,40.56413362525799
2024-09-03,57.92680533751962,4.097619764989454,76.03410979647181,31.60685657910963,18.867924528301884,27.251772738414832,39.86104546021027,1.0,4,3,3,3,2,3,39.86104546021027
2024-09-04,57.92680533751962,3.6746987951807233,73.26662738700229,31.60685657910963,18.867924528301884,29.188572486206528,39.416644759133796,1.0,4,3,3,3,2,3,39.416644759133796
2024-09-05,57.92680533751962,3.2971996386630544,72.28054180625166,31.60685657910963,18.867924528301884,32.38618448027105,39.463689011086586,1.0,4,3,3,3,2,3,39.463689011086586
2024-09-06,57.92680533751962,3.451735902067029,70.228362187469,31.60685657910963,18.867924528301884,31.11535484161613,38.95707737614535,1.0,4,3,3,3,2,3,38.95707737614535
2024-09-09,57.92680533751962,4.047547396930485,70.25648286200567,31.60685657910963,18.867924528301884,28.149256360087932,38.78525396187256,1.0,4,3,3,3,2,3,38.78525396187256
2024-09-10,66.23884396525906,2.5872442839951866,77.9901613518602,29.10731244064577,20.370370370370374,34.68796238943882,42.54712226056363,1.0,4,3,3,3,2,3,42.54712226056363
2024-09-11,66.23884396525906,2.586466165413533,76.49216156954067,29.10731244064577,20.370370370370374,34.70176097595425,42.24874653903494,1.0,4,3,3,3,2,3,42.24874653903494
2024-09-12,66.23884396525906,2.4754459811585487,90.07549429540074,29.10731244064577,20.370370370370374,38.45006520172704,45.31803946993324,1.0,4,3,3,3,2,3,45.31803946993324
2024-09-13,66.23884396525906,2.47470193367398,89.08471181644394,29.10731244064577,20.370370370370374,38.47248529928134,45.12197617440039,1.0,4,3,3,3,2,3,45.12197617440039
2024-09-16,66.23884396525906,2.4038461538461524,89.32297771981125,29.10731244064577,20.370370370370374,38.055471903458596,45.11375685952601,1.0,4,3,3,3,2,3,45.11375685952601
2024-09-17,66.23884396525906,2.4632021628116547,89.07879644087674,29.10731244064577,20.370370370370374,32.578045093790315,44.52904912456539,1.0,4,3,3,3,2,3,44.52904912456539
2024-09-18,66.23884396525906,2.522522522522526,90.07705716488196,29.10731244064577,20.370370370370374,28.653570258308037,44.34811785776037,1.0,4,3,3,3,2,3,44.34811785776037
2024-09-19,66.23884396525906,2.4617232062443746,90.61226639923801,29.10731244064577,20.370370370370374,32.84915248323591,44.86255806386874,1.0,4,3,3,3,2,3,44.86255806386874
2024-09-20,66.23884396525906,2.450980392156858,91.28410788823045,29.10731244064577,20.370370370370374,33.60055475193646,45.06991802571978,1.0,4,3,3,3,2,3,45.06991802571978
2024-09-23,66.23884396525906,2.5802580258025802,92.13952353809086,29.10731244064577,20.370370370370374,30.699226969577236,44.976723904185086,1.0,4,3,3,3,2,3,44.976723904185086
2024-09-24,66.23884396525906,2.609478104379126,92.64119455954516,29.10731244064577,20.370370370370374,30.551744997462794,45.06815392697981,1.0,4,3,3,3,2,3,45.06815392697981
2024-09-25,66.23884396525906,2.578710644677662,92.7700923275678,29.10731244064577,20.370370370370374,31.17398884729236,45.150004373627,1.0,4,3,3,3,2,3,45.150004373627
2024-09-26,66.23884396525906,2.448041566746602,94.0264167913361,29.10731244064577,20.370370370370374,34.256667841210486,45.68340335018627,1.0,4,3,3,3,2,3,45.68340335018627
2024-09-27,66.23884396525906,2.4273299370692225,93.99736708011113,29.10731244064577,20.370370370370374,35.35714263046144,45.783498560930894,1.0,4,3,3,3,2,3,45.783498560930894
2024-09-30,66.23884396525906,2.396644697423607,94.12789660416595,29.10731244064577,20.370370370370374,38.48125928525412,46.11587908329199,1.0,4,3,3,3,2,3,46.11587908329199
2024-10-01,66.23884396525906,2.645502645502647,94.34692122195156,29.10731244064577,20.370370370370374,32.33084610678634,45.594414278618146,1.0,4,3,3,3,2,3,45.594414278618146
2024-10-02,66.23884396525906,2.574850299401195,93.46851232316537,29.10731244064577,20.370370370370374,33.17611888522065,45.48912930748405,1.0,4,3,3,3,2,3,45.48912930748405
2024-10-03,66.23884396525906,2.7137583557816995,94.31928302940365,29.10731244064577,20.370370370370374,32.05611484887444,45.575064656373186,1.0,4,3,3,3,2,3,45.575064656373186
2024-10-04,66.23884396525906,2.3937761819269916,94.45253331858078,29.10731244064577,20.370370370370374,38.00691547888673,46.1327983424389,1.0,4,3,3,3,2,3,46.1327983424389
2024-10-07,66.23884396525906,2.4827998803469935,93.94184959800688,29.10731244064577,20.370370370370374,36.46842355992173,45.89461714611162,1.0,4,3,3,3,2,3,45.89461714611162
2024-10-08,66.23884396525906,2.352472089314195,93.34463193517082,29.10731244064577,20.370370370370374,38.08495093030426,45.9107607923761,1.0,4,3,3,3,2,3,45.9107607923761
2024-10-09,66.23884396525906,2.331838565022422,96.56061911669663,29.10731244064577,20.370370370370374,37.77712342540313,46.5190487733328,1.0,4,3,3,3,2,3,46.5190487733328
2024-10-10,66.23884396525906,2.3809523809523765,96.77892616882852,29.10731244064577,20.370370370370374,33.27114094399826,46.12193469880467,1.0,4,3,3,3,2,3,46.12193469880467
2024-10-11,66.23884396525906,2.38024101185141,97.48843271286263,29.10731244064577,20.370370370370374,33.90079454313621,46.3266590937051,1.0,4,3,3,3,2,3,46.3266590937051
2024-10-14,66.23884396525906,2.379530067702111,97.4940171188957,29.10731244064577,20.370370370370374,34.578213416705886,46.39537567343882,1.0,4,3,3,3,2,3,46.39537567343882
2024-10-15,66.23884396525906,2.5082114063899668,98.39284236735692,29.10731244064577,20.370370370370374,31.728662478978826,46.31592189709593,1.0,4,3,3,3,2,3,46.31592189709593
2024-10-16,66.23884396525906,2.467661691542285,98.28224779398869,29.10731244064577,20.370370370370374,32.52213178800857,46.365039970355724,1.0,4,3,3,3,2,3,46.365039970355724
2024-10-17,66.23884396525906,2.437083457674323,98.04572236844277,29.10731244064577,20.370370370370374,34.10725692895306,46.4701317525674,1.0,4,3,3,3,2,3,46.4701317525674
2024-10-18,66.23884396525906,2.5258552108194094,98.33929975078303,29.10731244064577,20.370370370370374,32.363924633697344,46.37226835013889,1.0,4,3,3,3,2,3,46.37226835013889
2024-10-21,66.23884396525906,2.6245153593796604,98.28267017462112,29.10731244064577,20.370370370370374,31.230816950198133,46.26736369626864,1.0,4,3,3,3,2,3,46.26736369626864
2024-10-22,66.23884396525906,2.494533889882729,99.08478138353924,29.10731244064577,20.370370370370374,34.670633461340714,46.74577129526713,1.0,4,3,3,3,2,3,46.74577129526713
2024-10-23,66.23884396525906,2.6924987580725257,98.69473463011258,29.10731244064577,20.370370370370374,31.27407350625274,46.36769892271097,1.0,4,3,3,3,2,3,46.36769892271097
2024-10-24,66.23884396525906,2.582439411998412,98.82840262564443,29.10731244064577,20.370370370370374,32.70826865229973,46.51584016720721,1.0,4,3,3,3,2,3,46.51584016720721
2024-10-25,66.23884396525906,2.7107536490914534,98.84431321968131,29.10731244064577,20.370370370370374,31.496336725257272,46.42349194072895,1.0,4,3,3,3,2,3,46.42349194072895
2024-10-28,66.23884396525906,2.789358745284894,98.78867234351927,29.10731244064577,20.370370370370374,30.289484025817288,46.307399514791236,1.0,4,3,3,3,2,3,46.307399514791236
2024-10-29,66.23884396525906,2.738910389997025,98.94897898661235,29.10731244064577,20.370370370370374,31.465755788978537,46.4469983486684,1.0,4,3,3,3,2,3,46.4469983486684
2024-10-30,66.23884396525906,2.5793650793650773,98.82394156820389,29.10731244064577,20.370370370370374,32.97066453382128,46.5405726773446,1.0,4,3,3,3,2,3,46.5405726773446
2024-10-31,66.23884396525906,3.114152533968062,97.69355429124845,29.10731244064577,20.370370370370374,24.92839364337961,45.61722562382993,1.0,4,3,3,3,2,3,45.61722562382993
2024-11-01,66.23884396525906,2.974419988102321,97.68493670369823,29.10731244064577,20.370370370370374,27.900675856614303,45.88478381847021,1.0,4,3,3,3,2,3,45.88478381847021
2024-11-04,66.23884396525906,3.0330062444246186,97.63490699045583,29.10731244064577,20.370370370370374,27.325646774942765,45.82899221891903,1.0,4,3,3,3,2,3,45.82899221891903
2024-11-05,66.23884396525906,2.8735632183908026,97.71500033694275,29.10731244064577,20.370370370370374,30.02740032303582,46.083297637818966,1.0,4,3,3,3,2,3,46.083297637818966
2024-11-06,66.23884396525906,2.2585438335809798,98.83739269674146,29.10731244064577,20.370370370370374,38.03604632312103,46.985636832825264,1.0,4,3,3,3,2,3,46.985636832825264
2024-11-07,66.23884396525906,2.1588433353139242,99.34179322816097,29.10731244064577,20.370370370370374,37.91786156470865,47.05475836361451,1.0,4,3,3,3,2,3,47.05475836361451
2024-11-08,66.23884396525906,2.0889020889020893,98.74858838073295,29.10731244064577,20.370370370370374,37.88430250299677,46.91877323867536,1.0,4,3,3,3,2,3,46.91877323867536
2024-11-11,66.23884396525906,2.117973079968331,98.74908995282004,29.10731244064577,20.370370370370374,36.62719146555669,46.798976647562014,1.0,4,3,3,3,2,3,46.798976647562014
2024-11-12,66.23884396525906,2.0777678836449986,98.65505178843918,29.10731244064577,20.370370370370374,37.70327570751014,46.879736399616526,1.0,4,3,3,3,2,3,46.879736399616526
2024-11-13,66.23884396525906,2.077151335311574,98.25486193208214,29.10731244064577,20.370370370370374,37.65119458033063,46.794367005960474,1.0,4,3,3,3,2,3,46.794367005960474
2024-11-14,66.23884396525906,2.2644121427865094,97.88492532620928,29.10731244064577,20.370370370370374,33.101938584474624,46.302906246695294,1.0,4,3,3,3,2,3,46.302906246695294
2024-11-15,66.23884396525906,2.3922499011466996,98.14678080485962,29.10731244064577,20.370370370370374,28.600603986229885,45.93071143427292,1.0,4,3,3,3,2,3,45.93071143427292
2024-11-18,66.23884396525906,2.352011068287381,97.99333905072113,29.10731244064577,20.370370370370374,31.0049109596026,46.13240601421064,1.0,4,3,3,3,2,3,46.13240601421064
2024-11-19,66.23884396525906,2.2130013831258637,97.924327901438,29.10731244064577,20.370370370370374,35.220716277842264,46.51238237914568,1.0,4,3,3,3,2,3,46.51238237914568
2024-11-20,66.23884396525906,1.9950617283950607,97.80999710025145,29.10731244064577,20.370370370370374,37.25800781347012,46.64965744152499,1.0,4,3,3,3,2,3,46.64965744152499
2024-11-21,66.23884396525906,1.885860979462876,97.70465020990352,29.10731244064577,20.370370370370374,37.27141368374651,46.6080885006966,1.0,4,3,3,3,2,3,46.6080885006966
2024-11-22,66.23884396525906,1.91491461849768,97.85791298301288,29.10731244064577,20.370370370370374,36.0283154925491,46.5202419640057,1.0,4,3,3,3,2,3,46.5202419640057
2024-11-25,66.23884396525906,2.328794158279061,97.40689992458918,29.10731244064577,20.370370370370374,30.406412163667984,45.95062492738912,1.0,4,3,3,3,2,3,45.95062492738912
2024-11-26,66.23884396525906,2.1209430798066475,97.29123657366505,29.10731244064577,20.370370370370374,33.7334112601237,46.218621951155384,1.0,4,3,3,3,2,3,46.218621951155384
2024-11-27,66.23884396525906,2.642998027613412,97.00368673009096,29.10731244064577,20.370370370370374,23.860319622748463,45.2782138082644,1.0,4,3,3,3,2,3,45.2782138082644
2024-11-29,66.23884396525906,2.5633441782510107,97.32626809592188,29.10731244064577,20.370370370370374,25.83734881628809,45.524502230912056,1.0,4,3,3,3,2,3,45.524502230912056
2024-12-02,66.23884396525906,2.710427754780205,95.83300440795738,29.10731244064577,20.370370370370374,22.497666942848586,44.921298021281046,1.0,4,3,3,3,2,3,44.921298021281046
2024-12-03,66.23884396525906,2.670213814168883,96.10829828141574,29.10731244064577,20.370370370370374,23.951744088562975,45.1137217224219,1.0,4,3,3,3,2,3,45.1137217224219
2024-12-04,66.23884396525906,2.354215918045703,96.73069207838974,29.10731244064577,20.370370370370374,29.51766238244828,45.73159273198059,1.0,4,3,3,3,2,3,45.73159273198059
2024-12-05,66.23884396525906,2.5307730182176247,97.09772820131684,29.10731244064577,20.370370370370374,27.12297348008527,45.600842486364094,1.0,4,3,3,3,2,3,45.600842486364094
2024-12-06,66.23884396525906,1.9688915140775753,98.73863161274701,29.10731244064577,20.370370370370374,34.1202599193574,46.51637551174934,1.0,4,3,3,3,2,3,46.51637551174934
2024-12-09,66.23884396525906,2.1257750221434875,98.89036022846015,29.10731244064577,20.370370370370374,38.62198954056379,47.02827089862578,1.0,4,3,3,3,2,3,47.02827089862578
2024-12-10,70.37284610814024,3.3746556473829217,96.70883376761948,37.57575757575757,21.818181818181813,21.418067389733327,47.569897967190684,1.0,4,3,3,3,2,3,47.569897967190684
2024-12-11,70.37284610814024,3.304809678371201,94.03260002365205,37.57575757575757,21.818181818181813,22.498102127797534,47.12868549840128,1.0,4,3,3,3,2,3,47.12868549840128
2024-12-12,70.37284610814024,3.7659783677482794,93.33514594937694,37.57575757575757,21.818181818181813,18.92062171088159,46.72368037973007,1.0,4,3,3,3,2,3,46.72368037973007
2024-12-13,70.37284610814024,3.902486975326843,92.50544240600392,37.57575757575757,21.818181818181813,18.504420308158622,46.54342125229889,1.0,4,3,3,3,2,3,46.54342125229889
2024-12-16,70.37284610814024,4.058569182389937,88.53293667151554,37.57575757575757,21.818181818181813,17.0586382964758,45.63555834564555,1.0,4,3,3,3,2,3,45.63555834564555
2024-12-17,70.37284610814024,4.194911091462816,85.68037742976712,37.57575757575757,21.818181818181813,16.35372326215114,45.021823375677975,1.0,4,3,3,3,2,3,45.021823375677975
2024-12-18,70.37284610814024,4.478491455509722,84.45743514684739,37.57575757575757,21.818181818181813,14.333623664349693,44.631941032123265,1.0,4,3,3,3,2,3,44.631941032123265
2024-12-19,70.37284610814024,4.329896907216498,88.69713838364348,37.57575757575757,21.818181818181813,15.513352768032226,45.56813568019209,1.0,4,3,3,3,2,3,45.56813568019209
2024-12-20,70.37284610814024,4.220651747153514,88.89931412269956,37.57575757575757,21.818181818181813,15.976994736858668,45.633085992873355,1.0,4,3,3,3,2,3,45.633085992873355
2024-12-23,70.37284610814024,4.327347659699732,88.84024390973994,37.57575757575757,21.818181818181813,15.84638468226564,45.62955012733138,1.0,4,3,3,3,2,3,45.62955012733138
2024-12-24,70.37284610814024,4.041593093976851,90.50395476108736,37.57575757575757,21.818181818181813,17.15188366582295,46.03569128281201,1.0,4,3,3,3,2,3,46.03569128281201
2024-12-26,70.37284610814024,4.030597234480734,89.50684477102804,37.57575757575757,21.818181818181813,17.420238429876655,45.86090558930629,1.0,4,3,3,3,2,3,45.86090558930629
2024-12-27,70.37284610814024,4.421568627450978,86.87283838960488,37.57575757575757,21.818181818181813,15.606254538952937,45.23090020252334,1.0,4,3,3,3,2,3,45.23090020252334
2024-12-30,70.37284610814024,4.596687248848378,84.64932891289618,37.57575757575757,21.818181818181813,14.810325226491338,44.74162910021492,1.0,4,3,3,3,2,3,44.74162910021492
2024-12-31,70.37284610814024,4.634528708602781,85.68294308864671,37.57575757575757,21.818181818181813,14.895278594364642,44.964415564103234,1.0,4,3,3,3,2,3,44.964415564103234
2025-01-02,70.37284610814024,4.682143206974235,84.9827758463613,37.57575757575757,21.818181818181813,14.749544156105236,44.81933157149451,1.0,4,3,3,3,2,3,44.81933157149451
2025-01-03,70.37284610814024,4.661182922052487,84.56326685044053,37.57575757575757,21.818181818181813,15.154057728151674,44.77168907253064,1.0,4,3,3,3,2,3,44.77168907253064
2025-01-06,70.37284610814024,4.7479197258932935,83.1542750906138,37.57575757575757,21.818181818181813,15.445521366705986,44.53638444518889,1.0,4,3,3,3,2,3,44.53638444518889
2025-01-07,70.37284610814024,4.90311215502055,82.8346169281949,37.57575757575757,21.818181818181813,13.884986063681268,44.34743776822809,1.0,4,3,3,3,2,3,44.34743776822809
2025-01-08,70.37284610814024,4.872321690636924,83.93873735698098,37.57575757575757,21.818181818181813,14.654689540389432,44.6390741087794,1.0,4,3,3,3,2,3,44.6390741087794
2025-01-10,70.37284610814024,5.741392801251955,70.8641846055818,37.57575757575757,21.818181818181813,11.032902584236954,41.835799085007324,1.0,4,3,3,3,2,3,41.835799085007324
2025-01-13,70.37284610814024,5.886379192334016,69.08538475231848,37.57575757575757,21.818181818181813,10.937070518177865,41.49945318596516,1.0,4,3,3,3,2,3,41.49945318596516
2025-01-14,70.37284610814024,5.4740957966764405,74.10018140798574,37.57575757575757,21.818181818181813,11.40292543726403,42.46654132987571,1.0,4,3,3,3,2,3,42.46654132987571
2025-01-15,70.37284610814024,5.208638717873545,75.07892868342235,37.57575757575757,21.818181818181813,11.959911991975885,42.66489802467364,1.0,4,3,3,3,2,3,42.66489802467364
2025-01-16,70.37284610814024,5.099648300117235,76.92678178871274,37.57575757575757,21.818181818181813,12.394151631080897,43.05609452609096,1.0,4,3,3,3,2,3,43.05609452609096
2025-01-17,70.37284610814024,5.020021486473288,77.77035769497856,37.57575757575757,21.818181818181813,12.701687286442645,43.23963791015151,1.0,4,3,3,3,2,3,43.23963791015151
2025-01-21,70.37284610814024,3.94454208162468,88.58955550224215,37.57575757575757,21.818181818181813,15.237646147301989,45.44197747672044,1.0,4,3,3,3,2,3,45.44197747672044
2025-01-22,70.37284610814024,3.006344558321132,93.58342732300798,37.57575757575757,21.818181818181813,24.73352910563794,47.20270063204649,1.0,4,3,3,3,2,3,47.20270063204649
2025-01-23,70.37284610814024,2.88836846213895,94.06326536489206,37.57575757575757,21.818181818181813,27.292993513779145,47.531019462001,1.0,4,3,3,3,2,3,47.531019462001
2025-01-24,70.37284610814024,3.1314018144571243,92.6292851654508,37.57575757575757,21.818181818181813,24.029098667814484,46.966440607979905,1.0,4,3,3,3,2,3,46.966440607979905
2025-01-27,70.37284610814024,5.402769650867956,67.84429829737093,37.57575757575757,21.818181818181813,5.533905513311721,40.61419748619581,1.0,4,3,3,3,2,3,40.61419748619581
2025-01-28,70.37284610814024,4.933216340060445,74.96095409649884,37.57575757575757,21.818181818181813,6.933410444505323,42.083568476979266,1.0,4,3,3,3,2,3,42.083568476979266
2025-01-29,70.37284610814024,5.087719298245611,72.92858943141694,37.57575757575757,21.818181818181813,6.440658786986113,41.658720969848,1.0,4,3,3,3,2,3,41.658720969848
2025-01-30,70.37284610814024,4.267757965507157,82.96102713457645,37.57575757575757,21.818181818181813,9.577755298341426,43.81492589506774,1.0,4,3,3,3,2,3,43.81492589506774
2025-01-31,70.37284610814024,4.334697058250536,82.17658653482415,37.57575757575757,21.818181818181813,9.420875043845523,43.65573756821636,1.0,4,3,3,3,2,3,43.65573756821636
2025-02-03,70.37284610814024,4.654786249878273,80.86119751097289,37.57575757575757,21.818181818181813,8.63702782134141,43.37829287952125,1.0,4,3,3,3,2,3,43.37829287952125
2025-02-04,70.37284610814024,4.72157320872274,78.53707737829323,37.57575757575757,21.818181818181813,8.514595306262123,42.914582993246285,1.0,4,3,3,3,2,3,42.914582993246285
2025-02-05,70.37284610814024,4.145985401459851,83.78671765363457,37.57575757575757,21.818181818181813,10.691508027788538,44.06708475901461,1.0,4,3,3,3,2,3,44.06708475901461
2025-02-06,70.37284610814024,4.076668612570541,84.20523543974237,37.57575757575757,21.818181818181813,11.169262509178278,44.18470040659729,1.0,4,3,3,3,2,3,44.18470040659729
2025-02-07,70.37284610814024,3.910125474175663,86.26410134261691,37.57575757575757,21.818181818181813,12.782175661417455,44.72445627471714,1.0,4,3,3,3,2,3,44.72445627471714
2025-02-10,70.37284610814024,3.3352781019058697,88.37385237283519,37.57575757575757,21.818181818181813,17.428902313748488,45.496109671539934,1.0,4,3,3,3,2,3,45.496109671539934
2025-02-11,70.37284610814024,3.5578885972586773,85.59362786826162,37.57575757575757,21.818181818181813,15.791377723384533,44.82083441065939,1.0,4,3,3,3,2,3,44.82083441065939
2025-02-12,70.37284610814024,4.188532555879495,80.69367825374448,37.57575757575757,21.818181818181813,11.308276335936036,43.51866314073527,1.0,4,3,3,3,2,3,43.51866314073527
2025-02-13,70.37284610814024,4.012435635869038,82.5947764357378,37.57575757575757,21.818181818181813,12.475441869579077,43.98037994649615,1.0,4,3,3,3,2,3,43.98037994649615
2025-02-14,70.37284610814024,4.001554001554001,82.10644030940321,37.57575757575757,21.818181818181813,12.71653592398291,43.9046457998066,1.0,4,3,3,3,2,3,43.9046457998066
2025-02-18,70.37284610814024,3.291581706961836,87.55622986767901,37.57575757575757,21.818181818181813,18.355307748317184,45.41648643497676,1.0,4,3,3,3,2,3,45.41648643497676
2025-02-19,70.37284610814024,3.2420889147738294,88.80133535680753,37.57575757575757,21.818181818181813,20.016388949432343,45.82171709447638,1.0,4,3,3,3,2,3,45.82171709447638
2025-02-20,70.37284610814024,3.852498786996602,87.42897593560096,37.57575757575757,21.818181818181813,14.253815822256888,45.09306987196208,1.0,4,3,3,3,2,3,45.09306987196208
2025-02-21,70.37284610814024,5.064027939464491,80.11534620385424,37.57575757575757,21.818181818181813,8.262202803122056,43.27348845419282,1.0,4,3,3,3,2,3,43.27348845419282
2025-02-24,70.37284610814024,4.66492095819998,83.55459406733229,37.57575757575757,21.818181818181813,9.34576263203451,43.989872613526785,1.0,4,3,3,3,2,3,43.989872613526785
2025-02-25,70.37284610814024,5.012604227263914,82.2826626504945,37.57575757575757,21.818181818181813,8.63719348764101,43.734166069532655,1.0,4,3,3,3,2,3,43.734166069532655
2025-02-26,70.37284610814024,4.274498400697876,82.5299516919098,37.57575757575757,21.818181818181813,11.132003854301846,43.88548374916859,1.0,4,3,3,3,2,3,43.88548374916859
2025-02-27,70.37284610814024,5.436046511627909,75.79373242251071,37.57575757575757,21.818181818181813,6.997030869021903,42.35705221894679,1.0,4,3,3,3,2,3,42.35705221894679
2025-02-28,70.37284610814024,5.327908553715003,76.32088643901054,37.57575757575757,21.818181818181813,7.528570114539225,42.4940093552159,1.0,4,3,3,3,2,3,42.4940093552159
2025-03-03,70.37284610814024,5.679837303893088,72.59556818014067,37.57575757575757,21.818181818181813,6.23988647639189,41.69046308966281,1.0,4,3,3,3,2,3,41.69046308966281
2025-03-04,70.37284610814024,6.215509729886726,65.11609597914455,37.57575757575757,21.818181818181813,5.030971104453306,40.180811597468455,1.0,4,3,3,3,2,3,40.180811597468455
2025-03-05,70.37284610814024,5.7491289198606275,68.75674790753989,37.57575757575757,21.818181818181813,6.149600888477896,40.92752879954477,1.0,4,3,3,3,2,3,40.92752879954477
2025-03-06,70.37284610814024,7.334300919206578,56.04573296141099,37.57575757575757,21.818181818181813,3.186705578332912,38.40607067917368,1.0,4,3,3,3,2,3,38.40607067917368
2025-03-07,70.37284610814024,6.587347649448634,60.24300194655737,37.57575757575757,21.818181818181813,4.458844670856713,39.22334773150374,1.0,4,3,3,3,2,3,39.22334773150374
2025-03-10,70.37284610814024,7.629823034522771,55.45654175510932,37.57575757575757,21.818181818181813,2.779563907201346,38.30662269386343,1.0,4,3,3,3,2,3,38.30662269386343
2025-03-11,66.31688963210702,9.396751740139212,48.31884694404181,21.582892416225754,23.214285714285715,2.065496984189128,33.8877542771443,1.0,4,3,3,3,2,3,33.8877542771443
2025-03-12,66.31688963210702,7.86701459360201,57.815067639368145,21.582892416225754,23.214285714285715,3.1832667509889436,35.59282796358211,1.0,4,3,3,3,2,3,35.59282796358211
2025-03-13,66.31688963210702,8.550724637681158,46.32345113038315,21.582892416225754,23.214285714285715,2.497167918625451,33.3626367873646,1.0,4,3,3,3,2,3,33.3626367873646
2025-03-14,66.31688963210702,8.200521587945524,43.38810325512146,21.582892416225754,23.214285714285715,3.068927587828189,32.7627025692854,1.0,4,3,3,3,2,3,32.7627025692854
2025-03-17,66.31688963210702,7.502896871378913,46.62555182987361,21.582892416225754,23.214285714285715,4.302643737002685,33.39403895583997,1.0,4,3,3,3,2,3,33.39403895583997
2025-03-18,66.31688963210702,8.195771792644075,43.76152116469005,21.582892416225754,23.214285714285715,3.049058073053832,32.8344492406614,1.0,4,3,3,3,2,3,32.8344492406614
2025-03-19,66.31688963210702,7.701215981470759,42.739853989578705,21.582892416225754,23.214285714285715,3.8404940247794874,32.61034823857703,1.0,4,3,3,3,2,3,32.61034823857703
2025-03-20,66.31688963210702,7.650747708634831,44.182978337758165,21.582892416225754,23.214285714285715,3.9566833599441416,32.90049838716221,1.0,4,3,3,3,2,3,32.90049838716221
2025-03-21,66.31688963210702,7.773919753086418,43.07392897835947,21.582892416225754,23.214285714285715,3.80275853043111,32.68793044122148,1.0,4,3,3,3,2,3,32.68793044122148
2025-03-24,66.31688963210702,7.443833767235559,42.92668768263428,21.582892416225754,23.214285714285715,4.711322635766732,32.68332139543983,1.0,4,3,3,3,2,3,32.68332139543983
2025-03-25,66.31688963210702,7.576633892423364,42.02480686640635,21.582892416225754,23.214285714285715,4.385869286837662,32.4969599223389,1.0,4,3,3,3,2,3,32.4969599223389
2025-03-26,66.31688963210702,8.750120458706752,39.119446653242804,21.582892416225754,23.214285714285715,2.6475650688854855,31.976754771167652,1.0,4,3,3,3,2,3,31.976754771167652
2025-03-27,66.31688963210702,9.248554913294797,39.426968221590066,21.582892416225754,23.214285714285715,2.404068421781495,32.11359631104431,1.0,4,3,3,3,2,3,32.11359631104431
2025-03-28,66.31688963210702,10.632765096792836,36.61429335471951,21.582892416225754,23.214285714285715,1.8274513126752379,31.770241663459185,1.0,4,3,3,3,2,3,31.770241663459185
2025-03-31,66.31688963210702,10.841517427305988,36.5256474822675,21.582892416225754,23.214285714285715,1.727782991194252,31.784296122923315,1.0,4,3,3,3,2,3,31.784296122923315
2025-04-01,66.31688963210702,10.347482914621239,35.63659742675169,21.582892416225754,23.214285714285715,1.9431001311341956,31.529210923277198,1.0,4,3,3,3,2,3,31.529210923277198
2025-04-02,66.31688963210702,9.228252501924562,35.87767453546596,21.582892416225754,23.214285714285715,2.3732398851269014,31.396594237879984,1.0,4,3,3,3,2,3,31.396594237879984
2025-04-03,66.31688963210702,11.8999518999519,36.13759379672123,21.582892416225754,23.214285714285715,1.7250236720612229,31.918096348429938,1.0,4,3,3,3,2,3,31.918096348429938
2025-04-04,66.31688963210702,16.137718792075404,30.533219969295793,21.582892416225754,23.214285714285715,1.3077048410162202,31.603043078265053,1.0,4,3,3,3,2,3,31.603043078265053
2025-04-07,66.31688963210702,16.613787135852323,33.40468394403604,21.582892416225754,23.214285714285715,1.2713033822637168,32.268909396093235,1.0,4,3,3,3,2,3,32.268909396093235
2025-04-08,66.31688963210702,17.73356401384083,29.23241068459996,21.582892416225754,23.214285714285715,1.1724077394793198,31.64852055552528,1.0,4,3,3,3,2,3,31.64852055552528
2025-04-09,66.31688963210702,10.95416546555203,26.69745140726404,21.582892416225754,23.214285714285715,2.189363999102417,29.887344616362647,1.0,4,3,3,3,2,3,29.887344616362647
2025-04-10,66.31688963210702,13.439000960614797,29.848741625380153,21.582892416225754,23.214285714285715,2.0195679287791766,30.997590151966104,1.0,4,3,3,3,2,3,30.997590151966104
2025-04-11,66.31688963210702,14.001728608470184,26.393458256711195,21.582892416225754,23.214285714285715,2.2984672647290743,30.446968941398374,1.0,4,3,3,3,2,3,30.446968941398374
2025-04-14,66.31688963210702,12.807219662058374,27.596738178795597,21.582892416225754,23.214285714285715,2.4412484145778564,30.46300125151777,1.0,4,3,3,3,2,3,30.46300125151777
2025-04-15,66.31688963210702,13.24503311258278,30.684209580466376,21.582892416225754,23.214285714285715,2.4311594364655282,31.167049324145577,1.0,4,3,3,3,2,3,31.167049324145577
2025-04-16,66.31688963210702,15.428900402993664,29.910046712524558,21.582892416225754,23.214285714285715,2.033319695846488,31.40920623457749,1.0,4,3,3,3,2,3,31.40920623457749
2025-04-17,66.31688963210702,16.115107913669068,29.986158999388163,21.582892416225754,23.214285714285715,1.9878403144601902,31.55712225594666,1.0,4,3,3,3,2,3,31.55712225594666
2025-04-21,66.31688963210702,18.738013041810508,29.776561841277378,21.582892416225754,23.214285714285715,1.6896018955013377,32.0099600080569,1.0,4,3,3,3,2,3,32.0099600080569
2025-04-22,66.31688963210702,16.738567730802416,30.473186574510606,21.582892416225754,23.214285714285715,1.912204993453454,31.771656202297144,1.0,4,3,3,3,2,3,31.771656202297144
2025-04-23,66.31688963210702,14.500670883649605,32.490320271205405,21.582892416225754,23.214285714285715,2.0330277774523333,31.739585850605426,1.0,4,3,3,3,2,3,31.739585850605426
2025-04-24,66.31688963210702,11.689182715339658,34.579354856950694,21.582892416225754,23.214285714285715,2.3108609749394984,31.622878453841214,1.0,4,3,3,3,2,3,31.622878453841214
2025-04-25,66.31688963210702,11.38888888888889,32.09319692875661,21.582892416225754,23.214285714285715,2.3806946055156293,31.072571465969858,1.0,4,3,3,3,2,3,31.072571465969858
2025-04-28,66.31688963210702,10.74403906923298,32.158161294991594,21.582892416225754,23.214285714285715,2.611503991861905,30.979675313920296,1.0,4,3,3,3,2,3,30.979675313920296
2025-04-29,66.31688963210702,10.67394217882443,30.030984433405557,21.582892416225754,23.214285714285715,2.7895019597711164,30.558020360312298,1.0,4,3,3,3,2,3,30.558020360312298
2025-04-30,66.31688963210702,10.718729064982295,28.785122482807306,21.582892416225754,23.214285714285715,2.798171731379116,30.318672324585027,1.0,4,3,3,3,2,3,30.318672324585027
2025-05-01,66.31688963210702,9.280520474550325,33.320395179267976,21.582892416225754,23.214285714285715,3.384161838071779,30.99668415646003,1.0,4,3,3,3,2,3,30.99668415646003
2025-05-02,66.31688963210702,8.043998087039695,40.13446071809583,21.582892416225754,23.214285714285715,4.320390315141118,32.20581563443041,1.0,4,3,3,3,2,3,32.20581563443041
2025-05-05,66.31688963210702,8.347676419965573,33.52852059919726,21.582892416225754,23.214285714285715,3.934953688716092,30.906819614593367,1.0,4,3,3,3,2,3,30.906819614593367
2025-05-06,66.31688963210702,8.765892362106875,28.83558719406496,21.582892416225754,23.214285714285715,3.5318697301767568,30.011567726141234,1.0,4,3,3,3,2,3,30.011567726141234
2025-05-07,66.31688963210702,8.323776758409789,28.369792210475858,21.582892416225754,23.214285714285715,4.021337473512085,29.878932383017528,1.0,4,3,3,3,2,3,29.878932383017528
2025-05-08,66.31688963210702,8.149421992930165,24.56918803513215,21.582892416225754,23.214285714285715,4.207939592274505,29.102600806729104,1.0,4,3,3,3,2,3,29.102600806729104
2025-05-09,66.31688963210702,8.147086914995223,33.844817387795196,21.582892416225754,23.214285714285715,4.268813802570925,30.96334708270437,1.0,4,3,3,3,2,3,30.96334708270437
2025-05-12,66.31688963210702,7.151723479423278,33.004800112720645,21.582892416225754,23.214285714285715,6.169913953695308,30.78638095568751,1.0,4,3,3,3,2,3,30.78638095568751
2025-05-13,66.31688963210702,6.28102329133257,37.33448388170473,21.582892416225754,23.214285714285715,7.432920612809083,31.60447833777756,1.0,4,3,3,3,2,3,31.60447833777756
2025-05-14,66.31688963210702,6.193339059070521,37.31185251476097,21.582892416225754,23.214285714285715,7.635631597296653,31.602686316385153,1.0,4,3,3,3,2,3,31.602686316385153
2025-05-15,66.31688963210702,6.916618965846211,32.098874519850526,21.582892416225754,23.214285714285715,6.815241163756366,30.622707655404177,1.0,4,3,3,3,2,3,30.622707655404177
2025-05-16,66.31688963210702,6.695278969957082,27.584787563440333,21.582892416225754,23.214285714285715,7.108942748572041,29.704992423425878,1.0,4,3,3,3,2,3,29.704992423425878
2025-05-19,66.31688963210702,6.893592677345535,25.112917476420034,21.582892416225754,23.214285714285715,6.926663616699763,29.232053234312282,1.0,4,3,3,3,2,3,29.232053234312282
2025-05-20,66.31688963210702,6.7581736726718145,22.217248906845253,21.582892416225754,23.214285714285715,7.120847935792739,28.645254151371876,1.0,4,3,3,3,2,3,28.645254151371876
2025-05-21,66.31688963210702,7.356584715075281,21.256677301560146,21.582892416225754,23.214285714285715,6.336080290240688,28.494345274240345,1.0,4,3,3,3,2,3,28.494345274240345
2025-05-22,66.31688963210702,7.287796513289509,22.888056387046554,21.582892416225754,23.214285714285715,6.536753757372731,28.826930797693677,1.0,4,3,3,3,2,3,28.826930797693677
2025-05-23,66.31688963210702,7.457142857142858,25.646793237748653,21.582892416225754,23.214285714285715,6.214461715888482,29.380318232456343,1.0,4,3,3,3,2,3,29.380318232456343
2025-05-27,66.31688963210702,6.417214129296389,29.932152825414875,21.582892416225754,23.214285714285715,7.60803162384343,30.16876139521579,1.0,4,3,3,3,2,3,30.16876139521579
2025-05-28,66.31688963210702,6.053683609366079,33.720230753783056,21.582892416225754,23.214285714285715,8.237781751523181,30.916645889671333,1.0,4,3,3,3,2,3,30.916645889671333
2025-05-29,66.31688963210702,6.2422685317347035,32.910897800325806,21.582892416225754,23.214285714285715,8.064359066965292,30.77515401499782,1.0,4,3,3,3,2,3,30.77515401499782
2025-05-30,66.31688963210702,5.774353120243533,37.628891550462946,21.582892416225754,23.214285714285715,9.031294820002389,31.721863258030726,1.0,4,3,3,3,2,3,31.721863258030726
2025-06-02,66.31688963210702,5.620542082738944,40.07357541500545,21.582892416225754,23.214285714285715,9.53470571589448,32.23037891302752,1.0,4,3,3,3,2,3,32.23037891302752
2025-06-03,66.31688963210702,5.352728655637954,51.358103945840426,21.582892416225754,23.214285714285715,10.896532378691347,34.569904600054,1.0,4,3,3,3,2,3,34.569904600054
2025-06-04,66.31688963210702,5.503279155973765,48.99962174444763,21.582892416225754,23.214285714285715,10.341404704495922,34.072805492423065,1.0,4,3,3,3,2,3,34.072805492423065
2025-06-05,66.31688963210702,5.112124667426835,53.641958108850275,21.582892416225754,23.214285714285715,12.460132619772002,35.13491465912182,1.0,4,3,3,3,2,3,35.13491465912182
2025-06-06,66.31688963210702,4.683195592286501,56.40972713873346,21.582892416225754,23.214285714285715,14.612642342250922,35.81793362231827,1.0,4,3,3,3,2,3,35.81793362231827
2025-06-09,66.31688963210702,4.169040835707505,57.56370577533217,21.582892416225754,23.214285714285715,18.021761121675205,36.286810276264646,1.0,4,3,3,3,2,3,36.286810276264646
2025-06-10,66.31688963210702,4.120383556441661,57.21785496568178,21.582892416225754,23.214285714285715,18.405825849768576,36.24631513129073,1.0,4,3,3,3,2,3,36.24631513129073
2025-06-11,66.31688963210702,4.365983295368262,56.78775760422222,21.582892416225754,23.214285714285715,17.433042440498948,36.11213726585718,1.0,4,3,3,3,2,3,36.11213726585718
2025-06-12,72.3158131176999,2.561912894961571,78.97985935689805,15.130249867091973,21.92982456140351,33.46834907439604,42.19666257344065,1.0,4,3,3,3,2,3,42.19666257344065
2025-06-13,72.3158131176999,1.8212862834376768,91.43786143556834,15.130249867091973,21.92982456140351,33.89590029658109,44.58289278908843,1.0,4,3,3,3,2,3,44.58289278908843
2025-06-16,72.3158131176999,2.1431958274063523,81.30447592532573,15.130249867091973,21.92982456140351,28.948987161883977,42.12590628236394,1.0,4,3,3,3,2,3,42.12590628236394
2025-06-17,72.3158131176999,2.2753128555176305,81.69252883542623,15.130249867091973,21.92982456140351,25.849013926523828,41.91994294647028,1.0,4,3,3,3,2,3,41.91994294647028
2025-06-18,72.3158131176999,2.1704103876409824,83.2508210502648,15.130249867091973,21.92982456140351,28.729299305687,42.49864943377898,1.0,4,3,3,3,2,3,42.49864943377898
2025-06-20,72.3158131176999,2.4350956983134386,81.33368791094752,15.130249867091973,21.92982456140351,23.08258844736836,41.60348878221814,1.0,4,3,3,3,2,3,41.60348878221814
2025-06-23,72.3158131176999,2.358624609263997,78.32791111278407,15.130249867091973,21.92982456140351,24.78628013841966,41.1574083738807,1.0,4,3,3,3,2,3,41.1574083738807
2025-06-24,72.3158131176999,1.7992424242424236,80.63633747111078,15.130249867091973,21.92982456140351,34.559041030277584,42.48449329772752,1.0,4,3,3,3,2,3,42.48449329772752
2025-06-25,72.3158131176999,2.2247467575499407,79.24561081496937,15.130249867091973,21.92982456140351,28.43286192729058,41.67883092286204,1.0,4,3,3,3,2,3,41.67883092286204
2025-06-26,72.3158131176999,2.072685973878478,82.83297734797289,15.130249867091973,21.92982456140351,31.05237188977214,42.62784306897661,1.0,4,3,3,3,2,3,42.62784306897661
2025-06-27,72.3158131176999,2.2991768379222273,83.7515594004849,15.130249867091973,21.92982456140351,28.003039935657775,42.55192445687632,1.0,4,3,3,3,2,3,42.55192445687632
2025-06-30,72.3158131176999,1.6174801362088524,85.329860202271,15.130249867091973,21.92982456140351,34.62194107901344,43.393135391226444,1.0,4,3,3,3,2,3,43.393135391226444
2025-07-01,72.3158131176999,1.5981087470449167,85.63299057200317,15.130249867091973,21.92982456140351,34.64415320765215,43.452108400203954,1.0,4,3,3,3,2,3,43.452108400203954
2025-07-02,72.3158131176999,1.0304405369635097,86.641036878764,15.130249867091973,21.92982456140351,34.44229798634573,43.5199984974092,1.0,4,3,3,3,2,3,43.5199984974092
2025-07-03,72.3158131176999,0.16066534354030787,87.2891622625259,15.130249867091973,21.92982456140351,34.33703759622308,43.46514249646468,1.0,4,3,3,3,2,3,43.46514249646468
2025-07-07,72.3158131176999,0.8030990173847341,86.3718706988333,15.130249867091973,21.92982456140351,28.154924812170663,42.79195964008979,1.0,4,3,3,3,2,3,42.79195964008979
2025-07-08,72.3158131176999,0.538396146217061,87.39961249966032,15.130249867091973,21.92982456140351,30.897035170441985,43.2187784618488,1.0,4,3,3,3,2,3,43.2187784618488
2025-07-09,72.3158131176999,0.3588290840415528,88.35800323552652,15.130249867091973,21.92982456140351,32.44094603023666,43.528934282566404,1.0,4,3,3,3,2,3,43.528934282566404
2025-07-10,72.3158131176999,0.4720098178042124,89.84736442879594,15.130249867091973,21.92982456140351,32.168012589597296,43.82214932390888,1.0,4,3,3,3,2,3,43.82214932390888
2025-07-11,72.3158131176999,1.1041902604756535,91.91711538119655,15.130249867091973,21.92982456140351,27.96642284782576,43.942376628746146,1.0,4,3,3,3,2,3,43.942376628746146
2025-07-14,72.3158131176999,1.3020096235493903,90.57605248459222,15.130249867091973,21.92982456140351,26.89911144066472,43.606996781323915,1.0,4,3,3,3,2,3,43.606996781323915
2025-07-15,72.3158131176999,0.4999056781739249,95.4071223901368,15.130249867091973,21.92982456140351,32.82457721421604,45.00533655071287,1.0,4,3,3,3,2,3,45.00533655071287
2025-07-16,72.3158131176999,0.037718057520038276,97.23731388142424,15.130249867091973,21.92982456140351,35.45144685088745,45.541624288506725,1.0,4,3,3,3,2,3,45.541624288506725
2025-07-17,72.3158131176999,0.0,97.08268215838659,15.130249867091973,21.92982456140351,35.30971617314035,45.48898126462048,1.0,4,3,3,3,2,3,45.48898126462048
2025-07-18,72.3158131176999,0.028272547356511524,96.75651320349104,15.130249867091973,21.92982456140351,31.214003934743822,45.01983075927301,1.0,4,3,3,3,2,3,45.01983075927301
2025-07-21,72.3158131176999,0.07537214999057498,97.69849602720613,15.130249867091973,21.92982456140351,29.288058803914925,45.02505273145996,1.0,4,3,3,3,2,3,45.02505273145996
2025-07-22,72.3158131176999,0.19779598756710648,96.93839412929842,15.130249867091973,21.92982456140351,24.654579878423867,44.43416922684462,1.0,4,3,3,3,2,3,44.43416922684462
2025-07-23,72.3158131176999,0.12241054613936209,96.80454983739689,15.130249867091973,21.92982456140351,27.866365430105024,44.713501835346875,1.0,4,3,3,3,2,3,44.713501835346875
2025-07-24,72.3158131176999,0.1223759766544319,96.83936344703979,15.130249867091973,21.92982456140351,28.75342931610182,44.80916403197815,1.0,4,3,3,3,2,3,44.80916403197815
2025-07-25,72.3158131176999,0.05646527385657629,95.60534645041307,15.130249867091973,21.92982456140351,31.23951859355377,44.79778741983843,1.0,4,3,3,3,2,3,44.79778741983843
2025-07-28,72.3158131176999,0.028224668360143923,97.04349193609221,15.130249867091973,21.92982456140351,33.84388333787885,45.340204870307474,1.0,4,3,3,3,2,3,45.340204870307474
2025-07-29,72.3158131176999,0.0,97.9447805733812,15.130249867091973,21.92982456140351,35.832600098611394,45.7136893401665,1.0,4,3,3,3,2,3,45.7136893401665
2025-07-30,72.3158131176999,0.0,98.4570818501178,15.130249867091973,21.92982456140351,35.73748865719718,45.80663845137241,1.0,4,3,3,3,2,3,45.80663845137241
2025-07-31,72.3158131176999,0.0,98.6728746447385,15.130249867091973,21.92982456140351,35.848436998886754,45.86089184446549,1.0,4,3,3,3,2,3,45.86089184446549
2025-08-01,72.3158131176999,0.20674748613852176,99.03026508883092,15.130249867091973,21.92982456140351,25.66638893759562,44.95551462438257,1.0,4,3,3,3,2,3,44.95551462438257
2025-08-04,72.3158131176999,0.02818489289740933,99.29815189375539,15.130249867091973,21.92982456140351,33.458027342868775,45.752543307246555,1.0,4,3,3,3,2,3,45.752543307246555
2025-08-05,72.3158131176999,0.0,99.28628271046269,15.130249867091973,21.92982456140351,35.552490256070804,45.95397878332874,1.0,4,3,3,3,2,3,45.95397878332874
2025-08-06,72.3158131176999,0.0,99.57591507875075,15.130249867091973,21.92982456140351,35.6797539858478,46.02463162996405,1.0,4,3,3,3,2,3,46.02463162996405
2025-08-07,72.3158131176999,0.1689664883131492,99.38694259134432,15.130249867091973,21.92982456140351,27.757340228541622,45.22838905441478,1.0,4,3,3,3,2,3,45.22838905441478
2025-08-08,72.3158131176999,0.14076576576577127,99.34219061417203,15.130249867091973,21.92982456140351,28.354546108766776,45.27351910249337,1.0,4,3,3,3,2,3,45.27351910249337
2025-08-11,72.3158131176999,0.08443568815086344,99.28993531574139,15.130249867091973,21.92982456140351,31.097876777481755,45.52613509415575,1.0,4,3,3,3,2,3,45.52613509415575
2025-08-12,72.3158131176999,0.05627462014631268,98.90936418360452,15.130249867091973,21.92982456140351,32.53680114634273,45.58828109101356,1.0,4,3,3,3,2,3,45.58828109101356
2025-08-13,72.3158131176999,0.43131739334270797,98.17593708734451,15.130249867091973,21.92982456140351,23.869326858433606,44.64985679760993,1.0,4,3,3,3,2,3,44.64985679760993
2025-08-14,72.3158131176999,0.3937007874015741,98.74994598398139,15.130249867091973,21.92982456140351,24.398017069548395,44.81000427686055,1.0,4,3,3,3,2,3,44.81000427686055
2025-08-15,72.3158131176999,0.3092493674444752,99.20239866637039,15.130249867091973,21.92982456140351,27.011646849637977,45.1449675073559,1.0,4,3,3,3,2,3,45.1449675073559
2025-08-18,72.3158131176999,0.28105677346823565,99.13736928039764,15.130249867091973,21.92982456140351,27.67124647086401,45.192283073488696,1.0,4,3,3,3,2,3,45.192283073488696
2025-08-19,72.3158131176999,1.2456682588742143,97.17526687065839,15.130249867091973,21.92982456140351,16.031264304656556,43.82878667200131,1.0,4,3,3,3,2,3,43.82878667200131
2025-08-20,72.3158131176999,1.1423220973782788,97.00558633670596,15.130249867091973,21.92982456140351,16.34256519228013,43.805311421673984,1.0,4,3,3,3,2,3,43.805311421673984
2025-08-21,72.3158131176999,1.5913133015070653,97.16077740230618,15.130249867091973,21.92982456140351,15.082543444903344,43.800145700882105,1.0,4,3,3,3,2,3,43.800145700882105
2025-08-22,72.3158131176999,0.9170877784016485,97.82129569140507,15.130249867091973,21.92982456140351,17.549443405697083,44.04409425016017,1.0,4,3,3,3,2,3,44.04409425016017
2025-08-25,72.3158131176999,1.1507156890261014,97.40945913583353,15.130249867091973,21.92982456140351,16.67871807328587,43.92137998792963,1.0,4,3,3,3,2,3,43.92137998792963
2025-08-26,72.3158131176999,1.4590347923681302,97.27320267402276,15.130249867091973,21.92982456140351,16.03685208652797,43.8916059175601,1.0,4,3,3,3,2,3,43.8916059175601
2025-08-27,72.3158131176999,1.0705937353903718,97.12694256554535,15.130249867091973,21.92982456140351,17.19369181372057,43.90034965718833,1.0,4,3,3,3,2,3,43.90034965718833
2025-08-28,72.3158131176999,0.7010656197420102,97.98217731920224,15.130249867091973,21.92982456140351,20.684486998126417,44.346570503230616,1.0,4,3,3,3,2,3,44.346570503230616
2025-08-29,72.3158131176999,2.3642650219605614,95.83199696185994,15.130249867091973,21.92982456140351,11.000647137884965,43.28079032618172,1.0,4,3,3,3,2,3,43.28079032618172
2025-09-02,72.3158131176999,2.4476831091180817,95.54149051716733,15.130249867091973,21.92982456140351,10.797707842863002,43.21907872517251,1.0,4,3,3,3,2,3,43.21907872517251
2025-09-03,72.3158131176999,2.51237508172224,95.47887436366089,15.130249867091973,21.92982456140351,10.255846825239983,43.16530778722975,1.0,4,3,3,3,2,3,43.16530778722975
2025-09-04,72.3158131176999,2.577030812324928,94.86563440861624,15.130249867091973,21.92982456140351,10.203050844328493,43.050311344250204,1.0,4,3,3,3,2,3,43.050311344250204
2025-09-05,72.3158131176999,1.7642117054046464,97.9039663513961,15.130249867091973,21.92982456140351,14.49289360909956,43.92439818789923,1.0,4,3,3,3,2,3,43.92439818789923
2025-09-08,72.3158131176999,0.7465472191116078,98.1139687587954,15.130249867091973,21.92982456140351,18.624207608964785,44.175997172106996,1.0,4,3,3,3,2,3,44.175997172106996
2025-09-09,72.3158131176999,0.6530459930963721,98.3512830087651,15.130249867091973,21.92982456140351,20.913534062963315,44.43369242229775,1.0,4,3,3,3,2,3,44.43369242229775
2025-09-10,82.36242315189683,0.0,99.6390543223245,22.598522167487687,25.0,32.655093639236924,49.67370434148596,1.0,4,3,3,3,2,3,49.67370434148596
2025-09-11,82.36242315189683,0.027972027972023028,99.74783145273753,22.598522167487687,25.0,18.40157651485701,48.27570246072498,1.0,4,3,3,3,2,3,48.27570246072498
2025-09-12,82.36242315189683,0.055928411633110464,98.26924791010453,22.598522167487687,25.0,10.158076298541902,47.161227007299075,1.0,4,3,3,3,2,3,47.161227007299075
2025-09-15,82.36242315189683,0.055912776069333425,98.18856896119303,22.598522167487687,25.0,14.897256507312,47.61900611128104,1.0,4,3,3,3,2,3,47.61900611128104
2025-09-16,82.36242315189683,0.05589714924538747,97.94598078694143,22.598522167487687,25.0,17.71704674294192,47.852464374628916,1.0,4,3,3,3,2,3,47.852464374628916
2025-09-17,82.36242315189683,0.11176306230791244,97.9107445861738,22.598522167487687,25.0,14.393017632131436,47.524187406006845,1.0,4,3,3,3,2,3,47.524187406006845
2025-09-18,82.36242315189683,0.13966480446927498,94.83124509530109,22.598522167487687,25.0,12.003735994702726,46.674939692521704,1.0,4,3,3,3,2,3,46.674939692521704
2025-09-19,82.36242315189683,0.02792516056967509,95.33616185415502,22.598522167487687,25.0,18.89627169612028,47.44282868565433,1.0,4,3,3,3,2,3,47.44282868565433
2025-09-22,82.36242315189683,0.027917364600782424,95.59739807198345,22.598522167487687,25.0,31.513081108001522,48.75675531121436,1.0,4,3,3,3,2,3,48.75675531121436
2025-09-23,82.36242315189683,0.055819145967062056,95.46440771051289,22.598522167487687,25.0,21.459680262029057,47.730397510596255,1.0,4,3,3,3,2,3,47.730397510596255
2025-09-24,82.36242315189683,0.11160714285713969,95.23245447886211,22.598522167487687,25.0,18.669632576740632,47.416159695115276,1.0,4,3,3,3,2,3,47.416159695115276
2025-09-25,82.36242315189683,0.30683403068340054,95.37068053958765,22.598522167487687,25.0,9.705256909144914,46.586412718066065,1.0,4,3,3,3,2,3,46.586412718066065
2025-09-26,82.36242315189683,0.3346346904629094,95.57994122552756,22.598522167487687,25.0,7.546309587691223,46.417930255064576,1.0,4,3,3,3,2,3,46.417930255064576
2025-09-29,82.36242315189683,0.3624198494563746,96.03026764375886,22.598522167487687,25.0,7.474805242115788,46.506402135951994,1.0,4,3,3,3,2,3,46.506402135951994
2025-09-30,82.36242315189683,0.3901895206243067,94.12580106478427,22.598522167487687,25.0,7.0907073087064205,46.09265296104972,1.0,4,3,3,3,2,3,46.09265296104972
2025-10-01,82.36242315189683,0.3343549735302265,93.9288645325243,22.598522167487687,25.0,9.043144771297738,46.23734249143804,1.0,4,3,3,3,2,3,46.23734249143804
2025-10-02,82.36242315189683,0.36211699164345745,93.21332392278659,22.598522167487687,25.0,8.99750651656525,46.0952229476399,1.0,4,3,3,3,2,3,46.0952229476399
2025-10-03,82.36242315189683,0.3898635477582846,93.83412982835156,22.598522167487687,25.0,8.370883339058034,46.162271122225135,1.0,4,3,3,3,2,3,46.162271122225135
2025-10-06,82.36242315189683,0.3062360801781683,94.90165823029382,22.598522167487687,25.0,9.992088229490735,46.521171798140834,1.0,4,3,3,3,2,3,46.521171798140834
2025-10-07,82.36242315189683,0.44531032563317474,95.6407830435591,22.598522167487687,25.0,7.800932210606273,46.47769600799644,1.0,4,3,3,3,2,3,46.47769600799644
2025-10-08,82.36242315189683,0.4173622704507496,95.37186273986694,22.598522167487687,25.0,8.997095636035716,46.537938678764476,1.0,4,3,3,3,2,3,46.537938678764476
2025-10-09,82.36242315189683,0.25034770514603677,99.79632127086701,22.598522167487687,25.0,12.414729059448277,47.7311908142448,1.0,4,3,3,3,2,3,47.7311908142448
2025-10-10,82.36242315189683,0.30589543937709074,99.35675084503987,22.598522167487687,25.0,10.977279097586818,47.51064127973944,1.0,4,3,3,3,2,3,47.51064127973944
2025-10-13,82.36242315189683,0.13900472616068527,98.853801711013,22.598522167487687,25.0,18.897342981982924,48.168679698730394,1.0,4,3,3,3,2,3,48.168679698730394
2025-10-14,82.36242315189683,0.27793218454696955,99.2044317867638,22.598522167487687,25.0,13.491606919055425,47.72601759926506,1.0,4,3,3,3,2,3,47.72601759926506
2025-10-15,82.36242315189683,0.22228396776882153,99.27609707339288,22.598522167487687,25.0,16.30430206365981,48.01049052769568,1.0,4,3,3,3,2,3,48.01049052769568
2025-10-16,82.36242315189683,0.08333333333333526,99.22181468593581,22.598522167487687,25.0,21.605554462655544,48.50196916321674,1.0,4,3,3,3,2,3,48.50196916321674
2025-10-17,82.36242315189683,0.5276312135517935,98.96626155126481,22.598522167487687,25.0,10.272741208219395,47.40643678688263,1.0,4,3,3,3,2,3,47.40643678688263
2025-10-20,82.36242315189683,0.7773459189339249,98.83760774965212,22.598522167487687,25.0,6.970849273489975,47.10045977416357,1.0,4,3,3,3,2,3,47.10045977416357
2025-10-21,82.36242315189683,0.8048848182070523,99.04794837069501,22.598522167487687,25.0,6.734830741858025,47.124433825063576,1.0,4,3,3,3,2,3,47.124433825063576
2025-10-22,82.36242315189683,0.8324084350721406,98.6310633182539,22.598522167487687,25.0,6.298355693737811,47.002914033136356,1.0,4,3,3,3,2,3,47.002914033136356
2025-10-23,82.36242315189683,0.7766990291262155,98.7357952760673,22.598522167487687,25.0,7.3157614743263615,47.11445912156869,1.0,4,3,3,3,2,3,47.11445912156869
2025-10-24,82.36242315189683,0.7210205213532994,98.31419820493407,22.598522167487687,25.0,8.110066318489142,47.09843449020375,1.0,4,3,3,3,2,3,47.09843449020375
2025-10-27,82.36242315189683,0.7762683670640369,97.9787546366354,22.598522167487687,25.0,7.926811863497956,47.02406990018705,1.0,4,3,3,3,2,3,47.02406990018705
2025-10-28,82.36242315189683,0.8314855875831473,97.73942148627938,22.598522167487687,25.0,7.840044792542246,46.97857000712409,1.0,4,3,3,3,2,3,46.97857000712409
2025-10-29,82.36242315189683,0.9143807148794703,97.48446755210075,22.598522167487687,25.0,6.947613412426322,46.85491510773603,1.0,4,3,3,3,2,3,46.85491510773603
2025-10-30,82.36242315189683,1.0895660203139403,96.31034047079852,22.598522167487687,25.0,3.4390126189097576,46.30426667321083,1.0,4,3,3,3,2,3,46.30426667321083
2025-10-31,82.36242315189683,0.9969537524231464,96.79568797157042,22.598522167487687,25.0,4.474784421903221,46.4863909000864,1.0,4,3,3,3,2,3,46.4863909000864
2025-11-03,82.36242315189683,1.0797342192691017,95.97734586360556,22.598522167487687,25.0,3.644387739733742,46.256238903645674,1.0,4,3,3,3,2,3,46.256238903645674
2025-11-04,82.36242315189683,1.5130547098440825,94.57900181635954,22.598522167487687,25.0,2.546854895908082,45.95348090792889,1.0,4,3,3,3,2,3,45.95348090792889
2025-11-05,82.36242315189683,1.3927319682715358,94.50543496204709,22.598522167487687,25.0,2.7362792104171683,45.9336454202028,1.0,4,3,3,3,2,3,45.9336454202028
2025-11-06,82.36242315189683,1.751959428307981,93.05046075411593,22.598522167487687,25.0,2.294790500372006,45.67034719961935,1.0,4,3,3,3,2,3,45.67034719961935
2025-11-07,82.36242315189683,2.0280235988200612,91.76506498701718,22.598522167487687,25.0,1.9750578476266816,45.43650761502747,1.0,4,3,3,3,2,3,45.43650761502747
2025-11-10,82.36242315189683,1.907658280342824,90.9477912313423,22.598522167487687,25.0,2.364079995375735,45.28788201497196,1.0,4,3,3,3,2,3,45.28788201497196
2025-11-11,82.36242315189683,2.386217062833977,88.75889645627888,22.598522167487687,25.0,2.298764226721073,44.93928323959204,1.0,4,3,3,3,2,3,44.93928323959204
2025-11-12,82.36242315189683,3.619784470848301,83.18013900558122,22.598522167487687,25.0,1.8516578906794756,44.02553459745121,1.0,4,3,3,3,2,3,44.02553459745121
2025-11-13,82.36242315189683,4.272559852670351,77.10045876713006,22.598522167487687,25.0,1.2116671668079508,42.876154553738246,1.0,4,3,3,3,2,3,42.876154553738246
2025-11-14,82.36242315189683,3.8755408266592997,81.5792034371338,22.598522167487687,25.0,1.3920252222477458,43.71053548808075,1.0,4,3,3,3,2,3,43.71053548808075
2025-11-17,82.36242315189683,4.067734216823119,78.16013276953561,22.598522167487687,25.0,1.3390131714003226,43.05985882750914,1.0,4,3,3,3,2,3,43.05985882750914
2025-11-18,82.36242315189683,4.048210506946362,77.4726996872348,22.598522167487687,25.0,1.5690336256489998,42.94146951449849,1.0,4,3,3,3,2,3,42.94146951449849
2025-11-19,82.36242315189683,3.7159676232523884,81.49459414094208,22.598522167487687,25.0,1.6874000830219444,43.69123647423845,1.0,4,3,3,3,2,3,43.69123647423845
2025-11-20,82.36242315189683,4.993103448275863,69.77005470701667,22.598522167487687,25.0,0.893721472523513,41.522387891408215,1.0,4,3,3,3,2,3,41.522387891408215
2025-11-21,82.36242315189683,5.782312925170067,61.10383433992204,22.598522167487687,25.0,1.1025238178146533,39.967865947897245,1.0,4,3,3,3,2,3,39.967865947897245
2025-11-24,82.36242315189683,5.698005698005696,58.97422435935259,22.598522167487687,25.0,1.3326510459787546,39.5480952291669,1.0,4,3,3,3,2,3,39.5480952291669
2025-11-25,82.36242315189683,5.926130099228225,54.03118046331511,22.598522167487687,25.0,1.5288302865470913,38.624729254260735,1.0,4,3,3,3,2,3,38.624729254260735
2025-11-26,82.36242315189683,5.3641958298888595,60.25964550830006,22.598522167487687,25.0,1.5341093595604387,39.758563316691195,1.0,4,3,3,3,2,3,39.758563316691195
2025-11-28,82.36242315189683,5.629017447199266,55.34738578101893,22.598522167487687,25.0,1.568424381891773,38.83250719693018,1.0,4,3,3,3,2,3,38.83250719693018
2025-12-01,82.36242315189683,5.719269255485171,52.63838182952462,22.598522167487687,25.0,1.5774760710116278,38.30966193720049,1.0,4,3,3,3,2,3,38.30966193720049
2025-12-02,82.36242315189683,5.690161527165935,52.72154363596657,22.598522167487687,25.0,1.664755257663034,38.32920067149016,1.0,4,3,3,3,2,3,38.32920067149016
2025-12-03,82.36242315189683,5.183961831360673,58.2803555524176,22.598522167487687,25.0,1.70637577088606,39.343885166941625,1.0,4,3,3,3,2,3,39.343885166941625
2025-12-04,82.36242315189683,4.613832324344155,62.17778970875793,22.598522167487687,25.0,1.834620950099572,40.022170614727735,1.0,4,3,3,3,2,3,40.022170614727735
2025-12-05,82.36242315189683,4.355800091701053,64.62912333355348,22.598522167487687,25.0,1.936635267369223,40.471032324885186,1.0,4,3,3,3,2,3,40.471032324885186
2025-12-08,82.36242315189683,4.061239457279061,64.39819679397296,22.598522167487687,25.0,2.162511842624693,40.388522547610236,1.0,4,3,3,3,2,3,40.388522547610236
2025-12-09,82.36242315189683,4.014297497937857,65.42187838407112,22.598522167487687,25.0,3.886460057959773,40.75626529529514,1.0,4,3,3,3,2,3,40.75626529529514
2025-12-10,82.36242315189683,3.857430822796404,65.5748385620321,22.598522167487687,25.0,4.066139354532814,40.77345192551634,1.0,4,3,3,3,2,3,40.77345192551634
2025-12-11,92.85378414688759,8.482183750114503,30.907901597315213,32.143919119833484,20.338983050847453,3.1829179456182346,38.265241073829436,1.0,4,3,3,3,2,3,38.265241073829436
2025-12-12,92.85378414688759,9.386446886446887,27.523618115482133,32.143919119833484,20.338983050847453,3.1026123281799016,37.76120644298547,1.0,4,3,3,3,2,3,37.76120644298547
2025-12-15,92.85378414688759,10.21697335896732,23.95605466098566,32.143919119833484,20.338983050847453,3.065929756078067,37.21013078938007,1.0,4,3,3,3,2,3,37.21013078938007
2025-12-16,92.85378414688759,9.637561779242176,27.716567870903763,32.143919119833484,20.338983050847453,3.1019810834189276,37.84995624815275,1.0,4,3,3,3,2,3,37.84995624815275
2025-12-17,92.85378414688759,11.27276054533809,25.864903347395344,32.143919119833484,20.338983050847453,2.776676428228016,37.774132631151154,1.0,4,3,3,3,2,3,37.774132631151154
2025-12-18,92.85378414688759,11.068422978412,26.642760281954175,32.143919119833484,20.338983050847453,2.764270276509224,37.88759588950583,1.0,4,3,3,3,2,3,37.88759588950583
2025-12-19,92.85378414688759,9.172382258802013,30.032501879466007,32.143919119833484,20.338983050847453,2.2501661118217062,38.13492564861744,1.0,4,3,3,3,2,3,38.13492564861744
2025-12-22,92.85378414688759,8.548180654598642,29.98998033764603,32.143919119833484,20.338983050847453,2.116510275815459,37.98821543581215,1.0,4,3,3,3,2,3,37.98821543581215
2025-12-23,92.85378414688759,8.884014258294489,23.821689763430776,32.143919119833484,20.338983050847453,2.125257859020647,36.822598800028786,1.0,4,3,3,3,2,3,36.822598800028786
2025-12-24,92.85378414688759,8.680555555555554,24.71008889254403,32.143919119833484,20.338983050847453,2.3505800473740655,36.98211910413899,1.0,4,3,3,3,2,3,36.98211910413899
2025-12-26,92.85378414688759,8.623367132547727,24.577458230317607,32.143919119833484,20.338983050847453,2.3568436734497613,36.944781649699706,1.0,4,3,3,3,2,3,36.944781649699706
2025-12-29,92.85378414688759,8.931506849315067,24.32037706902086,32.143919119833484,20.338983050847453,2.2866584877199685,36.94797484222085,1.0,4,3,3,3,2,3,36.94797484222085
2025-12-30,92.85378414688759,8.737332237743086,23.67134227233485,32.143919119833484,20.338983050847453,2.3215442676496667,36.78282153856222,1.0,4,3,3,3,2,3,36.78282153856222
2025-12-31,92.85378414688759,9.045271997079226,23.22590062730409,32.143919119833484,20.338983050847453,2.3964407291406626,36.7628108075724,1.0,4,3,3,3,2,3,36.7628108075724
2026-01-02,92.85378414688759,8.924171913495753,24.115649689851157,32.143919119833484,20.338983050847453,2.3690154784840027,36.91379807829945,1.0,4,3,3,3,2,3,36.91379807829945
2026-01-05,92.85378414688759,9.30487137383689,26.194333543278347,32.143919119833484,20.338983050847453,2.4229752993015237,37.41107072313487,1.0,4,3,3,3,2,3,37.41107072313487
2026-01-06,92.85378414688759,9.19288645690834,28.07617097144987,32.143919119833484,20.338983050847453,2.5503078623368687,37.777774481687004,1.0,4,3,3,3,2,3,37.777774481687004
2026-01-07,92.85378414688759,9.318016046681254,28.353062052334266,32.143919119833484,20.338983050847453,2.433632874828202,37.84651111706759,1.0,4,3,3,3,2,3,37.84651111706759
2026-01-08,92.85378414688759,9.743870203263146,28.5719768214806,32.143919119833484,20.338983050847453,2.4574048316152632,37.977842097891944,1.0,4,3,3,3,2,3,37.977842097891944
2026-01-09,92.85378414688759,8.511026061600147,31.05842626855407,32.143919119833484,20.338983050847453,2.4076356397357097,38.22358623978609,1.0,4,3,3,3,2,3,38.22358623978609
2026-01-12,92.85378414688759,7.506604718957821,33.23960355044939,32.143919119833484,20.338983050847453,2.341816878132542,38.452355551476366,1.0,4,3,3,3,2,3,38.452355551476366
2026-01-13,92.85378414688759,7.896174863387979,29.967765030912176,32.143919119833484,20.338983050847453,2.913037821118962,37.933023970753595,1.0,4,3,3,3,2,3,37.933023970753595
2026-01-14,92.85378414688759,9.305289993626513,25.264493087268608,32.143919119833484,20.338983050847453,2.473749801517946,37.23026380611249,1.0,4,3,3,3,2,3,37.23026380611249
2026-01-15,92.85378414688759,9.821591115965774,21.501768949314272,32.143919119833484,20.338983050847453,2.5162351686573197,36.58522773970341,1.0,4,3,3,3,2,3,36.58522773970341
2026-01-16,92.85378414688759,9.609609609609612,22.17245442300533,32.143919119833484,20.338983050847453,2.5627247138331763,36.68161748768798,1.0,4,3,3,3,2,3,36.68161748768798
2026-01-20,92.85378414688759,11.562954876273652,16.660136707317495,32.143919119833484,20.338983050847453,2.429690935556781,35.95651962005558,1.0,4,3,3,3,2,3,35.95651962005558
2026-01-21,92.85378414688759,12.442019099590722,16.290274276007857,32.143919119833484,20.338983050847453,2.516456011230225,36.067036486024406,1.0,4,3,3,3,2,3,36.067036486024406
2026-01-22,92.85378414688759,11.802145844699034,16.046390419284613,32.143919119833484,20.338983050847453,2.6833649807679216,35.90697596065519,1.0,4,3,3,3,2,3,35.90697596065519
2026-01-23,92.85378414688759,11.962548859194618,13.349255747518276,32.143919119833484,20.338983050847453,2.8849954238560396,35.41979267350985,1.0,4,3,3,3,2,3,35.41979267350985
2026-01-26,92.85378414688759,11.123227917121044,11.491963504473073,32.143919119833484,20.338983050847453,2.874868051415812,34.87945729924208,1.0,4,3,3,3,2,3,34.87945729924208
2026-01-27,92.85378414688759,12.283092577450711,13.16735552755888,32.143919119833484,20.338983050847453,2.920383784407848,35.45106020922437,1.0,4,3,3,3,2,3,35.45106020922437
2026-01-28,92.85378414688759,12.788374205267939,24.317128353909716,32.143919119833484,20.338983050847453,4.406290434163934,37.93066176503359,1.0,4,3,3,3,2,3,37.93066176503359
2026-01-29,92.85378414688759,13.511304821574498,20.583071147809694,32.143919119833484,20.338983050847453,4.4759120280492715,37.335398606463436,1.0,4,3,3,3,2,3,37.335398606463436
2026-01-30,92.85378414688759,14.506172839506174,22.14258326709377,32.143919119833484,20.338983050847453,4.397311258925534,37.83841455699421,1.0,4,3,3,3,2,3,37.83841455699421
2026-02-02,92.85378414688759,15.64570287684908,17.681290696808457,32.143919119833484,20.338983050847453,4.84564976731907,37.218895901245084,1.0,4,3,3,3,2,3,37.218895901245084
2026-02-03,92.85378414688759,17.074941027036836,18.019276754294413,32.143919119833484,20.338983050847453,4.668265254371178,37.55460229148504,1.0,4,3,3,3,2,3,37.55460229148504
2026-02-04,92.85378414688759,19.28344671201814,17.645622239364965,32.143919119833484,20.338983050847453,4.45750721893027,37.90049672195132,1.0,4,3,3,3,2,3,37.90049672195132
2026-02-05,92.85378414688759,22.424737033006892,18.176625427850116,32.143919119833484,20.338983050847453,3.493725797483903,38.538577281701464,1.0,4,3,3,3,2,3,38.538577281701464
2026-02-06,92.85378414688759,20.252017042879164,16.62607420509157,32.143919119833484,20.338983050847453,2.720345515220697,37.71658501089789,1.0,4,3,3,3,2,3,37.71658501089789
2026-02-09,92.85378414688759,16.557911908646005,14.996545691263389,32.143919119833484,20.338983050847453,2.2318453206789712,36.60300826183144,1.0,4,3,3,3,2,3,36.60300826183144
2026-02-10,92.85378414688759,15.719851408897348,17.668339301537607,32.143919119833484,20.338983050847453,2.187117565687305,36.965282108437385,1.0,4,3,3,3,2,3,36.965282108437385
2026-02-11,92.85378414688759,16.458333333333332,17.89176067575665,32.143919119833484,20.338983050847453,2.230000856395269,37.161951097239196,1.0,4,3,3,3,2,3,37.161951097239196
2026-02-12,92.85378414688759,16.63497238069365,17.85945915961049,32.143919119833484,20.338983050847453,2.3082238110570126,37.1986408989482,1.0,4,3,3,3,2,3,37.1986408989482
2026-02-13,92.85378414688759,15.607459713923596,16.907129415118224,32.143919119833484,20.338983050847453,2.4899131042328366,36.82084134601332,1.0,4,3,3,3,2,3,36.82084134601332
2026-02-17,92.85378414688759,17.404289980993752,14.528531773171629,32.143919119833484,20.338983050847453,2.446318234133785,36.700128384028126,1.0,4,3,3,3,2,3,36.700128384028126
2026-02-18,92.85378414688759,16.739051755338405,15.032709601099869,32.143919119833484,20.338983050847453,2.3833703848630687,36.66162151955563,1.0,4,3,3,3,2,3,36.66162151955563
2026-02-19,92.85378414688759,16.64405246494799,7.817704683141778,32.143919119833484,20.338983050847453,2.5832681998339626,35.21961045938302,1.0,4,3,3,3,2,3,35.21961045938302
2026-02-20,92.85378414688759,19.090251401700122,5.445093275191793,32.143919119833484,20.338983050847453,3.0070255358691225,35.276703698746964,1.0,4,3,3,3,2,3,35.276703698746964
2026-02-23,92.85378414688759,20.884187686465964,8.464935812805095,32.143919119833484,20.338983050847453,2.717874158524319,36.21054432548831,1.0,4,3,3,3,2,3,36.21054432548831
2026-02-24,92.85378414688759,19.676428054953004,11.744194990522882,32.143919119833484,20.338983050847453,3.056340741055456,36.65869089298239,1.0,4,3,3,3,2,3,36.65869089298239
2026-02-25,92.85378414688759,19.137977771753864,13.167878856491955,32.143919119833484,20.338983050847453,3.0433414767925218,36.834437683110075,1.0,4,3,3,3,2,3,36.834437683110075
2026-02-26,92.85378414688759,18.38301716350497,10.571706329207887,32.143919119833484,20.338983050847453,3.2169722220581365,36.18157413053005,1.0,4,3,3,3,2,3,36.18157413053005
2026-02-27,92.85378414688759,19.88620969926849,7.8506173865780795,32.143919119833484,20.338983050847453,3.051086770820188,35.921406304033,1.0,4,3,3,3,2,3,35.921406304033
2026-03-02,92.85378414688759,18.661971830985916,9.76184548568046,32.143919119833484,20.338983050847453,3.397425847148249,36.093438257829774,1.0,4,3,3,3,2,3,36.093438257829774
2026-03-03,92.85378414688759,18.76523151909017,7.327326556048535,32.143919119833484,20.338983050847453,3.3611702185134025,35.62356084666076,1.0,4,3,3,3,2,3,35.62356084666076
2026-03-04,92.85378414688759,17.90290561270529,7.211431376684259,32.143919119833484,20.338983050847453,3.2907805257735143,35.42087766023693,1.0,4,3,3,3,2,3,35.42087766023693
2026-03-05,92.85378414688759,17.09517365809653,6.893358994448497,32.143919119833484,20.338983050847453,3.5599503992114263,35.22263378021181,1.0,4,3,3,3,2,3,35.22263378021181
2026-03-06,92.85378414688759,17.73088023088023,3.78930019879447,32.143919119833484,20.338983050847453,3.8803239477116405,34.761000690487776,1.0,4,3,3,3,2,3,34.761000690487776
2026-03-09,92.85378414688759,18.18591650888107,3.590364517580427,32.143919119833484,20.338983050847453,4.689289623760909,34.89311737745006,1.0,4,3,3,3,2,3,34.89311737745006
2026-03-10,92.85378414688759,18.694789976563907,4.184340337103077,32.143919119833484,20.338983050847453,4.731189260712376,35.1178771985863,1.0,4,3,3,3,2,3,35.1178771985863
2026-03-11,94.57671957671958,17.21185906100748,11.92831126358339,26.417624521072796,20.833333333333332,4.762771139145068,35.99446808450683,1.0,4,3,3,3,2,3,35.99446808450683
2026-03-12,94.57671957671958,18.44144144144144,16.026523921073647,26.417624521072796,20.833333333333332,4.806012653056258,37.06435124348279,1.0,4,3,3,3,2,3,37.06435124348279
2026-03-13,94.57671957671958,19.62532648833648,10.87537549518483,26.417624521072796,20.833333333333332,4.79745003250487,36.2700423056289,1.0,4,3,3,3,2,3,36.2700423056289
2026-03-16,94.57671957671958,19.394921663965427,12.266887186742075,26.417624521072796,20.833333333333332,5.155335129000862,36.53805218871574,1.0,4,3,3,3,2,3,36.53805218871574
2026-03-17,94.57671957671958,19.80376271491583,13.23241993828264,26.417624521072796,20.833333333333332,5.047472280344883,36.802140664348336,1.0,4,3,3,3,2,3,36.802140664348336
2026-03-18,94.57671957671958,20.401367890568757,7.763717566634927,26.417624521072796,20.833333333333332,5.17735531224662,35.840909528339544,1.0,4,3,3,3,2,3,35.840909528339544
2026-03-19,94.57671957671958,19.514170040485826,11.184421033603353,26.417624521072796,20.833333333333332,5.304369710379789,36.36031209152996,1.0,4,3,3,3,2,3,36.36031209152996
2026-03-20,94.57671957671958,21.32577801762907,9.857583630627577,26.417624521072796,20.833333333333332,5.191312108130431,36.44596044613852,1.0,4,3,3,3,2,3,36.44596044613852
2026-03-23,94.57671957671958,19.962233612085246,6.2139336178099365,26.417624521072796,20.833333333333332,5.162296904575013,35.441620042110685,1.0,4,3,3,3,2,3,35.441620042110685
2026-03-24,94.57671957671958,22.07838906868033,4.274126377152798,26.417624521072796,20.833333333333332,5.129596948333598,35.47361968967414,1.0,4,3,3,3,2,3,35.47361968967414
2026-03-25,94.57671957671958,22.413948054282375,4.873253676624135,26.417624521072796,20.833333333333332,5.284414285684626,35.676038680423915,1.0,4,3,3,3,2,3,35.676038680423915
2026-03-26,94.57671957671958,23.31536388140162,5.63671670891081,26.417624521072796,20.833333333333332,5.292320204715167,36.00980504420815,1.0,4,3,3,3,2,3,36.00980504420815
2026-03-27,94.57671957671958,24.351028473906407,9.044038887728973,26.417624521072796,20.833333333333332,5.466078684327516,36.91577824643397,1.0,4,3,3,3,2,3,36.91577824643397
2026-03-30,94.57671957671958,24.58692528735632,7.648783891079034,26.417624521072796,20.833333333333332,5.5069423760898895,36.68799297897021,1.0,4,3,3,3,2,3,36.68799297897021
2026-03-31,94.57671957671958,22.030702935631567,12.384078866924758,26.417624521072796,20.833333333333332,4.956271983769977,37.06874046456242,1.0,4,3,3,3,2,3,37.06874046456242
2026-04-01,94.57671957671958,22.653024591635255,12.756674820007996,26.417624521072796,20.833333333333332,4.946881645170471,37.266784952519856,1.0,4,3,3,3,2,3,37.266784952519856
2026-04-02,94.57671957671958,22.350829968595782,13.465767698369923,26.417624521072796,20.833333333333332,4.988364335539952,37.35231287262129,1.0,4,3,3,3,2,3,37.35231287262129
2026-04-06,94.57671957671958,22.595981341944746,12.471880636538344,26.417624521072796,20.833333333333332,5.125858151266858,37.21631511649745,1.0,4,3,3,3,2,3,37.21631511649745
2026-04-07,94.57671957671958,23.289391086001253,16.42279311804902,26.417624521072796,20.833333333333332,4.821041596744399,38.11469790615865,1.0,4,3,3,3,2,3,38.11469790615865
2026-04-08,94.57671957671958,23.0679576833423,20.47586707255753,26.417624521072796,20.833333333333332,4.739730617594421,38.87289491861357,1.0,4,3,3,3,2,3,38.87289491861357
2026-04-09,94.57671957671958,25.024648202921934,19.952087984499762,26.417624521072796,20.833333333333332,4.778989612541618,39.16340310441265,1.0,4,3,3,3,2,3,39.16340310441265
2026-04-10,94.57671957671958,24.91935483870968,26.60393297635929,26.417624521072796,20.833333333333332,4.794439629901829,40.47425843167812,1.0,4,3,3,3,2,3,40.47425843167812
2026-04-13,94.57671957671958,19.421302517244467,18.275561375984072,26.417624521072796,20.833333333333332,1.8777540600641425,37.41730509032627,1.0,4,3,3,3,2,3,37.41730509032627
2026-04-14,94.57671957671958,17.18610066272613,19.269810809728924,26.417624521072796,20.833333333333332,1.7622531020725622,37.15756451037242,1.0,4,3,3,3,2,3,37.15756451037242
2026-04-15,94.57671957671958,15.44453397797475,20.48563814864286,26.417624521072796,20.833333333333332,1.5965839101833461,37.03584972201601,1.0,4,3,3,3,2,3,37.03584972201601
2026-04-16,94.57671957671958,13.148943788041533,19.118394051262445,26.417624521072796,20.833333333333332,1.6549450115135904,36.30911897468631,1.0,4,3,3,3,2,3,36.30911897468631
2026-04-17,94.57671957671958,14.031319910514542,18.451787214862726,26.417624521072796,20.833333333333332,1.6809653801631141,36.35487486876592,1.0,4,3,3,3,2,3,36.35487486876592
2026-04-20,94.57671957671958,13.3297548756486,21.998819396023997,26.417624521072796,20.833333333333332,1.6971775725228573,36.92558951726095,1.0,4,3,3,3,2,3,36.92558951726095
2026-04-21,94.57671957671958,12.583847598604777,20.41194709348411,26.417624521072796,20.833333333333332,1.8925013462310907,36.47856597871503,1.0,4,3,3,3,2,3,36.47856597871503
2026-04-22,94.57671957671958,11.579041487839774,27.173544223227392,26.417624521072796,20.833333333333332,1.9424904681189685,37.63492309469948,1.0,4,3,3,3,2,3,37.63492309469948
2026-04-23,94.57671957671958,13.703405738803967,19.62502911854009,26.417624521072796,20.833333333333332,1.6534361554042378,36.52118749268339,1.0,4,3,3,3,2,3,36.52118749268339
2026-04-24,94.57671957671958,14.512957998212691,16.67437683031863,26.417624521072796,20.833333333333332,1.689019348103273,36.09652580619074,1.0,4,3,3,3,2,3,36.09652580619074
2026-04-27,94.57671957671958,14.660948807290271,11.140117617155143,26.417624521072796,20.833333333333332,1.8678105419781783,35.03715124476105,1.0,4,3,3,3,2,3,35.03715124476105
2026-04-28,94.57671957671958,16.488031439799926,8.605900568130242,26.417624521072796,20.833333333333332,1.7379644593146444,34.88273975319165,1.0,4,3,3,3,2,3,34.88273975319165
2026-04-29,94.57671957671958,17.126529154388784,7.598870909514222,26.417624521072796,20.833333333333332,1.7205044369744662,34.807287362152195,1.0,4,3,3,3,2,3,34.807287362152195
2026-04-30,94.57671957671958,17.934297446884486,11.326352649523841,26.417624521072796,20.833333333333332,1.8668520358766882,35.72897212854349,1.0,4,3,3,3,2,3,35.72897212854349
2026-05-01,94.57671957671958,15.02900490852298,10.915345183742925,26.417624521072796,20.833333333333332,1.7664794230548657,35.05567486643282,1.0,4,3,3,3,2,3,35.05567486643282
2026-05-04,94.57671957671958,12.803354746609566,9.833105737949307,26.417624521072796,20.833333333333332,2.0216433190832865,34.41961333449426,1.0,4,3,3,3,2,3,34.41961333449426
2026-05-05,94.57671957671958,11.916867362411915,8.28306126779192,26.417624521072796,20.833333333333332,2.0714847125413454,33.93729110296905,1.0,4,3,3,3,2,3,33.93729110296905
2026-05-06,94.57671957671958,10.549313358302122,9.510785193436151,26.417624521072796,20.833333333333332,2.143532484238463,33.91652986444565,1.0,4,3,3,3,2,3,33.91652986444565
2026-05-07,94.57671957671958,10.48408665418561,10.4552215952738,26.417624521072796,20.833333333333332,2.400116523222605,34.11803020788829,1.0,4,3,3,3,2,3,34.11803020788829
2026-05-08,94.57671957671958,10.303030303030303,8.919044161033128,26.417624521072796,20.833333333333332,2.466566582053241,33.781228456692155,1.0,4,3,3,3,2,3,33.781228456692155
2026-05-11,94.57671957671958,10.629956339659625,8.173953965719207,26.417624521072796,20.833333333333332,2.5715193004839736,33.70809089679831,1.0,4,3,3,3,2,3,33.70809089679831
2026-05-12,94.57671957671958,11.785141635489042,13.351563194254032,26.417624521072796,20.833333333333332,2.378075462931093,34.95530541791587,1.0,4,3,3,3,2,3,34.95530541791587
2026-05-13,94.57671957671958,11.283284353014515,14.020418824831602,26.417624521072796,20.833333333333332,2.2451938012595467,34.97541692136933,1.0,4,3,3,3,2,3,34.97541692136933
2026-05-14,94.57671957671958,10.38105413105413,16.296695371421862,26.417624521072796,20.833333333333332,2.337148038293789,35.259421609998725,1.0,4,3,3,3,2,3,35.259421609998725
2026-05-15,94.57671957671958,10.796617712505563,19.41287188519336,26.417624521072796,20.833333333333332,2.347258708512954,35.96678069606523,1.0,4,3,3,3,2,3,35.96678069606523
2026-05-18,94.57671957671958,11.897134721480692,18.451560696691338,26.417624521072796,20.833333333333332,2.167566540724661,35.97665264338102,1.0,4,3,3,3,2,3,35.97665264338102
2026-05-19,94.57671957671958,12.774664175785075,18.32034599752292,26.417624521072796,20.833333333333332,2.0922797415959637,36.118386914495346,1.0,4,3,3,3,2,3,36.118386914495346
2026-05-20,94.57671957671958,11.62397723230167,21.17029523173747,26.417624521072796,20.833333333333332,2.075143911804657,36.45652578966244,1.0,4,3,3,3,2,3,36.45652578966244
2026-05-21,94.57671957671958,11.3185738419134,23.632091172390158,26.417624521072796,20.833333333333332,2.3216933533911397,36.91245924387398,1.0,4,3,3,3,2,3,36.91245924387398
2026-05-22,94.57671957671958,10.968888888888891,21.464773426233073,26.417624521072796,20.833333333333332,2.443333700594001,36.42122273875795,1.0,4,3,3,3,2,3,36.42122273875795
2026-05-26,94.57671957671958,10.779347729494356,20.479376833309047,26.417624521072796,20.833333333333332,2.5421610685679106,36.19611792509162,1.0,4,3,3,3,2,3,36.19611792509162
2026-05-27,94.57671957671958,11.194029850746272,20.757073871506122,26.417624521072796,20.833333333333332,2.4664940721017086,36.327027057334796,1.0,4,3,3,3,2,3,36.327027057334796
2026-05-28,94.57671957671958,9.192645883293364,21.2860850007724,26.417624521072796,20.833333333333332,2.585056622353522,36.04440874472265,1.0,4,3,3,3,2,3,36.04440874472265
2026-05-29,94.57671957671958,6.481974782454274,42.394726922855625,26.417624521072796,20.833333333333332,2.9795447192021003,39.763451718656334,1.0,4,3,3,3,2,3,39.763451718656334
2026-06-01,94.57671957671958,5.246338215712384,55.145848044591574,26.417624521072796,20.833333333333332,4.048623654052237,42.17345652314017,1.0,4,3,3,3,2,3,42.17345652314017
2026-06-02,94.57671957671958,5.404685835995741,58.16404977653226,26.417624521072796,20.833333333333332,3.7644952017843942,42.780353548358185,1.0,4,3,3,3,2,3,42.780353548358185
2026-06-03,94.57671957671958,6.228373702422144,51.16223265667652,26.417624521072796,20.833333333333332,2.922986998245237,41.4605768773184,1.0,4,3,3,3,2,3,41.4605768773184
2026-06-04,94.57671957671958,5.871917686712791,58.38533395616913,26.417624521072796,20.833333333333332,3.255178220077947,42.867125056258324,1.0,4,3,3,3,2,3,42.867125056258324
2026-06-05,94.57671957671958,7.590671277822119,43.55831501536119,26.417624521072796,20.833333333333332,2.223344759982281,40.14228864030905,1.0,4,3,3,3,2,3,40.14228864030905
2026-06-08,94.57671957671958,7.93439716312057,36.7601956045768,26.417624521072796,20.833333333333332,2.181072939673505,38.84718275318097,1.0,4,3,3,3,2,3,38.84718275318097
2026-06-09,94.57671957671958,9.057874678720196,30.712938705806902,26.417624521072796,20.833333333333332,2.0974921573723977,37.85406879831682,1.0,4,3,3,3,2,3,37.85406879831682
2026-06-10,94.57671957671958,9.728867623604465,25.687632578688422,26.417624521072796,20.833333333333332,2.104691624525296,36.983926108585266,1.0,4,3,3,3,2,3,36.983926108585266
2026-06-11,95.6203007518797,15.209495969527856,14.902233478070945,33.84273409280355,23.770491803278688,1.657519367437445,37.546632308481826,1.0,4,3,3,3,2,3,37.546632308481826
2026-06-12,95.6203007518797,15.205455189514696,16.803202065594295,33.84273409280355,23.770491803278688,1.6903700187111823,37.92930293511124,1.0,4,3,3,3,2,3,37.92930293511124
2026-06-15,95.6203007518797,12.96148738379814,13.51839315541091,33.84273409280355,23.770491803278688,1.8486077632864095,36.839371366388775,1.0,4,3,3,3,2,3,36.839371366388775
2026-06-16,95.6203007518797,13.958222694282174,9.897412842817799,33.84273409280355,23.770491803278688,1.7055850839656297,36.30022009803488,1.0,4,3,3,3,2,3,36.30022009803488
2026-06-17,95.6203007518797,15.432262631625518,9.013923059970963,33.84273409280355,23.770491803278688,1.6304251377895933,36.41081413431658,1.0,4,3,3,3,2,3,36.41081413431658
2026-06-18,95.6203007518797,15.180467091295116,7.027692624044188,33.84273409280355,23.770491803278688,1.6799805651860762,35.96816448180479,1.0,4,3,3,3,2,3,35.96816448180479
2026-06-22,95.6203007518797,17.75891040948085,5.931014475709675,33.84273409280355,23.770491803278688,1.5218443865836007,36.24870389791479,1.0,4,3,3,3,2,3,36.24870389791479
2026-06-23,95.6203007518797,20.82228116710875,6.091498485342582,33.84273409280355,23.770491803278688,1.4050063744450068,36.88179105015309,1.0,4,3,3,3,2,3,36.88179105015309
2026-06-24,95.6203007518797,23.27410943162733,5.376119416196526,33.84273409280355,23.770491803278688,1.3210324780318634,37.220683499586286,1.0,4,3,3,3,2,3,37.220683499586286
2026-06-25,95.6203007518797,24.443266171792153,3.9851649559457294,33.84273409280355,23.770491803278688,1.2392471957071332,37.16814542733662,1.0,4,3,3,3,2,3,37.16814542733662
2026-06-26,95.6203007518797,25.832670730629914,4.3084051759326325,33.84273409280355,23.770491803278688,1.1726071350132552,37.50401037703215,1.0,4,3,3,3,2,3,37.50401037703215
2026-06-29,95.6203007518797,26.028970146617205,6.219444142773501,33.84273409280355,23.770491803278688,1.2231576552800891,37.93053310562447,1.0,4,3,3,3,2,3,37.93053310562447
2026-06-30,95.6203007518797,26.41059602649006,14.060027305270188,33.84273409280355,23.770491803278688,1.2068214077238812,39.573341289342764,1.0,4,3,3,3,2,3,39.573341289342764
2026-07-01,95.6203007518797,27.454096045197744,18.34302347281668,33.84273409280355,23.770491803278688,1.1894683743622891,40.636905223257436,1.0,4,3,3,3,2,3,40.636905223257436
2026-07-02,95.6203007518797,28.082252228399962,17.201726622916567,33.84273409280355,23.770491803278688,1.1643247700806365,40.531762729489685,1.0,4,3,3,3,2,3,40.531762729489685
2026-07-06,95.6203007518797,27.077818951826366,8.609729931093048,33.84273409280355,23.770491803278688,1.2228002976630064,38.61832428856851,1.0,4,3,3,3,2,3,38.61832428856851
2026-07-07,95.6203007518797,27.741024962512125,8.212886706296976,33.84273409280355,23.770491803278688,1.1982000705788898,38.66913682303803,1.0,4,3,3,3,2,3,38.66913682303803
2026-07-08,95.6203007518797,28.059964726631385,4.78167754942398,33.84273409280355,23.770491803278688,1.214478521461593,38.04831078957556,1.0,4,3,3,3,2,3,38.04831078957556
2026-07-09,95.6203007518797,26.915278145111525,4.266011834537627,33.84273409280355,23.770491803278688,1.2552686382828788,37.72031934197644,1.0,4,3,3,3,2,3,37.72031934197644
2026-07-10,95.6203007518797,28.027498677948177,3.2599096681636595,33.84273409280355,23.770491803278688,1.2630192820745274,37.74231807964814,1.0,4,3,3,3,2,3,37.74231807964814
2026-07-13,95.6203007518797,31.06000528680941,2.25859429166272,33.84273409280355,23.770491803278688,1.0219224765107573,38.12444664556382,1.0,4,3,3,3,2,3,38.12444664556382
2026-07-14,95.6203007518797,32.787174066243836,0.8228337563662728,33.84273409280355,23.770491803278688,1.3327203787523898,38.213808084615586,1.0,4,3,3,3,2,3,38.213808084615586
2026-07-15,95.6203007518797,30.61206516952884,1.11826192628792,33.84273409280355,23.770491803278688,1.331461698670753,37.83774607124875,1.0,4,3,3,3,2,3,37.83774607124875
2026-07-16,95.6203007518797,34.636379644303574,1.1747421869520152,33.84273409280355,23.770491803278688,1.2300541096042708,38.643764259429865,1.0,4,3,3,3,2,3,38.643764259429865
2026-07-17,95.6203007518797,33.614998679693684,0.8077341640893768,33.84273409280355,23.770491803278688,1.3473540084104867,38.37781645181599,1.0,4,3,3,3,2,3,38.37781645181599
2026-07-20,95.6203007518797,36.078845476944736,0.5037404598702944,33.84273409280355,23.770491803278688,1.3562154277346674,38.81067321235479,1.0,4,3,3,3,2,3,38.81067321235479
2026-07-21,95.6203007518797,33.26295416556699,0.7307712390481893,33.84273409280355,23.770491803278688,1.2973531530164961,38.28701487844301,1.0,4,3,3,3,2,3,38.28701487844301
2026-07-22,95.6203007518797,33.92260334212842,0.7195903917333393,33.84273409280355,23.770491803278688,1.296910727660099,38.41666430175668,1.0,4,3,3,3,2,3,38.41666430175668
2026-07-23,95.6203007518797,36.569067088718896,0.7236758267788881,33.84273409280355,23.770491803278688,1.2289457710995766,38.93997764242784,1.0,4,3,3,3,2,3,38.93997764242784
2026-07-24,95.6203007518797,40.339310829817165,0.41422696088727834,33.84273409280355,23.770491803278688,1.3196256239802493,39.641204602757234,1.0,4,3,3,3,2,3,39.641204602757234
2026-07-27,95.6203007518797,36.637665875736005,0.7032785747829116,33.84273409280355,23.770491803278688,1.2877084178397578,38.95549421410608,1.0,4,3,3,3,2,3,38.95549421410608
2026-07-28,95.6203007518797,36.60165173080301,0.7032558753755883,33.84273409280355,23.770491803278688,1.2960346914698673,38.949119472601026,1.0,4,3,3,3,2,3,38.949119472601026
2026-07-29,95.6203007518797,37.80412823891084,0.8179573055347807,33.84273409280355,23.770491803278688,1.3950196216152613,39.22245355326898,1.0,4,3,3,3,2,3,39.22245355326898
2026-07-30,95.6203007518797,32.982086406743946,1.24395058177775,33.84273409280355,23.770491803278688,1.2031562047815463,38.32405750040081,1.0,4,3,3,3,2,3,38.32405750040081
2026-07-31,95.6203007518797,31.832148187165306,1.4436364598537608,33.84273409280355,23.770491803278688,1.2193481702891826,38.13562622865105,1.0,4,3,3,3,2,3,38.13562622865105
2026-08-03,95.6203007518797,27.558364051255047,2.173025919205539,33.84273409280355,23.770491803278688,1.2209169046104857,37.426904166771486,1.0,4,3,3,3,2,3,37.426904166771486
2026-08-04,95.6203007518797,26.454330086864964,2.7035578178367157,33.84273409280355,23.770491803278688,1.4173685607575703,37.33184891923442,1.0,4,3,3,3,2,3,37.33184891923442
2026-08-05,95.6203007518797,26.771929824561408,3.0811794225100355,33.84273409280355,23.770491803278688,1.4004431591262536,37.469200647545236,1.0,4,3,3,3,2,3,37.469200647545236
2026-08-06,95.6203007518797,27.10690169253705,4.249739904256497,33.84273409280355,23.770491803278688,1.4319029746301475,37.77305309904005,1.0,4,3,3,3,2,3,37.77305309904005
2026-08-07,95.6203007518797,26.135367350517274,9.458837370445245,33.84273409280355,23.770491803278688,1.53032511388455,38.63040793779928,1.0,4,3,3,3,2,3,38.63040793779928
2026-08-10,95.6203007518797,24.75238846524673,10.593679619793678,33.84273409280355,23.770491803278688,1.6045401965775898,38.58820211888416,1.0,4,3,3,3,2,3,38.58820211888416
2026-08-11,95.6203007518797,26.568524360322463,2.9665570897575924,33.84273409280355,23.770491803278688,1.4396855842926088,37.40951933066359,1.0,4,3,3,3,2,3,37.40951933066359
2026-08-12,95.6203007518797,24.003504161191415,4.48974068435656,33.84273409280355,23.770491803278688,1.5476411575782867,37.211947567085744,1.0,4,3,3,3,2,3,37.211947567085744
2026-08-13,95.6203007518797,23.357856016815557,6.236276569826015,33.84273409280355,23.770491803278688,1.654179728959854,37.442778972442625,1.0,4,3,3,3,2,3,37.442778972442625
2026-08-14,95.6203007518797,24.919008843358725,3.446824138517902,33.84273409280355,23.770491803278688,1.4893287876383439,37.180633957357486,1.0,4,3,3,3,2,3,37.180633957357486
2026-08-17,95.6203007518797,26.286764705882355,2.5183924337559063,33.84273409280355,23.770491803278688,1.382348868550108,37.25780079700098,1.0,4,3,3,3,2,3,37.25780079700098
2026-08-18,95.6203007518797,27.417519908987487,2.4940152999825287,33.84273409280355,23.770491803278688,1.2748029130141414,37.46832181531374,1.0,4,3,3,3,2,3,37.46832181531374
2026-08-19,95.6203007518797,27.11286089238845,2.8265319854338307,33.84273409280355,23.770491803278688,1.3478203464992253,37.4811950924327,1.0,4,3,3,3,2,3,37.4811950924327
2026-08-20,95.6203007518797,27.691769439342256,2.5203220045472414,33.84273409280355,23.770491803278688,1.4130313215644805,37.542255903152665,1.0,4,3,3,3,2,3,37.542255903152665
2026-08-21,95.6203007518797,26.35536901014341,6.184769796259646,33.84273409280355,23.770491803278688,1.5443113405523694,38.02099337755417,1.0,4,3,3,3,2,3,38.02099337755417
2026-08-24,95.6203007518797,27.61605035405193,6.733208168066361,33.84273409280355,23.770491803278688,1.3713794257686864,38.365524129218855,1.0,4,3,3,3,2,3,38.365524129218855
2026-08-25,95.6203007518797,26.822233875196645,6.294281929480143,33.84273409280355,23.770491803278688,1.4039654664857162,38.122234189802256,1.0,4,3,3,3,2,3,38.122234189802256
2026-08-26,95.6203007518797,25.5395369156837,9.440636574553869,33.84273409280355,23.770491803278688,1.5112904840793742,38.50569822867377,1.0,4,3,3,3,2,3,38.50569822867377
2026-08-27,95.6203007518797,24.414744933612862,7.906173064757528,33.84273409280355,23.770491803278688,1.8271834764081853,38.00543642953321,1.0,4,3,3,3,2,3,38.00543642953321
2026-08-28,95.6203007518797,24.81879311850493,10.506156578203022,33.84273409280355,23.770491803278688,2.044638937395505,38.62798831529946,1.0,4,3,3,3,2,3,38.62798831529946
2026-08-31,95.6203007518797,25.519469181072115,7.2593776881046495,33.84273409280355,23.770491803278688,2.2622355037959023,38.140527406433264,1.0,4,3,3,3,2,3,38.140527406433264
2026-09-01,95.6203007518797,28.140001745657678,4.001413599158283,33.84273409280355,23.770491803278688,1.926198349479621,37.979437386129476,1.0,4,3,3,3,2,3,37.979437386129476
2026-09-02,95.6203007518797,26.588132635253054,5.554096908973377,33.84273409280355,23.770491803278688,2.12947022891711,37.99992741395532,1.0,4,3,3,3,2,3,37.99992741395532
2026-09-03,95.6203007518797,23.75468899938934,8.403619545594275,33.84273409280355,23.770491803278688,2.2864848821051016,38.018844679425555,1.0,4,3,3,3,2,3,38.018844679425555
2026-09-04,95.6203007518797,22.719344147915578,11.652072920382304,33.84273409280355,23.770491803278688,2.6266920812488563,38.495487104002784,1.0,4,3,3,3,2,3,38.495487104002784
2026-09-08,95.6203007518797,21.38808963292353,17.6426804082695,33.84273409280355,23.770491803278688,2.675702978993895,39.43225878835632,1.0,4,3,3,3,2,3,39.43225878835632
2026-09-09,95.6203007518797,21.731171548117157,18.134274544854538,33.84273409280355,23.770491803278688,2.6913234079681967,39.600756041609486,1.0,4,3,3,3,2,3,39.600756041609486
2026-09-10,95.6203007518797,24.11328976034858,6.313965791934768,33.84273409280355,23.770491803278688,2.428663511715741,37.68685194384656,1.0,4,3,3,3,2,3,37.68685194384656
2026-09-11,88.79310344827587,30.345007841087295,4.887524051008415,34.39068100358423,24.999999999999996,2.5858023419053655,37.161964625216285,1.0,4,3,3,3,2,3,37.161964625216285
2026-09-14,88.79310344827587,32.04424701681038,3.7646694562267498,34.39068100358423,24.999999999999996,2.2962947532186506,37.24829078253589,1.0,4,3,3,3,2,3,37.24829078253589
2026-09-15,88.79310344827587,33.82967607105538,2.902621378431248,34.39068100358423,24.999999999999996,2.1803602858461097,37.42137353108854,1.0,4,3,3,3,2,3,37.42137353108854
2026-09-16,88.79310344827587,32.64559937320449,3.8971237941807337,34.39068100358423,24.999999999999996,2.2873021460884697,37.39415286069249,1.0,4,3,3,3,2,3,37.39415286069249
2026-09-17,88.79310344827587,30.200174064403836,6.171977352103912,34.39068100358423,24.999999999999996,2.523410944053246,37.38364939031348,1.0,4,3,3,3,2,3,37.38364939031348
2026-09-18,88.79310344827587,31.210301922909593,4.312323827376601,34.39068100358423,24.999999999999996,2.4413221090787096,37.20553537357171,1.0,4,3,3,3,2,3,37.20553537357171
2026-09-21,88.79310344827587,30.880306193458594,4.307958519051838,34.39068100358423,24.999999999999996,2.555575959486666,37.15008855105736,1.0,4,3,3,3,2,3,37.15008855105736
2026-09-22,88.79310344827587,30.637446734498653,4.400390645643823,34.39068100358423,24.999999999999996,2.8142463485120084,37.1458701234863,1.0,4,3,3,3,2,3,37.1458701234863
2026-09-23,88.79310344827587,32.1944009737437,3.6153228763932113,34.39068100358423,24.999999999999996,2.9853019195484958,37.31735297458883,1.0,4,3,3,3,2,3,37.31735297458883
2026-09-24,88.79310344827587,34.3328987396784,2.7347522079730733,34.39068100358423,24.999999999999996,2.8220454707828595,37.552612749215186,1.0,4,3,3,3,2,3,37.552612749215186
2026-09-25,88.79310344827587,35.43621828293361,2.3957762202895245,34.39068100358423,24.999999999999996,2.7398973359989336,37.69726664685112,1.0,4,3,3,3,2,3,37.69726664685112
2026-09-28,88.79310344827587,37.95499956563287,1.9739900964532282,34.39068100358423,24.999999999999996,2.5543008952469597,38.098106034548515,1.0,4,3,3,3,2,3,38.098106034548515
2026-09-29,88.79310344827587,34.95744311273232,2.761250790643512,34.39068100358423,24.999999999999996,2.6281832172257586,37.66343511500435,1.0,4,3,3,3,2,3,37.66343511500435
2026-09-30,88.79310344827587,35.286967092124684,2.6127963920149657,34.39068100358423,24.999999999999996,2.6839374239977754,37.70522445183431,1.0,4,3,3,3,2,3,37.70522445183431
2026-10-01,88.79310344827587,34.84375,2.849064159452973,34.39068100358423,24.999999999999996,2.722776228123856,37.667718467309584,1.0,4,3,3,3,2,3,37.667718467309584
2026-10-02,88.79310344827587,32.97752321444069,3.678265868681787,34.39068100358423,24.999999999999996,2.925947186333658,37.480630547864465,1.0,4,3,3,3,2,3,37.480630547864465
2026-10-05,88.79310344827587,32.89085545722713,3.9110366455591294,34.39068100358423,24.999999999999996,2.9824587651274315,37.5155023096766,1.0,4,3,3,3,2,3,37.5155023096766
