date,composite,n_components,momentum,valuation,earnings_revision,oci_growth,rpo_growth,fcf_trend,state,target_exposure
2010-01-04,,0,,,,,,,,
2010-01-05,,0,,,,,,,,
2010-01-06,,0,,,,,,,,
2010-01-07,,0,,,,,,,,
2010-01-08,,0,,,,,,,,
2010-01-11,,0,,,,,,,,
2010-01-12,,0,,,,,,,,
2010-01-13,,0,,,,,,,,
2010-01-14,,0,,,,,,,,
2010-01-15,,0,,,,,,,,
2010-01-19,,0,,,,,,,,
2010-01-20,,0,,,,,,,,
2010-01-21,,0,,,,,,,,
2010-01-22,,0,,,,,,,,
2010-01-25,,0,,,,,,,,
2010-01-26,,0,,,,,,,,
2010-01-27,,0,,,,,,,,
2010-01-28,,0,,,,,,,,
2010-01-29,,0,,,,,,,,
2010-02-01,,0,,,,,,,,
2010-02-02,,0,,,,,,,,
2010-02-03,,0,,,,,,,,
2010-02-04,,0,,,,,,,,
2010-02-05,,0,,,,,,,,
2010-02-08,,0,,,,,,,,
2010-02-09,,0,,,,,,,,
2010-02-10,,0,,,,,,,,
2010-02-11,,0,,,,,,,,
2010-02-12,,0,,,,,,,,
2010-02-16,,0,,,,,,,,
2010-02-17,,0,,,,,,,,
2010-02-18,,0,,,,,,,,
2010-02-19,,0,,,,,,,,
2010-02-22,,0,,,,,,,,
2010-02-23,,0,,,,,,,,
2010-02-24,,0,,,,,,,,
2010-02-25,,0,,,,,,,,
2010-02-26,,0,,,,,,,,
2010-03-01,,0,,,,,,,,
2010-03-02,,0,,,,,,,,
2010-03-03,,0,,,,,,,,
2010-03-04,,0,,,,,,,,
2010-03-05,,0,,,,,,,,
2010-03-08,,0,,,,,,,,
2010-03-09,,0,,,,,,,,
2010-03-10,,0,,,,,,,,
2010-03-11,,0,,,,,,,,
2010-03-12,,0,,,,,,,,
2010-03-15,,0,,,,,,,,
2010-03-16,,0,,,,,,,,
2010-03-17,,0,,,,,,,,
2010-03-18,,0,,,,,,,,
2010-03-19,,0,,,,,,,,
2010-03-22,,0,,,,,,,,
2010-03-23,,0,,,,,,,,
2010-03-24,,0,,,,,,,,
2010-03-25,,0,,,,,,,,
2010-03-26,,0,,,,,,,,
2010-03-29,,0,,,,,,,,
2010-03-30,,0,,,,,,,,
2010-03-31,,0,,,,,,,,
2010-04-01,,0,,,,,,,,
2010-04-05,,0,,,,,,,,
2010-04-06,,0,,,,,,,,
2010-04-07,,0,,,,,,,,
2010-04-08,,0,,,,,,,,
2010-04-09,,0,,,,,,,,
2010-04-12,,0,,,,,,,,
2010-04-13,,0,,,,,,,,
2010-04-14,,0,,,,,,,,
2010-04-15,,0,,,,,,,,
2010-04-16,,0,,,,,,,,
2010-04-19,,0,,,,,,,,
2010-04-20,,0,,,,,,,,
2010-04-21,,0,,,,,,,,
2010-04-22,,0,,,,,,,,
2010-04-23,,0,,,,,,,,
2010-04-26,,0,,,,,,,,
2010-04-27,,0,,,,,,,,
2010-04-28,,0,,,,,,,,
2010-04-29,,0,,,,,,,,
2010-04-30,,0,,,,,,,,
2010-05-03,,0,,,,,,,,
2010-05-04,,0,,,,,,,,
2010-05-05,,0,,,,,,,,
2010-05-06,,0,,,,,,,,
2010-05-07,,0,,,,,,,,
2010-05-10,,0,,,,,,,,
2010-05-11,,0,,,,,,,,
2010-05-12,,0,,,,,,,,
2010-05-13,,0,,,,,,,,
2010-05-14,,0,,,,,,,,
2010-05-17,,0,,,,,,,,
2010-05-18,,0,,,,,,,,
2010-05-19,,0,,,,,,,,
2010-05-20,,0,,,,,,,,
2010-05-21,,0,,,,,,,,
2010-05-24,,0,,,,,,,,
2010-05-25,,0,,,,,,,,
2010-05-26,,0,,,,,,,,
2010-05-27,,0,,,,,,,,
2010-05-28,,0,,,,,,,,
2010-06-01,,0,,,,,,,,
2010-06-02,,0,,,,,,,,
2010-06-03,,0,,,,,,,,
2010-06-04,,0,,,,,,,,
2010-06-07,,0,,,,,,,,
2010-06-08,,0,,,,,,,,
2010-06-09,,0,,,,,,,,
2010-06-10,,0,,,,,,,,
2010-06-11,,0,,,,,,,,
2010-06-14,,0,,,,,,,,
2010-06-15,,0,,,,,,,,
2010-06-16,,0,,,,,,,,
2010-06-17,,0,,,,,,,,
2010-06-18,,0,,,,,,,,
2010-06-21,,0,,,,,,,,
2010-06-22,,0,,,,,,,,
2010-06-23,,0,,,,,,,,
2010-06-24,,0,,,,,,,,
2010-06-25,,0,,,,,,,,
2010-06-28,,0,,,,,,,,
2010-06-29,,0,,,,,,,,
2010-06-30,,0,,,,,,,,
2010-07-01,,0,,,,,,,,
2010-07-02,,0,,,,,,,,
2010-07-06,,0,,,,,,,,
2010-07-07,,0,,,,,,,,
2010-07-08,,0,,,,,,,,
2010-07-09,,0,,,,,,,,
2010-07-12,,0,,,,,,,,
2010-07-13,,0,,,,,,,,
2010-07-14,,0,,,,,,,,
2010-07-15,,0,,,,,,,,
2010-07-16,,0,,,,,,,,
2010-07-19,,0,,,,,,,,
2010-07-20,,0,,,,,,,,
2010-07-21,,0,,,,,,,,
2010-07-22,,0,,,,,,,,
2010-07-23,,0,,,,,,,,
2010-07-26,,0,,,,,,,,
2010-07-27,,0,,,,,,,,
2010-07-28,,0,,,,,,,,
2010-07-29,,0,,,,,,,,
2010-07-30,,0,,,,,,,,
2010-08-02,,0,,,,,,,,
2010-08-03,,0,,,,,,,,
2010-08-04,,0,,,,,,,,
2010-08-05,,0,,,,,,,,
2010-08-06,,0,,,,,,,,
2010-08-09,,0,,,,,,,,
2010-08-10,,0,,,,,,,,
2010-08-11,,0,,,,,,,,
2010-08-12,,0,,,,,,,,
2010-08-13,,0,,,,,,,,
2010-08-16,,0,,,,,,,,
2010-08-17,,0,,,,,,,,
2010-08-18,,0,,,,,,,,
2010-08-19,,0,,,,,,,,
2010-08-20,,0,,,,,,,,
2010-08-23,,0,,,,,,,,
2010-08-24,,0,,,,,,,,
2010-08-25,,0,,,,,,,,
2010-08-26,,0,,,,,,,,
2010-08-27,,0,,,,,,,,
2010-08-30,,0,,,,,,,,
2010-08-31,,0,,,,,,,,
2010-09-01,,0,,,,,,,,
2010-09-02,,0,,,,,,,,
2010-09-03,,0,,,,,,,,
2010-09-07,,0,,,,,,,,
2010-09-08,,0,,,,,,,,
2010-09-09,,0,,,,,,,,
2010-09-10,,0,,,,,,,,
2010-09-13,,0,,,,,,,,
2010-09-14,,0,,,,,,,,
2010-09-15,,0,,,,,,,,
2010-09-16,,0,,,,,,,,
2010-09-17,,0,,,,,,,,
2010-09-20,,0,,,,,,,,
2010-09-21,,0,,,,,,,,
2010-09-22,,0,,,,,,,,
2010-09-23,,0,,,,,,,,
2010-09-24,,0,,,,,,,,
2010-09-27,,0,,,,,,,,
2010-09-28,,0,,,,,,,,
2010-09-29,,0,,,,,,,,
2010-09-30,,0,,,,,,,,
2010-10-01,,0,,,,,,,,
2010-10-04,,0,,,,,,,,
2010-10-05,,0,,,,,,,,
2010-10-06,,0,,,,,,,,
2010-10-07,,0,,,,,,,,
2010-10-08,,0,,,,,,,,
2010-10-11,,0,,,,,,,,
2010-10-12,,0,,,,,,,,
2010-10-13,,0,,,,,,,,
2010-10-14,,0,,,,,,,,
2010-10-15,,0,,,,,,,,
2010-10-18,,0,,,,,,,,
2010-10-19,,0,,,,,,,,
2010-10-20,,0,,,,,,,,
2010-10-21,,0,,,,,,,,
2010-10-22,,0,,,,,,,,
2010-10-25,,0,,,,,,,,
2010-10-26,,0,,,,,,,,
2010-10-27,,0,,,,,,,,
2010-10-28,,0,,,,,,,,
2010-10-29,,0,,,,,,,,
2010-11-01,,0,,,,,,,,
2010-11-02,,0,,,,,,,,
2010-11-03,,0,,,,,,,,
2010-11-04,,0,,,,,,,,
2010-11-05,,0,,,,,,,,
2010-11-08,,0,,,,,,,,
2010-11-09,,0,,,,,,,,
2010-11-10,,0,,,,,,,,
2010-11-11,,0,,,,,,,,
2010-11-12,,0,,,,,,,,
2010-11-15,,0,,,,,,,,
2010-11-16,,0,,,,,,,,
2010-11-17,,0,,,,,,,,
2010-11-18,,0,,,,,,,,
2010-11-19,,0,,,,,,,,
2010-11-22,,0,,,,,,,,
2010-11-23,,0,,,,,,,,
2010-11-24,,0,,,,,,,,
2010-11-26,,0,,,,,,,,
2010-11-29,,0,,,,,,,,
2010-11-30,,0,,,,,,,,
2010-12-01,,0,,,,,,,,
2010-12-02,,0,,,,,,,,
2010-12-03,,0,,,,,,,,
2010-12-06,,0,,,,,,,,
2010-12-07,,0,,,,,,,,
2010-12-08,,0,,,,,,,,
2010-12-09,,0,,,,,,,,
2010-12-10,,0,,,,,,,,
2010-12-13,,0,,,,,,,,
2010-12-14,,0,,,,,,,,
2010-12-15,,0,,,,,,,,
2010-12-16,,0,,,,,,,,
2010-12-17,,0,,,,,,,,
2010-12-20,,0,,,,,,,,
2010-12-21,,0,,,,,,,,
2010-12-22,,0,,,,,,,,
2010-12-23,,0,,,,,,,,
2010-12-27,,0,,,,,,,,
2010-12-28,,0,,,,,,,,
2010-12-29,,0,,,,,,,,
2010-12-30,,0,,,,,,,,
2010-12-31,,0,,,,,,,,
2011-01-03,,0,,,,,,,,
2011-01-04,,0,,,,,,,,
2011-01-05,,0,,,,,,,,
2011-01-06,,0,,,,,,,,
2011-01-07,,0,,,,,,,,
2011-01-10,,0,,,,,,,,
2011-01-11,,0,,,,,,,,
2011-01-12,,0,,,,,,,,
2011-01-13,,0,,,,,,,,
2011-01-14,,0,,,,,,,,
2011-01-18,,0,,,,,,,,
2011-01-19,,0,,,,,,,,
2011-01-20,,0,,,,,,,,
2011-01-21,,0,,,,,,,,
2011-01-24,,0,,,,,,,,
2011-01-25,,0,,,,,,,,
2011-01-26,,0,,,,,,,,
2011-01-27,,0,,,,,,,,
2011-01-28,,0,,,,,,,,
2011-01-31,,0,,,,,,,,
2011-02-01,,0,,,,,,,,
2011-02-02,,0,,,,,,,,
2011-02-03,,0,,,,,,,,
2011-02-04,,0,,,,,,,,
2011-02-07,,0,,,,,,,,
2011-02-08,,0,,,,,,,,
2011-02-09,,0,,,,,,,,
2011-02-10,,0,,,,,,,,
2011-02-11,,0,,,,,,,,
2011-02-14,,0,,,,,,,,
2011-02-15,,0,,,,,,,,
2011-02-16,,0,,,,,,,,
2011-02-17,,0,,,,,,,,
2011-02-18,,0,,,,,,,,
2011-02-22,,0,,,,,,,,
2011-02-23,,0,,,,,,,,
2011-02-24,,0,,,,,,,,
2011-02-25,,0,,,,,,,,
2011-02-28,,0,,,,,,,,
2011-03-01,,0,,,,,,,,
2011-03-02,,0,,,,,,,,
2011-03-03,,0,,,,,,,,
2011-03-04,,0,,,,,,,,
2011-03-07,,0,,,,,,,,
2011-03-08,,0,,,,,,,,
2011-03-09,,0,,,,,,,,
2011-03-10,,0,,,,,,,,
2011-03-11,,0,,,,,,,,
2011-03-14,,0,,,,,,,,
2011-03-15,,0,,,,,,,,
2011-03-16,,0,,,,,,,,
2011-03-17,,0,,,,,,,,
2011-03-18,,0,,,,,,,,
2011-03-21,,0,,,,,,,,
2011-03-22,,0,,,,,,,,
2011-03-23,,0,,,,,,,,
2011-03-24,,0,,,,,,,,
2011-03-25,,0,,,,,,,,
2011-03-28,,0,,,,,,,,
2011-03-29,,0,,,,,,,,
2011-03-30,,0,,,,,,,,
2011-03-31,,0,,,,,,,,
2011-04-01,,0,,,,,,,,
2011-04-04,,0,,,,,,,,
2011-04-05,,0,,,,,,,,
2011-04-06,,0,,,,,,,,
2011-04-07,,0,,,,,,,,
2011-04-08,,0,,,,,,,,
2011-04-11,,0,,,,,,,,
2011-04-12,,0,,,,,,,,
2011-04-13,,0,,,,,,,,
2011-04-14,,0,,,,,,,,
2011-04-15,,0,,,,,,,,
2011-04-18,,0,,,,,,,,
2011-04-19,,0,,,,,,,,
2011-04-20,,0,,,,,,,,
2011-04-21,,0,,,,,,,,
2011-04-25,,0,,,,,,,,
2011-04-26,,0,,,,,,,,
2011-04-27,,0,,,,,,,,
2011-04-28,,0,,,,,,,,
2011-04-29,,0,,,,,,,,
2011-05-02,,0,,,,,,,,
2011-05-03,,0,,,,,,,,
2011-05-04,,0,,,,,,,,
2011-05-05,,0,,,,,,,,
2011-05-06,,0,,,,,,,,
2011-05-09,,0,,,,,,,,
2011-05-10,,0,,,,,,,,
2011-05-11,,0,,,,,,,,
2011-05-12,,0,,,,,,,,
2011-05-13,,0,,,,,,,,
2011-05-16,,0,,,,,,,,
2011-05-17,,0,,,,,,,,
2011-05-18,,0,,,,,,,,
2011-05-19,,0,,,,,,,,
2011-05-20,,0,,,,,,,,
2011-05-23,,0,,,,,,,,
2011-05-24,,0,,,,,,,,
2011-05-25,,0,,,,,,,,
2011-05-26,,0,,,,,,,,
2011-05-27,,0,,,,,,,,
2011-05-31,,0,,,,,,,,
2011-06-01,,0,,,,,,,,
2011-06-02,,0,,,,,,,,
2011-06-03,,0,,,,,,,,
2011-06-06,,0,,,,,,,,
2011-06-07,,0,,,,,,,,
2011-06-08,,0,,,,,,,,
2011-06-09,,0,,,,,,,,
2011-06-10,,0,,,,,,,,
2011-06-13,,0,,,,,,,,
2011-06-14,,0,,,,,,,,
2011-06-15,,0,,,,,,,,
2011-06-16,,0,,,,,,,,
2011-06-17,,0,,,,,,,,
2011-06-20,,0,,,,,,,,
2011-06-21,,0,,,,,,,,
2011-06-22,,0,,,,,,,,
2011-06-23,,0,,,,,,,,
2011-06-24,,0,,,,,,,,
2011-06-27,,0,,,,,,,,
2011-06-28,,0,,,,,,,,
2011-06-29,,0,,,,,,,,
2011-06-30,,0,,,,,,,,
2011-07-01,,0,,,,,,,,
2011-07-05,,0,,,,,,,,
2011-07-06,,0,,,,,,,,
2011-07-07,,0,,,,,,,,
2011-07-08,,0,,,,,,,,
2011-07-11,,0,,,,,,,,
2011-07-12,,0,,,,,,,,
2011-07-13,,0,,,,,,,,
2011-07-14,,0,,,,,,,,
2011-07-15,,0,,,,,,,,
2011-07-18,,0,,,,,,,,
2011-07-19,,0,,,,,,,,
2011-07-20,,0,,,,,,,,
2011-07-21,,0,,,,,,,,
2011-07-22,,0,,,,,,,,
2011-07-25,,0,,,,,,,,
2011-07-26,,0,,,,,,,,
2011-07-27,,0,,,,,,,,
2011-07-28,,0,,,,,,,,
2011-07-29,,0,,,,,,,,
2011-08-01,,0,,,,,,,,
2011-08-02,,0,,,,,,,,
2011-08-03,,0,,,,,,,,
2011-08-04,,0,,,,,,,,
2011-08-05,,0,,,,,,,,
2011-08-08,,0,,,,,,,,
2011-08-09,,0,,,,,,,,
2011-08-10,,0,,,,,,,,
2011-08-11,,0,,,,,,,,
2011-08-12,,0,,,,,,,,
2011-08-15,,0,,,,,,,,
2011-08-16,,0,,,,,,,,
2011-08-17,,0,,,,,,,,
2011-08-18,,0,,,,,,,,
2011-08-19,,0,,,,,,,,
2011-08-22,,0,,,,,,,,
2011-08-23,,0,,,,,,,,
2011-08-24,,0,,,,,,,,
2011-08-25,,0,,,,,,,,
2011-08-26,,0,,,,,,,,
2011-08-29,,0,,,,,,,,
2011-08-30,,0,,,,,,,,
2011-08-31,,0,,,,,,,,
2011-09-01,,0,,,,,,,,
2011-09-02,,0,,,,,,,,
2011-09-06,,0,,,,,,,,
2011-09-07,,0,,,,,,,,
2011-09-08,,0,,,,,,,,
2011-09-09,,0,,,,,,,,
2011-09-12,,0,,,,,,,,
2011-09-13,,0,,,,,,,,
2011-09-14,,0,,,,,,,,
2011-09-15,,0,,,,,,,,
2011-09-16,,0,,,,,,,,
2011-09-19,,0,,,,,,,,
2011-09-20,,0,,,,,,,,
2011-09-21,,0,,,,,,,,
2011-09-22,,0,,,,,,,,
2011-09-23,,0,,,,,,,,
2011-09-26,,0,,,,,,,,
2011-09-27,,0,,,,,,,,
2011-09-28,,0,,,,,,,,
2011-09-29,,0,,,,,,,,
2011-09-30,,0,,,,,,,,
2011-10-03,,0,,,,,,,,
2011-10-04,,0,,,,,,,,
2011-10-05,,0,,,,,,,,
2011-10-06,,0,,,,,,,,
2011-10-07,,0,,,,,,,,
2011-10-10,,0,,,,,,,,
2011-10-11,,0,,,,,,,,
2011-10-12,,0,,,,,,,,
2011-10-13,,0,,,,,,,,
2011-10-14,,0,,,,,,,,
2011-10-17,,0,,,,,,,,
2011-10-18,,0,,,,,,,,
2011-10-19,,0,,,,,,,,
2011-10-20,,0,,,,,,,,
2011-10-21,,0,,,,,,,,
2011-10-24,,0,,,,,,,,
2011-10-25,,0,,,,,,,,
2011-10-26,,0,,,,,,,,
2011-10-27,,0,,,,,,,,
2011-10-28,,0,,,,,,,,
2011-10-31,,0,,,,,,,,
2011-11-01,,0,,,,,,,,
2011-11-02,,0,,,,,,,,
2011-11-03,,0,,,,,,,,
2011-11-04,,0,,,,,,,,
2011-11-07,,0,,,,,,,,
2011-11-08,,0,,,,,,,,
2011-11-09,,0,,,,,,,,
2011-11-10,,0,,,,,,,,
2011-11-11,,0,,,,,,,,
2011-11-14,,0,,,,,,,,
2011-11-15,,0,,,,,,,,
2011-11-16,,0,,,,,,,,
2011-11-17,,0,,,,,,,,
2011-11-18,,0,,,,,,,,
2011-11-21,,0,,,,,,,,
2011-11-22,,0,,,,,,,,
2011-11-23,,0,,,,,,,,
2011-11-25,,0,,,,,,,,
2011-11-28,,0,,,,,,,,
2011-11-29,,0,,,,,,,,
2011-11-30,,0,,,,,,,,
2011-12-01,,0,,,,,,,,
2011-12-02,,0,,,,,,,,
2011-12-05,,0,,,,,,,,
2011-12-06,,0,,,,,,,,
2011-12-07,,0,,,,,,,,
2011-12-08,,0,,,,,,,,
2011-12-09,,0,,,,,,,,
2011-12-12,,0,,,,,,,,
2011-12-13,,0,,,,,,,,
2011-12-14,,0,,,,,,,,
2011-12-15,,0,,,,,,,,
2011-12-16,,0,,,,,,,,
2011-12-19,,0,,,,,,,,
2011-12-20,,0,,,,,,,,
2011-12-21,,0,,,,,,,,
2011-12-22,,0,,,,,,,,
2011-12-23,,0,,,,,,,,
2011-12-27,,0,,,,,,,,
2011-12-28,,0,,,,,,,,
2011-12-29,,0,,,,,,,,
2011-12-30,,0,,,,,,,,
2012-01-03,,0,,,,,,,,
2012-01-04,,0,,,,,,,,
2012-01-05,,0,,,,,,,,
2012-01-06,,0,,,,,,,,
2012-01-09,,0,,,,,,,,
2012-01-10,,0,,,,,,,,
2012-01-11,,0,,,,,,,,
2012-01-12,,0,,,,,,,,
2012-01-13,,0,,,,,,,,
2012-01-17,,0,,,,,,,,
2012-01-18,,0,,,,,,,,
2012-01-19,,0,,,,,,,,
2012-01-20,,0,,,,,,,,
2012-01-23,,0,,,,,,,,
2012-01-24,,0,,,,,,,,
2012-01-25,,0,,,,,,,,
2012-01-26,,0,,,,,,,,
2012-01-27,,0,,,,,,,,
2012-01-30,,0,,,,,,,,
2012-01-31,,0,,,,,,,,
2012-02-01,,0,,,,,,,,
2012-02-02,,0,,,,,,,,
2012-02-03,,0,,,,,,,,
2012-02-06,,0,,,,,,,,
2012-02-07,,0,,,,,,,,
2012-02-08,,0,,,,,,,,
2012-02-09,,0,,,,,,,,
2012-02-10,,0,,,,,,,,
2012-02-13,,0,,,,,,,,
2012-02-14,,0,,,,,,,,
2012-02-15,,0,,,,,,,,
2012-02-16,,0,,,,,,,,
2012-02-17,,0,,,,,,,,
2012-02-21,,0,,,,,,,,
2012-02-22,,0,,,,,,,,
2012-02-23,,0,,,,,,,,
2012-02-24,,0,,,,,,,,
2012-02-27,,0,,,,,,,,
2012-02-28,,0,,,,,,,,
2012-02-29,,0,,,,,,,,
2012-03-01,,0,,,,,,,,
2012-03-02,,0,,,,,,,,
2012-03-05,,0,,,,,,,,
2012-03-06,,0,,,,,,,,
2012-03-07,,0,,,,,,,,
2012-03-08,,0,,,,,,,,
2012-03-09,,0,,,,,,,,
2012-03-12,,0,,,,,,,,
2012-03-13,,0,,,,,,,,
2012-03-14,,0,,,,,,,,
2012-03-15,,0,,,,,,,,
2012-03-16,,0,,,,,,,,
2012-03-19,,0,,,,,,,,
2012-03-20,,0,,,,,,,,
2012-03-21,,0,,,,,,,,
2012-03-22,,0,,,,,,,,
2012-03-23,,0,,,,,,,,
2012-03-26,,0,,,,,,,,
2012-03-27,,0,,,,,,,,
2012-03-28,,0,,,,,,,,
2012-03-29,,0,,,,,,,,
2012-03-30,,0,,,,,,,,
2012-04-02,,0,,,,,,,,
2012-04-03,,0,,,,,,,,
2012-04-04,,0,,,,,,,,
2012-04-05,,0,,,,,,,,
2012-04-09,,0,,,,,,,,
2012-04-10,,0,,,,,,,,
2012-04-11,,0,,,,,,,,
2012-04-12,,0,,,,,,,,
2012-04-13,,0,,,,,,,,
2012-04-16,,0,,,,,,,,
2012-04-17,,0,,,,,,,,
2012-04-18,,0,,,,,,,,
2012-04-19,,0,,,,,,,,
2012-04-20,,0,,,,,,,,
2012-04-23,,0,,,,,,,,
2012-04-24,,0,,,,,,,,
2012-04-25,,0,,,,,,,,
2012-04-26,,0,,,,,,,,
2012-04-27,,0,,,,,,,,
2012-04-30,,0,,,,,,,,
2012-05-01,,0,,,,,,,,
2012-05-02,,0,,,,,,,,
2012-05-03,,0,,,,,,,,
2012-05-04,,0,,,,,,,,
2012-05-07,,0,,,,,,,,
2012-05-08,,0,,,,,,,,
2012-05-09,,0,,,,,,,,
2012-05-10,,0,,,,,,,,
2012-05-11,,0,,,,,,,,
2012-05-14,,0,,,,,,,,
2012-05-15,,0,,,,,,,,
2012-05-16,,0,,,,,,,,
2012-05-17,,0,,,,,,,,
2012-05-18,,0,,,,,,,,
2012-05-21,,0,,,,,,,,
2012-05-22,,0,,,,,,,,
2012-05-23,,0,,,,,,,,
2012-05-24,,0,,,,,,,,
2012-05-25,,0,,,,,,,,
2012-05-29,,0,,,,,,,,
2012-05-30,,0,,,,,,,,
2012-05-31,,0,,,,,,,,
2012-06-01,,0,,,,,,,,
2012-06-04,,0,,,,,,,,
2012-06-05,,0,,,,,,,,
2012-06-06,,0,,,,,,,,
2012-06-07,,0,,,,,,,,
2012-06-08,,0,,,,,,,,
2012-06-11,,0,,,,,,,,
2012-06-12,,0,,,,,,,,
2012-06-13,,0,,,,,,,,
2012-06-14,,0,,,,,,,,
2012-06-15,,0,,,,,,,,
2012-06-18,,0,,,,,,,,
2012-06-19,,1,,,-0.25,,,,,
2012-06-20,,1,,,-0.25,,,,,
2012-06-21,,1,,,-0.25,,,,,
2012-06-22,,1,,,-0.25,,,,,
2012-06-25,,1,,,-0.25,,,,,
2012-06-26,,1,,,-0.25,,,,,
2012-06-27,,1,,,-0.25,,,,,
2012-06-28,,1,,,-0.25,,,,,
2012-06-29,,1,,,-0.25,,,,,
2012-07-02,,1,,,-0.25,,,,,
2012-07-03,,1,,,-0.25,,,,,
2012-07-05,,1,,,-0.25,,,,,
2012-07-06,,1,,,-0.25,,,,,
2012-07-09,,1,,,-0.25,,,,,
2012-07-10,,1,,,-0.25,,,,,
2012-07-11,,1,,,-0.25,,,,,
2012-07-12,,1,,,-0.25,,,,,
2012-07-13,,1,,,-0.25,,,,,
2012-07-16,,1,,,-0.25,,,,,
2012-07-17,,1,,,-0.25,,,,,
2012-07-18,,1,,,-0.25,,,,,
2012-07-19,,1,,,-0.25,,,,,
2012-07-20,,1,,,-0.25,,,,,
2012-07-23,,1,,,-0.25,,,,,
2012-07-24,,1,,,-0.25,,,,,
2012-07-25,,1,,,-0.25,,,,,
2012-07-26,,1,,,-0.25,,,,,
2012-07-27,,1,,,-0.25,,,,,
2012-07-30,,1,,,-0.25,,,,,
2012-07-31,,1,,,-0.25,,,,,
2012-08-01,,1,,,-0.25,,,,,
2012-08-02,,1,,,-0.25,,,,,
2012-08-03,,1,,,-0.25,,,,,
2012-08-06,,1,,,-0.25,,,,,
2012-08-07,,1,,,-0.25,,,,,
2012-08-08,,1,,,-0.25,,,,,
2012-08-09,,1,,,-0.25,,,,,
2012-08-10,,1,,,-0.25,,,,,
2012-08-13,,1,,,-0.25,,,,,
2012-08-14,,1,,,-0.25,,,,,
2012-08-15,,1,,,-0.25,,,,,
2012-08-16,,1,,,-0.25,,,,,
2012-08-17,,1,,,-0.25,,,,,
2012-08-20,,1,,,-0.25,,,,,
2012-08-21,,1,,,-0.25,,,,,
2012-08-22,,1,,,-0.25,,,,,
2012-08-23,,1,,,-0.25,,,,,
2012-08-24,,1,,,-0.25,,,,,
2012-08-27,,1,,,-0.25,,,,,
2012-08-28,,1,,,-0.25,,,,,
2012-08-29,,1,,,-0.25,,,,,
2012-08-30,,1,,,-0.25,,,,,
2012-08-31,,1,,,-0.25,,,,,
2012-09-04,,1,,,-0.25,,,,,
2012-09-05,,1,,,-0.25,,,,,
2012-09-06,,1,,,-0.25,,,,,
2012-09-07,,1,,,-0.25,,,,,
2012-09-10,,1,,,-0.25,,,,,
2012-09-11,,1,,,-0.25,,,,,
2012-09-12,,1,,,-0.25,,,,,
2012-09-13,,1,,,-0.25,,,,,
2012-09-14,,1,,,-0.25,,,,,
2012-09-17,,1,,,-0.25,,,,,
2012-09-18,,1,,,-0.25,,,,,
2012-09-19,,1,,,-0.25,,,,,
2012-09-20,,1,,,-0.25,,,,,
2012-09-21,,1,,,-0.5555555555555556,,,,,
2012-09-24,,1,,,-0.5555555555555556,,,,,
2012-09-25,,1,,,-0.5555555555555556,,,,,
2012-09-26,,1,,,-0.5555555555555556,,,,,
2012-09-27,,1,,,-0.5555555555555556,,,,,
2012-09-28,,1,,,-0.5555555555555556,,,,,
2012-10-01,,1,,,-0.5555555555555556,,,,,
2012-10-02,,1,,,-0.5555555555555556,,,,,
2012-10-03,,1,,,-0.5555555555555556,,,,,
2012-10-04,,1,,,-0.5555555555555556,,,,,
2012-10-05,,1,,,-0.5555555555555556,,,,,
2012-10-08,,1,,,-0.5555555555555556,,,,,
2012-10-09,,1,,,-0.5555555555555556,,,,,
2012-10-10,,1,,,-0.5555555555555556,,,,,
2012-10-11,,1,,,-0.5555555555555556,,,,,
2012-10-12,,1,,,-0.5555555555555556,,,,,
2012-10-15,,1,,,-0.5555555555555556,,,,,
2012-10-16,,1,,,-0.5555555555555556,,,,,
2012-10-17,,1,,,-0.5555555555555556,,,,,
2012-10-18,,1,,,-0.5555555555555556,,,,,
2012-10-19,,1,,,-0.5555555555555556,,,,,
2012-10-22,,1,,,-0.5555555555555556,,,,,
2012-10-23,,1,,,-0.5555555555555556,,,,,
2012-10-24,,1,,,-0.5555555555555556,,,,,
2012-10-25,,1,,,-0.5555555555555556,,,,,
2012-10-26,,1,,,-0.5555555555555556,,,,,
2012-10-31,,1,,,-0.5555555555555556,,,,,
2012-11-01,,1,,,-0.5555555555555556,,,,,
2012-11-02,,1,,,-0.5555555555555556,,,,,
2012-11-05,,1,,,-0.5555555555555556,,,,,
2012-11-06,,1,,,-0.5555555555555556,,,,,
2012-11-07,,1,,,-0.5555555555555556,,,,,
2012-11-08,,1,,,-0.5555555555555556,,,,,
2012-11-09,,1,,,-0.5555555555555556,,,,,
2012-11-12,,1,,,-0.5555555555555556,,,,,
2012-11-13,,1,,,-0.5555555555555556,,,,,
2012-11-14,,1,,,-0.5555555555555556,,,,,
2012-11-15,,1,,,-0.5555555555555556,,,,,
2012-11-16,,1,,,-0.5555555555555556,,,,,
2012-11-19,,1,,,-0.5555555555555556,,,,,
2012-11-20,,1,,,-0.5555555555555556,,,,,
2012-11-21,,1,,,-0.5555555555555556,,,,,
2012-11-23,,1,,,-0.5555555555555556,,,,,
2012-11-26,,1,,,-0.5555555555555556,,,,,
2012-11-27,,1,,,-0.5555555555555556,,,,,
2012-11-28,,1,,,-0.5555555555555556,,,,,
2012-11-29,,1,,,-0.5555555555555556,,,,,
2012-11-30,,1,,,-0.5555555555555556,,,,,
2012-12-03,,1,,,-0.5555555555555556,,,,,
2012-12-04,,1,,,-0.5555555555555556,,,,,
2012-12-05,,1,,,-0.5555555555555556,,,,,
2012-12-06,,1,,,-0.5555555555555556,,,,,
2012-12-07,,1,,,-0.5555555555555556,,,,,
2012-12-10,,1,,,-0.5555555555555556,,,,,
2012-12-11,,1,,,-0.5555555555555556,,,,,
2012-12-12,,1,,,-0.5555555555555556,,,,,
2012-12-13,,1,,,-0.5555555555555556,,,,,
2012-12-14,,1,,,-0.5555555555555556,,,,,
2012-12-17,,1,,,-0.5555555555555556,,,,,
2012-12-18,,1,,,-0.5555555555555556,,,,,
2012-12-19,,1,,,0.19999999999999996,,,,,
2012-12-20,,1,,,0.19999999999999996,,,,,
2012-12-21,,1,,,0.19999999999999996,,,,,
2012-12-24,,1,,,0.19999999999999996,,,,,
2012-12-26,,1,,,0.19999999999999996,,,,,
2012-12-27,,1,,,0.19999999999999996,,,,,
2012-12-28,,1,,,0.19999999999999996,,,,,
2012-12-31,,1,,,0.19999999999999996,,,,,
2013-01-02,,1,,,0.19999999999999996,,,,,
2013-01-03,,1,,,0.19999999999999996,,,,,
2013-01-04,,1,,,0.19999999999999996,,,,,
2013-01-07,,1,,,0.19999999999999996,,,,,
2013-01-08,,1,,,0.19999999999999996,,,,,
2013-01-09,,1,,,0.19999999999999996,,,,,
2013-01-10,,1,,,0.19999999999999996,,,,,
2013-01-11,,1,,,0.19999999999999996,,,,,
2013-01-14,,1,,,0.19999999999999996,,,,,
2013-01-15,,1,,,0.19999999999999996,,,,,
2013-01-16,,1,,,0.19999999999999996,,,,,
2013-01-17,,1,,,0.19999999999999996,,,,,
2013-01-18,,1,,,0.19999999999999996,,,,,
2013-01-22,,1,,,0.19999999999999996,,,,,
2013-01-23,,1,,,0.19999999999999996,,,,,
2013-01-24,,1,,,0.19999999999999996,,,,,
2013-01-25,,1,,,0.19999999999999996,,,,,
2013-01-28,,1,,,0.19999999999999996,,,,,
2013-01-29,,1,,,0.19999999999999996,,,,,
2013-01-30,,1,,,0.19999999999999996,,,,,
2013-01-31,,1,,,0.19999999999999996,,,,,
2013-02-01,,1,,,0.19999999999999996,,,,,
2013-02-04,,1,,,0.19999999999999996,,,,,
2013-02-05,,1,,,0.19999999999999996,,,,,
2013-02-06,,1,,,0.19999999999999996,,,,,
2013-02-07,,1,,,0.19999999999999996,,,,,
2013-02-08,,1,,,0.19999999999999996,,,,,
2013-02-11,,1,,,0.19999999999999996,,,,,
2013-02-12,,1,,,0.19999999999999996,,,,,
2013-02-13,,1,,,0.19999999999999996,,,,,
2013-02-14,,1,,,0.19999999999999996,,,,,
2013-02-15,,1,,,0.19999999999999996,,,,,
2013-02-19,,1,,,0.19999999999999996,,,,,
2013-02-20,,1,,,0.19999999999999996,,,,,
2013-02-21,,1,,,0.19999999999999996,,,,,
2013-02-22,,1,,,0.19999999999999996,,,,,
2013-02-25,,1,,,0.19999999999999996,,,,,
2013-02-26,,1,,,0.19999999999999996,,,,,
2013-02-27,,1,,,0.19999999999999996,,,,,
2013-02-28,,1,,,0.19999999999999996,,,,,
2013-03-01,,1,,,0.19999999999999996,,,,,
2013-03-04,,1,,,0.19999999999999996,,,,,
2013-03-05,,1,,,0.19999999999999996,,,,,
2013-03-06,,1,,,0.19999999999999996,,,,,
2013-03-07,,1,,,0.19999999999999996,,,,,
2013-03-08,,1,,,0.19999999999999996,,,,,
2013-03-11,,1,,,0.19999999999999996,,,,,
2013-03-12,,1,,,0.19999999999999996,,,,,
2013-03-13,,1,,,0.19999999999999996,,,,,
2013-03-14,,1,,,0.19999999999999996,,,,,
2013-03-15,,1,,,0.19999999999999996,,,,,
2013-03-18,,1,,,0.19999999999999996,,,,,
2013-03-19,,1,,,0.19999999999999996,,,,,
2013-03-20,,1,,,0.19999999999999996,,,,,
2013-03-21,,1,,,-0.6363636363636364,,,,,
2013-03-22,,1,,,-0.6363636363636364,,,,,
2013-03-25,,1,,,-0.6363636363636364,,,,,
2013-03-26,,1,,,-0.6363636363636364,,,,,
2013-03-27,,1,,,-0.6363636363636364,,,,,
2013-03-28,,1,,,-0.6363636363636364,,,,,
2013-04-01,,1,,,-0.6363636363636364,,,,,
2013-04-02,,1,,,-0.6363636363636364,,,,,
2013-04-03,,1,,,-0.6363636363636364,,,,,
2013-04-04,,1,,,-0.6363636363636364,,,,,
2013-04-05,,1,,,-0.6363636363636364,,,,,
2013-04-08,,1,,,-0.6363636363636364,,,,,
2013-04-09,,1,,,-0.6363636363636364,,,,,
2013-04-10,,1,,,-0.6363636363636364,,,,,
2013-04-11,,1,,,-0.6363636363636364,,,,,
2013-04-12,,1,,,-0.6363636363636364,,,,,
2013-04-15,,1,,,-0.6363636363636364,,,,,
2013-04-16,,1,,,-0.6363636363636364,,,,,
2013-04-17,,1,,,-0.6363636363636364,,,,,
2013-04-18,,1,,,-0.6363636363636364,,,,,
2013-04-19,,1,,,-0.6363636363636364,,,,,
2013-04-22,,1,,,-0.6363636363636364,,,,,
2013-04-23,,1,,,-0.6363636363636364,,,,,
2013-04-24,,1,,,-0.6363636363636364,,,,,
2013-04-25,,1,,,-0.6363636363636364,,,,,
2013-04-26,,1,,,-0.6363636363636364,,,,,
2013-04-29,,1,,,-0.6363636363636364,,,,,
2013-04-30,,1,,,-0.6363636363636364,,,,,
2013-05-01,,1,,,-0.6363636363636364,,,,,
2013-05-02,,1,,,-0.6363636363636364,,,,,
2013-05-03,,1,,,-0.6363636363636364,,,,,
2013-05-06,,1,,,-0.6363636363636364,,,,,
2013-05-07,,1,,,-0.6363636363636364,,,,,
2013-05-08,,1,,,-0.6363636363636364,,,,,
2013-05-09,,1,,,-0.6363636363636364,,,,,
2013-05-10,,1,,,-0.6363636363636364,,,,,
2013-05-13,,1,,,-0.6363636363636364,,,,,
2013-05-14,,1,,,-0.6363636363636364,,,,,
2013-05-15,,1,,,-0.6363636363636364,,,,,
2013-05-16,,1,,,-0.6363636363636364,,,,,
2013-05-17,,1,,,-0.6363636363636364,,,,,
2013-05-20,,1,,,-0.6363636363636364,,,,,
2013-05-21,,1,,,-0.6363636363636364,,,,,
2013-05-22,,1,,,-0.6363636363636364,,,,,
2013-05-23,,1,,,-0.6363636363636364,,,,,
2013-05-24,,1,,,-0.6363636363636364,,,,,
2013-05-28,,1,,,-0.6363636363636364,,,,,
2013-05-29,,1,,,-0.6363636363636364,,,,,
2013-05-30,,1,,,-0.6363636363636364,,,,,
2013-05-31,,1,,,-0.6363636363636364,,,,,
2013-06-03,,1,,,-0.6363636363636364,,,,,
2013-06-04,,1,,,-0.6363636363636364,,,,,
2013-06-05,,1,,,-0.6363636363636364,,,,,
2013-06-06,,1,,,-0.6363636363636364,,,,,
2013-06-07,,1,,,-0.6363636363636364,,,,,
2013-06-10,,1,,,-0.6363636363636364,,,,,
2013-06-11,,1,,,-0.6363636363636364,,,,,
2013-06-12,,1,,,-0.6363636363636364,,,,,
2013-06-13,,1,,,-0.6363636363636364,,,,,
2013-06-14,,1,,,-0.6363636363636364,,,,,
2013-06-17,,1,,,-0.6363636363636364,,,,,
2013-06-18,,1,,,-0.6363636363636364,,,,,
2013-06-19,,1,,,-0.6363636363636364,,,,,
2013-06-20,,1,,,-0.6363636363636364,,,,,
2013-06-21,,1,,,-0.5,,,,,
2013-06-24,,1,,,-0.5,,,,,
2013-06-25,,1,,,-0.5,,,,,
2013-06-26,,1,,,-0.5,,,,,
2013-06-27,,1,,,-0.5,,,,,
2013-06-28,,1,,,-0.5,,,,,
2013-07-01,,1,,,-0.5,,,,,
2013-07-02,,1,,,-0.5,,,,,
2013-07-03,,1,,,-0.5,,,,,
2013-07-05,,1,,,-0.5,,,,,
2013-07-08,,1,,,-0.5,,,,,
2013-07-09,,1,,,-0.5,,,,,
2013-07-10,,1,,,-0.5,,,,,
2013-07-11,,1,,,-0.5,,,,,
2013-07-12,,1,,,-0.5,,,,,
2013-07-15,,1,,,-0.5,,,,,
2013-07-16,,1,,,-0.5,,,,,
2013-07-17,,1,,,-0.5,,,,,
2013-07-18,,1,,,-0.5,,,,,
2013-07-19,,1,,,-0.5,,,,,
2013-07-22,,1,,,-0.5,,,,,
2013-07-23,,1,,,-0.5,,,,,
2013-07-24,,1,,,-0.5,,,,,
2013-07-25,,1,,,-0.5,,,,,
2013-07-26,,1,,,-0.5,,,,,
2013-07-29,,1,,,-0.5,,,,,
2013-07-30,,1,,,-0.5,,,,,
2013-07-31,,1,,,-0.5,,,,,
2013-08-01,,1,,,-0.5,,,,,
2013-08-02,,1,,,-0.5,,,,,
2013-08-05,,1,,,-0.5,,,,,
2013-08-06,,1,,,-0.5,,,,,
2013-08-07,,1,,,-0.5,,,,,
2013-08-08,,1,,,-0.5,,,,,
2013-08-09,,1,,,-0.5,,,,,
2013-08-12,,1,,,-0.5,,,,,
2013-08-13,,1,,,-0.5,,,,,
2013-08-14,,1,,,-0.5,,,,,
2013-08-15,,1,,,-0.5,,,,,
2013-08-16,,1,,,-0.5,,,,,
2013-08-19,,1,,,-0.5,,,,,
2013-08-20,,1,,,-0.5,,,,,
2013-08-21,,1,,,-0.5,,,,,
2013-08-22,,1,,,-0.5,,,,,
2013-08-23,,1,,,-0.5,,,,,
2013-08-26,,1,,,-0.5,,,,,
2013-08-27,,1,,,-0.5,,,,,
2013-08-28,,1,,,-0.5,,,,,
2013-08-29,,1,,,-0.5,,,,,
2013-08-30,,1,,,-0.5,,,,,
2013-09-03,,1,,,-0.5,,,,,
2013-09-04,,1,,,-0.5,,,,,
2013-09-05,,1,,,-0.5,,,,,
2013-09-06,,1,,,-0.5,,,,,
2013-09-09,,1,,,-0.5,,,,,
2013-09-10,,1,,,-0.5,,,,,
2013-09-11,,1,,,-0.5,,,,,
2013-09-12,,1,,,-0.5,,,,,
2013-09-13,,1,,,-0.5,,,,,
2013-09-16,,1,,,-0.5,,,,,
2013-09-17,,1,,,-0.5,,,,,
2013-09-18,,1,,,-0.5,,,,,
2013-09-19,,1,,,0.3846153846153846,,,,,
2013-09-20,,1,,,0.3846153846153846,,,,,
2013-09-23,,1,,,0.3846153846153846,,,,,
2013-09-24,,1,,,0.3846153846153846,,,,,
2013-09-25,,1,,,0.3846153846153846,,,,,
2013-09-26,,1,,,0.3846153846153846,,,,,
2013-09-27,,1,,,0.3846153846153846,,,,,
2013-09-30,,1,,,0.3846153846153846,,,,,
2013-10-01,,1,,,0.3846153846153846,,,,,
2013-10-02,,1,,,0.3846153846153846,,,,,
2013-10-03,,1,,,0.3846153846153846,,,,,
2013-10-04,,1,,,0.3846153846153846,,,,,
2013-10-07,,1,,,0.3846153846153846,,,,,
2013-10-08,,1,,,0.3846153846153846,,,,,
2013-10-09,,1,,,0.3846153846153846,,,,,
2013-10-10,,1,,,0.3846153846153846,,,,,
2013-10-11,,1,,,0.3846153846153846,,,,,
2013-10-14,,1,,,0.3846153846153846,,,,,
2013-10-15,,1,,,0.3846153846153846,,,,,
2013-10-16,,1,,,0.3846153846153846,,,,,
2013-10-17,,1,,,0.3846153846153846,,,,,
2013-10-18,,1,,,0.3846153846153846,,,,,
2013-10-21,,1,,,0.3846153846153846,,,,,
2013-10-22,,1,,,0.3846153846153846,,,,,
2013-10-23,,1,,,0.3846153846153846,,,,,
2013-10-24,,1,,,0.3846153846153846,,,,,
2013-10-25,,1,,,0.3846153846153846,,,,,
2013-10-28,,1,,,0.3846153846153846,,,,,
2013-10-29,,1,,,0.3846153846153846,,,,,
2013-10-30,,1,,,0.3846153846153846,,,,,
2013-10-31,,1,,,0.3846153846153846,,,,,
2013-11-01,,1,,,0.3846153846153846,,,,,
2013-11-04,,1,,,0.3846153846153846,,,,,
2013-11-05,,1,,,0.3846153846153846,,,,,
2013-11-06,,1,,,0.3846153846153846,,,,,
2013-11-07,,1,,,0.3846153846153846,,,,,
2013-11-08,,1,,,0.3846153846153846,,,,,
2013-11-11,,1,,,0.3846153846153846,,,,,
2013-11-12,,1,,,0.3846153846153846,,,,,
2013-11-13,,1,,,0.3846153846153846,,,,,
2013-11-14,,1,,,0.3846153846153846,,,,,
2013-11-15,,1,,,0.3846153846153846,,,,,
2013-11-18,,1,,,0.3846153846153846,,,,,
2013-11-19,,1,,,0.3846153846153846,,,,,
2013-11-20,,1,,,0.3846153846153846,,,,,
2013-11-21,,1,,,0.3846153846153846,,,,,
2013-11-22,,1,,,0.3846153846153846,,,,,
2013-11-25,,1,,,0.3846153846153846,,,,,
2013-11-26,,1,,,0.3846153846153846,,,,,
2013-11-27,,1,,,0.3846153846153846,,,,,
2013-11-29,,1,,,0.3846153846153846,,,,,
2013-12-02,,1,,,0.3846153846153846,,,,,
2013-12-03,,1,,,0.3846153846153846,,,,,
2013-12-04,,1,,,0.3846153846153846,,,,,
2013-12-05,,1,,,0.3846153846153846,,,,,
2013-12-06,,1,,,0.3846153846153846,,,,,
2013-12-09,,1,,,0.3846153846153846,,,,,
2013-12-10,,1,,,0.3846153846153846,,,,,
2013-12-11,,1,,,0.3846153846153846,,,,,
2013-12-12,,1,,,0.3846153846153846,,,,,
2013-12-13,,1,,,0.3846153846153846,,,,,
2013-12-16,,1,,,0.3846153846153846,,,,,
2013-12-17,,1,,,0.3846153846153846,,,,,
2013-12-18,,1,,,0.3846153846153846,,,,,
2013-12-19,,1,,,-0.2857142857142857,,,,,
2013-12-20,,1,,,-0.2857142857142857,,,,,
2013-12-23,,1,,,-0.2857142857142857,,,,,
2013-12-24,,1,,,-0.2857142857142857,,,,,
2013-12-26,,1,,,-0.2857142857142857,,,,,
2013-12-27,,1,,,-0.2857142857142857,,,,,
2013-12-30,,1,,,-0.2857142857142857,,,,,
2013-12-31,,1,,,-0.2857142857142857,,,,,
2014-01-02,,1,,,-0.2857142857142857,,,,,
2014-01-03,,2,0.11172588799288441,,-0.2857142857142857,,,,,
2014-01-06,,2,0.07692972585090585,,-0.2857142857142857,,,,,
2014-01-07,,2,0.10508216508496293,,-0.2857142857142857,,,,,
2014-01-08,,2,0.1456560680698611,,-0.2857142857142857,,,,,
2014-01-09,,2,0.14358613322975344,,-0.2857142857142857,,,,,
2014-01-10,,2,0.08265020485782637,,-0.2857142857142857,,,,,
2014-01-13,,2,0.03538798447740055,,-0.2857142857142857,,,,,
2014-01-14,,2,0.029636625292318808,,-0.2857142857142857,,,,,
2014-01-15,,2,0.03527783296058229,,-0.2857142857142857,,,,,
2014-01-16,,2,0.04268501206513586,,-0.2857142857142857,,,,,
2014-01-17,,2,0.03204729706035181,,-0.2857142857142857,,,,,
2014-01-21,,2,0.03943460425477796,,-0.2857142857142857,,,,,
2014-01-22,,2,0.1890637687779131,,-0.2857142857142857,,,,,
2014-01-23,,2,0.20713063067338688,,-0.2857142857142857,,,,,
2014-01-24,,2,0.14101876252544532,,-0.2857142857142857,,,,,
2014-01-27,,2,0.09427770012466463,,-0.2857142857142857,,,,,
2014-01-28,,2,0.1474140367404615,,-0.2857142857142857,,,,,
2014-01-29,,2,0.14010067376875113,,-0.2857142857142857,,,,,
2014-01-30,,2,0.18716821486709856,,-0.2857142857142857,,,,,
2014-01-31,,2,0.17123422159887802,,-0.2857142857142857,,,,,
2014-02-03,,2,0.01638416673920884,,-0.2857142857142857,,,,,
2014-02-04,,2,0.08541812035787943,,-0.2857142857142857,,,,,
2014-02-05,,2,0.0583665110638838,,-0.2857142857142857,,,,,
2014-02-06,,2,0.1663436851979856,,-0.2857142857142857,,,,,
2014-02-07,,2,0.2194370055714594,,-0.2857142857142857,,,,,
2014-02-10,,2,0.1959211120220341,,-0.2857142857142857,,,,,
2014-02-11,,2,0.25834724413066446,,-0.2857142857142857,,,,,
2014-02-12,,2,0.23547483302474226,,-0.2857142857142857,,,,,
2014-02-13,,2,0.30097926267281094,,-0.2857142857142857,,,,,
2014-02-14,,2,0.28158034750619465,,-0.2857142857142857,,,,,
2014-02-18,,2,0.27746438720517275,,-0.2857142857142857,,,,,
2014-02-19,,2,0.22539480849518956,,-0.2857142857142857,,,,,
2014-02-20,,2,0.27171091943963255,,-0.2857142857142857,,,,,
2014-02-21,,2,0.30034711246383616,,-0.2857142857142857,,,,,
2014-02-24,,2,0.27336366502995624,,-0.2857142857142857,,,,,
2014-02-25,,2,0.24486671739534227,,-0.2857142857142857,,,,,
2014-02-26,,2,0.21036250074711615,,-0.2857142857142857,,,,,
2014-02-27,,2,0.2615378653048692,,-0.2857142857142857,,,,,
2014-02-28,,2,0.3203854766712564,,-0.2857142857142857,,,,,
2014-03-03,,2,0.25283018867924545,,-0.2857142857142857,,,,,
2014-03-04,,2,0.26294310184609726,,-0.2857142857142857,,,,,
2014-03-05,,2,0.15195217359214697,,-0.2857142857142857,,,,,
2014-03-06,,2,0.12958365361111346,,-0.2857142857142857,,,,,
2014-03-07,,2,0.054136038592841995,,-0.2857142857142857,,,,,
2014-03-10,,2,0.13272274325908562,,-0.2857142857142857,,,,,
2014-03-11,,2,0.15743055372821435,,-0.2857142857142857,,,,,
2014-03-12,,2,0.15134823759315164,,-0.2857142857142857,,,,,
2014-03-13,,2,0.11911086928690295,,-0.2857142857142857,,,,,
2014-03-14,,2,0.07703315395020227,,-0.2857142857142857,,,,,
2014-03-17,,2,0.14495649278257972,,-0.2857142857142857,,,,,
2014-03-18,,2,0.18481008270335697,,-0.2857142857142857,,,,,
2014-03-19,-0.018823184730507297,3,0.1768637791418115,,-0.7333333333333334,,,0.5,NEUTRAL,0.5
2014-03-20,-0.026849296427900644,3,0.15278544404963146,,-0.7333333333333334,,,0.5,NEUTRAL,0.5
2014-03-21,0.03099801122394963,3,0.3263273670051823,,-0.7333333333333334,,,0.5,BULLISH,0.75
2014-03-24,0.05119236656509729,3,0.38691043302862527,,-0.7333333333333334,,,0.5,BULLISH,0.75
2014-03-25,0.07499809715181686,3,0.45832762478878397,,-0.7333333333333334,,,0.5,BULLISH,0.75
2014-03-26,0.08832319320658961,3,0.49830291295310225,,-0.7333333333333334,,,0.5,BULLISH,0.75
2014-03-27,0.08863180779613804,3,0.4992287567217475,,-0.7333333333333334,,,0.5,BULLISH,0.75
2014-03-28,0.09839288801226516,3,0.5285119973701289,,-0.7333333333333334,,,0.5,BULLISH,0.75
2014-03-31,0.12745767876383352,3,0.6157063696248339,,-0.7333333333333334,,,0.5,BULLISH,0.75
2014-04-01,0.11353360484968822,3,0.573934147882398,,-0.7333333333333334,,,0.5,BULLISH,0.75
2014-04-02,0.13779175283839104,3,0.6467085918485065,,-0.7333333333333334,,,0.5,BULLISH,0.75
2014-04-03,0.1269588363118268,3,0.6142098422688138,,-0.7333333333333334,,,0.5,BULLISH,0.75
2014-04-04,0.12758239891267417,3,0.6160805300713559,,-0.7333333333333334,,,0.5,BULLISH,0.75
2014-04-07,0.08499194442116235,3,0.48830916659682044,,-0.7333333333333334,,,0.5,BULLISH,0.75
2014-04-08,0.08871236326619474,3,0.4994704231319176,,-0.7333333333333334,,,0.5,BULLISH,0.75
2014-04-09,0.08505341211910548,3,0.48849356969064983,,-0.7333333333333334,,,0.5,BULLISH,0.75
2014-04-10,0.05543016509743648,3,0.39962382862564283,,-0.7333333333333334,,,0.5,BULLISH,0.75
2014-04-11,0.019904634683060696,3,0.2930472373825155,,-0.7333333333333334,,,0.5,BULLISH,0.75
2014-04-14,0.042237868433768234,3,0.3600469386346381,,-0.7333333333333334,,,0.5,BULLISH,0.75
2014-04-15,0.044643786825773336,3,0.3672646938106534,,-0.7333333333333334,,,0.5,BULLISH,0.75
2014-04-16,0.08966249557241095,3,0.5023208200505662,,-0.7333333333333334,,,0.5,BULLISH,0.75
2014-04-17,0.08924668388469408,3,0.5010733849874156,,-0.7333333333333334,,,0.5,BULLISH,0.75
2014-04-21,0.08243765539991628,3,0.48064629953308224,,-0.7333333333333334,,,0.5,BULLISH,0.75
2014-04-22,0.06883403754694124,3,0.43983544597415714,,-0.7333333333333334,,,0.5,BULLISH,0.75
2014-04-23,0.05214982040210329,3,0.38978279453964326,,-0.7333333333333334,,,0.5,BULLISH,0.75
2014-04-24,0.05420650441836875,3,0.39595284658843966,,-0.7333333333333334,,,0.5,BULLISH,0.75
2014-04-25,0.0674211595849777,3,0.4355968120882665,,-0.7333333333333334,,,0.5,BULLISH,0.75
2014-04-28,0.0879566020239051,3,0.4972031394050487,,-0.7333333333333334,,,0.5,BULLISH,0.75
2014-04-29,0.09637391882900863,3,0.5224550898203593,,-0.7333333333333334,,,0.5,BULLISH,0.75
2014-04-30,0.1353741069447659,3,0.6394556541676311,,-0.7333333333333334,,,0.5,BULLISH,0.75
2014-05-01,0.13900321730453413,3,0.6503429852469358,,-0.7333333333333334,,,0.5,BULLISH,0.75
2014-05-02,0.11569812863899316,3,0.5804277192503129,,-0.7333333333333334,,,0.5,BULLISH,0.75
2014-05-05,0.11414940437907133,3,0.5757815464705474,,-0.7333333333333334,,,0.5,BULLISH,0.75
2014-05-06,0.09646056630939048,3,0.5227150322615048,,-0.7333333333333334,,,0.5,BULLISH,0.75
2014-05-07,0.0915401128410569,3,0.5079536718565041,,-0.7333333333333334,,,0.5,BULLISH,0.75
2014-05-08,0.09399422910483295,3,0.5153160206478322,,-0.7333333333333334,,,0.5,BULLISH,0.75
2014-05-09,0.10999539273004573,3,0.5633195115234706,,-0.7333333333333334,,,0.5,BULLISH,0.75
2014-05-12,0.09194409661131275,3,0.5091656231672717,,-0.7333333333333334,,,0.5,BULLISH,0.75
2014-05-13,0.07962789689704201,3,0.4722170240244594,,-0.7333333333333334,,,0.5,BULLISH,0.75
2014-05-14,0.0932756034855294,3,0.5131601437899216,,-0.7333333333333334,,,0.5,BULLISH,0.75
2014-05-15,0.0887647033101578,3,0.4996274432638068,,-0.7333333333333334,,,0.5,BULLISH,0.75
2014-05-16,0.08114286595141203,3,0.4767619311875695,,-0.7333333333333334,,,0.5,BULLISH,0.75
2014-05-19,0.07571004364075118,3,0.46046346425558693,,-0.7333333333333334,,,0.5,BULLISH,0.75
2014-05-20,0.06431329120795597,3,0.4262732069572013,,-0.7333333333333334,,,0.5,BULLISH,0.75
2014-05-21,0.06561720435325664,3,0.43018494639310334,,-0.7333333333333334,,,0.5,BULLISH,0.75
2014-05-22,0.06599486421290172,3,0.43131792597203855,,-0.7333333333333334,,,0.5,BULLISH,0.75
2014-05-23,0.0826088419265596,3,0.4811598591130122,,-0.7333333333333334,,,0.5,BULLISH,0.75
2014-05-27,0.07235816721420492,3,0.45040783497594816,,-0.7333333333333334,,,0.5,BULLISH,0.75
2014-05-28,0.05730951215532709,3,0.40526186979931467,,-0.7333333333333334,,,0.5,BULLISH,0.75
2014-05-29,0.08150812744825882,3,0.47785771567810986,,-0.7333333333333334,,,0.5,BULLISH,0.75
2014-05-30,0.09648417186340175,3,0.5227858489235386,,-0.7333333333333334,,,0.5,BULLISH,0.75
2014-06-02,0.11172256210675524,3,0.5685010196535991,,-0.7333333333333334,,,0.5,BULLISH,0.75
2014-06-03,0.07724999829803458,3,0.46508332822743714,,-0.7333333333333334,,,0.5,BULLISH,0.75
2014-06-04,0.08791246734648246,3,0.4970707353727808,,-0.7333333333333334,,,0.5,BULLISH,0.75
2014-06-05,0.10102894620693625,3,0.5364201719541422,,-0.7333333333333334,,,0.5,BULLISH,0.75
2014-06-06,0.13822685414104527,3,0.6480138957564692,,-0.7333333333333334,,,0.5,BULLISH,0.75
2014-06-09,0.12018353317669701,3,0.5938839328634244,,-0.7333333333333334,,,0.5,BULLISH,0.75
2014-06-10,0.1143871925360475,3,0.5764949109414759,,-0.7333333333333334,,,0.5,BULLISH,0.75
2014-06-11,0.1406106094760747,3,0.6551651617615575,,-0.7333333333333334,,,0.5,BULLISH,0.75
2014-06-12,0.11426163313594924,3,0.5761182327411811,,-0.7333333333333334,,,0.5,BULLISH,0.75
2014-06-13,0.10085209701954101,3,0.5358896243919564,,-0.7333333333333334,,,0.5,BULLISH,0.75
2014-06-16,0.10920007805580993,3,0.5609335675007632,,-0.7333333333333334,,,0.5,BULLISH,0.75
2014-06-17,0.09722952360586563,3,0.5250219041509303,,-0.7333333333333334,,,0.5,BULLISH,0.75
2014-06-18,0.124570885377102,3,0.6070459894646394,,-0.7333333333333334,,,0.5,BULLISH,0.75
2014-06-19,0.10202169306646917,3,0.5393984125327409,,-0.7333333333333334,,,0.5,BULLISH,0.75
2014-06-20,-0.21158181116896715,3,0.4485878998264319,,-0.75,,,-0.33333333333333337,NEUTRAL,0.5
2014-06-23,-0.17000103909213038,3,0.5733302160569422,,-0.75,,,-0.33333333333333337,NEUTRAL,0.5
2014-06-24,-0.17585022426616706,3,0.5557826605348322,,-0.75,,,-0.33333333333333337,NEUTRAL,0.5
2014-06-25,-0.1839510125889436,3,0.5314802955665026,,-0.75,,,-0.33333333333333337,NEUTRAL,0.5
2014-06-26,-0.31603583441525995,4,0.5056979321802302,-0.6865079365079365,-0.75,,,-0.33333333333333337,NEUTRAL,0.5
2014-06-27,-0.322945661364203,4,0.5247078873481197,-0.7331571994715984,-0.75,,,-0.33333333333333337,BEARISH,0.25
2014-06-30,-0.326260686245871,4,0.5104805619646253,-0.7321899736147759,-0.75,,,-0.33333333333333337,BEARISH,0.25
2014-07-01,-0.3238341957475013,4,0.5376671695791648,-0.7496706192358364,-0.75,,,-0.33333333333333337,BEARISH,0.25
2014-07-02,-0.3271714276373483,4,0.5509634122576244,-0.7763157894736843,-0.75,,,-0.33333333333333337,BEARISH,0.25
2014-07-03,-0.3334038913769991,4,0.5512946403614736,-0.8015768725361365,-0.75,,,-0.33333333333333337,BEARISH,0.25
2014-07-07,-0.33211673478744874,4,0.5147089138685779,-0.7598425196850394,-0.75,,,-0.33333333333333337,BEARISH,0.25
2014-07-08,-0.3301781872610704,4,0.4873912264908866,-0.7247706422018347,-0.75,,,-0.33333333333333337,BEARISH,0.25
2014-07-09,-0.32421943307866163,4,0.4723194753642366,-0.6858638743455496,-0.75,,,-0.33333333333333337,BEARISH,0.25
2014-07-10,-0.3236304501562831,4,0.4829291797670243,-0.6941176470588235,-0.75,,,-0.33333333333333337,BEARISH,0.25
2014-07-11,-0.3266736871799707,4,0.43590751411736717,-0.6592689295039165,-0.75,,,-0.33333333333333337,BEARISH,0.25
2014-07-14,-0.33279287438829785,4,0.4679375854541967,-0.7157757496740547,-0.75,,,-0.33333333333333337,BEARISH,0.25
2014-07-15,-0.34145238407243594,4,0.4414821303769232,-0.7239583333333335,-0.75,,,-0.33333333333333337,BEARISH,0.25
2014-07-16,-0.3355709508014554,4,0.41985317121983945,-0.6788036410923277,-0.75,,,-0.33333333333333337,BEARISH,0.25
2014-07-17,-0.3269349021209269,4,0.393775543031444,-0.6181818181818182,-0.75,,,-0.33333333333333337,BEARISH,0.25
2014-07-18,-0.3254282235546937,4,0.41456466738952624,-0.6329442282749675,-0.75,,,-0.33333333333333337,BEARISH,0.25
2014-07-21,-0.32676044343195065,4,0.40971124872470166,-0.633419689119171,-0.75,,,-0.33333333333333337,BEARISH,0.25
2014-07-22,-0.35406492896274855,4,0.3708252345586651,-0.703751617076326,-0.75,,,-0.33333333333333337,BEARISH,0.25
2014-07-23,-0.35243275222320514,4,0.36094082573250263,-0.6873385012919897,-0.75,,,-0.33333333333333337,BEARISH,0.25
2014-07-24,-0.3618349430809368,4,0.3456709803644249,-0.7096774193548385,-0.75,,,-0.33333333333333337,BEARISH,0.25
2014-07-25,-0.36506099451862095,4,0.3125223449495711,-0.6894329896907216,-0.75,,,-0.33333333333333337,BEARISH,0.25
2014-07-28,-0.37667700900538426,4,0.3037810244675234,-0.7271557271557272,-0.75,,,-0.33333333333333337,BEARISH,0.25
2014-07-29,-0.37409661827952845,4,0.32859210443115794,-0.7416452442159382,-0.75,,,-0.33333333333333337,BEARISH,0.25
2014-07-30,-0.37998568202099825,4,0.34259471307989253,-0.779204107830552,-0.75,,,-0.33333333333333337,BEARISH,0.25
2014-07-31,-0.36154171263038004,4,0.3294741751195056,-0.6923076923076923,-0.75,,,-0.33333333333333337,BEARISH,0.25
2014-08-01,-0.35254825260941314,4,0.22499691700579594,-0.5518565941101152,-0.75,,,-0.33333333333333337,BEARISH,0.25
2014-08-04,-0.3520222362534877,4,0.3031216261710452,-0.6278772378516626,-0.75,,,-0.33333333333333337,BEARISH,0.25
2014-08-05,-0.3565945886074865,4,0.2559332675368484,-0.5989782886334609,-0.75,,,-0.33333333333333337,BEARISH,0.25
2014-08-06,-0.37320840183800097,4,0.2371833994507171,-0.6466836734693877,-0.75,,,-0.33333333333333337,BEARISH,0.25
2014-08-07,-0.36471714013162504,4,0.18242655624632342,-0.5579617834394903,-0.75,,,-0.33333333333333337,BEARISH,0.25
2014-08-08,-0.370268074844293,4,0.19513635202231905,-0.5928753180661577,-0.75,,,-0.33333333333333337,BEARISH,0.25
2014-08-11,-0.37331606994716604,4,0.1809203877251011,-0.590851334180432,-0.75,,,-0.33333333333333337,BEARISH,0.25
2014-08-12,-0.3750850325612488,4,0.16801858379899803,-0.5850253807106598,-0.75,,,-0.33333333333333337,BEARISH,0.25
2014-08-13,-0.3828612459061769,4,0.2096830265147096,-0.6577946768060836,-0.75,,,-0.33333333333333337,BEARISH,0.25
2014-08-14,-0.39949025943495364,4,0.13853685255554415,-0.6531645569620252,-0.75,,,-0.33333333333333337,BEARISH,0.25
2014-08-15,-0.38767705013378817,4,0.2051915044795969,-0.6725663716814161,-0.75,,,-0.33333333333333337,BEARISH,0.25
2014-08-18,-0.3892214171989874,4,0.2701345332242524,-0.7436868686868685,-0.75,,,-0.33333333333333337,BEARISH,0.25
2014-08-19,-0.38422505972731824,4,0.3560169531882469,-0.8095838587641866,-0.75,,,-0.33333333333333337,BEARISH,0.25
2014-08-20,-0.3823012180214804,4,0.35765490961013224,-0.8035264483627205,-0.75,,,-0.33333333333333337,BEARISH,0.25
2014-08-21,-0.3861886800973774,4,0.36247798401300635,-0.8238993710691824,-0.75,,,-0.33333333333333337,BEARISH,0.25
2014-08-22,-0.38498467326606045,4,0.36751524328416707,-0.8241206030150754,-0.75,,,-0.33333333333333337,BEARISH,0.25
2014-08-25,-0.3776579481123067,4,0.40708046183768243,-0.8343789209535759,-0.75,,,-0.33333333333333337,BEARISH,0.25
2014-08-26,-0.3836233352357692,4,0.3909452555481514,-0.8421052631578947,-0.75,,,-0.33333333333333337,BEARISH,0.25
2014-08-27,-0.3782819162765101,4,0.38998038662529044,-0.8197747183979975,-0.75,,,-0.33333333333333337,BEARISH,0.25
2014-08-28,-0.37493603564353484,4,0.3760891907591939,-0.7925,-0.75,,,-0.33333333333333337,BEARISH,0.25
2014-08-29,-0.3795382869739682,4,0.3704236311303446,-0.8052434456928839,-0.75,,,-0.33333333333333337,BEARISH,0.25
2014-09-02,-0.39441070657523836,4,0.3261393848378664,-0.8204488778054864,-0.75,,,-0.33333333333333337,BEARISH,0.25
2014-09-03,-0.3912336358605174,4,0.370204518409321,-0.8518057285180574,-0.75,,,-0.33333333333333337,BEARISH,0.25
2014-09-04,-0.3970741219066507,4,0.29727565167687997,-0.8022388059701493,-0.75,,,-0.33333333333333337,BEARISH,0.25
2014-09-05,-0.39643825140157496,4,0.2801890233792075,-0.7826086956521738,-0.75,,,-0.33333333333333337,BEARISH,0.25
2014-09-08,-0.4010017873143129,4,0.19396638258724797,-0.7146401985111663,-0.75,,,-0.33333333333333337,BEARISH,0.25
2014-09-09,-0.4083156443843403,4,0.16754287475508,-0.7174721189591078,-0.75,,,-0.33333333333333337,BEARISH,0.25
2014-09-10,-0.41292320444279484,4,0.14822467397799555,-0.7165841584158414,-0.75,,,-0.33333333333333337,BEARISH,0.25
2014-09-11,-0.42107798902484883,4,0.11224758242553268,-0.7132262051915945,-0.75,,,-0.33333333333333337,BEARISH,0.25
2014-09-12,-0.40096110683693675,4,0.1560321158621294,-0.6765432098765432,-0.75,,,-0.33333333333333337,BEARISH,0.25
2014-09-15,-0.4018168411152776,4,0.18753329316322165,-0.7114673242909988,-0.75,,,-0.33333333333333337,BEARISH,0.25
2014-09-16,-0.411782966797,4,0.21083200801725455,-0.7746305418719213,-0.75,,,-0.33333333333333337,BEARISH,0.25
2014-09-17,-0.4117939238188192,4,0.20860536253530126,-0.7724477244772447,-0.75,,,-0.33333333333333337,BEARISH,0.25
2014-09-18,-0.41197774232024087,4,0.23886216749217337,-0.8034398034398036,-0.75,,,-0.33333333333333337,BEARISH,0.25
2014-09-19,-0.35527761071574815,4,0.023638745155773133,-0.5153374233128833,-0.5294117647058824,,,-0.4,BEARISH,0.25
2014-09-22,-0.3436057409534035,4,0.020675075402072363,-0.46568627450980404,-0.5294117647058824,,,-0.4,BEARISH,0.25
2014-09-23,-0.32249203737232623,4,-0.053334842555760376,-0.30722154222766207,-0.5294117647058824,,,-0.4,BEARISH,0.25
2014-09-24,-0.3309308132761694,4,0.03600636001196267,-0.43031784841075793,-0.5294117647058824,,,-0.4,BEARISH,0.25
2014-09-25,-0.3133746839531152,4,-0.03593068295029023,-0.288156288156288,-0.5294117647058824,,,-0.4,NEUTRAL,0.5
2014-09-26,-0.32159456299103034,4,-0.03135673116067794,-0.32560975609756104,-0.5294117647058824,,,-0.4,BEARISH,0.25
2014-09-29,-0.3116411668902641,4,-0.0991261062656491,-0.21802679658952506,-0.5294117647058824,,,-0.4,NEUTRAL,0.5
2014-09-30,-0.28705695156579536,4,-0.03268465469598514,-0.18613138686131392,-0.5294117647058824,,,-0.4,NEUTRAL,0.5
2014-10-01,-0.2849933876146278,4,-0.06718389996891072,-0.14337788578371802,-0.5294117647058824,,,-0.4,NEUTRAL,0.5
2014-10-02,-0.29368825017240685,4,-0.06208880879927914,-0.183252427184466,-0.5294117647058824,,,-0.4,NEUTRAL,0.5
2014-10-03,-0.31232298708840023,4,0.00011981635228131005,-0.31999999999999984,-0.5294117647058824,,,-0.4,NEUTRAL,0.5
2014-10-06,-0.3243067569674957,4,-0.010672406021243308,-0.3571428571428572,-0.5294117647058824,,,-0.4,BEARISH,0.25
2014-10-07,-0.30556598618974357,4,-0.06915205913410771,-0.22370012091898417,-0.5294117647058824,,,-0.4,NEUTRAL,0.5
2014-10-08,-0.31185039443561896,4,0.02862854445132923,-0.3466183574879227,-0.5294117647058824,,,-0.4,NEUTRAL,0.5
2014-10-09,-0.2980289750815784,4,0.018357384283067102,-0.28106151990349826,-0.5294117647058824,,,-0.4,NEUTRAL,0.5
2014-10-10,-0.29339911464085866,4,-0.10563047699008243,-0.13855421686746983,-0.5294117647058824,,,-0.4,NEUTRAL,0.5
2014-10-13,-0.312657775735519,4,-0.15515435628673535,-0.1660649819494584,-0.5294117647058824,,,-0.4,NEUTRAL,0.5
2014-10-14,-0.3200813437458795,4,-0.12855784104686652,-0.22235576923076916,-0.5294117647058824,,,-0.4,NEUTRAL,0.5
2014-10-15,-0.2865155700985415,4,-0.028175125532221124,-0.18847539015606252,-0.5294117647058824,,,-0.4,NEUTRAL,0.5
2014-10-16,-0.27031978716343474,4,-0.11469712015888778,-0.037170263788968816,-0.5294117647058824,,,-0.4,NEUTRAL,0.5
2014-10-17,-0.26368013035334,4,-0.04027881658771704,-0.0850299401197605,-0.5294117647058824,,,-0.4,NEUTRAL,0.5
2014-10-20,-0.3033725292231032,4,-0.20632715601428153,-0.0777511961722488,-0.5294117647058824,,,-0.4,NEUTRAL,0.5
2014-10-21,-0.3305208113561471,4,-0.19553886423125078,-0.19713261648745517,-0.5294117647058824,,,-0.4,BEARISH,0.25
2014-10-22,-0.3178113083384403,4,-0.29290745432806975,-0.04892601431980914,-0.5294117647058824,,,-0.4,NEUTRAL,0.5
2014-10-23,-0.3216580731832498,4,-0.19154710728814184,-0.16567342073897495,-0.5294117647058824,,,-0.4,BEARISH,0.25
2014-10-24,-0.3618846171859661,4,-0.23003146594274426,-0.28809523809523796,-0.5294117647058824,,,-0.4,BEARISH,0.25
2014-10-27,-0.3489963772969113,4,-0.25016470762088305,-0.21640903686087976,-0.5294117647058824,,,-0.4,BEARISH,0.25
2014-10-28,-0.36618600465364903,4,-0.26454840592771633,-0.27078384798099764,-0.5294117647058824,,,-0.4,BEARISH,0.25
2014-10-29,-0.37143005980226584,4,-0.3012669561164668,-0.2550415183867143,-0.5294117647058824,,,-0.4,BEARISH,0.25
2014-10-30,-0.3673665895111168,4,-0.307827105186926,-0.2322274881516586,-0.5294117647058824,,,-0.4,BEARISH,0.25
2014-10-31,-0.3875006855548315,4,-0.2560939360933253,-0.3644970414201185,-0.5294117647058824,,,-0.4,BEARISH,0.25
2014-11-03,-0.38009681307275556,4,-0.23991165779790602,-0.35106382978723394,-0.5294117647058824,,,-0.4,BEARISH,0.25
2014-11-04,-0.38384070948710747,4,-0.21988259626497975,-0.38606847697756796,-0.5294117647058824,,,-0.4,BEARISH,0.25
2014-11-05,-0.39450802808673624,4,-0.22055430990521363,-0.42806603773584895,-0.5294117647058824,,,-0.4,BEARISH,0.25
2014-11-06,-0.407033396104333,4,-0.16279720251474783,-0.5359246171967018,-0.5294117647058824,,,-0.4,BEARISH,0.25
2014-11-07,-0.4105065245858298,4,-0.1561437454021426,-0.5564705882352943,-0.5294117647058824,,,-0.4,BEARISH,0.25
2014-11-10,-0.4315798031874203,4,-0.12945738928939243,-0.6674500587544065,-0.5294117647058824,,,-0.4,BEARISH,0.25
2014-11-11,-0.4306596089458087,4,-0.12421258657031009,-0.6690140845070423,-0.5294117647058824,,,-0.4,BEARISH,0.25
2014-11-12,-0.4265168718441458,4,-0.1799382549098566,-0.5967174677608442,-0.5294117647058824,,,-0.4,BEARISH,0.25
2014-11-13,-0.44547857259545065,4,-0.1382168113902057,-0.7142857142857144,-0.5294117647058824,,,-0.4,BEARISH,0.25
2014-11-14,-0.4515697337815491,4,-0.13534670258405668,-0.7415204678362572,-0.5294117647058824,,,-0.4,BEARISH,0.25
2014-11-17,-0.45857448691464153,4,-0.1233441268779174,-0.7815420560747663,-0.5294117647058824,,,-0.4,BEARISH,0.25
2014-11-18,-0.4593612689201234,4,-0.12156890023948885,-0.7864644107351224,-0.5294117647058824,,,-0.4,BEARISH,0.25
2014-11-19,-0.44663457625615743,4,-0.11237129556350278,-0.7447552447552448,-0.5294117647058824,,,-0.4,BEARISH,0.25
2014-11-20,-0.45760655186202726,4,-0.1571262006002011,-0.7438882421420256,-0.5294117647058824,,,-0.4,BEARISH,0.25
2014-11-21,-0.45348943659050334,4,-0.08222040026078192,-0.8023255813953489,-0.5294117647058824,,,-0.4,BEARISH,0.25
2014-11-24,-0.4454478544911008,4,-0.0533088054071853,-0.7990708478513358,-0.5294117647058824,,,-0.4,BEARISH,0.25
2014-11-25,-0.44916589125788375,4,-0.09346989777344861,-0.7737819025522041,-0.5294117647058824,,,-0.4,BEARISH,0.25
2014-11-26,-0.45021984424989425,4,-0.013993684136105244,-0.8574739281575896,-0.5294117647058824,,,-0.4,BEARISH,0.25
2014-11-28,-0.45744126913504746,4,0.004739280758284892,-0.9050925925925926,-0.5294117647058824,,,-0.4,BEARISH,0.25
2014-12-01,-0.4610698215496991,4,-0.03509873536574637,-0.8797687861271677,-0.5294117647058824,,,-0.4,BEARISH,0.25
2014-12-02,-0.45000270588569835,4,0.017391703287800153,-0.8879907621247114,-0.5294117647058824,,,-0.4,BEARISH,0.25
2014-12-03,-0.4508070758629822,4,-0.0029976229444315106,-0.8708189158016149,-0.5294117647058824,,,-0.4,BEARISH,0.25
2014-12-04,-0.4467724450745515,4,-0.006295527113060917,-0.8513824884792627,-0.5294117647058824,,,-0.4,BEARISH,0.25
2014-12-05,-0.4434501834537182,4,0.010616784630940401,-0.8550057537399309,-0.5294117647058824,,,-0.4,BEARISH,0.25
2014-12-08,-0.44316550026489177,4,-0.06738816738816733,-0.7758620689655173,-0.5294117647058824,,,-0.4,BEARISH,0.25
2014-12-09,-0.4467447482109915,4,-0.013709593235672779,-0.843857634902411,-0.5294117647058824,,,-0.4,BEARISH,0.25
2014-12-10,-0.4241059127564941,4,-0.047975189072387736,-0.7190366972477062,-0.5294117647058824,,,-0.4,BEARISH,0.25
2014-12-11,-0.41718563267820896,4,-0.04975459189469689,-0.6895761741122566,-0.5294117647058824,,,-0.4,BEARISH,0.25
2014-12-12,-0.38613998978786246,4,-0.09569739353023587,-0.5194508009153318,-0.5294117647058824,,,-0.4,BEARISH,0.25
2014-12-15,-0.3857935438627482,4,0.1325233035406037,-0.7462857142857144,-0.5294117647058824,,,-0.4,BEARISH,0.25
2014-12-16,-0.38678712409957816,4,0.04208061990574308,-0.6598173515981736,-0.5294117647058824,,,-0.4,BEARISH,0.25
2014-12-17,-0.38816886971356146,4,0.13500310455175057,-0.758266818700114,-0.5294117647058824,,,-0.4,BEARISH,0.25
2014-12-18,-0.38407349143344344,4,0.36680306378694594,-0.9738041002277904,-0.11111111111111116,,,-0.8181818181818181,BEARISH,0.25
2014-12-19,-0.4036255381458408,4,0.2931753045821486,-0.9783845278725825,-0.11111111111111116,,,-0.8181818181818181,BEARISH,0.25
2014-12-22,-0.41147086247086245,4,0.25613675213675213,-0.9727272727272727,-0.11111111111111116,,,-0.8181818181818181,BEARISH,0.25
2014-12-23,-0.40492512793670266,4,0.28802601573000053,-0.9784335981838819,-0.11111111111111116,,,-0.8181818181818181,BEARISH,0.25
2014-12-24,-0.4066397506551727,4,0.28572712395114985,-0.9829931972789114,-0.11111111111111116,,,-0.8181818181818181,BEARISH,0.25
2014-12-26,-0.42071775161206615,4,0.22377186621952316,-0.9773499433748585,-0.11111111111111116,,,-0.8181818181818181,BEARISH,0.25
2014-12-29,-0.4241348662952276,4,0.1965543690893945,-0.9638009049773757,-0.11111111111111116,,,-0.8181818181818181,BEARISH,0.25
2014-12-30,-0.42076948588449276,4,0.20440707615043863,-0.9581920903954804,-0.11111111111111116,,,-0.8181818181818181,BEARISH,0.25
2014-12-31,-0.4338096215420031,4,0.14777904809105702,-0.9537246049661401,-0.11111111111111116,,,-0.8181818181818181,BEARISH,0.25
2015-01-02,-0.43431452159595574,4,0.1367924528301887,-0.9447576099210824,-0.11111111111111116,,,-0.8181818181818181,BEARISH,0.25
2015-01-05,-0.44042746512409564,4,0.098889375102853,-0.9313063063063063,-0.11111111111111116,,,-0.8181818181818181,BEARISH,0.25
2015-01-06,-0.44878015624283335,4,0.04980784987840137,-0.9156355455568055,-0.11111111111111116,,,-0.8181818181818181,BEARISH,0.25
2015-01-07,-0.45425480134555674,4,0.02800406098935393,-0.9157303370786516,-0.11111111111111116,,,-0.8181818181818181,BEARISH,0.25
2015-01-08,-0.45759389744631035,4,0.024843265433613704,-0.9259259259259258,-0.11111111111111116,,,-0.8181818181818181,BEARISH,0.25
2015-01-09,-0.44911107378975124,4,0.0566154502774221,-0.9237668161434978,-0.11111111111111116,,,-0.8181818181818181,BEARISH,0.25
2015-01-12,-0.4766277922585597,4,-0.058965160234030645,-0.918253079507279,-0.11111111111111116,,,-0.8181818181818181,BEARISH,0.25
2015-01-13,-0.4728264005071056,4,-0.06268381367509046,-0.8993288590604027,-0.11111111111111116,,,-0.8181818181818181,BEARISH,0.25
2015-01-14,-0.49128897658015147,4,-0.13195236250253695,-0.9039106145251397,-0.11111111111111116,,,-0.8181818181818181,BEARISH,0.25
2015-01-15,-0.48579202216090633,4,-0.12659837363641047,-0.8872767857142856,-0.11111111111111116,,,-0.8181818181818181,BEARISH,0.25
2015-01-16,-0.4797494492061597,4,-0.059938981244084255,-0.9297658862876252,-0.11111111111111116,,,-0.8181818181818181,BEARISH,0.25
2015-01-20,-0.46240079869500716,4,0.013988175492855914,-0.9342984409799553,-0.11111111111111116,,,-0.8181818181818181,BEARISH,0.25
2015-01-21,-0.41326699896442765,4,0.20058533388015753,-0.9243604004449388,-0.11111111111111116,,,-0.8181818181818181,BEARISH,0.25
2015-01-22,-0.3912763385734988,4,0.3019653527767119,-0.9377777777777778,-0.11111111111111116,,,-0.8181818181818181,BEARISH,0.25
2015-01-23,-0.4004587973889695,4,0.27085396615214563,-0.9433962264150944,-0.11111111111111116,,,-0.8181818181818181,BEARISH,0.25
2015-01-26,-0.36929155859909013,4,0.38117325808947333,-0.9290465631929046,-0.11111111111111116,,,-0.8181818181818181,BEARISH,0.25
2015-01-27,-0.3625464526566312,4,0.3905135417007344,-0.91140642303433,-0.11111111111111116,,,-0.8181818181818181,BEARISH,0.25
2015-01-28,-0.38442239635087483,4,0.26549714919916445,-0.8738938053097345,-0.11111111111111116,,,-0.8181818181818181,BEARISH,0.25
2015-01-29,-0.38894403514448944,4,0.25307479976469516,-0.8795580110497236,-0.11111111111111116,,,-0.8181818181818181,BEARISH,0.25
2015-01-30,-0.4183278937672077,4,0.07882903634330396,-0.8228476821192054,-0.11111111111111116,,,-0.8181818181818181,BEARISH,0.25
2015-02-02,-0.4036531692525684,4,0.18347848822532375,-0.868798235942668,-0.11111111111111116,,,-0.8181818181818181,BEARISH,0.25
2015-02-03,-0.38431153071646834,4,0.2797120046649413,-0.8876651982378854,-0.11111111111111116,,,-0.8181818181818181,BEARISH,0.25
2015-02-04,-0.4136201918505631,4,0.1306977504495328,-0.8558855885588559,-0.11111111111111116,,,-0.8181818181818181,BEARISH,0.25
2015-02-05,-0.4125094615258131,4,0.1748594787940725,-0.8956043956043955,-0.11111111111111116,,,-0.8181818181818181,BEARISH,0.25
2015-02-06,-0.42765138348553283,4,0.09903865769986497,-0.880351262349067,-0.11111111111111116,,,-0.8181818181818181,BEARISH,0.25
2015-02-09,-0.4298657394255719,4,0.12101418211695769,-0.9111842105263159,-0.11111111111111116,,,-0.8181818181818181,BEARISH,0.25
2015-02-10,-0.4241838730777247,4,0.1646494413631916,-0.9320920043811611,-0.11111111111111116,,,-0.8181818181818181,BEARISH,0.25
2015-02-11,-0.4409435274514955,4,0.06705054815215528,-0.901531728665208,-0.11111111111111116,,,-0.8181818181818181,BEARISH,0.25
2015-02-12,-0.4393470431988537,4,0.09649492043194074,-0.9245901639344263,-0.11111111111111116,,,-0.8181818181818181,BEARISH,0.25
2015-02-13,-0.4422118818704765,4,0.08948470312106682,-0.9290393013100435,-0.11111111111111116,,,-0.8181818181818181,BEARISH,0.25
2015-02-17,-0.44257606779042463,4,0.07938124264595281,-0.9203925845147221,-0.11111111111111116,,,-0.8181818181818181,BEARISH,0.25
2015-02-18,-0.4326149827440331,4,0.13674149504882305,-0.9379084967320261,-0.11111111111111116,,,-0.8181818181818181,BEARISH,0.25
2015-02-19,-0.42808600767098576,4,0.15492495954478613,-0.9379760609357999,-0.11111111111111116,,,-0.8181818181818181,BEARISH,0.25
2015-02-20,-0.4410350924578072,4,0.07819603772257011,-0.9130434782608696,-0.11111111111111116,,,-0.8181818181818181,BEARISH,0.25
2015-02-23,-0.4343466573344738,4,0.10504419354895367,-0.9131378935939196,-0.11111111111111116,,,-0.8181818181818181,BEARISH,0.25
2015-02-24,-0.4301214705392779,4,0.12529294735273755,-0.9164859002169199,-0.11111111111111116,,,-0.8181818181818181,BEARISH,0.25
2015-02-25,-0.4370740779871112,4,0.08782218614188442,-0.9068255687973998,-0.11111111111111116,,,-0.8181818181818181,BEARISH,0.25
2015-02-26,-0.44197819245755626,4,0.07912907721162199,-0.9177489177489178,-0.11111111111111116,,,-0.8181818181818181,BEARISH,0.25
2015-02-27,-0.46097715960528735,4,-0.0043454388579496905,-0.9102702702702703,-0.11111111111111116,,,-0.8181818181818181,BEARISH,0.25
2015-03-02,-0.459040673300088,4,0.022935851643333116,-0.9298056155507559,-0.11111111111111116,,,-0.8181818181818181,BEARISH,0.25
2015-03-03,-0.46905132781061226,4,-0.06988972822783712,-0.8770226537216828,-0.11111111111111116,,,-0.8181818181818181,BEARISH,0.25
2015-03-04,-0.4704466212970743,4,-0.05486424555054048,-0.8976293103448276,-0.11111111111111116,,,-0.8181818181818181,BEARISH,0.25
2015-03-05,-0.4649494663207431,4,-0.02415402102771802,-0.906350914962325,-0.11111111111111116,,,-0.8181818181818181,BEARISH,0.25
2015-03-06,-0.48827062060794113,4,-0.21088632733238355,-0.8129032258064517,-0.11111111111111116,,,-0.8181818181818181,BEARISH,0.25
2015-03-09,-0.46289158381114714,4,-0.0930575090665895,-0.8292158968850698,-0.11111111111111116,,,-0.8181818181818181,BEARISH,0.25
2015-03-10,-0.4707197890850913,4,-0.188564767819968,-0.765021459227468,-0.11111111111111116,,,-0.8181818181818181,BEARISH,0.25
2015-03-11,-0.46855869868779093,4,-0.20432021486873808,-0.7406216505894962,-0.11111111111111116,,,-0.8181818181818181,BEARISH,0.25
2015-03-12,-0.4589637456704389,4,-0.158168049106171,-0.7483940042826553,-0.11111111111111116,,,-0.8181818181818181,BEARISH,0.25
2015-03-13,-0.4483576378713275,4,-0.053442435026605395,-0.8106951871657753,-0.11111111111111116,,,-0.8181818181818181,BEARISH,0.25
2015-03-16,-0.4298068537388871,4,0.09361252288438937,-0.8835470085470085,-0.11111111111111116,,,-0.8181818181818181,BEARISH,0.25
2015-03-17,-0.4427219811375246,4,-0.004882081703273755,-0.8367129135538953,-0.11111111111111116,,,-0.8181818181818181,BEARISH,0.25
2015-03-18,-0.4577393707192823,4,0.10270129092304314,-0.9424307036247335,-0.1578947368421053,,,-0.8333333333333334,BEARISH,0.25
2015-03-19,-0.45339993557428615,4,0.1233152288367605,-0.9456869009584665,-0.1578947368421053,,,-0.8333333333333334,BEARISH,0.25
2015-03-20,-0.44540360334799256,4,0.15961365678346828,-0.95,-0.1578947368421053,,,-0.8333333333333334,BEARISH,0.25
2015-03-23,-0.4385168202382963,4,0.18296312716061713,-0.9458023379383635,-0.1578947368421053,,,-0.8333333333333334,BEARISH,0.25
2015-03-24,-0.4572337172289358,4,0.07205965561213734,-0.9097664543524417,-0.1578947368421053,,,-0.8333333333333334,BEARISH,0.25
2015-03-25,-0.4675136595658095,4,-0.022516918034776845,-0.8563096500530223,-0.1578947368421053,,,-0.8333333333333334,BEARISH,0.25
2015-03-26,-0.47573697660650116,4,-0.047313056589549096,-0.8644067796610169,-0.1578947368421053,,,-0.8333333333333334,BEARISH,0.25
2015-03-27,-0.4789821222368157,4,-0.09295438702579228,-0.8317460317460319,-0.1578947368421053,,,-0.8333333333333334,BEARISH,0.25
2015-03-30,-0.4802017965819958,4,-0.028944866681085868,-0.9006342494714588,-0.1578947368421053,,,-0.8333333333333334,BEARISH,0.25
2015-03-31,-0.5033468282669711,4,-0.1462352724594993,-0.8759239704329462,-0.1578947368421053,,,-0.8333333333333334,STRONG_BEARISH,0.0
2015-04-01,-0.5212182176693141,4,-0.2413241253963322,-0.8523206751054853,-0.1578947368421053,,,-0.8333333333333334,STRONG_BEARISH,0.0
2015-04-02,-0.5118842386121649,4,-0.2333373352742747,-0.8229715489989462,-0.1578947368421053,,,-0.8333333333333334,STRONG_BEARISH,0.0
2015-04-06,-0.4926850320848768,4,-0.12582784763775268,-0.8536842105263158,-0.1578947368421053,,,-0.8333333333333334,BEARISH,0.25
2015-04-07,-0.5108668363724318,4,-0.199452734830587,-0.8527865404837014,-0.1578947368421053,,,-0.8333333333333334,STRONG_BEARISH,0.0
2015-04-08,-0.4958030318699882,4,-0.12118573797678278,-0.8707983193277311,-0.1578947368421053,,,-0.8333333333333334,BEARISH,0.25
2015-04-09,-0.522217263667132,4,-0.2172632300334879,-0.8803777544596012,-0.1578947368421053,,,-0.8333333333333334,STRONG_BEARISH,0.0
2015-04-10,-0.5352517524432104,4,-0.24464267125358763,-0.9051362683438153,-0.1578947368421053,,,-0.8333333333333334,STRONG_BEARISH,0.0
2015-04-13,-0.5186803540549954,4,-0.21961900049480454,-0.8638743455497382,-0.1578947368421053,,,-0.8333333333333334,STRONG_BEARISH,0.0
2015-04-14,-0.495042244008548,4,-0.16676517364117993,-0.8221757322175733,-0.1578947368421053,,,-0.8333333333333334,BEARISH,0.25
2015-04-15,-0.4785092423216367,4,0.0035233892901456176,-0.9263322884012539,-0.1578947368421053,,,-0.8333333333333334,BEARISH,0.25
2015-04-16,-0.49893342104153127,4,-0.10680206493014377,-0.8977035490605427,-0.1578947368421053,,,-0.8333333333333334,STRONG_BEARISH,0.0
2015-04-17,-0.4868050787304713,4,-0.10302039907387095,-0.8529718456725757,-0.1578947368421053,,,-0.8333333333333334,BEARISH,0.25
2015-04-20,-0.4834896938211961,4,-0.059397371776012564,-0.8833333333333333,-0.1578947368421053,,,-0.8333333333333334,BEARISH,0.25
2015-04-21,-0.48130695723295636,4,-0.042220362294367764,-0.8917793964620189,-0.1578947368421053,,,-0.8333333333333334,BEARISH,0.25
2015-04-22,-0.489011842222957,4,-0.06045339435048491,-0.9043659043659042,-0.1578947368421053,,,-0.8333333333333334,BEARISH,0.25
2015-04-23,-0.4850526393728827,4,-0.06580491722263404,-0.8831775700934581,-0.1578947368421053,,,-0.8333333333333334,BEARISH,0.25
2015-04-24,-0.5006541504694746,4,-0.1597287806651153,-0.8516597510373445,-0.1578947368421053,,,-0.8333333333333334,STRONG_BEARISH,0.0
2015-04-27,-0.4908417453224443,4,-0.06592129453402773,-0.9062176165803109,-0.1578947368421053,,,-0.8333333333333334,BEARISH,0.25
2015-04-28,-0.496014897395224,4,-0.03941537033713449,-0.9534161490683228,-0.1578947368421053,,,-0.8333333333333334,STRONG_BEARISH,0.0
2015-04-29,-0.47815568687689913,4,0.034137897641989046,-0.9555325749741468,-0.1578947368421053,,,-0.8333333333333334,BEARISH,0.25
2015-04-30,-0.5151494322831671,4,-0.1664770969737588,-0.9028925619834709,-0.1578947368421053,,,-0.8333333333333334,STRONG_BEARISH,0.0
2015-05-01,-0.5085565475468091,4,-0.09872567419136435,-0.9442724458204335,-0.1578947368421053,,,-0.8333333333333334,STRONG_BEARISH,0.0
2015-05-04,-0.5046699131695638,4,-0.07590519075023883,-0.9515463917525775,-0.1578947368421053,,,-0.8333333333333334,STRONG_BEARISH,0.0
2015-05-05,-0.5153078544713958,4,-0.15548223545473783,-0.9145211122554069,-0.1578947368421053,,,-0.8333333333333334,STRONG_BEARISH,0.0
2015-05-06,-0.5202115704190579,4,-0.23262232672713024,-0.8569958847736625,-0.1578947368421053,,,-0.8333333333333334,STRONG_BEARISH,0.0
2015-05-07,-0.5185492435046846,4,-0.1991045667415523,-0.8838643371017472,-0.1578947368421053,,,-0.8333333333333334,STRONG_BEARISH,0.0
2015-05-08,-0.5072168472694711,4,-0.11772145442606008,-0.9199178644763859,-0.1578947368421053,,,-0.8333333333333334,STRONG_BEARISH,0.0
2015-05-11,-0.5075401371917805,4,-0.13380427346347834,-0.905128205128205,-0.1578947368421053,,,-0.8333333333333334,STRONG_BEARISH,0.0
2015-05-12,-0.531832607453373,4,-0.24880727767084032,-0.887295081967213,-0.1578947368421053,,,-0.8333333333333334,STRONG_BEARISH,0.0
2015-05-13,-0.5339933806257486,4,-0.24505251476358447,-0.8996929375639713,-0.1578947368421053,,,-0.8333333333333334,STRONG_BEARISH,0.0
2015-05-14,-0.5113169472049998,4,-0.11129943234599193,-0.9427402862985685,-0.1578947368421053,,,-0.8333333333333334,STRONG_BEARISH,0.0
2015-05-15,-0.5212064550309573,4,-0.16203493074512176,-0.9315628192032688,-0.1578947368421053,,,-0.8333333333333334,STRONG_BEARISH,0.0
2015-05-18,-0.5220894090465461,4,-0.1614152802964599,-0.9357142857142857,-0.1578947368421053,,,-0.8333333333333334,STRONG_BEARISH,0.0
2015-05-19,-0.525329089244442,4,-0.17226973430487802,-0.9378185524974514,-0.1578947368421053,,,-0.8333333333333334,STRONG_BEARISH,0.0
2015-05-20,-0.5152210751485908,4,-0.13381101656963734,-0.9358452138492872,-0.1578947368421053,,,-0.8333333333333334,STRONG_BEARISH,0.0
2015-05-21,-0.5153414281555183,4,-0.13626175231438642,-0.9338758901322481,-0.1578947368421053,,,-0.8333333333333334,STRONG_BEARISH,0.0
2015-05-22,-0.5193981016988014,4,-0.18443344231082381,-0.901930894308943,-0.1578947368421053,,,-0.8333333333333334,STRONG_BEARISH,0.0
2015-05-26,-0.5410425699136444,4,-0.33131784399690534,-0.8416243654822335,-0.1578947368421053,,,-0.8333333333333334,STRONG_BEARISH,0.0
2015-05-27,-0.5220359222061676,4,-0.1770373225031867,-0.9198782961460448,-0.1578947368421053,,,-0.8333333333333334,STRONG_BEARISH,0.0
2015-05-28,-0.5055986158870346,4,-0.14058888577391526,-0.8905775075987843,-0.1578947368421053,,,-0.8333333333333334,STRONG_BEARISH,0.0
2015-05-29,-0.5170889755949619,4,-0.2173100184392267,-0.8598178137651822,-0.1578947368421053,,,-0.8333333333333334,STRONG_BEARISH,0.0
2015-06-01,-0.5272824611277721,4,-0.23620308879469953,-0.8816986855409503,-0.1578947368421053,,,-0.8333333333333334,STRONG_BEARISH,0.0
2015-06-02,-0.5166749631099996,4,-0.20173440852718583,-0.8737373737373737,-0.1578947368421053,,,-0.8333333333333334,STRONG_BEARISH,0.0
2015-06-03,-0.5095447232591502,4,-0.14483175121635883,-0.9021190716448033,-0.1578947368421053,,,-0.8333333333333334,STRONG_BEARISH,0.0
2015-06-04,-0.5190912063599119,4,-0.20963272300614444,-0.8755040322580645,-0.1578947368421053,,,-0.8333333333333334,STRONG_BEARISH,0.0
2015-06-05,-0.5363249584943949,4,-0.27088948787061995,-0.8831822759315207,-0.1578947368421053,,,-0.8333333333333334,STRONG_BEARISH,0.0
2015-06-08,-0.5428748968938529,4,-0.3804727246434335,-0.7997987927565393,-0.1578947368421053,,,-0.8333333333333334,STRONG_BEARISH,0.0
2015-06-09,-0.5336104463146564,4,-0.35125391608821177,-0.7919597989949749,-0.1578947368421053,,,-0.8333333333333334,STRONG_BEARISH,0.0
2015-06-10,-0.5353242761622992,4,-0.2504706408994607,-0.8995983935742973,-0.1578947368421053,,,-0.8333333333333334,STRONG_BEARISH,0.0
2015-06-11,-0.5364875333392698,4,-0.2209206589690027,-0.9338014042126379,-0.1578947368421053,,,-0.8333333333333334,STRONG_BEARISH,0.0
2015-06-12,-0.5232546464773613,4,-0.16191075621496842,-0.939879759519038,-0.1578947368421053,,,-0.8333333333333334,STRONG_BEARISH,0.0
2015-06-15,-0.51970777962776,4,-0.2227381834707367,-0.8648648648648649,-0.1578947368421053,,,-0.8333333333333334,STRONG_BEARISH,0.0
2015-06-16,-0.5146086555903826,4,-0.11420655218609177,-0.9529999999999998,-0.1578947368421053,,,-0.8333333333333334,STRONG_BEARISH,0.0
2015-06-17,-0.5100362210627063,4,-0.08787785303642548,-0.9610389610389611,-0.1578947368421053,,,-0.8333333333333334,STRONG_BEARISH,0.0
2015-06-18,-0.7778208415957324,4,-0.38109758410133887,-0.9840319361277445,-0.9,,,-0.8461538461538461,STRONG_BEARISH,0.0
2015-06-19,-0.7936872285342799,4,-0.4854245794488766,-0.9431704885343968,-0.9,,,-0.8461538461538461,STRONG_BEARISH,0.0
2015-06-22,-0.7623786784983221,4,-0.36710588775976083,-0.9362549800796813,-0.9,,,-0.8461538461538461,STRONG_BEARISH,0.0
2015-06-23,-0.7745144700077169,4,-0.40066025278249384,-0.9512437810945273,-0.9,,,-0.8461538461538461,STRONG_BEARISH,0.0
2015-06-24,-0.7780929836653163,4,-0.45170516604221,-0.9145129224652089,-0.9,,,-0.8461538461538461,STRONG_BEARISH,0.0
2015-06-25,-0.758282907956435,4,-0.38330350563217186,-0.9036742800397219,-0.9,,,-0.8461538461538461,STRONG_BEARISH,0.0
2015-06-26,-0.7561499716411484,4,-0.3836047705694777,-0.8948412698412698,-0.9,,,-0.8461538461538461,STRONG_BEARISH,0.0
2015-06-29,-0.7592965938255997,4,-0.4763645410415158,-0.8146679881070367,-0.9,,,-0.8461538461538461,STRONG_BEARISH,0.0
2015-06-30,-0.7493159207526764,4,-0.4580405299261664,-0.7930693069306931,-0.9,,,-0.8461538461538461,STRONG_BEARISH,0.0
2015-07-01,-0.755626653149324,4,-0.4909917377589791,-0.7853610286844708,-0.9,,,-0.8461538461538461,STRONG_BEARISH,0.0
2015-07-02,-0.7559914991224318,4,-0.47247618195643426,-0.8053359683794468,-0.9,,,-0.8461538461538461,STRONG_BEARISH,0.0
2015-07-06,-0.7584938938965861,4,-0.5178316011008098,-0.7699901283316881,-0.9,,,-0.8461538461538461,STRONG_BEARISH,0.0
2015-07-07,-0.7536569755414938,4,-0.4962847068997027,-0.7721893491124261,-0.9,,,-0.8461538461538461,STRONG_BEARISH,0.0
2015-07-08,-0.7514251003636542,4,-0.541319954315549,-0.7182266009852216,-0.9,,,-0.8461538461538461,STRONG_BEARISH,0.0
2015-07-09,-0.754720096221496,4,-0.49812023951953943,-0.7746062992125984,-0.9,,,-0.8461538461538461,STRONG_BEARISH,0.0
2015-07-10,-0.7426333430430283,4,-0.4190697915049926,-0.8053097345132745,-0.9,,,-0.8461538461538461,STRONG_BEARISH,0.0
2015-07-13,-0.7419441428409818,4,-0.3512887369979002,-0.8703339882121808,-0.9,,,-0.8461538461538461,STRONG_BEARISH,0.0
2015-07-14,-0.748533174369532,4,-0.3824243861623584,-0.8655544651619236,-0.9,,,-0.8461538461538461,STRONG_BEARISH,0.0
2015-07-15,-0.7618836770499982,4,-0.43471419537947975,-0.8666666666666667,-0.9,,,-0.8461538461538461,STRONG_BEARISH,0.0
2015-07-16,-0.7413948050877486,4,-0.328142318369528,-0.8912830558276199,-0.9,,,-0.8461538461538461,STRONG_BEARISH,0.0
2015-07-17,-0.7200669559060275,4,-0.32785174655049865,-0.8062622309197651,-0.9,,,-0.8461538461538461,STRONG_BEARISH,0.0
2015-07-20,-0.7508787789247144,4,-0.527155990952636,-0.7302052785923754,-0.9,,,-0.8461538461538461,STRONG_BEARISH,0.0
2015-07-21,-0.7621675850191475,4,-0.6189227439227439,-0.68359375,-0.9,,,-0.8461538461538461,STRONG_BEARISH,0.0
2015-07-22,-0.7688822167338195,4,-0.6601067280985048,-0.669268292682927,-0.9,,,-0.8461538461538461,STRONG_BEARISH,0.0
2015-07-23,-0.7595665081306361,4,-0.6507866503063198,-0.6413255360623782,-0.9,,,-0.8461538461538461,STRONG_BEARISH,0.0
2015-07-24,-0.7727717429674862,4,-0.7042320546352805,-0.6407010710808181,-0.9,,,-0.8461538461538461,STRONG_BEARISH,0.0
2015-07-27,-0.7643624858698352,4,-0.716938120671798,-0.5943579766536966,-0.9,,,-0.8461538461538461,STRONG_BEARISH,0.0
2015-07-28,-0.7777402264189308,4,-0.7020276620486019,-0.662779397473275,-0.9,,,-0.8461538461538461,STRONG_BEARISH,0.0
2015-07-29,-0.792742797329068,4,-0.7151086052983483,-0.7097087378640778,-0.9,,,-0.8461538461538461,STRONG_BEARISH,0.0
2015-07-30,-0.7910147098483259,4,-0.7292531988650632,-0.6886517943743939,-0.9,,,-0.8461538461538461,STRONG_BEARISH,0.0
2015-07-31,-0.7949830765282221,4,-0.7012203204241586,-0.7325581395348837,-0.9,,,-0.8461538461538461,STRONG_BEARISH,0.0
2015-08-03,-0.7768638497537723,4,-0.6681747377595975,-0.6931268151016456,-0.9,,,-0.8461538461538461,STRONG_BEARISH,0.0
2015-08-04,-0.7818061253793975,4,-0.6944168836035891,-0.6866537717601546,-0.9,,,-0.8461538461538461,STRONG_BEARISH,0.0
2015-08-05,-0.7798198807862643,4,-0.691966256701356,-0.681159420289855,-0.9,,,-0.8461538461538461,STRONG_BEARISH,0.0
2015-08-06,-0.783657033075216,4,-0.7330688807416121,-0.6554054054054053,-0.9,,,-0.8461538461538461,STRONG_BEARISH,0.0
2015-08-07,-0.7742584628948759,4,-0.6768202175760909,-0.6740597878495662,-0.9,,,-0.8461538461538461,STRONG_BEARISH,0.0
2015-08-10,-0.7836990604810845,4,-0.6689892165797404,-0.7196531791907514,-0.9,,,-0.8461538461538461,STRONG_BEARISH,0.0
2015-08-11,-0.7636045272665598,4,-0.6720756199865026,-0.6361886429258903,-0.9,,,-0.8461538461538461,STRONG_BEARISH,0.0
2015-08-12,-0.7641639478155525,4,-0.662425022031441,-0.648076923076923,-0.9,,,-0.8461538461538461,STRONG_BEARISH,0.0
2015-08-13,-0.7708735874436351,4,-0.6860436736495126,-0.6512968299711814,-0.9,,,-0.8461538461538461,STRONG_BEARISH,0.0
2015-08-14,-0.7669200382163559,4,-0.6650963642931514,-0.6564299424184261,-0.9,,,-0.8461538461538461,STRONG_BEARISH,0.0
2015-08-17,-0.7828889094958269,4,-0.6883739874191066,-0.6970278044103546,-0.9,,,-0.8461538461538461,STRONG_BEARISH,0.0
2015-08-18,-0.794612862440691,4,-0.7206117798541284,-0.7116858237547894,-0.9,,,-0.8461538461538461,STRONG_BEARISH,0.0
2015-08-19,-0.7945061461987379,4,-0.764885092708091,-0.6669856459330143,-0.9,,,-0.8461538461538461,STRONG_BEARISH,0.0
2015-08-20,-0.7825154579537855,4,-0.8036020583190395,-0.5803059273422562,-0.9,,,-0.8461538461538461,STRONG_BEARISH,0.0
2015-08-21,-0.7613453319414998,4,-0.8388645398738533,-0.4603629417382997,-0.9,,,-0.8461538461538461,STRONG_BEARISH,0.0
2015-08-24,-0.6990140702394311,4,-0.856200144727542,-0.19370229007633588,-0.9,,,-0.8461538461538461,STRONG_BEARISH,0.0
2015-08-25,-0.6665584238894386,4,-0.863835807459199,-0.05624404194470922,-0.9,,,-0.8461538461538461,STRONG_BEARISH,0.0
2015-08-26,-0.7357089145069522,4,-0.8423960975882481,-0.3542857142857143,-0.9,,,-0.8461538461538461,STRONG_BEARISH,0.0
2015-08-27,-0.7288598539489989,4,-0.8296090710693614,-0.3396764985727878,-0.9,,,-0.8461538461538461,STRONG_BEARISH,0.0
2015-08-28,-0.7506785856839944,4,-0.8097924357456293,-0.4467680608365021,-0.9,,,-0.8461538461538461,STRONG_BEARISH,0.0
2015-08-31,-0.7340449909069712,4,-0.8139577414056622,-0.37606837606837606,-0.9,,,-0.8461538461538461,STRONG_BEARISH,0.0
2015-09-01,-0.6904110516109708,4,-0.8399685386581586,-0.17552182163187857,-0.9,,,-0.8461538461538461,STRONG_BEARISH,0.0
2015-09-02,-0.726553318565138,4,-0.8387324138886965,-0.3213270142180096,-0.9,,,-0.8461538461538461,STRONG_BEARISH,0.0
2015-09-03,-0.7305372539598609,4,-0.8246694121098399,-0.35132575757575757,-0.9,,,-0.8461538461538461,STRONG_BEARISH,0.0
2015-09-04,-0.7032023165353203,4,-0.8395977094860159,-0.2270577105014191,-0.9,,,-0.8461538461538461,STRONG_BEARISH,0.0
2015-09-08,-0.7551398027379657,4,-0.7848023402233473,-0.4896030245746692,-0.9,,,-0.8461538461538461,STRONG_BEARISH,0.0
2015-09-09,-0.727097706588116,4,-0.7854664419549916,-0.37677053824362616,-0.9,,,-0.8461538461538461,STRONG_BEARISH,0.0
2015-09-10,-0.7546964916562826,4,-0.7962170261316618,-0.4764150943396226,-0.9,,,-0.8461538461538461,STRONG_BEARISH,0.0
2015-09-11,-0.7634843874251347,4,-0.7856347874298215,-0.5221489161168709,-0.9,,,-0.8461538461538461,STRONG_BEARISH,0.0
2015-09-14,-0.7498769106068834,4,-0.7872521013584332,-0.4661016949152543,-0.9,,,-0.8461538461538461,STRONG_BEARISH,0.0
2015-09-15,-0.7635555164264055,4,-0.7793758394953316,-0.528692380056444,-0.9,,,-0.8461538461538461,STRONG_BEARISH,0.0
2015-09-16,-0.7689875175264673,4,-0.772465396884354,-0.5573308270676691,-0.9,,,-0.8461538461538461,STRONG_BEARISH,0.0
2015-09-17,-0.5401170370621512,4,-0.8007095969407578,-0.5502347417840374,0.04761904761904767,,,-0.8571428571428572,STRONG_BEARISH,0.0
2015-09-18,-0.5385717030540509,4,-0.8400725711726941,-0.5046904315196998,0.04761904761904767,,,-0.8571428571428572,STRONG_BEARISH,0.0
2015-09-21,-0.540168019499546,4,-0.7944472375465391,-0.5567010309278351,0.04761904761904767,,,-0.8571428571428572,STRONG_BEARISH,0.0
2015-09-22,-0.5301294793379376,4,-0.84282931382045,-0.46816479400749067,0.04761904761904767,,,-0.8571428571428572,STRONG_BEARISH,0.0
2015-09-23,-0.5242783757263398,4,-0.8563455399671438,-0.43124415341440603,0.04761904761904767,,,-0.8571428571428572,STRONG_BEARISH,0.0
2015-09-24,-0.532352032398737,4,-0.8750245069870265,-0.44485981308411215,0.04761904761904767,,,-0.8571428571428572,STRONG_BEARISH,0.0
2015-09-25,-0.5216936924337365,4,-0.8365413430309313,-0.4407096171802054,0.04761904761904767,,,-0.8571428571428572,STRONG_BEARISH,0.0
2015-09-28,-0.49511438988736384,4,-0.8481725559957952,-0.3227611940298507,0.04761904761904767,,,-0.8571428571428572,BEARISH,0.25
2015-09-29,-0.48662994430654516,4,-0.8005560795383451,-0.33643988816402604,0.04761904761904767,,,-0.8571428571428572,BEARISH,0.25
2015-09-30,-0.5180922871261467,4,-0.801951484232174,-0.46089385474860345,0.04761904761904767,,,-0.8571428571428572,STRONG_BEARISH,0.0
2015-10-01,-0.5313370916813069,4,-0.8348943246432786,-0.4809302325581395,0.04761904761904767,,,-0.8571428571428572,STRONG_BEARISH,0.0
2015-10-02,-0.541513673932863,4,-0.7924044921555974,-0.5641263940520447,0.04761904761904767,,,-0.8571428571428572,STRONG_BEARISH,0.0
2015-10-05,-0.5589817654628679,4,-0.8005908103592314,-0.625812441968431,0.04761904761904767,,,-0.8571428571428572,STRONG_BEARISH,0.0
2015-10-06,-0.5654039227385177,4,-0.8110900261426919,-0.6410018552875694,0.04761904761904767,,,-0.8571428571428572,STRONG_BEARISH,0.0
2015-10-07,-0.5478313052765169,4,-0.7469543309520448,-0.6348470806302131,0.04761904761904767,,,-0.8571428571428572,STRONG_BEARISH,0.0
2015-10-08,-0.563915842718217,4,-0.7859543761638734,-0.6601851851851852,0.04761904761904767,,,-0.8571428571428572,STRONG_BEARISH,0.0
2015-10-09,-0.5583412118216451,4,-0.7383646270319657,-0.6854764107308049,0.04761904761904767,,,-0.8571428571428572,STRONG_BEARISH,0.0
2015-10-12,-0.5454541003824122,4,-0.6985402814697947,-0.6737523105360443,0.04761904761904767,,,-0.8571428571428572,STRONG_BEARISH,0.0
2015-10-13,-0.5455524524555098,4,-0.7244865543148498,-0.6481994459833795,0.04761904761904767,,,-0.8571428571428572,STRONG_BEARISH,0.0
2015-10-14,-0.5316025551806356,4,-0.7329380717153376,-0.5839483394833949,0.04761904761904767,,,-0.8571428571428572,STRONG_BEARISH,0.0
2015-10-15,-0.5299073347318719,4,-0.6972023035972267,-0.6129032258064515,0.04761904761904767,,,-0.8571428571428572,STRONG_BEARISH,0.0
2015-10-16,-0.5367947238525992,4,-0.7428116236398099,-0.5948434622467773,0.04761904761904767,,,-0.8571428571428572,STRONG_BEARISH,0.0
2015-10-19,-0.5359948039579239,4,-0.7879972646335529,-0.546458141674333,0.04761904761904767,,,-0.8571428571428572,STRONG_BEARISH,0.0
2015-10-20,-0.5290690053353664,4,-0.761715447111774,-0.5450367647058822,0.04761904761904767,,,-0.8571428571428572,STRONG_BEARISH,0.0
2015-10-21,-0.5357098079688485,4,-0.8163273599089764,-0.516988062442608,0.04761904761904767,,,-0.8571428571428572,STRONG_BEARISH,0.0
2015-10-22,-0.5538900916640481,4,-0.7610824286920163,-0.644954128440367,0.04761904761904767,,,-0.8571428571428572,STRONG_BEARISH,0.0
2015-10-23,-0.5644279577240676,4,-0.7644116694017916,-0.683776351970669,0.04761904761904767,,,-0.8571428571428572,STRONG_BEARISH,0.0
2015-10-26,-0.5730045567863045,4,-0.749893685020676,-0.7326007326007327,0.04761904761904767,,,-0.8571428571428572,STRONG_BEARISH,0.0
2015-10-27,-0.5730030085458504,4,-0.7542174103869481,-0.7282708142726442,0.04761904761904767,,,-0.8571428571428572,STRONG_BEARISH,0.0
2015-10-28,-0.5894497176132132,4,-0.7292622638540885,-0.8190127970749543,0.04761904761904767,,,-0.8571428571428572,STRONG_BEARISH,0.0
2015-10-29,-0.5859261066801555,4,-0.7195687450506939,-0.8146118721461186,0.04761904761904767,,,-0.8571428571428572,STRONG_BEARISH,0.0
2015-10-30,-0.5838026295287212,4,-0.7172925480071337,-0.8083941605839415,0.04761904761904767,,,-0.8571428571428572,STRONG_BEARISH,0.0
2015-11-02,-0.5959806420157479,4,-0.6464133437716342,-0.9279854147675479,0.04761904761904767,,,-0.8571428571428572,STRONG_BEARISH,0.0
2015-11-03,-0.5866770547285438,4,-0.579989509572515,-0.9571948998178508,0.04761904761904767,,,-0.8571428571428572,STRONG_BEARISH,0.0
2015-11-04,-0.5818268801801822,4,-0.549630844954881,-0.9681528662420382,0.04761904761904767,,,-0.8571428571428572,STRONG_BEARISH,0.0
2015-11-05,-0.5857017191253151,4,-0.573283066977451,-0.96,0.04761904761904767,,,-0.8571428571428572,STRONG_BEARISH,0.0
2015-11-06,-0.5838686587032247,4,-0.5568318425461283,-0.9691189827429612,0.04761904761904767,,,-0.8571428571428572,STRONG_BEARISH,0.0
2015-11-09,-0.5884085780061012,4,-0.5967420814479638,-0.9473684210526314,0.04761904761904767,,,-0.8571428571428572,STRONG_BEARISH,0.0
2015-11-10,-0.5912417774079635,4,-0.6261595285758592,-0.9292837715321851,0.04761904761904767,,,-0.8571428571428572,STRONG_BEARISH,0.0
2015-11-11,-0.5833131083769405,4,-0.6949242761578659,-0.8288043478260869,0.04761904761904767,,,-0.8571428571428572,STRONG_BEARISH,0.0
2015-11-12,-0.5717444204117184,4,-0.7281326051547379,-0.7493212669683258,0.04761904761904767,,,-0.8571428571428572,STRONG_BEARISH,0.0
2015-11-13,-0.5411269639511936,4,-0.792597066172466,-0.5623869801084991,0.04761904761904767,,,-0.8571428571428572,STRONG_BEARISH,0.0
2015-11-16,-0.5600892337762409,4,-0.7578430623471882,-0.6729900632339656,0.04761904761904767,,,-0.8571428571428572,STRONG_BEARISH,0.0
2015-11-17,-0.5639314602394994,4,-0.7720143058024191,-0.674187725631769,0.04761904761904767,,,-0.8571428571428572,STRONG_BEARISH,0.0
2015-11-18,-0.5787266544447511,4,-0.7434351076239958,-0.7619477006311994,0.04761904761904767,,,-0.8571428571428572,STRONG_BEARISH,0.0
2015-11-19,-0.5875264404350198,4,-0.7162576278919454,-0.8243243243243243,0.04761904761904767,,,-0.8571428571428572,STRONG_BEARISH,0.0
2015-11-20,-0.5882340785273243,4,-0.6694251058456134,-0.8739873987398741,0.04761904761904767,,,-0.8571428571428572,STRONG_BEARISH,0.0
2015-11-23,-0.5831776141318488,4,-0.6814600282985497,-0.8417266187050361,0.04761904761904767,,,-0.8571428571428572,STRONG_BEARISH,0.0
2015-11-24,-0.5879597257966336,4,-0.6519287504461926,-0.890386343216532,0.04761904761904767,,,-0.8571428571428572,STRONG_BEARISH,0.0
2015-11-25,-0.582898012802223,4,-0.6621041483278112,-0.859964093357271,0.04761904761904767,,,-0.8571428571428572,STRONG_BEARISH,0.0
2015-11-27,-0.5807756578745332,4,-0.667838911660422,-0.8457399103139014,0.04761904761904767,,,-0.8571428571428572,STRONG_BEARISH,0.0
2015-11-30,-0.5772848165574831,4,-0.6895796144122159,-0.8100358422939067,0.04761904761904767,,,-0.8571428571428572,STRONG_BEARISH,0.0
2015-12-01,-0.5824966595349836,4,-0.6654941625462955,-0.8549686660698299,0.04761904761904767,,,-0.8571428571428572,STRONG_BEARISH,0.0
2015-12-02,-0.5596174165016574,4,-0.6802875380570597,-0.7486583184257602,0.04761904761904767,,,-0.8571428571428572,STRONG_BEARISH,0.0
2015-12-03,-0.5301492135934045,4,-0.7042812664762604,-0.6067917783735477,0.04761904761904767,,,-0.8571428571428572,STRONG_BEARISH,0.0
2015-12-04,-0.5608326394606192,4,-0.5954138911758102,-0.8383928571428572,0.04761904761904767,,,-0.8571428571428572,STRONG_BEARISH,0.0
2015-12-07,-0.5528559586255837,4,-0.6222390080293725,-0.7796610169491525,0.04761904761904767,,,-0.8571428571428572,STRONG_BEARISH,0.0
2015-12-08,-0.539844233578249,4,-0.5940598984077246,-0.7557932263814617,0.04761904761904767,,,-0.8571428571428572,STRONG_BEARISH,0.0
2015-12-09,-0.546099571791633,4,-0.651811254134263,-0.7230632235084595,0.04761904761904767,,,-0.8571428571428572,STRONG_BEARISH,0.0
2015-12-10,-0.5274899948143124,4,-0.6429628601248987,-0.657473309608541,0.04761904761904767,,,-0.8571428571428572,STRONG_BEARISH,0.0
2015-12-11,-0.5163377472027666,4,-0.7278271792872568,-0.528,0.04761904761904767,,,-0.8571428571428572,STRONG_BEARISH,0.0
2015-12-14,-0.517437528350059,4,-0.6802973518337974,-0.579928952042629,0.04761904761904767,,,-0.8571428571428572,STRONG_BEARISH,0.0
2015-12-15,-0.5519402541345515,4,-0.7371901795077417,-0.6610470275066547,0.04761904761904767,,,-0.8571428571428572,STRONG_BEARISH,0.0
2015-12-16,-0.5648518276581846,4,-0.6484650613926171,-0.8014184397163122,0.04761904761904767,,,-0.8571428571428572,STRONG_BEARISH,0.0
2015-12-17,-0.4704710892794095,4,-0.7836370478871577,-0.5952170062001771,0.36363636363636354,,,-0.8666666666666667,BEARISH,0.25
2015-12-18,-0.4770094044171021,4,-0.8819984650805832,-0.523008849557522,0.36363636363636354,,,-0.8666666666666667,BEARISH,0.25
2015-12-21,-0.4781718502581394,4,-0.8791531192224135,-0.5305039787798409,0.36363636363636354,,,-0.8666666666666667,BEARISH,0.25
2015-12-22,-0.4792713428695492,4,-0.8619349271051375,-0.5521201413427561,0.36363636363636354,,,-0.8666666666666667,BEARISH,0.25
2015-12-23,-0.4887748564013816,4,-0.8563056627340936,-0.5957634598411297,0.36363636363636354,,,-0.8666666666666667,BEARISH,0.25
2015-12-24,-0.4901709907673075,4,-0.8447788804974807,-0.6128747795414462,0.36363636363636354,,,-0.8666666666666667,BEARISH,0.25
2015-12-28,-0.48304539493714815,4,-0.8564640520486859,-0.5726872246696035,0.36363636363636354,,,-0.8666666666666667,BEARISH,0.25
2015-12-29,-0.4882944011155275,4,-0.8348304000233562,-0.6153169014084507,0.36363636363636354,,,-0.8666666666666667,BEARISH,0.25
2015-12-30,-0.482789874876067,4,-0.8379796802030766,-0.5901495162708883,0.36363636363636354,,,-0.8666666666666667,BEARISH,0.25
2015-12-31,-0.4703564797396717,4,-0.8406100271761868,-0.5377855887521967,0.36363636363636354,,,-0.8666666666666667,BEARISH,0.25
2016-01-04,-0.45340412258725366,4,-0.861947030163312,-0.44863915715539937,0.36363636363636354,,,-0.8666666666666667,BEARISH,0.25
2016-01-05,-0.45218079934077854,4,-0.8714823680170215,-0.4342105263157894,0.36363636363636354,,,-0.8666666666666667,BEARISH,0.25
2016-01-06,-0.44664625873236924,4,-0.8234320325126708,-0.4601226993865031,0.36363636363636354,,,-0.8666666666666667,BEARISH,0.25
2016-01-07,-0.41638292615245,4,-0.8490162877441203,-0.31348511383537647,0.36363636363636354,,,-0.8666666666666667,BEARISH,0.25
2016-01-08,-0.4041859164195213,4,-0.866994202542795,-0.24671916010498696,0.36363636363636354,,,-0.8666666666666667,BEARISH,0.25
2016-01-11,-0.4158038743176319,4,-0.8603600194150496,-0.2998251748251748,0.36363636363636354,,,-0.8666666666666667,BEARISH,0.25
2016-01-12,-0.43697462937630555,4,-0.8553485638198972,-0.3895196506550218,0.36363636363636354,,,-0.8666666666666667,BEARISH,0.25
2016-01-13,-0.38547362097072063,4,-0.9062289277984782,-0.1326352530541013,0.36363636363636354,,,-0.8666666666666667,BEARISH,0.25
2016-01-14,-0.41432688275051494,4,-0.8787759202123843,-0.2755013077593722,0.36363636363636354,,,-0.8666666666666667,BEARISH,0.25
2016-01-15,-0.3779882046507397,4,-0.8686786131336313,-0.1402439024390243,0.36363636363636354,,,-0.8666666666666667,BEARISH,0.25
2016-01-19,-0.396115097887976,4,-0.8560166855625059,-0.22541340295909484,0.36363636363636354,,,-0.8666666666666667,BEARISH,0.25
2016-01-20,-0.38479458795299754,4,-0.9309306574773392,-0.10521739130434771,0.36363636363636354,,,-0.8666666666666667,BEARISH,0.25
2016-01-21,-0.3931506998069896,4,-0.9296941295599488,-0.13987836663770636,0.36363636363636354,,,-0.8666666666666667,BEARISH,0.25
2016-01-22,-0.42365655374499717,4,-0.9103459119496855,-0.28125,0.36363636363636354,,,-0.8666666666666667,BEARISH,0.25
2016-01-25,-0.40237788478884423,4,-0.9208784607564701,-0.1856027753686036,0.36363636363636354,,,-0.8666666666666667,BEARISH,0.25
2016-01-26,-0.43738090699653814,4,-0.8816753006924177,-0.3648180242634316,0.36363636363636354,,,-0.8666666666666667,BEARISH,0.25
2016-01-27,-0.42138997548636103,4,-0.886425702811245,-0.296103896103896,0.36363636363636354,,,-0.8666666666666667,BEARISH,0.25
2016-01-28,-0.4369498599143619,4,-0.8589559878382171,-0.38581314878892736,0.36363636363636354,,,-0.8666666666666667,BEARISH,0.25
2016-01-29,-0.45486777734390166,4,-0.8047726991715781,-0.5116681071737252,0.36363636363636354,,,-0.8666666666666667,BEARISH,0.25
2016-02-01,-0.44767977754765653,4,-0.7738718814262988,-0.5138169257340242,0.36363636363636354,,,-0.8666666666666667,BEARISH,0.25
2016-02-02,-0.43689160456369996,4,-0.8579959944307091,-0.38654012079378774,0.36363636363636354,,,-0.8666666666666667,BEARISH,0.25
2016-02-03,-0.45110185970032873,4,-0.8574116185296324,-0.4439655172413792,0.36363636363636354,,,-0.8666666666666667,BEARISH,0.25
2016-02-04,-0.45909651297947435,4,-0.7993333544000834,-0.5340223944875109,0.36363636363636354,,,-0.8666666666666667,BEARISH,0.25
2016-02-05,-0.45126362079196647,4,-0.8553804624095076,-0.4466437177280551,0.36363636363636354,,,-0.8666666666666667,BEARISH,0.25
2016-02-08,-0.4496082682363525,4,-0.8663400012134733,-0.42906276870163373,0.36363636363636354,,,-0.8666666666666667,BEARISH,0.25
2016-02-09,-0.4332719636405556,4,-0.9104699226659397,-0.3195876288659796,0.36363636363636354,,,-0.8666666666666667,BEARISH,0.25
2016-02-10,-0.43801489931976084,4,-0.9039649165663369,-0.3450643776824034,0.36363636363636354,,,-0.8666666666666667,BEARISH,0.25
2016-02-11,-0.41783071094616486,4,-0.8964229009601883,-0.271869639794168,0.36363636363636354,,,-0.8666666666666667,BEARISH,0.25
2016-02-12,-0.4529813167728987,4,-0.886444235697967,-0.42245072836332476,0.36363636363636354,,,-0.8666666666666667,BEARISH,0.25
2016-02-16,-0.45538457517568814,4,-0.8698778606861478,-0.4486301369863015,0.36363636363636354,,,-0.8666666666666667,BEARISH,0.25
2016-02-17,-0.46999671143454697,4,-0.8157931551971919,-0.561163387510693,0.36363636363636354,,,-0.8666666666666667,BEARISH,0.25
2016-02-18,-0.4683989771774842,4,-0.8098818449958729,-0.5606837606837607,0.36363636363636354,,,-0.8666666666666667,BEARISH,0.25
2016-02-19,-0.4704806599187123,4,-0.7990460514182435,-0.5798462852263024,0.36363636363636354,,,-0.8666666666666667,BEARISH,0.25
2016-02-22,-0.47503128228731145,4,-0.7648422663919804,-0.6322525597269624,0.36363636363636354,,,-0.8666666666666667,BEARISH,0.25
2016-02-23,-0.46223057964235664,4,-0.8002824673720307,-0.5456095481670928,0.36363636363636354,,,-0.8666666666666667,BEARISH,0.25
2016-02-24,-0.46467941321875206,4,-0.797765714410293,-0.5579216354344121,0.36363636363636354,,,-0.8666666666666667,BEARISH,0.25
2016-02-25,-0.47273323405276185,4,-0.7215196544573399,-0.6663829787234044,0.36363636363636354,,,-0.8666666666666667,BEARISH,0.25
2016-02-26,-0.4660817687807478,4,-0.752453234677722,-0.6088435374149661,0.36363636363636354,,,-0.8666666666666667,BEARISH,0.25
2016-02-29,-0.45836910187582847,4,-0.7544053228247523,-0.5760407816482584,0.36363636363636354,,,-0.8666666666666667,BEARISH,0.25
2016-03-01,-0.4820978441192561,4,-0.6265495284552103,-0.798811544991511,0.36363636363636354,,,-0.8666666666666667,BEARISH,0.25
2016-03-02,-0.4692801449298187,4,-0.6344804378424915,-0.73960983884648,0.36363636363636354,,,-0.8666666666666667,BEARISH,0.25
2016-03-03,-0.4813368862087341,4,-0.646893512991074,-0.7754237288135593,0.36363636363636354,,,-0.8666666666666667,BEARISH,0.25
2016-03-04,-0.4787852385429701,4,-0.6373435046555485,-0.7747671464860288,0.36363636363636354,,,-0.8666666666666667,BEARISH,0.25
2016-03-07,-0.47749886146325843,4,-0.5406368856315291,-0.8663282571912014,0.36363636363636354,,,-0.8666666666666667,BEARISH,0.25
2016-03-08,-0.47880957009598335,4,-0.584650919027341,-0.8275570583262892,0.36363636363636354,,,-0.8666666666666667,BEARISH,0.25
2016-03-09,-0.48196958158243036,4,-0.538023698975094,-0.8868243243243243,0.36363636363636354,,,-0.8666666666666667,BEARISH,0.25
2016-03-10,-0.4744384666184223,4,-0.5879725085910653,-0.8067510548523207,0.36363636363636354,,,-0.8666666666666667,BEARISH,0.25
2016-03-11,-0.47928568753760253,4,-0.4874682649953179,-0.926644182124789,0.36363636363636354,,,-0.8666666666666667,BEARISH,0.25
2016-03-14,-0.4853380750289592,4,-0.5276227552995185,-0.9106992417860151,0.36363636363636354,,,-0.8666666666666667,BEARISH,0.25
2016-03-15,-0.4848043591605227,4,-0.5228874703121243,-0.9132996632996633,0.36363636363636354,,,-0.8666666666666667,BEARISH,0.25
2016-03-16,-0.34081385529739233,4,-0.33401089711014564,-0.9966358284272498,0.21739130434782616,,,-0.25,BEARISH,0.25
2016-03-17,-0.3307561219345969,4,-0.2920964643551215,-0.9983193277310924,0.21739130434782616,,,-0.25,BEARISH,0.25
2016-03-18,-0.31408510997626665,4,-0.22373174425289277,-1.0,0.21739130434782616,,,-0.25,NEUTRAL,0.5
2016-03-21,-0.3125793270444649,4,-0.21770861252568574,-1.0,0.21739130434782616,,,-0.25,NEUTRAL,0.5
2016-03-22,-0.31097092753796013,4,-0.21546612933621323,-0.9958088851634534,0.21739130434782616,,,-0.25,NEUTRAL,0.5
2016-03-23,-0.3216877277375663,4,-0.260842382802279,-0.9932998324958124,0.21739130434782616,,,-0.25,BEARISH,0.25
2016-03-24,-0.31082892175626353,4,-0.21740155204233647,-0.9933054393305438,0.21739130434782616,,,-0.25,NEUTRAL,0.5
2016-03-28,-0.31435135887344795,4,-0.2348301846576717,-0.9899665551839463,0.21739130434782616,,,-0.25,NEUTRAL,0.5
2016-03-29,-0.31139165865485985,4,-0.2229830016239075,-0.9899749373433582,0.21739130434782616,,,-0.25,NEUTRAL,0.5
2016-03-30,-0.3129952655371222,4,-0.22688488736442836,-0.9924874791318865,0.21739130434782616,,,-0.25,NEUTRAL,0.5
2016-03-31,-0.3001635023522534,4,-0.17805365404040963,-0.9899916597164302,0.21739130434782616,,,-0.25,NEUTRAL,0.5
2016-04-01,-0.2975151591919064,4,-0.1641186077821184,-0.9933333333333334,0.21739130434782616,,,-0.25,NEUTRAL,0.5
2016-04-04,-0.29683093278834793,4,-0.16304143017232542,-0.9916736053288926,0.21739130434782616,,,-0.25,NEUTRAL,0.5
2016-04-05,-0.3077454827315418,4,-0.2200038509145923,-0.978369384359401,0.21739130434782616,,,-0.25,NEUTRAL,0.5
2016-04-06,-0.2988528860043458,4,-0.1785966970767635,-0.9842061512884457,0.21739130434782616,,,-0.25,NEUTRAL,0.5
2016-04-07,-0.32057744418430956,4,-0.2804319780950312,-0.9692691029900331,0.21739130434782616,,,-0.25,NEUTRAL,0.5
2016-04-08,-0.3093911756534936,4,-0.23068214804063858,-0.9742738589211619,0.21739130434782616,,,-0.25,NEUTRAL,0.5
2016-04-11,-0.31377598678506585,4,-0.24737087337863684,-0.9751243781094527,0.21739130434782616,,,-0.25,NEUTRAL,0.5
2016-04-12,-0.2973899132212254,4,-0.18180596966023388,-0.9751449875724938,0.21739130434782616,,,-0.25,NEUTRAL,0.5
2016-04-13,-0.28489660211282053,4,-0.1127724147858633,-0.994205298013245,0.21739130434782616,,,-0.25,NEUTRAL,0.5
2016-04-14,-0.294177580631204,4,-0.1523729254665217,-0.9917287014061207,0.21739130434782616,,,-0.25,NEUTRAL,0.5
2016-04-15,-0.28279926990727333,4,-0.1118115244727872,-0.9867768595041322,0.21739130434782616,,,-0.25,NEUTRAL,0.5
2016-04-18,-0.27456050761345185,4,-0.07471673694861958,-0.9909165978530141,0.21739130434782616,,,-0.25,NEUTRAL,0.5
2016-04-19,-0.27089822544765346,4,-0.06583569128695488,-0.9851485148514851,0.21739130434782616,,,-0.25,NEUTRAL,0.5
2016-04-20,-0.2701994452721801,4,-0.06137952236976996,-0.9868095630667766,0.21739130434782616,,,-0.25,NEUTRAL,0.5
2016-04-21,-0.2742975693306535,4,-0.08435093916632175,-0.9802306425041185,0.21739130434782616,,,-0.25,NEUTRAL,0.5
2016-04-22,-0.28079756167615144,4,-0.12103422594955149,-0.9695473251028806,0.21739130434782616,,,-0.25,NEUTRAL,0.5
2016-04-25,-0.275491911852193,4,-0.09567474123028241,-0.9736842105263159,0.21739130434782616,,,-0.25,NEUTRAL,0.5
2016-04-26,-0.2835618678095593,4,-0.1361498684373369,-0.9654889071487265,0.21739130434782616,,,-0.25,NEUTRAL,0.5
2016-04-27,-0.28597028248856315,4,-0.13754501229879457,-0.9737274220032841,0.21739130434782616,,,-0.25,NEUTRAL,0.5
2016-04-28,-0.2949480019332704,4,-0.19558364021872554,-0.9515996718621822,0.21739130434782616,,,-0.25,NEUTRAL,0.5
2016-04-29,-0.3016211002146554,4,-0.23043308225562786,-0.9434426229508197,0.21739130434782616,,,-0.25,NEUTRAL,0.5
2016-05-02,-0.2922037567222452,4,-0.1861653811958569,-0.9500409500409499,0.21739130434782616,,,-0.25,NEUTRAL,0.5
2016-05-03,-0.31162193869338356,4,-0.2744355239331442,-0.9394435351882162,0.21739130434782616,,,-0.25,NEUTRAL,0.5
2016-05-04,-0.3213475882644553,4,-0.32146522240973574,-0.9313164349959115,0.21739130434782616,,,-0.25,BEARISH,0.25
2016-05-05,-0.3176146504450545,4,-0.30811134403654084,-0.9297385620915033,0.21739130434782616,,,-0.25,NEUTRAL,0.5
2016-05-06,-0.3201041061769266,4,-0.3147465045657365,-0.933061224489796,0.21739130434782616,,,-0.25,NEUTRAL,0.5
2016-05-09,-0.3212772380735507,4,-0.321015754195047,-0.931484502446982,0.21739130434782616,,,-0.25,NEUTRAL,0.5
2016-05-10,-0.3005032300367797,4,-0.2248239473963305,-0.9445802770986145,0.21739130434782616,,,-0.25,NEUTRAL,0.5
2016-05-11,-0.3077458912213561,4,-0.2627071167902537,-0.9356677524429968,0.21739130434782616,,,-0.25,NEUTRAL,0.5
2016-05-12,-0.2974396257523041,4,-0.2181750311161964,-0.9389747762408462,0.21739130434782616,,,-0.25,NEUTRAL,0.5
2016-05-13,-0.308069314947129,4,-0.2679612470631716,-0.9317073170731707,0.21739130434782616,,,-0.25,NEUTRAL,0.5
2016-05-16,-0.2974752626017749,4,-0.21578138806118086,-0.9415109666937449,0.21739130434782616,,,-0.25,NEUTRAL,0.5
2016-05-17,-0.30716472719605936,4,-0.2674787845606351,-0.9285714285714286,0.21739130434782616,,,-0.25,NEUTRAL,0.5
2016-05-18,-0.31317331582384367,4,-0.293888298381238,-0.9261962692619627,0.21739130434782616,,,-0.25,NEUTRAL,0.5
2016-05-19,-0.32384787368694956,4,-0.3624586499870346,-0.9003241491085898,0.21739130434782616,,,-0.25,BEARISH,0.25
2016-05-20,-0.3147277328553392,4,-0.3048447458906407,-0.9214574898785424,0.21739130434782616,,,-0.25,NEUTRAL,0.5
2016-05-23,-0.32023414161814756,4,-0.3365155730857885,-0.9118122977346279,0.21739130434782616,,,-0.25,NEUTRAL,0.5
2016-05-24,-0.2941985619117119,4,-0.20481610979580533,-0.9393694421988683,0.21739130434782616,,,-0.25,NEUTRAL,0.5
2016-05-25,-0.29644608974901154,4,-0.20810296544403373,-0.9450726978998385,0.21739130434782616,,,-0.25,NEUTRAL,0.5
2016-05-26,-0.295849373376029,4,-0.21293569050730932,-0.9378531073446328,0.21739130434782616,,,-0.25,NEUTRAL,0.5
2016-05-27,-0.29552273827809505,4,-0.20593387036343203,-0.9435483870967742,0.21739130434782616,,,-0.25,NEUTRAL,0.5
2016-05-31,-0.2999257006695975,4,-0.22027702402863358,-0.9468170829975826,0.21739130434782616,,,-0.25,NEUTRAL,0.5
2016-06-01,-0.294292027685802,4,-0.19608920575125954,-0.9484702093397746,0.21739130434782616,,,-0.25,NEUTRAL,0.5
2016-06-02,-0.33341250622424756,4,-0.42010810317884695,-0.8809332260659695,0.21739130434782616,,,-0.25,BEARISH,0.25
2016-06-03,-0.32987558731022876,4,-0.38898368574308195,-0.8979099678456592,0.21739130434782616,,,-0.25,BEARISH,0.25
2016-06-06,-0.3234699882040425,4,-0.34721503226439765,-0.9140562248995985,0.21739130434782616,,,-0.25,BEARISH,0.25
2016-06-07,-0.32413930450906764,4,-0.3650721178897147,-0.898876404494382,0.21739130434782616,,,-0.25,BEARISH,0.25
2016-06-08,-0.32195427543443467,4,-0.35143936037586154,-0.9037690457097032,0.21739130434782616,,,-0.25,BEARISH,0.25
2016-06-09,-0.32559925241753385,4,-0.3795639550436024,-0.890224358974359,0.21739130434782616,,,-0.25,BEARISH,0.25
2016-06-10,-0.33423613646721534,4,-0.42923577015263636,-0.8751000800640512,0.21739130434782616,,,-0.25,BEARISH,0.25
2016-06-13,-0.33413779286344636,4,-0.43434247580161167,-0.8695999999999999,0.21739130434782616,,,-0.25,BEARISH,0.25
2016-06-14,-0.32972033090123354,4,-0.40697606520296015,-0.8792965627498002,0.21739130434782616,,,-0.25,BEARISH,0.25
2016-06-15,-0.33861812411161485,4,-0.4648350468006752,-0.8570287539936103,0.21739130434782616,,,-0.25,BEARISH,0.25
2016-06-16,-0.3397619208229372,4,-0.4581229461391758,-0.8683160415003992,0.21739130434782616,,,-0.25,BEARISH,0.25
2016-06-17,-0.4434978973647626,4,-0.27894045895900343,-0.9019138755980862,-0.41666666666666663,,,-0.17647058823529416,BEARISH,0.25
2016-06-20,-0.43757212098892434,4,-0.2535655716832188,-0.9035856573705179,-0.41666666666666663,,,-0.17647058823529416,BEARISH,0.25
2016-06-21,-0.42669758905965777,4,-0.19565947076342216,-0.9179936305732483,-0.41666666666666663,,,-0.17647058823529416,BEARISH,0.25
2016-06-22,-0.4314296094649644,4,-0.2129312227351443,-0.9196499602227526,-0.41666666666666663,,,-0.17647058823529416,BEARISH,0.25
2016-06-23,-0.398746410330761,4,-0.04636348975971616,-0.9554848966613672,-0.41666666666666663,,,-0.17647058823529416,BEARISH,0.25
2016-06-24,-0.429704740168898,4,-0.2503838503328053,-0.875297855440826,-0.41666666666666663,,,-0.17647058823529416,BEARISH,0.25
2016-06-27,-0.4397915651590895,4,-0.3326956724010639,-0.8333333333333335,-0.41666666666666663,,,-0.17647058823529416,BEARISH,0.25
2016-06-28,-0.423827421732541,4,-0.2330209649385917,-0.8691514670896114,-0.41666666666666663,,,-0.17647058823529416,BEARISH,0.25
2016-06-29,-0.3940369653155619,4,-0.04085529732700666,-0.9421553090332804,-0.41666666666666663,,,-0.17647058823529416,BEARISH,0.25
2016-06-30,-0.3840995788817258,4,0.017150657506490585,-0.9604117181314331,-0.41666666666666663,,,-0.17647058823529416,BEARISH,0.25
2016-07-01,-0.40068817236400095,4,-0.053919232022397345,-0.9556962025316458,-0.41666666666666663,,,-0.17647058823529416,BEARISH,0.25
2016-07-05,-0.40441336846383896,4,-0.09329092251070736,-0.9312252964426877,-0.41666666666666663,,,-0.17647058823529416,BEARISH,0.25
2016-07-06,-0.39832163641562274,4,-0.06413033341455854,-0.9360189573459716,-0.41666666666666663,,,-0.17647058823529416,BEARISH,0.25
2016-07-07,-0.39879568628372425,4,-0.06676530080910048,-0.9352801894238358,-0.41666666666666663,,,-0.17647058823529416,BEARISH,0.25
2016-07-08,-0.3962438182340133,4,-0.036002055888981976,-0.9558359621451102,-0.41666666666666663,,,-0.17647058823529416,BEARISH,0.25
2016-07-11,-0.4022385404274578,4,-0.06782636307264622,-0.9479905437352245,-0.41666666666666663,,,-0.17647058823529416,BEARISH,0.25
2016-07-12,-0.40651120316520467,4,-0.05337999870373977,-0.9795275590551182,-0.41666666666666663,,,-0.17647058823529416,BEARISH,0.25
2016-07-13,-0.4074400499614212,4,-0.05550571441657992,-0.9811172305271441,-0.41666666666666663,,,-0.17647058823529416,BEARISH,0.25
2016-07-14,-0.40336904744484187,4,-0.033703714751620706,-0.9866352201257862,-0.41666666666666663,,,-0.17647058823529416,BEARISH,0.25
2016-07-15,-0.4088143985816736,4,-0.05468907469574702,-0.9874312647289867,-0.41666666666666663,,,-0.17647058823529416,BEARISH,0.25
2016-07-18,-0.4017611191310693,4,-0.031175667462191137,-0.9827315541601256,-0.41666666666666663,,,-0.17647058823529416,BEARISH,0.25
2016-07-19,-0.3898711375181571,4,-0.005562981445177195,-0.9607843137254903,-0.41666666666666663,,,-0.17647058823529416,BEARISH,0.25
2016-07-20,-0.382013609334573,4,0.033734855181223766,-0.9686520376175549,-0.41666666666666663,,,-0.17647058823529416,BEARISH,0.25
2016-07-21,-0.38131530046310186,4,0.024806358452842403,-0.9569303054032889,-0.41666666666666663,,,-0.17647058823529416,BEARISH,0.25
2016-07-22,-0.3745423703063772,4,0.05349672516315018,-0.9585289514866981,-0.41666666666666663,,,-0.17647058823529416,BEARISH,0.25
2016-07-25,-0.36008405105771296,4,0.11527173089002973,-0.9624706802189209,-0.41666666666666663,,,-0.17647058823529416,BEARISH,0.25
2016-07-26,-0.3829915312434334,4,0.006483629928227375,-0.9453125,-0.41666666666666663,,,-0.17647058823529416,BEARISH,0.25
2016-07-27,-0.40322661710864954,4,-0.076755942650514,-0.9430132708821233,-0.41666666666666663,,,-0.17647058823529416,BEARISH,0.25
2016-07-28,-0.39693504933386653,4,-0.028924315288419655,-0.9656786271450857,-0.41666666666666663,,,-0.17647058823529416,BEARISH,0.25
2016-07-29,-0.3792656864418153,4,0.026191422618721205,-0.9501169134840217,-0.41666666666666663,,,-0.17647058823529416,BEARISH,0.25
2016-08-01,-0.3768916269945877,4,0.044293488356631716,-0.9587227414330219,-0.41666666666666663,,,-0.17647058823529416,BEARISH,0.25
2016-08-02,-0.37711483334159995,4,0.005300489628946137,-0.920622568093385,-0.41666666666666663,,,-0.17647058823529416,BEARISH,0.25
2016-08-03,-0.3856262428647906,4,-0.029461029154402407,-0.9199066874027992,-0.41666666666666663,,,-0.17647058823529416,BEARISH,0.25
2016-08-04,-0.380277483269774,4,0.006759256554799364,-0.9347319347319347,-0.41666666666666663,,,-0.17647058823529416,BEARISH,0.25
2016-08-05,-0.37307981461276024,4,0.05811613309688246,-0.9572981366459627,-0.41666666666666663,,,-0.17647058823529416,BEARISH,0.25
2016-08-08,-0.3717601830253207,4,0.0665309681071169,-0.9604344453064391,-0.41666666666666663,,,-0.17647058823529416,BEARISH,0.25
2016-08-09,-0.38259814697940003,4,0.016233039077383937,-0.9534883720930232,-0.41666666666666663,,,-0.17647058823529416,BEARISH,0.25
2016-08-10,-0.36090866901362023,4,0.10070319852215048,-0.9512006196746707,-0.41666666666666663,,,-0.17647058823529416,BEARISH,0.25
2016-08-11,-0.3584242739327091,4,0.12848040684914297,-0.9690402476780187,-0.41666666666666663,,,-0.17647058823529416,BEARISH,0.25
2016-08-12,-0.359825209657967,4,0.1027923327434106,-0.9489559164733179,-0.41666666666666663,,,-0.17647058823529416,BEARISH,0.25
2016-08-15,-0.353676992677385,4,0.1490629781646,-0.9706336939721791,-0.41666666666666663,,,-0.17647058823529416,BEARISH,0.25
2016-08-16,-0.3637817975729803,4,0.10634983294980782,-0.9683397683397683,-0.41666666666666663,,,-0.17647058823529416,BEARISH,0.25
2016-08-17,-0.37862244514513005,4,0.040067227407860395,-0.9614197530864197,-0.41666666666666663,,,-0.17647058823529416,BEARISH,0.25
2016-08-18,-0.37069351865143646,4,0.060247528792745086,-0.9498843484965303,-0.41666666666666663,,,-0.17647058823529416,BEARISH,0.25
2016-08-19,-0.3551696467674735,4,0.14010119479662775,-0.9676425269645608,-0.41666666666666663,,,-0.17647058823529416,BEARISH,0.25
2016-08-22,-0.3389590251179569,4,0.19804018445322802,-0.9607390300230947,-0.41666666666666663,,,-0.17647058823529416,BEARISH,0.25
2016-08-23,-0.3118272560627872,4,0.3227513075738888,-0.976923076923077,-0.41666666666666663,,,-0.17647058823529416,NEUTRAL,0.5
2016-08-24,-0.3123828370797605,4,0.2744283508565546,-0.9308224442736357,-0.41666666666666663,,,-0.17647058823529416,NEUTRAL,0.5
2016-08-25,-0.33060895293792864,4,0.21156165820400963,-0.9408602150537635,-0.41666666666666663,,,-0.17647058823529416,BEARISH,0.25
2016-08-26,-0.3263416376573716,4,0.24939771885420892,-0.9616270145817345,-0.41666666666666663,,,-0.17647058823529416,BEARISH,0.25
2016-08-29,-0.33551065941395136,4,0.21505167246087953,-0.9639570552147241,-0.41666666666666663,,,-0.17647058823529416,BEARISH,0.25
2016-08-30,-0.33021537440411036,4,0.23549414809011715,-0.9632183908045977,-0.41666666666666663,,,-0.17647058823529416,BEARISH,0.25
2016-08-31,-0.3251507249323344,4,0.24659254812821296,-0.9540581929555896,-0.41666666666666663,,,-0.17647058823529416,BEARISH,0.25
2016-09-01,-0.3333139314701285,4,0.2032633193810489,-0.9433817903596022,-0.41666666666666663,,,-0.17647058823529416,BEARISH,0.25
2016-09-02,-0.33405492932666686,4,0.21333955594391707,-0.9564220183486238,-0.41666666666666663,,,-0.17647058823529416,BEARISH,0.25
2016-09-06,-0.3249709344180732,4,0.24894488468574139,-0.9556913674560734,-0.41666666666666663,,,-0.17647058823529416,BEARISH,0.25
2016-09-07,-0.34369064464061544,4,0.1733365084005678,-0.9549618320610687,-0.41666666666666663,,,-0.17647058823529416,BEARISH,0.25
2016-09-08,-0.33668004498692244,4,0.132000598981731,-0.8855835240274601,-0.41666666666666663,,,-0.17647058823529416,BEARISH,0.25
2016-09-09,-0.3572308433068559,4,0.009488271918439484,-0.8452743902439024,-0.41666666666666663,,,-0.17647058823529416,BEARISH,0.25
2016-09-12,-0.3479318079360973,4,0.08107491272345113,-0.8796648895658796,-0.41666666666666663,,,-0.17647058823529416,BEARISH,0.25
2016-09-13,-0.35467716389674636,4,0.0237436678081262,-0.8493150684931507,-0.41666666666666663,,,-0.17647058823529416,BEARISH,0.25
2016-09-14,-0.3582002798135166,4,0.015849443632685034,-0.8555133079847907,-0.41666666666666663,,,-0.17647058823529416,BEARISH,0.25
2016-09-15,-0.35240092451071764,4,0.07943021339404477,-0.8958966565349544,-0.41666666666666663,,,-0.17647058823529416,BEARISH,0.25
2016-09-16,-0.2301896694491265,4,-0.046104159952922164,-0.7813211845102506,-0.76,,,0.6666666666666667,NEUTRAL,0.5
2016-09-19,-0.22458257627225903,4,-0.006817912575126206,-0.7981790591805766,-0.76,,,0.6666666666666667,NEUTRAL,0.5
2016-09-20,-0.2275859915944593,4,-0.029292664886808817,-0.7877179681576951,-0.76,,,0.6666666666666667,NEUTRAL,0.5
2016-09-21,-0.21728035969203086,4,0.037090682443997824,-0.812878787878788,-0.76,,,0.6666666666666667,NEUTRAL,0.5
2016-09-22,-0.21157271103239778,4,0.05930592599405249,-0.8122634367903103,-0.76,,,0.6666666666666667,NEUTRAL,0.5
2016-09-23,-0.22203025615916466,4,0.00021987299319503606,-0.7950075642965204,-0.76,,,0.6666666666666667,NEUTRAL,0.5
2016-09-26,-0.2217662463145656,4,-0.013686300451006383,-0.7800453514739227,-0.76,,,0.6666666666666667,NEUTRAL,0.5
2016-09-27,-0.20978736605810172,4,0.05403281169911378,-0.7998489425981874,-0.76,,,0.6666666666666667,NEUTRAL,0.5
2016-09-28,-0.20769464361511925,4,0.06859249472191298,-0.8060377358490567,-0.76,,,0.6666666666666667,NEUTRAL,0.5
2016-09-29,-0.21905856563711695,4,-9.549935088126738e-05,-0.7828054298642533,-0.76,,,0.6666666666666667,NEUTRAL,0.5
2016-09-30,-0.22274599718392835,4,-0.0026242801197881027,-0.7950263752825921,-0.76,,,0.6666666666666667,NEUTRAL,0.5
2016-10-03,-0.23114676052866684,4,-0.06016937143193668,-0.7710843373493974,-0.76,,,0.6666666666666667,NEUTRAL,0.5
2016-10-04,-0.2414271123938817,4,-0.10939543226928161,-0.7629796839729119,-0.76,,,0.6666666666666667,NEUTRAL,0.5
2016-10-05,-0.24284364724875712,4,-0.09383072934590586,-0.7842105263157895,-0.76,,,0.6666666666666667,NEUTRAL,0.5
2016-10-06,-0.24313887601954753,4,-0.11814027743155853,-0.7610818933132983,-0.76,,,0.6666666666666667,NEUTRAL,0.5
2016-10-07,-0.2538368531074662,4,-0.17651858360103612,-0.7454954954954953,-0.76,,,0.6666666666666667,NEUTRAL,0.5
2016-10-10,-0.27280571699328254,4,-0.26345592623769654,-0.7344336084021004,-0.76,,,0.6666666666666667,NEUTRAL,0.5
2016-10-11,-0.25317417888438554,4,-0.26494059359851185,-0.654422788605697,-0.76,,,0.6666666666666667,NEUTRAL,0.5
2016-10-12,-0.2574323988421457,4,-0.27722023207270274,-0.6591760299625469,-0.76,,,0.6666666666666667,NEUTRAL,0.5
2016-10-13,-0.24483293402708056,4,-0.22956127702648577,-0.6564371257485031,-0.76,,,0.6666666666666667,NEUTRAL,0.5
2016-10-14,-0.24558344853756192,4,-0.1836900644070416,-0.7053103964098728,-0.76,,,0.6666666666666667,NEUTRAL,0.5
2016-10-17,-0.2756218689562795,4,-0.3223081036278085,-0.6868460388639761,-0.76,,,0.6666666666666667,NEUTRAL,0.5
2016-10-18,-0.26281432047738595,4,-0.2499329104880852,-0.7079910380881254,-0.76,,,0.6666666666666667,NEUTRAL,0.5
2016-10-19,-0.2652320863608332,4,-0.27058008673686507,-0.6970149253731344,-0.76,,,0.6666666666666667,NEUTRAL,0.5
2016-10-20,-0.24778833952676,4,-0.2348819188825807,-0.6629381058911261,-0.76,,,0.6666666666666667,NEUTRAL,0.5
2016-10-21,-0.265598071401408,4,-0.34089203722013783,-0.6281669150521609,-0.76,,,0.6666666666666667,NEUTRAL,0.5
2016-10-24,-0.28198686199827655,4,-0.35181441250042833,-0.6827997021593446,-0.76,,,0.6666666666666667,NEUTRAL,0.5
2016-10-25,-0.29567514467829337,4,-0.38996248347507834,-0.6994047619047619,-0.76,,,0.6666666666666667,NEUTRAL,0.5
2016-10-26,-0.28685378287353086,4,-0.36709295057714697,-0.6869888475836432,-0.76,,,0.6666666666666667,NEUTRAL,0.5
2016-10-27,-0.2931594078773647,4,-0.4054558583544319,-0.6738484398216937,-0.76,,,0.6666666666666667,NEUTRAL,0.5
2016-10-28,-0.2968728487275686,4,-0.42674900441287267,-0.6674090571640683,-0.76,,,0.6666666666666667,NEUTRAL,0.5
2016-10-31,-0.3009349855160194,4,-0.4012077956743645,-0.7091988130563798,-0.76,,,0.6666666666666667,NEUTRAL,0.5
2016-11-01,-0.3165630745646992,4,-0.4560916854591921,-0.7168272794662713,-0.76,,,0.6666666666666667,NEUTRAL,0.5
2016-11-02,-0.31363076316833,4,-0.5197082378585052,-0.6414814814814815,-0.76,,,0.6666666666666667,NEUTRAL,0.5
2016-11-03,-0.31777264600496524,4,-0.49307923440229384,-0.6846780162842339,-0.76,,,0.6666666666666667,NEUTRAL,0.5
2016-11-04,-0.3189123612089338,4,-0.5048013186029936,-0.6775147928994083,-0.76,,,0.6666666666666667,NEUTRAL,0.5
2016-11-07,-0.33134161679460156,4,-0.45006713236687634,-0.7819660014781966,-0.76,,,0.6666666666666667,BEARISH,0.25
2016-11-08,-0.3256089358705608,4,-0.42402116938081513,-0.7850812407680947,-0.76,,,0.6666666666666667,BEARISH,0.25
2016-11-09,-0.33037037597947194,4,-0.40895997870263556,-0.8191881918819188,-0.76,,,0.6666666666666667,BEARISH,0.25
2016-11-10,-0.3180036651957009,4,-0.35788486727247903,-0.8207964601769913,-0.76,,,0.6666666666666667,NEUTRAL,0.5
2016-11-11,-0.3133680819195653,4,-0.35100119036556165,-0.8091378039793662,-0.76,,,0.6666666666666667,NEUTRAL,0.5
2016-11-14,-0.28945386432070225,4,-0.26624942880956404,-0.7982326951399117,-0.76,,,0.6666666666666667,NEUTRAL,0.5
2016-11-15,-0.3074180999365558,4,-0.35267460725174193,-0.7836644591611479,-0.76,,,0.6666666666666667,NEUTRAL,0.5
2016-11-16,-0.30269699429197816,4,-0.29024876148163825,-0.8272058823529411,-0.76,,,0.6666666666666667,NEUTRAL,0.5
2016-11-17,-0.3047343766953633,4,-0.2637378986501774,-0.8618662747979426,-0.76,,,0.6666666666666667,NEUTRAL,0.5
2016-11-18,-0.3162201796146593,4,-0.3382140517919705,-0.8333333333333335,-0.76,,,0.6666666666666667,NEUTRAL,0.5
2016-11-21,-0.3216273013350168,4,-0.35825290795684417,-0.8349229640498899,-0.76,,,0.6666666666666667,BEARISH,0.25
2016-11-22,-0.3119482459250965,4,-0.3069523189887535,-0.8475073313782993,-0.76,,,0.6666666666666667,NEUTRAL,0.5
2016-11-23,-0.31562004652381764,4,-0.3215278051428896,-0.8476190476190477,-0.76,,,0.6666666666666667,NEUTRAL,0.5
2016-11-25,-0.31406321174170293,4,-0.2983514316422631,-0.8645680819912154,-0.76,,,0.6666666666666667,NEUTRAL,0.5
2016-11-28,-0.3144069303957636,4,-0.2981641761063416,-0.8661302121433796,-0.76,,,0.6666666666666667,NEUTRAL,0.5
2016-11-29,-0.3149800767330396,4,-0.26965714903742155,-0.8969298245614037,-0.76,,,0.6666666666666667,NEUTRAL,0.5
2016-11-30,-0.3130381026175117,4,-0.30710249569040227,-0.8517165814463112,-0.76,,,0.6666666666666667,NEUTRAL,0.5
2016-12-01,-0.312938952666749,4,-0.4328750320781882,-0.7255474452554744,-0.76,,,0.6666666666666667,NEUTRAL,0.5
2016-12-02,-0.30616886750182537,4,-0.43258210749818427,-0.6987600291757841,-0.76,,,0.6666666666666667,NEUTRAL,0.5
2016-12-05,-0.3217602042397278,4,-0.44443634659933884,-0.749271137026239,-0.76,,,0.6666666666666667,BEARISH,0.25
2016-12-06,-0.3177680120502348,4,-0.380215044073724,-0.797523670793882,-0.76,,,0.6666666666666667,NEUTRAL,0.5
2016-12-07,-0.29974896472383467,4,-0.23812249644992378,-0.8675400291120816,-0.76,,,0.6666666666666667,NEUTRAL,0.5
2016-12-08,-0.29711625157226773,4,-0.22531349113755583,-0.8698181818181818,-0.76,,,0.6666666666666667,NEUTRAL,0.5
2016-12-09,-0.28297417089866284,4,-0.14684823398224833,-0.8917151162790697,-0.76,,,0.6666666666666667,NEUTRAL,0.5
2016-12-12,-0.2653767114428918,4,-0.07855840713685436,-0.8896151053013797,-0.76,,,0.6666666666666667,NEUTRAL,0.5
2016-12-13,-0.2763151692712879,4,-0.10118714055878497,-0.9107402031930334,-0.76,,,0.6666666666666667,NEUTRAL,0.5
2016-12-14,-0.28673873227650815,4,-0.1355650330460857,-0.9180565627266135,-0.76,,,0.6666666666666667,NEUTRAL,0.5
2016-12-15,-0.30399291693496455,4,-0.2059716677398583,-0.9166666666666667,-0.76,,,0.6666666666666667,NEUTRAL,0.5
2016-12-16,-0.051367807668157295,4,-0.20582888970630475,-0.8660391020999276,0.07692307692307687,,,0.7894736842105263,NEUTRAL,0.5
2016-12-19,-0.03286654441395784,4,-0.14258073907887014,-0.8552821997105644,0.07692307692307687,,,0.7894736842105263,NEUTRAL,0.5
2016-12-20,-0.0392053871053627,4,-0.16204694296069388,-0.8611713665943601,0.07692307692307687,,,0.7894736842105263,NEUTRAL,0.5
2016-12-21,-0.043128668801855896,4,-0.19064554038726955,-0.8482658959537572,0.07692307692307687,,,0.7894736842105263,NEUTRAL,0.5
2016-12-22,-0.04575438227256445,4,-0.19165255737187548,-0.8577617328519855,0.07692307692307687,,,0.7894736842105263,NEUTRAL,0.5
2016-12-23,-0.048593161644114424,4,-0.21733506427571736,-0.8434343434343434,0.07692307692307687,,,0.7894736842105263,NEUTRAL,0.5
2016-12-27,-0.03954807791825404,4,-0.17887890698109676,-0.8457101658255226,0.07692307692307687,,,0.7894736842105263,NEUTRAL,0.5
2016-12-28,-0.045794355140199916,4,-0.21672115575780337,-0.8328530259365994,0.07692307692307687,,,0.7894736842105263,NEUTRAL,0.5
2016-12-29,-0.03671208515001656,4,-0.17955179719803238,-0.8336933045356372,0.07692307692307687,,,0.7894736842105263,NEUTRAL,0.5
2016-12-30,-0.035731616576494485,4,-0.19853186053310623,-0.8107913669064748,0.07692307692307687,,,0.7894736842105263,NEUTRAL,0.5
2017-01-03,-0.04708686854079902,4,-0.23375214327667015,-0.8209920920201292,0.07692307692307687,,,0.7894736842105263,NEUTRAL,0.5
2017-01-04,-0.04760289936349432,4,-0.21916468042666115,-0.8376436781609193,0.07692307692307687,,,0.7894736842105263,NEUTRAL,0.5
2017-01-05,-0.04215491662859622,4,-0.20874219936370952,-0.8262742282842785,0.07692307692307687,,,0.7894736842105263,NEUTRAL,0.5
2017-01-06,-0.0204039530110339,4,-0.1416998041676959,-0.8063127690100429,0.07692307692307687,,,0.7894736842105263,NEUTRAL,0.5
2017-01-09,-0.0037733712691665477,4,-0.019124654812419983,-0.8623655913978494,0.07692307692307687,,,0.7894736842105263,BULLISH,0.75
2017-01-10,-0.00872342273862467,4,-0.07392655523996428,-0.8273638968481376,0.07692307692307687,,,0.7894736842105263,NEUTRAL,0.5
2017-01-11,-0.010593246934767375,4,-0.0411963773622932,-0.8675733715103795,0.07692307692307687,,,0.7894736842105263,NEUTRAL,0.5
2017-01-12,0.010013693767456588,4,0.04418734154709569,-0.8705293276108725,0.07692307692307687,,,0.7894736842105263,BULLISH,0.75
2017-01-13,0.004274678669783927,4,0.023468215160971972,-0.8727662616154395,0.07692307692307687,,,0.7894736842105263,BULLISH,0.75
2017-01-17,0.013631771936197745,4,0.05098746946833077,-0.862857142857143,0.07692307692307687,,,0.7894736842105263,BULLISH,0.75
2017-01-18,0.008975566048434303,4,0.03745696630067652,-0.8679514632405425,0.07692307692307687,,,0.7894736842105263,BULLISH,0.75
2017-01-19,-0.00574672569272433,4,-0.01919821454644066,-0.8701854493580599,0.07692307692307687,,,0.7894736842105263,BULLISH,0.75
2017-01-20,0.0005847749441666994,4,0.02831582403151689,-0.8923734853884533,0.07692307692307687,,,0.7894736842105263,BULLISH,0.75
2017-01-23,-0.008264629140070423,4,-0.016264394503001656,-0.8831908831908832,0.07692307692307687,,,0.7894736842105263,NEUTRAL,0.5
2017-01-24,0.002033747130143315,4,0.04636456190654292,-0.9046263345195729,0.07692307692307687,,,0.7894736842105263,BULLISH,0.75
2017-01-25,-0.008770267310311386,4,0.006061287690585004,-0.9075391180654337,0.07692307692307687,,,0.7894736842105263,NEUTRAL,0.5
2017-01-26,-0.006731993673606884,4,0.01143716893387392,-0.9047619047619047,0.07692307692307687,,,0.7894736842105263,NEUTRAL,0.5
2017-01-27,-0.011112448440523892,4,0.0003750360133920605,-0.9112215909090908,0.07692307692307687,,,0.7894736842105263,NEUTRAL,0.5
2017-01-30,-0.034825802463399114,4,-0.095125095188761,-0.9105748757984387,0.07692307692307687,,,0.7894736842105263,NEUTRAL,0.5
2017-01-31,-0.036888156546658835,4,-0.1146586071783946,-0.8992907801418439,0.07692307692307687,,,0.7894736842105263,NEUTRAL,0.5
2017-02-01,-0.025465576226540443,4,-0.08661484208512293,-0.881644223954642,0.07692307692307687,,,0.7894736842105263,NEUTRAL,0.5
2017-02-02,-0.025673463395486373,4,-0.07673933992801318,-0.8923512747875355,0.07692307692307687,,,0.7894736842105263,NEUTRAL,0.5
2017-02-03,-0.03076865855096811,4,-0.0708585149411558,-0.9186128803963198,0.07692307692307687,,,0.7894736842105263,NEUTRAL,0.5
2017-02-06,-0.02068871755668289,4,-0.05311202739993881,-0.896039603960396,0.07692307692307687,,,0.7894736842105263,NEUTRAL,0.5
2017-02-07,-0.02336622848317582,4,-0.06657545598503445,-0.893286219081272,0.07692307692307687,,,0.7894736842105263,NEUTRAL,0.5
2017-02-08,-0.0007849353970363904,4,0.01958779106356201,-0.8891242937853108,0.07692307692307687,,,0.7894736842105263,BULLISH,0.75
2017-02-09,-0.005870259669589706,4,0.01908479722402956,-0.9089625970359916,0.07692307692307687,,,0.7894736842105263,BULLISH,0.75
2017-02-10,0.014357545062424815,4,0.12192199457448805,-0.930888575458392,0.07692307692307687,,,0.7894736842105263,BULLISH,0.75
2017-02-13,0.009727784204448864,4,0.11613664488785691,-0.9436222692036647,0.07692307692307687,,,0.7894736842105263,BULLISH,0.75
2017-02-14,0.007572274408191804,4,0.10825853368226257,-0.9443661971830986,0.07692307692307687,,,0.7894736842105263,BULLISH,0.75
2017-02-15,-0.011908829813762789,4,0.05289262052619437,-0.9669247009148487,0.07692307692307687,,,0.7894736842105263,NEUTRAL,0.5
2017-02-16,-0.007444801255924394,4,0.08132051766829695,-0.9774964838255977,0.07692307692307687,,,0.7894736842105263,NEUTRAL,0.5
2017-02-17,0.0005059625161908943,4,0.12719420066692977,-0.9915671117357694,0.07692307692307687,,,0.7894736842105263,BULLISH,0.75
2017-02-21,0.01482285446329451,4,0.18868117357350744,-0.9957865168539326,0.07692307692307687,,,0.7894736842105263,BULLISH,0.75
2017-02-22,0.030316333518781213,4,0.2541668185555568,-0.9992982456140351,0.07692307692307687,,,0.7894736842105263,BULLISH,0.75
2017-02-23,0.04598489545003548,4,0.3175428206665387,-1.0,0.07692307692307687,,,0.7894736842105263,BULLISH,0.75
2017-02-24,0.03547180663763483,4,0.2754904654169361,-1.0,0.07692307692307687,,,0.7894736842105263,BULLISH,0.75
2017-02-27,0.0346277874840869,4,0.26931326835456515,-0.9971988795518207,0.07692307692307687,,,0.7894736842105263,BULLISH,0.75
2017-02-28,0.0375055232214036,4,0.27872680131114347,-0.9951014695591323,0.07692307692307687,,,0.7894736842105263,BULLISH,0.75
2017-03-01,0.017962669035948453,4,0.20265671221298787,-0.9972027972027973,0.07692307692307687,,,0.7894736842105263,BULLISH,0.75
2017-03-02,0.019754809056539424,4,0.208429602975154,-0.9958071278825995,0.07692307692307687,,,0.7894736842105263,BULLISH,0.75
2017-03-03,0.008361299276222756,4,0.16006519574782407,-0.9930167597765363,0.07692307692307687,,,0.7894736842105263,BULLISH,0.75
2017-03-06,0.005538136471022415,4,0.1452882341573254,-0.9895324494068389,0.07692307692307687,,,0.7894736842105263,BULLISH,0.75
2017-03-07,0.00435822240125272,4,0.14197057756485254,-0.9909344490934449,0.07692307692307687,,,0.7894736842105263,BULLISH,0.75
2017-03-08,0.002418793001963404,4,0.13421917742477318,-0.9909407665505228,0.07692307692307687,,,0.7894736842105263,BULLISH,0.75
2017-03-09,-0.011126678043537785,4,0.07168705594015656,-0.9825905292479109,0.07692307692307687,,,0.7894736842105263,NEUTRAL,0.5
2017-03-10,0.00407972910119242,4,0.14157142458223126,-0.9916492693110648,0.07692307692307687,,,0.7894736842105263,BULLISH,0.75
2017-03-13,-0.011397759136173358,4,0.0734085861881848,-0.9853963838664814,0.07692307692307687,,,0.7894736842105263,NEUTRAL,0.5
2017-03-14,0.008193643593961353,4,0.16081839698094957,-0.9944405837387074,0.07692307692307687,,,0.7894736842105263,BULLISH,0.75
2017-03-15,0.019066208394792727,4,0.20847918355667883,-0.9986111111111111,0.07692307692307687,,,0.7894736842105263,BULLISH,0.75
2017-03-16,-0.10043658709828046,4,0.2464017997550263,-1.0,0.8518518518518519,,,-0.5,NEUTRAL,0.5
2017-03-17,-0.10422299045246264,4,0.2298692237862865,-0.9986130374479889,0.8518518518518519,,,-0.5,NEUTRAL,0.5
2017-03-20,-0.12392343667850353,4,0.14968239866213118,-0.9972279972279972,0.8518518518518519,,,-0.5,NEUTRAL,0.5
2017-03-21,-0.12373354761875865,4,0.14905883301937384,-0.9958448753462603,0.8518518518518519,,,-0.5,NEUTRAL,0.5
2017-03-22,-0.11635813966284264,4,0.1771792573168467,-0.9944636678200691,0.8518518518518519,,,-0.5,NEUTRAL,0.5
2017-03-23,-0.10112580520522596,4,0.23949554973388332,-0.995850622406639,0.8518518518518519,,,-0.5,NEUTRAL,0.5
2017-03-24,-0.10063676728591425,4,0.2373080589630261,-0.991706979958535,0.8518518518518519,,,-0.5,NEUTRAL,0.5
2017-03-27,-0.08851293914485786,4,0.287880921955457,-0.9937845303867403,0.8518518518518519,,,-0.5,NEUTRAL,0.5
2017-03-28,-0.09987869050974763,4,0.23897155036036533,-0.9903381642512077,0.8518518518518519,,,-0.5,NEUTRAL,0.5
2017-03-29,-0.10775575499418688,4,0.20471133506795236,-0.9875862068965517,0.8518518518518519,,,-0.5,NEUTRAL,0.5
2017-03-30,-0.09991832068771189,4,0.23744798738213868,-0.9889731219848381,0.8518518518518519,,,-0.5,NEUTRAL,0.5
2017-03-31,-0.1054207764759465,4,0.21269093756116653,-0.9862258953168044,0.8518518518518519,,,-0.5,NEUTRAL,0.5
2017-04-03,-0.10796712326165431,4,0.20182679894186117,-0.9855471438403303,0.8518518518518519,,,-0.5,NEUTRAL,0.5
2017-04-04,-0.1003085273013225,4,0.23040784912167522,-0.9834938101788171,0.8518518518518519,,,-0.5,NEUTRAL,0.5
2017-04-05,-0.10501210575952846,4,0.20885573885573883,-0.9807560137457045,0.8518518518518519,,,-0.5,NEUTRAL,0.5
2017-04-06,-0.09222481892294271,4,0.2586444768519818,-0.9793956043956045,0.8518518518518519,,,-0.5,NEUTRAL,0.5
2017-04-07,-0.10165471468933868,4,0.22093903544432814,-0.9794097460535347,0.8518518518518519,,,-0.5,NEUTRAL,0.5
2017-04-10,-0.0984325439237339,4,0.23109835654100408,-0.9766803840877916,0.8518518518518519,,,-0.5,NEUTRAL,0.5
2017-04-11,-0.10264230584806933,4,0.2142752921307851,-0.9766963673749143,0.8518518518518519,,,-0.5,NEUTRAL,0.5
2017-04-12,-0.11596499900065993,4,0.1616854124194811,-0.9773972602739727,0.8518518518518519,,,-0.5,NEUTRAL,0.5
2017-04-13,-0.11264231912595873,4,0.17088482646977532,-0.9733059548254621,0.8518518518518519,,,-0.5,NEUTRAL,0.5
2017-04-17,-0.057459721178731604,4,0.3971054330638646,-0.9787961696306429,0.8518518518518519,,,-0.5,NEUTRAL,0.5
2017-04-18,-0.06047291957320827,4,0.3878012408737703,-0.9815447710184553,0.8518518518518519,,,-0.5,NEUTRAL,0.5
2017-04-19,-0.06643932852598744,4,0.35780067010977223,-0.9754098360655739,0.8518518518518519,,,-0.5,NEUTRAL,0.5
2017-04-20,-0.07369803809818448,4,0.3356085554823727,-0.9822525597269625,0.8518518518518519,,,-0.5,NEUTRAL,0.5
2017-04-21,-0.0715721285026873,4,0.33866727397368823,-0.9768076398362893,0.8518518518518519,,,-0.5,NEUTRAL,0.5
2017-04-24,-0.061543169822047716,4,0.39515883627645354,-0.9931833674164963,0.8518518518518519,,,-0.5,NEUTRAL,0.5
2017-04-25,-0.0711894066688532,4,0.3524913389114275,-0.9891008174386922,0.8518518518518519,,,-0.5,NEUTRAL,0.5
2017-04-26,-0.06395679854544278,4,0.3793869852801959,-0.9870660313138189,0.8518518518518519,,,-0.5,NEUTRAL,0.5
2017-04-27,-0.07193514113564542,4,0.3495232298640698,-0.9891156462585033,0.8518518518518519,,,-0.5,NEUTRAL,0.5
2017-04-28,-0.062165967382531384,4,0.39540542069824025,-0.9959211420802176,0.8518518518518519,,,-0.5,NEUTRAL,0.5
2017-05-01,-0.05142474117653989,4,0.43837309648546685,-0.9959239130434783,0.8518518518518519,,,-0.5,NEUTRAL,0.5
2017-05-02,-0.05903833122831148,4,0.40792150347930134,-0.9959266802443991,0.8518518518518519,,,-0.5,NEUTRAL,0.5
2017-05-03,-0.0524352499632782,4,0.42890918357318997,-0.9905020352781546,0.8518518518518519,,,-0.5,NEUTRAL,0.5
2017-05-04,-0.0436320645135751,4,0.47090802568706813,-0.9972881355932204,0.8518518518518519,,,-0.5,NEUTRAL,0.5
2017-05-05,-0.04279760467784527,4,0.47424770233649616,-0.9972899728997291,0.8518518518518519,,,-0.5,NEUTRAL,0.5
2017-05-08,-0.04782702839321146,4,0.4527777461528244,-0.9959377115775221,0.8518518518518519,,,-0.5,NEUTRAL,0.5
2017-05-09,-0.04659742710054082,4,0.45634571985423933,-0.9945872801082545,0.8518518518518519,,,-0.5,NEUTRAL,0.5
2017-05-10,-0.05824039089533811,4,0.4097775243910011,-0.9945909398242054,0.8518518518518519,,,-0.5,NEUTRAL,0.5
2017-05-11,-0.05288337395925874,4,0.4258038415003025,-0.9891891891891893,0.8518518518518519,,,-0.5,NEUTRAL,0.5
2017-05-12,-0.057813959343557986,4,0.40338792184751515,-0.986495611073599,0.8518518518518519,,,-0.5,NEUTRAL,0.5
2017-05-15,-0.05371151933443685,4,0.4238553771531808,-0.99055330634278,0.8518518518518519,,,-0.5,NEUTRAL,0.5
2017-05-16,-0.056683267758747935,4,0.410626135778025,-0.9892110586648686,0.8518518518518519,,,-0.5,NEUTRAL,0.5
2017-05-17,-0.05528500096130773,4,0.37714291519240506,-0.9501347708894878,0.8518518518518519,,,-0.5,NEUTRAL,0.5
2017-05-18,-0.05647143015862227,4,0.3663701716214032,-0.9441077441077441,0.8518518518518519,,,-0.5,NEUTRAL,0.5
2017-05-19,-0.04695042248415959,4,0.41324013250491487,-0.9528936742934051,0.8518518518518519,,,-0.5,NEUTRAL,0.5
2017-05-22,-0.05159909106405386,4,0.4054370562523899,-0.9636852723604572,0.8518518518518519,,,-0.5,NEUTRAL,0.5
2017-05-23,-0.04559177613504484,4,0.42411437694130205,-0.9583333333333333,0.8518518518518519,,,-0.5,NEUTRAL,0.5
2017-05-24,-0.0543250310780915,4,0.4039843569452515,-0.9731363331094693,0.8518518518518519,,,-0.5,NEUTRAL,0.5
2017-05-25,-0.056800797647200474,4,0.40752213876739996,-0.9865771812080537,0.8518518518518519,,,-0.5,NEUTRAL,0.5
2017-05-26,-0.05363849473784488,4,0.4215217345891227,-0.987927565392354,0.8518518518518519,,,-0.5,NEUTRAL,0.5
2017-05-30,-0.05042892157719625,4,0.43704908382327745,-0.9906166219839143,0.8518518518518519,,,-0.5,NEUTRAL,0.5
2017-05-31,-0.05245968363147002,4,0.4275927357923952,-0.9892833221701272,0.8518518518518519,,,-0.5,NEUTRAL,0.5
2017-06-01,-0.04889265847780466,4,0.4525775142369295,-1.0,0.8518518518518519,,,-0.5,NEUTRAL,0.5
2017-06-02,-0.033342986261732155,4,0.5114317214958684,-0.9966555183946488,0.8518518518518519,,,-0.5,NEUTRAL,0.5
2017-06-05,-0.029876022852934392,4,0.5286440567364106,-1.0,0.8518518518518519,,,-0.5,NEUTRAL,0.5
2017-06-06,-0.036944302528807704,4,0.4936909113128105,-0.9933199732798932,0.8518518518518519,,,-0.5,NEUTRAL,0.5
2017-06-07,-0.03466928064451408,4,0.4934496637543375,-0.9839786381842457,0.8518518518518519,,,-0.5,NEUTRAL,0.5
2017-06-08,-0.038926001705726965,4,0.47710057895032376,-0.9846564376250835,0.8518518518518519,,,-0.5,NEUTRAL,0.5
2017-06-09,-0.035432272180528745,4,0.47441905942603313,-0.968,0.8518518518518519,,,-0.5,NEUTRAL,0.5
2017-06-12,-0.03865986049559916,4,0.45620024513976887,-0.9626915389740174,0.8518518518518519,,,-0.5,NEUTRAL,0.5
2017-06-13,-0.03626941289861224,4,0.4697815484844581,-0.9667110519307589,0.8518518518518519,,,-0.5,NEUTRAL,0.5
2017-06-14,-0.037382032831662304,4,0.4533771691834416,-0.9547571523619427,0.8518518518518519,,,-0.5,NEUTRAL,0.5
2017-06-15,-0.03275404186780323,4,0.4632755976982119,-0.9461436170212767,0.8518518518518519,,,-0.5,NEUTRAL,0.5
2017-06-16,-0.04845558137763695,4,0.42508994223892915,-0.9707641196013288,0.8518518518518519,,,-0.5,NEUTRAL,0.5
2017-06-19,-0.05916041588752968,4,0.4081864314771795,-0.9966799468791501,0.8518518518518519,,,-0.5,NEUTRAL,0.5
2017-06-20,-0.05655865590294967,4,0.42058638452307795,-0.9986728599867285,0.8518518518518519,,,-0.5,NEUTRAL,0.5
2017-06-21,-0.050100368065864764,4,0.4477466758846891,-1.0,0.8518518518518519,,,-0.5,NEUTRAL,0.5
2017-06-22,0.050025518974448485,4,0.6048639806596987,-1.0,0.9285714285714286,,,-0.33333333333333337,BULLISH,0.75
2017-06-23,0.04083524839569594,4,0.5681028983446885,-1.0,0.9285714285714286,,,-0.33333333333333337,BULLISH,0.75
2017-06-26,0.06882752408286727,4,0.6787483743561138,-0.99867637326274,0.9285714285714286,,,-0.33333333333333337,BULLISH,0.75
2017-06-27,0.08103136304802169,4,0.726241854308489,-0.9973544973544974,0.9285714285714286,,,-0.33333333333333337,BULLISH,0.75
2017-06-28,0.07276700970139713,4,0.6945080665020604,-0.9986781229345671,0.9285714285714286,,,-0.33333333333333337,BULLISH,0.75
2017-06-29,0.05161078177429004,4,0.6046000120440056,-0.9933949801849407,0.9285714285714286,,,-0.33333333333333337,BULLISH,0.75
2017-06-30,0.05036606210498992,4,0.5983053611026565,-0.9920792079207921,0.9285714285714286,,,-0.33333333333333337,BULLISH,0.75
2017-07-03,0.04206529817865998,4,0.5637882689805025,-0.9907651715039578,0.9285714285714286,,,-0.33333333333333337,BULLISH,0.75
2017-07-05,0.05174177004052735,4,0.6025002439879561,-0.9907712590639419,0.9285714285714286,,,-0.33333333333333337,BULLISH,0.75
2017-07-06,0.04388890748261329,4,0.5684598271824766,-0.9881422924901186,0.9285714285714286,,,-0.33333333333333337,BULLISH,0.75
2017-07-07,0.04310852228618381,4,0.5653460926558171,-0.9881500987491771,0.9285714285714286,,,-0.33333333333333337,BULLISH,0.75
2017-07-10,0.0368361912319011,4,0.5428961433737196,-0.9907894736842104,0.9285714285714286,,,-0.33333333333333337,BULLISH,0.75
2017-07-11,0.034856784278295055,4,0.5349845711321528,-0.9907955292570678,0.9285714285714286,,,-0.33333333333333337,BULLISH,0.75
2017-07-12,0.01894802671262244,4,0.4752977698252723,-0.9947437582128777,0.9285714285714286,,,-0.33333333333333337,BULLISH,0.75
2017-07-13,0.01984960576048947,4,0.4775943396226414,-0.9934340118187788,0.9285714285714286,,,-0.33333333333333337,BULLISH,0.75
2017-07-14,0.012423947178116207,4,0.4492083496423487,-0.9947506561679791,0.9285714285714286,,,-0.33333333333333337,BULLISH,0.75
2017-07-17,0.009058964182522028,4,0.4331289090329764,-0.9921311475409835,0.9285714285714286,,,-0.33333333333333337,BULLISH,0.75
2017-07-18,0.01857206425516536,4,0.4718417738402334,-0.9927916120576672,0.9285714285714286,,,-0.33333333333333337,BULLISH,0.75
2017-07-19,0.0443244529141347,4,0.5820597164184436,-1.0,0.9285714285714286,,,-0.33333333333333337,BULLISH,0.75
2017-07-20,0.04271901736842407,4,0.575637974235601,-1.0,0.9285714285714286,,,-0.33333333333333337,BULLISH,0.75
2017-07-21,0.05287939550261547,4,0.6097392644048061,-0.9934597776324394,0.9285714285714286,,,-0.33333333333333337,BULLISH,0.75
2017-07-24,0.09678660734565539,4,0.7840651968896244,-0.9921568627450981,0.9285714285714286,,,-0.33333333333333337,BULLISH,0.75
2017-07-25,0.10398678158187977,4,0.8207090310894238,-1.0,0.9285714285714286,,,-0.33333333333333337,BULLISH,0.75
2017-07-26,0.10450781104634313,4,0.822140407432917,-0.9993472584856398,0.9285714285714286,,,-0.33333333333333337,BULLISH,0.75
2017-07-27,0.10108119457410189,4,0.7934311057588994,-0.9843444227005871,0.9285714285714286,,,-0.33333333333333337,BULLISH,0.75
2017-07-28,0.09856568443800515,4,0.7775122565947599,-0.9784876140808345,0.9285714285714286,,,-0.33333333333333337,BULLISH,0.75
2017-07-31,0.09150702846141054,4,0.7447313866857228,-0.9739413680781759,0.9285714285714286,,,-0.33333333333333337,BULLISH,0.75
2017-08-01,0.08861620527334982,4,0.7344871425219708,-0.9752604166666667,0.9285714285714286,,,-0.33333333333333337,BULLISH,0.75
2017-08-02,0.08253560122066064,4,0.7049758776341375,-0.9700715679895902,0.9285714285714286,,,-0.33333333333333337,BULLISH,0.75
2017-08-03,0.08627008110773168,4,0.7264352070861995,-0.976592977893368,0.9285714285714286,,,-0.33333333333333337,BULLISH,0.75
2017-08-04,0.07443429568055468,4,0.6739090939818493,-0.9714100064977258,0.9285714285714286,,,-0.33333333333333337,BULLISH,0.75
2017-08-07,0.07277280135165268,4,0.6620868764022818,-0.9662337662337663,0.9285714285714286,,,-0.33333333333333337,BULLISH,0.75
2017-08-08,0.06709431606800145,4,0.632905554497895,-0.9597663854639844,0.9285714285714286,,,-0.33333333333333337,BULLISH,0.75
2017-08-09,0.06933667630074805,4,0.6406040704058826,-0.9584954604409857,0.9285714285714286,,,-0.33333333333333337,BULLISH,0.75
2017-08-10,0.06522715898586659,4,0.6209524590462654,-0.9552819183408943,0.9285714285714286,,,-0.33333333333333337,BULLISH,0.75
2017-08-11,0.06088641347077936,4,0.6036184394740378,-0.9553108808290156,0.9285714285714286,,,-0.33333333333333337,BULLISH,0.75
2017-08-14,0.07449658501315995,4,0.6593825490216643,-0.9566343042071197,0.9285714285714286,,,-0.33333333333333337,BULLISH,0.75
2017-08-15,0.0696690520996163,4,0.6381599760322976,-0.9547218628719276,0.9285714285714286,,,-0.33333333333333337,BULLISH,0.75
2017-08-16,0.07441855988102455,4,0.6623585747966687,-0.9599224305106657,0.9285714285714286,,,-0.33333333333333337,BULLISH,0.75
2017-08-17,0.07342100282219757,4,0.6506422984796356,-0.9521963824289406,0.9285714285714286,,,-0.33333333333333337,BULLISH,0.75
2017-08-18,0.07586128222121194,4,0.6604342770295801,-0.9522272433828276,0.9285714285714286,,,-0.33333333333333337,BULLISH,0.75
2017-08-21,0.07244377833792978,4,0.6506660503716883,-0.9561290322580644,0.9285714285714286,,,-0.33333333333333337,BULLISH,0.75
2017-08-22,0.07677814512179301,4,0.6719002750621006,-0.9600257898130238,0.9285714285714286,,,-0.33333333333333337,BULLISH,0.75
2017-08-23,0.07475212380509158,4,0.6599559669925803,-0.9561855670103092,0.9285714285714286,,,-0.33333333333333337,BULLISH,0.75
2017-08-24,0.0807354070679285,4,0.6852051428211268,-0.957501609787508,0.9285714285714286,,,-0.33333333333333337,BULLISH,0.75
2017-08-25,0.07167393765914412,4,0.6489866129274389,-0.9575289575289576,0.9285714285714286,,,-0.33333333333333337,BULLISH,0.75
2017-08-28,0.06667838111286065,4,0.6283886124930902,-0.9569131832797428,0.9285714285714286,,,-0.33333333333333337,BULLISH,0.75
2017-08-29,0.05925393536515269,4,0.6045025819551633,-0.9627249357326477,0.9285714285714286,,,-0.33333333333333337,BULLISH,0.75
2017-08-30,0.06609736807680075,4,0.6370383391757231,-0.9678869621066153,0.9285714285714286,,,-0.33333333333333337,BULLISH,0.75
2017-08-31,0.0664284149004776,4,0.6499364116038666,-0.9794608472400514,0.9285714285714286,,,-0.33333333333333337,BULLISH,0.75
2017-09-01,0.07869158861143002,4,0.7066995228381572,-0.9871712636305323,0.9285714285714286,,,-0.33333333333333337,BULLISH,0.75
2017-09-05,0.07390492994214867,4,0.6939713681202431,-0.9935897435897436,0.9285714285714286,,,-0.33333333333333337,BULLISH,0.75
2017-09-06,0.06839595892798969,4,0.6745020505315189,-0.9961563100576554,0.9285714285714286,,,-0.33333333333333337,BULLISH,0.75
2017-09-07,0.0674317726076131,4,0.6744889951923572,-1.0,0.9285714285714286,,,-0.33333333333333337,BULLISH,0.75
2017-09-08,0.07348967140737003,4,0.6974409998603548,-0.9987204094689699,0.9285714285714286,,,-0.33333333333333337,BULLISH,0.75
2017-09-11,0.07718986053555241,4,0.7135213469041144,-1.0,0.9285714285714286,,,-0.33333333333333337,BULLISH,0.75
2017-09-12,0.07198036378726011,4,0.6926833599109452,-1.0,0.9285714285714286,,,-0.33333333333333337,BULLISH,0.75
2017-09-13,0.08732561239754397,4,0.7540643543520806,-1.0,0.9285714285714286,,,-0.33333333333333337,BULLISH,0.75
2017-09-14,0.08429049190310187,4,0.7406475481879689,-0.9987236758136566,0.9285714285714286,,,-0.33333333333333337,BULLISH,0.75
2017-09-15,-0.11876232976398368,4,0.5012797705736476,-0.8979591836734695,0.10344827586206895,,,-0.18181818181818177,NEUTRAL,0.5
2017-09-18,-0.0993243039034992,4,0.5682619828851372,-0.8871892925430211,0.10344827586206895,,,-0.18181818181818177,NEUTRAL,0.5
2017-09-19,-0.10811332796271991,4,0.5255344285001375,-0.8796178343949044,0.10344827586206895,,,-0.18181818181818177,NEUTRAL,0.5
2017-09-20,-0.10670580209636851,4,0.5299680852218165,-0.8784213876511777,0.10344827586206895,,,-0.18181818181818177,NEUTRAL,0.5
2017-09-21,-0.11086807542087304,4,0.512760199692468,-0.8778625954198473,0.10344827586206895,,,-0.18181818181818177,NEUTRAL,0.5
2017-09-22,-0.11003501539714647,4,0.5212559092117734,-0.8830260648442465,0.10344827586206895,,,-0.18181818181818177,NEUTRAL,0.5
2017-09-25,-0.11004827568007472,4,0.5142886202624974,-0.8761118170266835,0.10344827586206895,,,-0.18181818181818177,NEUTRAL,0.5
2017-09-26,-0.11128476270668855,4,0.5056118075103111,-0.8723809523809525,0.10344827586206895,,,-0.18181818181818177,NEUTRAL,0.5
2017-09-27,-0.10883165014300891,4,0.5256575185820469,-0.8826142131979697,0.10344827586206895,,,-0.18181818181818177,NEUTRAL,0.5
2017-09-28,-0.11136647282483511,4,0.5105197407189157,-0.8776157260621433,0.10344827586206895,,,-0.18181818181818177,NEUTRAL,0.5
2017-09-29,-0.10305306394772643,4,0.553990349784979,-0.8878326996197718,0.10344827586206895,,,-0.18181818181818177,NEUTRAL,0.5
2017-10-02,-0.09510564916531347,4,0.5972506658496404,-0.8993033565547814,0.10344827586206895,,,-0.18181818181818177,NEUTRAL,0.5
2017-10-03,-0.09355967621344488,4,0.5978020871782825,-0.8936708860759492,0.10344827586206895,,,-0.18181818181818177,NEUTRAL,0.5
2017-10-04,-0.09084451596958706,4,0.6194826706672647,-0.9044908285895001,0.10344827586206895,,,-0.18181818181818177,NEUTRAL,0.5
2017-10-05,-0.09372065842790658,4,0.6080384732558646,-0.9045512010113781,0.10344827586206895,,,-0.18181818181818177,NEUTRAL,0.5
2017-10-06,-0.0998469589919099,4,0.5621153612076772,-0.883133291219204,0.10344827586206895,,,-0.18181818181818177,NEUTRAL,0.5
2017-10-09,-0.10377796514028062,4,0.545202489839435,-0.8819444444444446,0.10344827586206895,,,-0.18181818181818177,NEUTRAL,0.5
2017-10-10,-0.09933307873095973,4,0.5567473702120846,-0.8757097791798107,0.10344827586206895,,,-0.18181818181818177,NEUTRAL,0.5
2017-10-11,-0.09555240577224425,4,0.5738399802189642,-0.8776796973518284,0.10344827586206895,,,-0.18181818181818177,NEUTRAL,0.5
2017-10-12,-0.10029625517122934,4,0.5524211801672259,-0.8752362948960304,0.10344827586206895,,,-0.18181818181818177,NEUTRAL,0.5
2017-10-13,-0.09004292026042335,4,0.6061075448136637,-0.8879093198992443,0.10344827586206895,,,-0.18181818181818177,NEUTRAL,0.5
2017-10-16,-0.10429840576321311,4,0.5604840236206927,-0.8993077407174324,0.10344827586206895,,,-0.18181818181818177,NEUTRAL,0.5
2017-10-17,-0.10313966858088855,4,0.5758741247143195,-0.9100628930817609,0.10344827586206895,,,-0.18181818181818177,NEUTRAL,0.5
2017-10-18,-0.1052939986823195,4,0.5754842946334973,-0.9182903834066625,0.10344827586206895,,,-0.18181818181818177,NEUTRAL,0.5
2017-10-19,-0.10806233198822865,4,0.5581808795107359,-0.9120603015075377,0.10344827586206895,,,-0.18181818181818177,NEUTRAL,0.5
2017-10-20,-0.10596006107596903,4,0.5635064350357899,-0.9089767733835532,0.10344827586206895,,,-0.18181818181818177,NEUTRAL,0.5
2017-10-23,-0.10403353472759311,4,0.5725243492289274,-0.910288582183187,0.10344827586206895,,,-0.18181818181818177,NEUTRAL,0.5
2017-10-24,-0.10239981383024807,4,0.5941625001649011,-0.9253918495297806,0.10344827586206895,,,-0.18181818181818177,NEUTRAL,0.5
2017-10-25,-0.10935822245549712,4,0.5601099484649512,-0.9191729323308269,0.10344827586206895,,,-0.18181818181818177,NEUTRAL,0.5
2017-10-26,-0.10004115295436758,4,0.605569101277027,-0.9273638071383845,0.10344827586206895,,,-0.18181818181818177,NEUTRAL,0.5
2017-10-27,-0.09270029018994011,4,0.6431131757345252,-0.9355444305381728,0.10344827586206895,,,-0.18181818181818177,NEUTRAL,0.5
2017-10-30,-0.09345104385328565,4,0.635147344051413,-0.9305816135084428,0.10344827586206895,,,-0.18181818181818177,NEUTRAL,0.5
2017-10-31,-0.09182909013165205,4,0.6473035454295046,-0.93625,0.10344827586206895,,,-0.18181818181818177,NEUTRAL,0.5
2017-11-01,-0.0947237909122203,4,0.6270200265046082,-0.9275452841973766,0.10344827586206895,,,-0.18181818181818177,NEUTRAL,0.5
2017-11-02,-0.09727982557670303,4,0.6124715774320721,-0.9232209737827715,0.10344827586206895,,,-0.18181818181818177,NEUTRAL,0.5
2017-11-03,-0.10133410354904385,4,0.5944308716726012,-0.9213973799126638,0.10344827586206895,,,-0.18181818181818177,NEUTRAL,0.5
2017-11-06,-0.10155944726166136,4,0.5960722665354026,-0.9239401496259352,0.10344827586206895,,,-0.18181818181818177,NEUTRAL,0.5
2017-11-07,-0.11429144747807715,4,0.5458147079441158,-0.9246105919003116,0.10344827586206895,,,-0.18181818181818177,NEUTRAL,0.5
2017-11-08,-0.11525695132500383,4,0.5432449649151261,-0.9259028642590286,0.10344827586206895,,,-0.18181818181818177,NEUTRAL,0.5
2017-11-09,-0.14954871536170747,4,0.3725210308191773,-0.8923459863098944,0.10344827586206895,,,-0.18181818181818177,NEUTRAL,0.5
2017-11-10,-0.1510139394123398,4,0.3704584269137188,-0.8961442786069651,0.10344827586206895,,,-0.18181818181818177,NEUTRAL,0.5
2017-11-13,-0.143193283163663,4,0.4042916148179305,-0.8986948415164697,0.10344827586206895,,,-0.18181818181818177,NEUTRAL,0.5
2017-11-14,-0.14174542114384295,4,0.3995869791447162,-0.8881987577639752,0.10344827586206895,,,-0.18181818181818177,NEUTRAL,0.5
2017-11-15,-0.14162847336384524,4,0.38398512485330794,-0.8721291123525761,0.10344827586206895,,,-0.18181818181818177,NEUTRAL,0.5
2017-11-16,-0.1404995581682262,4,0.40408879487129723,-0.8877171215880892,0.10344827586206895,,,-0.18181818181818177,NEUTRAL,0.5
2017-11-17,-0.15894305932344296,4,0.32232488502935897,-0.879727216367018,0.10344827586206895,,,-0.18181818181818177,NEUTRAL,0.5
2017-11-20,-0.15386281294774143,4,0.3439595463584557,-0.8810408921933086,0.10344827586206895,,,-0.18181818181818177,NEUTRAL,0.5
2017-11-21,-0.16009658782932665,4,0.296807084050571,-0.8588235294117648,0.10344827586206895,,,-0.18181818181818177,NEUTRAL,0.5
2017-11-22,-0.15539929068932187,4,0.3113519511196172,-0.8545792079207919,0.10344827586206895,,,-0.18181818181818177,NEUTRAL,0.5
2017-11-24,-0.1563533717543832,4,0.3329811561061742,-0.8800247371675942,0.10344827586206895,,,-0.18181818181818177,NEUTRAL,0.5
2017-11-27,-0.15529896933582707,4,0.3298563524694178,-0.8726823238566133,0.10344827586206895,,,-0.18181818181818177,NEUTRAL,0.5
2017-11-28,-0.14748169658312263,4,0.36799840066129974,-0.8795552810376774,0.10344827586206895,,,-0.18181818181818177,NEUTRAL,0.5
2017-11-29,-0.15626740811495057,4,0.3008311376938413,-0.8475308641975308,0.10344827586206895,,,-0.18181818181818177,NEUTRAL,0.5
2017-11-30,-0.14764607530626037,4,0.36995710380571656,-0.8821714990746452,0.10344827586206895,,,-0.18181818181818177,NEUTRAL,0.5
2017-12-01,-0.13145809631505503,4,0.45759300774891365,-0.905055487053021,0.10344827586206895,,,-0.18181818181818177,NEUTRAL,0.5
2017-12-04,-0.14661691782335642,4,0.33416964070088806,-0.8422674060382009,0.10344827586206895,,,-0.18181818181818177,NEUTRAL,0.5
2017-12-05,-0.1538249926150774,4,0.28511427047117266,-0.8220443349753694,0.10344827586206895,,,-0.18181818181818177,NEUTRAL,0.5
2017-12-06,-0.15362824664777489,4,0.30693384244193633,-0.8430769230769231,0.10344827586206895,,,-0.18181818181818177,NEUTRAL,0.5
2017-12-07,-0.1590663269088101,4,0.2871230485053742,-0.8450184501845017,0.10344827586206895,,,-0.18181818181818177,NEUTRAL,0.5
2017-12-08,-0.14845970044904186,4,0.38864911276473957,-0.9041180086047942,0.10344827586206895,,,-0.18181818181818177,NEUTRAL,0.5
2017-12-11,-0.1529900343274795,4,0.3896284418648679,-0.9232186732186731,0.10344827586206895,,,-0.18181818181818177,NEUTRAL,0.5
2017-12-12,-0.15542388213803984,4,0.37687081693740954,-0.9201964395334561,0.10344827586206895,,,-0.18181818181818177,NEUTRAL,0.5
2017-12-13,-0.16790978287730016,4,0.319000713097219,-0.9122699386503068,0.10344827586206895,,,-0.18181818181818177,NEUTRAL,0.5
2017-12-14,-0.17168911965690462,4,0.3082290005964281,-0.9166155732679337,0.10344827586206895,,,-0.18181818181818177,NEUTRAL,0.5
2017-12-15,-0.2835424148473369,4,0.1113706219405759,-0.8339460784313726,0.06666666666666665,,,-0.4782608695652174,NEUTRAL,0.5
2017-12-18,-0.25555577542576036,4,0.2038230301606041,-0.8144519289650949,0.06666666666666665,,,-0.4782608695652174,NEUTRAL,0.5
2017-12-19,-0.255741622957971,4,0.2080891553751123,-0.8194614443084456,0.06666666666666665,,,-0.4782608695652174,NEUTRAL,0.5
2017-12-20,-0.25615976064990953,4,0.20958512971787302,-0.8226299694189603,0.06666666666666665,,,-0.4782608695652174,NEUTRAL,0.5
2017-12-21,-0.2646470005207523,4,0.15007221548546812,-0.7970660146699267,0.06666666666666665,,,-0.4782608695652174,NEUTRAL,0.5
2017-12-22,-0.2680771760940137,4,0.1407515950405167,-0.8014660965180207,0.06666666666666665,,,-0.4782608695652174,NEUTRAL,0.5
2017-12-26,-0.25976734978831906,4,0.17472260594307687,-0.8021978021978022,0.06666666666666665,,,-0.4782608695652174,NEUTRAL,0.5
2017-12-27,-0.2621687038607585,4,0.16340748995704213,-0.8004881025015254,0.06666666666666665,,,-0.4782608695652174,NEUTRAL,0.5
2017-12-28,-0.2579735824002791,4,0.184577922077922,-0.8048780487804879,0.06666666666666665,,,-0.4782608695652174,NEUTRAL,0.5
2017-12-29,-0.2647467937631848,4,0.14480690596890744,-0.7921998781230957,0.06666666666666665,,,-0.4782608695652174,NEUTRAL,0.5
2018-01-02,-0.2651390807436834,4,0.1183947617752179,-0.7673568818514007,0.06666666666666665,,,-0.4782608695652174,NEUTRAL,0.5
2018-01-03,-0.25396118001232204,4,0.20828752301968256,-0.8125380401704199,0.06666666666666665,,,-0.4782608695652174,NEUTRAL,0.5
2018-01-04,-0.2642569575316893,4,0.1860748885868786,-0.8315085158150852,0.06666666666666665,,,-0.4782608695652174,NEUTRAL,0.5
2018-01-05,-0.2629052046486815,4,0.1964475484375634,-0.8364741641337385,0.06666666666666665,,,-0.4782608695652174,NEUTRAL,0.5
2018-01-08,-0.24518039745682266,4,0.2856721270445286,-0.8547995139732685,0.06666666666666665,,,-0.4782608695652174,NEUTRAL,0.5
2018-01-09,-0.25253168297174466,4,0.26060529736251303,-0.859137826350941,0.06666666666666665,,,-0.4782608695652174,NEUTRAL,0.5
2018-01-10,-0.2376428313220734,4,0.307503460134529,-0.8464805825242718,0.06666666666666665,,,-0.4782608695652174,NEUTRAL,0.5
2018-01-11,-0.23504800776059667,4,0.32343370611935396,-0.8520315342631899,0.06666666666666665,,,-0.4782608695652174,NEUTRAL,0.5
2018-01-12,-0.23385638957034063,4,0.3604110688596125,-0.8842424242424243,0.06666666666666665,,,-0.4782608695652174,NEUTRAL,0.5
2018-01-16,-0.2361922028283134,4,0.3571948646319356,-0.8903694730466385,0.06666666666666665,,,-0.4782608695652174,NEUTRAL,0.5
2018-01-17,-0.22562317193814854,4,0.4328303287052786,-0.923728813559322,0.06666666666666665,,,-0.4782608695652174,NEUTRAL,0.5
2018-01-18,-0.24941680449314038,4,0.3340721754886027,-0.9201451905626135,0.06666666666666665,,,-0.4782608695652174,NEUTRAL,0.5
2018-01-19,-0.2547027496006985,4,0.3238593834558534,-0.9310761789600965,0.06666666666666665,,,-0.4782608695652174,NEUTRAL,0.5
2018-01-22,-0.2639074123057408,4,0.2913119856997566,-0.935347432024169,0.06666666666666665,,,-0.4782608695652174,NEUTRAL,0.5
2018-01-23,-0.24927125248183032,4,0.35834977268137447,-0.943840579710145,0.06666666666666665,,,-0.4782608695652174,NEUTRAL,0.5
2018-01-24,-0.2544368636979295,4,0.34798072517382095,-0.9541339770669883,0.06666666666666665,,,-0.4782608695652174,NEUTRAL,0.5
2018-01-25,-0.2520037073882897,4,0.3631692406554041,-0.9595898673100121,0.06666666666666665,,,-0.4782608695652174,NEUTRAL,0.5
2018-01-26,-0.23636818675566104,4,0.44442163670773294,-0.9783001808318263,0.06666666666666665,,,-0.4782608695652174,NEUTRAL,0.5
2018-01-29,-0.2509861760563217,4,0.37511937819133623,-0.9674698795180723,0.06666666666666665,,,-0.4782608695652174,NEUTRAL,0.5
2018-01-30,-0.27091491270329926,4,0.2623114334821026,-0.934376881396749,0.06666666666666665,,,-0.4782608695652174,NEUTRAL,0.5
2018-01-31,-0.25843336204324585,4,0.3333360856521619,-0.9554753309265944,0.06666666666666665,,,-0.4782608695652174,NEUTRAL,0.5
2018-02-01,-0.2624405176797786,4,0.3191382055408316,-0.9573060733613952,0.06666666666666665,,,-0.4782608695652174,NEUTRAL,0.5
2018-02-02,-0.2833695411401659,4,0.18076026910711795,-0.9026442307692308,0.06666666666666665,,,-0.4782608695652174,NEUTRAL,0.5
2018-02-05,-0.304251161782491,4,-0.0006056394266085174,-0.8048048048048049,0.06666666666666665,,,-0.4782608695652174,NEUTRAL,0.5
2018-02-06,-0.2811440103672943,4,0.1477624591484612,-0.8607442977190876,0.06666666666666665,,,-0.4782608695652174,NEUTRAL,0.5
2018-02-07,-0.2772057191077538,4,0.13300527967689346,-0.8302339532093581,0.06666666666666665,,,-0.4782608695652174,NEUTRAL,0.5
2018-02-08,-0.29155086464046853,4,-0.008206377965481737,-0.7464028776978417,0.06666666666666665,,,-0.4782608695652174,NEUTRAL,0.5
2018-02-09,-0.2955756887867418,4,0.017787553203950424,-0.7884961054523667,0.06666666666666665,,,-0.4782608695652174,NEUTRAL,0.5
2018-02-12,-0.29921148174852696,4,0.020137497461328868,-0.8053892215568861,0.06666666666666665,,,-0.4782608695652174,NEUTRAL,0.5
2018-02-13,-0.29189390331629816,4,0.057902491488534436,-0.8138839018551765,0.06666666666666665,,,-0.4782608695652174,NEUTRAL,0.5
2018-02-14,-0.2818316066414067,4,0.14850222609368946,-0.8642344497607655,0.06666666666666665,,,-0.4782608695652174,NEUTRAL,0.5
2018-02-15,-0.26509740425208506,4,0.27469532109642714,-0.9234907352062165,0.06666666666666665,,,-0.4782608695652174,NEUTRAL,0.5
2018-02-16,-0.2698077256727006,4,0.25828922613367444,-0.925925925925926,0.06666666666666665,,,-0.4782608695652174,NEUTRAL,0.5
2018-02-20,-0.28384197103580844,4,0.16577855756128734,-0.8895522388059702,0.06666666666666665,,,-0.4782608695652174,NEUTRAL,0.5
2018-02-21,-0.28671141508722287,4,0.12274376927996955,-0.8579952267303104,0.06666666666666665,,,-0.4782608695652174,NEUTRAL,0.5
2018-02-22,-0.28662547102627556,4,0.13748349351020472,-0.8723911747167561,0.06666666666666665,,,-0.4782608695652174,NEUTRAL,0.5
2018-02-23,-0.28211738005994647,4,0.20028797228927742,-0.9171632896305124,0.06666666666666665,,,-0.4782608695652174,NEUTRAL,0.5
2018-02-26,-0.273044515713186,4,0.26045247119530046,-0.9410363311494936,0.06666666666666665,,,-0.4782608695652174,NEUTRAL,0.5
2018-02-27,-0.25539050928176077,4,0.3162226419619836,-0.926190476190476,0.06666666666666665,,,-0.4782608695652174,NEUTRAL,0.5
2018-02-28,-0.2655291287191879,4,0.2697632323406569,-0.9202855443188578,0.06666666666666665,,,-0.4782608695652174,NEUTRAL,0.5
2018-03-01,-0.29682641375058305,4,0.1000317107975266,-0.8757431629013079,0.06666666666666665,,,-0.4782608695652174,NEUTRAL,0.5
2018-03-02,-0.2852226945370586,4,0.1780118026469295,-0.9073083778966131,0.06666666666666665,,,-0.4782608695652174,NEUTRAL,0.5
2018-03-05,-0.2658339926837331,4,0.29422022741302456,-0.945961995249406,0.06666666666666665,,,-0.4782608695652174,NEUTRAL,0.5
2018-03-06,-0.27829610387644166,4,0.24855815534530623,-0.9501483679525222,0.06666666666666665,,,-0.4782608695652174,NEUTRAL,0.5
2018-03-07,-0.2991069118794589,4,0.17483440828700214,-0.959667852906287,0.06666666666666665,,,-0.4782608695652174,NEUTRAL,0.5
2018-03-08,-0.2773981827149362,4,0.2729558288852789,-0.9709543568464731,0.06666666666666665,,,-0.4782608695652174,NEUTRAL,0.5
2018-03-09,-0.2643602854752023,4,0.33519571502617773,-0.981042654028436,0.06666666666666665,,,-0.4782608695652174,NEUTRAL,0.5
2018-03-12,-0.29196763967847605,4,0.22240925697327896,-0.9786856127886323,0.06666666666666665,,,-0.4782608695652174,NEUTRAL,0.5
2018-03-13,-0.2832474010396736,4,0.2513856638286138,-0.9727810650887574,0.06666666666666665,,,-0.4782608695652174,NEUTRAL,0.5
2018-03-14,-0.2897024447061354,4,0.22203338918341187,-0.9692489651094027,0.06666666666666665,,,-0.4782608695652174,NEUTRAL,0.5
2018-03-15,-0.28961092513348996,4,0.2230086583929598,-0.9698581560283688,0.06666666666666665,,,-0.4782608695652174,NEUTRAL,0.5
2018-03-16,-0.3256550813093977,4,0.0753058327702334,-0.9663319551092735,0.06666666666666665,,,-0.4782608695652174,BEARISH,0.25
2018-03-19,-0.31331242528444647,4,0.11820282525545212,-0.9598583234946871,0.06666666666666665,,,-0.4782608695652174,NEUTRAL,0.5
2018-03-20,0.10337754347983058,4,-0.2551595377563842,-0.8501474926253687,0.935483870967742,,,0.5833333333333333,BULLISH,0.75
2018-03-21,0.09737291000016185,4,-0.2802689605268429,-0.8490566037735849,0.935483870967742,,,0.5833333333333333,BULLISH,0.75
2018-03-22,0.08304258655409152,4,-0.34869753575117945,-0.8379493223335297,0.935483870967742,,,0.5833333333333333,BULLISH,0.75
2018-03-23,0.07364435607156533,4,-0.38913966222918384,-0.8351001177856301,0.935483870967742,,,0.5833333333333333,BULLISH,0.75
2018-03-26,0.10180535339203028,4,-0.26639273010905773,-0.8452030606238965,0.935483870967742,,,0.5833333333333333,BULLISH,0.75
2018-03-27,0.09855556616958527,4,-0.2893008219756752,-0.835294117647059,0.935483870967742,,,0.5833333333333333,BULLISH,0.75
2018-03-28,0.09306487337003921,4,-0.31293043274919596,-0.8336272780717224,0.935483870967742,,,0.5833333333333333,BULLISH,0.75
2018-03-29,0.09985271517925015,4,-0.2833311379436516,-0.836075205640423,0.935483870967742,,,0.5833333333333333,BULLISH,0.75
2018-04-02,0.08200593124342087,4,-0.3581452115646203,-0.8326482677627716,0.935483870967742,,,0.5833333333333333,BULLISH,0.75
2018-04-03,0.09047071884014629,4,-0.3271221223677201,-0.82981220657277,0.935483870967742,,,0.5833333333333333,BULLISH,0.75
2018-04-04,0.1032727737121697,4,-0.2711220038805491,-0.8346041055718474,0.935483870967742,,,0.5833333333333333,BULLISH,0.75
2018-04-05,0.10965321715182058,4,-0.24198628176647763,-0.8382180539273154,0.935483870967742,,,0.5833333333333333,BULLISH,0.75
2018-04-06,0.10566774971523646,4,-0.26954983754323447,-0.8265963678968951,0.935483870967742,,,0.5833333333333333,BULLISH,0.75
2018-04-09,0.11587499123604322,4,-0.22744838689788593,-0.8278688524590163,0.935483870967742,,,0.5833333333333333,BULLISH,0.75
2018-04-10,0.1293077087692614,4,-0.16601000877932515,-0.8355763604447044,0.935483870967742,,,0.5833333333333333,BULLISH,0.75
2018-04-11,0.1284676205914807,4,-0.17219818392345665,-0.8327485380116959,0.935483870967742,,,0.5833333333333333,BULLISH,0.75
2018-04-12,0.12612319761883883,4,-0.1785558574259538,-0.8357685563997661,0.935483870967742,,,0.5833333333333333,BULLISH,0.75
2018-04-13,0.12532097013793214,4,-0.17874827702037466,-0.8387850467289719,0.935483870967742,,,0.5833333333333333,BULLISH,0.75
2018-04-16,0.12925066900860677,4,-0.16410291122053045,-0.8377116170461179,0.935483870967742,,,0.5833333333333333,BULLISH,0.75
2018-04-17,0.12835670069799182,4,-0.15708235016721772,-0.8483080513418904,0.935483870967742,,,0.5833333333333333,BULLISH,0.75
2018-04-18,0.12567495604312312,4,-0.16422233639680417,-0.8518950437317785,0.935483870967742,,,0.5833333333333333,BULLISH,0.75
2018-04-19,0.06292244167826916,4,-0.4192253396859008,-0.8479020979020979,0.935483870967742,,,0.5833333333333333,BULLISH,0.75
2018-04-20,0.05179038495831789,4,-0.474148384328025,-0.8375072801397787,0.935483870967742,,,0.5833333333333333,BULLISH,0.75
2018-04-23,0.037256906514502475,4,-0.5426650147971981,-0.8271245634458673,0.935483870967742,,,0.5833333333333333,BULLISH,0.75
2018-04-24,0.01680422668032766,4,-0.6284473016518997,-0.823152995927865,0.935483870967742,,,0.5833333333333333,BULLISH,0.75
2018-04-25,0.041455757401246573,4,-0.5274127793472518,-0.8255813953488371,0.935483870967742,,,0.5833333333333333,BULLISH,0.75
2018-04-26,0.02707899298719435,4,-0.5784268569891369,-0.832074375363161,0.935483870967742,,,0.5833333333333333,BULLISH,0.75
2018-04-27,0.019990916409699133,4,-0.6182960473730802,-0.8205574912891986,0.935483870967742,,,0.5833333333333333,BULLISH,0.75
2018-04-30,0.028082034176870385,4,-0.5835058987021253,-0.8229831688914684,0.935483870967742,,,0.5833333333333333,BULLISH,0.75
2018-05-01,0.020883817518030312,4,-0.6046554841129447,-0.8306264501160092,0.935483870967742,,,0.5833333333333333,BULLISH,0.75
2018-05-02,0.017647466615871854,4,-0.6319954537796169,-0.816231884057971,0.935483870967742,,,0.5833333333333333,BULLISH,0.75
2018-05-03,0.021710313721113927,4,-0.6191138404942557,-0.812862108922364,0.935483870967742,,,0.5833333333333333,BULLISH,0.75
2018-05-04,0.026108883152660967,4,-0.592146581939418,-0.8222350897510133,0.935483870967742,,,0.5833333333333333,BULLISH,0.75
2018-05-07,0.01518494154916944,4,-0.6235866973636568,-0.8344907407407407,0.935483870967742,,,0.5833333333333333,BULLISH,0.75
2018-05-08,0.016459031825136028,4,-0.624178300829334,-0.8288027761711971,0.935483870967742,,,0.5833333333333333,BULLISH,0.75
2018-05-09,0.030051050872885676,4,-0.5535262956072204,-0.8450867052023121,0.935483870967742,,,0.5833333333333333,BULLISH,0.75
2018-05-10,0.030850541409080612,4,-0.5456172339276066,-0.8497978047371462,0.935483870967742,,,0.5833333333333333,BULLISH,0.75
2018-05-11,0.03811383363717147,4,-0.5187868120156687,-0.8475750577367207,0.935483870967742,,,0.5833333333333333,BULLISH,0.75
2018-05-14,0.04194577947925299,4,-0.503948108311357,-0.8470859780727062,0.935483870967742,,,0.5833333333333333,BULLISH,0.75
2018-05-15,0.04189111703811971,4,-0.5063853774404072,-0.8448673587081892,0.935483870967742,,,0.5833333333333333,BULLISH,0.75
2018-05-16,0.05048244005456598,4,-0.47365977837675954,-0.8432276657060518,0.935483870967742,,,0.5833333333333333,BULLISH,0.75
2018-05-17,0.07128055353794843,4,-0.3955613495962862,-0.8381336405529953,0.935483870967742,,,0.5833333333333333,BULLISH,0.75
2018-05-18,0.06636690952861074,4,-0.41972838023383996,-0.8336211859527922,0.935483870967742,,,0.5833333333333333,BULLISH,0.75
2018-05-21,0.06432633027682022,4,-0.4076568774400544,-0.85385500575374,0.935483870967742,,,0.5833333333333333,BULLISH,0.75
2018-05-22,0.046468507228483336,4,-0.4985555963187118,-0.8343875790684301,0.935483870967742,,,0.5833333333333333,BULLISH,0.75
2018-05-23,0.0475561096616422,4,-0.4803169035855409,-0.8482758620689657,0.935483870967742,,,0.5833333333333333,BULLISH,0.75
2018-05-24,0.044111955738721564,4,-0.5089403175897274,-0.8334290637564616,0.935483870967742,,,0.5833333333333333,BULLISH,0.75
2018-05-25,0.04515943523682037,4,-0.488581300322795,-0.8495981630309988,0.935483870967742,,,0.5833333333333333,BULLISH,0.75
2018-05-29,0.03273470265582995,4,-0.5611428801952538,-0.8267355134825016,0.935483870967742,,,0.5833333333333333,BULLISH,0.75
2018-05-30,0.03939469340151819,4,-0.5097476050069292,-0.8514908256880733,0.935483870967742,,,0.5833333333333333,BULLISH,0.75
2018-05-31,0.04141870079171167,4,-0.5147469856614492,-0.8383954154727793,0.935483870967742,,,0.5833333333333333,BULLISH,0.75
2018-06-01,0.040986153723304886,4,-0.5003479616873516,-0.8545246277205041,0.935483870967742,,,0.5833333333333333,BULLISH,0.75
2018-06-04,0.037049258063155455,4,-0.5171570924834851,-0.8534630795649685,0.935483870967742,,,0.5833333333333333,BULLISH,0.75
2018-06-05,0.03740189678107281,4,-0.5179510359410862,-0.8512585812356979,0.935483870967742,,,0.5833333333333333,BULLISH,0.75
2018-06-06,0.054698145353937966,4,-0.44410695564690117,-0.8559176672384221,0.935483870967742,,,0.5833333333333333,BULLISH,0.75
2018-06-07,0.05493415066650226,4,-0.44422345877792335,-0.854857142857143,0.935483870967742,,,0.5833333333333333,BULLISH,0.75
2018-06-08,0.07354319979737778,4,-0.36285114411784636,-0.8617932609937178,0.935483870967742,,,0.5833333333333333,BULLISH,0.75
2018-06-11,0.08396585097894199,4,-0.3205108780108781,-0.8624429223744292,0.935483870967742,,,0.5833333333333333,BULLISH,0.75
2018-06-12,0.08826080496848349,4,-0.2952662833432851,-0.8705077010838562,0.935483870967742,,,0.5833333333333333,BULLISH,0.75
2018-06-13,0.08356287910993815,4,-0.3208256650563055,-0.8637400228050172,0.935483870967742,,,0.5833333333333333,BULLISH,0.75
2018-06-14,0.06093932962440529,4,-0.47335048409405256,-0.8017094017094015,0.935483870967742,,,0.5833333333333333,BULLISH,0.75
2018-06-15,0.06363997502157542,4,-0.44819807870224526,-0.8160592255125283,0.935483870967742,,,0.5833333333333333,BULLISH,0.75
2018-06-18,0.05745795451654062,4,-0.4659916469065122,-0.8229937393284006,0.935483870967742,,,0.5833333333333333,BULLISH,0.75
2018-06-19,0.04295950922463859,4,-0.5329859933410875,-0.8139931740614335,0.935483870967742,,,0.5833333333333333,BULLISH,0.75
2018-06-20,0.007659051087088281,4,-0.6131372464759789,-0.35872654917566793,0.5625,,,0.43999999999999995,BULLISH,0.75
2018-06-21,-0.014285376167871289,4,-0.6863460501260306,-0.37329545454545454,0.5625,,,0.43999999999999995,NEUTRAL,0.5
2018-06-22,-0.049006338781064696,4,-0.7771738502974557,-0.42135150482680306,0.5625,,,0.43999999999999995,NEUTRAL,0.5
2018-06-25,-0.05568247870046916,4,-0.795604489149209,-0.4296254256526675,0.5625,,,0.43999999999999995,NEUTRAL,0.5
2018-06-26,-0.051233927564208304,4,-0.7740834697576839,-0.4333522404991492,0.5625,,,0.43999999999999995,NEUTRAL,0.5
2018-06-27,-0.05277966831885206,4,-0.8247297843865193,-0.38888888888888884,0.5625,,,0.43999999999999995,NEUTRAL,0.5
2018-06-28,-0.04945126546241857,4,-0.7918064782802692,-0.40849858356940505,0.5625,,,0.43999999999999995,NEUTRAL,0.5
2018-06-29,-0.04649216536276257,4,-0.7700088653015598,-0.41845979614949047,0.5625,,,0.43999999999999995,NEUTRAL,0.5
2018-07-02,-0.04245065299317258,4,-0.7082392277055709,-0.46406338426711935,0.5625,,,0.43999999999999995,NEUTRAL,0.5
2018-07-03,-0.03522255550601394,4,-0.693729588539893,-0.44966063348416285,0.5625,,,0.43999999999999995,NEUTRAL,0.5
2018-07-05,-0.03888231481989235,4,-0.6741400563400554,-0.4838892029395139,0.5625,,,0.43999999999999995,NEUTRAL,0.5
2018-07-06,-0.022057341495421046,4,-0.5901643942302718,-0.5005649717514125,0.5625,,,0.43999999999999995,NEUTRAL,0.5
2018-07-09,-0.020218351027869896,4,-0.5616342736766968,-0.5217391304347827,0.5625,,,0.43999999999999995,NEUTRAL,0.5
2018-07-10,-0.01636099683960396,4,-0.5318266058685739,-0.5361173814898419,0.5625,,,0.43999999999999995,NEUTRAL,0.5
2018-07-11,-0.014404422352419621,4,-0.4927178022128369,-0.5673998871968415,0.5625,,,0.43999999999999995,NEUTRAL,0.5
2018-07-12,-0.015497525066720141,4,-0.45626011154083757,-0.608229988726043,0.5625,,,0.43999999999999995,NEUTRAL,0.5
2018-07-13,-0.012742525753961398,4,-0.41966728611443715,-0.6338028169014085,0.5625,,,0.43999999999999995,NEUTRAL,0.5
2018-07-16,-0.030559469422433094,4,-0.49861175156360615,-0.6261261261261262,0.5625,,,0.43999999999999995,NEUTRAL,0.5
2018-07-17,-0.023340772878925165,4,-0.45039319843747894,-0.6454698930782217,0.5625,,,0.43999999999999995,NEUTRAL,0.5
2018-07-18,-0.02391668363021665,4,-0.4648708965006192,-0.6332958380202474,0.5625,,,0.43999999999999995,NEUTRAL,0.5
2018-07-19,-0.03159051782663347,4,-0.5066023748478492,-0.6222596964586846,0.5625,,,0.43999999999999995,NEUTRAL,0.5
2018-07-20,-0.04711993319198682,4,-0.5651370361387339,-0.6258426966292134,0.5625,,,0.43999999999999995,NEUTRAL,0.5
2018-07-23,-0.04445932710965317,4,-0.5441778474616333,-0.6361594609769792,0.5625,,,0.43999999999999995,NEUTRAL,0.5
2018-07-24,-0.0387766030547505,4,-0.5218039430831996,-0.6358024691358024,0.5625,,,0.43999999999999995,NEUTRAL,0.5
2018-07-25,-0.036990911117471936,4,-0.5026790118282725,-0.6477846326416152,0.5625,,,0.43999999999999995,NEUTRAL,0.5
2018-07-26,-0.03685942172765633,4,-0.5064399290630918,-0.6434977578475336,0.5625,,,0.43999999999999995,NEUTRAL,0.5
2018-07-27,-0.04027042752508336,4,-0.5350102815289048,-0.6285714285714286,0.5625,,,0.43999999999999995,NEUTRAL,0.5
2018-07-30,-0.042390247209865006,4,-0.6104708432627521,-0.5615901455767078,0.5625,,,0.43999999999999995,NEUTRAL,0.5
2018-07-31,-0.03823946825331981,4,-0.596979977098338,-0.5584778959149412,0.5625,,,0.43999999999999995,NEUTRAL,0.5
2018-08-01,-0.038280326118824926,4,-0.6136749957504675,-0.5419463087248322,0.5625,,,0.43999999999999995,NEUTRAL,0.5
2018-08-02,-0.03461111834428038,4,-0.5612910357024428,-0.5796534376746787,0.5625,,,0.43999999999999995,NEUTRAL,0.5
2018-08-03,-0.030862967004667285,4,-0.5052814769572164,-0.6206703910614526,0.5625,,,0.43999999999999995,NEUTRAL,0.5
2018-08-06,-0.022613431516273375,4,-0.45811285504331767,-0.6348408710217757,0.5625,,,0.43999999999999995,NEUTRAL,0.5
2018-08-07,-0.01712437727095062,4,-0.4504617947980879,-0.6205357142857144,0.5625,,,0.43999999999999995,NEUTRAL,0.5
2018-08-08,-0.010211981306177731,4,-0.43319733961400264,-0.6101505856107083,0.5625,,,0.43999999999999995,NEUTRAL,0.5
2018-08-09,-0.0016839946506796988,4,-0.3854901592047254,-0.6237458193979935,0.5625,,,0.43999999999999995,BULLISH,0.75
2018-08-10,0.009505159935196794,4,-0.35890832961854424,-0.6055710306406685,0.5625,,,0.43999999999999995,BULLISH,0.75
2018-08-13,0.012472028469809882,4,-0.3685361622900256,-0.5840757238307348,0.5625,,,0.43999999999999995,BULLISH,0.75
2018-08-14,0.007576029148790742,4,-0.3739766290920934,-0.5982192543127436,0.5625,,,0.43999999999999995,BULLISH,0.75
2018-08-15,0.01102756162953017,4,-0.39164893034506076,-0.5667408231368185,0.5625,,,0.43999999999999995,BULLISH,0.75
2018-08-16,0.004745628600204749,4,-0.39263366125232146,-0.5908838243468595,0.5625,,,0.43999999999999995,BULLISH,0.75
2018-08-17,0.01209917215745901,4,-0.3457699780368305,-0.6083333333333334,0.5625,,,0.43999999999999995,BULLISH,0.75
2018-08-20,0.013791170873954511,4,-0.335453028886192,-0.6118822876179899,0.5625,,,0.43999999999999995,BULLISH,0.75
2018-08-21,0.012908250173504776,4,-0.3404341469197434,-0.6104328523862375,0.5625,,,0.43999999999999995,BULLISH,0.75
2018-08-22,0.01091423261317881,4,-0.3149162808617607,-0.643926788685524,0.5625,,,0.43999999999999995,BULLISH,0.75
2018-08-23,0.01705750064499928,4,-0.281830973029759,-0.6524390243902438,0.5625,,,0.43999999999999995,BULLISH,0.75
2018-08-24,0.016623242057749815,4,-0.26620093758617525,-0.6698060941828254,0.5625,,,0.43999999999999995,BULLISH,0.75
2018-08-27,0.013546865649632367,4,-0.275555062318414,-0.6727574750830565,0.5625,,,0.43999999999999995,BULLISH,0.75
2018-08-28,0.0036742317871962527,4,-0.35913677512016895,-0.628666297731046,0.5625,,,0.43999999999999995,BULLISH,0.75
2018-08-29,0.0013462682089848688,4,-0.351650325394149,-0.6454646017699115,0.5625,,,0.43999999999999995,BULLISH,0.75
2018-08-30,-0.008480068836170807,4,-0.4349830171910073,-0.601437258153676,0.5625,,,0.43999999999999995,NEUTRAL,0.5
2018-08-31,-0.006265419898828339,4,-0.4054622320815011,-0.6220994475138122,0.5625,,,0.43999999999999995,BULLISH,0.75
2018-09-04,-0.0031479107086533897,4,-0.393335706887623,-0.6217559359469906,0.5625,,,0.43999999999999995,BULLISH,0.75
2018-09-05,-0.007306715199357772,4,-0.456671673159462,-0.575055187637969,0.5625,,,0.43999999999999995,NEUTRAL,0.5
2018-09-06,-0.008760910918137188,4,-0.4981062470922948,-0.5394373965802539,0.5625,,,0.43999999999999995,NEUTRAL,0.5
2018-09-07,-0.014678026633860919,4,-0.5110467261605816,-0.5501653803748621,0.5625,,,0.43999999999999995,NEUTRAL,0.5
2018-09-10,-0.009225579011687357,4,-0.3953251810605234,-0.644077134986226,0.5625,,,0.43999999999999995,NEUTRAL,0.5
2018-09-11,-0.017213750757959723,4,-0.4221259281419709,-0.6492290748898679,0.5625,,,0.43999999999999995,NEUTRAL,0.5
2018-09-12,-0.0196215977877513,4,-0.40624781107395525,-0.67473858007705,0.5625,,,0.43999999999999995,NEUTRAL,0.5
2018-09-13,-0.01943400028108966,4,-0.42897087461170724,-0.6512651265126512,0.5625,,,0.43999999999999995,NEUTRAL,0.5
2018-09-14,-0.020491249609105866,4,-0.41596582306534025,-0.6684991753710832,0.5625,,,0.43999999999999995,NEUTRAL,0.5
2018-09-17,0.015092779945340556,4,-0.28004096813072554,-0.6620879120879122,0.5625,,,0.43999999999999995,BULLISH,0.75
2018-09-18,-0.10963433769850567,4,-0.2620724099139252,-0.7732015376166941,0.21212121212121215,,,0.3846153846153846,NEUTRAL,0.5
2018-09-19,-0.10046338207032218,4,-0.2148360086622323,-0.7837541163556532,0.21212121212121215,,,0.3846153846153846,NEUTRAL,0.5
2018-09-20,-0.0791319600618823,4,-0.10744984565115823,-0.8058145913329677,0.21212121212121215,,,0.3846153846153846,NEUTRAL,0.5
2018-09-21,-0.06156265517877385,4,-0.009653884118358658,-0.8333333333333335,0.21212121212121215,,,0.3846153846153846,NEUTRAL,0.5
2018-09-24,-0.05969047269976946,4,0.008337128902681679,-0.8438356164383563,0.21212121212121215,,,0.3846153846153846,NEUTRAL,0.5
2018-09-25,-0.048978347948827605,4,0.0786534068678737,-0.8713033953997809,0.21212121212121215,,,0.3846153846153846,NEUTRAL,0.5
2018-09-26,-0.04782415629697928,4,0.07677247046738556,-0.8648056923918994,0.21212121212121215,,,0.3846153846153846,NEUTRAL,0.5
2018-09-27,-0.06165144206165063,4,0.024272514666691336,-0.8676148796498906,0.21212121212121215,,,0.3846153846153846,NEUTRAL,0.5
2018-09-28,-0.05657314375181083,4,0.03481664564271014,-0.8578458173865502,0.21212121212121215,,,0.3846153846153846,NEUTRAL,0.5
2018-10-01,-0.06720518547716275,4,0.007666705070599189,-0.8732240437158469,0.21212121212121215,,,0.3846153846153846,NEUTRAL,0.5
2018-10-02,-0.0928663393280072,4,-0.17519266950466061,-0.7930092845439649,0.21212121212121215,,,0.3846153846153846,NEUTRAL,0.5
2018-10-03,-0.1024074514794327,4,-0.22088605330934952,-0.785480349344978,0.21212121212121215,,,0.3846153846153846,NEUTRAL,0.5
2018-10-04,-0.11472419065939127,4,-0.2804014990359184,-0.7752318603382433,0.21212121212121215,,,0.3846153846153846,NEUTRAL,0.5
2018-10-05,-0.11996157631948368,4,-0.30613579187276474,-0.7704471101417667,0.21212121212121215,,,0.3846153846153846,NEUTRAL,0.5
2018-10-08,-0.11368280238419853,4,-0.28089559918892215,-0.7705722070844687,0.21212121212121215,,,0.3846153846153846,NEUTRAL,0.5
2018-10-09,-0.106787341778106,4,-0.2678946784459706,-0.7559912854030502,0.21212121212121215,,,0.3846153846153846,NEUTRAL,0.5
2018-10-10,-0.13754364492516585,4,-0.4120173277709561,-0.7348938486663039,0.21212121212121215,,,0.3846153846153846,NEUTRAL,0.5
2018-10-11,-0.1422789634538612,4,-0.43462285316357585,-0.7312295973884657,0.21212121212121215,,,0.3846153846153846,NEUTRAL,0.5
2018-10-12,-0.13710588271743746,4,-0.4110655109668685,-0.734094616639478,0.21212121212121215,,,0.3846153846153846,NEUTRAL,0.5
2018-10-15,-0.13931277586073432,4,-0.4224659610490993,-0.7315217391304347,0.21212121212121215,,,0.3846153846153846,NEUTRAL,0.5
2018-10-16,-0.12274835540493051,4,-0.3457419683834778,-0.7419880499728408,0.21212121212121215,,,0.3846153846153846,NEUTRAL,0.5
2018-10-17,-0.1354790564381224,4,-0.39923914170732755,-0.7394136807817588,0.21212121212121215,,,0.3846153846153846,NEUTRAL,0.5
2018-10-18,-0.1437253425789901,4,-0.4396792041659592,-0.731958762886598,0.21212121212121215,,,0.3846153846153846,NEUTRAL,0.5
2018-10-19,-0.12389015143780219,4,-0.35693928491730675,-0.7353579175704987,0.21212121212121215,,,0.3846153846153846,NEUTRAL,0.5
2018-10-22,-0.10611671356354424,4,-0.2802820417766816,-0.7409214092140921,0.21212121212121215,,,0.3846153846153846,NEUTRAL,0.5
2018-10-23,-0.1038595099375137,4,-0.27111288134038936,-0.7410617551462622,0.21212121212121215,,,0.3846153846153846,NEUTRAL,0.5
2018-10-24,-0.1275581002595027,4,-0.384175278229399,-0.7227937195452085,0.21212121212121215,,,0.3846153846153846,NEUTRAL,0.5
2018-10-25,-0.10422302469035855,4,-0.27336895523829063,-0.7402597402597402,0.21212121212121215,,,0.3846153846153846,NEUTRAL,0.5
2018-10-26,-0.1207609428824094,4,-0.3529009739990626,-0.7268793942671716,0.21212121212121215,,,0.3846153846153846,NEUTRAL,0.5
2018-10-29,-0.1395604860970291,4,-0.4317352978814697,-0.7232432432432434,0.21212121212121215,,,0.3846153846153846,NEUTRAL,0.5
2018-10-30,-0.10151454387798714,4,-0.25292983437712446,-0.7498649378714208,0.21212121212121215,,,0.3846153846153846,NEUTRAL,0.5
2018-10-31,-0.11850875546461481,4,-0.314832093757043,-0.755939524838013,0.21212121212121215,,,0.3846153846153846,NEUTRAL,0.5
2018-11-01,-0.12410130497823785,4,-0.34354656570513376,-0.7495952509444144,0.21212121212121215,,,0.3846153846153846,NEUTRAL,0.5
2018-11-02,-0.11910723888501784,4,-0.3185808705075204,-0.7545846817691477,0.21212121212121215,,,0.3846153846153846,NEUTRAL,0.5
2018-11-05,-0.1161597095561197,4,-0.3007285346915337,-0.760646900269542,0.21212121212121215,,,0.3846153846153846,NEUTRAL,0.5
2018-11-06,-0.11688867179201884,4,-0.2959723183874309,-0.7683189655172413,0.21212121212121215,,,0.3846153846153846,NEUTRAL,0.5
2018-11-07,-0.10282304918556961,4,-0.21212141598829892,-0.7959073774905763,0.21212121212121215,,,0.3846153846153846,NEUTRAL,0.5
2018-11-08,-0.1140181322005977,4,-0.2514097713947464,-0.801399354144241,0.21212121212121215,,,0.3846153846153846,NEUTRAL,0.5
2018-11-09,-0.106160754492513,4,-0.212880421592071,-0.8084991931145777,0.21212121212121215,,,0.3846153846153846,NEUTRAL,0.5
2018-11-12,-0.12511430719148542,4,-0.33321533087888233,-0.7639784946236561,0.21212121212121215,,,0.3846153846153846,NEUTRAL,0.5
2018-11-13,-0.12194189502046598,4,-0.3085772558082511,-0.7759269210102095,0.21212121212121215,,,0.3846153846153846,NEUTRAL,0.5
2018-11-14,-0.115580816343887,4,-0.3098654475041962,-0.7491944146079486,0.21212121212121215,,,0.3846153846153846,NEUTRAL,0.5
2018-11-15,-0.08590473268596416,4,-0.13090839919274533,-0.809447128287708,0.21212121212121215,,,0.3846153846153846,NEUTRAL,0.5
2018-11-16,-0.0844084571295404,4,-0.09799703469681853,-0.8363733905579398,0.21212121212121215,,,0.3846153846153846,NEUTRAL,0.5
2018-11-19,-0.11135194268197196,4,-0.2662730537915623,-0.7758713136729223,0.21212121212121215,,,0.3846153846153846,NEUTRAL,0.5
2018-11-20,-0.12772547700455678,4,-0.3761272507355312,-0.7315112540192925,0.21212121212121215,,,0.3846153846153846,NEUTRAL,0.5
2018-11-21,-0.11524608803406655,4,-0.3191028449628468,-0.7386181039100161,0.21212121212121215,,,0.3846153846153846,NEUTRAL,0.5
2018-11-23,-0.12788000390339932,4,-0.36735725474848113,-0.7408993576017129,0.21212121212121215,,,0.3846153846153846,NEUTRAL,0.5
2018-11-26,-0.12894049596456686,4,-0.3848367293375071,-0.7276618512573569,0.21212121212121215,,,0.3846153846153846,NEUTRAL,0.5
2018-11-27,-0.15005903433640722,4,-0.48413850948329507,-0.7128342245989305,0.21212121212121215,,,0.3846153846153846,NEUTRAL,0.5
2018-11-28,-0.14049137757204055,4,-0.4339559819579497,-0.7247461250668092,0.21212121212121215,,,0.3846153846153846,NEUTRAL,0.5
2018-11-29,-0.12204464647620522,4,-0.3653639005901357,-0.7195512820512819,0.21212121212121215,,,0.3846153846153846,NEUTRAL,0.5
2018-11-30,-0.1077041316636001,4,-0.28382648163979596,-0.7437266417512012,0.21212121212121215,,,0.3846153846153846,NEUTRAL,0.5
2018-12-03,-0.10162658534017949,4,-0.21722372785185062,-0.7860192102454642,0.21212121212121215,,,0.3846153846153846,NEUTRAL,0.5
2018-12-04,-0.09964643264150871,4,-0.2534556606359649,-0.7418666666666667,0.21212121212121215,,,0.3846153846153846,NEUTRAL,0.5
2018-12-06,-0.1253610526149918,4,-0.40255180932876,-0.6956289978678039,0.21212121212121215,,,0.3846153846153846,NEUTRAL,0.5
2018-12-07,-0.13977511904496137,4,-0.46910292267669795,-0.6867341502397442,0.21212121212121215,,,0.3846153846153846,NEUTRAL,0.5
2018-12-10,-0.11544865027756562,4,-0.36364301893312134,-0.694888178913738,0.21212121212121215,,,0.3846153846153846,NEUTRAL,0.5
2018-12-11,-0.13243326816553275,4,-0.4340801004790895,-0.6923895689196382,0.21212121212121215,,,0.3846153846153846,NEUTRAL,0.5
2018-12-12,-0.12879328264887152,4,-0.4076544081831466,-0.7042553191489362,0.21212121212121215,,,0.3846153846153846,NEUTRAL,0.5
2018-12-13,-0.14507222926322833,4,-0.4752711278245979,-0.7017543859649122,0.21212121212121215,,,0.3846153846153846,NEUTRAL,0.5
2018-12-14,-0.14672518213032654,4,-0.4912887599018986,-0.6923485653560042,0.21212121212121215,,,0.3846153846153846,NEUTRAL,0.5
2018-12-17,-0.16869876313375076,4,-0.5917653189476486,-0.6797663303239512,0.21212121212121215,,,0.3846153846153846,NEUTRAL,0.5
2018-12-18,-0.09238251425638294,4,-0.38357679390853683,-0.3497876857749469,-0.11764705882352944,,,0.4814814814814814,NEUTRAL,0.5
2018-12-19,-0.07159901083217252,4,-0.2714506251378357,-0.37877984084880634,-0.11764705882352944,,,0.4814814814814814,NEUTRAL,0.5
2018-12-20,-0.09725359899002448,4,-0.3864649373879333,-0.36638388123011656,-0.11764705882352944,,,0.4814814814814814,NEUTRAL,0.5
2018-12-21,-0.12398918732522465,4,-0.5874011348629312,-0.27239003709591936,-0.11764705882352944,,,0.4814814814814814,NEUTRAL,0.5
2018-12-24,-0.10702482600042634,4,-0.5700057605579623,-0.22192796610169507,-0.11764705882352944,,,0.4814814814814814,NEUTRAL,0.5
2018-12-26,-0.10645428193260115,4,-0.4921396393243016,-0.29751191106405495,-0.11764705882352944,,,0.4814814814814814,NEUTRAL,0.5
2018-12-27,-0.11377431304260976,4,-0.5072914631881793,-0.3116402116402117,-0.11764705882352944,,,0.4814814814814814,NEUTRAL,0.5
2018-12-28,-0.1266039105160832,4,-0.5635340414541726,-0.3067160232681121,-0.11764705882352944,,,0.4814814814814814,NEUTRAL,0.5
2018-12-31,-0.11639420782025683,4,-0.5080581883998672,-0.32135306553911214,-0.11764705882352944,,,0.4814814814814814,NEUTRAL,0.5
2019-01-02,-0.11567609424637737,4,-0.5011293965795418,-0.32540940306391963,-0.11764705882352944,,,0.4814814814814814,NEUTRAL,0.5
2019-01-03,-0.09322433036468492,4,-0.43366944211035574,-0.3030623020063359,-0.11764705882352944,,,0.4814814814814814,NEUTRAL,0.5
2019-01-04,-0.08115713543781694,4,-0.2995447586044704,-0.38891820580474934,-0.11764705882352944,,,0.4814814814814814,NEUTRAL,0.5
2019-01-07,-0.09197964406265219,4,-0.32405257696763257,-0.40770042194092815,-0.11764705882352944,,,0.4814814814814814,NEUTRAL,0.5
2019-01-08,-0.11251635237147489,4,-0.3974528105307782,-0.41644702161307334,-0.11764705882352944,,,0.4814814814814814,NEUTRAL,0.5
2019-01-09,-0.12835177869894096,4,-0.46417515178459057,-0.41306638566912524,-0.11764705882352944,,,0.4814814814814814,NEUTRAL,0.5
2019-01-10,-0.1241998866457194,4,-0.44673191552834934,-0.41390205371248023,-0.11764705882352944,,,0.4814814814814814,NEUTRAL,0.5
2019-01-11,-0.11441653821748346,4,-0.39150057552788564,-0.43000000000000016,-0.11764705882352944,,,0.4814814814814814,NEUTRAL,0.5
2019-01-14,-0.10650574159636603,4,-0.36534397505078064,-0.4245134139926354,-0.11764705882352944,,,0.4814814814814814,NEUTRAL,0.5
2019-01-15,-0.10813906970689052,4,-0.3621109959124331,-0.43427970557308093,-0.11764705882352944,,,0.4814814814814814,NEUTRAL,0.5
2019-01-16,-0.11835761131718889,4,-0.4179269803807276,-0.4193378875459799,-0.11764705882352944,,,0.4814814814814814,NEUTRAL,0.5
2019-01-17,-0.12322560922704978,4,-0.41398475872581497,-0.4427521008403361,-0.11764705882352944,,,0.4814814814814814,NEUTRAL,0.5
2019-01-18,-0.11243495861714506,4,-0.3458577216934612,-0.467716535433071,-0.11764705882352944,,,0.4814814814814814,NEUTRAL,0.5
2019-01-22,-0.11730944994321513,4,-0.3776682350226279,-0.45540398740818455,-0.11764705882352944,,,0.4814814814814814,NEUTRAL,0.5
2019-01-23,-0.11461826046123674,4,-0.3561302227619445,-0.46617724174095443,-0.11764705882352944,,,0.4814814814814814,NEUTRAL,0.5
2019-01-24,-0.13046691315245462,4,-0.4213414882656742,-0.46436058700209637,-0.11764705882352944,,,0.4814814814814814,NEUTRAL,0.5
2019-01-25,-0.13084374082413058,4,-0.3843282963787804,-0.5028810895756939,-0.11764705882352944,,,0.4814814814814814,NEUTRAL,0.5
2019-01-28,-0.12670606505906895,4,-0.3847948085486781,-0.4858638743455497,-0.11764705882352944,,,0.4814814814814814,NEUTRAL,0.5
2019-01-29,-0.1294442844331017,4,-0.389722497072724,-0.4918890633176347,-0.11764705882352944,,,0.4814814814814814,NEUTRAL,0.5
2019-01-30,-0.11885069478827406,4,-0.30628741101606904,-0.5329497907949792,-0.11764705882352944,,,0.4814814814814814,NEUTRAL,0.5
2019-01-31,-0.11375924899497983,4,-0.29247309140316136,-0.5263983272347099,-0.11764705882352944,,,0.4814814814814814,NEUTRAL,0.5
2019-02-01,-0.10556760408118973,4,-0.23176837085313917,-0.5543364681295717,-0.11764705882352944,,,0.4814814814814814,NEUTRAL,0.5
2019-02-04,-0.1041435380562071,4,-0.21800648610993434,-0.562402088772846,-0.11764705882352944,,,0.4814814814814814,NEUTRAL,0.5
2019-02-05,-0.08352908116111715,4,-0.124881853774237,-0.5730688935281836,-0.11764705882352944,,,0.4814814814814814,NEUTRAL,0.5
2019-02-06,-0.05571215764651288,4,-0.012869803374415456,-0.573813249869588,-0.11764705882352944,,,0.4814814814814814,NEUTRAL,0.5
2019-02-07,-0.08340194174323878,4,-0.1755443794119289,-0.5218978102189782,-0.11764705882352944,,,0.4814814814814814,NEUTRAL,0.5
2019-02-08,-0.06418168874878197,4,-0.05985247520388748,-0.5607087024491924,-0.11764705882352944,,,0.4814814814814814,NEUTRAL,0.5
2019-02-11,-0.035313557674091556,4,0.06678634664568173,-0.5718749999999999,-0.11764705882352944,,,0.4814814814814814,NEUTRAL,0.5
2019-02-12,-0.04317918490332062,4,0.033985016802164925,-0.5705361790733994,-0.11764705882352944,,,0.4814814814814814,NEUTRAL,0.5
2019-02-13,-0.049565834028626576,4,0.017506819791537565,-0.5796045785639958,-0.11764705882352944,,,0.4814814814814814,NEUTRAL,0.5
2019-02-14,-0.04871965120382349,4,0.02475031106029535,-0.5834633385335413,-0.11764705882352944,,,0.4814814814814814,NEUTRAL,0.5
2019-02-15,-0.062275285307512196,4,-0.024058225010662015,-0.5888773388773387,-0.11764705882352944,,,0.4814814814814814,NEUTRAL,0.5
2019-02-19,-0.06839064597516242,4,-0.03376064292223813,-0.6036363636363635,-0.11764705882352944,,,0.4814814814814814,NEUTRAL,0.5
2019-02-20,-0.06311068267247849,4,-0.02593447422014017,-0.5903426791277258,-0.11764705882352944,,,0.4814814814814814,NEUTRAL,0.5
2019-02-21,-0.05570113432955737,4,0.020003489427036003,-0.6066424494032174,-0.11764705882352944,,,0.4814814814814814,NEUTRAL,0.5
2019-02-22,-0.04502442130814821,4,0.07173179252439299,-0.6156639004149378,-0.11764705882352944,,,0.4814814814814814,NEUTRAL,0.5
2019-02-25,-0.04745521116816587,4,0.06479989078239656,-0.618455158113012,-0.11764705882352944,,,0.4814814814814814,NEUTRAL,0.5
2019-02-26,-0.05143082326479942,4,0.05013140345383471,-0.6196891191709843,-0.11764705882352944,,,0.4814814814814814,NEUTRAL,0.5
2019-02-27,-0.06294341756313582,4,-0.0065972177162954004,-0.6090108751941998,-0.11764705882352944,,,0.4814814814814814,NEUTRAL,0.5
2019-02-28,-0.06094353104152367,4,-0.003571279743301181,-0.6040372670807455,-0.11764705882352944,,,0.4814814814814814,NEUTRAL,0.5
2019-03-01,-0.04793635922492295,4,0.060560854358548744,-0.6161407139161925,-0.11764705882352944,,,0.4814814814814814,NEUTRAL,0.5
2019-03-04,-0.04095799057026539,4,0.07160972674661226,-0.5992761116856258,-0.11764705882352944,,,0.4814814814814814,NEUTRAL,0.5
2019-03-05,-0.03943447054574106,4,0.08617963314358001,-0.6077519379844962,-0.11764705882352944,,,0.4814814814814814,NEUTRAL,0.5
2019-03-06,-0.049433765579527666,4,0.04535200262724337,-0.606921487603306,-0.11764705882352944,,,0.4814814814814814,NEUTRAL,0.5
2019-03-07,-0.04891230821020931,4,0.06003105797565578,-0.619514713474445,-0.11764705882352944,,,0.4814814814814814,NEUTRAL,0.5
2019-03-08,-0.051539426198570826,4,0.056426861195855604,-0.6264189886480909,-0.11764705882352944,,,0.4814814814814814,NEUTRAL,0.5
2019-03-11,-0.0686048166433007,4,-0.01628360155709596,-0.6219700876740588,-0.11764705882352944,,,0.4814814814814814,NEUTRAL,0.5
2019-03-12,-0.06901246780471049,4,-0.011533778412876394,-0.6283505154639175,-0.11764705882352944,,,0.4814814814814814,NEUTRAL,0.5
2019-03-13,-0.06537850252433286,4,0.011951927883562696,-0.6373003606388461,-0.11764705882352944,,,0.4814814814814814,NEUTRAL,0.5
2019-03-14,-0.0626146570408857,4,0.022164209734633067,-0.6364572605561278,-0.11764705882352944,,,0.4814814814814814,NEUTRAL,0.5
2019-03-15,-0.08030955937446402,4,0.03838973103386967,-0.3453422542460114,0.19999999999999996,,,-0.2142857142857143,NEUTRAL,0.5
2019-03-18,-0.080082752490477,4,0.0653538812785388,-0.37139917695473246,0.19999999999999996,,,-0.2142857142857143,NEUTRAL,0.5
2019-03-19,-0.0780114507729924,4,0.10481060528114838,-0.40257069408740365,0.19999999999999996,,,-0.2142857142857143,NEUTRAL,0.5
2019-03-20,-0.07080993875954569,4,0.052217593368805826,-0.32117163412127425,0.19999999999999996,,,-0.2142857142857143,NEUTRAL,0.5
2019-03-21,-0.0037704480521078276,4,0.4018746976294145,-0.4026707755521315,0.19999999999999996,,,-0.2142857142857143,BULLISH,0.75
2019-03-22,0.0005547710376037907,4,0.34556023991456897,-0.32905544147843946,0.19999999999999996,,,-0.2142857142857143,BULLISH,0.75
2019-03-25,0.015840747493346047,4,0.40499606187839055,-0.327347357619292,0.19999999999999996,,,-0.2142857142857143,BULLISH,0.75
2019-03-26,0.02920941940090402,4,0.49368749445343285,-0.36256410256410243,0.19999999999999996,,,-0.2142857142857143,BULLISH,0.75
2019-03-27,0.010190731983810125,4,0.3876985653373053,-0.33264992311635044,0.19999999999999996,,,-0.2142857142857143,BULLISH,0.75
2019-03-28,0.019411912239419488,4,0.44951533045650693,-0.35758196721311464,0.19999999999999996,,,-0.2142857142857143,BULLISH,0.75
2019-03-29,0.020915899883594186,4,0.48248592416315317,-0.3845366103430621,0.19999999999999996,,,-0.2142857142857143,BULLISH,0.75
2019-04-01,0.013461071533678565,4,0.5062057424879822,-0.4380757420675536,0.19999999999999996,,,-0.2142857142857143,BULLISH,0.75
2019-04-02,0.01809397378371816,4,0.4974032974001268,-0.4107416879795398,0.19999999999999996,,,-0.2142857142857143,BULLISH,0.75
2019-04-03,0.02375012934869533,4,0.5136829596968555,-0.40439672801635984,0.19999999999999996,,,-0.2142857142857143,BULLISH,0.75
2019-04-04,0.014451318664907259,4,0.46095148971182254,-0.38886050076647916,0.19999999999999996,,,-0.2142857142857143,BULLISH,0.75
2019-04-05,0.011213420948675529,4,0.4539300007361877,-0.39479060265577126,0.19999999999999996,,,-0.2142857142857143,BULLISH,0.75
2019-04-08,0.027687887125566885,4,0.5073751903020196,-0.3823379275140377,0.19999999999999996,,,-0.2142857142857143,BULLISH,0.75
2019-04-09,0.023483844135403803,4,0.4969966010314111,-0.3887755102040815,0.19999999999999996,,,-0.2142857142857143,BULLISH,0.75
2019-04-10,0.01564415515667758,4,0.4756384695376159,-0.39877613462519124,0.19999999999999996,,,-0.2142857142857143,BULLISH,0.75
2019-04-11,0.02074294189881762,4,0.4820688988024935,-0.38481141692150866,0.19999999999999996,,,-0.2142857142857143,BULLISH,0.75
2019-04-12,0.013880567099776558,4,0.5053658023486005,-0.43555781966377993,0.19999999999999996,,,-0.2142857142857143,BULLISH,0.75
2019-04-15,0.00819949384493987,4,0.49209387296486273,-0.4450101832993889,0.19999999999999996,,,-0.2142857142857143,BULLISH,0.75
2019-04-16,0.011658429116553931,4,0.5011229930928971,-0.440203562340967,0.19999999999999996,,,-0.2142857142857143,BULLISH,0.75
2019-04-17,0.010150784503793003,4,0.486221507438221,-0.43133265513733465,0.19999999999999996,,,-0.2142857142857143,BULLISH,0.75
2019-04-18,-0.008001215372691634,4,0.4179697190887963,-0.4356888662938485,0.19999999999999996,,,-0.2142857142857143,NEUTRAL,0.5
2019-04-22,0.005259939185870172,4,0.4804474222487074,-0.44512195121951237,0.19999999999999996,,,-0.2142857142857143,BULLISH,0.75
2019-04-23,-0.0015495109229138049,4,0.47126694941579617,-0.46317927882173704,0.19999999999999996,,,-0.2142857142857143,BULLISH,0.75
2019-04-24,0.0021643277360310076,4,0.49857754299633594,-0.47563451776649757,0.19999999999999996,,,-0.2142857142857143,BULLISH,0.75
2019-04-25,0.011582857326473212,4,0.5263705682491415,-0.46575342465753433,0.19999999999999996,,,-0.2142857142857143,BULLISH,0.75
2019-04-26,0.0009624126166328517,4,0.5079933769226312,-0.4898580121703855,0.19999999999999996,,,-0.2142857142857143,BULLISH,0.75
2019-04-29,0.0031840273049748846,4,0.49534417525422025,-0.46832235174860637,0.19999999999999996,,,-0.2142857142857143,BULLISH,0.75
2019-04-30,0.013385524619278694,4,0.5526302443737714,-0.4848024316109423,0.19999999999999996,,,-0.2142857142857143,BULLISH,0.75
2019-05-01,0.02075031577437117,4,0.5534895090287686,-0.45620253164556956,0.19999999999999996,,,-0.2142857142857143,BULLISH,0.75
2019-05-02,0.012705213576167135,4,0.50032924065516,-0.43522267206477716,0.19999999999999996,,,-0.2142857142857143,BULLISH,0.75
2019-05-03,0.016721588377030278,4,0.5303374699182664,-0.4491654021244309,0.19999999999999996,,,-0.2142857142857143,BULLISH,0.75
2019-05-06,0.018532795376521832,4,0.5429163902306287,-0.454499494438827,0.19999999999999996,,,-0.2142857142857143,BULLISH,0.75
2019-05-07,0.015150427883201562,4,0.46447812819345735,-0.38959070237493676,0.19999999999999996,,,-0.2142857142857143,BULLISH,0.75
2019-05-08,0.006258717156301857,4,0.4277044212947603,-0.3883838383838385,0.19999999999999996,,,-0.2142857142857143,BULLISH,0.75
2019-05-09,0.009783181680380032,4,0.4617980472666994,-0.4083796062594649,0.19999999999999996,,,-0.2142857142857143,BULLISH,0.75
2019-05-10,0.0015459530957602496,4,0.46295186773838193,-0.4424823410696266,0.19999999999999996,,,-0.2142857142857143,BULLISH,0.75
2019-05-13,-0.004278964805530555,4,0.34563178143777273,-0.3484619263741806,0.19999999999999996,,,-0.2142857142857143,BULLISH,0.75
2019-05-14,0.005976978112991388,4,0.43688314286671215,-0.39868951612903225,0.19999999999999996,,,-0.2142857142857143,BULLISH,0.75
2019-05-15,0.006999800356588509,4,0.473015394301489,-0.4307304785894206,0.19999999999999996,,,-0.2142857142857143,BULLISH,0.75
2019-05-16,0.004087334762715528,4,0.47272971597504565,-0.4420946626384692,0.19999999999999996,,,-0.2142857142857143,BULLISH,0.75
2019-05-17,0.0054646418221188375,4,0.46090522772416453,-0.42476094614997484,0.19999999999999996,,,-0.2142857142857143,BULLISH,0.75
2019-05-20,0.007176664876482469,4,0.4021473033691092,-0.359154929577465,0.19999999999999996,,,-0.2142857142857143,BULLISH,0.75
2019-05-21,0.010381972660979927,4,0.4570202414303881,-0.40120663650075405,0.19999999999999996,,,-0.2142857142857143,BULLISH,0.75
2019-05-22,0.0009873056156849136,4,0.4217525246881526,-0.4035175879396986,0.19999999999999996,,,-0.2142857142857143,BULLISH,0.75
2019-05-23,0.0042413753322935455,4,0.35721806644361775,-0.3259668508287292,0.19999999999999996,,,-0.2142857142857143,BULLISH,0.75
2019-05-24,-0.006223217756301608,4,0.2905976625376163,-0.3012048192771084,0.19999999999999996,,,-0.2142857142857143,BULLISH,0.75
2019-05-28,-0.0075586022490828075,4,0.2253960117620375,-0.24134470647265438,0.19999999999999996,,,-0.2142857142857143,NEUTRAL,0.5
2019-05-29,-0.018727991258500082,4,0.17859140221059078,-0.23921765295887676,0.19999999999999996,,,-0.2142857142857143,NEUTRAL,0.5
2019-05-30,-0.006447535430001622,4,0.22859582319227445,-0.2401002506265666,0.19999999999999996,,,-0.2142857142857143,BULLISH,0.75
2019-05-31,-0.026475552918854367,4,0.06018710982472575,-0.15180360721442887,0.19999999999999996,,,-0.2142857142857143,NEUTRAL,0.5
2019-06-03,-0.022843332695483526,4,0.03307763137558806,-0.11016524787180781,0.19999999999999996,,,-0.2142857142857143,NEUTRAL,0.5
2019-06-04,-0.02608058553759221,4,0.16822163039360372,-0.2582582582582582,0.19999999999999996,,,-0.2142857142857143,NEUTRAL,0.5
2019-06-05,-0.02395484006381962,4,0.18209816993838968,-0.2636318159079538,0.19999999999999996,,,-0.2142857142857143,NEUTRAL,0.5
2019-06-06,-0.026936074222602052,4,0.19504141739530612,-0.2885,0.19999999999999996,,,-0.2142857142857143,NEUTRAL,0.5
2019-06-07,-0.029653609202654335,4,0.23350236193286822,-0.3378310844577712,0.19999999999999996,,,-0.2142857142857143,NEUTRAL,0.5
2019-06-10,-0.018651701034943874,4,0.32878979925682783,-0.389110889110889,0.19999999999999996,,,-0.2142857142857143,NEUTRAL,0.5
2019-06-11,-0.020373618196580484,4,0.31471835083538835,-0.38192710933599594,0.19999999999999996,,,-0.2142857142857143,NEUTRAL,0.5
2019-06-12,-0.037054355147861845,4,0.22335372283598343,-0.35728542914171646,0.19999999999999996,,,-0.2142857142857143,NEUTRAL,0.5
2019-06-13,-0.03081294706763124,4,0.2646000108032194,-0.37356608478803,0.19999999999999996,,,-0.2142857142857143,NEUTRAL,0.5
2019-06-14,-0.0330449970516509,4,0.2200917679534875,-0.33798604187437675,0.19999999999999996,,,-0.2142857142857143,NEUTRAL,0.5
2019-06-17,-0.003862674934239946,4,0.3261892746384407,-0.32735426008968616,0.19999999999999996,,,-0.2142857142857143,BULLISH,0.75
2019-06-18,-0.01159015317005721,4,0.2796780896532942,-0.3117529880478087,0.19999999999999996,,,-0.2142857142857143,NEUTRAL,0.5
2019-06-19,-0.027490249764988678,4,0.19601212189574468,-0.29168740666998505,0.19999999999999996,,,-0.2142857142857143,NEUTRAL,0.5
2019-06-20,0.04757482278503006,4,0.5693751760832209,-0.4039800995024876,0.6111111111111112,,,-0.5862068965517242,BULLISH,0.75
2019-06-21,0.09791698612202598,4,0.7213137050654648,-0.3545499751367478,0.6111111111111112,,,-0.5862068965517242,BULLISH,0.75
2019-06-24,0.07963870209172375,4,0.6892768363522397,-0.39562624254473167,0.6111111111111112,,,-0.5862068965517242,BULLISH,0.75
2019-06-25,0.06090773204239819,4,0.5689502605550643,-0.35022354694485847,0.6111111111111112,,,-0.5862068965517242,BULLISH,0.75
2019-06-26,0.04325059899493533,4,0.5403524018771568,-0.39225422045680247,0.6111111111111112,,,-0.5862068965517242,BULLISH,0.75
2019-06-27,0.039616251553424464,4,0.5315756799917799,-0.398014888337469,0.6111111111111112,,,-0.5862068965517242,BULLISH,0.75
2019-06-28,0.05421549748056237,4,0.5957276166327039,-0.4037698412698414,0.6111111111111112,,,-0.5862068965517242,BULLISH,0.75
2019-07-01,0.031915192651643665,4,0.5573921534691015,-0.45463559742191384,0.6111111111111112,,,-0.5862068965517242,BULLISH,0.75
2019-07-02,0.027516406773780644,4,0.5514646831006513,-0.4663032705649157,0.6111111111111112,,,-0.5862068965517242,BULLISH,0.75
2019-07-03,0.034788530783470106,4,0.5981528308132256,-0.4839029222387321,0.6111111111111112,,,-0.5862068965517242,BULLISH,0.75
2019-07-05,0.03657341045384871,4,0.6303003183451168,-0.5089108910891089,0.6111111111111112,,,-0.5862068965517242,BULLISH,0.75
2019-07-08,0.029078521696654147,4,0.6159026975612227,-0.5244928253339931,0.6111111111111112,,,-0.5862068965517242,BULLISH,0.75
2019-07-09,0.028226592047170984,4,0.6142138252415621,-0.5262116716122651,0.6111111111111112,,,-0.5862068965517242,BULLISH,0.75
2019-07-10,0.024914524155003615,4,0.6165235310967125,-0.541769649036085,0.6111111111111112,,,-0.5862068965517242,BULLISH,0.75
2019-07-11,0.020427078771604212,4,0.5948475787878995,-0.5380434782608696,0.6111111111111112,,,-0.5862068965517242,BULLISH,0.75
2019-07-12,0.01167998164154549,4,0.5536675638586468,-0.5318518518518518,0.6111111111111112,,,-0.5862068965517242,BULLISH,0.75
2019-07-15,0.008497980807694594,4,0.5303117955420724,-0.521224086870681,0.6111111111111112,,,-0.5862068965517242,BULLISH,0.75
2019-07-16,0.0023321319251219386,4,0.450137189312783,-0.4657128761716822,0.6111111111111112,,,-0.5862068965517242,BULLISH,0.75
2019-07-17,-0.004631623094923265,4,0.40331485519109744,-0.44674556213017746,0.6111111111111112,,,-0.5862068965517242,BULLISH,0.75
2019-07-18,-0.012958421025340727,4,0.3727446050356522,-0.4494825036964021,0.6111111111111112,,,-0.5862068965517242,NEUTRAL,0.5
2019-07-19,-0.013621219267826057,4,0.34770450442842216,-0.42709359605911335,0.6111111111111112,,,-0.5862068965517242,NEUTRAL,0.5
2019-07-22,0.0378204377350988,4,0.5571997914277831,-0.43082225504677485,0.6111111111111112,,,-0.5862068965517242,BULLISH,0.75
2019-07-23,0.02547694798669653,4,0.4967870419543283,-0.41978346456692917,0.6111111111111112,,,-0.5862068965517242,BULLISH,0.75
2019-07-24,0.030577455181201585,4,0.5469875048373329,-0.44958189867191356,0.6111111111111112,,,-0.5862068965517242,BULLISH,0.75
2019-07-25,0.02267267874518958,4,0.520555428641627,-0.4547689282202556,0.6111111111111112,,,-0.5862068965517242,BULLISH,0.75
2019-07-26,0.025536849976864895,4,0.5391596472645346,-0.46191646191646196,0.6111111111111112,,,-0.5862068965517242,BULLISH,0.75
2019-07-29,0.026580171604426106,4,0.5278801260822861,-0.4464636542239686,0.6111111111111112,,,-0.5862068965517242,BULLISH,0.75
2019-07-30,0.03326703102848716,4,0.5283897318422395,-0.4202258222876778,0.6111111111111112,,,-0.5862068965517242,BULLISH,0.75
2019-07-31,0.05540532384783503,4,0.5475512319605107,-0.35083415112855754,0.6111111111111112,,,-0.5862068965517242,BULLISH,0.75
2019-08-01,0.06110724312615007,4,0.5407606578961697,-0.32123589995095636,0.6111111111111112,,,-0.5862068965517242,BULLISH,0.75
2019-08-02,0.06811689265607784,4,0.5652104148884538,-0.3176470588235294,0.6111111111111112,,,-0.5862068965517242,BULLISH,0.75
2019-08-05,0.056166151927598884,4,0.3442973848217581,-0.14453699167074952,0.6111111111111112,,,-0.5862068965517242,BULLISH,0.75
2019-08-06,0.050937743178935624,4,0.3414324584501851,-0.16258570029382957,0.6111111111111112,,,-0.5862068965517242,BULLISH,0.75
2019-08-07,0.0472720846272181,4,0.2743162825397938,-0.11013215859030834,0.6111111111111112,,,-0.5862068965517242,BULLISH,0.75
2019-08-08,0.05538929402512005,4,0.42512654275440065,-0.2284735812133074,0.6111111111111112,,,-0.5862068965517242,BULLISH,0.75
2019-08-09,0.053482093340912196,4,0.34599237396318605,-0.15696821515892423,0.6111111111111112,,,-0.5862068965517242,BULLISH,0.75
2019-08-12,0.04970278299702391,4,0.27654621361639187,-0.1026392961876832,0.6111111111111112,,,-0.5862068965517242,BULLISH,0.75
2019-08-13,0.04766583076456832,4,0.3313673156312751,-0.16560820713238877,0.6111111111111112,,,-0.5862068965517242,BULLISH,0.75
2019-08-14,0.040106665619099924,4,0.16433104166701273,-0.02880859375,0.6111111111111112,,,-0.5862068965517242,BULLISH,0.75
2019-08-15,0.028372909978427452,4,0.13787976308004257,-0.049292337725719726,0.6111111111111112,,,-0.5862068965517242,BULLISH,0.75
2019-08-16,0.039171308149762274,4,0.25958589608844274,-0.1278048780487806,0.6111111111111112,,,-0.5862068965517242,BULLISH,0.75
2019-08-19,0.025821034178696634,4,0.23001327174096753,-0.15163334958556796,0.6111111111111112,,,-0.5862068965517242,BULLISH,0.75
2019-08-20,0.024128988470871804,4,0.1505591077451529,-0.07894736842105265,0.6111111111111112,,,-0.5862068965517242,BULLISH,0.75
2019-08-21,0.02048210641755721,4,0.1583393596739202,-0.10131514856307833,0.6111111111111112,,,-0.5862068965517242,BULLISH,0.75
2019-08-22,0.02796943869505758,4,0.18142339416436815,-0.09444985394352479,0.6111111111111112,,,-0.5862068965517242,BULLISH,0.75
2019-08-23,0.02076482168260335,4,0.021658721806062875,0.03649635036496357,0.6111111111111112,,,-0.5862068965517242,BULLISH,0.75
2019-08-26,0.019181162222843773,4,0.06252082343704646,-0.010700389105058328,0.6111111111111112,,,-0.5862068965517242,BULLISH,0.75
2019-08-27,0.012187007609074041,4,0.056415522245407024,-0.03257170636849782,0.6111111111111112,,,-0.5862068965517242,BULLISH,0.75
2019-08-28,0.004326174359423951,4,-0.013430420911778596,0.005830903790087438,0.6111111111111112,,,-0.5862068965517242,BULLISH,0.75
2019-08-29,-0.003148133006685816,4,-0.022926566887247368,-0.014570179698882857,0.6111111111111112,,,-0.5862068965517242,BULLISH,0.75
2019-08-30,-0.010989323862193479,4,-0.06449257796932595,-0.004368932038834927,0.6111111111111112,,,-0.5862068965517242,NEUTRAL,0.5
2019-09-03,-0.00422212819147616,4,-0.05537836536507812,0.013585638039786518,0.6111111111111112,,,-0.5862068965517242,BULLISH,0.75
2019-09-04,-0.027061610880961207,4,-0.05361622549351308,-0.0795344325897187,0.6111111111111112,,,-0.5862068965517242,NEUTRAL,0.5
2019-09-05,-0.024257094763186715,4,0.031242394269591856,-0.15317498788172568,0.6111111111111112,,,-0.5862068965517242,NEUTRAL,0.5
2019-09-06,-0.023802166670111202,4,-0.024667144805723185,-0.09544573643410859,0.6111111111111112,,,-0.5862068965517242,NEUTRAL,0.5
2019-09-09,-0.010604963588422889,4,0.15737326764866477,-0.2246973365617433,0.6111111111111112,,,-0.5862068965517242,NEUTRAL,0.5
2019-09-10,-0.015761833878847886,4,0.21020914692425352,-0.298160696999032,0.6111111111111112,,,-0.5862068965517242,NEUTRAL,0.5
2019-09-11,-0.03071638341469135,4,0.2107208178195834,-0.35849056603773577,0.6111111111111112,,,-0.5862068965517242,NEUTRAL,0.5
2019-09-12,-0.29809680982567327,4,0.003935098509006529,-0.04497098646034825,-0.3513513513513513,,,-0.8,NEUTRAL,0.5
2019-09-13,-0.32491929474468184,4,-0.11545970872935762,-0.03286611889801838,-0.3513513513513513,,,-0.8,BEARISH,0.25
2019-09-16,-0.3174747167897388,4,-0.1427021051795846,0.024154589371980784,-0.3513513513513513,,,-0.8,NEUTRAL,0.5
2019-09-17,-0.31144532105732164,4,-0.14271578512322725,0.04828585224529203,-0.3513513513513513,,,-0.8,NEUTRAL,0.5
2019-09-18,-0.30504506706590007,4,-0.14749687058020255,0.07866795366795376,-0.3513513513513513,,,-0.8,NEUTRAL,0.5
2019-09-19,-0.3148641958705557,4,-0.11051739546902861,0.002411963338157186,-0.3513513513513513,,,-0.8,NEUTRAL,0.5
2019-09-20,-0.3167432438385877,4,-0.10935354300010669,-0.006268081002892778,-0.3513513513513513,,,-0.8,NEUTRAL,0.5
2019-09-23,-0.331571146667967,4,-0.11902962086268531,-0.05590361445783132,-0.3513513513513513,,,-0.8,BEARISH,0.25
2019-09-24,-0.36287756405495436,4,-0.3059392516892754,0.005780346820809301,-0.3513513513513513,,,-0.8,BEARISH,0.25
2019-09-25,-0.3587937141646235,4,-0.2380844586051687,-0.04573904670197404,-0.3513513513513513,,,-0.8,BEARISH,0.25
2019-09-26,-0.3620598285387789,4,-0.2458773757007804,-0.051010587102983784,-0.3513513513513513,,,-0.8,BEARISH,0.25
2019-09-27,-0.36931707936838437,4,-0.2609819011871213,-0.06493506493506485,-0.3513513513513513,,,-0.8,BEARISH,0.25
2019-09-30,-0.3687383552908686,4,-0.17408283904289235,-0.1495192307692308,-0.3513513513513513,,,-0.8,BEARISH,0.25
2019-10-01,-0.3676939521705758,4,-0.2790592482968337,-0.04036520903411822,-0.3513513513513513,,,-0.8,BEARISH,0.25
2019-10-02,-0.37538380919900766,4,-0.3766007922650443,0.026416906820365016,-0.3513513513513513,,,-0.8,BEARISH,0.25
2019-10-03,-0.33920923199361736,4,-0.1589181258309913,-0.04656745079212676,-0.3513513513513513,,,-0.8,BEARISH,0.25
2019-10-04,-0.3241277478788958,4,0.015109073847284549,-0.16026871401151643,-0.3513513513513513,,,-0.8,BEARISH,0.25
2019-10-07,-0.3295210654319344,4,-0.042512286875187044,-0.12422062350119911,-0.3513513513513513,,,-0.8,BEARISH,0.25
2019-10-08,-0.31021664173528235,4,-0.02959191741144629,-0.05992329817833175,-0.3513513513513513,,,-0.8,NEUTRAL,0.5
2019-10-09,-0.29560834756138354,4,0.07241580490073818,-0.103497843794921,-0.3513513513513513,,,-0.8,NEUTRAL,0.5
2019-10-10,-0.2858168453717017,4,0.2039651959181843,-0.19588122605363978,-0.3513513513513513,,,-0.8,NEUTRAL,0.5
2019-10-11,-0.287025413455358,4,0.31057377603638203,-0.3073240785064626,-0.3513513513513513,,,-0.8,NEUTRAL,0.5
2019-10-14,-0.2866624179002334,4,0.2774289524776905,-0.2727272727272727,-0.3513513513513513,,,-0.8,NEUTRAL,0.5
2019-10-15,-0.30080071628538757,4,0.2126152485244832,-0.26446676231468214,-0.3513513513513513,,,-0.8,NEUTRAL,0.5
2019-10-16,-0.3076112321706474,4,0.15178596377774856,-0.23087954110898679,-0.3513513513513513,,,-0.8,NEUTRAL,0.5
2019-10-17,-0.32952229828705837,4,-0.015280603383122093,-0.15145723841376002,-0.3513513513513513,,,-0.8,BEARISH,0.25
2019-10-18,-0.311976864930974,4,0.006595754091638817,-0.1031518624641834,-0.3513513513513513,,,-0.8,NEUTRAL,0.5
2019-10-21,-0.3069906544429352,4,0.08186128727889441,-0.15847255369928392,-0.3513513513513513,,,-0.8,NEUTRAL,0.5
2019-10-22,-0.30375878392604994,4,-0.0021379828261308687,-0.061545801526717625,-0.3513513513513513,,,-0.8,NEUTRAL,0.5
2019-10-23,-0.3173011251724785,4,-0.05395233865663607,-0.06390081068192655,-0.3513513513513513,,,-0.8,NEUTRAL,0.5
2019-10-24,-0.31186334587244874,4,-0.020792213263324477,-0.07530981887511912,-0.3513513513513513,,,-0.8,NEUTRAL,0.5
2019-10-25,-0.2987140340248988,4,0.024622895099302378,-0.06812767984754631,-0.3513513513513513,,,-0.8,NEUTRAL,0.5
2019-10-28,-0.3094608212008124,4,0.023984257024292077,-0.1104761904761904,-0.3513513513513513,,,-0.8,NEUTRAL,0.5
2019-10-29,-0.29213524077379605,4,0.10656098321095064,-0.12375059495478347,-0.3513513513513513,,,-0.8,NEUTRAL,0.5
2019-10-30,-0.30458878389887045,4,0.06192104924778197,-0.12892483349191242,-0.3513513513513513,,,-0.8,NEUTRAL,0.5
2019-10-31,-0.3340583603452094,4,-0.08787781042891574,-0.09700427960057056,-0.3513513513513513,,,-0.8,BEARISH,0.25
2019-11-01,-0.3290494146320991,4,-0.01703261896411723,-0.14781368821292773,-0.3513513513513513,,,-0.8,BEARISH,0.25
2019-11-04,-0.313869306614684,4,0.08827317477385055,-0.19239904988123513,-0.3513513513513513,,,-0.8,NEUTRAL,0.5
2019-11-05,-0.322721729914212,4,0.07888798345138848,-0.2184235517568851,-0.3513513513513513,,,-0.8,BEARISH,0.25
2019-11-06,-0.33609794889824857,4,0.02812709254051171,-0.22116753678215462,-0.3513513513513513,,,-0.8,BEARISH,0.25
2019-11-07,-0.33026434206931243,4,0.07555015005702392,-0.2452561669829223,-0.3513513513513513,,,-0.8,BEARISH,0.25
2019-11-08,-0.3304477171616322,4,0.11168471219747333,-0.2821242294926507,-0.3513513513513513,,,-0.8,BEARISH,0.25
2019-11-11,-0.3167318004702033,4,0.1607274670060832,-0.27630331753554493,-0.3513513513513513,,,-0.8,NEUTRAL,0.5
2019-11-12,-0.32415243370837926,4,0.1455990300659158,-0.2908574135480815,-0.3513513513513513,,,-0.8,BEARISH,0.25
2019-11-13,-0.31216254791150455,4,0.1616973718265453,-0.25899621212121215,-0.3513513513513513,,,-0.8,NEUTRAL,0.5
2019-11-14,-0.32078682186846946,4,0.1180857486858029,-0.2498816848083294,-0.3513513513513513,,,-0.8,NEUTRAL,0.5
2019-11-15,-0.3200691371735535,4,0.1468553135369859,-0.27578051087984856,-0.3513513513513513,,,-0.8,NEUTRAL,0.5
2019-11-18,-0.353729203035304,4,-0.008246311853694399,-0.25531914893617014,-0.3513513513513513,,,-0.8,BEARISH,0.25
2019-11-19,-0.3547338876024825,4,-0.003879095088824114,-0.26370510396975444,-0.3513513513513513,,,-0.8,BEARISH,0.25
2019-11-20,-0.34569775336777286,4,0.029779043595895116,-0.2612187057156352,-0.3513513513513513,,,-0.8,BEARISH,0.25
2019-11-21,-0.32820793127977244,4,0.09914285569401815,-0.26062322946175653,-0.3513513513513513,,,-0.8,BEARISH,0.25
2019-11-22,-0.3304489954316881,4,0.10232554423526441,-0.27277017461066544,-0.3513513513513513,,,-0.8,BEARISH,0.25
2019-11-25,-0.3331188335628441,4,0.11038545106223907,-0.29150943396226414,-0.3513513513513513,,,-0.8,BEARISH,0.25
2019-11-26,-0.3235959150175902,4,0.1431534527142766,-0.2861857614332861,-0.3513513513513513,,,-0.8,BEARISH,0.25
2019-11-27,-0.31137338605829507,4,0.2008625196535152,-0.2950047125353441,-0.3513513513513513,,,-0.8,NEUTRAL,0.5
2019-11-29,-0.323017995153061,4,0.10798403395154255,-0.24870466321243523,-0.3513513513513513,,,-0.8,BEARISH,0.25
2019-12-02,-0.32125105091251815,4,0.044784059189037606,-0.17843691148775886,-0.3513513513513513,,,-0.8,NEUTRAL,0.5
2019-12-03,-0.3266254357091576,4,-0.06009156795586745,-0.09505882352941164,-0.3513513513513513,,,-0.8,BEARISH,0.25
2019-12-04,-0.33370820012363495,4,-0.10822274735579418,-0.07525870178739424,-0.3513513513513513,,,-0.8,BEARISH,0.25
2019-12-05,-0.321531460773527,4,-0.028991699077030253,-0.10578279266572643,-0.3513513513513513,,,-0.8,BEARISH,0.25
2019-12-06,-0.29237636963888236,4,0.09932707580334088,-0.11748120300751896,-0.3513513513513513,,,-0.8,NEUTRAL,0.5
2019-12-09,-0.2759399145046135,4,0.2166851644460961,-0.16909347111319883,-0.3513513513513513,,,-0.8,NEUTRAL,0.5
2019-12-10,-0.28316625345141117,4,0.2426299995175376,-0.2239436619718309,-0.3513513513513513,,,-0.8,NEUTRAL,0.5
2019-12-11,-0.28229471058740274,4,0.2901218285700182,-0.26794931956827783,-0.3513513513513513,,,-0.8,NEUTRAL,0.5
2019-12-12,-0.2942347842739025,4,0.25724523489364004,-0.2828330206378986,-0.3513513513513513,,,-0.8,NEUTRAL,0.5
2019-12-13,-0.22558246678530774,4,0.05950839759187798,-0.00937646507266754,-0.21052631578947367,,,-0.7419354838709677,NEUTRAL,0.5
2019-12-16,-0.2172442089841195,4,0.05068271442686867,0.03280224929709474,-0.21052631578947367,,,-0.7419354838709677,NEUTRAL,0.5
2019-12-17,-0.19389670535279446,4,0.04619582134059863,0.13067915690866494,-0.21052631578947367,,,-0.7419354838709677,NEUTRAL,0.5
2019-12-18,-0.2005427290260367,4,0.06836204460498374,0.08192883895131087,-0.21052631578947367,,,-0.7419354838709677,NEUTRAL,0.5
2019-12-19,-0.20920441700889503,4,0.021119096528932513,0.0945250350959288,-0.21052631578947367,,,-0.7419354838709677,NEUTRAL,0.5
2019-12-20,-0.20908952577966466,4,0.054363752669004395,0.06173994387277837,-0.21052631578947367,,,-0.7419354838709677,NEUTRAL,0.5
2019-12-23,-0.18369151124877137,4,0.16393231380514095,0.053763440860215006,-0.21052631578947367,,,-0.7419354838709677,NEUTRAL,0.5
2019-12-24,-0.17535665620122076,4,0.17486695055649282,0.07616822429906556,-0.21052631578947367,,,-0.7419354838709677,NEUTRAL,0.5
2019-12-26,-0.18540056096076535,4,0.14546955114666527,0.06539000467071476,-0.21052631578947367,,,-0.7419354838709677,NEUTRAL,0.5
2019-12-27,-0.18737559888764743,4,0.12872971223310103,0.07422969187675066,-0.21052631578947367,,,-0.7419354838709677,NEUTRAL,0.5
2019-12-30,-0.17790052184953342,4,0.08826988491746413,0.1525898273448436,-0.21052631578947367,,,-0.7419354838709677,NEUTRAL,0.5
2019-12-31,-0.19121454644356367,4,0.07146555418469425,0.11613805970149249,-0.21052631578947367,,,-0.7419354838709677,NEUTRAL,0.5
2020-01-02,-0.20554616819678484,4,0.09997409657027179,0.030303030303030276,-0.21052631578947367,,,-0.7419354838709677,NEUTRAL,0.5
2020-01-03,-0.20810980768312592,4,0.07156031356913051,0.048462255358807216,-0.21052631578947367,,,-0.7419354838709677,NEUTRAL,0.5
2020-01-06,-0.2407504670212826,4,-0.03569144243493594,0.02515137401024692,-0.21052631578947367,,,-0.7419354838709677,NEUTRAL,0.5
2020-01-07,-0.2499462697283364,4,-0.06408305578921691,0.016759776536312776,-0.21052631578947367,,,-0.7419354838709677,NEUTRAL,0.5
2020-01-08,-0.2505472483352661,4,-0.06834050219621157,0.018613308515588622,-0.21052631578947367,,,-0.7419354838709677,NEUTRAL,0.5
2020-01-09,-0.2422625397487023,4,-0.012402312822739847,-0.0041860465116279055,-0.21052631578947367,,,-0.7419354838709677,NEUTRAL,0.5
2020-01-10,-0.23600959937808275,4,0.020510803356850626,-0.01208740120874019,-0.21052631578947367,,,-0.7419354838709677,NEUTRAL,0.5
2020-01-13,-0.23711219550838863,4,0.028176586400121106,-0.024163568773234223,-0.21052631578947367,,,-0.7419354838709677,NEUTRAL,0.5
2020-01-14,-0.23575982338483809,4,0.06237187908904063,-0.05294937296795155,-0.21052631578947367,,,-0.7419354838709677,NEUTRAL,0.5
2020-01-15,-0.26445637799915755,4,-0.06358098253117483,-0.04178272980501396,-0.21052631578947367,,,-0.7419354838709677,NEUTRAL,0.5
2020-01-16,-0.2630855833628014,4,-0.001504663721158539,-0.09837587006960558,-0.21052631578947367,,,-0.7419354838709677,NEUTRAL,0.5
2020-01-17,-0.289057840806437,4,-0.12816659510519535,-0.07560296846011116,-0.21052631578947367,,,-0.7419354838709677,NEUTRAL,0.5
2020-01-21,-0.2912603426586103,4,-0.12959394278670255,-0.08298562818729716,-0.21052631578947367,,,-0.7419354838709677,NEUTRAL,0.5
2020-01-22,-0.2904159195852343,4,-0.1735206923968996,-0.035681186283595956,-0.21052631578947367,,,-0.7419354838709677,NEUTRAL,0.5
2020-01-23,-0.2904145308066436,4,-0.14852008456659616,-0.06067623899953678,-0.21052631578947367,,,-0.7419354838709677,NEUTRAL,0.5
2020-01-24,-0.28548651858908136,4,-0.2172620524736617,0.02777777777777768,-0.21052631578947367,,,-0.7419354838709677,NEUTRAL,0.5
2020-01-27,-0.2879959259639069,4,-0.36009571261721307,0.16057380842202695,-0.21052631578947367,,,-0.7419354838709677,NEUTRAL,0.5
2020-01-28,-0.29020856567495135,4,-0.2879284297368663,0.07955596669750231,-0.21052631578947367,,,-0.7419354838709677,NEUTRAL,0.5
2020-01-29,-0.2898718670313795,4,-0.3128971432685903,0.10587147480351367,-0.21052631578947367,,,-0.7419354838709677,NEUTRAL,0.5
2020-01-30,-0.30939647434774925,4,-0.3807802899671544,0.09565619223659882,-0.21052631578947367,,,-0.7419354838709677,NEUTRAL,0.5
2020-01-31,-0.29540727923771576,4,-0.4139248230640937,0.18475750577367211,-0.21052631578947367,,,-0.7419354838709677,NEUTRAL,0.5
2020-02-03,-0.2990606456087215,4,-0.35781587049374275,0.11403508771929816,-0.21052631578947367,,,-0.7419354838709677,NEUTRAL,0.5
2020-02-04,-0.30884673936883555,4,-0.31107467327406113,0.028149515459160224,-0.21052631578947367,,,-0.7419354838709677,NEUTRAL,0.5
2020-02-05,-0.3110338119739853,4,-0.2510830423314404,-0.04059040590405916,-0.21052631578947367,,,-0.7419354838709677,NEUTRAL,0.5
2020-02-06,-0.30950690621576615,4,-0.2491435107720099,-0.03642231443061328,-0.21052631578947367,,,-0.7419354838709677,NEUTRAL,0.5
2020-02-07,-0.293245923708796,4,-0.1818122177553877,-0.03870967741935494,-0.21052631578947367,,,-0.7419354838709677,NEUTRAL,0.5
2020-02-10,-0.3023489818710713,4,-0.19060524712370563,-0.0663288807001381,-0.21052631578947367,,,-0.7419354838709677,NEUTRAL,0.5
2020-02-11,-0.30365718384187235,4,-0.17791279206063915,-0.08425414364640882,-0.21052631578947367,,,-0.7419354838709677,NEUTRAL,0.5
2020-02-12,-0.30030440234337713,4,-0.11115801864081676,-0.13759779107225034,-0.21052631578947367,,,-0.7419354838709677,NEUTRAL,0.5
2020-02-13,-0.2991683562468006,4,-0.14807547077294314,-0.09613615455381797,-0.21052631578947367,,,-0.7419354838709677,NEUTRAL,0.5
2020-02-14,-0.30083499493154786,4,-0.1409931225944855,-0.10988505747126442,-0.21052631578947367,,,-0.7419354838709677,NEUTRAL,0.5
2020-02-18,-0.2957489952703377,4,-0.12345697553855672,-0.10707720588235281,-0.21052631578947367,,,-0.7419354838709677,NEUTRAL,0.5
2020-02-19,-0.3034303763956258,4,-0.15515038116321933,-0.1061093247588425,-0.21052631578947367,,,-0.7419354838709677,NEUTRAL,0.5
2020-02-20,-0.29975887198498835,4,-0.13041207211789585,-0.11616161616161613,-0.21052631578947367,,,-0.7419354838709677,NEUTRAL,0.5
2020-02-21,-0.310789973673704,4,-0.26224467603483326,-0.028453418999541125,-0.21052631578947367,,,-0.7419354838709677,NEUTRAL,0.5
2020-02-24,-0.29960108656258666,4,-0.41658474842476756,0.17064220183486234,-0.21052631578947367,,,-0.7419354838709677,NEUTRAL,0.5
2020-02-25,-0.29562197441818855,4,-0.5317225675217121,0.3016964695093993,-0.21052631578947367,,,-0.7419354838709677,NEUTRAL,0.5
2020-02-26,-0.3249227392734033,4,-0.567210825627489,0.2199816681943172,-0.21052631578947367,,,-0.7419354838709677,BEARISH,0.25
2020-02-27,-0.298156658734472,4,-0.5567017111363564,0.31653687585890977,-0.21052631578947367,,,-0.7419354838709677,NEUTRAL,0.5
2020-02-28,-0.28674657000889486,4,-0.5997442605949181,0.4052197802197801,-0.21052631578947367,,,-0.7419354838709677,NEUTRAL,0.5
2020-03-02,-0.30381668274017143,4,-0.5689834210027616,0.30617848970251726,-0.21052631578947367,,,-0.7419354838709677,NEUTRAL,0.5
2020-03-03,-0.2896375885496428,4,-0.6557683349589898,0.4496797804208601,-0.21052631578947367,,,-0.7419354838709677,NEUTRAL,0.5
2020-03-04,-0.302498051466208,4,-0.5876630079419306,0.3301326017375401,-0.21052631578947367,,,-0.7419354838709677,NEUTRAL,0.5
2020-03-05,-0.2621325592639713,4,-0.5951543606129941,0.4990859232175504,-0.21052631578947367,,,-0.7419354838709677,NEUTRAL,0.5
2020-03-06,-0.24887552346348207,4,-0.5825560548147752,0.5395157606212884,-0.21052631578947367,,,-0.7419354838709677,NEUTRAL,0.5
2020-03-09,-0.2352427342215957,4,-0.6058607353994574,0.617351598173516,-0.21052631578947367,,,-0.7419354838709677,NEUTRAL,0.5
2020-03-10,-0.2647688934508454,4,-0.5707853852794075,0.4641716111364673,-0.21052631578947367,,,-0.7419354838709677,NEUTRAL,0.5
2020-03-11,-0.2171899093234165,4,-0.5978671806989181,0.6815693430656935,-0.21052631578947367,,,-0.7419354838709677,NEUTRAL,0.5
2020-03-12,-0.1780407952827162,4,-0.6083105925967345,0.848609211126311,-0.21052631578947367,,,-0.7419354838709677,NEUTRAL,0.5
2020-03-13,-0.19615278115127335,4,-0.543125020311332,0.5405651777575207,-0.28205128205128205,,,-0.5,NEUTRAL,0.5
2020-03-16,-0.1489056868774841,4,-0.5939814882376977,0.7804100227790434,-0.28205128205128205,,,-0.5,NEUTRAL,0.5
2020-03-17,-0.19217847023661294,4,-0.5941307227567362,0.6074681238615665,-0.28205128205128205,,,-0.5,NEUTRAL,0.5
2020-03-18,-0.20320694218386462,4,-0.6147546387096656,0.5839781520254892,-0.28205128205128205,,,-0.5,NEUTRAL,0.5
2020-03-19,-0.16207330672289827,4,-0.5618743379249335,0.6956323930846224,-0.28205128205128205,,,-0.5,NEUTRAL,0.5
2020-03-20,-0.18645319741722108,4,-0.6272449091637597,0.6634834015461575,-0.28205128205128205,,,-0.5,NEUTRAL,0.5
2020-03-23,-0.16531806898472293,4,-0.615584630251246,0.7363636363636363,-0.28205128205128205,,,-0.5,NEUTRAL,0.5
2020-03-24,-0.23100480826507036,4,-0.6876290141621116,0.5456610631531122,-0.28205128205128205,,,-0.5,NEUTRAL,0.5
2020-03-25,-0.23447882584926463,4,-0.8043653837435967,0.6485013623978202,-0.28205128205128205,,,-0.5,NEUTRAL,0.5
2020-03-26,-0.265078164243178,4,-0.6414025460517065,0.3631411711302768,-0.28205128205128205,,,-0.5,NEUTRAL,0.5
2020-03-27,-0.27571684287896936,4,-0.7368777954537061,0.41606170598911074,-0.28205128205128205,,,-0.5,NEUTRAL,0.5
2020-03-30,-0.29399021943064296,4,-0.7676057407960064,0.3736961451247165,-0.28205128205128205,,,-0.5,NEUTRAL,0.5
2020-03-31,-0.2708489652605409,4,-0.8140372353825407,0.5126926563916592,-0.28205128205128205,,,-0.5,NEUTRAL,0.5
2020-04-01,-0.28406321619823427,4,-0.8431005406030052,0.4888989578613503,-0.28205128205128205,,,-0.5,NEUTRAL,0.5
2020-04-02,-0.28331433767835346,4,-0.7678727353287986,0.41666666666666674,-0.28205128205128205,,,-0.5,NEUTRAL,0.5
2020-04-03,-0.2920739426234751,4,-0.8321476120279512,0.4459031235853328,-0.28205128205128205,,,-0.5,NEUTRAL,0.5
2020-04-06,-0.31249176583984983,4,-0.7611284509913749,0.29321266968325777,-0.28205128205128205,,,-0.5,NEUTRAL,0.5
2020-04-07,-0.3161803978082276,4,-0.8205264828586976,0.3378561736770691,-0.28205128205128205,,,-0.5,NEUTRAL,0.5
2020-04-08,-0.30380116990458517,4,-0.6840575566990661,0.25090415913200736,-0.28205128205128205,,,-0.5,NEUTRAL,0.5
2020-04-09,-0.32502986068337014,4,-0.6816470129189812,0.1635788522367827,-0.28205128205128205,,,-0.5,BEARISH,0.25
2020-04-13,-0.3313628973241569,4,-0.7276821500637738,0.1842818428184283,-0.28205128205128205,,,-0.5,BEARISH,0.25
2020-04-14,-0.31498736153368767,4,-0.5632254778532204,0.08532731376975167,-0.28205128205128205,,,-0.5,NEUTRAL,0.5
2020-04-15,-0.33061815359332114,4,-0.706486314271461,0.1660649819494584,-0.28205128205128205,,,-0.5,BEARISH,0.25
2020-04-16,-0.31812755575003493,4,-0.611794078522155,0.12133513757329717,-0.28205128205128205,,,-0.5,NEUTRAL,0.5
2020-04-17,-0.31153161892814485,4,-0.4983402973583215,0.03426510369702429,-0.28205128205128205,,,-0.5,NEUTRAL,0.5
2020-04-20,-0.3251182000677948,4,-0.6130587421946605,0.09463722397476348,-0.28205128205128205,,,-0.5,BEARISH,0.25
2020-04-21,-0.31678605097430845,4,-0.7927505795036092,0.3076576576576575,-0.28205128205128205,,,-0.5,NEUTRAL,0.5
2020-04-22,-0.32406700845269165,4,-0.7519475036730371,0.23773075191355253,-0.28205128205128205,,,-0.5,BEARISH,0.25
2020-04-23,-0.3099283972510673,4,-0.7200385445767495,0.2623762376237624,-0.28205128205128205,,,-0.5,NEUTRAL,0.5
2020-04-24,-0.3177515947398356,4,-0.6711413317258741,0.18218623481781382,-0.28205128205128205,,,-0.5,NEUTRAL,0.5
2020-04-27,-0.29901546586287,4,-0.5623918763642266,0.14838129496402885,-0.28205128205128205,,,-0.5,NEUTRAL,0.5
2020-04-28,-0.3014927388938916,4,-0.5848185499287786,0.1608988764044943,-0.28205128205128205,,,-0.5,NEUTRAL,0.5
2020-04-29,-0.2976716907262481,4,-0.505670521284977,0.09703504043126676,-0.28205128205128205,,,-0.5,NEUTRAL,0.5
2020-04-30,-0.30494497279386323,4,-0.6236289234483738,0.18590031432420284,-0.28205128205128205,,,-0.5,NEUTRAL,0.5
2020-05-01,-0.29971988645282543,4,-0.6960024109772547,0.2791741472172351,-0.28205128205128205,,,-0.5,NEUTRAL,0.5
2020-05-04,-0.2946468830190966,4,-0.677379677571089,0.2808434275459848,-0.28205128205128205,,,-0.5,NEUTRAL,0.5
2020-05-05,-0.2965174944480944,4,-0.662314659866656,0.25829596412556066,-0.28205128205128205,,,-0.5,NEUTRAL,0.5
2020-05-06,-0.27775055943686716,4,-0.6001297992640934,0.2711788435679068,-0.28205128205128205,,,-0.5,NEUTRAL,0.5
2020-05-07,-0.2841560986722277,4,-0.5687308187308187,0.21415770609318985,-0.28205128205128205,,,-0.5,NEUTRAL,0.5
2020-05-08,-0.2719281081929068,4,-0.4323964843522303,0.12673533363188527,-0.28205128205128205,,,-0.5,NEUTRAL,0.5
2020-05-11,-0.26489145656915913,4,-0.4104599336613439,0.13294538943598933,-0.28205128205128205,,,-0.5,NEUTRAL,0.5
2020-05-12,-0.25422747999841977,4,-0.47244253055984653,0.2375838926174496,-0.28205128205128205,,,-0.5,NEUTRAL,0.5
2020-05-13,-0.2480300866442328,4,-0.49808337579577433,0.2880143112701252,-0.28205128205128205,,,-0.5,NEUTRAL,0.5
2020-05-14,-0.26348757389829414,4,-0.4600974936491813,0.18819848010728668,-0.28205128205128205,,,-0.5,NEUTRAL,0.5
2020-05-15,-0.2566069970124557,4,-0.4315974387956809,0.18722073279714024,-0.28205128205128205,,,-0.5,NEUTRAL,0.5
2020-05-18,-0.2457666285406173,4,-0.3649276930312406,0.16391246092005352,-0.28205128205128205,,,-0.5,NEUTRAL,0.5
2020-05-19,-0.24448530212849387,4,-0.42847921217697915,0.23258928571428572,-0.28205128205128205,,,-0.5,NEUTRAL,0.5
2020-05-20,-0.27684269201380696,4,-0.5140745060842671,0.1887550200803214,-0.28205128205128205,,,-0.5,NEUTRAL,0.5
2020-05-21,-0.26753320117988494,4,-0.5316140828823522,0.24353256021409453,-0.28205128205128205,,,-0.5,NEUTRAL,0.5
2020-05-22,-0.2578402710882139,4,-0.4610797532601111,0.21176995095853757,-0.28205128205128205,,,-0.5,NEUTRAL,0.5
2020-05-26,-0.24324388143100723,4,-0.3901221046353137,0.19919786096256686,-0.28205128205128205,,,-0.5,NEUTRAL,0.5
2020-05-27,-0.22446917282063988,4,-0.2695002421934155,0.15367483296213802,-0.28205128205128205,,,-0.5,NEUTRAL,0.5
2020-05-28,-0.2229798139970299,4,-0.2265197994043353,0.11665182546749775,-0.28205128205128205,,,-0.5,NEUTRAL,0.5
2020-05-29,-0.21462433429718306,4,-0.17568949082948393,0.09924343569203375,-0.28205128205128205,,,-0.5,NEUTRAL,0.5
2020-06-01,-0.21269283584272994,4,-0.24265244566127464,0.17393238434163694,-0.28205128205128205,,,-0.5,NEUTRAL,0.5
2020-06-02,-0.2246180293727245,4,-0.2649312845280998,0.14851044908848388,-0.28205128205128205,,,-0.5,NEUTRAL,0.5
2020-06-03,-0.24986679812888038,4,-0.34674924379757277,0.1293333333333333,-0.28205128205128205,,,-0.5,NEUTRAL,0.5
2020-06-04,-0.24737205182331956,4,-0.4029056058284023,0.1954686805864061,-0.28205128205128205,,,-0.5,NEUTRAL,0.5
2020-06-05,-0.2552047610391054,4,-0.3098157194763651,0.07104795737122549,-0.28205128205128205,,,-0.5,NEUTRAL,0.5
2020-06-08,-0.2530862681772369,4,-0.20366263220227276,-0.026631158455392878,-0.28205128205128205,,,-0.5,NEUTRAL,0.5
2020-06-09,-0.2504844227436197,4,-0.2766743414875268,0.056787932564330124,-0.28205128205128205,,,-0.5,NEUTRAL,0.5
2020-06-10,-0.2513013639636681,4,-0.28435151304951,0.061197339246119586,-0.28205128205128205,,,-0.5,NEUTRAL,0.5
2020-06-11,-0.2617683787168428,4,-0.5832846441636067,0.31826241134751765,-0.28205128205128205,,,-0.5,NEUTRAL,0.5
2020-06-12,-0.26912776293865026,4,-0.5718190962429732,0.27735932653965434,-0.28205128205128205,,,-0.5,NEUTRAL,0.5
2020-06-15,-0.2527179671621044,4,-0.37939631733229917,0.15057573073516384,-0.28205128205128205,,,-0.5,NEUTRAL,0.5
2020-06-16,-0.24899490065766963,4,-0.2347339868033893,0.020805666223992825,-0.28205128205128205,,,-0.5,NEUTRAL,0.5
2020-06-17,-0.12441346308867554,4,-0.49269273677411773,0.2707964601769912,0.30000000000000004,,,-0.5757575757575757,NEUTRAL,0.5
2020-06-18,-0.12413957948441348,4,-0.3291598753070132,0.1083591331269349,0.30000000000000004,,,-0.5757575757575757,NEUTRAL,0.5
2020-06-19,-0.15612309358573512,4,-0.3907330302387688,0.041998231653403995,0.30000000000000004,,,-0.5757575757575757,NEUTRAL,0.5
2020-06-22,-0.15948637464528634,4,-0.3277204018337333,-0.03446752098983641,0.30000000000000004,,,-0.5757575757575757,NEUTRAL,0.5
2020-06-23,-0.16104809410198193,4,-0.3255902776821541,-0.04284452296819796,0.30000000000000004,,,-0.5757575757575757,NEUTRAL,0.5
2020-06-24,-0.15162964113534277,4,-0.37137909032904926,0.040618101545253804,0.30000000000000004,,,-0.5757575757575757,NEUTRAL,0.5
2020-06-25,-0.15266335181168675,4,-0.3679938014803451,0.03309796999117376,0.30000000000000004,,,-0.5757575757575757,NEUTRAL,0.5
2020-06-26,-0.15156037008431347,4,-0.3926806403538291,0.06219673577415086,0.30000000000000004,,,-0.5757575757575757,NEUTRAL,0.5
2020-06-29,-0.1538857661874854,4,-0.3446355771757874,0.004850088183421475,0.30000000000000004,,,-0.5757575757575757,NEUTRAL,0.5
2020-06-30,-0.1651958733098814,4,-0.33390207437926156,-0.05112384310268836,0.30000000000000004,,,-0.5757575757575757,NEUTRAL,0.5
2020-07-01,-0.1674668665237433,4,-0.31833896522726535,-0.07577092511013217,0.30000000000000004,,,-0.5757575757575757,NEUTRAL,0.5
2020-07-02,-0.17065196121694987,4,-0.2826758965871061,-0.1241743725231177,0.30000000000000004,,,-0.5757575757575757,NEUTRAL,0.5
2020-07-06,-0.17810588522523674,4,-0.24212371162224455,-0.19454225352112675,0.30000000000000004,,,-0.5757575757575757,NEUTRAL,0.5
2020-07-07,-0.17433727764598128,4,-0.2583711212759756,-0.16322041355037387,0.30000000000000004,,,-0.5757575757575757,NEUTRAL,0.5
2020-07-08,-0.1679785428790669,4,-0.1951891375352971,-0.2009674582233949,0.30000000000000004,,,-0.5757575757575757,NEUTRAL,0.5
2020-07-09,-0.1779662517115697,4,-0.15742611240738458,-0.2786813186813186,0.30000000000000004,,,-0.5757575757575757,NEUTRAL,0.5
2020-07-10,-0.17729068720363547,4,-0.16670921523622806,-0.2666959578207382,0.30000000000000004,,,-0.5757575757575757,NEUTRAL,0.5
2020-07-13,-0.18937741020216006,4,-0.24855048402339663,-0.23320158102766797,0.30000000000000004,,,-0.5757575757575757,NEUTRAL,0.5
2020-07-14,-0.18247604206760484,4,-0.1995372861037129,-0.2546093064091308,0.30000000000000004,,,-0.5757575757575757,NEUTRAL,0.5
2020-07-15,-0.1712627473109318,4,-0.2153487008929088,-0.19394471259324275,0.30000000000000004,,,-0.5757575757575757,NEUTRAL,0.5
2020-07-16,-0.1561930767731599,4,-0.24682174887892372,-0.10219298245614028,0.30000000000000004,,,-0.5757575757575757,NEUTRAL,0.5
2020-07-17,-0.17420273309009987,4,-0.4162309103073394,-0.0048224462954844505,0.30000000000000004,,,-0.5757575757575757,NEUTRAL,0.5
2020-07-20,-0.1587314892754217,4,-0.2978186880925773,-0.06134969325153383,0.30000000000000004,,,-0.5757575757575757,NEUTRAL,0.5
2020-07-21,-0.15743252927382242,4,-0.23745918172317182,-0.11651335961454223,0.30000000000000004,,,-0.5757575757575757,NEUTRAL,0.5
2020-07-22,-0.15192786312381207,4,-0.19929188024029965,-0.13266199649737298,0.30000000000000004,,,-0.5757575757575757,NEUTRAL,0.5
2020-07-23,-0.1543214575120396,4,-0.24481053000174235,-0.0967177242888404,0.30000000000000004,,,-0.5757575757575757,NEUTRAL,0.5
2020-07-24,-0.16115395838530902,4,-0.2826815298746491,-0.08617672790901132,0.30000000000000004,,,-0.5757575757575757,NEUTRAL,0.5
2020-07-27,-0.16029915500637185,4,-0.31471757509432174,-0.050721469173589995,0.30000000000000004,,,-0.5757575757575757,NEUTRAL,0.5
2020-07-28,-0.1600937084737865,4,-0.31129557981589207,-0.053321678321678334,0.30000000000000004,,,-0.5757575757575757,NEUTRAL,0.5
2020-07-29,-0.1532564914731571,4,-0.24508839887249245,-0.09217999126256027,0.30000000000000004,,,-0.5757575757575757,NEUTRAL,0.5
2020-07-30,-0.1354291808861902,4,-0.22403775040727247,-0.04192139737991263,0.30000000000000004,,,-0.5757575757575757,NEUTRAL,0.5
2020-07-31,-0.12826355696078584,4,-0.17225955038325425,-0.06503710170231347,0.30000000000000004,,,-0.5757575757575757,NEUTRAL,0.5
2020-08-03,-0.12674289397969835,4,-0.09988764763067692,-0.1313263525305408,0.30000000000000004,,,-0.5757575757575757,NEUTRAL,0.5
2020-08-04,-0.09132080004065207,4,0.04436011480124735,-0.13388573920628,0.30000000000000004,,,-0.5757575757575757,NEUTRAL,0.5
2020-08-05,-0.09410627573335786,4,-0.02917668149146191,-0.0714908456843939,0.30000000000000004,,,-0.5757575757575757,NEUTRAL,0.5
2020-08-06,-0.08209929303554303,4,-0.009066611635140998,-0.04357298474945548,0.30000000000000004,,,-0.5757575757575757,NEUTRAL,0.5
2020-08-07,-0.08860466874561113,4,-0.04076911316215104,-0.03789198606271782,0.30000000000000004,,,-0.5757575757575757,NEUTRAL,0.5
2020-08-10,-0.08038679712837987,4,-0.03969470635629202,-0.006094906399651823,0.30000000000000004,,,-0.5757575757575757,NEUTRAL,0.5
2020-08-11,-0.07327525128550327,4,-0.08305274183004241,0.06570931244560496,0.30000000000000004,,,-0.5757575757575757,NEUTRAL,0.5
2020-08-12,-0.0771122314010772,4,-0.10968134549701603,0.07698999565028286,0.30000000000000004,,,-0.5757575757575757,NEUTRAL,0.5
2020-08-13,-0.06278154493732935,4,-0.06754251703521996,0.09217391304347822,0.30000000000000004,,,-0.5757575757575757,NEUTRAL,0.5
2020-08-14,-0.07698341378872955,4,-0.10344943880629509,0.07127335940895252,0.30000000000000004,,,-0.5757575757575757,NEUTRAL,0.5
2020-08-17,-0.10091985104321699,4,-0.22305649392354598,0.09513466550825367,0.30000000000000004,,,-0.5757575757575757,NEUTRAL,0.5
2020-08-18,-0.1019930740089865,4,-0.09834585358275594,-0.0338688666956144,0.30000000000000004,,,-0.5757575757575757,NEUTRAL,0.5
2020-08-19,-0.09015357482016362,4,0.0739974431435877,-0.15885416666666652,0.30000000000000004,,,-0.5757575757575757,NEUTRAL,0.5
2020-08-20,-0.08705300585836859,4,-0.029504339216028908,-0.042950108459869796,0.30000000000000004,,,-0.5757575757575757,NEUTRAL,0.5
2020-08-21,-0.08897464005427103,4,-0.045448876913975145,-0.03469210754553331,0.30000000000000004,,,-0.5757575757575757,NEUTRAL,0.5
2020-08-24,-0.07433790049094063,4,0.11841464306125982,-0.1400086692674467,0.30000000000000004,,,-0.5757575757575757,NEUTRAL,0.5
2020-08-25,-0.0858187155744749,4,0.08066295609399154,-0.1481802426343155,0.30000000000000004,,,-0.5757575757575757,NEUTRAL,0.5
2020-08-26,-0.0915962244984358,4,0.19477761496608448,-0.285404937202252,0.30000000000000004,,,-0.5757575757575757,NEUTRAL,0.5
2020-08-27,-0.07996507510759981,4,0.21693623636613735,-0.26103896103896096,0.30000000000000004,,,-0.5757575757575757,NEUTRAL,0.5
2020-08-28,-0.09192258519216706,4,0.226976797948665,-0.3189095629597576,0.30000000000000004,,,-0.5757575757575757,NEUTRAL,0.5
2020-08-31,-0.08493794755048861,4,0.20027914195700536,-0.26427335640138416,0.30000000000000004,,,-0.5757575757575757,NEUTRAL,0.5
2020-09-01,-0.07825629318163407,4,0.26536967064885175,-0.3026372676178124,0.30000000000000004,,,-0.5757575757575757,NEUTRAL,0.5
2020-09-02,-0.09627229336654569,4,0.2800374601997766,-0.3893690579083837,0.30000000000000004,,,-0.5757575757575757,NEUTRAL,0.5
2020-09-03,-0.10784446978147616,4,0.09275982622130385,-0.24838012958963285,0.30000000000000004,,,-0.5757575757575757,NEUTRAL,0.5
2020-09-04,-0.0986308717532085,4,-0.02291098897546573,-0.09585492227979264,0.30000000000000004,,,-0.5757575757575757,NEUTRAL,0.5
2020-09-08,-0.11663801217450753,4,-0.14418247466682477,-0.04661199827362972,0.30000000000000004,,,-0.5757575757575757,NEUTRAL,0.5
2020-09-09,-0.13860960498102093,4,-0.04270155167297918,-0.2359792924935289,0.30000000000000004,,,-0.5757575757575757,NEUTRAL,0.5
2020-09-10,-0.1537751898020714,4,-0.06724314032867462,-0.2721000431220353,0.30000000000000004,,,-0.5757575757575757,NEUTRAL,0.5
2020-09-11,0.05832201769558362,4,0.0019041841747056143,-0.02543103448275863,0.6097560975609757,,,-0.3529411764705882,BULLISH,0.75
2020-09-14,0.030084825212552485,4,0.15305475459825413,-0.2895303748384317,0.6097560975609757,,,-0.3529411764705882,BULLISH,0.75
2020-09-15,0.03534044189726118,4,0.2626691548535236,-0.3781223083548664,0.6097560975609757,,,-0.3529411764705882,BULLISH,0.75
2020-09-16,0.036427388820376966,4,0.24059502162116764,-0.3517003874300473,0.6097560975609757,,,-0.3529411764705882,BULLISH,0.75
2020-09-17,0.05595660912152137,4,0.30823354637676514,-0.3412220309810672,0.6097560975609757,,,-0.3529411764705882,BULLISH,0.75
2020-09-18,0.062014556808355464,4,0.2974798652828192,-0.30623655913978487,0.6097560975609757,,,-0.3529411764705882,BULLISH,0.75
2020-09-21,0.04290307931855289,4,0.2853906893910467,-0.3705932932072227,0.6097560975609757,,,-0.3529411764705882,BULLISH,0.75
2020-09-22,0.03491987169727187,4,0.24341463015937892,-0.36055006446067894,0.6097560975609757,,,-0.3529411764705882,BULLISH,0.75
2020-09-23,0.06524007454494116,4,0.24297699220965208,-0.23883161512027495,0.6097560975609757,,,-0.3529411764705882,BULLISH,0.75
2020-09-24,0.05544339334765766,4,0.23717848914008854,-0.2722198368398454,0.6097560975609757,,,-0.3529411764705882,BULLISH,0.75
2020-09-25,0.06833175920772663,4,0.32638336037571225,-0.3098712446351932,0.6097560975609757,,,-0.3529411764705882,BULLISH,0.75
2020-09-28,0.06277551563838826,4,0.28858143575745965,-0.2942942942942941,0.6097560975609757,,,-0.3529411764705882,BULLISH,0.75
2020-09-29,0.060248846828356545,4,0.2706298658799855,-0.2864493996569468,0.6097560975609757,,,-0.3529411764705882,BULLISH,0.75
2020-09-30,0.06685120490731852,4,0.31191865979049394,-0.30132876125160735,0.6097560975609757,,,-0.3529411764705882,BULLISH,0.75
2020-10-01,0.08043049924444581,4,0.3652498350990494,-0.30034275921165365,0.6097560975609757,,,-0.3529411764705882,BULLISH,0.75
2020-10-02,0.09678524047054823,4,0.35259584807231925,-0.22226980728051382,0.6097560975609757,,,-0.3529411764705882,BULLISH,0.75
2020-10-05,0.04555003972073604,4,0.21733729258707735,-0.2919520547945207,0.6097560975609757,,,-0.3529411764705882,BULLISH,0.75
2020-10-06,0.03301362436633634,4,0.16364351304590352,-0.28840393667094566,0.6097560975609757,,,-0.3529411764705882,BULLISH,0.75
2020-10-07,0.03384075136986839,4,0.2408235334908826,-0.36227544910179654,0.6097560975609757,,,-0.3529411764705882,BULLISH,0.75
2020-10-08,0.04383632415874869,4,0.2981797983748766,-0.37964942283026937,0.6097560975609757,,,-0.3529411764705882,BULLISH,0.75
2020-10-09,0.03287429603026096,4,0.2755369638853571,-0.40085470085470076,0.6097560975609757,,,-0.3529411764705882,BULLISH,0.75
2020-10-12,0.00628863969951296,4,0.19550751468331584,-0.4271678769756515,0.6097560975609757,,,-0.3529411764705882,BULLISH,0.75
2020-10-13,0.04777628400742759,4,0.3198581056310392,-0.3855678906917164,0.6097560975609757,,,-0.3529411764705882,BULLISH,0.75
2020-10-14,0.06680992793722099,4,0.3941209067489786,-0.38369611609048215,0.6097560975609757,,,-0.3529411764705882,BULLISH,0.75
2020-10-15,0.06920357774280336,4,0.37409495302075757,-0.3540955631399316,0.6097560975609757,,,-0.3529411764705882,BULLISH,0.75
2020-10-16,0.07690407009104896,4,0.3940849413633605,-0.3432835820895521,0.6097560975609757,,,-0.3529411764705882,BULLISH,0.75
2020-10-19,0.08145646254289726,4,0.36227606122101386,-0.2932651321398123,0.6097560975609757,,,-0.3529411764705882,BULLISH,0.75
2020-10-20,0.08566121378480565,4,0.38876985735518366,-0.30293992330634856,0.6097560975609757,,,-0.3529411764705882,BULLISH,0.75
2020-10-21,0.09550662679673047,4,0.4207822845633147,-0.2955706984667803,0.6097560975609757,,,-0.3529411764705882,BULLISH,0.75
2020-10-22,0.07522446251011075,4,0.34165636445452563,-0.29757343550447013,0.6097560975609757,,,-0.3529411764705882,BULLISH,0.75
2020-10-23,0.07581500918555364,4,0.3647429879922526,-0.3182978723404255,0.6097560975609757,,,-0.3529411764705882,BULLISH,0.75
2020-10-26,0.1028917264274489,4,0.21940532362408693,-0.06465333900467884,0.6097560975609757,,,-0.3529411764705882,BULLISH,0.75
2020-10-27,0.09457275606709228,4,0.14486045691947824,-0.02338435374149661,0.6097560975609757,,,-0.3529411764705882,BULLISH,0.75
2020-10-28,0.09356823093616076,4,-0.013438724927554935,0.13089672758181048,0.6097560975609757,,,-0.3529411764705882,BULLISH,0.75
2020-10-29,0.09451516671016827,4,0.029487037169147134,0.09175870858113844,0.6097560975609757,,,-0.3529411764705882,BULLISH,0.75
2020-10-30,0.09940234602579115,4,0.05756728679197032,0.08322717622080678,0.6097560975609757,,,-0.3529411764705882,BULLISH,0.75
2020-11-02,0.08426095465948871,4,0.027597318600198983,0.05263157894736836,0.6097560975609757,,,-0.3529411764705882,BULLISH,0.75
2020-11-03,0.08587247020785962,4,0.0701285023799989,0.01654645736105209,0.6097560975609757,,,-0.3529411764705882,BULLISH,0.75
2020-11-04,0.08330228688243355,4,0.025927729407964284,0.050466497031382396,0.6097560975609757,,,-0.3529411764705882,BULLISH,0.75
2020-11-05,0.09871353461789092,4,0.10709390156939147,0.030945315811784724,0.6097560975609757,,,-0.3529411764705882,BULLISH,0.75
2020-11-06,0.09754979108345288,4,0.11770627714172921,0.015677966101694807,0.6097560975609757,,,-0.3529411764705882,BULLISH,0.75
2020-11-09,0.09190707961758696,4,0.1019188611664914,0.008894536213468918,0.6097560975609757,,,-0.3529411764705882,BULLISH,0.75
2020-11-10,0.0982818835609243,4,0.10667671137515544,0.029635901778154228,0.6097560975609757,,,-0.3529411764705882,BULLISH,0.75
2020-11-11,0.08399655250932844,4,0.11810484798205101,-0.03893355903512474,0.6097560975609757,,,-0.3529411764705882,BULLISH,0.75
2020-11-12,0.09289684218772518,4,0.05935789605306829,0.055414551607444906,0.6097560975609757,,,-0.3529411764705882,BULLISH,0.75
2020-11-13,0.08631017151804335,4,0.0905399298866485,-0.0021141649048626032,0.6097560975609757,,,-0.3529411764705882,BULLISH,0.75
2020-11-16,0.07573917289791157,4,0.08122207481233223,-0.03508030431107345,0.6097560975609757,,,-0.3529411764705882,BULLISH,0.75
2020-11-17,0.07006879458809592,4,0.054723459627860294,-0.03126320236586411,0.6097560975609757,,,-0.3529411764705882,BULLISH,0.75
2020-11-18,0.07294823067820697,4,-0.038924025404586615,0.07390202702702697,0.6097560975609757,,,-0.3529411764705882,BULLISH,0.75
2020-11-19,0.07331958766243116,4,-0.019678402437285802,0.056141831996622926,0.6097560975609757,,,-0.3529411764705882,BULLISH,0.75
2020-11-20,0.07524245402628046,4,-0.08411514717935842,0.12827004219409277,0.6097560975609757,,,-0.3529411764705882,BULLISH,0.75
2020-11-23,0.0735469477830914,4,-0.05457145724608592,0.09194432728806401,0.6097560975609757,,,-0.3529411764705882,BULLISH,0.75
2020-11-24,0.03399297215243305,4,-0.034839659799373646,-0.08600337268128166,0.6097560975609757,,,-0.3529411764705882,BULLISH,0.75
2020-11-25,0.030936120643651338,4,-0.06901649835564716,-0.06405394016013499,0.6097560975609757,,,-0.3529411764705882,BULLISH,0.75
2020-11-27,0.007784544674495436,4,-0.11489325460807542,-0.11078348778433034,0.6097560975609757,,,-0.3529411764705882,BULLISH,0.75
2020-11-30,0.01699874391385936,4,-0.08229362964547626,-0.1065263157894738,0.6097560975609757,,,-0.3529411764705882,BULLISH,0.75
2020-12-01,0.024939039923841694,4,0.05674595240969316,-0.2138047138047139,0.6097560975609757,,,-0.3529411764705882,BULLISH,0.75
2020-12-02,0.036162409492299735,4,0.1364674472111631,-0.24863273033235167,0.6097560975609757,,,-0.3529411764705882,BULLISH,0.75
2020-12-03,0.04138376649985906,4,0.1757512634960967,-0.267031118587048,0.6097560975609757,,,-0.3529411764705882,BULLISH,0.75
2020-12-04,0.026355757403562136,4,0.178999029078716,-0.33039092055485497,0.6097560975609757,,,-0.3529411764705882,BULLISH,0.75
2020-12-07,0.02898180549798665,4,0.17465851938895405,-0.31554621848739495,0.6097560975609757,,,-0.3529411764705882,BULLISH,0.75
2020-12-08,0.03048168410168675,4,0.10492701901228552,-0.23981520369592602,0.6097560975609757,,,-0.3529411764705882,BULLISH,0.75
2020-12-09,0.018273432163142228,4,0.1231637781751116,-0.3068849706129302,0.6097560975609757,,,-0.3529411764705882,BULLISH,0.75
2020-12-10,0.009053178809894674,4,0.06517202830781477,-0.2857742341586236,0.6097560975609757,,,-0.3529411764705882,BULLISH,0.75
2020-12-11,0.14475445868433712,4,0.14419041383610232,-0.22231543624161088,0.5714285714285714,,,0.08571428571428563,BULLISH,0.75
2020-12-14,0.15953926994945183,4,0.2166536356528539,-0.23563941299790359,0.5714285714285714,,,0.08571428571428563,BULLISH,0.75
2020-12-15,0.1590252088195776,4,0.32011472583034006,-0.3411567476948867,0.5714285714285714,,,0.08571428571428563,BULLISH,0.75
2020-12-16,0.17401555834867333,4,0.4364895480155564,-0.3975701717637201,0.5714285714285714,,,0.08571428571428563,STRONG_BULLISH,1.0
2020-12-17,0.15858097591777676,4,0.4281860716538781,-0.4510050251256281,0.5714285714285714,,,0.08571428571428563,BULLISH,0.75
2020-12-18,0.13411899827795049,4,0.41428499867300506,-0.5349518627040601,0.5714285714285714,,,0.08571428571428563,BULLISH,0.75
2020-12-21,0.13885285921039148,4,0.3936660692384577,-0.4953974895397488,0.5714285714285714,,,0.08571428571428563,BULLISH,0.75
2020-12-22,0.11797976848615366,4,0.354299428846927,-0.5395232120451694,0.5714285714285714,,,0.08571428571428563,BULLISH,0.75
2020-12-23,0.12587153077964225,4,0.3927479482499596,-0.5464046822742477,0.5714285714285714,,,0.08571428571428563,BULLISH,0.75
2020-12-24,0.14726736902896553,4,0.4576265771844552,-0.5256999582114501,0.5714285714285714,,,0.08571428571428563,BULLISH,0.75
2020-12-28,0.1476793633157386,4,0.45237158860130045,-0.518796992481203,0.5714285714285714,,,0.08571428571428563,BULLISH,0.75
2020-12-29,0.16736825855275722,4,0.5037706781120133,-0.4914405010438414,0.5714285714285714,,,0.08571428571428563,BULLISH,0.75
2020-12-30,0.1633715155872884,4,0.482570250281422,-0.4862270450751254,0.5714285714285714,,,0.08571428571428563,BULLISH,0.75
2020-12-31,0.15915895757379211,4,0.48429063689866103,-0.5047976637463496,0.5714285714285714,,,0.08571428571428563,BULLISH,0.75
2021-01-04,0.16962674465660849,4,0.47340749095813917,-0.45204336947456225,0.5714285714285714,,,0.08571428571428563,BULLISH,0.75
2021-01-05,0.17069072988801715,4,0.4299552020507287,-0.4043351396415171,0.5714285714285714,,,0.08571428571428563,BULLISH,0.75
2021-01-06,0.18042001724254925,4,0.4403705451606734,-0.37583333333333346,0.5714285714285714,,,0.08571428571428563,STRONG_BULLISH,1.0
2021-01-07,0.17223608040385585,4,0.4445461541851863,-0.4127446897126199,0.5714285714285714,,,0.08571428571428563,BULLISH,0.75
2021-01-08,0.1545018260026817,4,0.3942532894990105,-0.43338884263114075,0.5714285714285714,,,0.08571428571428563,BULLISH,0.75
2021-01-11,0.16600486938732062,4,0.41386788133027075,-0.4069912609238453,0.5714285714285714,,,0.08571428571428563,BULLISH,0.75
2021-01-12,0.16305023386671663,4,0.35695491692633907,-0.3618968386023296,0.5714285714285714,,,0.08571428571428563,BULLISH,0.75
2021-01-13,0.1720188684786692,4,0.37479956063876374,-0.34386694386694394,0.5714285714285714,,,0.08571428571428563,BULLISH,0.75
2021-01-14,0.17701556030843246,4,0.3597306891615295,-0.3088113050706567,0.5714285714285714,,,0.08571428571428563,STRONG_BULLISH,1.0
2021-01-15,0.17949556115262844,4,0.38323240782494805,-0.32239302035729134,0.5714285714285714,,,0.08571428571428563,STRONG_BULLISH,1.0
2021-01-19,0.19324264934035396,4,0.3944822252683928,-0.27865448504983403,0.5714285714285714,,,0.08571428571428563,STRONG_BULLISH,1.0
2021-01-20,0.19611091148596616,4,0.43199153184791506,-0.30469074304690746,0.5714285714285714,,,0.08571428571428563,STRONG_BULLISH,1.0
2021-01-21,0.21939657414162722,4,0.4889081697141082,-0.26846473029045637,0.5714285714285714,,,0.08571428571428563,STRONG_BULLISH,1.0
2021-01-22,0.2137408181660837,4,0.3832206643808722,-0.18540024885939443,0.5714285714285714,,,0.08571428571428563,STRONG_BULLISH,1.0
2021-01-25,0.22674990827629743,4,0.48990652720611383,-0.24004975124378114,0.5714285714285714,,,0.08571428571428563,STRONG_BULLISH,1.0
2021-01-26,0.23843353404592477,4,0.6227412997619359,-0.3261500207210939,0.5714285714285714,,,0.08571428571428563,STRONG_BULLISH,1.0
2021-01-27,0.22187817958186423,4,0.6040235480114433,-0.3736536868268434,0.5714285714285714,,,0.08571428571428563,STRONG_BULLISH,1.0
2021-01-28,0.23109656889334634,4,0.5368086358218327,-0.26956521739130435,0.5714285714285714,,,0.08571428571428563,STRONG_BULLISH,1.0
2021-01-29,0.22504792355734393,4,0.4317905589408233,-0.1887417218543046,0.5714285714285714,,,0.08571428571428563,STRONG_BULLISH,1.0
2021-02-01,0.23220693639755074,4,0.5699885706980701,-0.2983036822507241,0.5714285714285714,,,0.08571428571428563,STRONG_BULLISH,1.0
2021-02-02,0.22269420045016997,4,0.5959168230697336,-0.36228287841191076,0.5714285714285714,,,0.08571428571428563,STRONG_BULLISH,1.0
2021-02-03,0.20246435290399978,4,0.5057530001118358,-0.3530384456386937,0.5714285714285714,,,0.08571428571428563,STRONG_BULLISH,1.0
2021-02-04,0.17933862553434654,4,0.49368271937469443,-0.4334710743801653,0.5714285714285714,,,0.08571428571428563,STRONG_BULLISH,1.0
2021-02-05,0.17615732703303827,4,0.4964744724680239,-0.44898802147872785,0.5714285714285714,,,0.08571428571428563,STRONG_BULLISH,1.0
2021-02-08,0.18071403991256818,4,0.48396268318454205,-0.41824938067712636,0.5714285714285714,,,0.08571428571428563,STRONG_BULLISH,1.0
2021-02-09,0.1790447915905995,4,0.513431686850577,-0.4543953776310361,0.5714285714285714,,,0.08571428571428563,STRONG_BULLISH,1.0
2021-02-10,0.1733075522848781,4,0.46389263252470814,-0.4278052805280528,0.5714285714285714,,,0.08571428571428563,BULLISH,0.75
2021-02-11,0.16639880224708709,4,0.3936069910207489,-0.3851546391752576,0.5714285714285714,,,0.08571428571428563,BULLISH,0.75
2021-02-12,0.16438960504162498,4,0.41550212526601715,-0.4150865622423743,0.5714285714285714,,,0.08571428571428563,BULLISH,0.75
2021-02-16,0.1594329986812854,4,0.3262834103470147,-0.3456942727647301,0.5714285714285714,,,0.08571428571428563,BULLISH,0.75
2021-02-17,0.1609942334829872,4,0.328267355207543,-0.3414332784184513,0.5714285714285714,,,0.08571428571428563,BULLISH,0.75
2021-02-18,0.1533813502739994,4,0.2972635649494353,-0.3408810209962947,0.5714285714285714,,,0.08571428571428563,BULLISH,0.75
2021-02-19,0.1552763277828123,4,0.2174603963752233,-0.2534979423868311,0.5714285714285714,,,0.08571428571428563,BULLISH,0.75
2021-02-22,0.15617842959887823,4,0.46407435775615236,-0.49650349650349646,0.5714285714285714,,,0.08571428571428563,BULLISH,0.75
2021-02-23,0.1680907335628981,4,0.5156312613192617,-0.5004111842105263,0.5714285714285714,,,0.08571428571428563,BULLISH,0.75
2021-02-24,0.19248781772200751,4,0.6261664079909601,-0.5133579942457871,0.5714285714285714,,,0.08571428571428563,STRONG_BULLISH,1.0
2021-02-25,0.18443847295387739,4,0.6344319056669008,-0.5538208709942483,0.5714285714285714,,,0.08571428571428563,STRONG_BULLISH,1.0
2021-02-26,0.21256605961659158,4,0.6933267201325441,-0.5002053388090348,0.5714285714285714,,,0.08571428571428563,STRONG_BULLISH,1.0
2021-03-01,0.2091272171504005,4,0.7737830886344428,-0.5944170771756978,0.5714285714285714,,,0.08571428571428563,STRONG_BULLISH,1.0
2021-03-02,0.1832690985279658,4,0.6811858964273565,-0.6052523594583503,0.5714285714285714,,,0.08571428571428563,STRONG_BULLISH,1.0
2021-03-03,0.2198181727095918,4,0.8332865195035497,-0.6111566858080395,0.5714285714285714,,,0.08571428571428563,STRONG_BULLISH,1.0
2021-03-04,0.2035255473775528,4,0.7313750765247957,-0.5744157441574416,0.5714285714285714,,,0.08571428571428563,STRONG_BULLISH,1.0
2021-03-05,0.22367403569784494,4,0.9154221381075391,-0.6778688524590164,0.5714285714285714,,,0.08571428571428563,STRONG_BULLISH,1.0
2021-03-08,0.21935458300908056,4,0.9564491741970294,-0.7361736993035641,0.5714285714285714,,,0.08571428571428563,STRONG_BULLISH,1.0
2021-03-09,0.22063103682857305,4,0.9743575391476842,-0.748976248976249,0.5714285714285714,,,0.08571428571428563,STRONG_BULLISH,1.0
2021-03-10,0.21388646492937974,4,0.9327460234506342,-0.7343430208759723,0.5714285714285714,,,0.08571428571428563,STRONG_BULLISH,1.0
2021-03-11,0.3695990706860887,4,0.8957956407671668,-0.00654664484451728,0.2558139534883721,,,0.33333333333333326,STRONG_BULLISH,1.0
2021-03-12,0.372805936602782,4,0.8922605086691773,0.009815950920245342,0.2558139534883721,,,0.33333333333333326,STRONG_BULLISH,1.0
2021-03-15,0.35780877569787695,4,0.8653911683819038,-0.023303352412101352,0.2558139534883721,,,0.33333333333333326,STRONG_BULLISH,1.0
2021-03-16,0.3721700304642349,4,0.8631617684230561,0.03637106661217815,0.2558139534883721,,,0.33333333333333326,STRONG_BULLISH,1.0
2021-03-17,0.3669670626139004,4,0.801515081280955,0.07720588235294112,0.2558139534883721,,,0.33333333333333326,STRONG_BULLISH,1.0
2021-03-18,0.3611292825149243,4,0.8133118603878491,0.04205798285014284,0.2558139534883721,,,0.33333333333333326,STRONG_BULLISH,1.0
2021-03-19,0.36980335254745234,4,0.8153722458170836,0.07469387755102042,0.2558139534883721,,,0.33333333333333326,STRONG_BULLISH,1.0
2021-03-22,0.3652140668358616,4,0.8007175484531976,0.07099143206854341,0.2558139534883721,,,0.33333333333333326,STRONG_BULLISH,1.0
2021-03-23,0.3631279508412513,4,0.8637723468858773,-0.0004078303425774088,0.2558139534883721,,,0.33333333333333326,STRONG_BULLISH,1.0
2021-03-24,0.36106386485490666,4,0.8184184049664496,0.03668976763147169,0.2558139534883721,,,0.33333333333333326,STRONG_BULLISH,1.0
2021-03-25,0.35680366430622495,4,0.904489538292355,-0.06642216788916055,0.2558139534883721,,,0.33333333333333326,STRONG_BULLISH,1.0
2021-03-26,0.3360559027700633,4,0.8899032081689349,-0.134826883910387,0.2558139534883721,,,0.33333333333333326,STRONG_BULLISH,1.0
2021-03-29,0.3274392271295172,4,0.9009842145302396,-0.18037459283387625,0.2558139534883721,,,0.33333333333333326,STRONG_BULLISH,1.0
2021-03-30,0.33620099329918823,4,0.9062468369651981,-0.15059015059015057,0.2558139534883721,,,0.33333333333333326,STRONG_BULLISH,1.0
2021-03-31,0.34487072732272683,4,0.9193022620135469,-0.12896663954434495,0.2558139534883721,,,0.33333333333333326,STRONG_BULLISH,1.0
2021-04-01,0.33142927669461325,4,0.9443778720104279,-0.20780805205368025,0.2558139534883721,,,0.33333333333333326,STRONG_BULLISH,1.0
2021-04-05,0.3052372418459167,4,0.9435902984481404,-0.31178861788617884,0.2558139534883721,,,0.33333333333333326,STRONG_BULLISH,1.0
2021-04-06,0.31109041249039976,4,0.9750030669188454,-0.31978870377895174,0.2558139534883721,,,0.33333333333333326,STRONG_BULLISH,1.0
2021-04-07,0.31329740203024165,4,0.9719220938419095,-0.3078797725426483,0.2558139534883721,,,0.33333333333333326,STRONG_BULLISH,1.0
2021-04-08,0.29690589196376943,4,0.9837787576878587,-0.38530247665448636,0.2558139534883721,,,0.33333333333333326,STRONG_BULLISH,1.0
2021-04-09,0.2898869387692786,4,0.9717803383852792,-0.4013798701298701,0.2558139534883721,,,0.33333333333333326,STRONG_BULLISH,1.0
2021-04-12,0.26701875638320943,4,0.9121934587922684,-0.43326572008113606,0.2558139534883721,,,0.33333333333333326,STRONG_BULLISH,1.0
2021-04-13,0.26016606291252503,4,0.9129930394431556,-0.4614760746147608,0.2558139534883721,,,0.33333333333333326,STRONG_BULLISH,1.0
2021-04-14,0.25336733182986915,4,0.8933127174333204,-0.4689906769355492,0.2558139534883721,,,0.33333333333333326,STRONG_BULLISH,1.0
2021-04-15,0.23643346285432698,4,0.8995363214837713,-0.5429497568881687,0.2558139534883721,,,0.33333333333333326,STRONG_BULLISH,1.0
2021-04-16,0.21812183872058583,4,0.8536114329857087,-0.5702713649250708,0.2558139534883721,,,0.33333333333333326,STRONG_BULLISH,1.0
2021-04-19,0.21395516346039217,4,0.8278069702587296,-0.5611336032388663,0.2558139534883721,,,0.33333333333333326,STRONG_BULLISH,1.0
2021-04-20,0.21373525893617057,4,0.8436974316425236,-0.5779036827195467,0.2558139534883721,,,0.33333333333333326,STRONG_BULLISH,1.0
2021-04-21,0.26431590917379283,4,0.9256406217181263,-0.4575242718446604,0.2558139534883721,,,0.33333333333333326,STRONG_BULLISH,1.0
2021-04-22,0.28596570301437296,4,0.9097498964448443,-0.3550343712090578,0.2558139534883721,,,0.33333333333333326,STRONG_BULLISH,1.0
2021-04-23,0.2835139463276726,4,0.9074792341397528,-0.3625707356507679,0.2558139534883721,,,0.33333333333333326,STRONG_BULLISH,1.0
2021-04-26,0.291756989875082,4,0.9083857231836729,-0.3305050505050504,0.2558139534883721,,,0.33333333333333326,STRONG_BULLISH,1.0
2021-04-27,0.28475985232162576,4,0.9287289560673826,-0.3788368336025849,0.2558139534883721,,,0.33333333333333326,STRONG_BULLISH,1.0
2021-04-28,0.293861397910479,4,0.9334924913361573,-0.3471941865159467,0.2558139534883721,,,0.33333333333333326,STRONG_BULLISH,1.0
2021-04-29,0.273798578491836,4,0.9241261231908362,-0.41807909604519766,0.2558139534883721,,,0.33333333333333326,STRONG_BULLISH,1.0
2021-04-30,0.27667974720684957,4,0.9326584305252572,-0.4150867285195643,0.2558139534883721,,,0.33333333333333326,STRONG_BULLISH,1.0
2021-05-03,0.26616445005630773,4,0.9674459972744933,-0.49193548387096775,0.2558139534883721,,,0.33333333333333326,STRONG_BULLISH,1.0
2021-05-04,0.25471772452876845,4,0.9831294960172701,-0.5534058847239016,0.2558139534883721,,,0.33333333333333326,STRONG_BULLISH,1.0
2021-05-05,0.24853092862435983,4,0.9827362987474504,-0.5777598710717164,0.2558139534883721,,,0.33333333333333326,STRONG_BULLISH,1.0
2021-05-06,0.24535492148252996,4,0.983895435757629,-0.5916230366492146,0.2558139534883721,,,0.33333333333333326,STRONG_BULLISH,1.0
2021-05-07,0.23988058138574347,4,0.9839016087695778,-0.6135265700483092,0.2558139534883721,,,0.33333333333333326,STRONG_BULLISH,1.0
2021-05-10,0.24081083534848335,4,0.9789250284152864,-0.6048289738430583,0.2558139534883721,,,0.33333333333333326,STRONG_BULLISH,1.0
2021-05-11,0.2628335805251259,4,0.9718410980302061,-0.5096540627514079,0.2558139534883721,,,0.33333333333333326,STRONG_BULLISH,1.0
2021-05-12,0.2739515802695258,4,0.9674551741840216,-0.4607961399276237,0.2558139534883721,,,0.33333333333333326,STRONG_BULLISH,1.0
2021-05-13,0.25962229844649853,4,0.9802904600189513,-0.5309485530546625,0.2558139534883721,,,0.33333333333333326,STRONG_BULLISH,1.0
2021-05-14,0.251193574928458,4,0.9825213479664536,-0.566894335074327,0.2558139534883721,,,0.33333333333333326,STRONG_BULLISH,1.0
2021-05-17,0.24972114062569634,4,0.9844360708618027,-0.5746987951807228,0.2558139534883721,,,0.33333333333333326,STRONG_BULLISH,1.0
2021-05-18,0.2526805534059402,4,0.9787808681910559,-0.5572059413890005,0.2558139534883721,,,0.33333333333333326,STRONG_BULLISH,1.0
2021-05-19,0.25281954568669524,4,0.9807183758608702,-0.5585874799357946,0.2558139534883721,,,0.33333333333333326,STRONG_BULLISH,1.0
2021-05-20,0.25108097336477925,4,0.972336654772189,-0.5571600481347774,0.2558139534883721,,,0.33333333333333326,STRONG_BULLISH,1.0
2021-05-21,0.24655408655023558,4,0.9700441997160454,-0.5729751403368084,0.2558139534883721,,,0.33333333333333326,STRONG_BULLISH,1.0
2021-05-24,0.24428723835567495,4,0.9707671976631187,-0.5827655310621243,0.2558139534883721,,,0.33333333333333326,STRONG_BULLISH,1.0
2021-05-25,0.24614621218042887,4,0.9583382029256511,-0.562900641025641,0.2558139534883721,,,0.33333333333333326,STRONG_BULLISH,1.0
2021-05-26,0.24265420357598033,4,0.961365402532276,-0.57989587505006,0.2558139534883721,,,0.33333333333333326,STRONG_BULLISH,1.0
2021-05-27,0.24266881476324503,4,0.9507833765547336,-0.5692554043234588,0.2558139534883721,,,0.33333333333333326,STRONG_BULLISH,1.0
2021-05-28,0.246246170897017,4,0.9512595656339098,-0.5554221688675471,0.2558139534883721,,,0.33333333333333326,STRONG_BULLISH,1.0
2021-06-01,0.2411127510583277,4,0.9641037174116054,-0.5888,0.2558139534883721,,,0.33333333333333326,STRONG_BULLISH,1.0
2021-06-02,0.23812045020338218,4,0.9742901317447221,-0.6109556177528987,0.2558139534883721,,,0.33333333333333326,STRONG_BULLISH,1.0
2021-06-03,0.23178666279579108,4,0.9806852156804038,-0.6426858513189448,0.2558139534883721,,,0.33333333333333326,STRONG_BULLISH,1.0
2021-06-04,0.21934625261179946,4,0.9889968127185806,-0.7007590890930881,0.2558139534883721,,,0.33333333333333326,STRONG_BULLISH,1.0
2021-06-07,0.20994583366565528,4,0.9870577730805326,-0.7364217252396168,0.2558139534883721,,,0.33333333333333326,STRONG_BULLISH,1.0
2021-06-08,0.2057436223897719,4,0.9855238095238095,-0.7516966067864272,0.2558139534883721,,,0.33333333333333326,STRONG_BULLISH,1.0
2021-06-09,0.20720405356916743,4,0.9870751525148207,-0.7474062250598563,0.2558139534883721,,,0.33333333333333326,STRONG_BULLISH,1.0
2021-06-10,0.22141283713146964,4,0.9750042611457368,-0.6785001994415636,0.2558139534883721,,,0.33333333333333326,STRONG_BULLISH,1.0
2021-06-11,0.21895285266299985,4,0.9860261652975986,-0.6993620414673045,0.2558139534883721,,,0.33333333333333326,STRONG_BULLISH,1.0
2021-06-14,0.22103972299035074,4,0.9849279064549625,-0.6899163013152649,0.2558139534883721,,,0.33333333333333326,STRONG_BULLISH,1.0
2021-06-15,0.22640838857917134,4,0.9710679408017528,-0.6545816733067729,0.2558139534883721,,,0.33333333333333326,STRONG_BULLISH,1.0
2021-06-16,0.7210627884918234,5,0.9053774468236964,-0.1919553962564715,1.0,,1.0,0.8918918918918919,STRONG_BULLISH,1.0
2021-06-17,0.7199592741143238,5,0.9212802748580713,-0.213375796178344,1.0,,1.0,0.8918918918918919,STRONG_BULLISH,1.0
2021-06-18,0.7257653970300586,5,0.88576119751626,-0.14882610425785914,1.0,,1.0,0.8918918918918919,STRONG_BULLISH,1.0
2021-06-21,0.7147365754694303,5,0.9128967929333818,-0.23110580747812248,1.0,,1.0,0.8918918918918919,STRONG_BULLISH,1.0
2021-06-22,0.7107586205092205,5,0.9199529005150446,-0.25805168986083493,1.0,,1.0,0.8918918918918919,STRONG_BULLISH,1.0
2021-06-23,0.7122455762794491,5,0.9066173885514581,-0.2372813990461049,1.0,,1.0,0.8918918918918919,STRONG_BULLISH,1.0
2021-06-24,0.7149696001593266,5,0.9014702129969141,-0.2185141040921732,1.0,,1.0,0.8918918918918919,STRONG_BULLISH,1.0
2021-06-25,0.7108130704642859,5,0.911577749547885,-0.2494042891183479,1.0,,1.0,0.8918918918918919,STRONG_BULLISH,1.0
2021-06-28,0.7099967199977648,5,0.9093819026185681,-0.2512901945216357,1.0,,1.0,0.8918918918918919,STRONG_BULLISH,1.0
2021-06-29,0.7106397714186425,5,0.8978149017092574,-0.23650793650793656,1.0,,1.0,0.8918918918918919,STRONG_BULLISH,1.0
2021-06-30,0.7123511120735652,5,0.8908077382894999,-0.22094406981356607,1.0,,1.0,0.8918918918918919,STRONG_BULLISH,1.0
2021-07-01,0.703725073125882,5,0.920547906727208,-0.2938144329896908,1.0,,1.0,0.8918918918918919,STRONG_BULLISH,1.0
2021-07-02,0.6858628834780683,5,0.9484411541151756,-0.4110186286167261,1.0,,1.0,0.8918918918918919,STRONG_BULLISH,1.0
2021-07-06,0.6747967864055701,5,0.961489821435483,-0.4793977812995245,1.0,,1.0,0.8918918918918919,STRONG_BULLISH,1.0
2021-07-07,0.6529903117366309,5,0.9853368945140348,-0.6122772277227724,1.0,,1.0,0.8918918918918919,STRONG_BULLISH,1.0
2021-07-08,0.6578036044695956,5,0.9846162333856188,-0.5874901029295327,1.0,,1.0,0.8918918918918919,STRONG_BULLISH,1.0
2021-07-09,0.6423353443090688,5,0.983021869621794,-0.663237039968342,1.0,,1.0,0.8918918918918919,STRONG_BULLISH,1.0
2021-07-12,0.6442603925084069,5,0.9702328554602693,-0.6408227848101267,1.0,,1.0,0.8918918918918919,STRONG_BULLISH,1.0
2021-07-13,0.6457564623924785,5,0.9766689886746924,-0.6397785686041915,1.0,,1.0,0.8918918918918919,STRONG_BULLISH,1.0
2021-07-14,0.6367174044056736,5,0.9750943396226415,-0.6833992094861661,1.0,,1.0,0.8918918918918919,STRONG_BULLISH,1.0
2021-07-15,0.6483314612346204,5,0.9673078876119092,-0.6175424733306993,1.0,,1.0,0.8918918918918919,STRONG_BULLISH,1.0
2021-07-16,0.6374869385476749,5,0.9491762921576992,-0.6536334913112163,1.0,,1.0,0.8918918918918919,STRONG_BULLISH,1.0
2021-07-19,0.6427664028485969,5,0.9571552822405516,-0.6352151598894591,1.0,,1.0,0.8918918918918919,STRONG_BULLISH,1.0
2021-07-20,0.6296926836095345,5,0.949547058910319,-0.6929755327545384,1.0,,1.0,0.8918918918918919,STRONG_BULLISH,1.0
2021-07-21,0.6256309664393106,5,0.95894538606403,-0.7226824457593688,1.0,,1.0,0.8918918918918919,STRONG_BULLISH,1.0
2021-07-22,0.6195218164841136,5,0.9608433734939759,-0.7551261829652998,1.0,,1.0,0.8918918918918919,STRONG_BULLISH,1.0
2021-07-23,0.6370490087230047,5,0.9516109365083114,-0.6582577847851794,1.0,,1.0,0.8918918918918919,STRONG_BULLISH,1.0
2021-07-26,0.6351501564746673,5,0.9501315461158022,-0.6662726556343577,1.0,,1.0,0.8918918918918919,STRONG_BULLISH,1.0
2021-07-27,0.6373458971474708,5,0.9573031314586959,-0.6624655376132336,1.0,,1.0,0.8918918918918919,STRONG_BULLISH,1.0
2021-07-28,0.6414722364130359,5,0.9532645657638383,-0.6377952755905512,1.0,,1.0,0.8918918918918919,STRONG_BULLISH,1.0
2021-07-29,0.6369259108146798,5,0.9479914992535261,-0.6552538370720189,1.0,,1.0,0.8918918918918919,STRONG_BULLISH,1.0
2021-07-30,0.6403297339899259,5,0.9454766836438906,-0.6357199055861527,1.0,,1.0,0.8918918918918919,STRONG_BULLISH,1.0
2021-08-02,0.6390889803584434,5,0.956718562397376,-0.6531655524970508,1.0,,1.0,0.8918918918918919,STRONG_BULLISH,1.0
2021-08-03,0.6287848322729157,5,0.9756957914852653,-0.7236635220125787,1.0,,1.0,0.8918918918918919,STRONG_BULLISH,1.0
2021-08-04,0.6276151969300748,5,0.9809581595561243,-0.7347740667976423,1.0,,1.0,0.8918918918918919,STRONG_BULLISH,1.0
2021-08-05,0.6332974639538417,5,0.9859072896212284,-0.711311861743912,1.0,,1.0,0.8918918918918919,STRONG_BULLISH,1.0
2021-08-06,0.6321950236800167,5,0.9844346203048149,-0.7153513937966234,1.0,,1.0,0.8918918918918919,STRONG_BULLISH,1.0
2021-08-09,0.6303182208460472,5,0.9892910490730378,-0.7295918367346939,1.0,,1.0,0.8918918918918919,STRONG_BULLISH,1.0
2021-08-10,0.6318425803017803,5,0.9848572983576918,-0.7175362887406826,1.0,,1.0,0.8918918918918919,STRONG_BULLISH,1.0
2021-08-11,0.6322853225372846,5,0.98639746589257,-0.7168627450980392,1.0,,1.0,0.8918918918918919,STRONG_BULLISH,1.0
2021-08-12,0.6306156456157235,5,0.9867841409691631,-0.7255978047824383,1.0,,1.0,0.8918918918918919,STRONG_BULLISH,1.0
2021-08-13,0.6269693455912305,5,0.9878607921771136,-0.7449059561128526,1.0,,1.0,0.8918918918918919,STRONG_BULLISH,1.0
2021-08-16,0.6240247834305416,5,0.9900808305878819,-0.761848805327066,1.0,,1.0,0.8918918918918919,STRONG_BULLISH,1.0
2021-08-17,0.622469045573928,5,0.9878769851555087,-0.7674236491777604,1.0,,1.0,0.8918918918918919,STRONG_BULLISH,1.0
2021-08-18,0.6337207726911908,5,0.9706454353605394,-0.6939334637964776,1.0,,1.0,0.8918918918918919,STRONG_BULLISH,1.0
2021-08-19,0.633709170566753,5,0.963664915558462,-0.6870109546165883,1.0,,1.0,0.8918918918918919,STRONG_BULLISH,1.0
2021-08-20,0.6329553566080748,5,0.9666666666666668,-0.6937817755181852,1.0,,1.0,0.8918918918918919,STRONG_BULLISH,1.0
2021-08-23,0.631111391333708,5,0.9610849240416988,-0.6974198592650509,1.0,,1.0,0.8918918918918919,STRONG_BULLISH,1.0
2021-08-24,0.6324097169275191,5,0.949328244132964,-0.6791715513872605,1.0,,1.0,0.8918918918918919,STRONG_BULLISH,1.0
2021-08-25,0.6320843157094235,5,0.9486078116552255,-0.6800781250000001,1.0,,1.0,0.8918918918918919,STRONG_BULLISH,1.0
2021-08-26,0.6296307332450344,5,0.9423219070939204,-0.6860601327606404,1.0,,1.0,0.8918918918918919,STRONG_BULLISH,1.0
2021-08-27,0.6271988092765686,5,0.9478492270904821,-0.7037470725995316,1.0,,1.0,0.8918918918918919,STRONG_BULLISH,1.0
2021-08-30,0.6254324068957695,5,0.9434246490247236,-0.7081545064377681,1.0,,1.0,0.8918918918918919,STRONG_BULLISH,1.0
2021-08-31,0.627174479781902,5,0.9409383853327504,-0.6969578783151325,1.0,,1.0,0.8918918918918919,STRONG_BULLISH,1.0
2021-09-01,0.6222872151775416,5,0.950148472494841,-0.7306042884990254,1.0,,1.0,0.8918918918918919,STRONG_BULLISH,1.0
2021-09-02,0.6219795805415824,5,0.9413107652977035,-0.7233047544816835,1.0,,1.0,0.8918918918918919,STRONG_BULLISH,1.0
2021-09-03,0.6214475818251521,5,0.946549757007924,-0.7312037397740552,1.0,,1.0,0.8918918918918919,STRONG_BULLISH,1.0
2021-09-07,0.6300325941132664,5,0.9401246612289571,-0.6818535825545171,1.0,,1.0,0.8918918918918919,STRONG_BULLISH,1.0
2021-09-08,0.6259009133889798,5,0.9452810284979272,-0.7076683534449202,1.0,,1.0,0.8918918918918919,STRONG_BULLISH,1.0
2021-09-09,0.6235573306511506,5,0.9364005979397372,-0.7105058365758756,1.0,,1.0,0.8918918918918919,STRONG_BULLISH,1.0
2021-09-10,0.6218503112329102,5,0.9342013601108543,-0.7168416958381951,1.0,,1.0,0.8918918918918919,STRONG_BULLISH,1.0
2021-09-13,0.6259775857250196,5,0.9215108112277623,-0.6835147744945567,1.0,,1.0,0.8918918918918919,STRONG_BULLISH,1.0
2021-09-14,0.4157810694191382,5,0.8711268647452366,-0.49397590361445776,0.5555555555555556,,0.7777777777777777,0.368421052631579,STRONG_BULLISH,1.0
2021-09-15,0.4083058017148198,5,0.886006168840733,-0.5462315462315463,0.5555555555555556,,0.7777777777777777,0.368421052631579,STRONG_BULLISH,1.0
2021-09-16,0.4107363538316736,5,0.8773642763973393,-0.5254368932038833,0.5555555555555556,,0.7777777777777777,0.368421052631579,STRONG_BULLISH,1.0
2021-09-17,0.41204096361010994,5,0.8510746556881217,-0.4926242236024845,0.5555555555555556,,0.7777777777777777,0.368421052631579,STRONG_BULLISH,1.0
2021-09-20,0.41298155294411104,5,0.8435569487983281,-0.4804035700426854,0.5555555555555556,,0.7777777777777777,0.368421052631579,STRONG_BULLISH,1.0
2021-09-21,0.4083248781595933,5,0.8511190350890665,-0.5112490302560122,0.5555555555555556,,0.7777777777777777,0.368421052631579,STRONG_BULLISH,1.0
2021-09-22,0.40019415327695584,5,0.8777351861585256,-0.5785188057386583,0.5555555555555556,,0.7777777777777777,0.368421052631579,STRONG_BULLISH,1.0
2021-09-23,0.39796663799640325,5,0.900094307893073,-0.6120155038759689,0.5555555555555556,,0.7777777777777777,0.368421052631579,STRONG_BULLISH,1.0
2021-09-24,0.3954936025577784,5,0.9033773230657465,-0.6276636962417668,0.5555555555555556,,0.7777777777777777,0.368421052631579,STRONG_BULLISH,1.0
2021-09-27,0.38844208384609014,5,0.9124157544119367,-0.6719597211463981,0.5555555555555556,,0.7777777777777777,0.368421052631579,STRONG_BULLISH,1.0
2021-09-28,0.3917119608785836,5,0.9052761888499958,-0.6484707704219899,0.5555555555555556,,0.7777777777777777,0.368421052631579,STRONG_BULLISH,1.0
2021-09-29,0.387175882939467,5,0.91330459529589,-0.6791795665634675,0.5555555555555556,,0.7777777777777777,0.368421052631579,STRONG_BULLISH,1.0
2021-09-30,0.4019360648809239,5,0.8255274858284887,-0.5176015473887814,0.5555555555555556,,0.7777777777777777,0.368421052631579,STRONG_BULLISH,1.0
2021-10-01,0.3940068028503253,5,0.885835699439073,-0.6175560711523587,0.5555555555555556,,0.7777777777777777,0.368421052631579,STRONG_BULLISH,1.0
2021-10-04,0.3952665656398747,5,0.8775935176113459,-0.6030150753768844,0.5555555555555556,,0.7777777777777777,0.368421052631579,STRONG_BULLISH,1.0
2021-10-05,0.38416834106903697,5,0.9076499159799636,-0.6885625965996909,0.5555555555555556,,0.7777777777777777,0.368421052631579,STRONG_BULLISH,1.0
2021-10-06,0.3837843780287163,5,0.8985116524984837,-0.6813441483198146,0.5555555555555556,,0.7777777777777777,0.368421052631579,STRONG_BULLISH,1.0
2021-10-07,0.3768158992199839,5,0.9024023302122273,-0.7200772200772201,0.5555555555555556,,0.7777777777777777,0.368421052631579,STRONG_BULLISH,1.0
2021-10-08,0.3683966348221236,5,0.9240960208743818,-0.7838672327286762,0.5555555555555556,,0.7777777777777777,0.368421052631579,STRONG_BULLISH,1.0
2021-10-11,0.36759991129458924,5,0.9306124544586514,-0.7943672839506173,0.5555555555555556,,0.7777777777777777,0.368421052631579,STRONG_BULLISH,1.0
2021-10-12,0.36585098598999916,5,0.925803667779916,-0.7983031237948324,0.5555555555555556,,0.7777777777777777,0.368421052631579,STRONG_BULLISH,1.0
2021-10-13,0.3631700478202805,5,0.9198013273076544,-0.8057054741711642,0.5555555555555556,,0.7777777777777777,0.368421052631579,STRONG_BULLISH,1.0
2021-10-14,0.3642290321658904,5,0.9116836457701274,-0.7922928709055876,0.5555555555555556,,0.7777777777777777,0.368421052631579,STRONG_BULLISH,1.0
2021-10-15,0.36354958182871044,5,0.9102924445962053,-0.7942989214175653,0.5555555555555556,,0.7777777777777777,0.368421052631579,STRONG_BULLISH,1.0
2021-10-18,0.3625670324481688,5,0.9185509341504021,-0.8074701578744705,0.5555555555555556,,0.7777777777777777,0.368421052631579,STRONG_BULLISH,1.0
2021-10-19,0.3644360404151315,5,0.9298946382816458,-0.8094688221709005,0.5555555555555556,,0.7777777777777777,0.368421052631579,STRONG_BULLISH,1.0
2021-10-20,0.36338290586709404,5,0.9223936947364679,-0.8072335513659099,0.5555555555555556,,0.7777777777777777,0.368421052631579,STRONG_BULLISH,1.0
2021-10-21,0.36505458807343444,5,0.9262108620945675,-0.8026923076923076,0.5555555555555556,,0.7777777777777777,0.368421052631579,STRONG_BULLISH,1.0
2021-10-22,0.36786162791953936,5,0.9533938151475865,-0.815840061514802,0.5555555555555556,,0.7777777777777777,0.368421052631579,STRONG_BULLISH,1.0
2021-10-25,0.3677616569134544,5,0.9491215388790701,-0.8120676402767102,0.5555555555555556,,0.7777777777777777,0.368421052631579,STRONG_BULLISH,1.0
2021-10-26,0.36873579107979637,5,0.9486859985543155,-0.8067614291202458,0.5555555555555556,,0.7777777777777777,0.368421052631579,STRONG_BULLISH,1.0
2021-10-27,0.3682104483920111,5,0.9353808053038992,-0.7960829493087558,0.5555555555555556,,0.7777777777777777,0.368421052631579,STRONG_BULLISH,1.0
2021-10-28,0.36943503953640067,5,0.9431175487612369,-0.7976967370441459,0.5555555555555556,,0.7777777777777777,0.368421052631579,STRONG_BULLISH,1.0
2021-10-29,0.36660946897993923,5,0.9256137570928806,-0.7943207981580966,0.5555555555555556,,0.7777777777777777,0.368421052631579,STRONG_BULLISH,1.0
2021-11-01,0.3680558198634326,5,0.9110601947484915,-0.7725354813962408,0.5555555555555556,,0.7777777777777777,0.368421052631579,STRONG_BULLISH,1.0
2021-11-02,0.3663278803948247,5,0.923213236868107,-0.7933282208588956,0.5555555555555556,,0.7777777777777777,0.368421052631579,STRONG_BULLISH,1.0
2021-11-03,0.36731103764073886,5,0.9312745469685637,-0.7964737447297816,0.5555555555555556,,0.7777777777777777,0.368421052631579,STRONG_BULLISH,1.0
2021-11-04,0.3659434888125806,5,0.918384514036688,-0.7904214559386973,0.5555555555555556,,0.7777777777777777,0.368421052631579,STRONG_BULLISH,1.0
2021-11-05,0.3663771584452972,5,0.9083772890650976,-0.7782458828035237,0.5555555555555556,,0.7777777777777777,0.368421052631579,STRONG_BULLISH,1.0
2021-11-08,0.36605178530661897,5,0.9095152603231598,-0.7810107197549772,0.5555555555555556,,0.7777777777777777,0.368421052631579,STRONG_BULLISH,1.0
2021-11-09,0.36485390735115397,5,0.8951902368987796,-0.7726750861079219,0.5555555555555556,,0.7777777777777777,0.368421052631579,STRONG_BULLISH,1.0
2021-11-10,0.36488098734205415,5,0.880875493362038,-0.7582249426166794,0.5555555555555556,,0.7777777777777777,0.368421052631579,STRONG_BULLISH,1.0
2021-11-11,0.36410957879617484,5,0.8805525902339353,-0.7617590822179734,0.5555555555555556,,0.7777777777777777,0.368421052631579,STRONG_BULLISH,1.0
2021-11-12,0.36436272254875435,5,0.8666188598063822,-0.7465596330275228,0.5555555555555556,,0.7777777777777777,0.368421052631579,STRONG_BULLISH,1.0
2021-11-15,0.3621648586965612,5,0.8698647107276758,-0.7607948032097822,0.5555555555555556,,0.7777777777777777,0.368421052631579,STRONG_BULLISH,1.0
2021-11-16,0.3615102076721856,5,0.8960945897527768,-0.7902979373567609,0.5555555555555556,,0.7777777777777777,0.368421052631579,STRONG_BULLISH,1.0
2021-11-17,0.3610664492031221,5,0.8886103151862463,-0.7850324551355481,0.5555555555555556,,0.7777777777777777,0.368421052631579,STRONG_BULLISH,1.0
2021-11-18,0.36013520715638603,5,0.8718224131757966,-0.7729007633587788,0.5555555555555556,,0.7777777777777777,0.368421052631579,STRONG_BULLISH,1.0
2021-11-19,0.35925510567192587,5,0.8511025998537023,-0.7565814574589851,0.5555555555555556,,0.7777777777777777,0.368421052631579,STRONG_BULLISH,1.0
2021-11-22,0.3587113852921953,5,0.862969588550984,-0.7711670480549198,0.5555555555555556,,0.7777777777777777,0.368421052631579,STRONG_BULLISH,1.0
2021-11-23,0.35722240922281523,5,0.8075753498174829,-0.7232176896683189,0.5555555555555556,,0.7777777777777777,0.368421052631579,STRONG_BULLISH,1.0
2021-11-24,0.3555240608974935,5,0.81938725998597,-0.7435213414634148,0.5555555555555556,,0.7777777777777777,0.368421052631579,STRONG_BULLISH,1.0
2021-11-26,0.35535908858965864,5,0.7733267712690954,-0.6982857142857144,0.5555555555555556,,0.7777777777777777,0.368421052631579,STRONG_BULLISH,1.0
2021-11-29,0.35348237882137434,5,0.7880489780581819,-0.7223914699162224,0.5555555555555556,,0.7777777777777777,0.368421052631579,STRONG_BULLISH,1.0
2021-11-30,0.35484732652524753,5,0.7070463882677207,-0.6345641416063952,0.5555555555555556,,0.7777777777777777,0.368421052631579,STRONG_BULLISH,1.0
2021-12-01,0.3525346863971711,5,0.6552873869646265,-0.5943683409436833,0.5555555555555556,,0.7777777777777777,0.368421052631579,STRONG_BULLISH,1.0
2021-12-02,0.3518543320403454,5,0.6611688527837907,-0.603651578546976,0.5555555555555556,,0.7777777777777777,0.368421052631579,STRONG_BULLISH,1.0
2021-12-03,0.34336442948418594,5,0.5546114876917589,-0.5395437262357414,0.5555555555555556,,0.7777777777777777,0.368421052631579,STRONG_BULLISH,1.0
2021-12-06,0.3439807819126487,5,0.5871347003372138,-0.5689851767388825,0.5555555555555556,,0.7777777777777777,0.368421052631579,STRONG_BULLISH,1.0
2021-12-07,0.34672651622102857,5,0.6375012954441819,-0.6056231003039514,0.5555555555555556,,0.7777777777777777,0.368421052631579,STRONG_BULLISH,1.0
2021-12-08,0.34029424810381126,5,0.5678900410334453,-0.5681731864793012,0.5555555555555556,,0.7777777777777777,0.368421052631579,STRONG_BULLISH,1.0
2021-12-09,0.33737995086244854,5,0.5447505315971406,-0.5596051632498102,0.5555555555555556,,0.7777777777777777,0.368421052631579,STRONG_BULLISH,1.0
2021-12-10,0.025481987182429576,5,0.9298363245277947,-0.9058823529411764,0.6521739130434783,,0.3999999999999999,-0.9487179487179487,BULLISH,0.75
2021-12-13,0.020417603367658143,5,0.9037913848344608,-0.9051593323216995,0.6521739130434783,,0.3999999999999999,-0.9487179487179487,BULLISH,0.75
2021-12-14,0.017214204255974686,5,0.8870519170226032,-0.9044368600682593,0.6521739130434783,,0.3999999999999999,-0.9487179487179487,BULLISH,0.75
2021-12-15,0.02408415314181713,5,0.922954187281964,-0.9059893858984078,0.6521739130434783,,0.3999999999999999,-0.9487179487179487,BULLISH,0.75
2021-12-16,0.022813012572073445,5,0.9158762451812947,-0.905267146646457,0.6521739130434783,,0.3999999999999999,-0.9487179487179487,BULLISH,0.75
2021-12-17,-0.0012039982459927322,5,0.7927967717172342,-0.9022727272727273,0.6521739130434783,,0.3999999999999999,-0.9487179487179487,BULLISH,0.75
2021-12-20,-0.03934667411245134,5,0.6013631073689347,-0.9015524422567209,0.6521739130434783,,0.3999999999999999,-0.9487179487179487,NEUTRAL,0.5
2021-12-21,-0.04059120184986913,5,0.5944207289232324,-0.9008327024981075,0.6521739130434783,,0.3999999999999999,-0.9487179487179487,NEUTRAL,0.5
2021-12-22,-0.06152041209978032,5,0.48905548255354847,-0.9001135073779796,0.6521739130434783,,0.3999999999999999,-0.9487179487179487,NEUTRAL,0.5
2021-12-23,-0.0672138625282737,5,0.459869579311468,-0.899394856278366,0.6521739130434783,,0.3999999999999999,-0.9487179487179487,NEUTRAL,0.5
2021-12-27,-0.06891541845172111,5,0.4506436919980954,-0.8986767485822305,0.6521739130434783,,0.3999999999999999,-0.9487179487179487,NEUTRAL,0.5
2021-12-28,-0.08331100153707367,5,0.37794821166257164,-0.8979591836734695,0.6521739130434783,,0.3999999999999999,-0.9487179487179487,NEUTRAL,0.5
2021-12-29,-0.08691649724300846,5,0.3592037103963379,-0.8972421609369097,0.6521739130434783,,0.3999999999999999,-0.9487179487179487,NEUTRAL,0.5
2021-12-30,-0.09231873354129956,5,0.3314760477262808,-0.8965256797583081,0.6521739130434783,,0.3999999999999999,-0.9487179487179487,NEUTRAL,0.5
2021-12-31,-0.10420203270923337,5,0.2713436116526524,-0.8958097395243487,0.6521739130434783,,0.3999999999999999,-0.9487179487179487,NEUTRAL,0.5
2022-01-03,-0.09591284555614235,5,0.31282886449753255,-0.8958490566037738,0.6521739130434783,,0.3999999999999999,-0.9487179487179487,NEUTRAL,0.5
2022-01-04,-0.08904352486764626,5,0.3494780522264693,-0.8981516408902301,0.6521739130434783,,0.3999999999999999,-0.9487179487179487,NEUTRAL,0.5
2022-01-05,-0.1146924664508803,5,0.2167468617911097,-0.8936651583710407,0.6521739130434783,,0.3999999999999999,-0.9487179487179487,NEUTRAL,0.5
2022-01-06,-0.11349932617953953,5,0.22199878057775302,-0.8929513758009802,0.6521739130434783,,0.3999999999999999,-0.9487179487179487,NEUTRAL,0.5
2022-01-07,-0.1022612312574576,5,0.27973674901792855,-0.8944988696307461,0.6521739130434783,,0.3999999999999999,-0.9487179487179487,NEUTRAL,0.5
2022-01-10,-0.08542442861785907,5,0.36772697733093773,-0.8983050847457625,0.6521739130434783,,0.3999999999999999,-0.9487179487179487,NEUTRAL,0.5
2022-01-11,-0.07922730540882754,5,0.3964918459797304,-0.8960843373493976,0.6521739130434783,,0.3999999999999999,-0.9487179487179487,NEUTRAL,0.5
2022-01-12,-0.08265695328043968,5,0.37862998812812454,-0.8953707188558524,0.6521739130434783,,0.3999999999999999,-0.9487179487179487,NEUTRAL,0.5
2022-01-13,-0.08972076703500007,5,0.34034050147764927,-0.8924003009781791,0.6521739130434783,,0.3999999999999999,-0.9487179487179487,NEUTRAL,0.5
2022-01-14,-0.09085612772318372,5,0.3339520017971753,-0.8916886047386234,0.6521739130434783,,0.3999999999999999,-0.9487179487179487,NEUTRAL,0.5
2022-01-18,-0.11307579933217582,5,0.21913496382562148,-0.8879699248120301,0.6521739130434783,,0.3999999999999999,-0.9487179487179487,NEUTRAL,0.5
2022-01-19,-0.1324332201860982,5,0.12163836315435139,-0.887260428410372,0.6521739130434783,,0.3999999999999999,-0.9487179487179487,NEUTRAL,0.5
2022-01-20,-0.13954515677161963,5,0.08424274467888182,-0.8854244928625095,0.6521739130434783,,0.3999999999999999,-0.9487179487179487,NEUTRAL,0.5
2022-01-21,-0.1402242614450128,5,0.07976369728155075,-0.8843409688321442,0.6521739130434783,,0.3999999999999999,-0.9487179487179487,NEUTRAL,0.5
2022-01-24,-0.14241571980704998,5,0.0692251963989805,-0.8847597597597598,0.6521739130434783,,0.3999999999999999,-0.9487179487179487,NEUTRAL,0.5
2022-01-25,-0.1497710709008643,5,0.030240275916865622,-0.8825515947467166,0.6521739130434783,,0.3999999999999999,-0.9487179487179487,NEUTRAL,0.5
2022-01-26,-0.156089805708762,5,-0.006935750558761722,-0.8769692423105777,0.6521739130434783,,0.3999999999999999,-0.9487179487179487,NEUTRAL,0.5
2022-01-27,-0.1540364205317542,5,0.004502165486640619,-0.8781402324709411,0.6521739130434783,,0.3999999999999999,-0.9487179487179487,NEUTRAL,0.5
2022-01-28,-0.15139302408659314,5,0.02113813563130984,-0.881559220389805,0.6521739130434783,,0.3999999999999999,-0.9487179487179487,NEUTRAL,0.5
2022-01-31,-0.15175733065869296,5,0.02048499571933471,-0.882727613338329,0.6521739130434783,,0.3999999999999999,-0.9487179487179487,NEUTRAL,0.5
2022-02-01,-0.15482899281272838,5,0.003672479850528987,-0.8812734082397005,0.6521739130434783,,0.3999999999999999,-0.9487179487179487,NEUTRAL,0.5
2022-02-02,-0.1483897762142544,5,0.03965692921944708,-0.8850617746162486,0.6521739130434783,,0.3999999999999999,-0.9487179487179487,NEUTRAL,0.5
2022-02-03,-0.1515526620158131,5,0.021265755535524677,-0.8824850299401197,0.6521739130434783,,0.3999999999999999,-0.9487179487179487,NEUTRAL,0.5
2022-02-04,-0.15450408128321969,5,0.006552622898476912,-0.8825289936401048,0.6521739130434783,,0.3999999999999999,-0.9487179487179487,NEUTRAL,0.5
2022-02-07,-0.15865762626163918,5,-0.01865883011390501,-0.8780852655198204,0.6521739130434783,,0.3999999999999999,-0.9487179487179487,NEUTRAL,0.5
2022-02-08,-0.15830885226619,5,-0.01686938453498421,-0.8781308411214952,0.6521739130434783,,0.3999999999999999,-0.9487179487179487,NEUTRAL,0.5
2022-02-09,-0.14433342099031682,5,0.0627693074045006,-0.8878923766816142,0.6521739130434783,,0.3999999999999999,-0.9487179487179487,NEUTRAL,0.5
2022-02-10,-0.15057118514987175,5,0.024151315005425555,-0.8804632050803138,0.6521739130434783,,0.3999999999999999,-0.9487179487179487,NEUTRAL,0.5
2022-02-11,-0.1580523623798598,5,-0.023665498405560537,-0.8700522778192681,0.6521739130434783,,0.3999999999999999,-0.9487179487179487,NEUTRAL,0.5
2022-02-14,-0.15795995096935025,5,-0.029127313050593573,-0.8641284061216872,0.6521739130434783,,0.3999999999999999,-0.9487179487179487,NEUTRAL,0.5
2022-02-15,-0.15685845524405537,5,-0.017225852486104865,-0.8705223880597015,0.6521739130434783,,0.3999999999999999,-0.9487179487179487,NEUTRAL,0.5
2022-02-16,-0.16134622886560404,5,-0.04521135333836879,-0.8649757553151809,0.6521739130434783,,0.3999999999999999,-0.9487179487179487,NEUTRAL,0.5
2022-02-17,-0.16327246742831797,5,-0.08312926343579952,-0.8366890380313199,0.6521739130434783,,0.3999999999999999,-0.9487179487179487,NEUTRAL,0.5
2022-02-18,-0.16949692526282964,5,-0.12760849969670351,-0.8233320909429742,0.6521739130434783,,0.3999999999999999,-0.9487179487179487,NEUTRAL,0.5
2022-02-22,-0.16985666969324267,5,-0.1371655422999395,-0.8155737704918034,0.6521739130434783,,0.3999999999999999,-0.9487179487179487,NEUTRAL,0.5
2022-02-23,-0.16464826266785554,5,-0.1430846147225352,-0.7836126629422719,0.6521739130434783,,0.3999999999999999,-0.9487179487179487,NEUTRAL,0.5
2022-02-24,-0.18009181998307483,5,-0.17703494510464135,-0.8268801191362622,0.6521739130434783,,0.3999999999999999,-0.9487179487179487,NEUTRAL,0.5
2022-02-25,-0.18377725063372036,5,-0.1782782055849388,-0.8440640119091924,0.6521739130434783,,0.3999999999999999,-0.9487179487179487,NEUTRAL,0.5
2022-02-28,-0.19525687104313363,5,-0.2408266290650073,-0.8389136904761905,0.6521739130434783,,0.3999999999999999,-0.9487179487179487,NEUTRAL,0.5
2022-03-01,-0.19439991495359576,5,-0.23648194296111702,-0.8389735961323912,0.6521739130434783,,0.3999999999999999,-0.9487179487179487,NEUTRAL,0.5
2022-03-02,-0.19214280882594253,5,-0.20580569618758415,-0.8583643122676579,0.6521739130434783,,0.3999999999999999,-0.9487179487179487,NEUTRAL,0.5
2022-03-03,-0.1826694649500984,5,-0.15912956183707672,-0.8576737272389447,0.6521739130434783,,0.3999999999999999,-0.9487179487179487,NEUTRAL,0.5
2022-03-04,-0.20454182915809938,5,-0.28218294072523886,-0.8439821693907876,0.6521739130434783,,0.3999999999999999,-0.9487179487179487,NEUTRAL,0.5
2022-03-07,-0.22022365223882376,5,-0.3898694353228418,-0.8147047901968065,0.6521739130434783,,0.3999999999999999,-0.9487179487179487,NEUTRAL,0.5
2022-03-08,-0.21808182213653898,5,-0.4017344142806818,-0.7921306607275427,0.6521739130434783,,0.3999999999999999,-0.9487179487179487,NEUTRAL,0.5
2022-03-09,-0.22755233775415712,5,-0.40299872916310553,-0.8382189239332096,0.6521739130434783,,0.3999999999999999,-0.9487179487179487,NEUTRAL,0.5
2022-03-10,-0.19763673745895954,5,-0.2466841620060839,-0.8449554896142435,0.6521739130434783,,0.3999999999999999,-0.9487179487179487,NEUTRAL,0.5
2022-03-11,-0.4003449713554511,5,-0.1495002343907511,-0.8906192065257694,-0.8297872340425532,,0.8181818181818181,-0.95,BEARISH,0.25
2022-03-14,-0.41485892638548394,5,-0.22388269271605465,-0.8888065233506302,-0.8297872340425532,,0.8181818181818181,-0.95,BEARISH,0.25
2022-03-15,-0.4132496015820196,5,-0.2080142111675548,-0.8966283808818081,-0.8297872340425532,,0.8181818181818181,-0.95,BEARISH,0.25
2022-03-16,-0.4152396640083172,5,-0.22014845973640618,-0.8944444444444444,-0.8297872340425532,,0.8181818181818181,-0.95,BEARISH,0.25
2022-03-17,-0.4125952844462219,5,-0.20503631551513568,-0.8963346908552388,-0.8297872340425532,,0.8181818181818181,-0.95,BEARISH,0.25
2022-03-18,-0.40774232917470743,5,-0.1788826918928913,-0.8982235381199111,-0.8297872340425532,,0.8181818181818181,-0.95,BEARISH,0.25
2022-03-21,-0.4332335063311598,5,-0.30778076174400926,-0.8967813540510545,-0.8297872340425532,,0.8181818181818181,-0.95,BEARISH,0.25
2022-03-22,-0.44145899932424976,5,-0.34702094170725917,-0.8986686390532546,-0.8297872340425532,,0.8181818181818181,-0.95,BEARISH,0.25
2022-03-23,-0.44671194381483126,5,-0.3795328614389294,-0.8924214417744918,-0.8297872340425532,,0.8181818181818181,-0.95,BEARISH,0.25
2022-03-24,-0.46714194635085243,5,-0.4753607830036526,-0.8987435328898743,-0.8297872340425532,,0.8181818181818181,-0.95,BEARISH,0.25
2022-03-25,-0.4642406930907434,5,-0.46229476182053997,-0.8973032877724418,-0.8297872340425532,,0.8181818181818181,-0.95,BEARISH,0.25
2022-03-28,-0.4507491854547762,5,-0.3933221953127033,-0.898818316100443,-0.8297872340425532,,0.8181818181818181,-0.95,BEARISH,0.25
2022-03-29,-0.4457747403099342,5,-0.36804347948738514,-0.8992248062015504,-0.8297872340425532,,0.8181818181818181,-0.95,BEARISH,0.25
2022-03-30,-0.4467107213798876,5,-0.3745312168689614,-0.8974169741697418,-0.8297872340425532,,0.8181818181818181,-0.95,BEARISH,0.25
2022-03-31,-0.44619399229428175,5,-0.3726474670418798,-0.8967170785687939,-0.8297872340425532,,0.8181818181818181,-0.95,BEARISH,0.25
2022-04-01,-0.4682061652178714,5,-0.48414517424042147,-0.8952802359882006,-0.8297872340425532,,0.8181818181818181,-0.95,BEARISH,0.25
2022-04-04,-0.4717881719364333,5,-0.49869924772854524,-0.8986361960928861,-0.8297872340425532,,0.8181818181818181,-0.95,BEARISH,0.25
2022-04-05,-0.494131547822945,5,-0.612957997535493,-0.8960943257184968,-0.8297872340425532,,0.8181818181818181,-0.95,BEARISH,0.25
2022-04-06,-0.5096685413461918,5,-0.6928146389365226,-0.8939226519337016,-0.8297872340425532,,0.8181818181818181,-0.95,STRONG_BEARISH,0.0
2022-04-07,-0.49602905680356246,5,-0.6289964219125997,-0.8895434462444771,-0.8297872340425532,,0.8181818181818181,-0.95,STRONG_BEARISH,0.0
2022-04-08,-0.49880804090972813,5,-0.6446909535756495,-0.8877438351122562,-0.8297872340425532,,0.8181818181818181,-0.95,STRONG_BEARISH,0.0
2022-04-11,-0.4981398074119759,5,-0.6471951664530076,-0.8818984547461368,-0.8297872340425532,,0.8181818181818181,-0.95,STRONG_BEARISH,0.0
2022-04-12,-0.50531364668668,5,-0.6848598385362543,-0.8801029790364105,-0.8297872340425532,,0.8181818181818181,-0.95,STRONG_BEARISH,0.0
2022-04-13,-0.489397653378035,5,-0.6041328510294397,-0.8812500000000001,-0.8297872340425532,,0.8181818181818181,-0.95,BEARISH,0.25
2022-04-14,-0.5000355662404413,5,-0.6583813091305197,-0.8801911062109518,-0.8297872340425532,,0.8181818181818181,-0.95,STRONG_BEARISH,0.0
2022-04-18,-0.4963052337416669,5,-0.6437267778292306,-0.8761939750183689,-0.8297872340425532,,0.8181818181818181,-0.95,STRONG_BEARISH,0.0
2022-04-19,-0.48914013904218534,5,-0.603448933408216,-0.8806463459419758,-0.8297872340425532,,0.8181818181818181,-0.95,BEARISH,0.25
2022-04-20,-0.4744069719381166,5,-0.5268024247402741,-0.8836270190895741,-0.8297872340425532,,0.8181818181818181,-0.95,BEARISH,0.25
2022-04-21,-0.4565049744917561,5,-0.4420203740292378,-0.8788990825688074,-0.8297872340425532,,0.8181818181818181,-0.95,BEARISH,0.25
2022-04-22,-0.4727647967977015,5,-0.5339133590301937,-0.8683052090975789,-0.8297872340425532,,0.8181818181818181,-0.95,BEARISH,0.25
2022-04-25,-0.4542298766264958,5,-0.4400903552438743,-0.8694536120278693,-0.8297872340425532,,0.8181818181818181,-0.95,BEARISH,0.25
2022-04-26,-0.4672928463667397,5,-0.5097561766767755,-0.8651026392961878,-0.8297872340425532,,0.8181818181818181,-0.95,BEARISH,0.25
2022-04-27,-0.4505726554568762,5,-0.42573935647677896,-0.865518504946867,-0.8297872340425532,,0.8181818181818181,-0.95,BEARISH,0.25
2022-04-28,-0.4520873166365149,5,-0.4317982002888724,-0.8670329670329671,-0.8297872340425532,,0.8181818181818181,-0.95,BEARISH,0.25
2022-04-29,-0.4597386147086975,5,-0.47513232996396804,-0.8619553277187844,-0.8297872340425532,,0.8181818181818181,-0.95,BEARISH,0.25
2022-05-02,-0.4760693925485414,5,-0.5563696581557647,-0.8623718887262077,-0.8297872340425532,,0.8181818181818181,-0.95,BEARISH,0.25
2022-05-03,-0.4898936726463881,5,-0.6272701921571551,-0.8605927552140504,-0.8297872340425532,,0.8181818181818181,-0.95,BEARISH,0.25
2022-05-04,-0.4791588821587677,5,-0.5680587827897237,-0.8661302121433796,-0.8297872340425532,,0.8181818181818181,-0.95,BEARISH,0.25
2022-05-05,-0.4917579238216273,5,-0.6394145505965788,-0.8577696526508225,-0.8297872340425532,,0.8181818181818181,-0.95,BEARISH,0.25
2022-05-06,-0.501794522937347,5,-0.6906420526271698,-0.8567251461988303,-0.8297872340425532,,0.8181818181818181,-0.95,STRONG_BEARISH,0.0
2022-05-09,-0.5021572472191238,5,-0.6934994172389032,-0.8556814029959812,-0.8297872340425532,,0.8181818181818181,-0.95,STRONG_BEARISH,0.0
2022-05-10,-0.488915160623729,5,-0.6261405844821614,-0.8568298027757488,-0.8297872340425532,,0.8181818181818181,-0.95,BEARISH,0.25
2022-05-11,-0.49052397763668826,5,-0.6366880758276352,-0.8543263964950711,-0.8297872340425532,,0.8181818181818181,-0.95,BEARISH,0.25
2022-05-12,-0.5032742780324433,5,-0.7014813027686354,-0.8532846715328466,-0.8297872340425532,,0.8181818181818181,-0.95,STRONG_BEARISH,0.0
2022-05-13,-0.5057706241584468,5,-0.712815016131791,-0.854432688799708,-0.8297872340425532,,0.8181818181818181,-0.95,STRONG_BEARISH,0.0
2022-05-16,-0.5094658098243258,5,-0.7337907375643224,-0.8519328956965717,-0.8297872340425532,,0.8181818181818181,-0.95,STRONG_BEARISH,0.0
2022-05-17,-0.5138873542015894,5,-0.7521988360075836,-0.8556325191396281,-0.8297872340425532,,0.8181818181818181,-0.95,STRONG_BEARISH,0.0
2022-05-18,-0.505650193822213,5,-0.7186134832794848,-0.8480320699708455,-0.8297872340425532,,0.8181818181818181,-0.95,STRONG_BEARISH,0.0
2022-05-19,-0.4974210637387594,5,-0.6879771341627523,-0.8375227686703095,-0.8297872340425532,,0.8181818181818181,-0.95,STRONG_BEARISH,0.0
2022-05-20,-0.5081596097264393,5,-0.7306857136163265,-0.8485069191551347,-0.8297872340425532,,0.8181818181818181,-0.95,STRONG_BEARISH,0.0
2022-05-23,-0.5276144929988444,5,-0.824992713494608,-0.851474335638879,-0.8297872340425532,,0.8181818181818181,-0.95,STRONG_BEARISH,0.0
2022-05-24,-0.5216096020964855,5,-0.7978254184935997,-0.8486171761280932,-0.8297872340425532,,0.8181818181818181,-0.95,STRONG_BEARISH,0.0
2022-05-25,-0.5342781871581586,5,-0.8589306636186724,-0.8508548563113858,-0.8297872340425532,,0.8181818181818181,-0.95,STRONG_BEARISH,0.0
2022-05-26,-0.531648653713302,5,-0.841728761796684,-0.8549090909090911,-0.8297872340425532,,0.8181818181818181,-0.95,STRONG_BEARISH,0.0
2022-05-27,-0.5229423431421916,5,-0.7952364343467697,-0.8578698655034533,-0.8297872340425532,,0.8181818181818181,-0.95,STRONG_BEARISH,0.0
2022-05-31,-0.5375544628200016,5,-0.8707889912625288,-0.8553779069767442,-0.8297872340425532,,0.8181818181818181,-0.95,STRONG_BEARISH,0.0
2022-06-01,-0.5374767836248943,5,-0.8728907434551636,-0.8528877588085724,-0.8297872340425532,,0.8181818181818181,-0.95,STRONG_BEARISH,0.0
2022-06-02,-0.5410681465460249,5,-0.8842581926863823,-0.8594771241830066,-0.8297872340425532,,0.8181818181818181,-0.95,STRONG_BEARISH,0.0
2022-06-03,-0.5403097305223288,5,-0.8869486813970064,-0.852994555353902,-0.8297872340425532,,0.8181818181818181,-0.95,STRONG_BEARISH,0.0
2022-06-06,-0.5474945241532273,5,-0.917376638867666,-0.858490566037736,-0.8297872340425532,,0.8181818181818181,-0.95,STRONG_BEARISH,0.0
2022-06-07,-0.5499136080989085,5,-0.931959722929056,-0.8560029017047515,-0.8297872340425532,,0.8181818181818181,-0.95,STRONG_BEARISH,0.0
2022-06-08,-0.551370727428331,5,-0.9464447404977442,-0.8488034807831761,-0.8297872340425532,,0.8181818181818181,-0.95,STRONG_BEARISH,0.0
2022-06-09,-0.5451770736297368,5,-0.9223082234006711,-0.8419717288872779,-0.8297872340425532,,0.8181818181818181,-0.95,STRONG_BEARISH,0.0
2022-06-10,-0.5486130798746709,5,-0.9524744762662424,-0.8289855072463768,-0.8297872340425532,,0.8181818181818181,-0.95,STRONG_BEARISH,0.0
2022-06-13,-0.5424472013954033,5,-0.9545422173386645,-0.7960883737776168,-0.8297872340425532,,0.8181818181818181,-0.95,STRONG_BEARISH,0.0
2022-06-14,-0.18888405810760095,5,-0.9246212466025983,-0.8602461984069514,0.7916666666666667,,1.0,-0.9512195121951219,NEUTRAL,0.5
2022-06-15,-0.18218495241436483,5,-0.8961420938868364,-0.8552298226565327,0.7916666666666667,,1.0,-0.9512195121951219,NEUTRAL,0.5
2022-06-16,-0.17702799745977943,5,-0.8731992980656665,-0.8523878437047756,0.7916666666666667,,1.0,-0.9512195121951219,NEUTRAL,0.5
2022-06-17,-0.18415024920859988,5,-0.9123738073861538,-0.8488245931283904,0.7916666666666667,,1.0,-0.9512195121951219,NEUTRAL,0.5
2022-06-21,-0.19081228484052618,5,-0.9467139293610882,-0.8477946493130875,0.7916666666666667,,1.0,-0.9512195121951219,NEUTRAL,0.5
2022-06-22,-0.1865963125281299,5,-0.9338913119802823,-0.839537405131912,0.7916666666666667,,1.0,-0.9512195121951219,NEUTRAL,0.5
2022-06-23,-0.18294465261884585,5,-0.9079883366409187,-0.8471820809248554,0.7916666666666667,,1.0,-0.9512195121951219,NEUTRAL,0.5
2022-06-24,-0.1839614000175916,5,-0.9003769425696146,-0.8598772119898881,0.7916666666666667,,1.0,-0.9512195121951219,NEUTRAL,0.5
2022-06-27,-0.1837470570280931,5,-0.9010596959297,-0.8581227436823105,0.7916666666666667,,1.0,-0.9512195121951219,NEUTRAL,0.5
2022-06-28,-0.17854524469471272,5,-0.8829388055885582,-0.8502345723565501,0.7916666666666667,,1.0,-0.9512195121951219,NEUTRAL,0.5
2022-06-29,-0.1733369132440655,5,-0.8550393685995205,-0.852092352092352,0.7916666666666667,,1.0,-0.9512195121951219,NEUTRAL,0.5
2022-06-30,-0.1751908927249096,5,-0.861731585640269,-0.8546700324558238,0.7916666666666667,,1.0,-0.9512195121951219,NEUTRAL,0.5
2022-07-01,-0.180686249889937,5,-0.8826671566249069,-0.8612112472963229,0.7916666666666667,,1.0,-0.9512195121951219,NEUTRAL,0.5
2022-07-05,-0.18155280641755947,5,-0.8804634388115944,-0.8677477477477478,0.7916666666666667,,1.0,-0.9512195121951219,NEUTRAL,0.5
2022-07-06,-0.18699501586981837,5,-0.9105086891520489,-0.8649135446685878,0.7916666666666667,,1.0,-0.9512195121951219,NEUTRAL,0.5
2022-07-07,-0.1898530599523391,5,-0.9243901639919729,-0.8653222902412674,0.7916666666666667,,1.0,-0.9512195121951219,NEUTRAL,0.5
2022-07-08,-0.18953502231993508,5,-0.9220315533282398,-0.8660907127429804,0.7916666666666667,,1.0,-0.9512195121951219,NEUTRAL,0.5
2022-07-11,-0.19282820633841813,5,-0.9427673873151288,-0.8618207988485067,0.7916666666666667,,1.0,-0.9512195121951219,NEUTRAL,0.5
2022-07-12,-0.1954943271515098,5,-0.9639619556967198,-0.853956834532374,0.7916666666666667,,1.0,-0.9512195121951219,NEUTRAL,0.5
2022-07-13,-0.1964365312428517,5,-0.9722162903693704,-0.8504135203164329,0.7916666666666667,,1.0,-0.9512195121951219,NEUTRAL,0.5
2022-07-14,-0.1964065784184475,5,-0.9759667467794543,-0.8465132997843279,0.7916666666666667,,1.0,-0.9512195121951219,NEUTRAL,0.5
2022-07-15,-0.19193023260421233,5,-0.9431094565511764,-0.85698886094143,0.7916666666666667,,1.0,-0.9512195121951219,NEUTRAL,0.5
2022-07-18,-0.1945655532826495,5,-0.9619818174365166,-0.8512931034482758,0.7916666666666667,,1.0,-0.9512195121951219,NEUTRAL,0.5
2022-07-19,-0.19350019743333485,5,-0.9397255204532997,-0.8682226211849193,0.7916666666666667,,1.0,-0.9512195121951219,NEUTRAL,0.5
2022-07-20,-0.19394789729363224,5,-0.9408399072713642,-0.8693467336683418,0.7916666666666667,,1.0,-0.9512195121951219,NEUTRAL,0.5
2022-07-21,-0.1894589492167155,5,-0.9104544947424205,-0.8772874058127018,0.7916666666666667,,1.0,-0.9512195121951219,NEUTRAL,0.5
2022-07-22,-0.1879974308318107,5,-0.9023855281427935,-0.8780487804878048,0.7916666666666667,,1.0,-0.9512195121951219,NEUTRAL,0.5
2022-07-25,-0.1873905427415857,5,-0.9000244648090898,-0.8773754033703836,0.7916666666666667,,1.0,-0.9512195121951219,NEUTRAL,0.5
2022-07-26,-0.1873862425536871,5,-0.9035432417919518,-0.8738351254480285,0.7916666666666667,,1.0,-0.9512195121951219,NEUTRAL,0.5
2022-07-27,-0.17994729314012123,5,-0.8577042221069413,-0.8824793980652097,0.7916666666666667,,1.0,-0.9512195121951219,NEUTRAL,0.5
2022-07-28,-0.176801766244535,5,-0.837994667642644,-0.8864613180515759,0.7916666666666667,,1.0,-0.9512195121951219,NEUTRAL,0.5
2022-07-29,-0.17179447233355036,5,-0.8100532433143772,-0.8893662728249194,0.7916666666666667,,1.0,-0.9512195121951219,NEUTRAL,0.5
2022-08-01,-0.17155506913436844,5,-0.8116799088763865,-0.8865425912670006,0.7916666666666667,,1.0,-0.9512195121951219,NEUTRAL,0.5
2022-08-02,-0.17588825004695247,5,-0.8379563832394021,-0.8819320214669051,0.7916666666666667,,1.0,-0.9512195121951219,NEUTRAL,0.5
2022-08-03,-0.17023376936357923,5,-0.8057075606599702,-0.8859084406294708,0.7916666666666667,,1.0,-0.9512195121951219,NEUTRAL,0.5
2022-08-04,-0.17088311495135344,5,-0.8089134979090413,-0.8859492313192707,0.7916666666666667,,1.0,-0.9512195121951219,NEUTRAL,0.5
2022-08-05,-0.16897399059508783,5,-0.801114105302595,-0.884203002144389,0.7916666666666667,,1.0,-0.9512195121951219,NEUTRAL,0.5
2022-08-08,-0.1731221910844579,5,-0.825743711894549,-0.8803143979992853,0.7916666666666667,,1.0,-0.9512195121951219,NEUTRAL,0.5
2022-08-09,-0.1716967102599673,5,-0.8167878486285243,-0.8821428571428571,0.7916666666666667,,1.0,-0.9512195121951219,NEUTRAL,0.5
2022-08-10,-0.1687070327586015,5,-0.7964421540374907,-0.8875401642270617,0.7916666666666667,,1.0,-0.9512195121951219,NEUTRAL,0.5
2022-08-11,-0.1696154780517563,5,-0.8059406760650872,-0.8825838686652392,0.7916666666666667,,1.0,-0.9512195121951219,NEUTRAL,0.5
2022-08-12,-0.15682310785451606,5,-0.7290935535372041,-0.895469140206921,0.7916666666666667,,1.0,-0.9512195121951219,NEUTRAL,0.5
2022-08-15,-0.15562024814174785,5,-0.723755242541197,-0.8947931526390871,0.7916666666666667,,1.0,-0.9512195121951219,NEUTRAL,0.5
2022-08-16,-0.1523913160283453,5,-0.7054340376435743,-0.896969696969697,0.7916666666666667,,1.0,-0.9512195121951219,NEUTRAL,0.5
2022-08-17,-0.15189373816566856,5,-0.7046913264117907,-0.895224518888097,0.7916666666666667,,1.0,-0.9512195121951219,NEUTRAL,0.5
2022-08-18,-0.1472413227578183,5,-0.68067941842095,-0.8959743498396864,0.7916666666666667,,1.0,-0.9512195121951219,NEUTRAL,0.5
2022-08-19,-0.14861593990715397,5,-0.6939257144061753,-0.8896011396011394,0.7916666666666667,,1.0,-0.9512195121951219,NEUTRAL,0.5
2022-08-22,-0.16093214047528917,5,-0.7714873513300127,-0.873620505517978,0.7916666666666667,,1.0,-0.9512195121951219,NEUTRAL,0.5
2022-08-23,-0.16061423617867124,5,-0.7705645987100966,-0.8729537366548044,0.7916666666666667,,1.0,-0.9512195121951219,NEUTRAL,0.5
2022-08-24,-0.16169312739539735,5,-0.7784040756890154,-0.8705087157595162,0.7916666666666667,,1.0,-0.9512195121951219,NEUTRAL,0.5
2022-08-25,-0.1547053891484222,5,-0.7370181969419631,-0.8769559032716927,0.7916666666666667,,1.0,-0.9512195121951219,NEUTRAL,0.5
2022-08-26,-0.16240740915417753,5,-0.7907707270821054,-0.8617134731603271,0.7916666666666667,,1.0,-0.9512195121951219,NEUTRAL,0.5
2022-08-29,-0.16272641642103114,5,-0.7948041832717965,-0.8592750533049041,0.7916666666666667,,1.0,-0.9512195121951219,NEUTRAL,0.5
2022-08-30,-0.1632192470613512,5,-0.7986393045207519,-0.857904085257549,0.7916666666666667,,1.0,-0.9512195121951219,NEUTRAL,0.5
2022-08-31,-0.16475482037860628,5,-0.8062667109100307,-0.8579545454545454,0.7916666666666667,,1.0,-0.9512195121951219,NEUTRAL,0.5
2022-09-01,-0.15896512078001668,5,-0.7694580618860052,-0.865814696485623,0.7916666666666667,,1.0,-0.9512195121951219,NEUTRAL,0.5
2022-09-02,-0.16046386073876323,5,-0.7815173453193709,-0.86124911284599,0.7916666666666667,,1.0,-0.9512195121951219,NEUTRAL,0.5
2022-09-06,-0.16362646848037404,5,-0.804730614290939,-0.8538488825824762,0.7916666666666667,,1.0,-0.9512195121951219,NEUTRAL,0.5
2022-09-07,-0.15967461902832372,5,-0.7803096113152912,-0.8585106382978722,0.7916666666666667,,1.0,-0.9512195121951219,NEUTRAL,0.5
2022-09-08,-0.1602795709095247,5,-0.7815117938472433,-0.860333215171925,0.7916666666666667,,1.0,-0.9512195121951219,NEUTRAL,0.5
2022-09-09,-0.15041035972971648,5,-0.723611639158398,-0.8688873139617292,0.7916666666666667,,1.0,-0.9512195121951219,NEUTRAL,0.5
2022-09-12,-0.14376600983045548,5,-0.6807791519057917,-0.8784980517180305,0.7916666666666667,,1.0,-0.9512195121951219,NEUTRAL,0.5
2022-09-13,-0.46671112274030946,5,-0.687668080217899,-0.9043909348441925,-0.8367346938775511,,1.0,-0.9047619047619048,BEARISH,0.25
2022-09-14,-0.48235313797872703,5,-0.7732779408117013,-0.8969911504424779,-0.8367346938775511,,1.0,-0.9047619047619048,BEARISH,0.25
2022-09-15,-0.49019380022028314,5,-0.820937370614826,-0.8885350318471339,-0.8367346938775511,,1.0,-0.9047619047619048,BEARISH,0.25
2022-09-16,-0.49028177649956384,5,-0.8319497794367153,-0.8779625044216484,-0.8367346938775511,,1.0,-0.9047619047619048,BEARISH,0.25
2022-09-19,-0.48666365554369717,5,-0.8127552010026509,-0.879066478076379,-0.8367346938775511,,1.0,-0.9047619047619048,BEARISH,0.25
2022-09-20,-0.4888989263238256,5,-0.8306049612228674,-0.8723930717568045,-0.8367346938775511,,1.0,-0.9047619047619048,BEARISH,0.25
2022-09-21,-0.4968250478178523,5,-0.8829113259621735,-0.8597173144876324,-0.8367346938775511,,1.0,-0.9047619047619048,STRONG_BEARISH,0.0
2022-09-22,-0.5003060592719971,5,-0.9055653119911055,-0.8544683857294242,-0.8367346938775511,,1.0,-0.9047619047619048,STRONG_BEARISH,0.0
2022-09-23,-0.5030232953779243,5,-0.9325181833349115,-0.8411016949152543,-0.8367346938775511,,1.0,-0.9047619047619048,STRONG_BEARISH,0.0
2022-09-26,-0.502006269105356,5,-0.9351425831033497,-0.8333921637839745,-0.8367346938775511,,1.0,-0.9047619047619048,STRONG_BEARISH,0.0
2022-09-27,-0.5058494415955793,5,-0.9645325430011085,-0.8232180663373323,-0.8367346938775511,,1.0,-0.9047619047619048,STRONG_BEARISH,0.0
2022-09-28,-0.5064692559861064,5,-0.9612200516614465,-0.8296296296296295,-0.8367346938775511,,1.0,-0.9047619047619048,STRONG_BEARISH,0.0
2022-09-29,-0.5050523720383807,5,-0.9702955859530115,-0.813469675599436,-0.8367346938775511,,1.0,-0.9047619047619048,STRONG_BEARISH,0.0
2022-09-30,-0.499230794280525,5,-0.9435893431544272,-0.8110680296087418,-0.8367346938775511,,1.0,-0.9047619047619048,STRONG_BEARISH,0.0
2022-10-03,-0.5025429742184304,5,-0.9414085472941338,-0.8298097251585626,-0.8367346938775511,,1.0,-0.9047619047619048,STRONG_BEARISH,0.0
2022-10-04,-0.5026788760294558,5,-0.9205416702010254,-0.851356111306798,-0.8367346938775511,,1.0,-0.9047619047619048,STRONG_BEARISH,0.0
2022-10-05,-0.5054380123441153,5,-0.9272427588557691,-0.8584507042253522,-0.8367346938775511,,1.0,-0.9047619047619048,STRONG_BEARISH,0.0
2022-10-06,-0.5053021489834084,5,-0.9377772578580157,-0.8472368884195705,-0.8367346938775511,,1.0,-0.9047619047619048,STRONG_BEARISH,0.0
2022-10-07,-0.5058574264087592,5,-0.9584450020883652,-0.8293455313159748,-0.8367346938775511,,1.0,-0.9047619047619048,STRONG_BEARISH,0.0
2022-10-10,-0.5057936398176772,5,-0.9661560886656025,-0.8213155117833275,-0.8367346938775511,,1.0,-0.9047619047619048,STRONG_BEARISH,0.0
2022-10-11,-0.5041002046495787,5,-0.9611422586450062,-0.8178621659634318,-0.8367346938775511,,1.0,-0.9047619047619048,STRONG_BEARISH,0.0
2022-10-12,-0.5071233694753496,5,-0.9600253453981005,-0.8340949033391916,-0.8367346938775511,,1.0,-0.9047619047619048,STRONG_BEARISH,0.0
2022-10-13,-0.5081656471642787,5,-0.9539345886928303,-0.8453970484891076,-0.8367346938775511,,1.0,-0.9047619047619048,STRONG_BEARISH,0.0
2022-10-14,-0.5088869123544533,5,-0.96521404321711,-0.8377239199157007,-0.8367346938775511,,1.0,-0.9047619047619048,STRONG_BEARISH,0.0
2022-10-17,-0.5070901049908152,5,-0.9294876341797891,-0.8644662921348316,-0.8367346938775511,,1.0,-0.9047619047619048,STRONG_BEARISH,0.0
2022-10-18,-0.5067071984461289,5,-0.9275255290773243,-0.8645138645138646,-0.8367346938775511,,1.0,-0.9047619047619048,STRONG_BEARISH,0.0
2022-10-19,-0.5066832451050091,5,-0.9364810303943615,-0.8554385964912279,-0.8367346938775511,,1.0,-0.9047619047619048,STRONG_BEARISH,0.0
2022-10-20,-0.4997114099044877,5,-0.8763168521456977,-0.8807435987372851,-0.8367346938775511,,1.0,-0.9047619047619048,STRONG_BEARISH,0.0
2022-10-21,-0.4794566723173011,5,-0.7553660055837959,-0.9004207573632539,-0.8367346938775511,,1.0,-0.9047619047619048,BEARISH,0.25
2022-10-24,-0.4775711160293986,5,-0.7452023043256237,-0.9011566771819137,-0.8367346938775511,,1.0,-0.9047619047619048,BEARISH,0.25
2022-10-25,-0.47515021339092617,5,-0.7330631578736896,-0.9011913104414857,-0.8367346938775511,,1.0,-0.9047619047619048,BEARISH,0.25
2022-10-26,-0.456770775581029,5,-0.6390297836439728,-0.9033274956217163,-0.8367346938775511,,1.0,-0.9047619047619048,BEARISH,0.25
2022-10-27,-0.45053033058397424,5,-0.6074435696865781,-0.9037114845938374,-0.8367346938775511,,1.0,-0.9047619047619048,BEARISH,0.25
2022-10-28,-0.4232245542888019,5,-0.46633075803381485,-0.9082954147707385,-0.8367346938775511,,1.0,-0.9047619047619048,BEARISH,0.25
2022-10-31,-0.4139743085860032,5,-0.4189977574466134,-0.9093771868439469,-0.8367346938775511,,1.0,-0.9047619047619048,BEARISH,0.25
2022-11-01,-0.4243362005452213,5,-0.47357370104362906,-0.9066107030430222,-0.8367346938775511,,1.0,-0.9047619047619048,BEARISH,0.25
2022-11-02,-0.4469303244527361,5,-0.5921060725752738,-0.901048951048951,-0.8367346938775511,,1.0,-0.9047619047619048,BEARISH,0.25
2022-11-03,-0.44767776028482953,5,-0.5965077218339752,-0.9003844809507164,-0.8367346938775511,,1.0,-0.9047619047619048,BEARISH,0.25
2022-11-04,-0.43686558224345895,5,-0.5403155893073985,-0.9025157232704402,-0.8367346938775511,,1.0,-0.9047619047619048,BEARISH,0.25
2022-11-07,-0.4277749272489685,5,-0.4923832768649046,-0.904994760740482,-0.8367346938775511,,1.0,-0.9047619047619048,BEARISH,0.25
2022-11-08,-0.439427475627546,5,-0.5544536286602855,-0.901187150837989,-0.8367346938775511,,1.0,-0.9047619047619048,BEARISH,0.25
2022-11-09,-0.43873837833575485,5,-0.550973652550662,-0.9012216404886564,-0.8367346938775511,,1.0,-0.9047619047619048,BEARISH,0.25
2022-11-10,-0.4208672775021486,5,-0.45600098915042164,-0.9068387997208653,-0.8367346938775511,,1.0,-0.9047619047619048,BEARISH,0.25
2022-11-11,-0.413686740946959,5,-0.41832182880200164,-0.908615277293338,-0.8367346938775511,,1.0,-0.9047619047619048,BEARISH,0.25
2022-11-14,-0.4036241311320735,5,-0.36623354098186023,-0.9103905160390515,-0.8367346938775511,,1.0,-0.9047619047619048,BEARISH,0.25
2022-11-15,-0.395188925061304,5,-0.3236777234255166,-0.9107703032415477,-0.8367346938775511,,1.0,-0.9047619047619048,BEARISH,0.25
2022-11-16,-0.3888654798373105,5,-0.2920294068188738,-0.9108013937282231,-0.8367346938775511,,1.0,-0.9047619047619048,BEARISH,0.25
2022-11-17,-0.39482473522235295,5,-0.3224912363019852,-0.910135841170324,-0.8367346938775511,,1.0,-0.9047619047619048,BEARISH,0.25
2022-11-18,-0.3892175882499244,5,-0.294424211690946,-0.9101671309192201,-0.8367346938775511,,1.0,-0.9047619047619048,BEARISH,0.25
2022-11-21,-0.38761240545409265,5,-0.286367029744826,-0.9101983988861817,-0.8367346938775511,,1.0,-0.9047619047619048,BEARISH,0.25
2022-11-22,-0.37075011259379653,5,-0.20063253078742538,-0.9116214335421016,-0.8367346938775511,,1.0,-0.9047619047619048,BEARISH,0.25
2022-11-23,-0.3660587722522304,5,-0.17714508870865264,-0.9116521739130434,-0.8367346938775511,,1.0,-0.9047619047619048,BEARISH,0.25
2022-11-25,-0.3632646662609256,5,-0.1631438397583571,-0.911682892906815,-0.8367346938775511,,1.0,-0.9047619047619048,BEARISH,0.25
2022-11-28,-0.3706747854458642,5,-0.20224924377929843,-0.9096280848105667,-0.8367346938775511,,1.0,-0.9047619047619048,BEARISH,0.25
2022-11-29,-0.37146811649897254,5,-0.20687942513407276,-0.9089645587213342,-0.8367346938775511,,1.0,-0.9047619047619048,BEARISH,0.25
2022-11-30,-0.35147612019431057,5,-0.10410908048423306,-0.9117749218478639,-0.8367346938775511,,1.0,-0.9047619047619048,BEARISH,0.25
2022-12-01,-0.34532227165131807,5,-0.07330920406157881,-0.9118055555555555,-0.8367346938775511,,1.0,-0.9047619047619048,BEARISH,0.25
2022-12-02,-0.35489136615085837,5,-0.12181826751920943,-0.9111419645956265,-0.8367346938775511,,1.0,-0.9047619047619048,BEARISH,0.25
2022-12-05,-0.3813444031251332,5,-0.2616862081034902,-0.9035392088827203,-0.8367346938775511,,1.0,-0.9047619047619048,BEARISH,0.25
2022-12-06,-0.3866619597837254,5,-0.2903216983714365,-0.901491501907735,-0.8367346938775511,,1.0,-0.9047619047619048,BEARISH,0.25
2022-12-07,-0.3886082018770776,5,-0.30071223321472584,-0.9008321775312067,-0.8367346938775511,,1.0,-0.9047619047619048,BEARISH,0.25
2022-12-08,-0.37649481103068283,5,-0.2352582190789495,-0.9057192374350087,-0.8367346938775511,,1.0,-0.9047619047619048,BEARISH,0.25
2022-12-09,-0.3778972152776359,5,-0.24362357338281926,-0.9043659043659045,-0.8367346938775511,,1.0,-0.9047619047619048,BEARISH,0.25
2022-12-12,-0.37904287562926464,5,-0.246547706766999,-0.9071700727398684,-0.8367346938775511,,1.0,-0.9047619047619048,BEARISH,0.25
2022-12-13,0.06411268360796259,5,-0.27158210795387405,-0.710180055401662,0.0,,1.0,0.30232558139534893,BULLISH,0.75
2022-12-14,0.07106744075178431,5,-0.22009325821794357,-0.7268951194184838,0.0,,1.0,0.30232558139534893,BULLISH,0.75
2022-12-15,0.06028339712211839,5,-0.2991784919785284,-0.7017301038062285,0.0,,1.0,0.30232558139534893,BULLISH,0.75
2022-12-16,0.05721644222415687,5,-0.31925270960351637,-0.6969906606710481,0.0,,1.0,0.30232558139534893,BULLISH,0.75
2022-12-19,0.06932625101939383,5,-0.2468423207658762,-0.7088520055325036,0.0,,1.0,0.30232558139534893,BULLISH,0.75
2022-12-20,0.08216993208812202,5,-0.17837533332943634,-0.7131005876253025,0.0,,1.0,0.30232558139534893,BULLISH,0.75
2022-12-21,0.08427604931066368,5,-0.15772487872592833,-0.7232204561161022,0.0,,1.0,0.30232558139534893,BULLISH,0.75
2022-12-22,0.0882634993056719,5,-0.15392691042830187,-0.7070811744386876,0.0,,1.0,0.30232558139534893,BULLISH,0.75
2022-12-23,0.09233603892488658,5,-0.12931941992008733,-0.7113259668508287,0.0,,1.0,0.30232558139534893,BULLISH,0.75
2022-12-27,0.09362225963452508,5,-0.12071756247712462,-0.7134967207455989,0.0,,1.0,0.30232558139534893,BULLISH,0.75
2022-12-28,0.08790159366925603,5,-0.15922893119951742,-0.7035886818495514,0.0,,1.0,0.30232558139534893,BULLISH,0.75
2022-12-29,0.09347901004854395,5,-0.11330238351551292,-0.7216281476371162,0.0,,1.0,0.30232558139534893,BULLISH,0.75
2022-12-30,0.10148002167875006,5,-0.06871857644987434,-0.7262068965517243,0.0,,1.0,0.30232558139534893,BULLISH,0.75
2023-01-03,0.11925701295762665,5,0.040943282082891,-0.7469837986901067,0.0,,1.0,0.30232558139534893,BULLISH,0.75
2023-01-04,0.11667138270270558,5,0.032581986839061106,-0.7515506547208821,0.0,,1.0,0.30232558139534893,BULLISH,0.75
2023-01-05,0.10134556467983491,5,-0.04602834704198888,-0.7495694109541855,0.0,,1.0,0.30232558139534893,BULLISH,0.75
2023-01-06,0.11296931997060175,5,0.01906371818217778,-0.7565426997245179,0.0,,1.0,0.30232558139534893,BULLISH,0.75
2023-01-09,0.1148919231149387,5,0.03357981731187465,-0.7614457831325301,0.0,,1.0,0.30232558139534893,BULLISH,0.75
2023-01-10,0.11552750818252489,5,0.03752806412842502,-0.7622161046111495,0.0,,1.0,0.30232558139534893,BULLISH,0.75
2023-01-11,0.11484052485965038,5,0.04518285645639453,-0.7733058135534916,0.0,,1.0,0.30232558139534893,BULLISH,0.75
2023-01-12,0.12174373481812695,5,0.08046461951784423,-0.7740715268225584,0.0,,1.0,0.30232558139534893,BULLISH,0.75
2023-01-13,0.12062616908127284,5,0.07701702062840954,-0.7762117566173943,0.0,,1.0,0.30232558139534893,BULLISH,0.75
2023-01-17,0.12470940685136012,5,0.09304275870337597,-0.7718213058419243,0.0,,1.0,0.30232558139534893,BULLISH,0.75
2023-01-18,0.11524804121011174,5,0.035165054060912304,-0.7612504294057025,0.0,,1.0,0.30232558139534893,BULLISH,0.75
2023-01-19,0.11830313287966958,5,0.04434118190409797,-0.755151098901099,0.0,,1.0,0.30232558139534893,BULLISH,0.75
2023-01-20,0.1325622780327181,5,0.1253330452941599,-0.7648472365259182,0.0,,1.0,0.30232558139534893,BULLISH,0.75
2023-01-23,0.1406039230830241,5,0.175573924205084,-0.7748798901853124,0.0,,1.0,0.30232558139534893,BULLISH,0.75
2023-01-24,0.14755824382744956,5,0.21351023465442043,-0.7780445969125216,0.0,,1.0,0.30232558139534893,BULLISH,0.75
2023-01-25,0.1413498667638086,5,0.18185859467335108,-0.7774348422496571,0.0,,1.0,0.30232558139534893,BULLISH,0.75
2023-01-26,0.1504630092538238,5,0.2281862423849117,-0.7781967775111416,0.0,,1.0,0.30232558139534893,BULLISH,0.75
2023-01-27,0.15823740085466179,5,0.26233640574293604,-0.7734749828649761,0.0,,1.0,0.30232558139534893,BULLISH,0.75
2023-01-30,0.1492424013349402,5,0.20579118718411404,-0.7619047619047619,0.0,,1.0,0.30232558139534893,BULLISH,0.75
2023-01-31,0.1542977819536598,5,0.23662908179760755,-0.7674657534246574,0.0,,1.0,0.30232558139534893,BULLISH,0.75
2023-02-01,0.15475022734964616,5,0.250268417386432,-0.7788428620335501,0.0,,1.0,0.30232558139534893,BULLISH,0.75
2023-02-02,0.16683431916930197,5,0.3066577872095455,-0.7748117727583845,0.0,,1.0,0.30232558139534893,BULLISH,0.75
2023-02-03,0.1630330253737866,5,0.28875470113557533,-0.7759151556619912,0.0,,1.0,0.30232558139534893,BULLISH,0.75
2023-02-06,0.16379953737100755,5,0.28240397960469554,-0.7657318741450068,0.0,,1.0,0.30232558139534893,BULLISH,0.75
2023-02-07,0.168454233845089,5,0.3009712288557371,-0.7610256410256411,0.0,,1.0,0.30232558139534893,BULLISH,0.75
2023-02-08,0.18143283768651872,5,0.35774359678433965,-0.752904989747095,0.0,,1.0,0.30232558139534893,STRONG_BULLISH,1.0
2023-02-09,0.18140332361241102,5,0.3569971521433033,-0.7523061154765971,0.0,,1.0,0.30232558139534893,STRONG_BULLISH,1.0
2023-02-10,0.17762081316969497,5,0.3426090855460222,-0.7568306010928962,0.0,,1.0,0.30232558139534893,STRONG_BULLISH,1.0
2023-02-13,0.19377066171373106,5,0.4411948490579085,-0.7746671218846022,0.0,,1.0,0.30232558139534893,STRONG_BULLISH,1.0
2023-02-14,0.20918110232297296,5,0.5155935820966489,-0.772013651877133,0.0,,1.0,0.30232558139534893,STRONG_BULLISH,1.0
2023-02-15,0.20964958886536192,5,0.5091431067049168,-0.7632207437734562,0.0,,1.0,0.30232558139534893,STRONG_BULLISH,1.0
2023-02-16,0.19120211948977417,5,0.41255268317494087,-0.758867667121419,0.0,,1.0,0.30232558139534893,STRONG_BULLISH,1.0
2023-02-17,0.18827988180580238,5,0.39461422995210826,-0.7555404023184453,0.0,,1.0,0.30232558139534893,STRONG_BULLISH,1.0
2023-02-21,0.21319331424367344,5,0.5076764363124524,-0.7440354464894341,0.0,,1.0,0.30232558139534893,STRONG_BULLISH,1.0
2023-02-22,0.22668910380031346,5,0.5755833106896937,-0.7444633730834753,0.0,,1.0,0.30232558139534893,STRONG_BULLISH,1.0
2023-02-23,0.24002359012168278,5,0.6638005435999859,-0.7660081743869209,0.0,,1.0,0.30232558139534893,STRONG_BULLISH,1.0
2023-02-24,0.24976763265143123,5,0.7143028440340917,-0.7677902621722845,0.0,,1.0,0.30232558139534893,STRONG_BULLISH,1.0
2023-02-27,0.23400393053675841,5,0.6267138126090694,-0.7590197413206263,0.0,,1.0,0.30232558139534893,STRONG_BULLISH,1.0
2023-02-28,0.21985026901072838,5,0.5516042257202187,-0.7546784620619258,0.0,,1.0,0.30232558139534893,STRONG_BULLISH,1.0
2023-03-01,0.20785939597402944,5,0.4791482692230977,-0.7421768707482994,0.0,,1.0,0.30232558139534893,STRONG_BULLISH,1.0
2023-03-02,0.21592382359750878,5,0.5273785416925008,-0.7500850051003058,0.0,,1.0,0.30232558139534893,STRONG_BULLISH,1.0
2023-03-03,0.21556877961965779,5,0.5494816069816619,-0.7739632902787219,0.0,,1.0,0.30232558139534893,STRONG_BULLISH,1.0
2023-03-06,0.21284723075512862,5,0.5407077181499171,-0.778797145769623,0.0,,1.0,0.30232558139534893,STRONG_BULLISH,1.0
2023-03-07,0.22224380747401642,5,0.5704423690182114,-0.7615489130434783,0.0,,1.0,0.30232558139534893,STRONG_BULLISH,1.0
2023-03-08,0.22838129243581165,5,0.6022294376597706,-0.7626485568760613,0.0,,1.0,0.30232558139534893,STRONG_BULLISH,1.0
2023-03-09,0.22348178456352463,5,0.5615191866361235,-0.7464358452138493,0.0,,1.0,0.30232558139534893,STRONG_BULLISH,1.0
2023-03-10,0.029604113579799907,5,0.3565894802404421,-0.7356633864947404,-0.2941176470588235,,0.8666666666666667,-0.045454545454545414,BULLISH,0.75
2023-03-13,0.030434163495781364,5,0.37100578701624665,-0.7459294436906376,-0.2941176470588235,,0.8666666666666667,-0.045454545454545414,BULLISH,0.75
2023-03-14,0.024358266691245654,5,0.33664328181903747,-0.741946422516107,-0.2941176470588235,,0.8666666666666667,-0.045454545454545414,BULLISH,0.75
2023-03-15,0.029019784955465623,5,0.3393603828274201,-0.7213559322033898,-0.2941176470588235,,0.8666666666666667,-0.045454545454545414,BULLISH,0.75
2023-03-16,0.0172834972779065,5,0.30347753612644146,-0.7441545238902068,-0.2941176470588235,,0.8666666666666667,-0.045454545454545414,BULLISH,0.75
2023-03-17,0.01884193649732626,5,0.3171152083333335,-0.75,-0.2941176470588235,,0.8666666666666667,-0.045454545454545414,BULLISH,0.75
2023-03-20,0.01976272133945789,5,0.33365614575089975,-0.7619370132069081,-0.2941176470588235,,0.8666666666666667,-0.045454545454545414,BULLISH,0.75
2023-03-21,0.010967873542883377,5,0.29653297751508,-0.7687880839539609,-0.2941176470588235,,0.8666666666666667,-0.045454545454545414,BULLISH,0.75
2023-03-22,0.009699456044492228,5,0.2943300480319382,-0.7729272419627748,-0.2941176470588235,,0.8666666666666667,-0.045454545454545414,BULLISH,0.75
2023-03-23,0.0037988435497488425,5,0.26219744318949245,-0.770297699594046,-0.2941176470588235,,0.8666666666666667,-0.045454545454545414,BULLISH,0.75
2023-03-24,0.028613592405278408,5,0.3893924936221642,-0.77341900574907,-0.2941176470588235,,0.8666666666666667,-0.045454545454545414,BULLISH,0.75
2023-03-27,0.023943083220399175,5,0.38504825770258577,-0.7924273157538877,-0.2941176470588235,,0.8666666666666667,-0.045454545454545414,BULLISH,0.75
2023-03-28,0.020975912430061538,5,0.3672409852595986,-0.7894558972625887,-0.2941176470588235,,0.8666666666666667,-0.045454545454545414,BULLISH,0.75
2023-03-29,0.0060986538402940885,5,0.29968257883195637,-0.7962837837837837,-0.2941176470588235,,0.8666666666666667,-0.045454545454545414,BULLISH,0.75
2023-03-30,-0.004553588909374695,5,0.24513926991853863,-0.7950016886187099,-0.2941176470588235,,0.8666666666666667,-0.045454545454545414,BULLISH,0.75
2023-03-31,0.009353142289191863,5,0.3322978409388464,-0.8126266036461849,-0.2941176470588235,,0.8666666666666667,-0.045454545454545414,BULLISH,0.75
2023-04-03,0.029178455823672934,5,0.44026253665592074,-0.8214647316908539,-0.2941176470588235,,0.8666666666666667,-0.045454545454545414,BULLISH,0.75
2023-04-04,0.03730550094137144,5,0.48197014256435566,-0.8225371120107963,-0.2941176470588235,,0.8666666666666667,-0.045454545454545414,BULLISH,0.75
2023-04-05,0.01494441318849098,5,0.3762953826829176,-0.8286677908937605,-0.2941176470588235,,0.8666666666666667,-0.045454545454545414,BULLISH,0.75
2023-04-06,0.0235810884559682,5,0.42627961276578796,-0.8354686446392448,-0.2941176470588235,,0.8666666666666667,-0.045454545454545414,BULLISH,0.75
2023-04-10,0.016702010629227205,5,0.3744135567481466,-0.8179979777553084,-0.2941176470588235,,0.8666666666666667,-0.045454545454545414,BULLISH,0.75
2023-04-11,0.0007755007611549347,5,0.2975377466336089,-0.820754716981132,-0.2941176470588235,,0.8666666666666667,-0.045454545454545414,BULLISH,0.75
2023-04-12,0.00900260204331349,5,0.33637592912490666,-0.818457393061637,-0.2941176470588235,,0.8666666666666667,-0.045454545454545414,BULLISH,0.75
2023-04-13,0.016790072991034834,5,0.39086262480861045,-0.8340067340067341,-0.2941176470588235,,0.8666666666666667,-0.045454545454545414,BULLISH,0.75
2023-04-14,0.009314775350489168,5,0.35354200778258793,-0.8340626051834399,-0.2941176470588235,,0.8666666666666667,-0.045454545454545414,BULLISH,0.75
2023-04-17,0.018026838847458992,5,0.3964852113356794,-0.8334454912516822,-0.2941176470588235,,0.8666666666666667,-0.045454545454545414,BULLISH,0.75
2023-04-18,0.023223034204715165,5,0.4289130614851451,-0.839892364614867,-0.2941176470588235,,0.8666666666666667,-0.045454545454545414,BULLISH,0.75
2023-04-19,0.04245231550956328,5,0.5193970966695689,-0.8342299932750503,-0.2941176470588235,,0.8666666666666667,-0.045454545454545414,BULLISH,0.75
2023-04-20,0.035126863270923334,5,0.4730776573273694,-0.8245378151260505,-0.2941176470588235,,0.8666666666666667,-0.045454545454545414,BULLISH,0.75
2023-04-21,0.0321446501156754,5,0.4609137226616382,-0.827284946236559,-0.2941176470588235,,0.8666666666666667,-0.045454545454545414,BULLISH,0.75
2023-04-24,0.03723410973756065,5,0.48944221494431384,-0.8303661404098084,-0.2941176470588235,,0.8666666666666667,-0.045454545454545414,BULLISH,0.75
2023-04-25,0.05320839551996215,5,0.5559387727547733,-0.8169912693082604,-0.2941176470588235,,0.8666666666666667,-0.045454545454545414,BULLISH,0.75
2023-04-26,0.0610475594382083,5,0.588146679868895,-0.8100033568311513,-0.2941176470588235,,0.8666666666666667,-0.045454545454545414,BULLISH,0.75
2023-04-27,0.07402930274397448,5,0.6685553952712726,-0.825503355704698,-0.2941176470588235,,0.8666666666666667,-0.045454545454545414,BULLISH,0.75
2023-04-28,0.07526195157956142,5,0.6710871388266963,-0.8218718550821871,-0.2941176470588235,,0.8666666666666667,-0.045454545454545414,BULLISH,0.75
2023-05-01,0.06623797305715698,5,0.6270330168870142,-0.8229376257545271,-0.2941176470588235,,0.8666666666666667,-0.045454545454545414,BULLISH,0.75
2023-05-02,0.09238366257008843,5,0.7564798896525584,-0.821656050955414,-0.2941176470588235,,0.8666666666666667,-0.045454545454545414,BULLISH,0.75
2023-05-03,0.09285107576865406,5,0.7582064810974793,-0.8210455764075069,-0.2941176470588235,,0.8666666666666667,-0.045454545454545414,BULLISH,0.75
2023-05-04,0.09366234263407917,5,0.7660078587825923,-0.8247906197654942,-0.2941176470588235,,0.8666666666666667,-0.045454545454545414,BULLISH,0.75
2023-05-05,0.09365420462644514,5,0.7854498242635897,-0.8442732752846618,-0.2941176470588235,,0.8666666666666667,-0.045454545454545414,BULLISH,0.75
2023-05-08,0.09993191065930354,5,0.815886137060863,-0.8433210579176431,-0.2941176470588235,,0.8666666666666667,-0.045454545454545414,BULLISH,0.75
2023-05-09,0.09642227381138288,5,0.7916969484511402,-0.8366800535475236,-0.2941176470588235,,0.8666666666666667,-0.045454545454545414,BULLISH,0.75
2023-05-10,0.1015529463801527,5,0.8267726331238459,-0.8461023753763801,-0.2941176470588235,,0.8666666666666667,-0.045454545454545414,BULLISH,0.75
2023-05-11,0.09816992045433429,5,0.8092400779511495,-0.8454849498327759,-0.2941176470588235,,0.8666666666666667,-0.045454545454545414,BULLISH,0.75
2023-05-12,0.10360032061529505,5,0.8384497568068285,-0.8475426278836511,-0.2941176470588235,,0.8666666666666667,-0.045454545454545414,BULLISH,0.75
2023-05-15,0.10182423360486215,5,0.825943806170478,-0.8439171122994651,-0.2941176470588235,,0.8666666666666667,-0.045454545454545414,BULLISH,0.75
2023-05-16,0.10356447580860892,5,0.8413794251035791,-0.8506515202138323,-0.2941176470588235,,0.8666666666666667,-0.045454545454545414,BULLISH,0.75
2023-05-17,0.1084149022561183,5,0.8720274653170064,-0.8570474281897127,-0.2941176470588235,,0.8666666666666667,-0.045454545454545414,BULLISH,0.75
2023-05-18,0.10753471383176014,5,0.8783587277267051,-0.8677796327212022,-0.2941176470588235,,0.8666666666666667,-0.045454545454545414,BULLISH,0.75
2023-05-19,0.11148098473823118,5,0.9014719982695003,-0.8711615487316422,-0.2941176470588235,,0.8666666666666667,-0.045454545454545414,BULLISH,0.75
2023-05-22,0.11349618866267794,5,0.9045840000242893,-0.8641975308641974,-0.2941176470588235,,0.8666666666666667,-0.045454545454545414,BULLISH,0.75
2023-05-23,0.10483559547840604,5,0.8469834365275917,-0.8498999332888593,-0.2941176470588235,,0.8666666666666667,-0.045454545454545414,BULLISH,0.75
2023-05-24,0.09955378564717188,5,0.8189572150028686,-0.848282760920307,-0.2941176470588235,,0.8666666666666667,-0.045454545454545414,BULLISH,0.75
2023-05-25,0.10891365429957596,5,0.8941404640112487,-0.8766666666666667,-0.2941176470588235,,0.8666666666666667,-0.045454545454545414,BULLISH,0.75
2023-05-26,0.10906216293685682,5,0.8929247710541452,-0.8747084305231589,-0.2941176470588235,,0.8666666666666667,-0.045454545454545414,BULLISH,0.75
2023-05-30,0.10535790940734827,5,0.8794419083264815,-0.879746835443038,-0.2941176470588235,,0.8666666666666667,-0.045454545454545414,BULLISH,0.75
2023-05-31,0.10391583176737174,5,0.874602566801443,-0.8821178821178821,-0.2941176470588235,,0.8666666666666667,-0.045454545454545414,BULLISH,0.75
2023-06-01,0.10545569941863697,5,0.8823411467747739,-0.8821571238348869,-0.2941176470588235,,0.8666666666666667,-0.045454545454545414,BULLISH,0.75
2023-06-02,0.10553813939578019,5,0.881461447451227,-0.8808652246256239,-0.2941176470588235,,0.8666666666666667,-0.045454545454545414,BULLISH,0.75
2023-06-05,0.10267603760277762,5,0.8711825867814151,-0.8848968729208249,-0.2941176470588235,,0.8666666666666667,-0.045454545454545414,BULLISH,0.75
2023-06-06,0.10785070771993935,5,0.8980918878584374,-0.8859328234120385,-0.2941176470588235,,0.8666666666666667,-0.045454545454545414,BULLISH,0.75
2023-06-07,0.10508429730469368,5,0.8749892464127238,-0.8766622340425532,-0.2941176470588235,,0.8666666666666667,-0.045454545454545414,BULLISH,0.75
2023-06-08,0.10497075566570693,5,0.8841002812440304,-0.8863409770687936,-0.2941176470588235,,0.8666666666666667,-0.045454545454545414,BULLISH,0.75
2023-06-09,0.10906043556852921,5,0.910234281762438,-0.8920265780730898,-0.2941176470588235,,0.8666666666666667,-0.045454545454545414,BULLISH,0.75
2023-06-12,0.10891430784889004,5,0.9281379750878314,-0.9106609099966789,-0.2941176470588235,,0.8666666666666667,-0.045454545454545414,BULLISH,0.75
2023-06-13,0.4270503759196279,5,0.9524318775550302,-0.903718459495352,0.46153846153846145,,0.625,1.0,STRONG_BULLISH,1.0
2023-06-14,0.4288822406872061,5,0.9719119055218641,-0.9140391636242948,0.46153846153846145,,0.625,1.0,STRONG_BULLISH,1.0
2023-06-15,0.4178203393083516,5,0.9189534141671984,-0.9163901791639018,0.46153846153846145,,0.625,1.0,STRONG_BULLISH,1.0
2023-06-16,0.42216929865981545,5,0.9393992423742143,-0.9150912106135987,0.46153846153846145,,0.625,1.0,STRONG_BULLISH,1.0
2023-06-20,0.42742208168704077,5,0.9627072254113311,-0.9121352785145889,0.46153846153846145,,0.625,1.0,STRONG_BULLISH,1.0
2023-06-21,0.4290135724143817,5,0.9706938022570135,-0.9121644017235664,0.46153846153846145,,0.625,1.0,STRONG_BULLISH,1.0
2023-06-22,0.42877601078075867,5,0.9668843359040993,-0.9095427435387675,0.46153846153846145,,0.625,1.0,STRONG_BULLISH,1.0
2023-06-23,0.4278575700555171,5,0.9573535623065308,-0.9046041735674066,0.46153846153846145,,0.625,1.0,STRONG_BULLISH,1.0
2023-06-26,0.4266802648738751,5,0.9468628628309139,-0.8999999999999999,0.46153846153846145,,0.625,1.0,STRONG_BULLISH,1.0
2023-06-27,0.42761443007897243,5,0.9538839040169436,-0.9023502151605429,0.46153846153846145,,0.625,1.0,STRONG_BULLISH,1.0
2023-06-28,0.4288603467488111,5,0.9551822000679371,-0.8974189278623428,0.46153846153846145,,0.625,1.0,STRONG_BULLISH,1.0
2023-06-29,0.4312405873288577,5,0.9714177003787348,-0.9017532252729077,0.46153846153846145,,0.625,1.0,STRONG_BULLISH,1.0
2023-06-30,0.4303750614964372,5,0.9714215020283805,-0.906084656084656,0.46153846153846145,,0.625,1.0,STRONG_BULLISH,1.0
2023-07-03,0.4307494006057981,5,0.9660515166971408,-0.8988429752066116,0.46153846153846145,,0.625,1.0,STRONG_BULLISH,1.0
2023-07-05,0.43052944636370666,5,0.9600281357790807,-0.8939193654990087,0.46153846153846145,,0.625,1.0,STRONG_BULLISH,1.0
2023-07-06,0.42984311604647407,5,0.9546493684461392,-0.89197224975223,0.46153846153846145,,0.625,1.0,STRONG_BULLISH,1.0
2023-07-07,0.4314041428610594,5,0.9578666649200716,-0.8873844121532364,0.46153846153846145,,0.625,1.0,STRONG_BULLISH,1.0
2023-07-10,0.42868472231877386,5,0.9429861734954872,-0.8861010234400792,0.46153846153846145,,0.625,1.0,STRONG_BULLISH,1.0
2023-07-11,0.4312600842018034,5,0.9582108043550441,-0.8884488448844885,0.46153846153846145,,0.625,1.0,STRONG_BULLISH,1.0
2023-07-12,0.4320335843935874,5,0.9677238187270671,-0.8940943582975915,0.46153846153846145,,0.625,1.0,STRONG_BULLISH,1.0
2023-07-13,0.4351539277782622,5,0.9892971404135353,-0.900065963060686,0.46153846153846145,,0.625,1.0,STRONG_BULLISH,1.0
2023-07-14,0.4339524904416054,5,0.9902467404222854,-0.9070227497527201,0.46153846153846145,,0.625,1.0,STRONG_BULLISH,1.0
2023-07-17,0.4353631411453433,5,0.9946938559219398,-0.9044166117336849,0.46153846153846145,,0.625,1.0,STRONG_BULLISH,1.0
2023-07-18,0.43448733381348303,5,0.9959476309226933,-0.9100494233937397,0.46153846153846145,,0.625,1.0,STRONG_BULLISH,1.0
2023-07-19,0.43543484324330456,5,0.993139048485703,-0.9025032938076416,0.46153846153846145,,0.625,1.0,STRONG_BULLISH,1.0
2023-07-20,0.43593063982371216,5,0.9828085143334744,-0.889693776753375,0.46153846153846145,,0.625,1.0,STRONG_BULLISH,1.0
2023-07-21,0.4347702371243224,5,0.9856010716802537,-0.8982883475971033,0.46153846153846145,,0.625,1.0,STRONG_BULLISH,1.0
2023-07-24,0.4329721427034364,5,0.9789474576384773,-0.9006252056597566,0.46153846153846145,,0.625,1.0,STRONG_BULLISH,1.0
2023-07-25,0.4312778666162195,5,0.9688640294373727,-0.8990131578947369,0.46153846153846145,,0.625,1.0,STRONG_BULLISH,1.0
2023-07-26,0.4300892229983134,5,0.9498004518746774,-0.8858927984215719,0.46153846153846145,,0.625,1.0,STRONG_BULLISH,1.0
2023-07-27,0.43143956383714893,5,0.9602057087320957,-0.8895463510848125,0.46153846153846145,,0.625,1.0,STRONG_BULLISH,1.0
2023-07-28,0.42842780261781466,5,0.9435400849058533,-0.8879395333552416,0.46153846153846145,,0.625,1.0,STRONG_BULLISH,1.0
2023-07-31,0.42766111680161495,5,0.9463137716154737,-0.8945466491458607,0.46153846153846145,,0.625,1.0,STRONG_BULLISH,1.0
2023-08-01,0.4275540784983821,5,0.9497540984411343,-0.8985221674876849,0.46153846153846145,,0.625,1.0,STRONG_BULLISH,1.0
2023-08-02,0.4261344694856355,5,0.9285724939002216,-0.8844386080105056,0.46153846153846145,,0.625,1.0,STRONG_BULLISH,1.0
2023-08-03,0.42492181880788815,5,0.9140141835347833,-0.8759435510338038,0.46153846153846145,,0.625,1.0,STRONG_BULLISH,1.0
2023-08-04,0.4222253687617705,5,0.899588382270391,-0.875,0.46153846153846145,,0.625,1.0,STRONG_BULLISH,1.0
2023-08-07,0.42132252497534656,5,0.9079062394287929,-0.8878320760905214,0.46153846153846145,,0.625,1.0,STRONG_BULLISH,1.0
2023-08-08,0.4203509021736377,5,0.8948881804772677,-0.8796721311475411,0.46153846153846145,,0.625,1.0,STRONG_BULLISH,1.0
2023-08-09,0.42069883737990355,5,0.885523408088031,-0.8685676827269748,0.46153846153846145,,0.625,1.0,STRONG_BULLISH,1.0
2023-08-10,0.42016013269562497,5,0.8818899869986412,-0.8676277850589778,0.46153846153846145,,0.625,1.0,STRONG_BULLISH,1.0
2023-08-11,0.4194144589134726,5,0.8785325228422003,-0.8679986898132985,0.46153846153846145,,0.625,1.0,STRONG_BULLISH,1.0
2023-08-14,0.4231238429379808,5,0.9118574394644745,-0.8827766863130322,0.46153846153846145,,0.625,1.0,STRONG_BULLISH,1.0
2023-08-15,0.4214064720753473,5,0.9147655845993228,-0.8942716857610475,0.46153846153846145,,0.625,1.0,STRONG_BULLISH,1.0
2023-08-16,0.4216535390088326,5,0.9013103853381625,-0.8795811518324608,0.46153846153846145,,0.625,1.0,STRONG_BULLISH,1.0
2023-08-17,0.41861991727130976,5,0.8819291326689216,-0.8753680078508341,0.46153846153846145,,0.625,1.0,STRONG_BULLISH,1.0
2023-08-18,0.4155253396707003,5,0.8795774454481338,-0.8884892086330933,0.46153846153846145,,0.625,1.0,STRONG_BULLISH,1.0
2023-08-21,0.41690533509308614,5,0.887494588559202,-0.8895063746322327,0.46153846153846145,,0.625,1.0,STRONG_BULLISH,1.0
2023-08-22,0.4178678875168204,5,0.8916898649345293,-0.8888888888888888,0.46153846153846145,,0.625,1.0,STRONG_BULLISH,1.0
2023-08-23,0.4209038942926611,5,0.9160535352433676,-0.8980725253185233,0.46153846153846145,,0.625,1.0,STRONG_BULLISH,1.0
2023-08-24,0.4124230032219682,5,0.8371049673734696,-0.8615284128020901,0.46153846153846145,,0.625,1.0,STRONG_BULLISH,1.0
2023-08-25,0.41862695550578166,5,0.8910233483117007,-0.8844270323212537,0.46153846153846145,,0.625,1.0,STRONG_BULLISH,1.0
2023-08-28,0.4169263253751566,5,0.8890853324391497,-0.8909921671018277,0.46153846153846145,,0.625,1.0,STRONG_BULLISH,1.0
2023-08-29,0.423442584628196,5,0.940951786235471,-0.9102773246329527,0.46153846153846145,,0.625,1.0,STRONG_BULLISH,1.0
2023-08-30,0.42455640820053553,5,0.947854799294614,-0.9116112198303978,0.46153846153846145,,0.625,1.0,STRONG_BULLISH,1.0
2023-08-31,0.42159904647958835,5,0.9298362948242667,-0.9083795239647865,0.46153846153846145,,0.625,1.0,STRONG_BULLISH,1.0
2023-09-01,0.420882983612574,5,0.9285674604357514,-0.9106910039113429,0.46153846153846145,,0.625,1.0,STRONG_BULLISH,1.0
2023-09-05,0.4221003272377916,5,0.9395708644517349,-0.9156076898012382,0.46153846153846145,,0.625,1.0,STRONG_BULLISH,1.0
2023-09-06,0.4242282052365427,5,0.9502377437973468,-0.9156351791530946,0.46153846153846145,,0.625,1.0,STRONG_BULLISH,1.0
2023-09-07,0.42496523182254364,5,0.9542759750083176,-0.9159882774340606,0.46153846153846145,,0.625,1.0,STRONG_BULLISH,1.0
2023-09-08,0.4234285893958479,5,0.9479221937741116,-0.9173177083333335,0.46153846153846145,,0.625,1.0,STRONG_BULLISH,1.0
2023-09-11,0.42298310431741604,5,0.9463725042399627,-0.917995444191344,0.46153846153846145,,0.625,1.0,STRONG_BULLISH,1.0
2023-09-12,0.1099174186372591,5,0.6825619487108083,-0.8155497722836693,0.09433962264150941,,-0.4117647058823529,1.0,BULLISH,0.75
2023-09-13,0.11856355635230498,5,0.7375599381731,-0.8273170731707316,0.09433962264150941,,-0.4117647058823529,1.0,BULLISH,0.75
2023-09-14,0.1282615293291371,5,0.7939082825523287,-0.8351755526657998,0.09433962264150941,,-0.4117647058823529,1.0,BULLISH,0.75
2023-09-15,0.13143916046323084,5,0.8111499723298286,-0.8365290867728308,0.09433962264150941,,-0.4117647058823529,1.0,BULLISH,0.75
2023-09-18,0.12496685363276121,5,0.7703945041012059,-0.8281351526965564,0.09433962264150941,,-0.4117647058823529,1.0,BULLISH,0.75
2023-09-19,0.12698414385885487,5,0.7837845813594115,-0.8314387788242936,0.09433962264150941,,-0.4117647058823529,1.0,BULLISH,0.75
2023-09-20,0.1266165856190692,5,0.7820015178296957,-0.8314935064935063,0.09433962264150941,,-0.4117647058823529,1.0,BULLISH,0.75
2023-09-21,0.11307875758110938,5,0.6932700233696947,-0.8104511522233042,0.09433962264150941,,-0.4117647058823529,1.0,BULLISH,0.75
2023-09-22,0.11066610656799211,5,0.6780236238679551,-0.807268007787151,0.09433962264150941,,-0.4117647058823529,1.0,BULLISH,0.75
2023-09-25,0.10507132675174954,5,0.6449224889749399,-0.8021407719753486,0.09433962264150941,,-0.4117647058823529,1.0,BULLISH,0.75
2023-09-26,0.08152176710443519,5,0.49708320540374573,-0.7720492866407263,0.09433962264150941,,-0.4117647058823529,1.0,BULLISH,0.75
2023-09-27,0.07831187179896999,5,0.4785144260282381,-0.7695299837925447,0.09433962264150941,,-0.4117647058823529,1.0,BULLISH,0.75
2023-09-28,0.08730083247953727,5,0.5397361153728137,-0.7858068697342839,0.09433962264150941,,-0.4117647058823529,1.0,BULLISH,0.75
2023-09-29,0.084843536758296,5,0.523307814003493,-0.7816650469711695,0.09433962264150941,,-0.4117647058823529,1.0,BULLISH,0.75
2023-10-02,0.08831032172827895,5,0.5507513032812019,-0.7917746113989637,0.09433962264150941,,-0.4117647058823529,1.0,BULLISH,0.75
2023-10-03,0.07198008082096632,5,0.4435928877988964,-0.7662674004532213,0.09433962264150941,,-0.4117647058823529,1.0,BULLISH,0.75
2023-10-04,0.08868116515304887,5,0.5550056662876413,-0.7941747572815534,0.09433962264150941,,-0.4117647058823529,1.0,BULLISH,0.75
2023-10-05,0.0970577851819561,5,0.6053668723017078,-0.8026528631510839,0.09433962264150941,,-0.4117647058823529,1.0,BULLISH,0.75
2023-10-06,0.1050781058979527,5,0.6584689115663123,-0.8156532988357053,0.09433962264150941,,-0.4117647058823529,1.0,BULLISH,0.75
2023-10-09,0.10580100004272845,5,0.6644061584625685,-0.8179760750080827,0.09433962264150941,,-0.4117647058823529,1.0,BULLISH,0.75
2023-10-10,0.10201424938585671,5,0.6400367309458219,-0.8125404007756949,0.09433962264150941,,-0.4117647058823529,1.0,BULLISH,0.75
2023-10-11,0.1024501030049412,5,0.6409841604626416,-0.8113085621970921,0.09433962264150941,,-0.4117647058823529,1.0,BULLISH,0.75
2023-10-12,0.09885219529685363,5,0.6175646126966878,-0.8058785529715762,0.09433962264150941,,-0.4117647058823529,1.0,BULLISH,0.75
2023-10-13,0.09050166036610341,5,0.5681251835860524,-0.7981917985146918,0.09433962264150941,,-0.4117647058823529,1.0,BULLISH,0.75
2023-10-16,0.09278806192219975,5,0.5838185884619134,-0.8024531956100711,0.09433962264150941,,-0.4117647058823529,1.0,BULLISH,0.75
2023-10-17,0.09350594997696546,5,0.5900532519704595,-0.8050984188447887,0.09433962264150941,,-0.4117647058823529,1.0,BULLISH,0.75
2023-10-18,0.08558510853836473,5,0.5421248194810544,-0.7967741935483872,0.09433962264150941,,-0.4117647058823529,1.0,BULLISH,0.75
2023-10-19,0.08479322134226622,5,0.5395208255535935,-0.7981296356014189,0.09433962264150941,,-0.4117647058823529,1.0,BULLISH,0.75
2023-10-20,0.04150217700878447,5,0.25930089413905355,-0.7343649258542877,0.09433962264150941,,-0.4117647058823529,1.0,BULLISH,0.75
2023-10-23,0.04770934286747848,5,0.3071803054738207,-0.7512085078955848,0.09433962264150941,,-0.4117647058823529,1.0,BULLISH,0.75
2023-10-24,0.03799052106866172,5,0.2528673793058016,-0.7454896907216495,0.09433962264150941,,-0.4117647058823529,1.0,BULLISH,0.75
2023-10-25,0.023238008373619203,5,0.16179547937625038,-0.7281803542673109,0.09433962264150941,,-0.4117647058823529,1.0,BULLISH,0.75
2023-10-26,0.018466091844760935,5,0.12997447356574288,-0.7202189311010947,0.09433962264150941,,-0.4117647058823529,1.0,BULLISH,0.75
2023-10-27,0.019299118079071254,5,0.13809189989947623,-0.7241712262632765,0.09433962264150941,,-0.4117647058823529,1.0,BULLISH,0.75
2023-10-30,0.01997082393613143,5,0.148617684259982,-0.7313384813384813,0.09433962264150941,,-0.4117647058823529,1.0,BULLISH,0.75
2023-10-31,0.025882813430718455,5,0.1943463874481508,-0.747507237053715,0.09433962264150941,,-0.4117647058823529,1.0,BULLISH,0.75
2023-11-01,0.03803251235695197,5,0.27993491190663233,-0.772347266881029,0.09433962264150941,,-0.4117647058823529,1.0,BULLISH,0.75
2023-11-02,0.04619846480850518,5,0.3349812131335783,-0.7865638058502089,0.09433962264150941,,-0.4117647058823529,1.0,BULLISH,0.75
2023-11-03,0.060288135898624494,5,0.413852909263529,-0.794987146529563,0.09433962264150941,,-0.4117647058823529,1.0,BULLISH,0.75
2023-11-06,0.06795463938210256,5,0.46381569100904985,-0.8066174108576936,0.09433962264150941,,-0.4117647058823529,1.0,BULLISH,0.75
2023-11-07,0.06500096320901372,5,0.4462192377573315,-0.8037893384714194,0.09433962264150941,,-0.4117647058823529,1.0,BULLISH,0.75
2023-11-08,0.08436320034366337,5,0.5687755953925473,-0.8295345104333869,0.09433962264150941,,-0.4117647058823529,1.0,BULLISH,0.75
2023-11-09,0.08516837197770537,5,0.570930614502926,-0.8276636713735557,0.09433962264150941,,-0.4117647058823529,1.0,BULLISH,0.75
2023-11-10,0.08875782912584881,5,0.5950287941572228,-0.8338145652871352,0.09433962264150941,,-0.4117647058823529,1.0,BULLISH,0.75
2023-11-13,0.08833231733480547,5,0.5990481837057624,-0.8399615137908916,0.09433962264150941,,-0.4117647058823529,1.0,BULLISH,0.75
2023-11-14,0.09556930434424286,5,0.6410555100598456,-0.8457839050977878,0.09433962264150941,,-0.4117647058823529,1.0,BULLISH,0.75
2023-11-15,0.08501864042290411,5,0.5806593109963896,-0.8381410256410255,0.09433962264150941,,-0.4117647058823529,1.0,BULLISH,0.75
2023-11-16,0.08466284297085783,5,0.582136286239958,-0.8413969881448253,0.09433962264150941,,-0.4117647058823529,1.0,BULLISH,0.75
2023-11-17,0.08604549657900476,5,0.5907018934901274,-0.8430493273542601,0.09433962264150941,,-0.4117647058823529,1.0,BULLISH,0.75
2023-11-20,0.0851723067175348,5,0.5899084548048223,-0.8466218379763049,0.09433962264150941,,-0.4117647058823529,1.0,BULLISH,0.75
2023-11-21,0.08213972802601799,5,0.5728740434733663,-0.8447503201024329,0.09433962264150941,,-0.4117647058823529,1.0,BULLISH,0.75
2023-11-22,0.08116597256974456,5,0.5686949460895663,-0.84544,0.09433962264150941,,-0.4117647058823529,1.0,BULLISH,0.75
2023-11-24,0.06795016384689109,5,0.5026653458534178,-0.8454894433781188,0.09433962264150941,,-0.4117647058823529,1.0,BULLISH,0.75
2023-11-27,0.06143323842021842,5,0.4704499258056387,-0.8458586504637031,0.09433962264150941,,-0.4117647058823529,1.0,BULLISH,0.75
2023-11-28,0.061573981229368725,5,0.4692847592086591,-0.843989769820972,0.09433962264150941,,-0.4117647058823529,1.0,BULLISH,0.75
2023-11-29,0.06986797779542717,5,0.5098458287216547,-0.8430808565036754,0.09433962264150941,,-0.4117647058823529,1.0,BULLISH,0.75
2023-11-30,0.0749472008366695,5,0.5349725890216352,-0.8428115015974442,0.09433962264150941,,-0.4117647058823529,1.0,BULLISH,0.75
2023-12-01,0.07774181154721276,5,0.5544254217178846,-0.8482912807409773,0.09433962264150941,,-0.4117647058823529,1.0,BULLISH,0.75
2023-12-04,0.07083395136979329,5,0.5103560150578814,-0.8387611749680715,0.09433962264150941,,-0.4117647058823529,1.0,BULLISH,0.75
2023-12-05,0.06581226409573941,5,0.48083048287689767,-0.8343440791573571,0.09433962264150941,,-0.4117647058823529,1.0,BULLISH,0.75
2023-12-06,0.05556935031918593,5,0.4111620709567476,-0.8158902361199745,0.09433962264150941,,-0.4117647058823529,1.0,BULLISH,0.75
2023-12-07,0.06030273047515633,5,0.44222422206000633,-0.8232854864433812,0.09433962264150941,,-0.4117647058823529,1.0,BULLISH,0.75
2023-12-08,0.07028301129159867,5,0.4953707519437347,-0.8265306122448979,0.09433962264150941,,-0.4117647058823529,1.0,BULLISH,0.75
2023-12-11,0.07619864944819377,5,0.534567517603266,-0.8361491871214537,0.09433962264150941,,-0.4117647058823529,1.0,BULLISH,0.75
2023-12-12,-0.2089039543501538,5,0.04045326523805248,-0.6688973868706181,-0.4444444444444444,,-0.33333333333333337,0.36170212765957444,NEUTRAL,0.5
2023-12-13,-0.20491459833140752,5,0.07866417486766486,-0.687161516406499,-0.4444444444444444,,-0.33333333333333337,0.36170212765957444,NEUTRAL,0.5
2023-12-14,-0.20690132669827288,5,0.04335245611728489,-0.661783439490446,-0.4444444444444444,,-0.33333333333333337,0.36170212765957444,NEUTRAL,0.5
2023-12-15,-0.20584018119874875,5,0.07519056711076955,-0.68831582298631,-0.4444444444444444,,-0.33333333333333337,0.36170212765957444,NEUTRAL,0.5
2023-12-18,-0.1959411805210395,5,0.14006166349009064,-0.7036919159770847,-0.4444444444444444,,-0.33333333333333337,0.36170212765957444,NEUTRAL,0.5
2023-12-19,-0.18953936970289703,5,0.18330085060149126,-0.714922048997773,-0.4444444444444444,,-0.33333333333333337,0.36170212765957444,NEUTRAL,0.5
2023-12-20,-0.19704388074275703,5,0.12328627184971075,-0.6924300254452926,-0.4444444444444444,,-0.33333333333333337,0.36170212765957444,NEUTRAL,0.5
2023-12-21,-0.19417250364798808,5,0.1568188552486922,-0.7116057233704294,-0.4444444444444444,,-0.33333333333333337,0.36170212765957444,NEUTRAL,0.5
2023-12-22,-0.19405766773189587,5,0.16002761660812026,-0.7142403051493962,-0.4444444444444444,,-0.33333333333333337,0.36170212765957444,NEUTRAL,0.5
2023-12-26,-0.19272022700117533,5,0.16617009820733797,-0.7136955830950111,-0.4444444444444444,,-0.33333333333333337,0.36170212765957444,NEUTRAL,0.5
2023-12-27,-0.19477492433020233,5,0.1531286015294533,-0.7109275730622617,-0.4444444444444444,,-0.33333333333333337,0.36170212765957444,NEUTRAL,0.5
2023-12-28,-0.1950989267749558,5,0.15572868216911484,-0.7151476659256906,-0.4444444444444444,,-0.33333333333333337,0.36170212765957444,NEUTRAL,0.5
2023-12-29,-0.1962534435969411,5,0.13925287657794216,-0.7044444444444444,-0.4444444444444444,,-0.33333333333333337,0.36170212765957444,NEUTRAL,0.5
2024-01-02,-0.20337026583375403,5,0.08757722478948393,-0.6883529038400509,-0.4444444444444444,,-0.33333333333333337,0.36170212765957444,NEUTRAL,0.5
2024-01-03,-0.2078902480154603,5,0.05270309024394737,-0.6760786802030456,-0.4444444444444444,,-0.33333333333333337,0.36170212765957444,NEUTRAL,0.5
2024-01-04,-0.21373409324571058,5,0.02485523146338986,-0.6774500475737393,-0.4444444444444444,,-0.33333333333333337,0.36170212765957444,NEUTRAL,0.5
2024-01-05,-0.21572547755328048,5,0.015951749986550467,-0.6785034876347495,-0.4444444444444444,,-0.33333333333333337,0.36170212765957444,NEUTRAL,0.5
2024-01-08,-0.21368415067843743,5,0.04369293159130949,-0.6960380348652933,-0.4444444444444444,,-0.33333333333333337,0.36170212765957444,NEUTRAL,0.5
2024-01-09,-0.21787794074093053,5,0.012047163143588557,-0.685361216730038,-0.4444444444444444,,-0.33333333333333337,0.36170212765957444,NEUTRAL,0.5
2024-01-10,-0.2161234146524907,5,0.02218648309585136,-0.6867279062401015,-0.4444444444444444,,-0.33333333333333337,0.36170212765957444,NEUTRAL,0.5
2024-01-11,-0.21322892868695198,5,0.04752442023632519,-0.6975934135528816,-0.4444444444444444,,-0.33333333333333337,0.36170212765957444,NEUTRAL,0.5
2024-01-12,-0.26046736227581746,5,-0.1676793315679428,-0.7185818296929409,-0.4444444444444444,,-0.33333333333333337,0.36170212765957444,NEUTRAL,0.5
2024-01-16,-0.2538088216867249,5,-0.13524693932807919,-0.7177215189873418,-0.4444444444444444,,-0.33333333333333337,0.36170212765957444,NEUTRAL,0.5
2024-01-17,-0.2663430581842767,5,-0.19972695494427484,-0.7159126858589056,-0.4444444444444444,,-0.33333333333333337,0.36170212765957444,NEUTRAL,0.5
2024-01-18,-0.2418557415523781,5,-0.057592684462156485,-0.7356103731815307,-0.4444444444444444,,-0.33333333333333337,0.36170212765957444,NEUTRAL,0.5
2024-01-19,-0.22150596153515728,5,0.05309215923027644,-0.7445463167878597,-0.4444444444444444,,-0.33333333333333337,0.36170212765957444,NEUTRAL,0.5
2024-01-22,-0.20905951005085668,5,0.11856571048338904,-0.747787610619469,-0.4444444444444444,,-0.33333333333333337,0.36170212765957444,NEUTRAL,0.5
2024-01-23,-0.21464059357093493,5,0.10495799032040076,-0.7620853080568721,-0.4444444444444444,,-0.33333333333333337,0.36170212765957444,NEUTRAL,0.5
2024-01-24,-0.2022100517880983,5,0.19529702731163479,-0.790271636133923,-0.4444444444444444,,-0.33333333333333337,0.36170212765957444,NEUTRAL,0.5
2024-01-25,-0.19991535629420204,5,0.21220458383506813,-0.795705715187875,-0.4444444444444444,,-0.33333333333333337,0.36170212765957444,NEUTRAL,0.5
2024-01-26,-0.2031376232361662,5,0.1930011703010086,-0.7926136363636362,-0.4444444444444444,,-0.33333333333333337,0.36170212765957444,NEUTRAL,0.5
2024-01-29,-0.2112810046114118,5,0.14130521210374458,-0.7816345850426001,-0.4444444444444444,,-0.33333333333333337,0.36170212765957444,NEUTRAL,0.5
2024-01-30,-0.20488662606387426,5,0.17870876585561457,-0.7870662460567823,-0.4444444444444444,,-0.33333333333333337,0.36170212765957444,NEUTRAL,0.5
2024-01-31,-0.214457787743695,5,0.10127646226696263,-0.7574897508672342,-0.4444444444444444,,-0.33333333333333337,0.36170212765957444,NEUTRAL,0.5
2024-02-01,-0.20422134496345828,5,0.19698657977758272,-0.8020176544766708,-0.4444444444444444,,-0.33333333333333337,0.36170212765957444,NEUTRAL,0.5
2024-02-02,-0.21765759867548068,5,0.13364961703074618,-0.8058619602899464,-0.4444444444444444,,-0.33333333333333337,0.36170212765957444,NEUTRAL,0.5
2024-02-05,-0.21230698409089038,5,0.16518975297818117,-0.8106490233144297,-0.4444444444444444,,-0.33333333333333337,0.36170212765957444,NEUTRAL,0.5
2024-02-06,-0.21978407234671055,5,0.11463560334528067,-0.79748031496063,-0.4444444444444444,,-0.33333333333333337,0.36170212765957444,NEUTRAL,0.5
2024-02-07,-0.19399031594294072,5,0.2641341459702504,-0.8180100755667508,-0.4444444444444444,,-0.33333333333333337,0.36170212765957444,NEUTRAL,0.5
2024-02-08,-0.19981617317873374,5,0.22939642098877777,-0.812401636764243,-0.4444444444444444,,-0.33333333333333337,0.36170212765957444,NEUTRAL,0.5
2024-02-09,-0.1937513912707122,5,0.2591500342303439,-0.8118313404657016,-0.4444444444444444,,-0.33333333333333337,0.36170212765957444,NEUTRAL,0.5
2024-02-12,-0.19596152634599479,5,0.23997987746341032,-0.8037118590751808,-0.4444444444444444,,-0.33333333333333337,0.36170212765957444,NEUTRAL,0.5
2024-02-13,-0.20245539905726848,5,0.17895588753626335,-0.7751572327044025,-0.4444444444444444,,-0.33333333333333337,0.36170212765957444,NEUTRAL,0.5
2024-02-14,-0.2137424785832079,5,0.13107906983969908,-0.7837158126375354,-0.4444444444444444,,-0.33333333333333337,0.36170212765957444,NEUTRAL,0.5
2024-02-15,-0.22035575876479893,5,0.0795388424664274,-0.7652419861722186,-0.4444444444444444,,-0.33333333333333337,0.36170212765957444,NEUTRAL,0.5
2024-02-16,-0.21522751831606235,5,0.0845186428922744,-0.7445805843543827,-0.4444444444444444,,-0.33333333333333337,0.36170212765957444,NEUTRAL,0.5
2024-02-20,-0.22290055895923513,5,0.023934664367254,-0.7223618090452262,-0.4444444444444444,,-0.33333333333333337,0.36170212765957444,NEUTRAL,0.5
2024-02-21,-0.2213549142638199,5,0.02861034096550874,-0.719309262166405,-0.4444444444444444,,-0.33333333333333337,0.36170212765957444,NEUTRAL,0.5
2024-02-22,-0.2042683629581846,5,0.13767168843462518,-0.7429378531073447,-0.4444444444444444,,-0.33333333333333337,0.36170212765957444,NEUTRAL,0.5
2024-02-23,-0.197456765388629,5,0.18342000014399473,-0.7546281769689362,-0.4444444444444444,,-0.33333333333333337,0.36170212765957444,NEUTRAL,0.5
2024-02-26,-0.20554503965007317,5,0.1295675158577998,-0.7412170639899625,-0.4444444444444444,,-0.33333333333333337,0.36170212765957444,NEUTRAL,0.5
2024-02-27,-0.20443112162418342,5,0.13898118969248863,-0.7450611476952023,-0.4444444444444444,,-0.33333333333333337,0.36170212765957444,NEUTRAL,0.5
2024-02-28,-0.20373369762249713,5,0.1475639018176298,-0.7501567398119122,-0.4444444444444444,,-0.33333333333333337,0.36170212765957444,NEUTRAL,0.5
2024-02-29,-0.20223797021494277,5,0.15480745369720283,-0.7499216546537135,-0.4444444444444444,,-0.33333333333333337,0.36170212765957444,NEUTRAL,0.5
2024-03-01,-0.19294580145424683,5,0.22860228194471355,-0.7772556390977443,-0.4444444444444444,,-0.33333333333333337,0.36170212765957444,NEUTRAL,0.5
2024-03-04,-0.18759519597823515,5,0.25949647573908496,-0.7813968055120575,-0.4444444444444444,,-0.33333333333333337,0.36170212765957444,NEUTRAL,0.5
2024-03-05,-0.2078524206434294,5,0.1147596959304864,-0.7379461490294301,-0.4444444444444444,,-0.33333333333333337,0.36170212765957444,NEUTRAL,0.5
2024-03-06,-0.20308824728012334,5,0.15775491450005918,-0.7571205007824726,-0.4444444444444444,,-0.33333333333333337,0.36170212765957444,NEUTRAL,0.5
2024-03-07,-0.18957791312232505,5,0.25635880040144654,-0.7881727158948686,-0.4444444444444444,,-0.33333333333333337,0.36170212765957444,NEUTRAL,0.5
2024-03-08,-0.19935223060460383,5,0.1778381129850808,-0.7585236158898967,-0.4444444444444444,,-0.33333333333333337,0.36170212765957444,NEUTRAL,0.5
2024-03-11,-0.18825523621992252,5,0.25685075106987254,-0.7820512820512819,-0.4444444444444444,,-0.33333333333333337,0.36170212765957444,NEUTRAL,0.5
2024-03-12,0.2528796567917804,5,0.6977899987740881,-0.8487027195998751,-0.1636363636363637,,0.5789473684210527,1.0,STRONG_BULLISH,1.0
2024-03-13,0.24315560034756292,5,0.6404669969531254,-0.8399999999999999,-0.1636363636363637,,0.5789473684210527,1.0,STRONG_BULLISH,1.0
2024-03-14,0.24070830533669846,5,0.6282805062786845,-0.8400499843798812,-0.1636363636363637,,0.5789473684210527,1.0,STRONG_BULLISH,1.0
2024-03-15,0.24307790814442748,5,0.6401784734764866,-0.8400999375390381,-0.1636363636363637,,0.5789473684210527,1.0,STRONG_BULLISH,1.0
2024-03-18,0.24599630025366198,5,0.665123197076815,-0.8504527005931939,-0.1636363636363637,,0.5789473684210527,1.0,STRONG_BULLISH,1.0
2024-03-19,0.24597394683565285,5,0.6750456207793429,-0.8604868913857677,-0.1636363636363637,,0.5789473684210527,1.0,STRONG_BULLISH,1.0
2024-03-20,0.23510213005954403,5,0.6207300667298798,-0.8605304212168488,-0.1636363636363637,,0.5789473684210527,1.0,STRONG_BULLISH,1.0
2024-03-21,0.23017662848283518,5,0.5924030796132671,-0.8568309419837803,-0.1636363636363637,,0.5789473684210527,1.0,STRONG_BULLISH,1.0
2024-03-22,0.2337833317510758,5,0.6017503374755231,-0.8481446835048332,-0.1636363636363637,,0.5789473684210527,1.0,STRONG_BULLISH,1.0
2024-03-25,0.2300679204782094,5,0.574804158703615,-0.8397755610972568,-0.1636363636363637,,0.5789473684210527,1.0,STRONG_BULLISH,1.0
2024-03-26,0.22856079829137946,5,0.5679417245967953,-0.8404487379245871,-0.1636363636363637,,0.5789473684210527,1.0,STRONG_BULLISH,1.0
2024-03-27,0.21647006344549782,5,0.5003726457761337,-0.8333333333333335,-0.1636363636363637,,0.5789473684210527,1.0,STRONG_BULLISH,1.0
2024-03-28,0.2197429709302793,5,0.5199033827225157,-0.8364995328558082,-0.1636363636363637,,0.5789473684210527,1.0,STRONG_BULLISH,1.0
2024-04-01,0.21583781724155476,5,0.4976265247605691,-0.8337484433374844,-0.1636363636363637,,0.5789473684210527,1.0,STRONG_BULLISH,1.0
2024-04-02,0.21887061610547728,5,0.5075512571930556,-0.828509181450358,-0.1636363636363637,,0.5789473684210527,1.0,STRONG_BULLISH,1.0
2024-04-03,0.21632260837984693,5,0.5060655716509488,-0.8397635345364032,-0.1636363636363637,,0.5789473684210527,1.0,STRONG_BULLISH,1.0
2024-04-04,0.191764760317868,5,0.37057344999283126,-0.8270606531881803,-0.1636363636363637,,0.5789473684210527,1.0,STRONG_BULLISH,1.0
2024-04-05,0.19766251257773895,5,0.4029144934273887,-0.829912935323383,-0.1636363636363637,,0.5789473684210527,1.0,STRONG_BULLISH,1.0
2024-04-08,0.2009792627304412,5,0.4170643265858882,-0.8274790177183711,-0.1636363636363637,,0.5789473684210527,1.0,STRONG_BULLISH,1.0
2024-04-09,0.18645798112724019,5,0.33456746517718017,-0.8175885643256682,-0.1636363636363637,,0.5789473684210527,1.0,STRONG_BULLISH,1.0
2024-04-10,0.19402838312107049,5,0.3606712339023659,-0.8058403230817024,-0.1636363636363637,,0.5789473684210527,1.0,STRONG_BULLISH,1.0
2024-04-11,0.22939522031727586,5,0.5493669601557274,-0.8177018633540372,-0.1636363636363637,,0.5789473684210527,1.0,STRONG_BULLISH,1.0
2024-04-12,0.21786801375708248,5,0.47098653062599505,-0.7969574666252717,-0.1636363636363637,,0.5789473684210527,1.0,STRONG_BULLISH,1.0
2024-04-15,0.20702597700459266,5,0.4028728839626692,-0.7830540037243949,-0.1636363636363637,,0.5789473684210527,1.0,STRONG_BULLISH,1.0
2024-04-16,0.21149571426638394,5,0.43335590039768057,-0.79118833385045,-0.1636363636363637,,0.5789473684210527,1.0,STRONG_BULLISH,1.0
2024-04-17,0.2041351444867967,5,0.3690123603291955,-0.7636476426799008,-0.1636363636363637,,0.5789473684210527,1.0,STRONG_BULLISH,1.0
2024-04-18,0.1912707344866573,5,0.27034499322999284,-0.7293023255813953,-0.1636363636363637,,0.5789473684210527,1.0,STRONG_BULLISH,1.0
2024-04-19,0.1854421185396846,5,0.22795662449153942,-0.7160570365778054,-0.1636363636363637,,0.5789473684210527,1.0,STRONG_BULLISH,1.0
2024-04-22,0.18375236648235221,5,0.21680688588551655,-0.7133560582584444,-0.1636363636363637,,0.5789473684210527,1.0,STRONG_BULLISH,1.0
2024-04-23,0.18657634223047942,5,0.23690156138629548,-0.7193308550185873,-0.1636363636363637,,0.5789473684210527,1.0,STRONG_BULLISH,1.0
2024-04-24,0.18477801214324435,5,0.22954529935054802,-0.7209662434190152,-0.1636363636363637,,0.5789473684210527,1.0,STRONG_BULLISH,1.0
2024-04-25,0.18485053763565235,5,0.22442155955456333,-0.7154798761609906,-0.1636363636363637,,0.5789473684210527,1.0,STRONG_BULLISH,1.0
2024-04-26,0.19465491849854824,5,0.30448169355763444,-0.7465181058495822,-0.1636363636363637,,0.5789473684210527,1.0,STRONG_BULLISH,1.0
2024-04-29,0.19000190198443542,5,0.2704658318701614,-0.7357673267326732,-0.1636363636363637,,0.5789473684210527,1.0,STRONG_BULLISH,1.0
2024-04-30,0.17454323743591693,5,0.16325114589628775,-0.7058459635013921,-0.1636363636363637,,0.5789473684210527,1.0,STRONG_BULLISH,1.0
2024-05-01,0.17888837141838623,5,0.1903244206436676,-0.7111935683364254,-0.1636363636363637,,0.5789473684210527,1.0,STRONG_BULLISH,1.0
2024-05-02,0.18407864147368647,5,0.22131095065174966,-0.7162287480680063,-0.1636363636363637,,0.5789473684210527,1.0,STRONG_BULLISH,1.0
2024-05-03,0.1860130485791448,5,0.24065040621981137,-0.7258961681087763,-0.1636363636363637,,0.5789473684210527,1.0,STRONG_BULLISH,1.0
2024-05-06,0.19923875265109914,5,0.34331711126660536,-0.7624343527957986,-0.1636363636363637,,0.5789473684210527,1.0,STRONG_BULLISH,1.0
2024-05-07,0.19120334882248013,5,0.29734564050127554,-0.7566399011735638,-0.1636363636363637,,0.5789473684210527,1.0,STRONG_BULLISH,1.0
2024-05-08,0.18749523643126637,5,0.2702355694679688,-0.7480703920963259,-0.1636363636363637,,0.5789473684210527,1.0,STRONG_BULLISH,1.0
2024-05-09,0.18311329269508392,5,0.23698385375245912,-0.7367283950617285,-0.1636363636363637,,0.5789473684210527,1.0,STRONG_BULLISH,1.0
2024-05-10,0.18223959467743864,5,0.2339307822402703,-0.738043813637766,-0.1636363636363637,,0.5789473684210527,1.0,STRONG_BULLISH,1.0
2024-05-13,0.17567971677278907,5,0.19473471047962643,-0.7316471314003701,-0.1636363636363637,,0.5789473684210527,1.0,STRONG_BULLISH,1.0
2024-05-14,0.19259432836899196,5,0.3435286604953618,-0.795868023435091,-0.1636363636363637,,0.5789473684210527,1.0,STRONG_BULLISH,1.0
2024-05-15,0.20144366023731514,5,0.3967778266115043,-0.8048705302096177,-0.1636363636363637,,0.5789473684210527,1.0,STRONG_BULLISH,1.0
2024-05-16,0.1911518110934078,5,0.35123387502749637,-0.8107858243451465,-0.1636363636363637,,0.5789473684210527,1.0,STRONG_BULLISH,1.0
2024-05-17,0.18064321416029602,5,0.30860746897427727,-0.8207024029574861,-0.1636363636363637,,0.5789473684210527,1.0,STRONG_BULLISH,1.0
2024-05-20,0.17013730470946037,5,0.26475648580911737,-0.8293809670465044,-0.1636363636363637,,0.5789473684210527,1.0,BULLISH,0.75
2024-05-21,0.16648189921775464,5,0.24745563416122707,-0.8303571428571428,-0.1636363636363637,,0.5789473684210527,1.0,BULLISH,0.75
2024-05-22,0.1723435153419561,5,0.2762003546274616,-0.82979378270237,-0.1636363636363637,,0.5789473684210527,1.0,BULLISH,0.75
2024-05-23,0.18551657657288706,5,0.3365795703874386,-0.8243076923076922,-0.1636363636363637,,0.5789473684210527,1.0,STRONG_BULLISH,1.0
2024-05-24,0.17981060889149292,5,0.29579986803328007,-0.8120578283605044,-0.1636363636363637,,0.5789473684210527,1.0,STRONG_BULLISH,1.0
2024-05-28,0.16951368042718354,5,0.26005567533400864,-0.8277982779827799,-0.1636363636363637,,0.5789473684210527,1.0,BULLISH,0.75
2024-05-29,0.16409960256135922,5,0.22504560009096664,-0.8198585920688595,-0.1636363636363637,,0.5789473684210527,1.0,BULLISH,0.75
2024-05-30,0.11275902437458249,5,-0.11365478887366942,-0.737861094038107,-0.1636363636363637,,0.5789473684210527,1.0,BULLISH,0.75
2024-05-31,0.11326582597369188,5,-0.11011858766584559,-0.738863287250384,-0.1636363636363637,,0.5789473684210527,1.0,BULLISH,0.75
2024-06-03,0.12553894828917264,5,-0.02103149675405902,-0.7665847665847667,-0.1636363636363637,,0.5789473684210527,1.0,BULLISH,0.75
2024-06-04,0.13344083001479917,5,0.032673004055042254,-0.7807798587657353,-0.1636363636363637,,0.5789473684210527,1.0,BULLISH,0.75
2024-06-05,0.1529316752462633,5,0.15843269986897246,-0.8090853284223449,-0.1636363636363637,,0.5789473684210527,1.0,BULLISH,0.75
2024-06-06,0.15460400449043668,5,0.1751376767653774,-0.817428659097883,-0.1636363636363637,,0.5789473684210527,1.0,BULLISH,0.75
2024-06-07,0.16942961151160343,5,0.27140760492056737,-0.8395705521472392,-0.1636363636363637,,0.5789473684210527,1.0,BULLISH,0.75
2024-06-10,0.15002613286959182,5,0.16247988648752654,-0.8276602269242563,-0.1636363636363637,,0.5789473684210527,1.0,BULLISH,0.75
2024-06-11,0.13539295491773917,5,0.08292906103637976,-0.8212752912323729,-0.1636363636363637,,0.5789473684210527,1.0,BULLISH,0.75
2024-06-12,-0.0943360347264528,6,0.21009785970185102,-0.9016242721422003,-0.6428571428571428,-0.75,0.6000000000000001,0.9183673469387754,NEUTRAL,0.5
2024-06-13,-0.0803821107057654,6,0.2914005630563241,-0.899203431372549,-0.6428571428571428,-0.75,0.6000000000000001,0.9183673469387754,NEUTRAL,0.5
2024-06-14,-0.09779647962127691,6,0.17898197485226808,-0.891271056661562,-0.6428571428571428,-0.75,0.6000000000000001,0.9183673469387754,NEUTRAL,0.5
2024-06-17,-0.10474744850879063,6,0.1513939597339642,-0.9053888548683404,-0.6428571428571428,-0.75,0.6000000000000001,0.9183673469387754,NEUTRAL,0.5
2024-06-18,-0.09725419795212642,6,0.20709561524570685,-0.9161310070400979,-0.6428571428571428,-0.75,0.6000000000000001,0.9183673469387754,NEUTRAL,0.5
2024-06-20,-0.08427410281087562,6,0.2794938938633953,-0.9106487148102815,-0.6428571428571428,-0.75,0.6000000000000001,0.9183673469387754,NEUTRAL,0.5
2024-06-21,-0.08569772547084287,6,0.26577912372959034,-0.9054756806362803,-0.6428571428571428,-0.75,0.6000000000000001,0.9183673469387754,NEUTRAL,0.5
2024-06-24,-0.08208519757596873,6,0.2789205064870195,-0.8969418960244648,-0.6428571428571428,-0.75,0.6000000000000001,0.9183673469387754,NEUTRAL,0.5
2024-06-25,-0.07729346546160347,6,0.30281093527959335,-0.8920819321308469,-0.6428571428571428,-0.75,0.6000000000000001,0.9183673469387754,NEUTRAL,0.5
2024-06-26,-0.07564406168099225,6,0.30876723512336723,-0.8881418092909534,-0.6428571428571428,-0.75,0.6000000000000001,0.9183673469387754,NEUTRAL,0.5
2024-06-27,-0.0732119807457311,6,0.33378191999882323,-0.8985640085548425,-0.6428571428571428,-0.75,0.6000000000000001,0.9183673469387754,NEUTRAL,0.5
2024-06-28,-0.07042769628062844,6,0.35448928714113315,-0.9025656689065364,-0.6428571428571428,-0.75,0.6000000000000001,0.9183673469387754,NEUTRAL,0.5
2024-07-01,-0.09671178839973867,6,0.20628013422222535,-0.9120610687022901,-0.6428571428571428,-0.75,0.6000000000000001,0.9183673469387754,NEUTRAL,0.5
2024-07-02,-0.09962302595864488,6,0.18914480255966026,-0.9123931623931623,-0.6428571428571428,-0.75,0.6000000000000001,0.9183673469387754,NEUTRAL,0.5
2024-07-03,-0.08588606200154832,6,0.2737294202471916,-0.9145559963381142,-0.6428571428571428,-0.75,0.6000000000000001,0.9183673469387754,NEUTRAL,0.5
2024-07-05,-0.07924989244456955,6,0.31601301599164566,-0.9170225747406957,-0.6428571428571428,-0.75,0.6000000000000001,0.9183673469387754,NEUTRAL,0.5
2024-07-08,-0.06838332378160317,6,0.3812377336801056,-0.9170478804513573,-0.6428571428571428,-0.75,0.6000000000000001,0.9183673469387754,NEUTRAL,0.5
2024-07-09,-0.06558960477525189,6,0.378513142876612,-0.897560975609756,-0.6428571428571428,-0.75,0.6000000000000001,0.9183673469387754,NEUTRAL,0.5
2024-07-10,-0.05513899830042349,6,0.4476484912727905,-0.9039926851569642,-0.6428571428571428,-0.75,0.6000000000000001,0.9183673469387754,NEUTRAL,0.5
2024-07-11,-0.06333444864819664,6,0.4009425799584989,-0.9064594759293114,-0.6428571428571428,-0.75,0.6000000000000001,0.9183673469387754,NEUTRAL,0.5
2024-07-12,-0.06845502955828468,6,0.3796901698936668,-0.9159305513250076,-0.6428571428571428,-0.75,0.6000000000000001,0.9183673469387754,NEUTRAL,0.5
2024-07-15,-0.027303309560218574,6,0.6193179288128414,-0.9086479902557856,-0.6428571428571428,-0.75,0.6000000000000001,0.9183673469387754,NEUTRAL,0.5
2024-07-16,-0.0340025907965165,6,0.5748882541834084,-0.9044140030441401,-0.6428571428571428,-0.75,0.6000000000000001,0.9183673469387754,NEUTRAL,0.5
2024-07-17,-0.04120416949305757,6,0.5119269822466925,-0.8846622032866707,-0.6428571428571428,-0.75,0.6000000000000001,0.9183673469387754,NEUTRAL,0.5
2024-07-18,-0.04012434264123943,6,0.5117479992738514,-0.8780042592029207,-0.6428571428571428,-0.75,0.6000000000000001,0.9183673469387754,NEUTRAL,0.5
2024-07-19,-0.024782793415522402,6,0.60687576048606,-0.8810827250608271,-0.6428571428571428,-0.75,0.6000000000000001,0.9183673469387754,NEUTRAL,0.5
2024-07-22,-0.019145074135771267,6,0.6507716770386742,-0.8911523259349345,-0.6428571428571428,-0.75,0.6000000000000001,0.9183673469387754,NEUTRAL,0.5
2024-07-23,-0.02709410313690323,6,0.6213476694981637,-0.9094224924012158,-0.6428571428571428,-0.75,0.6000000000000001,0.9183673469387754,NEUTRAL,0.5
2024-07-24,-0.036108335363230326,6,0.5393347700653299,-0.8814949863263446,-0.6428571428571428,-0.75,0.6000000000000001,0.9183673469387754,NEUTRAL,0.5
2024-07-25,-0.03890083089778643,6,0.5156291604708954,-0.8745443499392467,-0.6428571428571428,-0.75,0.6000000000000001,0.9183673469387754,NEUTRAL,0.5
2024-07-26,-0.0337346472281946,6,0.5545598961507787,-0.882477983601579,-0.6428571428571428,-0.75,0.6000000000000001,0.9183673469387754,NEUTRAL,0.5
2024-07-29,-0.032051860800194364,6,0.5598349759866608,-0.8776563448694596,-0.6428571428571428,-0.75,0.6000000000000001,0.9183673469387754,NEUTRAL,0.5
2024-07-30,-0.03264632338245851,6,0.5447727053959988,-0.8661608497723825,-0.6428571428571428,-0.75,0.6000000000000001,0.9183673469387754,NEUTRAL,0.5
2024-07-31,-0.02618082906594173,6,0.601810161328542,-0.8844053398058251,-0.6428571428571428,-0.75,0.6000000000000001,0.9183673469387754,NEUTRAL,0.5
2024-08-01,-0.030561132988767947,6,0.5628245448465421,-0.8717015468607825,-0.6428571428571428,-0.75,0.6000000000000001,0.9183673469387754,NEUTRAL,0.5
2024-08-02,-0.031059225800312545,6,0.5419852597944788,-0.8538508186779867,-0.6428571428571428,-0.75,0.6000000000000001,0.9183673469387754,NEUTRAL,0.5
2024-08-05,-0.04515323044865919,6,0.4241220955543903,-0.8205516823279781,-0.6428571428571428,-0.75,0.6000000000000001,0.9183673469387754,NEUTRAL,0.5
2024-08-06,-0.04399648681344859,6,0.433844208371009,-0.8233333333333333,-0.6428571428571428,-0.75,0.6000000000000001,0.9183673469387754,NEUTRAL,0.5
2024-08-07,-0.0721009742128517,6,0.2483062469151136,-0.8064222962738565,-0.6428571428571428,-0.75,0.6000000000000001,0.9183673469387754,NEUTRAL,0.5
2024-08-08,-0.05109458858945045,6,0.39681384524174934,-0.8288915808600847,-0.6428571428571428,-0.75,0.6000000000000001,0.9183673469387754,NEUTRAL,0.5
2024-08-09,-0.03233648836361865,6,0.5263685345226077,-0.8458976687859523,-0.6428571428571428,-0.75,0.6000000000000001,0.9183673469387754,NEUTRAL,0.5
2024-08-12,-0.028473490766066645,6,0.5529224590701514,-0.849273607748184,-0.6428571428571428,-0.75,0.6000000000000001,0.9183673469387754,NEUTRAL,0.5
2024-08-13,-0.026748211034729314,6,0.5726994707084785,-0.8586989409984871,-0.6428571428571428,-0.75,0.6000000000000001,0.9183673469387754,NEUTRAL,0.5
2024-08-14,-0.032514425601654774,6,0.5441945308746818,-0.8647912885662432,-0.6428571428571428,-0.75,0.6000000000000001,0.9183673469387754,NEUTRAL,0.5
2024-08-15,-0.04464882996906527,6,0.47656960110548763,-0.869972785001512,-0.6428571428571428,-0.75,0.6000000000000001,0.9183673469387754,NEUTRAL,0.5
2024-08-16,-0.04115607596800489,6,0.4990769193122726,-0.8715235792019347,-0.6428571428571428,-0.75,0.6000000000000001,0.9183673469387754,NEUTRAL,0.5
2024-08-19,-0.03742066475414041,6,0.5236436556860604,-0.8736778482925356,-0.6428571428571428,-0.75,0.6000000000000001,0.9183673469387754,NEUTRAL,0.5
2024-08-20,-0.03687250054911406,6,0.5360342488170364,-0.8827794561933535,-0.6428571428571428,-0.75,0.6000000000000001,0.9183673469387754,NEUTRAL,0.5
2024-08-21,-0.02795314644862538,6,0.5986464835207859,-0.8918755662941709,-0.6428571428571428,-0.75,0.6000000000000001,0.9183673469387754,NEUTRAL,0.5
2024-08-22,-0.04433863273243669,6,0.4822502700551481,-0.873792270531401,-0.6428571428571428,-0.75,0.6000000000000001,0.9183673469387754,NEUTRAL,0.5
2024-08-23,-0.04844921490524068,6,0.46637826742866784,-0.8825837609417446,-0.6428571428571428,-0.75,0.6000000000000001,0.9183673469387754,NEUTRAL,0.5
2024-08-26,-0.029751009264320394,6,0.5755854301332899,-0.879601689800845,-0.6428571428571428,-0.75,0.6000000000000001,0.9183673469387754,NEUTRAL,0.5
2024-08-27,-0.044772111685721705,6,0.48187522535154836,-0.8760180995475113,-0.6428571428571428,-0.75,0.6000000000000001,0.9183673469387754,NEUTRAL,0.5
2024-08-28,-0.05563906138730568,6,0.4103779848924827,-0.8697225572979495,-0.6428571428571428,-0.75,0.6000000000000001,0.9183673469387754,NEUTRAL,0.5
2024-08-29,-0.0551465497350189,6,0.4275417606978831,-0.8839312631896292,-0.6428571428571428,-0.75,0.6000000000000001,0.9183673469387754,NEUTRAL,0.5
2024-08-30,-0.0580867595848232,6,0.4234978701152752,-0.8975286317058471,-0.6428571428571428,-0.75,0.6000000000000001,0.9183673469387754,NEUTRAL,0.5
2024-09-03,-0.07079226250124433,6,0.33403872166414006,-0.8843025007532388,-0.6428571428571428,-0.75,0.6000000000000001,0.9183673469387754,NEUTRAL,0.5
2024-09-04,-0.08933946419093182,6,0.2333325288450656,-0.894879518072289,-0.6428571428571428,-0.75,0.6000000000000001,0.9183673469387754,NEUTRAL,0.5
2024-09-05,-0.09644345583928342,6,0.2003758841286769,-0.9045468232460103,-0.6428571428571428,-0.75,0.6000000000000001,0.9183673469387754,NEUTRAL,0.5
2024-09-06,-0.10657224482424026,6,0.13571857862855463,-0.9006622516556291,-0.6428571428571428,-0.75,0.6000000000000001,0.9183673469387754,NEUTRAL,0.5
2024-09-09,-0.10262955607731657,6,0.14495982629166337,-0.8862473668371953,-0.6428571428571428,-0.75,0.6000000000000001,0.9183673469387754,NEUTRAL,0.5
2024-09-10,0.05504749470506846,6,0.3458673055418,-0.9223826714801444,0.22807017543859653,-0.5555555555555556,0.7142857142857142,0.52,BULLISH,0.75
2024-09-11,0.056561065180727566,6,0.3549720719532041,-0.9224060150375939,0.22807017543859653,-0.5555555555555556,0.7142857142857142,0.52,BULLISH,0.75
2024-09-12,0.1200471049685931,6,0.7392189162080469,-0.9257366205652435,0.22807017543859653,-0.5555555555555556,0.7142857142857142,0.52,BULLISH,0.75
2024-09-13,0.11541427156731514,6,0.7114442372249161,-0.9257589419897805,0.22807017543859653,-0.5555555555555556,0.7142857142857142,0.52,BULLISH,0.75
2024-09-16,0.11298519166445986,6,0.6989954312026194,-0.9278846153846154,0.22807017543859653,-0.5555555555555556,0.7142857142857142,0.52,BULLISH,0.75
2024-09-17,0.11378166195030281,6,0.702293963156372,-0.9264043256233103,0.22807017543859653,-0.5555555555555556,0.7142857142857142,0.52,BULLISH,0.75
2024-09-18,0.12153491592582373,6,0.7473340863111122,-0.924924924924925,0.22807017543859653,-0.5555555555555556,0.7142857142857142,0.52,BULLISH,0.75
2024-09-19,0.12288327127899379,6,0.7569478074649794,-0.9264485139597718,0.22807017543859653,-0.5555555555555556,0.7142857142857142,0.52,BULLISH,0.75
2024-09-20,0.12525536343118904,6,0.7715025547016925,-0.9267707082833134,0.22807017543859653,-0.5555555555555556,0.7142857142857142,0.52,BULLISH,0.75
2024-09-23,0.13035326967412972,6,0.799111663113947,-0.9237923792379239,0.22807017543859653,-0.5555555555555556,0.7142857142857142,0.52,BULLISH,0.75
2024-09-24,0.132583729712051,6,0.811917401032165,-0.9232153569286141,0.22807017543859653,-0.5555555555555556,0.7142857142857142,0.52,BULLISH,0.75
2024-09-25,0.13330907788759558,6,0.8168922141163386,-0.9238380809595204,0.22807017543859653,-0.5555555555555556,0.7142857142857142,0.52,BULLISH,0.75
2024-09-26,0.13787597018168882,6,0.8473140001108261,-0.9268585131894485,0.22807017543859653,-0.5555555555555556,0.7142857142857142,0.52,BULLISH,0.75
2024-09-27,0.1373933650011242,6,0.8450396280885144,-0.9274797722505244,0.22807017543859653,-0.5555555555555556,0.7142857142857142,0.52,BULLISH,0.75
2024-09-30,0.13719731577416897,6,0.8444842195535505,-0.9281006590772918,0.22807017543859653,-0.5555555555555556,0.7142857142857142,0.52,BULLISH,0.75
2024-10-01,0.13955828273683157,6,0.8532807189458551,-0.9227313566936208,0.22807017543859653,-0.5555555555555556,0.7142857142857142,0.52,BULLISH,0.75
2024-10-02,0.13579488221750388,6,0.8322204561422561,-0.9242514970059881,0.22807017543859653,-0.5555555555555556,0.7142857142857142,0.52,BULLISH,0.75
2024-10-03,0.14058896507190613,6,0.8580145098394552,-0.9212810535767735,0.22807017543859653,-0.5555555555555556,0.7142857142857142,0.52,BULLISH,0.75
2024-10-04,0.1386629670026082,6,0.8533641823890843,-0.9281867145421903,0.22807017543859653,-0.5555555555555556,0.7142857142857142,0.52,BULLISH,0.75
2024-10-07,0.13603267618043247,6,0.8358091240505432,-0.9264134011367036,0.22807017543859653,-0.5555555555555556,0.7142857142857142,0.52,BULLISH,0.75
2024-10-08,0.1311973678320737,6,0.8098097101442612,-0.9294258373205742,0.22807017543859653,-0.5555555555555556,0.7142857142857142,0.52,BULLISH,0.75
2024-10-09,0.14610621303497606,6,0.8998817870904285,-0.9300448430493273,0.22807017543859653,-0.5555555555555556,0.7142857142857142,0.52,BULLISH,0.75
2024-10-10,0.14804295620995359,6,0.9103276959779958,-0.9288702928870294,0.22807017543859653,-0.5555555555555556,0.7142857142857142,0.52,BULLISH,0.75
2024-10-11,0.15116914569068338,6,0.929106084642211,-0.928891544666866,0.22807017543859653,-0.5555555555555556,0.7142857142857142,0.52,BULLISH,0.75
2024-10-14,0.1518425515655246,6,0.9331677589758858,-0.9289127837514934,0.22807017543859653,-0.5555555555555556,0.7142857142857142,0.52,BULLISH,0.75
2024-10-15,0.1571978941595827,6,0.962633671577036,-0.926246640788295,0.22807017543859653,-0.5555555555555556,0.7142857142857142,0.52,BULLISH,0.75
2024-10-16,0.15574993073909163,6,0.9548634293702725,-0.9271641791044778,0.22807017543859653,-0.5555555555555556,0.7142857142857142,0.52,BULLISH,0.75
2024-10-17,0.15358354860230602,6,0.9424837088625684,-0.9277827514174875,0.22807017543859653,-0.5555555555555556,0.7142857142857142,0.52,BULLISH,0.75
2024-10-18,0.15585566494189684,6,0.9543479752916952,-0.9260143198090693,0.22807017543859653,-0.5555555555555556,0.7142857142857142,0.52,BULLISH,0.75
2024-10-21,0.15582397520488211,6,0.9520922197148769,-0.9239487026543394,0.22807017543859653,-0.5555555555555556,0.7142857142857142,0.52,BULLISH,0.75
2024-10-22,0.15892039473333938,6,0.9733767748395101,-0.926654740608229,0.22807017543859653,-0.5555555555555556,0.7142857142857142,0.52,BULLISH,0.75
2024-10-23,0.1577545250805459,6,0.9622305420969348,-0.9225037257824145,0.22807017543859653,-0.5555555555555556,0.7142857142857142,0.52,BULLISH,0.75
2024-10-24,0.15792911261650158,6,0.9656849493967621,-0.9249106078665077,0.22807017543859653,-0.5555555555555556,0.7142857142857142,0.52,BULLISH,0.75
2024-10-25,0.1590993350581602,6,0.9700476869040666,-0.9222520107238605,0.22807017543859653,-0.5555555555555556,0.7142857142857142,0.52,BULLISH,0.75
2024-10-28,0.15906860503067285,6,0.9680996819592962,-0.9204883859440143,0.22807017543859653,-0.5555555555555556,0.7142857142857142,0.52,BULLISH,0.75
2024-10-29,0.15934389143275504,6,0.9709659021919905,-0.9217028877642155,0.22807017543859653,-0.5555555555555556,0.7142857142857142,0.52,BULLISH,0.75
2024-10-30,0.15821528951103847,6,0.9674914028974757,-0.925,0.22807017543859653,-0.5555555555555556,0.7142857142857142,0.52,BULLISH,0.75
2024-10-31,0.15513696242721664,6,0.9377375963005252,-0.9137161559059805,0.22807017543859653,-0.5555555555555556,0.7142857142857142,0.52,BULLISH,0.75
2024-11-01,0.15380824830779818,6,0.932765396011169,-0.916716240333135,0.22807017543859653,-0.5555555555555556,0.7142857142857142,0.52,BULLISH,0.75
2024-11-04,0.15444481825642742,6,0.93542016621132,-0.9155515908415106,0.22807017543859653,-0.5555555555555556,0.7142857142857142,0.52,BULLISH,0.75
2024-11-05,0.15392647629226788,6,0.9356051347620222,-0.91884661117717,0.22807017543859653,-0.5555555555555556,0.7142857142857142,0.52,BULLISH,0.75
2024-11-06,0.15661307167973804,6,0.9651217809022437,-0.9322436849925706,0.22807017543859653,-0.5555555555555556,0.7142857142857142,0.52,BULLISH,0.75
2024-11-07,0.1586365718455003,6,0.980253796844829,-0.9352346999405823,0.22807017543859653,-0.5555555555555556,0.7142857142857142,0.52,BULLISH,0.75
2024-11-08,0.1553208413763011,6,0.9624576514219887,-0.9373329373329373,0.22807017543859653,-0.5555555555555556,0.7142857142857142,0.52,BULLISH,0.75
2024-11-11,0.155419218839732,6,0.9624726985846013,-0.9367577197149644,0.22807017543859653,-0.5555555555555556,0.7142857142857142,0.52,BULLISH,0.75
2024-11-12,0.1549357999749921,6,0.9604814291718475,-0.93766696349065,0.22807017543859653,-0.5555555555555556,0.7142857142857142,0.52,BULLISH,0.75
2024-11-13,0.15293172970137767,6,0.9484755039801636,-0.9376854599406528,0.22807017543859653,-0.5555555555555556,0.7142857142857142,0.52,BULLISH,0.75
2024-11-14,0.15191270463257836,6,0.9379301208589905,-0.9332542272322755,0.22807017543859653,-0.5555555555555556,0.7142857142857142,0.52,BULLISH,0.75
2024-11-15,0.15385444441830445,6,0.9463381947372758,-0.9300118623962041,0.22807017543859653,-0.5555555555555556,0.7142857142857142,0.52,BULLISH,0.75
2024-11-18,0.15288604030256903,6,0.9417344074984229,-0.9312184998517639,0.22807017543859653,-0.5555555555555556,0.7142857142857142,0.52,BULLISH,0.75
2024-11-19,0.1518526486200064,6,0.9391110525127533,-0.9347954949614701,0.22807017543859653,-0.5555555555555556,0.7142857142857142,0.52,BULLISH,0.75
2024-11-20,0.1503427943745251,6,0.9354045802265436,-0.9401481481481482,0.22807017543859653,-0.5555555555555556,0.7142857142857142,0.52,BULLISH,0.75
2024-11-21,0.14917797516085876,6,0.9316916874125112,-0.9434241706161137,0.22807017543859653,-0.5555555555555556,0.7142857142857142,0.52,BULLISH,0.75
2024-11-22,0.14999417595825418,6,0.9360134038431331,-0.9428486822623632,0.22807017543859653,-0.5555555555555556,0.7142857142857142,0.52,BULLISH,0.75
2024-11-25,0.14983105585295073,6,0.9246904414462849,-0.9325044404973357,0.22807017543859653,-0.5555555555555556,0.7142857142857142,0.52,BULLISH,0.75
2024-11-26,0.14836815360293434,6,0.9206681316927101,-0.9372595442438592,0.22807017543859653,-0.5555555555555556,0.7142857142857142,0.52,BULLISH,0.75
2024-11-27,0.14881437050596372,6,0.9109379598729443,-0.9248520710059172,0.22807017543859653,-0.5555555555555556,0.7142857142857142,0.52,BULLISH,0.75
2024-11-29,0.1500784693309922,6,0.9206151727370442,-0.9269446909198462,0.22807017543859653,-0.5555555555555556,0.7142857142857142,0.52,BULLISH,0.75
2024-12-02,0.14384302464898957,6,0.8796759095264832,-0.923418095801301,0.22807017543859653,-0.5555555555555556,0.7142857142857142,0.52,BULLISH,0.75
2024-12-03,0.14506770812380723,6,0.8879334345267931,-0.9243275199527048,0.22807017543859653,-0.5555555555555556,0.7142857142857142,0.52,BULLISH,0.75
2024-12-04,0.14671154446856072,6,0.905502029569323,-0.9320330969267139,0.22807017543859653,-0.5555555555555556,0.7142857142857142,0.52,BULLISH,0.75
2024-12-05,0.14955383709414047,6,0.9184399705231185,-0.927917282127031,0.22807017543859653,-0.5555555555555556,0.7142857142857142,0.52,BULLISH,0.75
2024-12-06,0.15544443967538482,6,0.9673902259154499,-0.941523922031896,0.22807017543859653,-0.5555555555555556,0.7142857142857142,0.52,BULLISH,0.75
2024-12-09,0.15661361925002382,6,0.9702891167904961,-0.9374077354591084,0.22807017543859653,-0.5555555555555556,0.7142857142857142,0.52,BULLISH,0.75
2024-12-10,-0.07728520067746575,6,0.9169502084055796,-0.9061393152302242,-0.6206896551724138,0.0,0.6363636363636365,-0.4901960784313726,NEUTRAL,0.5
2024-12-11,-0.07721161862808255,6,0.9191898301455999,-0.9079374446739452,-0.6206896551724138,0.0,0.6363636363636365,-0.4901960784313726,NEUTRAL,0.5
2024-12-12,-0.07780203644926026,6,0.9059399670401636,-0.8982300884955752,-0.6206896551724138,0.0,0.6363636363636365,-0.4901960784313726,NEUTRAL,0.5
2024-12-13,-0.08129225880454366,6,0.8826694585974943,-0.8959009141846064,-0.6206896551724138,0.0,0.6363636363636365,-0.4901960784313726,NEUTRAL,0.5
2024-12-16,-0.08496303571992897,6,0.8580221848073686,-0.8932783018867925,-0.6206896551724138,0.0,0.6363636363636365,-0.4901960784313726,NEUTRAL,0.5
2024-12-17,-0.08816596974249463,6,0.8355940654046927,-0.8900677866195106,-0.6206896551724138,0.0,0.6363636363636365,-0.4901960784313726,NEUTRAL,0.5
2024-12-18,-0.09859162019145894,6,0.7680637137460811,-0.8850913376546847,-0.6206896551724138,0.0,0.6363636363636365,-0.4901960784313726,NEUTRAL,0.5
2024-12-19,-0.09085470661383467,6,0.8174645497515454,-0.8880706921944035,-0.6206896551724138,0.0,0.6363636363636365,-0.4901960784313726,NEUTRAL,0.5
2024-12-20,-0.08959848554587267,6,0.8265071556963628,-0.8895759717314489,-0.6206896551724138,0.0,0.6363636363636365,-0.4901960784313726,NEUTRAL,0.5
2024-12-23,-0.09107617018597364,6,0.8159072898422945,-0.8878422137179864,-0.6206896551724138,0.0,0.6363636363636365,-0.4901960784313726,NEUTRAL,0.5
2024-12-24,-0.08845860808482021,6,0.837237193875431,-0.8934667451442024,-0.6206896551724138,0.0,0.6363636363636365,-0.4901960784313726,NEUTRAL,0.5
2024-12-26,-0.08888249192025376,6,0.8347252333914723,-0.8934980876728449,-0.6206896551724138,0.0,0.6363636363636365,-0.4901960784313726,NEUTRAL,0.5
2024-12-27,-0.09343371344154829,6,0.8000962871790955,-0.8861764705882353,-0.6206896551724138,0.0,0.6363636363636365,-0.4901960784313726,NEUTRAL,0.5
2024-12-30,-0.10069056798951109,6,0.7533542847161971,-0.8829755954131138,-0.6206896551724138,0.0,0.6363636363636365,-0.4901960784313726,NEUTRAL,0.5
2024-12-31,-0.10146741805772254,6,0.7478457487997523,-0.8821281599059376,-0.6206896551724138,0.0,0.6363636363636365,-0.4901960784313726,NEUTRAL,0.5
2025-01-02,-0.10364765879469379,6,0.7339173669227659,-0.8812812224507787,-0.6206896551724138,0.0,0.6363636363636365,-0.4901960784313726,NEUTRAL,0.5
2025-01-03,-0.10274903940664047,6,0.7396377315406126,-0.8816098707403055,-0.6206896551724138,0.0,0.6363636363636365,-0.4901960784313726,NEUTRAL,0.5
2025-01-06,-0.10453955663610172,6,0.7271672831210432,-0.8798825256975036,-0.6206896551724138,0.0,0.6363636363636365,-0.4901960784313726,NEUTRAL,0.5
2025-01-07,-0.11647440395760683,6,0.6520702712631525,-0.8763945977686436,-0.6206896551724138,0.0,0.6363636363636365,-0.4901960784313726,NEUTRAL,0.5
2025-01-08,-0.11325528783320217,6,0.6720082745555831,-0.8770179043146462,-0.6206896551724138,0.0,0.6363636363636365,-0.4901960784313726,NEUTRAL,0.5
2025-01-10,-0.14734828171228254,6,0.4428385102528398,-0.852406103286385,-0.6206896551724138,0.0,0.6363636363636365,-0.4901960784313726,NEUTRAL,0.5
2025-01-13,-0.15220511228675926,6,0.4096340459895269,-0.8483426224699326,-0.6206896551724138,0.0,0.6363636363636365,-0.4901960784313726,NEUTRAL,0.5
2025-01-14,-0.14251485629784647,6,0.47984351663782165,-0.8604105571847507,-0.6206896551724138,0.0,0.6363636363636365,-0.4901960784313726,NEUTRAL,0.5
2025-01-15,-0.13672246002604335,6,0.5222612157118582,-0.8680738786279685,-0.6206896551724138,0.0,0.6363636363636365,-0.4901960784313726,NEUTRAL,0.5
2025-01-16,-0.13222769586229152,6,0.5521992983852753,-0.8710433763188745,-0.6206896551724138,0.0,0.6363636363636365,-0.4901960784313726,NEUTRAL,0.5
2025-01-17,-0.12768911241052444,6,0.5818125619507506,-0.8734251391737473,-0.6206896551724138,0.0,0.6363636363636365,-0.4901960784313726,NEUTRAL,0.5
2025-01-21,-0.09912338305765402,6,0.774626555777647,-0.8948447568834212,-0.6206896551724138,0.0,0.6363636363636365,-0.4901960784313726,NEUTRAL,0.5
2025-01-22,-0.08842226578306235,6,0.8599475069341622,-0.9159590043923864,-0.6206896551724138,0.0,0.6363636363636365,-0.4901960784313726,NEUTRAL,0.5
2025-01-23,-0.08451163666408167,6,0.8860705442345829,-0.9186182669789229,-0.6206896551724138,0.0,0.6363636363636365,-0.4901960784313726,NEUTRAL,0.5
2025-01-24,-0.08898391065717413,6,0.8534076294925983,-0.9127889961954931,-0.6206896551724138,0.0,0.6363636363636365,-0.4901960784313726,NEUTRAL,0.5
2025-01-27,-0.15501313353454604,6,0.4086913943359749,-0.8642480983031011,-0.6206896551724138,0.0,0.6363636363636365,-0.4901960784313726,NEUTRAL,0.5
2025-01-28,-0.1312714605564864,6,0.562880464641214,-0.8759871307399825,-0.6206896551724138,0.0,0.6363636363636365,-0.4901960784313726,NEUTRAL,0.5
2025-01-29,-0.1386898649359404,6,0.5151899251683671,-0.8728070175438596,-0.6206896551724138,0.0,0.6363636363636365,-0.4901960784313726,NEUTRAL,0.5
2025-01-30,-0.11568386968623984,6,0.6696325593331758,-0.8892136802104649,-0.6206896551724138,0.0,0.6363636363636365,-0.4901960784313726,NEUTRAL,0.5
2025-01-31,-0.11841869652808966,6,0.6515026124024128,-0.8874926943308008,-0.6206896551724138,0.0,0.6363636363636365,-0.4901960784313726,NEUTRAL,0.5
2025-02-03,-0.11985661476398733,6,0.6370651430996965,-0.8816827344434706,-0.6206896551724138,0.0,0.6363636363636365,-0.4901960784313726,NEUTRAL,0.5
2025-02-04,-0.128482241036091,6,0.5841777164441648,-0.8805490654205608,-0.6206896551724138,0.0,0.6363636363636365,-0.4901960784313726,NEUTRAL,0.5
2025-02-05,-0.11998640568678048,6,0.6459905244333357,-0.8913868613138687,-0.6206896551724138,0.0,0.6363636363636365,-0.4901960784313726,NEUTRAL,0.5
2025-02-06,-0.12022970149362401,6,0.645438108943905,-0.8922942206654991,-0.6206896551724138,0.0,0.6363636363636365,-0.4901960784313726,NEUTRAL,0.5
2025-02-07,-0.11842507671944012,6,0.6597988910816652,-0.895827254158156,-0.6206896551724138,0.0,0.6363636363636365,-0.4901960784313726,NEUTRAL,0.5
2025-02-10,-0.11237304469529906,6,0.7081017987299658,-0.9078179696616102,-0.6206896551724138,0.0,0.6363636363636365,-0.4901960784313726,NEUTRAL,0.5
2025-02-11,-0.12096514608173149,6,0.6516183598573724,-0.9028871391076114,-0.6206896551724138,0.0,0.6363636363636365,-0.4901960784313726,NEUTRAL,0.5
2025-02-12,-0.1338141960313219,6,0.5617243846090698,-0.8900874635568514,-0.6206896551724138,0.0,0.6363636363636365,-0.4901960784313726,NEUTRAL,0.5
2025-02-13,-0.12744490297220992,6,0.6037611608991669,-0.8939084814922764,-0.6206896551724138,0.0,0.6363636363636365,-0.4901960784313726,NEUTRAL,0.5
2025-02-14,-0.12405187333781093,6,0.6241502511526784,-0.893939393939394,-0.6206896551724138,0.0,0.6363636363636365,-0.4901960784313726,NEUTRAL,0.5
2025-02-18,-0.1131570437256544,6,0.7046972249240915,-0.909117390037868,-0.6206896551724138,0.0,0.6363636363636365,-0.4901960784313726,NEUTRAL,0.5
2025-02-19,-0.10835642342491612,6,0.7346922346172695,-0.9103086779266163,-0.6206896551724138,0.0,0.6363636363636365,-0.4901960784313726,NEUTRAL,0.5
2025-02-20,-0.10909997565458102,6,0.7168654747537118,-0.8969432314410479,-0.6206896551724138,0.0,0.6363636363636365,-0.4901960784313726,NEUTRAL,0.5
2025-02-21,-0.12590879247739234,6,0.5927596799776587,-0.8736903376018628,-0.6206896551724138,0.0,0.6363636363636365,-0.4901960784313726,NEUTRAL,0.5
2025-02-24,-0.11962367636700467,6,0.6377809118923552,-0.8810008728542333,-0.6206896551724138,0.0,0.6363636363636365,-0.4901960784313726,NEUTRAL,0.5
2025-02-25,-0.1266929102680186,6,0.5890010521532716,-0.8746364165212333,-0.6206896551724138,0.0,0.6363636363636365,-0.4901960784313726,NEUTRAL,0.5
2025-02-26,-0.13331211447673855,6,0.5632798261982708,-0.8886304158185521,-0.6206896551724138,0.0,0.6363636363636365,-0.4901960784313726,NEUTRAL,0.5
2025-02-27,-0.15567562716172675,6,0.4067474040372314,-0.8662790697674418,-0.6206896551724138,0.0,0.6363636363636365,-0.4901960784313726,NEUTRAL,0.5
2025-02-28,-0.15321380803074455,6,0.4238820854404546,-0.868642836384772,-0.6206896551724138,0.0,0.6363636363636365,-0.4901960784313726,NEUTRAL,0.5
2025-03-03,-0.16544202526500332,6,0.3429971972480379,-0.861127251597908,-0.6206896551724138,0.0,0.6363636363636365,-0.4901960784313726,NEUTRAL,0.5
2025-03-04,-0.18480436813986756,6,0.2126317001929865,-0.8469358117920418,-0.6206896551724138,0.0,0.6363636363636365,-0.4901960784313726,NEUTRAL,0.5
2025-03-05,-0.17258550663414896,6,0.29847479494977414,-0.859465737514518,-0.6206896551724138,0.0,0.6363636363636365,-0.4901960784313726,NEUTRAL,0.5
2025-03-06,-0.20450782342831772,6,0.06256949629288511,-0.8150943396226416,-0.6206896551724138,0.0,0.6363636363636365,-0.4901960784313726,NEUTRAL,0.5
2025-03-07,-0.19087672122160793,6,0.16617413206952714,-0.8369123621590249,-0.6206896551724138,0.0,0.6363636363636365,-0.4901960784313726,NEUTRAL,0.5
2025-03-10,-0.20254824068807478,6,0.06689148688019553,-0.8076588337684942,-0.6206896551724138,0.0,0.6363636363636365,-0.4901960784313726,NEUTRAL,0.5
2025-03-11,-0.27885259057611617,6,0.011557828462023245,-0.7653712296983759,-0.6610169491525424,-0.36363636363636365,0.9130434782608696,-0.8076923076923077,NEUTRAL,0.5
2025-03-12,-0.2689583627729302,6,0.10549397776020553,-0.7999420121774428,-0.6610169491525424,-0.36363636363636365,0.9130434782608696,-0.8076923076923077,NEUTRAL,0.5
2025-03-13,-0.27494604134340045,6,0.053394010101970535,-0.7837681159420291,-0.6610169491525424,-0.36363636363636365,0.9130434782608696,-0.8076923076923077,NEUTRAL,0.5
2025-03-14,-0.29096711376834883,6,-0.034845947518117204,-0.7916545928716314,-0.6610169491525424,-0.36363636363636365,0.9130434782608696,-0.8076923076923077,NEUTRAL,0.5
2025-03-17,-0.2812449663510125,6,0.04208726879561331,-0.810254924681344,-0.6610169491525424,-0.36363636363636365,0.9130434782608696,-0.8076923076923077,NEUTRAL,0.5
2025-03-18,-0.2884171658432248,6,-0.019135981712448014,-0.7920648711265565,-0.6610169491525424,-0.36363636363636365,0.9130434782608696,-0.8076923076923077,NEUTRAL,0.5
2025-03-19,-0.2802833630242912,6,0.04246588995763134,-0.8048639258830341,-0.6610169491525424,-0.36363636363636365,0.9130434782608696,-0.8076923076923077,NEUTRAL,0.5
2025-03-20,-0.2809599373065295,6,0.039620665993323145,-0.8060781476121561,-0.6610169491525424,-0.36363636363636365,0.9130434782608696,-0.8076923076923077,NEUTRAL,0.5
2025-03-21,-0.2877301999092983,6,-0.0038383164947048964,-0.8032407407407409,-0.6610169491525424,-0.36363636363636365,0.9130434782608696,-0.8076923076923077,NEUTRAL,0.5
2025-03-24,-0.29053902783963487,6,-0.011956323342197761,-0.8119757014752675,-0.6610169491525424,-0.36363636363636365,0.9130434782608696,-0.8076923076923077,NEUTRAL,0.5
2025-03-25,-0.28969601879239454,6,-0.0103141093425827,-0.8085598611914402,-0.6610169491525424,-0.36363636363636365,0.9130434782608696,-0.8076923076923077,NEUTRAL,0.5
2025-03-26,-0.2979202212794435,6,-0.08822496747424102,-0.7799942179820758,-0.6610169491525424,-0.36363636363636365,0.9130434782608696,-0.8076923076923077,NEUTRAL,0.5
2025-03-27,-0.2942779636389391,6,-0.0775795124456603,-0.7687861271676302,-0.6610169491525424,-0.36363636363636365,0.9130434782608696,-0.8076923076923077,NEUTRAL,0.5
2025-03-28,-0.30074429429335464,6,-0.14867128028638898,-0.736492343253395,-0.6610169491525424,-0.36363636363636365,0.9130434782608696,-0.8076923076923077,NEUTRAL,0.5
2025-03-31,-0.29730785110234986,6,-0.13346466398936452,-0.7310803004043906,-0.6610169491525424,-0.36363636363636365,0.9130434782608696,-0.8076923076923077,NEUTRAL,0.5
2025-04-01,-0.30239048802510776,6,-0.15117708393781049,-0.7438637019924919,-0.6610169491525424,-0.36363636363636365,0.9130434782608696,-0.8076923076923077,NEUTRAL,0.5
2025-04-02,-0.30932991262268617,6,-0.16733553213009156,-0.7693418013856812,-0.6610169491525424,-0.36363636363636365,0.9130434782608696,-0.8076923076923077,NEUTRAL,0.5
2025-04-03,-0.29857470582606627,6,-0.16998159057155104,-0.7021645021645022,-0.6610169491525424,-0.36363636363636365,0.9130434782608696,-0.8076923076923077,NEUTRAL,0.5
2025-04-04,-0.3111612099033,6,-0.3463956423004365,-0.601269474899019,-0.6610169491525424,-0.36363636363636365,0.9130434782608696,-0.8076923076923077,NEUTRAL,0.5
2025-04-07,-0.2925606164364093,6,-0.24563755870558213,-0.5904239976925294,-0.6610169491525424,-0.36363636363636365,0.9130434782608696,-0.8076923076923077,NEUTRAL,0.5
2025-04-08,-0.3074990178351092,6,-0.3561994619068046,-0.5694925028835063,-0.6610169491525424,-0.36363636363636365,0.9130434782608696,-0.8076923076923077,NEUTRAL,0.5
2025-04-09,-0.33737310927178016,6,-0.3761962424388756,-0.7287402709714614,-0.6610169491525424,-0.36363636363636365,0.9130434782608696,-0.8076923076923077,BEARISH,0.25
2025-04-10,-0.3106099850040193,6,-0.28268629806313783,-0.6616714697406341,-0.6610169491525424,-0.36363636363636365,0.9130434782608696,-0.8076923076923077,NEUTRAL,0.5
2025-04-11,-0.31303492022482826,6,-0.3109673042222584,-0.6479400749063671,-0.6610169491525424,-0.36363636363636365,0.9130434782608696,-0.8076923076923077,NEUTRAL,0.5
2025-04-14,-0.3175848532905858,6,-0.30792356738492177,-0.6782834101382487,-0.6610169491525424,-0.36363636363636365,0.9130434782608696,-0.8076923076923077,NEUTRAL,0.5
2025-04-15,-0.2983614004532774,6,-0.2034317658261271,-0.6674344946731932,-0.6610169491525424,-0.36363636363636365,0.9130434782608696,-0.8076923076923077,NEUTRAL,0.5
2025-04-16,-0.2980615567944348,6,-0.2516233298070589,-0.6174438687392056,-0.6610169491525424,-0.36363636363636365,0.9130434782608696,-0.8076923076923077,NEUTRAL,0.5
2025-04-17,-0.29121228452935405,6,-0.2253816368982261,-0.602589928057554,-0.6610169491525424,-0.36363636363636365,0.9130434782608696,-0.8076923076923077,NEUTRAL,0.5
2025-04-21,-0.2799997798836257,6,-0.20718675572352707,-0.5535097813578826,-0.6610169491525424,-0.36363636363636365,0.9130434782608696,-0.8076923076923077,NEUTRAL,0.5
2025-04-22,-0.2819722777472619,6,-0.18438081963279895,-0.5881507046304284,-0.6610169491525424,-0.36363636363636365,0.9130434782608696,-0.8076923076923077,NEUTRAL,0.5
2025-04-23,-0.28394520598867345,6,-0.14693378606362306,-0.6374353076480737,-0.6610169491525424,-0.36363636363636365,0.9130434782608696,-0.8076923076923077,NEUTRAL,0.5
2025-04-24,-0.29223207833396364,6,-0.12584083080154618,-0.7082494969818913,-0.6610169491525424,-0.36363636363636365,0.9130434782608696,-0.8076923076923077,NEUTRAL,0.5
2025-04-25,-0.3010485878160936,6,-0.1703227180095508,-0.7166666666666668,-0.6610169491525424,-0.36363636363636365,0.9130434782608696,-0.8076923076923077,NEUTRAL,0.5
2025-04-28,-0.30557174016266103,6,-0.18014381153930503,-0.733984487216317,-0.6610169491525424,-0.36363636363636365,0.9130434782608696,-0.8076923076923077,NEUTRAL,0.5
2025-04-29,-0.3161434173407573,6,-0.24177432965877743,-0.7357840321654221,-0.6610169491525424,-0.36363636363636365,0.9130434782608696,-0.8076923076923077,NEUTRAL,0.5
2025-04-30,-0.3272412480130584,6,-0.3091467814020774,-0.7349985644559287,-0.6610169491525424,-0.36363636363636365,0.9130434782608696,-0.8076923076923077,BEARISH,0.25
2025-05-01,-0.3197321238005623,6,-0.23014685775869004,-0.76894374282434,-0.6610169491525424,-0.36363636363636365,0.9130434782608696,-0.8076923076923077,NEUTRAL,0.5
2025-05-02,-0.2984252862230329,6,-0.07497984771469668,-0.7962697274031565,-0.6610169491525424,-0.36363636363636365,0.9130434782608696,-0.8076923076923077,NEUTRAL,0.5
2025-05-05,-0.3240494354501912,6,-0.23583784397477892,-0.7891566265060241,-0.6610169491525424,-0.36363636363636365,0.9130434782608696,-0.8076923076923077,BEARISH,0.25
2025-05-06,-0.3497788804237003,6,-0.39933099119653503,-0.7800401491253226,-0.6610169491525424,-0.36363636363636365,0.9130434782608696,-0.8076923076923077,BEARISH,0.25
2025-05-07,-0.3544007052901863,6,-0.41725117208958085,-0.7898509174311927,-0.6610169491525424,-0.36363636363636365,0.9130434782608696,-0.8076923076923077,BEARISH,0.25
2025-05-08,-0.37171183585585393,6,-0.516471882373077,-0.7944969905417025,-0.6610169491525424,-0.36363636363636365,0.9130434782608696,-0.8076923076923077,BEARISH,0.25
2025-05-09,-0.32626902281837944,6,-0.24375612076443098,-0.7945558739255014,-0.6610169491525424,-0.36363636363636365,0.9130434782608696,-0.8076923076923077,BEARISH,0.25
2025-05-12,-0.3257902867022628,6,-0.21590362840858668,-0.8195359495846462,-0.6610169491525424,-0.36363636363636365,0.9130434782608696,-0.8076923076923077,BEARISH,0.25
2025-05-13,-0.3100677041019933,6,-0.09746147070776656,-0.8436426116838489,-0.6610169491525424,-0.36363636363636365,0.9130434782608696,-0.8076923076923077,NEUTRAL,0.5
2025-05-14,-0.30342831059592,6,-0.05529005173021173,-0.8459776696249643,-0.6610169491525424,-0.36363636363636365,0.9130434782608696,-0.8076923076923077,NEUTRAL,0.5
2025-05-15,-0.3172441889173693,6,-0.15788937937774639,-0.8262736119061249,-0.6610169491525424,-0.36363636363636365,0.9130434782608696,-0.8076923076923077,NEUTRAL,0.5
2025-05-16,-0.3400615813004575,6,-0.2887354428642319,-0.8323319027181688,-0.6610169491525424,-0.36363636363636365,0.9130434782608696,-0.8076923076923077,BEARISH,0.25
2025-05-19,-0.3495613467005548,6,-0.35083481670151984,-0.8272311212814647,-0.6610169491525424,-0.36363636363636365,0.9130434782608696,-0.8076923076923077,BEARISH,0.25
2025-05-20,-0.3683555169715982,6,-0.4601189207187675,-0.8307120388904776,-0.6610169491525424,-0.36363636363636365,0.9130434782608696,-0.8076923076923077,BEARISH,0.25
2025-05-21,-0.36667052591832777,6,-0.4653979715514862,-0.8153230417381361,-0.6610169491525424,-0.36363636363636365,0.9130434782608696,-0.8076923076923077,BEARISH,0.25
2025-05-22,-0.3578690553836063,6,-0.4108215927677755,-0.8170905973135181,-0.6610169491525424,-0.36363636363636365,0.9130434782608696,-0.8076923076923077,BEARISH,0.25
2025-05-23,-0.34225941578887004,6,-0.32082578108430493,-0.8134285714285714,-0.6610169491525424,-0.36363636363636365,0.9130434782608696,-0.8076923076923077,BEARISH,0.25
2025-05-27,-0.3246420723377318,6,-0.18850459057782598,-0.8400457012282205,-0.6610169491525424,-0.36363636363636365,0.9130434782608696,-0.8076923076923077,BEARISH,0.25
2025-05-28,-0.3108365577723547,6,-0.0959170901933385,-0.8498001142204454,-0.6610169491525424,-0.36363636363636365,0.9130434782608696,-0.8076923076923077,NEUTRAL,0.5
2025-05-29,-0.3127017348274728,6,-0.11163278858291714,-0.8452754781615757,-0.6610169491525424,-0.36363636363636365,0.9130434782608696,-0.8076923076923077,NEUTRAL,0.5
2025-05-30,-0.30590308345488115,6,-0.05966658681944503,-0.8564497716894977,-0.6610169491525424,-0.36363636363636365,0.9130434782608696,-0.8076923076923077,NEUTRAL,0.5
2025-06-02,-0.29048131141612077,6,0.03718460182632999,-0.8607703281027104,-0.6610169491525424,-0.36363636363636365,0.9130434782608696,-0.8076923076923077,NEUTRAL,0.5
2025-06-03,-0.2505972756962157,6,0.2819478092067693,-0.8662293211637193,-0.6610169491525424,-0.36363636363636365,0.9130434782608696,-0.8076923076923077,NEUTRAL,0.5
2025-06-04,-0.2577730517306827,6,0.23550956893348207,-0.862845737097234,-0.6610169491525424,-0.36363636363636365,0.9130434782608696,-0.8076923076923077,NEUTRAL,0.5
2025-06-05,-0.2543920140602716,6,0.2629614603672663,-0.8700114025085517,-0.6610169491525424,-0.36363636363636365,0.9130434782608696,-0.8076923076923077,NEUTRAL,0.5
2025-06-06,-0.24213397431452302,6,0.3439562615654659,-0.87745796523226,-0.6610169491525424,-0.36363636363636365,0.9130434782608696,-0.8076923076923077,NEUTRAL,0.5
2025-06-09,-0.23856439235364976,6,0.37680467698733455,-0.8888888888888888,-0.6610169491525424,-0.36363636363636365,0.9130434782608696,-0.8076923076923077,NEUTRAL,0.5
2025-06-10,-0.241487370148159,6,0.35986809507106576,-0.8894901737396754,-0.6610169491525424,-0.36363636363636365,0.9130434782608696,-0.8076923076923077,NEUTRAL,0.5
2025-06-11,-0.2356296397029807,6,0.3896359213145326,-0.8841116173120729,-0.6610169491525424,-0.36363636363636365,0.9130434782608696,-0.8076923076923077,NEUTRAL,0.5
2025-06-12,-0.10591537594353699,6,0.7343864697199767,-0.924281241104469,0.10000000000000009,0.08333333333333326,0.33333333333333326,-0.9622641509433962,NEUTRAL,0.5
2025-06-13,-0.09790845204683622,6,0.8035081834925819,-0.9453614114968696,0.10000000000000009,0.08333333333333326,0.33333333333333326,-0.9622641509433962,NEUTRAL,0.5
2025-06-16,-0.14409116902770847,6,0.5170390903096254,-0.9359886201991465,0.10000000000000009,0.08333333333333326,0.33333333333333326,-0.9622641509433962,NEUTRAL,0.5
2025-06-17,-0.14273733184253704,6,0.5214829357698578,-0.9323094425483505,0.10000000000000009,0.08333333333333326,0.33333333333333326,-0.9622641509433962,NEUTRAL,0.5
2025-06-18,-0.1395039599726069,6,0.5440300792889698,-0.9354563548478816,0.10000000000000009,0.08333333333333326,0.33333333333333326,-0.9622641509433962,NEUTRAL,0.5
2025-06-20,-0.14786298220144126,6,0.48650372978326106,-0.928084138715179,0.10000000000000009,0.08333333333333326,0.33333333333333326,-0.9622641509433962,NEUTRAL,0.5
2025-06-23,-0.16376316703806967,6,0.3933964303290731,-0.9303779482807615,0.10000000000000009,0.08333333333333326,0.33333333333333326,-0.9622641509433962,NEUTRAL,0.5
2025-06-24,-0.15642362848332267,6,0.45307844064952096,-0.9460227272727273,0.10000000000000009,0.08333333333333326,0.33333333333333326,-0.9622641509433962,NEUTRAL,0.5
2025-06-25,-0.1565737580771972,6,0.4405485739845205,-0.9343936381709741,0.10000000000000009,0.08333333333333326,0.33333333333333326,-0.9622641509433962,NEUTRAL,0.5
2025-06-26,-0.13970188587372032,6,0.545773448988979,-0.9383872799545712,0.10000000000000009,0.08333333333333326,0.33333333333333326,-0.9622641509433962,NEUTRAL,0.5
2025-06-27,-0.1339046224849646,6,0.5748975381832917,-0.9327277888163497,0.10000000000000009,0.08333333333333326,0.33333333333333326,-0.9622641509433962,NEUTRAL,0.5
2025-06-30,-0.13263299396291772,6,0.6012751164129577,-0.9514755959137344,0.10000000000000009,0.08333333333333326,0.33333333333333326,-0.9622641509433962,NEUTRAL,0.5
2025-07-01,-0.1316579973147546,6,0.6077062379768545,-0.9520567375886526,0.10000000000000009,0.08333333333333326,0.33333333333333326,-0.9622641509433962,NEUTRAL,0.5
2025-07-02,-0.1325507832417859,6,0.6193795687171089,-0.9690867838910946,0.10000000000000009,0.08333333333333326,0.33333333333333326,-0.9622641509433962,NEUTRAL,0.5
2025-07-03,-0.135382689347357,6,0.6284813878863784,-0.9951800396937909,0.10000000000000009,0.08333333333333326,0.33333333333333326,-0.9622641509433962,NEUTRAL,0.5
2025-07-07,-0.13534731329629604,6,0.6097040806894296,-0.9761904761904763,0.10000000000000009,0.08333333333333326,0.33333333333333326,-0.9622641509433962,NEUTRAL,0.5
2025-07-08,-0.1325925268049296,6,0.6341738054533861,-0.9841314820062341,0.10000000000000009,0.08333333333333326,0.33333333333333326,-0.9622641509433962,NEUTRAL,0.5
2025-07-09,-0.1292727323381678,6,0.6594795038454566,-0.9895184135977337,0.10000000000000009,0.08333333333333326,0.33333333333333326,-0.9622641509433962,NEUTRAL,0.5
2025-07-10,-0.12161648307868507,6,0.7023047030518579,-0.9864061172472387,0.10000000000000009,0.08333333333333326,0.33333333333333326,-0.9622641509433962,NEUTRAL,0.5
2025-07-11,-0.10798397559515475,6,0.7659835514306028,-0.9682899207248017,0.10000000000000009,0.08333333333333326,0.33333333333333326,-0.9622641509433962,NEUTRAL,0.5
2025-07-14,-0.11295688437654879,6,0.730777208303313,-0.9629210302858762,0.10000000000000009,0.08333333333333326,0.33333333333333326,-0.9622641509433962,NEUTRAL,0.5
2025-07-15,-0.09447576438018168,6,0.8645946240850568,-0.9858517260894173,0.10000000000000009,0.08333333333333326,0.33333333333333326,-0.9622641509433962,NEUTRAL,0.5
2025-07-16,-0.0878910876847336,6,0.9171194164427268,-0.9988684582743987,0.10000000000000009,0.08333333333333326,0.33333333333333326,-0.9622641509433962,NEUTRAL,0.5
2025-07-17,-0.08885283658752201,6,0.9124804647515976,-1.0,0.10000000000000009,0.08333333333333326,0.33333333333333326,-0.9622641509433962,NEUTRAL,0.5
2025-07-18,-0.090257269302215,6,0.9034884175163094,-0.9994345490528698,0.10000000000000009,0.08333333333333326,0.33333333333333326,-0.9622641509433962,NEUTRAL,0.5
2025-07-21,-0.08505067065911327,6,0.9335975869472621,-0.9983041266252122,0.10000000000000009,0.08333333333333326,0.33333333333333326,-0.9622641509433962,NEUTRAL,0.5
2025-07-22,-0.08784897115203523,6,0.9137000405236027,-0.9951963831590844,0.10000000000000009,0.08333333333333326,0.33333333333333326,-0.9622641509433962,NEUTRAL,0.5
2025-07-23,-0.0871313783098222,6,0.9199843556607341,-0.9971751412429377,0.10000000000000009,0.08333333333333326,0.33333333333333326,-0.9622641509433962,NEUTRAL,0.5
2025-07-24,-0.08334930343859932,6,0.942677602645416,-0.9971759390002823,0.10000000000000009,0.08333333333333326,0.33333333333333326,-0.9622641509433962,NEUTRAL,0.5
2025-07-25,-0.08931951296497431,6,0.9085511010097522,-0.9988706945228685,0.10000000000000009,0.08333333333333326,0.33333333333333326,-0.9622641509433962,NEUTRAL,0.5
2025-07-28,-0.0836322809087972,6,0.9432393054567436,-0.9994355066327971,0.10000000000000009,0.08333333333333326,0.33333333333333326,-0.9622641509433962,NEUTRAL,0.5
2025-07-29,-0.08449836913875826,6,0.93860726944418,-1.0,0.10000000000000009,0.08333333333333326,0.33333333333333326,-0.9622641509433962,NEUTRAL,0.5
2025-07-30,-0.08158516416421284,6,0.9560864992914526,-1.0,0.10000000000000009,0.08333333333333326,0.33333333333333326,-0.9622641509433962,NEUTRAL,0.5
2025-07-31,-0.0809018741557624,6,0.9601862393421552,-1.0,0.10000000000000009,0.08333333333333326,0.33333333333333326,-0.9622641509433962,NEUTRAL,0.5
2025-08-01,-0.07700400200561423,6,0.9793445463902108,-0.9957710741471666,0.10000000000000009,0.08333333333333326,0.33333333333333326,-0.9622641509433962,NEUTRAL,0.5
2025-08-04,-0.07675902904259439,6,0.9844796121632151,-0.9994363021420518,0.10000000000000009,0.08333333333333326,0.33333333333333326,-0.9622641509433962,NEUTRAL,0.5
2025-08-05,-0.07730782460448009,6,0.9817505366498491,-1.0,0.10000000000000009,0.08333333333333326,0.33333333333333326,-0.9622641509433962,NEUTRAL,0.5
2025-08-06,-0.07603542505911176,6,0.9893849339220591,-1.0,0.10000000000000009,0.08333333333333326,0.33333333333333326,-0.9622641509433962,NEUTRAL,0.5
2025-08-07,-0.07514422360180018,6,0.9913528128996656,-0.996620670233737,0.10000000000000009,0.08333333333333326,0.33333333333333326,-0.9622641509433962,NEUTRAL,0.5
2025-08-08,-0.07537464802249827,6,0.9905342808264246,-0.9971846846846846,0.10000000000000009,0.08333333333333326,0.33333333333333326,-0.9622641509433962,NEUTRAL,0.5
2025-08-11,-0.07547317238073825,6,0.9910697362292828,-0.9983112862369827,0.10000000000000009,0.08333333333333326,0.33333333333333326,-0.9622641509433962,NEUTRAL,0.5
2025-08-12,-0.07606693211357618,6,0.9880703991923463,-0.9988745075970737,0.10000000000000009,0.08333333333333326,0.33333333333333326,-0.9622641509433962,NEUTRAL,0.5
2025-08-13,-0.07632065175772292,6,0.9789534612128112,-0.9912798874824191,0.10000000000000009,0.08333333333333326,0.33333333333333326,-0.9622641509433962,NEUTRAL,0.5
2025-08-14,-0.07587260163129901,6,0.982487858740904,-0.9921259842519685,0.10000000000000009,0.08333333333333326,0.33333333333333326,-0.9622641509433962,NEUTRAL,0.5
2025-08-15,-0.07511982040364533,6,0.9886935745059682,-0.9938150126511105,0.10000000000000009,0.08333333333333326,0.33333333333333326,-0.9622641509433962,NEUTRAL,0.5
2025-08-18,-0.07580237682195223,6,0.9851620878756515,-0.9943788645306353,0.10000000000000009,0.08333333333333326,0.33333333333333326,-0.9622641509433962,NEUTRAL,0.5
2025-08-19,-0.07602645894621889,6,0.9599360613102901,-0.9704973307108737,0.10000000000000009,0.08333333333333326,0.33333333333333326,-0.9622641509433962,NEUTRAL,0.5
2025-08-20,-0.0770368045790409,6,0.9564103646676527,-0.9730337078651685,0.10000000000000009,0.08333333333333326,0.33333333333333326,-0.9622641509433962,NEUTRAL,0.5
2025-08-21,-0.07595897367289062,6,0.9508096630200655,-0.9609660207806796,0.10000000000000009,0.08333333333333326,0.33333333333333326,-0.9622641509433962,NEUTRAL,0.5
2025-08-22,-0.0780676142615759,6,0.9566976942715639,-0.9795058955642897,0.10000000000000009,0.08333333333333326,0.33333333333333326,-0.9622641509433962,NEUTRAL,0.5
2025-08-25,-0.07734636386582543,6,0.9545757142167757,-0.9730564131349986,0.10000000000000009,0.08333333333333326,0.33333333333333326,-0.9622641509433962,NEUTRAL,0.5
2025-08-26,-0.07598029092141904,6,0.9552039542364308,-0.9654882154882154,0.10000000000000009,0.08333333333333326,0.33333333333333326,-0.9622641509433962,NEUTRAL,0.5
2025-08-27,-0.07717030957724735,6,0.9578911948356859,-0.9753155680224403,0.10000000000000009,0.08333333333333326,0.33333333333333326,-0.9622641509433962,NEUTRAL,0.5
2025-08-28,-0.07724679080429475,6,0.9675345745603272,-0.9854178351093661,0.10000000000000009,0.08333333333333326,0.33333333333333326,-0.9622641509433962,NEUTRAL,0.5
2025-08-29,-0.07689572451371791,6,0.9247894394091685,-0.9405663022147464,0.10000000000000009,0.08333333333333326,0.33333333333333326,-0.9622641509433962,NEUTRAL,0.5
2025-09-02,-0.07885349146225236,6,0.9108173426781034,-0.938340807174888,0.10000000000000009,0.08333333333333326,0.33333333333333326,-0.9622641509433962,NEUTRAL,0.5
2025-09-03,-0.07985232673277902,6,0.9031604641994728,-0.9366769403194173,0.10000000000000009,0.08333333333333326,0.33333333333333326,-0.9622641509433962,NEUTRAL,0.5
2025-09-04,-0.08028457452305045,6,0.8989040427406678,-0.9350140056022409,0.10000000000000009,0.08333333333333326,0.33333333333333326,-0.9622641509433962,NEUTRAL,0.5
2025-09-05,-0.07581833001763716,6,0.9481223963579692,-0.9574348921870626,0.10000000000000009,0.08333333333333326,0.33333333333333326,-0.9622641509433962,NEUTRAL,0.5
2025-09-08,-0.07920641480715022,6,0.9546815038324845,-0.9843225083986562,0.10000000000000009,0.08333333333333326,0.33333333333333326,-0.9622641509433962,NEUTRAL,0.5
2025-09-09,-0.07904885712858545,6,0.9578702525043772,-0.9865659109991602,0.10000000000000009,0.08333333333333326,0.33333333333333326,-0.9622641509433962,NEUTRAL,0.5
2025-09-10,0.03505327295049809,6,0.9891716296697348,-1.0,-0.5081967213114754,0.6923076923076923,1.0,-0.962962962962963,BULLISH,0.75
2025-09-11,0.035734017294773955,6,0.9926966551759495,-0.9994405594405595,-0.5081967213114754,0.6923076923076923,1.0,-0.962962962962963,BULLISH,0.75
2025-09-12,0.02847788330110394,6,0.9486007235407077,-0.9988814317673378,-0.5081967213114754,0.6923076923076923,1.0,-0.962962962962963,BULLISH,0.75
2025-09-15,0.02807441362492887,6,0.9461802181949328,-0.9988817444786133,-0.5081967213114754,0.6923076923076923,1.0,-0.962962962962963,BULLISH,0.75
2025-09-16,0.0269049822424761,6,0.9391639424366951,-0.9988820570150923,-0.5081967213114754,0.6923076923076923,1.0,-0.962962962962963,BULLISH,0.75
2025-09-17,0.026914986765019317,6,0.9381066513107039,-0.9977647387538418,-0.5081967213114754,0.6923076923076923,1.0,-0.962962962962963,BULLISH,0.75
2025-09-18,0.011741145740193212,6,0.84650557031852,-0.9972067039106145,-0.5081967213114754,0.6923076923076923,1.0,-0.962962962962963,BULLISH,0.75
2025-09-19,0.01380609533180055,6,0.8611300607461561,-0.9994414967886065,-0.5081967213114754,0.6923076923076923,1.0,-0.962962962962963,BULLISH,0.75
2025-09-22,0.014981588417437833,6,0.8681831751793574,-0.9994416527079844,-0.5081967213114754,0.6923076923076923,1.0,-0.962962962962963,BULLISH,0.75
2025-09-23,0.014496686108823043,6,0.8647157257003433,-0.9988836170806588,-0.5081967213114754,0.6923076923076923,1.0,-0.962962962962963,BULLISH,0.75
2025-09-24,0.01356636194653941,6,0.8580180207888399,-0.9977678571428572,-0.5081967213114754,0.6923076923076923,1.0,-0.962962962962963,BULLISH,0.75
2025-09-25,0.015125726817243815,6,0.8634696722565409,-0.993863319386332,-0.5081967213114754,0.6923076923076923,1.0,-0.962962962962963,BULLISH,0.75
2025-09-26,0.01639507710278169,6,0.870529760774178,-0.9933073061907418,-0.5081967213114754,0.6923076923076923,1.0,-0.962962962962963,BULLISH,0.75
2025-09-29,0.018652226141691375,6,0.883516951827767,-0.9927516030108725,-0.5081967213114754,0.6923076923076923,1.0,-0.962962962962963,BULLISH,0.75
2025-09-30,0.0092223454056883,6,0.8263822739883899,-0.9921962095875139,-0.5081967213114754,0.6923076923076923,1.0,-0.962962962962963,BULLISH,0.75
2025-10-01,0.008007974869370696,6,0.8202127417123657,-0.9933129005293955,-0.5081967213114754,0.6923076923076923,1.0,-0.962962962962963,BULLISH,0.75
2025-10-02,0.004739950097702839,6,0.800049352720094,-0.9927576601671309,-0.5081967213114754,0.6923076923076923,1.0,-0.962962962962963,BULLISH,0.75
2025-10-03,0.00776256276692359,6,0.8176300976131219,-0.9922027290448343,-0.5081967213114754,0.6923076923076923,1.0,-0.962962962962963,BULLISH,0.75
2025-10-06,0.012473930214614145,6,0.8475708516508678,-0.9938752783964366,-0.5081967213114754,0.6923076923076923,1.0,-0.962962962962963,BULLISH,0.75
2025-10-07,0.016719940642896503,6,0.8702654293114618,-0.9910937934873365,-0.5081967213114754,0.6923076923076923,1.0,-0.962962962962963,BULLISH,0.75
2025-10-08,0.015195328161935065,6,0.8616767155293417,-0.991652754590985,-0.5081967213114754,0.6923076923076923,1.0,-0.962962962962963,BULLISH,0.75
2025-10-09,0.03684766595535246,6,0.99493103359594,-0.9949930458970793,-0.5081967213114754,0.6923076923076923,1.0,-0.962962962962963,BULLISH,0.75
2025-10-10,0.03474816739652934,6,0.9812230875583803,-0.9938820912124582,-0.5081967213114754,0.6923076923076923,1.0,-0.962962962962963,BULLISH,0.75
2025-10-13,0.03163372787697083,6,0.9658742647053575,-0.9972199054767863,-0.5081967213114754,0.6923076923076923,1.0,-0.962962962962963,BULLISH,0.75
2025-10-14,0.03389331611504517,6,0.9766532449660776,-0.9944413563090606,-0.5081967213114754,0.6923076923076923,1.0,-0.962962962962963,BULLISH,0.75
2025-10-15,0.034066125939538394,6,0.9788030682486,-0.9955543206446236,-0.5081967213114754,0.6923076923076923,1.0,-0.962962962962963,BULLISH,0.75
2025-10-16,0.033244852546332505,6,0.9766544405780746,-0.9983333333333333,-0.5081967213114754,0.6923076923076923,1.0,-0.962962962962963,BULLISH,0.75
2025-10-17,0.03370802261962014,6,0.9705475034134312,-0.9894473757289641,-0.5081967213114754,0.6923076923076923,1.0,-0.962962962962963,BULLISH,0.75
2025-10-20,0.03402700604006222,6,0.9674671098284409,-0.9844530816213215,-0.5081967213114754,0.6923076923076923,1.0,-0.962962962962963,BULLISH,0.75
2025-10-21,0.03551681452280794,6,0.9758551827394528,-0.983902303635859,-0.5081967213114754,0.6923076923076923,1.0,-0.962962962962963,BULLISH,0.75
2025-10-22,0.03382697375267992,6,0.965165665781383,-0.9833518312985572,-0.5081967213114754,0.6923076923076923,1.0,-0.962962962962963,BULLISH,0.75
2025-10-23,0.03429450213812072,6,0.9690850242129461,-0.9844660194174757,-0.5081967213114754,0.6923076923076923,1.0,-0.962962962962963,BULLISH,0.75
2025-10-24,0.03191408326719162,6,0.95591608114283,-0.985579589572934,-0.5081967213114754,0.6923076923076923,1.0,-0.962962962962963,BULLISH,0.75
2025-10-27,0.030766794868360942,6,0.947927393835631,-0.9844746326587193,-0.5081967213114754,0.6923076923076923,1.0,-0.962962962962963,BULLISH,0.75
2025-10-28,0.029797061247824403,6,0.9410046477020295,-0.983370288248337,-0.5081967213114754,0.6923076923076923,1.0,-0.962962962962963,BULLISH,0.75
2025-10-29,0.02884146115373328,6,0.9336131445915565,-0.9817123857024106,-0.5081967213114754,0.6923076923076923,1.0,-0.962962962962963,BULLISH,0.75
2025-10-30,0.02373382831978828,6,0.9002023303065285,-0.9789473684210526,-0.5081967213114754,0.6923076923076923,1.0,-0.962962962962963,BULLISH,0.75
2025-10-31,0.026104136835044273,6,0.915537737928549,-0.9800609249515371,-0.5081967213114754,0.6923076923076923,1.0,-0.962962962962963,BULLISH,0.75
2025-11-03,0.022670775228107048,6,0.8938356688060418,-0.9789590254706533,-0.5081967213114754,0.6923076923076923,1.0,-0.962962962962963,BULLISH,0.75
2025-11-04,0.017622807041816773,6,0.855250334356036,-0.9706615001383891,-0.5081967213114754,0.6923076923076923,1.0,-0.962962962962963,BULLISH,0.75
2025-11-05,0.017056623686179145,6,0.8540749659598585,-0.9728832318760376,-0.5081967213114754,0.6923076923076923,1.0,-0.962962962962963,BULLISH,0.75
2025-11-06,0.011323728845700617,6,0.8124928436024987,-0.965698478561549,-0.5081967213114754,0.6923076923076923,1.0,-0.962962962962963,BULLISH,0.75
2025-11-07,0.006897916777605724,6,0.7801399351102565,-0.9599004424778761,-0.5081967213114754,0.6923076923076923,1.0,-0.962962962962963,BULLISH,0.75
2025-11-10,0.0046402600486335115,6,0.7688168588662332,-0.962123306607686,-0.5081967213114754,0.6923076923076923,1.0,-0.962962962962963,BULLISH,0.75
2025-11-11,-0.0014976696849773503,6,0.7217731048684906,-0.9519071310116085,-0.5081967213114754,0.6923076923076923,1.0,-0.962962962962963,BULLISH,0.75
2025-11-12,-0.018893206454095184,6,0.5825969256654964,-0.9171041724233213,-0.5081967213114754,0.6923076923076923,1.0,-0.962962962962963,NEUTRAL,0.5
2025-11-13,-0.04565695679976186,6,0.4038052787924844,-0.8988950276243095,-0.5081967213114754,0.6923076923076923,1.0,-0.962962962962963,NEUTRAL,0.5
2025-11-14,-0.028560890833539316,6,0.5174562686169879,-0.9099696216514777,-0.5081967213114754,0.6923076923076923,1.0,-0.962962962962963,NEUTRAL,0.5
2025-11-17,-0.04465985404680345,6,0.41564162527841564,-0.9047487575924902,-0.5081967213114754,0.6923076923076923,1.0,-0.962962962962963,NEUTRAL,0.5
2025-11-18,-0.048842619331695016,6,0.39112335298458056,-0.9053270770080044,-0.5081967213114754,0.6923076923076923,1.0,-0.962962962962963,NEUTRAL,0.5
2025-11-19,-0.032755890731710424,6,0.49677580872438654,-0.9144591611479029,-0.5081967213114754,0.6923076923076923,1.0,-0.962962962962963,NEUTRAL,0.5
2025-11-20,-0.0800893538239628,6,0.1788675931609005,-0.880551724137931,-0.5081967213114754,0.6923076923076923,1.0,-0.962962962962963,NEUTRAL,0.5
2025-11-21,-0.10197020657675093,6,0.02913775747038838,-0.8621070049641477,-0.5081967213114754,0.6923076923076923,1.0,-0.962962962962963,NEUTRAL,0.5
2025-11-24,-0.09939638782296001,6,0.0462729481831079,-0.8637992831541219,-0.5081967213114754,0.6923076923076923,1.0,-0.962962962962963,NEUTRAL,0.5
2025-11-25,-0.10558079423056776,6,0.004518273992380362,-0.8591510474090409,-0.5081967213114754,0.6923076923076923,1.0,-0.962962962962963,NEUTRAL,0.5
2025-11-26,-0.09440893169882918,6,0.08288613944255019,-0.8704877376687792,-0.5081967213114754,0.6923076923076923,1.0,-0.962962962962963,NEUTRAL,0.5
2025-11-28,-0.0991957971822764,6,0.04896646507143476,-0.8652892561983472,-0.5081967213114754,0.6923076923076923,1.0,-0.962962962962963,NEUTRAL,0.5
2025-12-01,-0.11227044176826755,6,-0.03137214583646952,-0.8633985128063895,-0.5081967213114754,0.6923076923076923,1.0,-0.962962962962963,NEUTRAL,0.5
2025-12-02,-0.10406156038926288,6,0.018469413772137955,-0.8639867841409692,-0.5081967213114754,0.6923076923076923,1.0,-0.962962962962963,NEUTRAL,0.5
2025-12-03,-0.09720753106116835,6,0.07091646703656518,-0.875309661436829,-0.5081967213114754,0.6923076923076923,1.0,-0.962962962962963,NEUTRAL,0.5
2025-12-04,-0.08348987037352533,6,0.16894193868541807,-0.891029168959824,-0.5081967213114754,0.6923076923076923,1.0,-0.962962962962963,NEUTRAL,0.5
2025-12-05,-0.07479656596254299,6,0.22745911613646785,-0.8973865199449795,-0.5081967213114754,0.6923076923076923,1.0,-0.962962962962963,NEUTRAL,0.5
2025-12-08,-0.07652188949125893,6,0.22483616657034755,-0.9051155115511551,-0.5081967213114754,0.6923076923076923,1.0,-0.962962962962963,NEUTRAL,0.5
2025-12-09,-0.0752549873945038,6,0.23383842723678705,-0.9065163596370636,-0.5081967213114754,0.6923076923076923,1.0,-0.962962962962963,NEUTRAL,0.5
2025-12-10,-0.07729303842009767,6,0.22548408580020096,-0.9103903243540408,-0.5081967213114754,0.6923076923076923,1.0,-0.962962962962963,NEUTRAL,0.5
2025-12-11,0.15586657353458144,6,-0.17237685169444328,-0.7859302006045616,1.0,0.8571428571428572,1.0,-0.9636363636363636,BULLISH,0.75
2025-12-12,0.1588146736306587,6,-0.17660746271155237,-0.764010989010989,1.0,0.8571428571428572,1.0,-0.9636363636363636,BULLISH,0.75
2025-12-15,0.14281800813524467,6,-0.28955093027591006,-0.7470475144191155,1.0,0.8571428571428572,1.0,-0.9636363636363636,BULLISH,0.75
2025-12-16,0.15822406359333904,6,-0.18496386922268138,-0.759198242723778,1.0,0.8571428571428572,1.0,-0.9636363636363636,BULLISH,0.75
2025-12-17,0.15683955415382764,6,-0.2255957126406236,-0.7268734559429042,1.0,0.8571428571428572,1.0,-0.9636363636363636,BULLISH,0.75
2025-12-18,0.15981902146247232,6,-0.20380202444625906,-0.7307903402854006,1.0,0.8571428571428572,1.0,-0.9636363636363636,BULLISH,0.75
2025-12-19,0.1665534360150859,6,-0.12601029442558032,-0.7681755829903978,1.0,0.8571428571428572,1.0,-0.9636363636363636,BULLISH,0.75
2025-12-22,0.16226114551148874,6,-0.13524406366301367,-0.7846955567745475,1.0,0.8571428571428572,1.0,-0.9636363636363636,BULLISH,0.75
2025-12-23,0.13248843151324263,6,-0.3225956466809452,-0.7759802577460926,1.0,0.8571428571428572,1.0,-0.9636363636363636,BULLISH,0.75
2025-12-24,0.13447009802008558,6,-0.3054359053859801,-0.78125,1.0,0.8571428571428572,1.0,-0.9636363636363636,BULLISH,0.75
2025-12-26,0.12933437999904615,6,-0.3348200271597914,-0.7826801863524253,1.0,0.8571428571428572,1.0,-0.9636363636363636,BULLISH,0.75
2025-12-29,0.1368069867048849,6,-0.2975960801264994,-0.7750684931506848,1.0,0.8571428571428572,1.0,-0.9636363636363636,BULLISH,0.75
2025-12-30,0.13264259807189596,6,-0.31731675004909743,-0.7803341550260203,1.0,0.8571428571428572,1.0,-0.9636363636363636,BULLISH,0.75
2025-12-31,0.13497954430925418,6,-0.31117577748667513,-0.7724534501642935,1.0,0.8571428571428572,1.0,-0.9636363636363636,BULLISH,0.75
2026-01-02,0.13964593789588167,6,-0.28037764959684797,-0.7752532165343555,1.0,0.8571428571428572,1.0,-0.9636363636363636,BULLISH,0.75
2026-01-05,0.15200743271767403,6,-0.21545204498370085,-0.7660098522167487,1.0,0.8571428571428572,1.0,-0.9636363636363636,BULLISH,0.75
2026-01-06,0.1610781806791162,6,-0.15822755991059256,-0.7688098495212039,1.0,0.8571428571428572,1.0,-0.9636363636363636,BULLISH,0.75
2026-01-07,0.16299916463096265,6,-0.14992069609270908,-0.7655908096280086,1.0,0.8571428571428572,1.0,-0.9636363636363636,BULLISH,0.75
2026-01-08,0.16553859503589216,6,-0.14309690852493895,-0.7571780147662017,1.0,0.8571428571428572,1.0,-0.9636363636363636,BULLISH,0.75
2026-01-09,0.17190075896189094,6,-0.0767000807958369,-0.785401858939311,1.0,0.8571428571428572,1.0,-0.9636363636363636,BULLISH,0.75
2026-01-12,0.17543682908929956,6,-0.029188333947466005,-0.8116971850232304,1.0,0.8571428571428572,1.0,-0.9636363636363636,STRONG_BULLISH,1.0
2026-01-13,0.16309901767176027,6,-0.11299981916992097,-0.8019125683060109,1.0,0.8571428571428572,1.0,-0.9636363636363636,BULLISH,0.75
2026-01-14,0.14736936357255628,6,-0.24283305995424787,-0.766457252116908,1.0,0.8571428571428572,1.0,-0.9636363636363636,BULLISH,0.75
2026-01-15,0.13045094046021444,6,-0.3552028168839291,-0.755598033861278,1.0,0.8571428571428572,1.0,-0.9636363636363636,BULLISH,0.75
2026-01-16,0.13306812110521948,6,-0.33533800711541695,-0.7597597597597598,1.0,0.8571428571428572,1.0,-0.9636363636363636,BULLISH,0.75
2026-01-20,0.11195486946316309,6,-0.5007074077318818,-0.7210698689956332,1.0,0.8571428571428572,1.0,-0.9636363636363636,BULLISH,0.75
2026-01-21,0.11350067552808336,6,-0.5115474608018404,-0.7009549795361529,1.0,0.8571428571428572,1.0,-0.9636363636363636,BULLISH,0.75
2026-01-22,0.10963368750585982,6,-0.5191195348652244,-0.7165848336061102,1.0,0.8571428571428572,1.0,-0.9636363636363636,BULLISH,0.75
2026-01-23,0.09681405344232301,6,-0.599777885969545,-0.7128442868830107,1.0,0.8571428571428572,1.0,-0.9636363636363636,BULLISH,0.75
2026-01-26,0.08466052741848847,6,-0.6562630672725529,-0.7292802617230099,1.0,0.8571428571428572,1.0,-0.9636363636363636,BULLISH,0.75
2026-01-27,0.09715040350880226,6,-0.6052347620148684,-0.7053693104388117,1.0,0.8571428571428572,1.0,-0.9636363636363636,BULLISH,0.75
2026-01-28,0.154974908362287,6,-0.27074151199762175,-0.6929155313351498,1.0,0.8571428571428572,1.0,-0.9636363636363636,BULLISH,0.75
2026-01-29,0.13933255090966615,6,-0.38276316298720525,-0.6747480250612914,1.0,0.8571428571428572,1.0,-0.9636363636363636,BULLISH,0.75
2026-01-30,0.15169960076230884,6,-0.3359777342485447,-0.6473311546840959,1.0,0.8571428571428572,1.0,-0.9636363636363636,BULLISH,0.75
2026-02-02,0.13464078154305092,6,-0.46981644623021934,-0.6158453580179688,1.0,0.8571428571428572,1.0,-0.9636363636363636,BULLISH,0.75
2026-02-03,0.1418023179143181,6,-0.4596767994119839,-0.583015786608601,1.0,0.8571428571428572,1.0,-0.9636363636363636,BULLISH,0.75
2026-02-04,0.1488040342232889,6,-0.47088636979941323,-0.5297959183673471,1.0,0.8571428571428572,1.0,-0.9636363636363636,BULLISH,0.75
2026-02-05,0.16281786567889192,6,-0.4549562091175817,-0.4616430903155604,1.0,0.8571428571428572,1.0,-0.9636363636363636,BULLISH,0.75
2026-02-06,0.14779411402061193,6,-0.5019824947241329,-0.5047593146586891,1.0,0.8571428571428572,1.0,-0.9636363636363636,BULLISH,0.75
2026-02-09,0.12440975949843096,6,-0.5518875232478273,-0.5951604132680806,1.0,0.8571428571428572,1.0,-0.9636363636363636,BULLISH,0.75
2026-02-10,0.13453684876302355,6,-0.47198803751438123,-0.614297363413971,1.0,0.8571428571428572,1.0,-0.9636363636363636,BULLISH,0.75
2026-02-11,0.13848983461360087,6,-0.4652848771292363,-0.5972826086956522,1.0,0.8571428571428572,1.0,-0.9636363636363636,BULLISH,0.75
2026-02-12,0.13868658153136237,6,-0.46752664028680624,-0.5938603640315132,1.0,0.8571428571428572,1.0,-0.9636363636363636,BULLISH,0.75
2026-02-13,0.13006197747430115,6,-0.496350272332604,-0.6167843563280826,1.0,0.8571428571428572,1.0,-0.9636363636363636,BULLISH,0.75
2026-02-17,0.12502458265091934,6,-0.5671982590726037,-0.5761607385283738,1.0,0.8571428571428572,1.0,-0.9636363636363636,BULLISH,0.75
2026-02-18,0.12499294843601376,6,-0.5520721470815078,-0.5914766558089033,1.0,0.8571428571428572,1.0,-0.9636363636363636,BULLISH,0.75
2026-02-19,0.08836815708881658,6,-0.7695390706479497,-0.5937584803256444,1.0,0.8571428571428572,1.0,-0.9636363636363636,BULLISH,0.75
2026-02-20,0.08645420937338433,6,-0.8384274662406856,-0.536353771025502,1.0,0.8571428571428572,1.0,-0.9636363636363636,BULLISH,0.75
2026-02-23,0.1091239615701114,6,-0.7475774786288143,-0.4911852454570109,1.0,0.8571428571428572,1.0,-0.9636363636363636,BULLISH,0.75
2026-02-24,0.12044434507284345,6,-0.6499618981236628,-0.5208785249457701,1.0,0.8571428571428572,1.0,-0.9636363636363636,BULLISH,0.75
2026-02-25,0.12527659793869714,6,-0.606742541547935,-0.5351043643263758,1.0,0.8571428571428572,1.0,-0.9636363636363636,BULLISH,0.75
2026-02-26,0.1087348397327134,6,-0.6871679158148203,-0.5539295392953929,1.0,0.8571428571428572,1.0,-0.9636363636363636,BULLISH,0.75
2026-02-27,0.10164278606736554,6,-0.7675294844986698,-0.5161202926036306,1.0,0.8571428571428572,1.0,-0.9636363636363636,BULLISH,0.75
2026-03-02,0.10577137378782624,6,-0.7112076115596013,-0.5476706392199349,1.0,0.8571428571428572,1.0,-0.9636363636363636,BULLISH,0.75
2026-03-03,0.09377596996317317,6,-0.7857653772205495,-0.5450852965069051,1.0,0.8571428571428572,1.0,-0.9636363636363636,BULLISH,0.75
2026-03-04,0.08970210324120424,6,-0.7892408150446499,-0.5660530590146182,1.0,0.8571428571428572,1.0,-0.9636363636363636,BULLISH,0.75
2026-03-05,0.0851294856602182,6,-0.8000502831987704,-0.582679296346414,1.0,0.8571428571428572,1.0,-0.9636363636363636,BULLISH,0.75
2026-03-06,0.07158886011464198,6,-0.8944387007840097,-0.5695346320346322,1.0,0.8571428571428572,1.0,-0.9636363636363636,BULLISH,0.75
2026-03-09,0.07262074628543895,6,-0.8978685724614281,-0.5599134433324318,1.0,0.8571428571428572,1.0,-0.9636363636363636,BULLISH,0.75
2026-03-10,0.07794846079132715,6,-0.8790336844102342,-0.5467820443482965,1.0,0.8571428571428572,1.0,-0.9636363636363636,BULLISH,0.75
2026-03-11,0.031283065341818926,6,-0.650008710254729,-0.5736685590700188,0.5238095238095237,1.0,0.8518518518518519,-0.9642857142857143,BULLISH,0.75
2026-03-12,0.057571911889228854,6,-0.5194577035538017,-0.5464864864864865,0.5238095238095237,1.0,0.8518518518518519,-0.9642857142857143,BULLISH,0.75
2026-03-13,0.036439756887009046,6,-0.6744988060844095,-0.5182383139691975,0.5238095238095237,1.0,0.8518518518518519,-0.9642857142857143,BULLISH,0.75
2026-03-16,0.042213535456268846,6,-0.6335131412366435,-0.5245813074014047,0.5238095238095237,1.0,0.8518518518518519,-0.9642857142857143,BULLISH,0.75
2026-03-17,0.048904617068355784,6,-0.6040403165134606,-0.5139076424520659,0.5238095238095237,1.0,0.8518518518518519,-0.9642857142857143,BULLISH,0.75
2026-03-18,0.023834091957522157,6,-0.7681011312288003,-0.5002699784017279,0.5238095238095237,1.0,0.8518518518518519,-0.9642857142857143,BULLISH,0.75
2026-03-19,0.03719548302953355,6,-0.6667452733199176,-0.5214574898785425,0.5238095238095237,1.0,0.8518518518518519,-0.9642857142857143,BULLISH,0.75
2026-03-20,0.037878724261293774,6,-0.7073089283281362,-0.47679438747976244,0.5238095238095237,1.0,0.8518518518518519,-0.9642857142857143,BULLISH,0.75
2026-03-23,0.014101404843278173,6,-0.8161117157257576,-0.5106555165902347,0.5238095238095237,1.0,0.8518518518518519,-0.9642857142857143,BULLISH,0.75
2026-03-24,0.013437576480197,6,-0.8722820255797004,-0.4584681769147789,0.5238095238095237,1.0,0.8518518518518519,-0.9642857142857143,BULLISH,0.75
2026-03-25,0.01776256239907061,6,-0.8548137677038044,-0.4499865192774333,0.5238095238095237,1.0,0.8518518518518519,-0.9642857142857143,BULLISH,0.75
2026-03-26,0.023950131609338694,6,-0.8331735240107343,-0.4345013477088948,0.5238095238095237,1.0,0.8518518518518519,-0.9642857142857143,BULLISH,0.75
2026-03-27,0.04381320353877995,6,-0.7329750173458918,-0.4155214227970898,0.5238095238095237,1.0,0.8518518518518519,-0.9642857142857143,BULLISH,0.75
2026-03-30,0.03745062112903321,6,-0.7758421932221515,-0.4108297413793105,0.5238095238095237,1.0,0.8518518518518519,-0.9642857142857143,BULLISH,0.75
2026-03-31,0.052894858665624434,6,-0.6345397708955156,-0.4594667384863991,0.5238095238095237,1.0,0.8518518518518519,-0.9642857142857143,BULLISH,0.75
2026-04-01,0.0573226627995333,6,-0.6220977351977399,-0.4453419493807216,0.5238095238095237,1.0,0.8518518518518519,-0.9642857142857143,BULLISH,0.75
2026-04-02,0.059808806259050364,6,-0.6005712760420858,-0.45195154777927327,0.5238095238095237,1.0,0.8518518518518519,-0.9642857142857143,BULLISH,0.75
2026-04-06,0.055756854520910414,6,-0.6303867409240416,-0.44644779332615725,0.5238095238095237,1.0,0.8518518518518519,-0.9642857142857143,BULLISH,0.75
2026-04-07,0.07763071055153431,6,-0.5111012178135634,-0.434490180252892,0.5238095238095237,1.0,0.8518518518518519,-0.9642857142857143,BULLISH,0.75
2026-04-08,0.09745075528996062,6,-0.38799442172842047,-0.43867670790747715,0.5238095238095237,1.0,0.8518518518518519,-0.9642857142857143,BULLISH,0.75
2026-04-09,0.10092697978117048,6,-0.40194177408417486,-0.4038720086044636,0.5238095238095237,1.0,0.8518518518518519,-0.9642857142857143,BULLISH,0.75
2026-04-10,0.13385423461633036,6,-0.20314272679595857,-0.40510752688172036,0.5238095238095237,1.0,0.8518518518518519,-0.9642857142857143,BULLISH,0.75
2026-04-13,0.07201567400835641,6,-0.4557664332352245,-0.5235151840902983,0.5238095238095237,1.0,0.8518518518518519,-0.9642857142857143,BULLISH,0.75
2026-04-14,0.06883858384365384,6,-0.42392180474039043,-0.5744223535733477,0.5238095238095237,1.0,0.8518518518518519,-0.9642857142857143,BULLISH,0.75
2026-04-15,0.06738903555805552,6,-0.3884542871355744,-0.6185871608917539,0.5238095238095237,1.0,0.8518518518518519,-0.9642857142857143,BULLISH,0.75
2026-04-16,0.049601465059384175,6,-0.43224162934373866,-0.6815252416756175,0.5238095238095237,1.0,0.8518518518518519,-0.9642857142857143,BULLISH,0.75
2026-04-17,0.05048003792939887,6,-0.44997194386638206,-0.658523489932886,0.5238095238095237,1.0,0.8518518518518519,-0.9642857142857143,BULLISH,0.75
2026-04-20,0.06541014558289598,6,-0.34204951681011586,-0.6768652710681695,0.5238095238095237,1.0,0.8518518518518519,-0.9642857142857143,BULLISH,0.75
2026-04-21,0.05311733192123833,6,-0.39720614798077747,-0.6954655218674537,0.5238095238095237,1.0,0.8518518518518519,-0.9642857142857143,BULLISH,0.75
2026-04-22,0.0824437715320922,6,-0.1986336330414772,-0.7180793991416308,0.5238095238095237,1.0,0.8518518518518519,-0.9642857142857143,BULLISH,0.75
2026-04-23,0.05355853406694161,6,-0.4228214534878224,-0.6672030034861893,0.5238095238095237,1.0,0.8518518518518519,-0.9642857142857143,BULLISH,0.75
2026-04-24,0.043038963015735565,6,-0.5075654757745457,-0.6455764075067023,0.5238095238095237,1.0,0.8518518518518519,-0.9642857142857143,BULLISH,0.75
2026-04-27,0.016189853505474472,6,-0.6725855084478802,-0.6416510318949342,0.5238095238095237,1.0,0.8518518518518519,-0.9642857142857143,BULLISH,0.75
2026-04-28,0.012111152136347522,6,-0.7476047828555397,-0.5911039657020365,0.5238095238095237,1.0,0.8518518518518519,-0.9642857142857143,BULLISH,0.75
2026-04-29,0.00925948679725691,6,-0.7790708166703412,-0.5767479239217788,0.5238095238095237,1.0,0.8518518518518519,-0.9642857142857143,BULLISH,0.75
2026-04-30,0.03112285089343782,6,-0.6659883149866466,-0.5586502410283878,0.5238095238095237,1.0,0.8518518518518519,-0.9642857142857143,BULLISH,0.75
2026-05-01,0.015861526929034142,6,-0.6843457233623669,-0.6318607764390896,0.5238095238095237,1.0,0.8518518518518519,-0.9642857142857143,BULLISH,0.75
2026-05-04,-0.0001278957853259969,6,-0.7218325435822641,-0.6903104925053531,0.5238095238095237,1.0,0.8518518518518519,-0.9642857142857143,BULLISH,0.75
2026-05-05,-0.011241664116447095,6,-0.767827519234633,-0.710998126839711,0.5238095238095237,1.0,0.8518518518518519,-0.9642857142857143,NEUTRAL,0.5
2026-05-06,-0.010039640140780015,6,-0.7332507413856705,-0.738362760834671,0.5238095238095237,1.0,0.8518518518518519,-0.9642857142857143,NEUTRAL,0.5
2026-05-07,-0.0056321151290856615,6,-0.7056658113638687,-0.7395025407863065,0.5238095238095237,1.0,0.8518518518518519,-0.9642857142857143,BULLISH,0.75
2026-05-08,-0.01364674702083655,6,-0.7507427745167232,-0.7425133689839574,0.5238095238095237,1.0,0.8518518518518519,-0.9642857142857143,NEUTRAL,0.5
2026-05-11,-0.016277366138784555,6,-0.7723384414748748,-0.7367014167334938,0.5238095238095237,1.0,0.8518518518518519,-0.9642857142857143,NEUTRAL,0.5
2026-05-12,0.013594501052932417,6,-0.6157520008624493,-0.7140566541956175,0.5238095238095237,1.0,0.8518518518518519,-0.9642857142857143,BULLISH,0.75
2026-05-13,0.01503950261477699,6,-0.5981891399429438,-0.7229495057440556,0.5238095238095237,1.0,0.8518518518518519,-0.9642857142857143,BULLISH,0.75
2026-05-14,0.022959072005950026,6,-0.5319011438698755,-0.7417200854700856,0.5238095238095237,1.0,0.8518518518518519,-0.9642857142857143,BULLISH,0.75
2026-05-15,0.03962485118151269,6,-0.44091627391275345,-0.7327102803738317,0.5238095238095237,1.0,0.8518518518518519,-0.9642857142857143,BULLISH,0.75
2026-05-18,0.038400253049709676,6,-0.46874776827761655,-0.7122263747997866,0.5238095238095237,1.0,0.8518518518518519,-0.9642857142857143,BULLISH,0.75
2026-05-19,0.041404970086176364,6,-0.4709255579656222,-0.6920202828929809,0.5238095238095237,1.0,0.8518518518518519,-0.9642857142857143,BULLISH,0.75
2026-05-20,0.05129221485779454,6,-0.38617306593220235,-0.7174493062966916,0.5238095238095237,1.0,0.8518518518518519,-0.9642857142857143,BULLISH,0.75
2026-05-21,0.0628727454995483,6,-0.3118132347907483,-0.7223259535876232,0.5238095238095237,1.0,0.8518518518518519,-0.9642857142857143,BULLISH,0.75
2026-05-22,0.05099425180155002,6,-0.37607681723302777,-0.7293333333333334,0.5238095238095237,1.0,0.8518518518518519,-0.9642857142857143,BULLISH,0.75
2026-05-26,0.04522553116680208,6,-0.40688464446282524,-0.7331378299120235,0.5238095238095237,1.0,0.8518518518518519,-0.9642857142857143,BULLISH,0.75
2026-05-27,0.04651282942466175,6,-0.4065524161709744,-0.7257462686567164,0.5238095238095237,1.0,0.8518518518518519,-0.9642857142857143,BULLISH,0.75
2026-05-28,0.03109681604111734,6,-0.45794158100958615,-0.7668531841193711,0.5238095238095237,1.0,0.8518518518518519,-0.9642857142857143,BULLISH,0.75
2026-05-29,0.07834591452922358,6,-0.10565819231433127,-0.8356419818859884,0.5238095238095237,1.0,0.8518518518518519,-0.9642857142857143,BULLISH,0.75
2026-06-01,0.10664096579213035,6,0.09451540634649502,-0.8660452729693742,0.5238095238095237,1.0,0.8518518518518519,-0.9642857142857143,BULLISH,0.75
2026-06-02,0.12021044585104995,6,0.17170809999261927,-0.8618210862619808,0.5238095238095237,1.0,0.8518518518518519,-0.9642857142857143,BULLISH,0.75
2026-06-03,0.11793811361043861,6,0.13841431919567415,-0.8421612989087037,0.5238095238095237,1.0,0.8518518518518519,-0.9642857142857143,BULLISH,0.75
2026-06-04,0.1335823834651206,6,0.240571007696063,-0.8504523682810006,0.5238095238095237,1.0,0.8518518518518519,-0.9642857142857143,BULLISH,0.75
2026-06-05,0.10046649968831121,6,-0.00011696651794079749,-0.8084596967278532,0.5238095238095237,1.0,0.8518518518518519,-0.9642857142857143,BULLISH,0.75
2026-06-08,0.09219278505978633,6,-0.057952993570134836,-0.8002659574468085,0.5238095238095237,1.0,0.8518518518518519,-0.9642857142857143,BULLISH,0.75
2026-06-09,0.07448219957444063,6,-0.19341094039804152,-0.771071523530976,0.5238095238095237,1.0,0.8518518518518519,-0.9642857142857143,BULLISH,0.75
2026-06-10,0.05529899592220242,6,-0.32492990487487616,-0.7546517809675706,0.5238095238095237,1.0,0.8518518518518519,-0.9642857142857143,BULLISH,0.75
2026-06-11,0.07026198726565668,6,-0.5751330455456242,-0.6308796173266011,0.59375,1.0,0.9285714285714286,-0.8947368421052632,BULLISH,0.75
2026-06-12,0.07975140856711029,6,-0.5180984517478819,-0.6309776833156218,0.59375,1.0,0.9285714285714286,-0.8947368421052632,BULLISH,0.75
2026-06-15,0.045932916915617274,6,-0.6630096613336837,-0.6889774236387782,0.59375,1.0,0.9285714285714286,-0.8947368421052632,BULLISH,0.75
2026-06-16,0.026989368916615946,6,-0.8012829985639207,-0.6643653744025491,0.59375,1.0,0.9285714285714286,-0.8947368421052632,BULLISH,0.75
2026-06-17,0.027489506092968647,6,-0.8374816353875145,-0.625165914520839,0.59375,1.0,0.9285714285714286,-0.8947368421052632,BULLISH,0.75
2026-06-18,0.025489392833793645,6,-0.8424826243678623,-0.6321656050955413,0.59375,1.0,0.9285714285714286,-0.8947368421052632,BULLISH,0.75
2026-06-22,0.0333789221296506,6,-0.8661542481695566,-0.5611568055187053,0.59375,1.0,0.9285714285714286,-0.8947368421052632,BULLISH,0.75
2026-06-23,0.04636353521142524,6,-0.8570956828899218,-0.49230769230769234,0.59375,1.0,0.9285714285714286,-0.8947368421052632,BULLISH,0.75
2026-06-24,0.05626391064551167,6,-0.8598764872178633,-0.43012463537523216,0.59375,1.0,0.9285714285714286,-0.8947368421052632,BULLISH,0.75
2026-06-25,0.0542209567829681,6,-0.8963733738701597,-0.40588547189819724,0.59375,1.0,0.9285714285714286,-0.8947368421052632,BULLISH,0.75
2026-06-26,0.05975653614572805,6,-0.8879162945851711,-0.3811290750066261,0.59375,1.0,0.9285714285714286,-0.8947368421052632,BULLISH,0.75
2026-06-29,0.07048921369323512,6,-0.8275957801944069,-0.3770535241123478,0.59375,1.0,0.9285714285714286,-0.8947368421052632,BULLISH,0.75
2026-06-30,0.11140150691164276,6,-0.5896391211552493,-0.36953642384105967,0.59375,1.0,0.9285714285714286,-0.8947368421052632,BULLISH,0.75
2026-07-01,0.13508973121056064,6,-0.46164365682992026,-0.35540254237288127,0.59375,1.0,0.9285714285714286,-0.8947368421052632,BULLISH,0.75
2026-07-02,0.13059084589920958,6,-0.49587959579423313,-0.3481599152766748,0.59375,1.0,0.9285714285714286,-0.8947368421052632,BULLISH,0.75
2026-07-06,0.08548777505285977,6,-0.7538850404369899,-0.36077289571201687,0.59375,1.0,0.9285714285714286,-0.8947368421052632,BULLISH,0.75
2026-07-07,0.08468283535466864,6,-0.7672779950843827,-0.35220957925377094,0.59375,1.0,0.9285714285714286,-0.8947368421052632,BULLISH,0.75
2026-07-08,0.06787038564839733,6,-0.8719495741630829,-0.3484126984126985,0.59375,1.0,0.9285714285714286,-0.8947368421052632,BULLISH,0.75
2026-07-09,0.0628422624655506,6,-0.8876640452618597,-0.36286696641100225,0.59375,1.0,0.9285714285714286,-0.8947368421052632,BULLISH,0.75
2026-07-10,0.06045365399911009,6,-0.9161053911864705,-0.3487572712850344,0.59375,1.0,0.9285714285714286,-0.8947368421052632,BULLISH,0.75
2026-07-13,0.06510977146889706,6,-0.9419219925457253,-0.29500396510705773,0.59375,1.0,0.9285714285714286,-0.8947368421052632,BULLISH,0.75
2026-07-14,0.06457469150656324,6,-0.9790370716762575,-0.2610993657505285,0.59375,1.0,0.9285714285714286,-0.8947368421052632,BULLISH,0.75
2026-07-15,0.058720643561106345,6,-0.9711656128141904,-0.3040951122853368,0.59375,1.0,0.9285714285714286,-0.8947368421052632,BULLISH,0.75
2026-07-16,0.07276591641103224,6,-0.9667418613755665,-0.22424722662440555,0.59375,1.0,0.9285714285714286,-0.8947368421052632,BULLISH,0.75
2026-07-17,0.0662188799967835,6,-0.9846943326275295,-0.24557697385793498,0.59375,1.0,0.9285714285714286,-0.8947368421052632,BULLISH,0.75
2026-07-20,0.07432431211542524,6,-0.9918287876912486,-0.18980992608236535,0.59375,1.0,0.9285714285714286,-0.8947368421052632,BULLISH,0.75
2026-07-21,0.0648312979540858,6,-0.9857596385410698,-0.2528371602005808,0.59375,1.0,0.9285714285714286,-0.8947368421052632,BULLISH,0.75
2026-07-22,0.06635545165363398,6,-0.9888186311617758,-0.24063324538258568,0.59375,1.0,0.9285714285714286,-0.8947368421052632,BULLISH,0.75
2026-07-23,0.07559029037018326,6,-0.9941430816494449,-0.17989976259562113,0.59375,1.0,0.9285714285714286,-0.8947368421052632,BULLISH,0.75
2026-07-24,0.08775508728325034,6,-0.9984696745810092,-0.10258438818565407,0.59375,1.0,0.9285714285714286,-0.8947368421052632,BULLISH,0.75
2026-07-27,0.07526854124671517,6,-0.9972230094314322,-0.17875032955444237,0.59375,1.0,0.9285714285714286,-0.8947368421052632,BULLISH,0.75
2026-07-28,0.07518650300003654,6,-0.9969716306694254,-0.17949393779652079,0.59375,1.0,0.9285714285714286,-0.8947368421052632,BULLISH,0.75
2026-07-29,0.07897881698576391,6,-0.9979804592551395,-0.15573122529644268,0.59375,1.0,0.9285714285714286,-0.8947368421052632,BULLISH,0.75
2026-07-30,0.06341598978179232,6,-0.9886587215372662,-0.2584299262381453,0.59375,1.0,0.9285714285714286,-0.8947368421052632,BULLISH,0.75
2026-07-31,0.06032747709604316,6,-0.9851351307900909,-0.28048459309981566,0.59375,1.0,0.9285714285714286,-0.8947368421052632,BULLISH,0.75
2026-08-03,0.04904973680734217,6,-0.9778359286552878,-0.35545023696682465,0.59375,1.0,0.9285714285714286,-0.8947368421052632,BULLISH,0.75
2026-08-04,0.04740083118523939,6,-0.9722925238085327,-0.3708870755461964,0.59375,1.0,0.9285714285714286,-0.8947368421052632,BULLISH,0.75
2026-08-05,0.047990705803828526,6,-0.9730614042747731,-0.3665789473684211,0.59375,1.0,0.9285714285714286,-0.8947368421052632,BULLISH,0.75
2026-08-06,0.04888395367324999,6,-0.9733232217010671,-0.3609576427255985,0.59375,1.0,0.9285714285714286,-0.8947368421052632,BULLISH,0.75
2026-08-07,0.04804070890138754,6,-0.9640115587285398,-0.37532877432930034,0.59375,1.0,0.9285714285714286,-0.8947368421052632,BULLISH,0.75
2026-08-10,0.04614306845219438,6,-0.9486751633943349,-0.40205101235866425,0.59375,1.0,0.9285714285714286,-0.8947368421052632,BULLISH,0.75
2026-08-11,0.04848416883139837,6,-0.9668057564430746,-0.36987381703470046,0.59375,1.0,0.9285714285714286,-0.8947368421052632,BULLISH,0.75
2026-08-12,0.04586127864335526,6,-0.9366481892446673,-0.41576872536136644,0.59375,1.0,0.9285714285714286,-0.8947368421052632,BULLISH,0.75
2026-08-13,0.047042605342570966,6,-0.9170578035962363,-0.4282711508145034,0.59375,1.0,0.9285714285714286,-0.8947368421052632,BULLISH,0.75
2026-08-14,0.04730717937357093,6,-0.9442143234635105,-0.39952718676122934,0.59375,1.0,0.9285714285714286,-0.8947368421052632,BULLISH,0.75
2026-08-17,0.049946999248914235,6,-0.9555286413928482,-0.37237394957983194,0.59375,1.0,0.9285714285714286,-0.8947368421052632,BULLISH,0.75
2026-08-18,0.0506622332025653,6,-0.967349701296455,-0.3562614859543187,0.59375,1.0,0.9285714285714286,-0.8947368421052632,BULLISH,0.75
2026-08-19,0.05102054434316652,6,-0.9605689319557228,-0.36089238845144367,0.59375,1.0,0.9285714285714286,-0.8947368421052632,BULLISH,0.75
2026-08-20,0.051892548931341896,6,-0.9638283482441595,-0.35240094463395444,0.59375,1.0,0.9285714285714286,-0.8947368421052632,BULLISH,0.75
2026-08-21,0.05147152908022381,6,-0.9470345305577502,-0.3717208814270725,0.59375,1.0,0.9285714285714286,-0.8947368421052632,BULLISH,0.75
2026-08-24,0.052329386770722984,6,-0.9606053809742693,-0.3530028848675584,0.59375,1.0,0.9285714285714286,-0.8947368421052632,BULLISH,0.75
2026-08-25,0.051789657558419265,6,-0.9508267145293888,-0.36601992658626115,0.59375,1.0,0.9285714285714286,-0.8947368421052632,BULLISH,0.75
2026-08-26,0.05160752319780983,6,-0.9305213607786511,-0.38741808650065535,0.59375,1.0,0.9285714285714286,-0.8947368421052632,BULLISH,0.75
2026-08-27,0.0513068738390404,6,-0.9122485845220698,-0.4074947589098532,0.59375,1.0,0.9285714285714286,-0.8947368421052632,BULLISH,0.75
2026-08-28,0.05228780126780543,6,-0.9122334665721963,-0.4016243122871366,0.59375,1.0,0.9285714285714286,-0.8947368421052632,BULLISH,0.75
2026-08-31,0.05331690441446111,6,-0.9195218189631598,-0.388161341016239,0.59375,1.0,0.9285714285714286,-0.8947368421052632,BULLISH,0.75
2026-09-01,0.05509975375109135,6,-0.9505602980523118,-0.34642576590730556,0.59375,1.0,0.9285714285714286,-0.8947368421052632,BULLISH,0.75
2026-09-02,0.05474567216835138,6,-0.9305241660215021,-0.36858638743455496,0.59375,1.0,0.9285714285714286,-0.8947368421052632,BULLISH,0.75
2026-09-03,0.054841889321462,6,-0.8779627192628577,-0.4205705312745356,0.59375,1.0,0.9285714285714286,-0.8947368421052632,BULLISH,0.75
2026-09-04,0.059398845349606134,6,-0.8271831417887275,-0.4440083725798012,0.59375,1.0,0.9285714285714286,-0.8947368421052632,BULLISH,0.75
2026-09-08,0.061909709312190954,6,-0.7771830922984867,-0.4789432382945331,0.59375,1.0,0.9285714285714286,-0.8947368421052632,BULLISH,0.75
2026-09-09,0.06240485388780783,6,-0.7834901911727914,-0.4696652719665271,0.59375,1.0,0.9285714285714286,-0.8947368421052632,BULLISH,0.75
2026-09-10,0.05564351725605023,6,-0.8796058358710407,-0.4141176470588235,0.59375,1.0,0.9285714285714286,-0.8947368421052632,BULLISH,0.75
2026-09-11,0.00782209631374022,6,-0.9034725102968596,-0.28619968635650817,0.7538461538461538,1.0,0.31034482758620685,-0.8275862068965517,BULLISH,0.75
2026-09-14,0.008402671905119471,6,-0.9327265011401065,-0.2534622419649857,0.7538461538461538,1.0,0.31034482758620685,-0.8275862068965517,BULLISH,0.75
2026-09-15,0.010595571451336069,6,-0.9507220459322859,-0.22230929989550674,0.7538461538461538,1.0,0.31034482758620685,-0.8275862068965517,BULLISH,0.75
2026-09-16,0.008904297145033546,6,-0.9397734027389951,-0.24340558892661268,0.7538461538461538,1.0,0.31034482758620685,-0.8275862068965517,BULLISH,0.75
2026-09-17,0.008876035799754064,6,-0.894575713784282,-0.28877284595300257,0.7538461538461538,1.0,0.31034482758620685,-0.8275862068965517,BULLISH,0.75
2026-09-18,0.008931776343757062,6,-0.9123276116442404,-0.27068650482902634,0.7538461538461538,1.0,0.31034482758620685,-0.8275862068965517,BULLISH,0.75
2026-09-21,0.00914129926229588,6,-0.9043561438889647,-0.277400835073069,0.7538461538461538,1.0,0.31034482758620685,-0.8275862068965517,BULLISH,0.75
2026-09-22,0.009536699527996387,6,-0.8981427302506902,-0.2812418471171405,0.7538461538461538,1.0,0.31034482758620685,-0.8275862068965517,BULLISH,0.75
2026-09-23,0.010177223469631033,6,-0.9246285490023213,-0.2509128847157016,0.7538461538461538,1.0,0.31034482758620685,-0.8275862068965517,BULLISH,0.75
2026-09-24,0.012621769278479337,6,-0.9480971054099134,-0.21277705345501952,0.7538461538461538,1.0,0.31034482758620685,-0.8275862068965517,BULLISH,0.75
2026-09-25,0.014857097059913837,6,-0.9550742881095896,-0.19238790406673623,0.7538461538461538,1.0,0.31034482758620685,-0.8275862068965517,BULLISH,0.75
2026-09-28,0.02233620020677642,6,-0.9657619282599668,-0.13682564503518369,0.7538461538461538,1.0,0.31034482758620685,-0.8275862068965517,BULLISH,0.75
2026-09-29,0.014982056977941879,6,-0.9455660022356408,-0.2011464304325168,0.7538461538461538,1.0,0.31034482758620685,-0.8275862068965517,BULLISH,0.75
2026-09-30,0.015781210515239636,6,-0.9470751045675804,-0.19484240687679089,0.7538461538461538,1.0,0.31034482758620685,-0.8275862068965517,BULLISH,0.75
